####
#
# OBJ File Generated by Meshlab
#
####
# Object horse6.obj
#
# Vertices: 3851
# Faces: 7698
#
####
vn 0.996274 0.019640 0.083978
v 0.199624 0.591216 0.184832
vn 0.991351 0.094743 0.090818
v 0.198515 0.603758 0.187489
vn 0.993959 -0.106661 0.025865
v 0.198548 0.566918 0.187785
vn 0.989892 -0.088843 0.110547
v 0.196420 0.564381 0.214980
vn 0.978192 -0.086274 0.188938
v 0.193979 0.544847 0.215567
vn 0.997062 0.073707 0.020827
v 0.197324 0.619760 0.188879
vn 0.994897 -0.078512 0.063366
v 0.197626 0.577768 0.218552
vn 0.959610 -0.043589 0.277936
v 0.190339 0.575304 0.260839
vn 0.991144 0.077858 0.107570
v 0.198159 0.623664 0.227225
vn 0.995765 -0.062199 0.067707
v 0.198368 0.597065 0.222522
vn 0.969382 -0.187538 0.158518
v 0.188633 0.547029 0.254277
vn 0.953299 -0.268132 0.139016
v 0.186021 0.532940 0.249263
vn 0.997375 0.063637 -0.034551
v 0.195794 0.638736 0.189723
vn 0.980613 0.195854 -0.006228
v 0.193764 0.657193 0.190462
vn 0.947353 0.236592 0.215747
v 0.193662 0.651517 0.229571
vn 0.952692 0.302169 0.032743
v 0.187684 0.680769 0.190040
vn 0.926275 0.102621 0.362607
v 0.188615 0.609714 0.265665
vn 0.949620 -0.269522 0.159938
v 0.184083 0.524189 0.244882
vn 0.925758 -0.274550 0.259988
v 0.180658 0.512818 0.242261
vn 0.995174 -0.005039 -0.097999
v 0.195420 0.375421 0.105038
vn 0.999093 0.001565 0.042548
v 0.196313 0.367698 0.130125
vn 0.981446 0.009291 0.191511
v 0.192471 0.358674 0.162615
vn 0.980867 -0.076475 0.179032
v 0.191090 0.328408 0.161763
vn 0.963162 -0.259414 0.070877
v 0.192546 0.528986 0.215716
vn 0.972419 0.044758 -0.228905
v 0.191678 0.382255 0.083121
vn 0.992299 0.100775 0.072019
v 0.194906 0.394908 0.131911
vn 0.991437 0.105125 -0.077472
v 0.194154 0.401714 0.107368
vn 0.973410 0.077614 0.215522
v 0.190073 0.394594 0.164717
vn 0.964648 0.152452 -0.214973
v 0.190618 0.408313 0.086729
vn 0.891194 0.213304 0.400344
v 0.180384 0.649662 0.268140
vn 0.896474 0.371731 0.241145
v 0.180286 0.684844 0.230808
vn 0.895155 0.438666 0.079183
v 0.176288 0.707398 0.187706
vn 0.941657 0.069848 -0.329246
v 0.185225 0.386439 0.061686
vn 0.931396 0.038470 0.361968
v 0.181076 0.391118 0.197144
vn 0.959847 0.219062 -0.175233
v 0.187718 0.427246 0.090852
vn 0.988312 0.129593 0.080285
v 0.189883 0.426211 0.136478
vn 0.936075 0.189988 -0.296089
v 0.184079 0.416457 0.067832
vn 0.907107 -0.148955 0.393662
v 0.178167 0.539434 0.285258
vn 0.913642 -0.299477 0.274903
v 0.175562 0.514671 0.278138
vn 0.884362 0.010614 0.466682
v 0.177801 0.574558 0.290940
vn 0.948124 -0.288625 -0.133252
v 0.184330 0.517877 0.188734
vn 0.991113 0.132694 -0.009289
v 0.183109 0.473453 0.151294
vn 0.983177 0.078395 0.164979
v 0.183598 0.449465 0.167767
vn 0.862377 -0.479014 0.163861
v 0.170449 0.503399 0.271993
vn 0.877055 0.145133 0.457942
v 0.172493 0.620327 0.294623
vn 0.903274 -0.358940 0.235071
v 0.177835 0.501428 0.239022
vn 0.915071 0.285604 -0.284739
v 0.181074 0.435034 0.074835
vn 0.982043 0.182417 -0.048126
v 0.188439 0.437109 0.113974
vn 0.941866 -0.335646 0.015158
v 0.183732 0.508309 0.211709
vn 0.946821 0.054892 0.317044
v 0.178438 0.422694 0.198361
vn 0.864819 -0.456390 0.209277
v 0.167321 0.497682 0.267577
vn 0.964064 0.007269 0.265572
v 0.176887 0.445579 0.199080
vn 0.990740 -0.002605 0.135747
v 0.181507 0.472992 0.174288
vn 0.943384 0.271290 -0.190862
v 0.181655 0.467708 0.118448
vn 0.907952 0.057424 -0.415122
v 0.174825 0.392982 0.036683
vn 0.891525 0.240317 -0.383967
v 0.174129 0.424675 0.044009
vn 0.988625 -0.139710 -0.055700
v 0.182304 0.509010 0.185747
vn 0.974599 -0.094138 -0.203213
v 0.178595 0.515662 0.159947
vn 0.956317 -0.278749 0.088068
v 0.181027 0.500299 0.210359
vn 0.911871 -0.327742 0.247138
v 0.171888 0.486238 0.237118
vn 0.969456 -0.076115 0.233158
v 0.176448 0.465537 0.201798
vn 0.989490 0.088601 -0.114278
v 0.180246 0.494957 0.157757
vn 0.998852 -0.010172 0.046802
v 0.180989 0.492638 0.180692
vn 0.962109 0.187263 -0.198191
v 0.175874 0.506892 0.144629
vn 0.981252 -0.135789 0.136768
v 0.177606 0.484640 0.206612
vn 0.879056 -0.007564 0.476658
v 0.167778 0.353702 0.227400
vn 0.937829 -0.207395 0.278323
v 0.168627 0.472774 0.233805
vn 0.877406 0.013689 0.479552
v 0.165898 0.404672 0.228338
vn 0.846882 0.488004 0.211288
v 0.166187 0.712218 0.231541
vn 0.849480 0.390261 0.355078
v 0.167540 0.686895 0.265026
vn 0.853002 0.275618 0.443195
v 0.165245 0.662383 0.294253
vn 0.856273 0.506877 0.099363
v 0.163722 0.730409 0.185372
vn 0.838044 -0.425061 0.342060
v 0.162489 0.485409 0.259704
vn 0.906790 -0.034843 0.420139
v 0.165740 0.433275 0.229630
vn 0.925911 -0.106466 0.362428
v 0.166928 0.455385 0.231131
vn 0.813816 -0.231475 0.533032
v 0.164475 0.519437 0.305014
vn 0.785240 -0.054730 0.616768
v 0.164615 0.551898 0.312937
vn 0.773354 0.054730 0.631608
v 0.159938 0.598282 0.317810
vn 0.911824 0.221530 -0.345690
v 0.165665 0.499517 0.103053
vn 0.936237 0.231330 -0.264475
v 0.172366 0.504044 0.127534
vn 0.844792 0.078126 -0.529361
v 0.161015 0.399400 0.011373
vn 0.808030 0.317500 -0.496268
v 0.160333 0.428741 0.018945
vn 0.771674 -0.477714 0.419890
v 0.159693 0.498676 0.295087
vn 0.969970 -0.117887 -0.212745
v 0.166311 0.511377 0.109560
vn 0.871434 -0.234867 0.430628
v 0.157216 0.464438 0.255907
vn 0.855425 0.371211 -0.361179
v 0.171992 0.440099 0.056397
vn 0.779851 0.190596 0.596243
v 0.154934 0.641723 0.317963
vn 0.791985 0.439585 -0.423704
v 0.158604 0.453506 0.042869
vn 0.739886 -0.604242 0.295736
v 0.152215 0.483917 0.284132
vn 0.789971 0.500534 0.354135
v 0.153374 0.712840 0.261818
vn 0.792707 0.428170 0.433919
v 0.152643 0.692922 0.290324
vn 0.816461 0.529712 0.229775
v 0.153175 0.735141 0.229782
vn 0.801944 -0.015239 0.597205
v 0.152543 0.340878 0.250011
vn 0.806894 -0.042692 0.589151
v 0.151927 0.396890 0.250129
vn 0.801422 0.596304 0.046300
v 0.151838 0.748752 0.181308
vn 0.881106 -0.001693 -0.472917
v 0.148565 0.495891 0.065984
vn 0.742499 0.304888 0.596439
v 0.148546 0.671522 0.315107
vn 0.714125 -0.488602 0.501292
v 0.140221 0.472178 0.286108
vn 0.672158 0.170053 -0.720615
v 0.143058 0.401558 -0.011639
vn 0.700270 0.379663 -0.604548
v 0.146053 0.435029 0.001953
vn 0.636158 -0.378592 0.672288
v 0.144870 0.508087 0.320830
vn 0.629586 -0.182052 0.755301
v 0.144526 0.538721 0.331931
vn 0.573846 -0.558971 0.598541
v 0.142521 0.492709 0.312045
vn 0.607033 0.012072 0.794585
v 0.140278 0.583215 0.337537
vn 0.818058 -0.159647 0.552534
v 0.154557 0.444934 0.253155
vn 0.650320 0.538118 -0.536202
v 0.144209 0.469785 0.036078
vn 0.593892 -0.666546 0.450566
v 0.139943 0.478965 0.298206
vn 0.608910 0.351812 -0.710954
v 0.142694 0.491456 0.053504
vn 0.623271 0.110619 0.774142
v 0.136494 0.626571 0.336793
vn 0.751472 -0.084484 0.654334
v 0.141855 0.412520 0.263854
vn 0.809269 0.587199 0.016781
v 0.142967 0.759556 0.176563
vn 0.701363 0.529130 0.477609
v 0.142011 0.709352 0.289795
vn 0.652524 0.487380 0.580235
v 0.139580 0.694957 0.309555
vn 0.569362 0.169839 0.804352
v 0.133523 0.653956 0.334752
vn 0.680310 -0.309761 0.664249
v 0.130239 0.456554 0.288031
vn 0.541092 0.439729 -0.716838
v 0.133253 0.441724 -0.005524
vn 0.695624 -0.149443 0.702691
v 0.129155 0.431096 0.280667
vn 0.802850 0.553825 0.220704
v 0.140577 0.757582 0.225002
vn 0.709821 0.567315 0.417501
v 0.136475 0.737857 0.262775
vn 0.551381 0.633838 0.542428
v 0.128424 0.725589 0.288313
vn 0.540539 0.316612 0.779471
v 0.128849 0.676273 0.331573
vn 0.467786 -0.147724 0.871409
v 0.116683 0.534798 0.350122
vn 0.470318 -0.416716 0.777913
v 0.119674 0.499215 0.333690
vn 0.512068 -0.525548 0.679401
v 0.112123 0.474183 0.316291
vn 0.558379 0.658993 0.503926
v 0.122718 0.750054 0.264832
vn 0.702850 0.659470 0.266648
v 0.131229 0.769377 0.224756
vn 0.772588 0.634845 0.008933
v 0.133169 0.773974 0.178358
vn 0.684425 -0.035639 0.728211
v 0.132427 0.388978 0.271428
vn 0.504105 0.621894 0.599271
v 0.120196 0.715830 0.308105
vn 0.449526 0.007273 0.893238
v 0.112742 0.579269 0.355206
vn 0.636769 -0.311301 0.705420
v 0.109109 0.454508 0.306832
vn 0.470766 0.461466 0.751950
v 0.120614 0.692167 0.328442
vn 0.622442 0.019796 0.782415
v 0.120583 0.321203 0.282194
vn 0.435140 0.684445 0.584969
v 0.111638 0.736203 0.290365
vn 0.377299 0.439183 -0.815330
v 0.118595 0.446656 -0.011740
vn 0.429859 0.101901 0.897127
v 0.110101 0.620303 0.353013
vn 0.611912 0.031580 0.790295
v 0.109959 0.311196 0.290160
vn 0.539490 0.766968 0.347434
v 0.121034 0.779035 0.224862
vn 0.665926 0.744571 0.046444
v 0.121501 0.786149 0.178065
vn 0.406455 0.722562 0.559195
v 0.108445 0.758258 0.267372
vn 0.388058 0.544183 0.743825
v 0.108455 0.706401 0.325463
vn 0.475083 0.581158 -0.660720
v 0.112988 0.460756 -0.003249
vn 0.354382 0.184266 0.916766
v 0.107572 0.644898 0.350568
vn 0.319013 0.285743 0.903649
v 0.104067 0.665221 0.347571
vn 0.671633 -0.076589 0.736915
v 0.102308 0.394351 0.295692
vn 0.523164 0.552372 -0.648987
v 0.124646 0.487013 0.036416
vn 0.308439 0.380384 0.871879
v 0.098140 0.681811 0.343689
vn 0.296881 0.753869 0.586126
v 0.086167 0.742691 0.298106
vn 0.534023 0.843472 0.058083
v 0.109354 0.795174 0.177743
vn 0.389386 0.845185 0.366116
v 0.107039 0.786999 0.226128
vn 0.315012 0.770117 0.554696
v 0.093362 0.763606 0.269248
vn 0.636785 0.004074 0.771031
v 0.103895 0.346062 0.293143
vn 0.338207 0.617806 0.709881
v 0.086733 0.718592 0.325457
vn 0.280327 0.447081 0.849432
v 0.089513 0.696582 0.339824
vn 0.407541 -0.442333 0.798907
v 0.078880 0.482421 0.343302
vn 0.329210 -0.384092 0.862609
v 0.084042 0.505271 0.356174
vn 0.345612 -0.182389 0.920482
v 0.083878 0.538440 0.365152
vn 0.316242 0.538844 -0.780793
v 0.093258 0.474294 -0.006224
vn 0.185238 0.448115 -0.874574
v 0.089036 0.459010 -0.014685
vn 0.641501 -0.041695 0.765988
v 0.093119 0.363412 0.304141
vn 0.468532 0.599960 -0.648480
v 0.091783 0.485022 0.003396
vn 0.384105 0.698464 0.603831
v 0.094187 0.730701 0.309520
vn 0.578219 -0.280864 0.766015
v 0.095930 0.459217 0.319429
vn 0.499070 -0.270961 0.823110
v 0.073414 0.464652 0.337027
vn 0.681550 -0.203141 0.703010
v 0.098419 0.423070 0.304839
vn 0.292815 0.032266 0.955625
v 0.081397 0.581590 0.367146
vn 0.593020 -0.010518 0.805119
v 0.088886 0.340147 0.306457
vn 0.524638 0.008325 0.851285
v 0.087272 0.312531 0.307841
vn 0.241867 0.874687 0.420027
v 0.093206 0.791661 0.228322
vn 0.330577 0.939576 0.088970
v 0.096715 0.801210 0.177716
vn 0.628089 -0.206688 0.750189
v 0.090274 0.440611 0.320455
vn 0.223849 0.791026 0.569359
v 0.079654 0.766533 0.270403
vn 0.230614 0.139350 0.963015
v 0.079710 0.620824 0.362754
vn 0.667057 -0.092096 0.739293
v 0.089487 0.392109 0.308926
vn 0.193363 0.203159 0.959863
v 0.077828 0.643403 0.359317
vn 0.647484 -0.178794 0.740809
v 0.085657 0.417764 0.316719
vn 0.188012 0.256366 0.948118
v 0.075171 0.661454 0.355265
vn 0.523768 -0.170730 0.834577
v 0.069599 0.440435 0.334542
vn 0.186467 0.309596 0.932406
v 0.070680 0.680056 0.350045
vn 0.483269 -0.068321 0.872802
v 0.065567 0.339902 0.321974
vn 0.541830 -0.085845 0.836093
v 0.068165 0.365146 0.322718
vn 0.556937 -0.134032 0.819669
v 0.068176 0.390080 0.325926
vn 0.117208 0.457778 -0.881307
v 0.070270 0.484765 -0.003788
vn 0.266498 0.802211 0.534263
v 0.060404 0.753333 0.294793
vn 0.275327 0.504498 -0.818338
v 0.067204 0.512589 0.008582
vn 0.488238 0.548258 -0.678997
v 0.066295 0.523098 0.018593
vn 0.415610 -0.054499 0.907909
v 0.062373 0.313322 0.322103
vn 0.535976 0.505734 -0.675990
v 0.077104 0.517956 0.024091
vn 0.245458 0.881407 0.403574
v 0.080742 0.793398 0.230276
vn 0.266513 0.956316 0.120131
v 0.074478 0.807757 0.181507
vn 0.208370 -0.229913 0.950643
v 0.047646 0.514651 0.367715
vn 0.274784 -0.339354 0.899629
v 0.047780 0.489520 0.359376
vn 0.184570 -0.079333 0.979612
v 0.048216 0.546209 0.374488
vn 0.153662 0.096944 0.983356
v 0.046921 0.586686 0.373075
vn 0.312994 0.806802 0.501104
v 0.041122 0.765773 0.287022
vn 0.240518 0.817320 0.523583
v 0.055779 0.755167 0.293808
vn 0.370878 0.699974 0.610317
v 0.044105 0.737023 0.327330
vn 0.364071 -0.295538 0.883238
v 0.046795 0.470116 0.352309
vn 0.121006 0.171242 0.977770
v 0.045413 0.623340 0.367897
vn 0.110475 0.222718 0.968603
v 0.042286 0.652253 0.362357
vn 0.195776 0.910983 0.363017
v 0.065672 0.796042 0.233548
vn 0.173095 0.976463 0.128676
v 0.059096 0.810262 0.186211
vn 0.209982 0.367371 0.906061
v 0.050669 0.708380 0.344866
vn 0.376639 -0.174700 0.909738
v 0.045583 0.450542 0.348675
vn 0.059052 0.355686 -0.932738
v 0.040629 0.515240 0.008075
vn 0.355568 -0.150475 0.922458
v 0.045445 0.404473 0.341480
vn 0.381375 -0.120295 0.916560
v 0.042969 0.343102 0.332953
vn 0.183825 0.372081 -0.909816
v 0.046384 0.530019 0.013913
vn 0.326378 0.366805 -0.871167
v 0.043956 0.547731 0.018904
vn 0.310710 0.547319 0.777111
v 0.059133 0.717674 0.337415
vn 0.221654 0.031370 -0.974621
v 0.041635 0.560331 0.022998
vn 0.136184 0.272289 0.952530
v 0.041638 0.675346 0.356207
vn 0.313359 -0.106600 0.943633
v 0.038825 0.315082 0.330641
vn -0.341827 -0.501051 -0.795048
v 0.044392 0.563965 0.020541
vn 0.434589 0.769650 0.467729
v 0.039230 0.754265 0.307419
vn 0.050596 0.981354 0.185428
v 0.044687 0.811652 0.190415
vn 0.120827 0.898040 0.422996
v 0.043194 0.797791 0.237467
vn 0.341521 0.469701 0.814091
v 0.021941 0.742837 0.335752
vn 0.221189 -0.268574 0.937520
v 0.022419 0.473873 0.361252
vn 0.195955 -0.292354 0.936018
v 0.022378 0.494116 0.368366
vn 0.182984 -0.190161 0.964549
v 0.021216 0.520257 0.375332
vn 0.151368 -0.057991 0.986775
v 0.021415 0.551448 0.378951
vn 0.116099 0.102374 0.987948
v 0.020825 0.589637 0.376107
vn 0.040597 0.417532 -0.907755
v 0.032564 0.480720 -0.005616
vn 0.187290 -0.184430 0.964836
v 0.022976 0.445535 0.354580
vn 0.006610 0.156089 0.987721
v 0.000050 0.590651 0.377587
vn 0.646934 0.200988 -0.735581
v 0.018636 0.530327 0.010990
vn -0.123363 0.977807 0.169339
v 0.029857 0.810186 0.193547
vn 0.640283 -0.048497 -0.766606
v 0.019868 0.555568 0.018132
vn 0.730508 -0.458270 -0.506306
v 0.025820 0.569683 0.018870
vn -0.009478 0.943731 0.330578
v 0.027197 0.798569 0.236819
vn 0.145775 -0.158402 0.976554
v 0.022332 0.400898 0.347116
vn 0.063341 0.230098 0.971104
v 0.020912 0.659019 0.362852
vn 0.171952 -0.132681 0.976129
v 0.020116 0.346245 0.338984
vn 0.159380 0.869516 0.467482
v 0.024389 0.780970 0.271969
vn 0.133082 0.321821 0.937401
v 0.015183 0.721346 0.347145
vn 0.985192 -0.055863 -0.162097
v 0.035294 0.573122 -0.006713
vn 0.688577 -0.709433 -0.150223
v 0.025759 0.555619 -0.003442
vn 0.919927 0.372643 -0.121948
v 0.028469 0.600632 0.000173
vn 0.622595 -0.281909 -0.730002
v 0.031464 0.589867 0.014191
vn -0.254302 0.957236 0.137949
v 0.016006 0.807469 0.193914
vn -0.025061 -0.127341 0.991542
v -0.000416 0.305056 0.335366
vn -0.150107 0.944043 0.293686
v 0.013754 0.799179 0.235253
vn 0.475159 0.065366 -0.877469
v 0.021891 0.586629 -0.029943
vn 0.563899 -0.441158 -0.698138
v 0.023135 0.570656 -0.027013
vn 0.673125 0.358361 -0.646900
v 0.019665 0.602347 -0.025446
vn 0.333844 -0.776026 -0.535100
v 0.017438 0.557893 -0.017050
vn -0.053542 0.907094 0.417510
v 0.011319 0.786084 0.264234
vn 0.763457 0.530852 -0.367873
v 0.017398 0.615670 -0.013816
vn -0.302872 0.787475 -0.536798
v 0.014455 0.771965 0.052100
vn -0.470129 0.757219 -0.453430
v 0.012299 0.788254 0.080150
vn -0.307520 0.743800 -0.593458
v 0.012616 0.754845 0.028251
vn -0.480558 0.803786 -0.350704
v 0.010339 0.797183 0.100646
vn 0.717077 -0.434078 -0.545323
v 0.010789 0.550072 -0.000661
vn -0.043465 0.361386 0.931403
v -0.002714 0.753372 0.336745
vn 0.003333 -0.289678 0.957118
v 0.000077 0.475308 0.365082
vn -0.000950 -0.286918 0.957955
v 0.000077 0.496258 0.372400
vn -0.039613 -0.164249 0.985623
v 0.000077 0.523069 0.378992
vn 0.010038 -0.212061 0.977205
v 0.000820 0.442791 0.356451
vn 0.002983 -0.167388 0.985887
v -0.000195 0.408854 0.350157
vn 0.038174 0.003292 0.999266
v 0.000077 0.554504 0.381156
vn -0.024202 0.211527 0.977072
v 0.000215 0.635595 0.368161
vn 0.013915 -0.144054 0.989472
v 0.000077 0.362111 0.342616
vn 0.239431 0.427490 -0.871737
v 0.006939 0.611206 -0.028134
vn 0.223382 0.731186 -0.644568
v 0.006410 0.623249 -0.019325
vn -0.006672 0.267984 0.963400
v 0.002573 0.715848 0.349510
vn 0.347940 -0.054675 -0.935921
v 0.014424 0.491393 -0.002366
vn -0.436937 0.579955 -0.687559
v 0.004693 0.735476 0.014171
vn 0.223820 0.366398 -0.903137
v 0.000017 0.713530 0.004095
vn 0.891466 -0.290865 -0.347398
v 0.015878 0.548646 0.005090
vn -0.544885 0.787389 -0.288303
v 0.004573 0.792890 0.103352
vn -0.339534 0.838115 -0.426942
v 0.005468 0.782812 0.079194
vn -0.724998 -0.217159 -0.653621
v 0.008701 0.661588 -0.006771
vn 0.850922 0.134760 -0.507713
v 0.013220 0.523927 -0.011902
vn -0.428950 0.743391 -0.513197
v 0.005164 0.767477 0.050647
vn -0.000834 0.445028 -0.895516
v 0.001309 0.483594 -0.006936
vn 0.269265 -0.511680 -0.815892
v 0.005523 0.550457 -0.012917
vn -0.108163 0.991415 0.073467
v 0.000258 0.799200 0.198239
vn -0.006341 0.971644 0.236365
v 0.000156 0.794459 0.235897
vn -0.053098 0.560863 -0.826204
v -0.000271 0.615569 -0.024714
vn 0.029027 0.089169 -0.995593
v 0.005065 0.588749 -0.030900
vn 0.323121 0.225639 -0.919065
v 0.003746 0.538179 -0.015489
vn 0.193675 0.842914 -0.501982
v 0.000077 0.771218 0.062111
vn 0.401631 0.653391 -0.641695
v 0.000051 0.741234 0.022158
vn -0.007821 0.932716 -0.360528
v -0.000297 0.790190 0.103390
vn -0.343278 0.075132 -0.936224
v 0.000303 0.685641 0.001481
vn 0.067869 0.914869 0.398005
v -0.000718 0.785767 0.262563
vn -0.176392 -0.186444 0.966501
v -0.021062 0.520257 0.375332
vn -0.125508 -0.001440 0.992091
v -0.021261 0.551448 0.378951
vn -0.086824 0.143734 0.985800
v -0.020671 0.589637 0.376107
vn -0.067789 0.187493 0.979924
v -0.019403 0.632269 0.368341
vn -0.208089 -0.289068 0.934419
v -0.022224 0.494116 0.368366
vn -0.091604 0.241396 0.966094
v -0.031778 0.667954 0.359726
vn -0.204117 -0.285334 0.936440
v -0.022265 0.473873 0.361252
vn -0.208168 -0.206076 0.956137
v -0.022979 0.446563 0.354592
vn -0.188488 -0.158856 0.969142
v -0.022420 0.410203 0.348488
vn -0.147449 -0.140733 0.979006
v -0.021508 0.358947 0.340548
vn -0.173257 -0.134550 0.975643
v -0.018175 0.316235 0.335397
vn 0.016109 0.889202 0.457231
v -0.011165 0.786084 0.264234
vn 0.084373 0.990928 -0.104607
v 0.000092 0.800106 0.153000
vn 0.711611 0.476451 -0.516337
v -0.010761 0.752744 0.015437
vn 0.368988 -0.158415 -0.915835
v -0.004063 0.671598 -0.001616
vn -0.070690 -0.345137 -0.935886
v 0.000444 0.657306 0.005107
vn -0.465251 -0.128457 -0.875808
v -0.005580 0.547338 -0.011359
vn -0.254870 0.383207 -0.887803
v -0.017708 0.613120 -0.028348
vn 0.115444 0.941423 0.316853
v -0.013600 0.799179 0.235253
vn 0.186662 0.188485 -0.964174
v -0.014809 0.634557 0.004361
vn -0.096083 0.657234 -0.747537
v -0.000423 0.640191 0.007950
vn -0.297401 0.740543 -0.602618
v -0.015181 0.624765 -0.018665
vn 0.571179 0.779379 -0.257532
v -0.009663 0.796579 0.100221
vn 0.649681 0.660089 -0.377090
v -0.009834 0.772007 0.044248
vn 0.578591 0.743707 -0.334863
v -0.013156 0.784441 0.067637
vn 0.373568 0.922056 0.101292
v -0.013078 0.806899 0.192364
vn -0.893202 -0.378939 -0.242066
v -0.014965 0.547485 0.006838
vn -0.679906 0.140748 -0.719665
v -0.011038 0.518285 -0.017082
vn -0.479404 0.009103 -0.877547
v -0.019680 0.588201 -0.031222
vn -0.661072 0.655320 -0.365430
v -0.022769 0.623709 -0.011684
vn -0.145952 0.882451 0.447189
v -0.024235 0.780970 0.271969
vn -0.049358 -0.335378 -0.940790
v -0.031530 0.609923 0.005323
vn -0.207660 0.385429 0.899067
v -0.019512 0.727156 0.344798
vn -0.305801 -0.713890 -0.629958
v -0.013574 0.558132 -0.018388
vn -0.060532 0.918122 0.391648
v -0.027043 0.798569 0.236813
vn -0.719819 -0.676290 -0.156501
v -0.023826 0.554651 -0.001987
vn 0.113525 0.975387 0.189031
v -0.029703 0.810169 0.193547
vn -0.246578 0.166624 -0.954692
v -0.015400 0.491376 -0.002021
vn -0.915277 0.394598 -0.080993
v -0.028267 0.618572 -0.004882
vn -0.633026 -0.466328 -0.617912
v -0.010124 0.500579 -0.017385
vn -0.040463 0.424783 -0.904391
v -0.033381 0.481002 -0.005320
vn -0.692011 0.181055 -0.698813
v -0.018090 0.523558 0.008946
vn -0.270010 -0.104010 0.957223
v -0.038671 0.315082 0.330641
vn -0.311143 -0.115837 0.943277
v -0.041745 0.339790 0.332899
vn -0.760840 0.338850 -0.553447
v -0.026903 0.610119 -0.019525
vn -0.923828 -0.323158 0.205206
v -0.030138 0.569071 0.006688
vn -0.722711 -0.404355 -0.560523
v -0.028163 0.570440 -0.019918
vn -0.267187 -0.348343 -0.898481
v -0.018322 0.571625 -0.029555
vn -0.353408 -0.130985 0.926253
v -0.043852 0.365014 0.335807
vn -0.354703 0.798099 0.487057
v -0.037560 0.766228 0.288759
vn -0.368832 0.596874 0.712534
v -0.036481 0.735564 0.333454
vn -0.836918 0.002640 -0.547322
v -0.028995 0.588672 -0.023067
vn -0.129391 0.166235 0.977560
v -0.045415 0.625597 0.367488
vn -0.808444 -0.172650 -0.562682
v -0.019325 0.555217 0.018113
vn -0.398427 -0.138542 0.906676
v -0.044659 0.395580 0.340239
vn -0.486582 0.515213 0.705545
v -0.024778 0.747092 0.331731
vn -0.059638 0.192388 -0.979505
v -0.042066 0.552561 0.020348
vn -0.159602 0.085058 0.983510
v -0.046767 0.586686 0.373075
vn -0.203330 -0.090708 0.974899
v -0.048062 0.546209 0.374488
vn -0.242195 -0.289756 0.925950
v -0.047492 0.514651 0.367715
vn -0.336507 -0.334562 0.880245
v -0.047626 0.489520 0.359376
vn -0.368961 -0.167081 0.914304
v -0.046779 0.449906 0.348046
vn -0.799965 -0.213393 -0.560820
v -0.025580 0.569360 0.019010
vn -0.352927 -0.250668 0.901447
v -0.046641 0.470116 0.352309
vn 0.098854 -0.197270 -0.975352
v -0.042588 0.563049 0.021537
vn -0.955874 -0.253823 -0.147916
v -0.032681 0.570663 -0.008172
vn -0.191538 0.837963 0.511009
v -0.038079 0.777604 0.270814
vn -0.470079 0.743045 0.476351
v -0.039076 0.754265 0.307419
vn -0.992756 -0.018172 0.118766
v -0.032673 0.591471 0.005237
vn -0.433783 -0.420878 -0.796677
v -0.029645 0.583979 0.016014
vn -0.977960 0.136810 -0.157724
v -0.033909 0.598133 -0.010907
vn -0.001486 0.978249 0.207428
v -0.044558 0.811623 0.193201
vn 0.381118 -0.449003 -0.808174
v -0.045800 0.580878 0.010161
vn 0.480670 -0.480581 -0.733484
v -0.062860 0.587701 -0.003298
vn -0.325111 0.671992 0.665379
v -0.057836 0.730213 0.327281
vn -0.411374 -0.046884 0.910260
v -0.062219 0.313322 0.322103
vn -0.351402 0.748598 0.562244
v -0.049252 0.746102 0.312333
vn -0.486686 -0.064665 0.871180
v -0.065413 0.339902 0.321974
vn -0.189765 0.323760 0.926914
v -0.065162 0.690436 0.347811
vn -0.240237 0.800029 0.549763
v -0.052974 0.775306 0.268140
vn -0.260728 0.801458 0.538225
v -0.056946 0.756689 0.290831
vn -0.088205 0.912103 0.400360
v -0.042264 0.798116 0.236885
vn -0.531677 -0.090238 0.842126
v -0.068011 0.365146 0.322718
vn -0.257156 0.794297 0.550420
v -0.063997 0.752810 0.293984
vn -0.286337 0.509449 0.811464
v -0.069910 0.711779 0.337541
vn -0.562037 -0.125709 0.817503
v -0.067501 0.391685 0.326520
vn -0.209311 0.217850 0.953273
v -0.078540 0.648818 0.358125
vn 0.239020 -0.191995 -0.951844
v -0.064534 0.553492 0.019440
vn -0.257328 0.128318 0.957767
v -0.079556 0.620824 0.362754
vn -0.533792 -0.171374 0.828068
v -0.070439 0.432824 0.332769
vn -0.246034 0.065010 0.967079
v -0.081243 0.581590 0.367146
vn -0.036206 0.284541 -0.957980
v -0.090103 0.522609 0.011701
vn -0.037204 0.340419 -0.939538
v -0.041902 0.512338 0.007142
vn -0.052914 0.418570 -0.906642
v -0.071485 0.473723 -0.008109
vn -0.290049 -0.113509 0.950256
v -0.083724 0.538440 0.365152
vn -0.466570 -0.297436 0.832973
v -0.073260 0.464652 0.337027
vn -0.388069 -0.454761 0.801620
v -0.078726 0.482421 0.343302
vn -0.326235 -0.378043 0.866403
v -0.083888 0.505271 0.356174
vn -0.351123 0.710131 0.610267
v -0.089504 0.732028 0.310721
vn -0.398623 0.582680 0.708226
v -0.106120 0.708626 0.324992
vn -0.193996 0.794160 0.575913
v -0.079500 0.766533 0.270403
vn -0.579598 0.017655 0.814712
v -0.087118 0.312560 0.307829
vn -0.192958 0.951834 0.238283
v -0.069674 0.809158 0.192561
vn -0.608584 -0.030083 0.792919
v -0.088732 0.340143 0.306463
vn -0.339713 0.736484 0.584967
v -0.092554 0.745082 0.291514
vn -0.282745 0.761410 0.583362
v -0.093208 0.763606 0.269248
vn -0.640238 -0.046407 0.766774
v -0.092965 0.363412 0.304141
vn -0.297469 0.388533 0.872098
v -0.094815 0.689456 0.341717
vn -0.204497 0.863402 0.461213
v -0.074828 0.794024 0.233040
vn -0.674322 -0.079711 0.734122
v -0.089333 0.392109 0.308926
vn -0.660289 -0.171448 0.731180
v -0.085503 0.417764 0.316719
vn -0.648040 -0.203728 0.733853
v -0.090120 0.440611 0.320455
vn -0.141802 0.370000 -0.918146
v -0.093822 0.470594 -0.007868
vn -0.284248 0.868560 0.405965
v -0.093082 0.790635 0.231629
vn -0.357639 0.254588 0.898487
v -0.103913 0.665221 0.347571
vn -0.585346 -0.286891 0.758330
v -0.095776 0.459217 0.319429
vn -0.398063 0.154765 0.904209
v -0.107418 0.644898 0.350568
vn -0.518410 -0.543679 0.660049
v -0.111969 0.474183 0.316291
vn -0.378526 0.115570 0.918347
v -0.109947 0.620303 0.353013
vn -0.449344 0.017455 0.893188
v -0.112588 0.579269 0.355206
vn -0.456406 0.698078 0.551707
v -0.108291 0.758258 0.267372
vn -0.483739 -0.218036 0.847618
v -0.116529 0.534798 0.350122
vn -0.462865 -0.512156 0.723500
v -0.119520 0.499215 0.333690
vn -0.239310 0.943107 0.230824
v -0.086626 0.804327 0.192535
vn -0.463655 0.689333 0.556636
v -0.111484 0.736203 0.290365
vn -0.436758 0.809866 0.391612
v -0.106919 0.785855 0.229841
vn -0.624770 0.033519 0.780089
v -0.109805 0.311316 0.290119
vn -0.340483 0.913498 0.222694
v -0.096685 0.801783 0.192045
vn 0.088084 -0.276355 -0.957011
v -0.103972 0.533475 0.012918
vn -0.186602 0.207476 -0.960278
v -0.111161 0.514548 0.012254
vn -0.666615 -0.071844 0.741932
v -0.104472 0.388645 0.292832
vn -0.490964 0.637152 0.594131
v -0.120042 0.715830 0.308105
vn -0.620005 -0.011122 0.784519
v -0.103062 0.341905 0.293696
vn -0.472791 0.474918 0.742241
v -0.120460 0.692167 0.328442
vn -0.623501 -0.340013 0.704016
v -0.108955 0.454508 0.306832
vn -0.231824 0.344092 -0.909867
v -0.112783 0.482935 -0.000069
vn -0.553156 0.649049 0.522259
v -0.122564 0.750054 0.264832
vn -0.478301 0.856311 0.194830
v -0.109324 0.795766 0.191395
vn -0.605669 0.729541 0.317703
v -0.120910 0.777991 0.228128
vn -0.330561 0.316552 -0.889114
v -0.122650 0.458395 -0.005801
vn -0.624798 -0.013905 0.780663
v -0.114622 0.346819 0.285607
vn -0.526662 0.330927 0.783016
v -0.128695 0.676273 0.331573
vn -0.580622 0.629788 0.515989
v -0.128270 0.725589 0.288313
vn -0.585456 0.214545 0.781800
v -0.133369 0.653956 0.334752
vn -0.667160 -0.206599 0.715692
v -0.102917 0.421168 0.300141
vn -0.563221 0.099143 0.820337
v -0.136340 0.626571 0.336793
vn -0.634536 0.027244 0.772413
v -0.140124 0.583215 0.337537
vn -0.103427 -0.334321 -0.936767
v -0.117992 0.528598 0.015334
vn -0.643612 0.479184 0.596780
v -0.139529 0.692757 0.311631
vn -0.640266 -0.105499 0.760874
v -0.144372 0.538721 0.331931
vn -0.632025 0.760845 0.147168
v -0.121463 0.786729 0.190873
vn -0.378895 0.119135 -0.917739
v -0.137710 0.509914 0.019805
vn -0.687496 0.654893 0.313792
v -0.131097 0.768521 0.227249
vn -0.704022 -0.282470 0.651586
v -0.130020 0.453243 0.286780
vn -0.644400 -0.551210 0.530016
v -0.137024 0.472311 0.289497
vn -0.675889 -0.154508 0.720626
v -0.126109 0.422272 0.281228
vn -0.628758 -0.322546 0.707550
v -0.144715 0.508087 0.320830
vn -0.560004 -0.668147 0.489873
v -0.139789 0.478965 0.298206
vn -0.606505 -0.532545 0.590378
v -0.142367 0.492709 0.312045
vn -0.521449 0.282258 -0.805246
v -0.138929 0.479615 0.008312
vn -0.679148 0.584150 0.444439
v -0.135891 0.738172 0.262911
vn -0.620996 0.008813 0.783764
v -0.123808 0.320794 0.279425
vn -0.219326 0.389244 -0.894643
v -0.095950 0.441126 -0.021295
vn -0.749186 0.655354 0.096084
v -0.129993 0.778082 0.190064
vn -0.715555 0.541567 0.441234
v -0.140702 0.713513 0.286318
vn -0.758280 0.580805 0.296103
v -0.139125 0.758616 0.226920
vn -0.734230 0.321906 0.597732
v -0.148392 0.671522 0.315107
vn -0.697582 -0.070378 0.713040
v -0.134655 0.404483 0.270883
vn -0.737379 0.136731 0.661495
v -0.154780 0.641723 0.317963
vn -0.717669 -0.010235 0.696309
v -0.138089 0.376799 0.265429
vn -0.797049 0.596146 0.096552
v -0.136809 0.769666 0.189665
vn -0.780235 0.055127 0.623052
v -0.159784 0.598282 0.317810
vn -0.535344 0.241439 -0.809391
v -0.133426 0.438079 -0.006383
vn -0.430818 0.265413 -0.862526
v -0.117835 0.417581 -0.021766
vn -0.805032 -0.073026 0.588719
v -0.164461 0.551898 0.312937
vn -0.710856 0.195507 -0.675619
v -0.146220 0.436061 0.002625
vn -0.793126 0.444270 0.416623
v -0.152489 0.692922 0.290324
vn -0.769739 -0.426774 0.474727
v -0.147970 0.472786 0.274408
vn -0.792691 -0.297640 0.532026
v -0.164321 0.519437 0.305014
vn -0.751836 0.127156 -0.646973
v -0.145477 0.508327 0.024921
vn -0.802952 -0.005048 0.596023
v -0.151573 0.383436 0.250243
vn -0.819914 -0.058718 0.569467
v -0.152247 0.415296 0.250683
vn -0.753921 -0.520730 0.400554
v -0.159521 0.499002 0.295426
vn -0.725745 -0.606383 0.324953
v -0.153584 0.486119 0.286090
vn -0.822919 -0.170755 0.541892
v -0.155161 0.452993 0.254698
vn -0.815292 0.528498 0.236620
v -0.146773 0.745970 0.228470
vn -0.860125 -0.336654 0.383208
v -0.158464 0.475013 0.258649
vn -0.845292 0.280071 0.455018
v -0.165091 0.662383 0.294253
vn -0.800070 0.590442 0.106145
v -0.149766 0.751643 0.191864
vn -0.795967 0.484119 0.363407
v -0.153220 0.712840 0.261818
vn -0.897977 0.141113 -0.416803
v -0.153712 0.509700 0.039300
vn -0.832411 0.103042 -0.544494
v -0.160777 0.400444 0.011891
vn -0.581818 0.185254 -0.791940
v -0.137234 0.403780 -0.014529
vn -0.847944 -0.439307 0.296646
v -0.164481 0.491358 0.263548
vn -0.832602 0.183775 -0.522494
v -0.158029 0.446950 0.021566
vn -0.862232 0.101547 0.496229
v -0.172339 0.620327 0.294623
vn -0.855554 -0.481160 0.191083
v -0.169955 0.502742 0.271483
vn -0.847284 0.408055 0.340002
v -0.167386 0.686895 0.265026
vn -0.870191 -0.001356 0.492712
v -0.167325 0.363380 0.227729
vn -0.886331 0.006211 0.463011
v -0.165755 0.410867 0.228134
vn -0.854913 0.451093 0.256200
v -0.166033 0.712218 0.231541
vn -0.841683 0.519801 0.146207
v -0.163628 0.730550 0.191957
vn -0.917169 -0.061345 0.393749
v -0.165905 0.436711 0.229168
vn -0.930274 -0.175181 0.322339
v -0.167741 0.468855 0.233043
vn -0.892206 -0.001781 0.451626
v -0.177647 0.574558 0.290940
vn -0.902205 -0.335368 0.271211
v -0.175408 0.514671 0.278138
vn -0.914510 -0.125945 0.384459
v -0.178013 0.539434 0.285258
vn -0.914339 -0.344504 0.212840
v -0.173237 0.492649 0.238392
vn -0.699590 0.160935 -0.696185
v -0.146414 0.404262 -0.006251
vn -0.908347 0.148766 -0.390864
v -0.174305 0.420538 0.043676
vn -0.906087 0.050358 -0.420084
v -0.174599 0.392856 0.036981
vn -0.910704 0.186482 -0.368568
v -0.169878 0.466196 0.054182
vn -0.899283 -0.377304 0.221204
v -0.179052 0.504015 0.239220
vn -0.893221 0.274446 0.356141
v -0.180230 0.649662 0.268140
vn -0.889802 0.393759 0.230665
v -0.180132 0.684844 0.230808
vn -0.895082 0.423382 0.139917
v -0.176171 0.707433 0.191864
vn -0.929840 -0.256247 0.264076
v -0.180504 0.512818 0.242261
vn -0.936846 -0.305994 0.169371
v -0.183929 0.524189 0.244882
vn -0.953351 -0.136593 -0.269194
v -0.163380 0.532856 0.070680
vn -0.950353 0.135228 -0.280254
v -0.162776 0.517505 0.065453
vn -0.953284 0.031689 0.300408
v -0.176771 0.440573 0.199112
vn -0.976305 -0.029585 0.214369
v -0.176291 0.465977 0.201504
vn -0.936341 0.038228 0.349004
v -0.181271 0.384337 0.197054
vn -0.972119 -0.179765 0.150560
v -0.177433 0.484790 0.204437
vn -0.954976 -0.268052 0.127156
v -0.185867 0.532940 0.249263
vn -0.928922 -0.016449 0.369909
v -0.182415 0.347977 0.195301
vn -0.945436 0.189949 -0.264709
v -0.177488 0.462315 0.075440
vn -0.973198 -0.083152 -0.214410
v -0.173417 0.528669 0.115624
vn -0.971294 0.152438 -0.182622
v -0.172588 0.516246 0.107923
vn -0.968750 -0.154475 0.194066
v -0.188479 0.547029 0.254277
vn -0.928897 0.088428 0.359626
v -0.188461 0.609714 0.265665
vn -0.970903 0.189324 -0.146641
v -0.182125 0.462289 0.095324
vn -0.949677 -0.312366 0.023253
v -0.181242 0.502389 0.207913
vn -0.980460 0.162319 -0.111134
v -0.177647 0.500968 0.122800
vn -0.959961 -0.048795 0.275852
v -0.190185 0.575304 0.260839
vn -0.939189 0.130205 -0.317760
v -0.184073 0.414748 0.067775
vn -0.984941 0.163085 -0.057399
v -0.181884 0.476794 0.120224
vn -0.943377 0.319900 0.087775
v -0.187543 0.680722 0.191471
vn -0.991527 0.001245 -0.129894
v -0.178889 0.516440 0.147881
vn -0.994611 0.098148 -0.033400
v -0.179977 0.498859 0.145337
vn -0.942357 -0.260743 -0.209704
v -0.179068 0.530049 0.138378
vn -0.952237 0.238467 0.190729
v -0.193508 0.651517 0.229571
vn -0.994811 0.058157 0.083476
v -0.181314 0.473904 0.169949
vn -0.998559 -0.050315 0.018677
v -0.180771 0.493724 0.173626
vn -0.986156 0.082289 0.143964
v -0.183040 0.453506 0.168574
vn -0.945544 -0.318953 0.064926
v -0.190659 0.524341 0.211908
vn -0.992630 0.118543 0.025151
v -0.182450 0.478407 0.140974
vn -0.973635 -0.196612 -0.115661
v -0.182664 0.515150 0.178278
vn -0.975070 -0.204270 0.086675
v -0.192925 0.532042 0.212183
vn -0.981474 -0.142573 0.127995
v -0.193800 0.544420 0.212740
vn -0.990695 -0.102924 0.089048
v -0.196253 0.564086 0.213473
vn -0.978982 0.083289 0.186164
v -0.189973 0.398992 0.162930
vn -0.978260 -0.007973 0.207229
v -0.192449 0.358918 0.161997
vn -0.971361 0.118416 -0.206000
v -0.190765 0.408199 0.088238
vn -0.994665 -0.078981 0.066364
v -0.197472 0.577767 0.218552
vn -0.988810 0.148860 0.009767
v -0.193604 0.657197 0.189905
vn -0.977202 0.016154 -0.211698
v -0.191631 0.382368 0.083914
vn -0.997876 -0.002842 0.065077
v -0.198214 0.597065 0.222522
vn -0.933244 -0.331617 -0.138154
v -0.191877 0.536792 0.182365
vn -0.989448 0.060707 0.131559
v -0.198005 0.623664 0.227225
vn -0.988457 0.142233 0.052174
v -0.188950 0.433134 0.133948
vn -0.989328 0.133418 -0.058561
v -0.193519 0.406250 0.108020
vn -0.976801 -0.205793 -0.059236
v -0.195374 0.548585 0.181853
vn -0.994482 0.092136 0.050169
v -0.194753 0.396269 0.131462
vn -0.993825 0.108872 0.021432
v -0.195618 0.638957 0.187278
vn -0.997262 0.068215 0.028554
v -0.197130 0.620265 0.184469
vn -0.998923 0.007370 0.045809
v -0.196154 0.369305 0.130305
vn -0.995282 0.030695 -0.092039
v -0.195257 0.376746 0.105153
vn -0.994860 -0.100573 0.011737
v -0.198621 0.571570 0.176271
vn -0.998170 0.000503 0.060470
v -0.199396 0.592630 0.176658
vn -0.996582 0.048451 0.066910
v -0.198305 0.604619 0.181226
vn 0.467843 0.237493 -0.851305
v 0.120591 0.405415 -0.024498
vn 0.357926 0.299691 -0.884350
v 0.100013 0.407566 -0.033698
vn 0.265956 0.378880 -0.886407
v 0.096759 0.434551 -0.024244
vn 0.253304 0.344478 -0.903976
v 0.074272 0.406344 -0.042574
vn 0.193833 0.425840 -0.883793
v 0.073348 0.418173 -0.036836
vn 0.127728 0.429098 -0.894181
v 0.046930 0.406257 -0.047174
vn 0.092249 0.474646 -0.875329
v 0.069568 0.435001 -0.028886
vn 0.052443 0.522961 -0.850742
v 0.030792 0.433903 -0.032001
vn 0.046529 0.469864 -0.881512
v 0.019426 0.408150 -0.048303
vn 0.058206 -0.422606 -0.904442
v 0.006398 0.571221 -0.030040
vn 0.207862 -0.168376 -0.963558
v 0.004267 0.501769 -0.023934
vn -0.033306 0.475945 -0.878844
v -0.021906 0.410370 -0.046979
vn 0.005996 0.495139 -0.868793
v 0.000654 0.448787 -0.024009
vn -0.060875 0.487781 -0.870841
v -0.050349 0.435245 -0.029808
vn -0.110268 0.446695 -0.887865
v -0.047677 0.408799 -0.045698
vn -0.143963 0.437429 -0.887654
v -0.071922 0.436913 -0.027503
vn -0.196561 0.400727 -0.894864
v -0.074897 0.410828 -0.040293
vn -0.317362 0.325460 -0.890706
v -0.099113 0.410454 -0.032579
vn 0.717286 0.153915 -0.679567
v 0.014173 0.774616 0.299442
vn -0.022759 0.886701 -0.461782
v 0.002470 0.772792 0.299827
vn 0.833067 0.552892 -0.017608
v 0.018447 0.773171 0.307073
vn -0.712200 0.216524 -0.667749
v -0.015867 0.774114 0.300173
vn -0.909723 0.366490 0.195165
v -0.018227 0.772907 0.316888
vn -0.917474 0.381758 -0.111816
v -0.018471 0.774051 0.305993
vn -0.456183 0.512242 0.727671
v -0.011728 0.774101 0.327196
vn 0.887531 0.393744 0.239278
v 0.016658 0.779170 0.314524
vn 0.409928 0.494394 0.766507
v 0.010594 0.773150 0.328800
vn 0.099163 -0.614111 -0.782965
v 0.000619 0.782494 0.286973
vn -0.815474 0.415243 0.403205
v -0.011250 0.797144 0.305446
vn -0.737765 0.550648 0.390499
v -0.025815 0.757860 0.321921
vn 0.667916 0.590910 0.452453
v 0.029022 0.752486 0.322579
vn 0.546375 0.765253 0.340385
v 0.030270 0.763525 0.302699
vn 0.180222 0.956806 0.228128
v 0.017795 0.774070 0.288597
vn -0.003761 0.937303 0.348494
v -0.001490 0.773491 0.285223
vn -0.116673 0.976054 0.183593
v -0.017770 0.773840 0.288999
vn -0.531775 0.805147 0.262590
v -0.029627 0.764735 0.301637
vn -0.425714 0.615761 0.663028
v -0.004150 0.882534 0.233679
vn -0.779878 -0.388338 -0.490901
v -0.007557 0.878755 0.216366
vn 0.899033 -0.065129 -0.433011
v 0.004264 0.993887 0.119529
vn 0.952605 0.223715 0.206146
v 0.009830 0.871661 0.235727
vn 0.298491 0.887894 0.350068
v 0.000216 1.001012 0.126298
vn -0.219501 -0.166340 -0.961327
v -0.000328 0.994139 0.116882
vn 0.756996 0.060458 -0.650616
v -0.013334 0.694663 -0.012382
vn 0.728592 -0.141245 -0.670227
v -0.013079 0.681318 -0.012394
vn 0.728209 0.294213 -0.618992
v -0.016935 0.726656 -0.009450
vn 0.618739 -0.323558 -0.715872
v -0.013462 0.669221 -0.007691
vn 0.553663 -0.304606 -0.775031
v -0.014947 0.654475 -0.000830
vn 0.356902 0.934123 -0.005997
v -0.016712 0.811012 0.154104
vn 0.469556 0.869258 -0.154620
v -0.015940 0.807723 0.125885
vn 0.647086 -0.357267 -0.673528
v -0.025070 0.675663 -0.023958
vn 0.767497 -0.065922 -0.637654
v -0.026548 0.688271 -0.030327
vn 0.760860 0.242888 -0.601746
v -0.033372 0.713576 -0.035377
vn 0.642232 -0.354364 -0.679679
v -0.025087 0.661481 -0.014353
vn 0.538333 0.625007 -0.565300
v -0.033104 0.759525 -0.001252
vn 0.638840 0.498990 -0.585570
v -0.025481 0.744155 -0.008840
vn 0.624666 -0.392350 -0.675170
v -0.045025 0.653436 -0.027889
vn 0.121319 0.992150 0.030344
v -0.038012 0.816775 0.151794
vn 0.651825 0.473606 -0.592302
v -0.041217 0.737147 -0.030356
vn 0.200021 0.969559 -0.141234
v -0.037327 0.813811 0.117529
vn 0.557611 0.671361 -0.488205
v -0.021011 0.767204 0.020180
vn 0.444312 0.831000 -0.334703
v -0.026709 0.796359 0.070858
vn 0.490399 0.776966 -0.394757
v -0.027391 0.779739 0.035221
vn 0.759955 -0.297527 -0.577880
v -0.043645 0.673187 -0.039645
vn 0.778316 -0.164462 -0.605951
v -0.046842 0.699375 -0.054699
vn 0.585026 -0.424417 -0.691097
v -0.046833 0.615480 -0.010312
vn 0.721733 0.472646 -0.505675
v -0.058572 0.737511 -0.051978
vn 0.373968 0.891419 -0.255970
v -0.027670 0.806792 0.098148
vn 0.514824 0.719276 -0.466474
v -0.055022 0.776254 0.001090
vn 0.422409 0.827794 -0.369226
v -0.059885 0.791470 0.024237
vn 0.220532 0.947040 -0.233412
v -0.057603 0.807552 0.072714
vn 0.600879 0.606886 -0.520225
v -0.051368 0.754130 -0.023615
vn 0.778881 -0.300000 -0.550767
v -0.053425 0.684123 -0.060144
vn 0.700565 -0.407503 -0.585790
v -0.053838 0.662978 -0.042788
vn 0.420779 -0.523789 -0.740668
v -0.062347 0.574694 0.006290
vn 0.636103 -0.424908 -0.644070
v -0.059291 0.638733 -0.035159
vn 0.484365 -0.492801 -0.722868
v -0.066917 0.604250 -0.017431
vn 0.833326 0.281984 -0.475450
v -0.050031 0.717377 -0.055124
vn 0.521747 -0.526239 -0.671456
v -0.073833 0.627385 -0.038686
vn 0.656767 0.606098 -0.448668
v -0.057942 0.761319 -0.023870
vn 0.294504 0.913767 -0.279817
v -0.059639 0.801533 0.047256
vn -0.126158 0.988607 0.082097
v -0.064298 0.817180 0.151555
vn -0.079912 0.995403 -0.052799
v -0.063875 0.816532 0.124367
vn 0.496266 0.769325 -0.402318
v -0.069014 0.785932 -0.000061
vn 0.618222 0.677713 -0.398128
v -0.067170 0.771983 -0.022438
vn 0.317783 0.895646 -0.311179
v -0.071331 0.797097 0.023366
vn 0.224433 0.936016 -0.271114
v -0.074612 0.806509 0.048453
vn 0.424641 -0.523932 -0.738360
v -0.083793 0.591893 -0.020292
vn 0.382272 -0.549663 -0.742791
v -0.081590 0.566141 0.000988
vn 0.264216 -0.274926 -0.924449
v -0.085413 0.543089 0.014846
vn 0.043884 0.992390 -0.115048
v -0.066025 0.813144 0.096875
vn 0.765776 0.530691 -0.363256
v -0.064879 0.737593 -0.062926
vn 0.083351 0.984584 -0.153774
v -0.077690 0.811064 0.071410
vn -0.092517 0.995683 0.007501
v -0.078221 0.814057 0.126982
vn 0.398152 -0.558225 -0.727915
v -0.091212 0.608905 -0.035241
vn 0.366270 0.864653 -0.343832
v -0.081180 0.785656 -0.017842
vn 0.299579 0.894634 -0.331484
v -0.083413 0.796394 0.007620
vn 0.532175 0.762586 -0.367768
v -0.081336 0.772925 -0.042690
vn -0.087263 0.995141 -0.045611
v -0.084484 0.814232 0.102111
vn 0.843282 0.445525 -0.300638
v -0.066423 0.734600 -0.075416
vn -0.087243 0.973103 -0.213213
v -0.090855 0.807284 0.048265
vn 0.766823 0.547132 -0.335602
v -0.076793 0.755800 -0.061919
vn -0.212625 0.972374 0.096325
v -0.081774 0.811953 0.154252
vn -0.216454 0.974742 0.055009
v -0.089504 0.813019 0.128647
vn -0.339700 0.931304 0.131444
v -0.094016 0.809219 0.154948
vn 0.058367 0.946117 -0.318521
v -0.096063 0.792122 -0.010522
vn -0.084341 0.956830 -0.278142
v -0.098366 0.795662 0.002087
vn 0.700375 0.679189 -0.219495
v -0.087056 0.761262 -0.081540
vn 0.321430 -0.554186 -0.767829
v -0.098017 0.587172 -0.023097
vn -0.430337 0.900153 0.067341
v -0.102940 0.808057 0.129204
vn -0.223216 0.967156 -0.121585
v -0.095849 0.808420 0.061972
vn -0.356491 0.933901 -0.027267
v -0.099771 0.810733 0.100762
vn 0.370053 0.879277 -0.299888
v -0.094276 0.771378 -0.065775
vn 0.228384 -0.569077 -0.789932
v -0.110461 0.576151 -0.020281
vn 0.256445 -0.576450 -0.775849
v -0.111061 0.554613 -0.004201
vn -0.413070 0.886688 -0.207744
v -0.111510 0.791480 0.003703
vn -0.434454 0.891549 -0.128020
v -0.110383 0.800738 0.049480
vn 0.279226 -0.622716 -0.730929
v -0.110435 0.596714 -0.033859
vn -0.590445 0.802368 0.087069
v -0.108288 0.803907 0.139520
vn -0.549185 0.835693 -0.003595
v -0.110230 0.805213 0.102974
vn -0.135898 0.969014 -0.206261
v -0.105722 0.780128 -0.045765
vn 0.307615 0.945287 -0.108653
v -0.103903 0.773943 -0.072345
vn -0.682544 0.726367 0.080772
v -0.121499 0.789977 0.159839
vn -0.367403 0.898283 -0.241045
v -0.115831 0.779801 -0.027970
vn -0.720599 0.693284 0.009701
v -0.125399 0.792834 0.086823
vn -0.606773 0.789155 -0.095190
v -0.121854 0.794315 0.056210
vn 0.028228 -0.712222 -0.701387
v -0.123358 0.591432 -0.032763
vn 0.008283 -0.573435 -0.819209
v -0.123811 0.572391 -0.020586
vn 0.008085 -0.647004 -0.762444
v -0.125459 0.549642 -0.003340
vn -0.561646 0.809472 -0.171201
v -0.123655 0.784331 0.001235
vn -0.499593 0.843078 -0.199064
v -0.125912 0.776449 -0.022662
vn 0.412030 0.890387 0.193503
v -0.104382 0.774727 -0.093900
vn -0.409366 0.908541 -0.083504
v -0.125276 0.771836 -0.046307
vn -0.114875 0.990534 0.075137
v -0.121873 0.772944 -0.068683
vn 0.076992 0.952866 0.293460
v -0.115077 0.777247 -0.090515
vn -0.723244 0.687650 0.063692
v -0.125518 0.789978 0.127976
vn -0.718127 0.693065 -0.062886
v -0.138499 0.773558 0.018115
vn -0.338583 -0.700465 -0.628260
v -0.135921 0.591966 -0.031827
vn -0.249125 -0.548297 -0.798315
v -0.138404 0.572829 -0.018176
vn -0.655072 0.745600 -0.122322
v -0.135306 0.774277 0.001479
vn -0.420196 -0.619489 -0.663075
v -0.141088 0.547797 0.001111
vn -0.581606 0.811976 -0.049288
v -0.140610 0.763401 -0.042178
vn -0.439007 -0.405059 -0.801997
v -0.135728 0.531895 0.017198
vn -0.704923 0.706428 -0.063588
v -0.149177 0.760521 0.000947
vn -0.624516 -0.568460 -0.535567
v -0.148795 0.598451 -0.029402
vn -0.213247 -0.761854 -0.611640
v -0.137282 0.600053 -0.046805
vn 0.153599 -0.702420 -0.694992
v -0.125050 0.602061 -0.048622
vn -0.549879 -0.480767 -0.683005
v -0.152389 0.582612 -0.016927
vn -0.787620 -0.224569 -0.573780
v -0.144042 0.528057 0.024789
vn -0.709416 -0.534876 -0.458951
v -0.149472 0.543727 0.019859
vn -0.754124 0.653272 0.067323
v -0.140676 0.765732 0.160321
vn -0.769788 0.636482 0.048132
v -0.139156 0.773270 0.109374
vn -0.728497 -0.495934 -0.472590
v -0.155906 0.565172 0.002173
vn -0.743564 0.668663 -0.001337
v -0.142914 0.770932 0.064211
vn -0.711726 0.701304 0.040243
v -0.150688 0.760629 0.114013
vn -0.685255 0.727416 0.035954
v -0.144674 0.761219 -0.070244
vn -0.814419 -0.482244 -0.322742
v -0.160331 0.557967 0.020434
vn -0.807323 0.590024 -0.010106
v -0.153906 0.749303 -0.076087
vn -0.759319 0.650476 -0.017760
v -0.161329 0.752667 0.060323
vn -0.774820 0.620761 0.119624
v -0.153326 0.752605 0.157001
vn -0.749157 0.656421 0.088740
v -0.157544 0.752904 0.131069
vn -0.913284 -0.148577 -0.379258
v -0.154496 0.529236 0.045003
vn -0.851798 -0.426123 -0.304728
v -0.162475 0.546323 0.046483
vn -0.769154 0.638243 0.032368
v -0.164990 0.746841 0.105824
vn -0.804395 -0.411474 -0.428529
v -0.161438 0.610264 -0.024043
vn -0.805219 -0.493391 -0.328919
v -0.164080 0.623412 -0.043577
vn -0.805115 0.593047 0.009234
v -0.172884 0.738044 0.077470
vn -0.733668 -0.382347 -0.561731
v -0.164237 0.598480 -0.014118
vn -0.201265 -0.747877 -0.632592
v -0.137220 0.612752 -0.056399
vn -0.560468 -0.657101 -0.504078
v -0.149894 0.606279 -0.042982
vn -0.835238 -0.406167 -0.370683
v -0.167885 0.585432 0.002759
vn -0.745106 0.662946 -0.072936
v -0.159573 0.748687 -0.050110
vn -0.821530 0.556960 0.121999
v -0.167724 0.739705 0.131007
vn -0.830739 0.556051 -0.026090
v -0.170968 0.735509 -0.010871
vn -0.906481 -0.358104 -0.223726
v -0.173048 0.575200 0.036107
vn -0.841131 0.537354 0.061242
v -0.174428 0.733945 0.107166
vn -0.891264 -0.334838 -0.305829
v -0.172145 0.628465 -0.022950
vn -0.910247 -0.343991 -0.230479
v -0.172801 0.636351 -0.031228
vn -0.920139 -0.250160 -0.301270
v -0.175235 0.624020 -0.007990
vn -0.883739 0.465506 -0.048048
v -0.175164 0.729858 0.029518
vn -0.889310 0.444435 -0.107725
v -0.162795 0.736528 -0.078932
vn -0.889936 0.435162 0.136555
v -0.175443 0.720264 0.155629
vn -0.811111 -0.450953 -0.372479
v -0.164359 0.635492 -0.055461
vn -0.933279 -0.248515 -0.259289
v -0.173585 0.653466 -0.049993
vn -0.606554 -0.658688 -0.445221
v -0.151132 0.623349 -0.060780
vn -0.888328 -0.257947 -0.379918
v -0.175450 0.609729 -0.003402
vn -0.887442 0.452639 0.086974
v -0.182452 0.719256 0.113740
vn -0.882590 0.469500 0.024583
v -0.180237 0.726251 0.083604
vn -0.887024 0.454762 -0.079875
v -0.172361 0.732151 -0.033457
vn -0.901199 -0.370466 -0.224935
v -0.171854 0.547182 0.080823
vn -0.862441 0.502278 -0.062538
v -0.178131 0.729996 0.059301
vn -0.961285 -0.197342 -0.192319
v -0.180713 0.607562 0.021955
vn -0.959596 0.221224 -0.173885
v -0.178522 0.710751 -0.050258
vn -0.913147 -0.343932 -0.218799
v -0.175120 0.540468 0.110736
vn -0.965932 -0.138630 -0.218532
v -0.180429 0.657151 -0.016644
vn -0.953910 0.297690 -0.037900
v -0.179316 0.718570 -0.001874
vn -0.989415 -0.084612 -0.117895
v -0.179946 0.667918 -0.025611
vn -0.978644 -0.106899 -0.175580
v -0.180480 0.678972 -0.046572
vn -0.961338 -0.186239 -0.202840
v -0.170606 0.665926 -0.069624
vn -0.943667 0.316059 -0.097978
v -0.182769 0.711544 0.030581
vn -0.909378 -0.356322 -0.214629
v -0.183094 0.557848 0.108380
vn -0.939522 0.322447 0.115443
v -0.184543 0.697696 0.156080
vn -0.995055 0.054476 -0.083057
v -0.181457 0.701129 -0.034578
vn -0.959113 -0.024305 -0.281979
v -0.177035 0.690361 -0.060124
vn -0.909725 0.413877 -0.033269
v -0.185009 0.717297 0.062789
vn -0.937119 -0.271658 -0.219112
v -0.182642 0.581828 0.075679
vn -0.932108 -0.278731 -0.231266
v -0.185214 0.574296 0.092770
vn -0.935509 0.337858 0.103322
v -0.189452 0.702357 0.113400
vn -0.989543 0.103537 -0.100420
v -0.183035 0.692430 -0.001182
vn -0.953107 -0.227190 -0.199929
v -0.193630 0.577300 0.126202
vn -0.956059 -0.164563 -0.242632
v -0.183858 0.644658 -0.003370
vn -0.962672 -0.204185 -0.177682
v -0.187862 0.635540 0.036242
vn -0.981581 0.060293 -0.181281
v -0.187082 0.671693 0.014240
vn -0.956904 -0.194597 -0.215560
v -0.190075 0.596416 0.088870
vn -0.918843 -0.339698 -0.200831
v -0.192497 0.552564 0.156743
vn -0.935392 0.353473 0.009947
v -0.189051 0.706763 0.087317
vn -0.975855 0.208377 0.065468
v -0.190758 0.677155 0.152995
vn -0.964252 0.253387 -0.077548
v -0.190863 0.699106 0.063952
vn -0.976092 -0.145594 -0.161391
v -0.196239 0.594543 0.122155
vn -0.971416 -0.168434 -0.167275
v -0.192436 0.623552 0.076481
vn -0.985942 0.146843 -0.079727
v -0.195051 0.680229 0.066598
vn -0.964629 -0.221329 -0.143191
v -0.197715 0.572085 0.150825
vn -0.988893 -0.058240 -0.136746
v -0.192660 0.658707 0.037697
vn -0.978256 0.198231 0.060995
v -0.194732 0.687349 0.103328
vn -0.986115 0.146591 0.078028
v -0.194281 0.657288 0.151787
vn -0.992601 -0.063188 -0.103684
v -0.194799 0.640305 0.079954
vn -0.998965 0.017489 -0.041997
v -0.196317 0.669450 0.081702
vn -0.988822 -0.085542 -0.122119
v -0.198700 0.616336 0.122441
vn -0.992692 -0.088744 -0.081771
v -0.199846 0.590032 0.149031
vn -0.993683 0.103737 0.042814
v -0.196323 0.664121 0.123107
vn -0.988965 0.124993 0.079535
v -0.197372 0.638770 0.149160
vn -0.998327 0.010322 -0.056888
v -0.196612 0.653009 0.092363
vn -0.998447 0.047433 -0.029218
v -0.198951 0.640298 0.121293
vn -0.999741 0.022646 0.002131
v -0.200510 0.616911 0.148438
vn 0.876471 0.019274 -0.481069
v -0.049872 0.703845 -0.061560
vn 0.799158 -0.404190 -0.444946
v -0.064439 0.681151 -0.074454
vn 0.677601 -0.460266 -0.573596
v -0.065270 0.658121 -0.055956
vn 0.914066 0.105383 -0.391636
v -0.064485 0.714110 -0.084181
vn 0.879225 0.446534 -0.166046
v -0.078043 0.744879 -0.099555
vn 0.627104 -0.574205 -0.526336
v -0.074856 0.656880 -0.065430
vn 0.806613 0.577234 -0.127185
v -0.081412 0.748474 -0.087978
vn 0.398101 -0.635777 -0.661289
v -0.109798 0.615156 -0.053901
vn 0.455468 -0.735109 -0.502159
v -0.102667 0.638028 -0.072604
vn 0.268320 -0.733281 -0.624743
v -0.124357 0.618638 -0.061610
vn -0.876514 -0.433604 -0.209072
v -0.165516 0.648707 -0.074993
vn -0.991063 0.036988 -0.128161
v -0.170642 0.696532 -0.079397
vn 0.924858 -0.083686 -0.370990
v -0.063973 0.696289 -0.082702
vn 0.965049 -0.133370 -0.225596
v -0.069793 0.692762 -0.102829
vn 0.827219 -0.497219 -0.261691
v -0.073520 0.680620 -0.094598
vn 0.944401 0.219687 -0.244630
v -0.079598 0.734250 -0.118672
vn 0.719827 -0.659050 -0.217950
v -0.087642 0.660437 -0.087300
vn 0.962139 0.179264 -0.205313
v -0.074511 0.709633 -0.113793
vn 0.896343 0.436197 -0.079385
v -0.087811 0.757383 -0.126452
vn 0.816833 -0.543366 -0.193745
v -0.080229 0.671661 -0.110363
vn 0.943744 0.328422 -0.038541
v -0.085093 0.729759 -0.147638
vn 0.972216 0.226834 -0.057817
v -0.076477 0.712723 -0.141446
vn 0.922196 0.386276 0.018606
v -0.093377 0.768451 -0.150694
vn 0.943386 -0.244899 -0.223711
v -0.074982 0.692825 -0.129121
vn 0.801221 -0.481890 -0.354721
v -0.082261 0.689330 -0.145307
vn 0.989728 -0.126838 0.065952
v -0.087747 0.780421 -0.266095
vn 0.967913 0.182560 0.172676
v -0.092661 0.814341 -0.243995
vn 0.994988 0.095387 0.030014
v -0.088016 0.780042 -0.248330
vn 0.940001 -0.277592 -0.198344
v -0.089526 0.769830 -0.254880
vn 0.977286 0.206457 0.047823
v -0.084802 0.762347 -0.221142
vn 0.965403 -0.167688 -0.199694
v -0.085618 0.754053 -0.225783
vn 0.907541 0.373391 0.192222
v -0.090784 0.777726 -0.221404
vn 0.959577 0.273660 0.065751
v -0.092323 0.755519 -0.174037
vn 0.892933 0.405908 0.194705
v -0.088475 0.742419 -0.171527
vn 0.969751 0.239089 0.049191
v -0.081917 0.732919 -0.174096
vn 0.972308 -0.133717 -0.191669
v -0.081862 0.722199 -0.177773
vn 0.808366 -0.474276 -0.348722
v -0.091811 0.760501 -0.249616
vn 0.966411 0.191042 0.171912
v -0.093492 0.790277 -0.228761
vn 0.890795 0.454237 0.012336
v -0.095094 0.767291 -0.126200
vn 0.872461 0.424261 0.242517
v -0.087527 0.756276 -0.192779
vn 0.934033 0.245013 0.259906
v -0.096301 0.800266 -0.221786
vn 0.772829 0.634396 0.016665
v -0.095743 0.770633 -0.108021
vn 0.925385 0.334792 0.177698
v -0.094434 0.768406 -0.195131
vn 0.846978 -0.399669 -0.350561
v -0.086069 0.712850 -0.181421
vn 0.544051 -0.811753 -0.212287
v -0.096325 0.653246 -0.099857
vn 0.944035 0.309301 0.114590
v -0.096826 0.784040 -0.188449
vn 0.670799 -0.632517 -0.387236
v -0.089853 0.672612 -0.137379
vn 0.499410 -0.822792 -0.271300
v -0.106439 0.647066 -0.088127
vn 0.936335 0.281800 0.209441
v -0.101730 0.804167 -0.211440
vn 0.713630 -0.674325 -0.189784
v -0.095656 0.764317 -0.268298
vn 0.657577 -0.591473 -0.466640
v -0.094530 0.717615 -0.201655
vn 0.870778 0.473819 0.131308
v -0.099170 0.832547 -0.241297
vn 0.532915 -0.695550 -0.481883
v -0.100257 0.751647 -0.252127
vn 0.797992 0.585831 0.141462
v -0.100301 0.781320 -0.126744
vn 0.654978 -0.726147 -0.209078
v -0.092056 0.659030 -0.112959
vn 0.861704 0.389780 0.324865
v -0.102184 0.821531 -0.218764
vn 0.923903 0.370953 0.093796
v -0.100736 0.782948 -0.167113
vn 0.516317 0.828763 0.215799
v -0.104911 0.842733 -0.243562
vn 0.508983 -0.774043 -0.376554
v -0.101399 0.658083 -0.127534
vn 0.862716 0.485315 0.142094
v -0.103627 0.795345 -0.163714
vn 0.908981 0.367854 0.196053
v -0.104012 0.810102 -0.196317
vn 0.455616 -0.702745 -0.546409
v -0.103223 0.715237 -0.208026
vn 0.481339 -0.712969 -0.509890
v -0.101403 0.672187 -0.150368
vn 0.507103 0.813196 0.285586
v -0.108337 0.790403 -0.132978
vn 0.558478 -0.803916 -0.204503
v -0.106639 0.646385 -0.108366
vn 0.475976 0.759607 0.443221
v -0.108539 0.825582 -0.214153
vn 0.581790 0.733647 0.351116
v -0.109867 0.812164 -0.188032
vn 0.294643 -0.769596 -0.566487
v -0.111104 0.747175 -0.253769
vn -0.050892 0.949958 0.308205
v -0.111977 0.844849 -0.242979
vn 0.485607 -0.809496 -0.330003
v -0.114229 0.636371 -0.081504
vn 0.262504 -0.904982 -0.334812
v -0.114023 0.643086 -0.108714
vn 0.294053 -0.842349 -0.451643
v -0.114191 0.652761 -0.130347
vn 0.293757 -0.749552 -0.593193
v -0.113020 0.713472 -0.212481
vn -0.033213 0.881182 0.471609
v -0.114336 0.825811 -0.212724
vn 0.318959 -0.778305 -0.540839
v -0.113680 0.666548 -0.152004
vn 0.101212 0.912800 0.395667
v -0.116155 0.811826 -0.182996
vn 0.126184 -0.907165 -0.401409
v -0.116122 0.758478 -0.274032
vn -0.703483 0.694664 0.150180
v -0.120192 0.842830 -0.243131
vn -0.005390 -0.783430 -0.621457
v -0.118322 0.742476 -0.249009
vn -0.542881 0.744150 0.389257
v -0.119217 0.825961 -0.216509
vn -0.100242 0.971492 0.214835
v -0.124585 0.780114 -0.101419
vn 0.101884 -0.918043 -0.383166
v -0.128848 0.641201 -0.111250
vn 0.246753 -0.858098 -0.450312
v -0.126214 0.629920 -0.082821
vn 0.007557 -0.881397 -0.472316
v -0.129369 0.651100 -0.132329
vn 0.074874 -0.771626 -0.631654
v -0.126556 0.708706 -0.211861
vn -0.419571 0.879336 0.225231
v -0.129165 0.783985 -0.121332
vn -0.479802 0.819211 0.314139
v -0.121939 0.806836 -0.174372
vn 0.033576 -0.821570 -0.569118
v -0.128872 0.666279 -0.157161
vn -0.801438 0.569514 0.182622
v -0.124666 0.812916 -0.199763
vn -0.868941 0.437640 0.231111
v -0.123493 0.824035 -0.223577
vn -0.375379 -0.851771 -0.365481
v -0.127402 0.760402 -0.271111
vn -0.341270 -0.697756 -0.629818
v -0.125951 0.742642 -0.247686
vn -0.731180 0.661245 0.167720
v -0.129846 0.791332 -0.152070
vn -0.852776 0.510006 0.112551
v -0.127743 0.829452 -0.250833
vn -0.451764 0.882234 0.132558
v -0.134077 0.769187 -0.069196
vn -0.242709 -0.866802 -0.435599
v -0.140100 0.627558 -0.079348
vn -0.371374 -0.818083 -0.439115
v -0.144419 0.653580 -0.132114
vn -0.306046 -0.785461 -0.537946
v -0.144081 0.670727 -0.159948
vn -0.347025 -0.700879 -0.623171
v -0.141236 0.704905 -0.204634
vn -0.222686 -0.693725 -0.684950
v -0.132234 0.716707 -0.220307
vn -0.640413 -0.741117 -0.201537
v -0.134359 0.772350 -0.299014
vn -0.855550 0.492952 0.158216
v -0.130579 0.805909 -0.228958
vn -0.923838 0.369679 0.099298
v -0.139145 0.793975 -0.227059
vn -0.736242 0.667447 0.111633
v -0.141669 0.772901 -0.113162
vn -0.636096 -0.627727 -0.448711
v -0.134013 0.760175 -0.260914
vn -0.845765 -0.447090 -0.291192
v -0.140719 0.768390 -0.259298
vn -0.771672 0.619869 0.142427
v -0.133046 0.796336 -0.181488
vn -0.603115 -0.507418 -0.615451
v -0.141609 0.726433 -0.223434
vn -0.718842 -0.455421 -0.525222
v -0.151125 0.709427 -0.199628
vn -0.690053 -0.563272 -0.454480
v -0.156421 0.683410 -0.164040
vn -0.586689 -0.725707 -0.359368
v -0.153704 0.635394 -0.080190
vn -0.666701 -0.677582 -0.310472
v -0.156728 0.651007 -0.109475
vn -0.854514 0.518613 0.029108
v -0.142383 0.788716 -0.196432
vn -0.736016 -0.578858 -0.351003
v -0.157870 0.662098 -0.130227
vn -0.785334 0.607715 0.118039
v -0.151166 0.758847 -0.120209
vn -0.828420 0.553798 0.083834
v -0.153430 0.766136 -0.159547
vn -0.851062 -0.304889 -0.427476
v -0.156409 0.719044 -0.196147
vn -0.768368 -0.399039 -0.500378
v -0.146913 0.740161 -0.225443
vn -0.889130 -0.204199 -0.409574
v -0.152156 0.755234 -0.231250
vn -0.864683 0.502007 -0.017681
v -0.144609 0.780953 -0.229162
vn -0.898883 -0.306893 -0.312772
v -0.163596 0.700938 -0.166575
vn -0.907433 -0.218567 -0.358879
v -0.160715 0.731506 -0.195425
vn -0.986575 0.096395 -0.131821
v -0.145087 0.777277 -0.250454
vn -0.844535 0.522470 0.117416
v -0.158767 0.750661 -0.125436
vn -0.961508 0.195061 -0.193529
v -0.153837 0.764570 -0.226501
vn -0.929972 -0.316043 -0.187800
v -0.167365 0.676755 -0.126940
vn -0.888790 0.453148 0.068631
v -0.159810 0.744558 -0.105003
vn -0.849058 0.526899 0.038456
v -0.153895 0.769315 -0.205229
vn -0.950563 0.308918 -0.031631
v -0.159106 0.756676 -0.199012
vn -0.979380 -0.065541 -0.191098
v -0.166943 0.723079 -0.170236
vn -0.847760 0.529805 0.024702
v -0.152993 0.764913 -0.182116
vn -0.982576 0.048255 -0.179486
v -0.163712 0.737578 -0.188429
vn -0.901859 0.431146 0.027637
v -0.157569 0.757062 -0.180393
vn -0.945820 0.317665 0.067191
v -0.164944 0.737486 -0.126541
vn -0.967512 0.208528 -0.142960
v -0.167538 0.720878 -0.079100
vn -0.992484 -0.048242 -0.112465
v -0.170323 0.709040 -0.143944
vn -0.999851 -0.001619 -0.017171
v -0.171045 0.695862 -0.122902
vn -0.915560 0.402046 0.010407
v -0.160127 0.754905 -0.157310
vn -0.995999 -0.080195 -0.039434
v -0.170479 0.685499 -0.103154
vn -0.985445 0.166827 0.032655
v -0.168702 0.718269 -0.113861
vn -0.971255 0.237017 -0.022044
v -0.166343 0.734707 -0.158649
vn -0.983782 0.179213 0.007484
v -0.167289 0.728521 -0.140091
vn 0.984072 -0.161366 0.074584
v -0.083330 0.784434 -0.278844
vn 0.954360 0.295127 0.045794
v -0.091234 0.815752 -0.262680
vn 0.960114 0.214475 -0.179393
v -0.085770 0.791513 -0.311660
vn 0.877556 0.465567 -0.114645
v -0.095660 0.818310 -0.283911
vn 0.906491 -0.370974 -0.201625
v -0.086986 0.782076 -0.317012
vn 0.595800 -0.753640 -0.277576
v -0.093937 0.774330 -0.319372
vn 0.926258 0.350448 -0.138681
v -0.092248 0.799401 -0.323656
vn 0.904806 -0.309616 -0.292341
v -0.094655 0.788150 -0.339335
vn 0.989189 0.033199 -0.142837
v -0.094721 0.794678 -0.342004
vn 0.963698 0.264232 -0.038318
v -0.096570 0.807057 -0.348910
vn 0.500826 -0.831371 -0.240823
v -0.103401 0.779116 -0.344768
vn 0.986738 0.161814 0.012814
v -0.096111 0.807892 -0.403221
vn 0.945484 -0.319557 -0.062801
v -0.097395 0.793291 -0.368522
vn 0.873988 0.479036 -0.081667
v -0.102566 0.825743 -0.310976
vn 0.857464 0.511707 0.053964
v -0.101838 0.824026 -0.401118
vn 0.730916 -0.676027 -0.093542
v -0.100822 0.787049 -0.369246
vn 0.751314 0.651012 -0.108219
v -0.105405 0.838551 -0.277680
vn 0.865651 0.500646 0.001240
v -0.102250 0.821970 -0.356723
vn 0.479956 -0.876624 -0.034251
v -0.101996 0.790208 -0.433322
vn 0.412974 -0.904164 -0.109268
v -0.107389 0.781914 -0.364032
vn 0.173435 -0.956595 -0.234194
v -0.109620 0.764283 -0.296022
vn -0.169859 0.981502 -0.088324
v -0.114674 0.842363 -0.283327
vn 0.140955 0.983812 0.110661
v -0.115301 0.838723 -0.385928
vn 0.527873 0.848609 0.034832
v -0.112951 0.835921 -0.370255
vn 0.079877 0.992164 0.096078
v -0.115350 0.849750 -0.458937
vn -0.134653 -0.958206 -0.252407
v -0.119027 0.763505 -0.295156
vn -0.120160 -0.971686 -0.203441
v -0.116589 0.778182 -0.344004
vn 0.317681 0.944851 -0.079593
v -0.113643 0.836406 -0.329428
vn -0.466223 0.884643 -0.006569
v -0.121088 0.834419 -0.337624
vn -0.677560 0.732907 0.061327
v -0.118659 0.848155 -0.453953
vn -0.572105 -0.815451 -0.087953
v -0.125770 0.786895 -0.394233
vn -0.672542 0.738884 -0.041686
v -0.124977 0.834381 -0.307172
vn -0.661950 -0.716860 -0.218939
v -0.127888 0.784741 -0.352091
vn -0.747208 0.663844 -0.031492
v -0.124187 0.831737 -0.266225
vn -0.427879 -0.866566 -0.256872
v -0.127385 0.770496 -0.310827
vn -0.769595 0.630179 0.102950
v -0.119246 0.841710 -0.423373
vn -0.873729 0.485118 0.035479
v -0.122599 0.828178 -0.410040
vn -0.929782 0.365667 0.042346
v -0.122651 0.836171 -0.454515
vn -0.821329 0.570163 0.018252
v -0.120724 0.834608 -0.385631
vn -0.453562 -0.890799 -0.027526
v -0.120047 0.792049 -0.462616
vn -0.853534 0.515626 -0.074899
v -0.129971 0.818237 -0.348640
vn -0.770590 0.634704 -0.057802
v -0.134761 0.821210 -0.293610
vn -0.865864 0.499883 0.019933
v -0.127741 0.822636 -0.407093
vn -0.816799 -0.517165 -0.255696
v -0.141135 0.784681 -0.325667
vn -0.744796 0.667276 0.004695
v -0.135966 0.821123 -0.268593
vn -0.885042 -0.459437 -0.074959
v -0.130971 0.794930 -0.413361
vn -0.984572 0.174113 -0.017368
v -0.131087 0.812986 -0.420465
vn -0.994447 -0.092409 -0.050358
v -0.131257 0.805056 -0.431081
vn -0.896212 -0.431795 -0.101775
v -0.133855 0.792852 -0.353443
vn -0.996495 -0.003199 -0.083592
v -0.134203 0.800416 -0.357796
vn -0.962583 0.245493 -0.114749
v -0.134232 0.808932 -0.342010
vn -0.961970 -0.067217 -0.264754
v -0.137245 0.795289 -0.340288
vn -0.868414 -0.479806 -0.125074
v -0.142205 0.779793 -0.293281
vn -0.915361 0.366281 -0.167192
v -0.142292 0.812413 -0.309320
vn -0.980649 -0.044468 -0.190655
v -0.145014 0.796294 -0.318008
vn -0.879063 0.465492 0.102787
v -0.146734 0.808241 -0.276200
vn -0.994969 -0.098537 -0.018074
v -0.148562 0.790149 -0.277427
vn 0.950521 0.287959 0.116575
v -0.083231 0.821008 -0.520390
vn 0.953613 -0.255694 0.158880
v -0.085871 0.801188 -0.502128
vn 0.964832 -0.234220 -0.119335
v -0.085256 0.807754 -0.530091
vn 0.828621 -0.559809 0.000831
v -0.090208 0.795432 -0.519000
vn 0.859872 0.408181 -0.306609
v -0.087406 0.828894 -0.539841
vn 0.972468 -0.044453 -0.228759
v -0.088372 0.806046 -0.545269
vn 0.975846 -0.129720 0.175777
v -0.093465 0.803156 -0.481891
vn 0.552974 -0.831432 0.054227
v -0.098411 0.786348 -0.513363
vn 0.784523 0.607744 0.123170
v -0.096439 0.837528 -0.521008
vn 0.928544 0.301375 0.216746
v -0.093475 0.823032 -0.497972
vn 0.563301 0.824852 0.048074
v -0.102633 0.844875 -0.532893
vn 0.998209 0.033666 0.049458
v -0.094564 0.809584 -0.462082
vn 0.742081 -0.665133 0.083156
v -0.099239 0.793264 -0.467186
vn 0.839614 -0.543028 -0.012989
v -0.098326 0.793217 -0.425452
vn 0.751360 0.654968 0.080462
v -0.103072 0.842105 -0.504150
vn 0.914387 0.395305 0.087355
v -0.099253 0.829912 -0.470023
vn 0.711314 -0.675926 0.192759
v -0.095317 0.790544 -0.485734
vn -0.168064 -0.981081 0.096096
v -0.114166 0.781930 -0.496580
vn 0.497915 0.866981 0.020599
v -0.109687 0.848467 -0.505245
vn 0.213065 -0.974967 0.063575
v -0.106373 0.789281 -0.462336
vn 0.768814 0.634847 0.076773
v -0.105860 0.843281 -0.475328
vn -0.002816 -0.995165 -0.098179
v -0.110652 0.788583 -0.455329
vn 0.449191 0.729156 -0.516294
v -0.108970 0.849021 -0.552002
vn -0.236012 0.971741 0.004138
v -0.115524 0.850075 -0.516116
vn 0.025536 0.555577 -0.831073
v -0.106996 0.828299 -0.557843
vn -0.209087 0.909775 -0.358597
v -0.116415 0.849442 -0.551434
vn -0.741977 -0.662278 0.104199
v -0.127058 0.790693 -0.520649
vn -0.840040 0.362268 -0.403850
v -0.123155 0.817836 -0.553083
vn -0.704140 0.709958 -0.012083
v -0.123164 0.846531 -0.525322
vn -0.892447 0.164171 -0.420222
v -0.133508 0.828128 -0.541630
vn -0.824574 0.561141 0.072098
v -0.120465 0.846654 -0.500645
vn -0.898547 0.427172 0.100684
v -0.123311 0.836342 -0.494613
vn -0.864818 -0.500180 0.043699
v -0.125733 0.796554 -0.476506
vn -0.911788 0.408901 0.037992
v -0.127373 0.827538 -0.451267
vn -0.942821 0.302943 0.138975
v -0.129738 0.826208 -0.499842
vn -0.990763 -0.117958 0.066895
v -0.135730 0.809745 -0.510148
vn -0.997951 0.020498 0.060617
v -0.129983 0.812453 -0.483682
vn -0.933600 0.343961 0.100406
v -0.135440 0.826454 -0.524704
vn -0.830881 0.394683 0.392252
v -0.135022 0.798174 -0.585206
vn 0.858498 -0.274356 0.433256
v -0.082051 0.776110 -0.595016
vn 0.927055 0.166033 0.336158
v -0.079136 0.799725 -0.600415
vn 0.982366 0.094965 0.161054
v -0.090893 0.796269 -0.571450
vn 0.862872 -0.413394 0.290787
v -0.093957 0.776025 -0.577847
vn -0.693564 -0.645331 0.320184
v -0.123899 0.774517 -0.554214
vn -0.531477 -0.675161 0.511555
v -0.126511 0.758670 -0.582213
vn 0.727612 -0.538382 0.425119
v -0.096910 0.769007 -0.581169
vn 0.199798 -0.831175 0.518873
v -0.109673 0.763536 -0.570758
vn -0.072518 -0.883925 0.461972
v -0.115679 0.752191 -0.584392
vn 0.524950 -0.711188 0.467588
v -0.098596 0.754375 -0.589946
vn 0.985583 0.022476 0.167696
v -0.076759 0.792810 -0.613693
vn 0.517666 0.754012 0.404335
v -0.086381 0.829164 -0.606237
vn 0.952411 0.294462 0.078776
v -0.079051 0.817967 -0.614730
vn 0.554145 0.808782 -0.196962
v -0.088475 0.834517 -0.619957
vn -0.021058 0.933233 -0.358654
v -0.108695 0.826078 -0.624455
vn -0.029312 0.967781 0.250082
v -0.099667 0.830796 -0.605824
vn -0.040212 0.968656 0.245130
v -0.118295 0.829262 -0.605579
vn -0.328327 0.936738 -0.121342
v -0.129040 0.832306 -0.616871
vn -0.624434 0.660523 0.416883
v -0.130624 0.826725 -0.602616
vn -0.921276 0.172937 0.348344
v -0.146831 0.788338 -0.601340
vn -0.532664 -0.736146 0.417561
v -0.129772 0.752382 -0.595172
vn -0.863458 -0.284063 0.416831
v -0.146101 0.771130 -0.602760
vn 0.020893 0.931436 0.363304
v -0.107722 0.822684 -0.587789
vn -0.400516 0.805180 0.437346
v -0.121104 0.820052 -0.588136
vn -0.920034 -0.168109 0.353943
v -0.130861 0.776909 -0.572701
vn -0.999773 0.017593 0.012059
v -0.130284 0.793099 -0.553720
vn -0.927464 0.373368 -0.020159
v -0.126856 0.805104 -0.564646
vn -0.500100 0.860024 -0.101280
v -0.116576 0.816051 -0.567802
vn 0.574995 0.812773 -0.093711
v -0.098207 0.814928 -0.569172
vn 0.587973 0.674030 0.447182
v -0.093984 0.818695 -0.587278
vn 0.909057 -0.416485 0.012441
v -0.093231 0.790710 -0.533871
vn 0.660856 -0.731101 0.169590
v -0.097669 0.785264 -0.531287
vn 0.800012 0.444545 -0.402939
v -0.097189 0.819697 -0.557224
vn -0.008085 -0.979133 0.203061
v -0.109285 0.782602 -0.525311
vn -0.969062 -0.217737 -0.116228
v -0.132254 0.802252 -0.527778
vn -0.967616 -0.019087 0.251704
v -0.151075 0.771718 -0.616483
vn -0.907688 0.410210 0.088493
v -0.140271 0.812967 -0.612932
vn -0.224140 0.949002 -0.221712
v -0.095142 0.833523 -0.620666
vn 0.958010 0.285711 -0.024210
v -0.078139 0.810173 -0.627249
vn 0.856113 -0.374360 0.356265
v -0.081965 0.763937 -0.603577
vn 0.448120 -0.783738 0.430051
v -0.095823 0.751113 -0.604743
vn 0.030550 -0.941768 0.334874
v -0.113612 0.748118 -0.600762
vn 0.841498 -0.397014 0.366416
v -0.075758 0.756219 -0.627800
vn -0.178385 0.648846 -0.739714
v -0.091550 0.822663 -0.637368
vn -0.757283 -0.499258 0.421027
v -0.146649 0.749842 -0.625583
vn -0.008468 -0.845216 0.534358
v -0.113449 0.744259 -0.608533
vn -0.723877 0.345467 -0.597205
v -0.148759 0.796494 -0.646992
vn -0.359047 0.617540 -0.699807
v -0.137694 0.811242 -0.646641
vn 0.253069 0.246770 -0.935447
v -0.126473 0.812563 -0.642502
vn 0.619565 0.590249 -0.517442
v -0.082051 0.817127 -0.640872
vn 0.287634 -0.954123 -0.083162
v -0.099588 0.718615 -0.649262
vn 0.051436 -0.952312 -0.300758
v -0.115143 0.716337 -0.649606
vn -0.215791 -0.572552 -0.790961
v -0.129485 0.717509 -0.651331
vn -0.781902 -0.615603 -0.098296
v -0.148354 0.729543 -0.648960
vn -0.857608 -0.175795 -0.483326
v -0.157142 0.751783 -0.647407
vn -0.875323 0.148657 -0.460120
v -0.156296 0.775664 -0.646279
vn 0.299620 -0.137943 -0.944034
v -0.141917 0.799288 -0.648869
vn -0.217478 0.127773 -0.967666
v -0.087103 0.808669 -0.648533
vn -0.274864 -0.145906 -0.950348
v -0.079705 0.790811 -0.643659
vn 0.514005 0.176730 -0.839384
v -0.073643 0.793400 -0.647215
vn -0.333778 0.042710 -0.941684
v -0.075448 0.761045 -0.645820
vn 0.518915 0.062117 -0.852566
v -0.070292 0.773529 -0.648706
vn 0.719809 -0.660322 -0.214126
v -0.080507 0.729037 -0.650237
vn 0.557176 -0.038686 -0.829492
v -0.071255 0.748297 -0.648288
vn -0.137101 0.020559 -0.990344
v -0.149398 0.737468 -0.649697
vn 0.209141 -0.305270 -0.929016
v -0.137390 0.800550 -0.642886
vn -0.153854 -0.229661 -0.961033
v -0.113056 0.751661 -0.646702
vn -0.124071 0.126844 -0.984133
v -0.093171 0.802846 -0.643275
vn 0.073076 0.006487 -0.997305
v -0.153379 0.766492 -0.646703
vn -0.119564 -0.040804 -0.991988
v -0.118371 0.758704 -0.643613
vn 0.028411 -0.093472 -0.995216
v -0.106030 0.720540 -0.650473
vn 0.018016 0.059907 -0.998041
v -0.100899 0.763424 -0.643454
vn -0.341425 -0.805367 0.484575
v -0.130846 0.743725 -0.617230
vn -0.954919 0.253857 0.153905
v -0.152075 0.784783 -0.628158
vn 0.108708 0.762251 -0.638088
v -0.122579 0.824791 -0.631043
vn -0.019506 0.647396 -0.761904
v -0.108790 0.812580 -0.638757
vn 0.985895 0.032325 0.164212
v -0.071361 0.779961 -0.632150
vn 0.971028 -0.214082 -0.106176
v 0.198179 0.570346 0.165036
vn 0.995695 -0.078055 -0.049994
v 0.200282 0.588818 0.162781
vn 0.995684 0.087958 0.029625
v 0.200403 0.611984 0.160384
vn 0.994989 0.099148 -0.012878
v 0.197131 0.634280 0.122944
vn 0.937727 -0.310958 -0.154832
v 0.188290 0.559858 0.117636
vn 0.980778 0.188889 0.048937
v 0.194481 0.643998 0.156842
vn 0.982899 0.183451 -0.015990
v 0.195166 0.653211 0.102314
vn 0.984365 0.160184 0.073264
v 0.197539 0.627918 0.158670
vn 0.998395 -0.006284 -0.056293
v 0.197285 0.622310 0.104438
vn 0.982421 0.186531 -0.007445
v 0.190894 0.662965 0.150855
vn 0.996211 0.021895 -0.084169
v 0.196031 0.631430 0.074122
vn 0.921828 -0.358533 -0.147269
v 0.191189 0.549753 0.160657
vn 0.988096 -0.131909 -0.079154
v 0.195165 0.601428 0.097407
vn 0.979901 -0.182295 -0.081009
v 0.193817 0.601743 0.068504
vn 0.962125 -0.249954 -0.108800
v 0.191724 0.579471 0.102134
vn 0.946346 -0.291613 -0.139252
v 0.194526 0.545470 0.186733
vn 0.976208 -0.206728 -0.065433
v 0.190434 0.591316 0.047995
vn 0.959141 0.282572 -0.014229
v 0.190242 0.670415 0.105726
vn 0.988115 -0.031725 -0.150407
v 0.192283 0.606549 0.045690
vn 0.958579 0.252931 -0.130966
v 0.191394 0.655979 0.068501
vn 0.967931 0.157112 -0.196024
v 0.191733 0.642040 0.055769
vn 0.925533 0.370803 -0.076774
v 0.183729 0.686956 0.096241
vn 0.941758 -0.306534 -0.138310
v 0.180325 0.563873 0.030888
vn 0.981147 -0.103026 -0.163512
v 0.187699 0.588093 0.029044
vn 0.952379 0.304574 -0.014437
v 0.184340 0.687133 0.145422
vn 0.955008 -0.290677 -0.058871
v 0.183285 0.555787 0.065901
vn 0.943437 0.269799 -0.192706
v 0.182470 0.649094 0.019288
vn 0.912990 0.355951 -0.199369
v 0.183053 0.674199 0.055271
vn 0.983727 0.066462 -0.166927
v 0.184323 0.623077 0.009743
vn 0.917274 -0.381810 -0.113267
v 0.177684 0.536577 0.106404
vn 0.903850 0.426884 -0.028732
v 0.175652 0.710185 0.136111
vn 0.939341 -0.316584 -0.131958
v 0.181999 0.570794 0.014711
vn 0.872597 0.468905 -0.136760
v 0.174427 0.704794 0.089673
vn 0.843446 0.528975 -0.093729
v 0.168815 0.719730 0.112233
vn 0.901738 -0.429858 -0.045727
v 0.174220 0.531420 0.086120
vn 0.995323 -0.001118 -0.096593
v 0.182751 0.615388 -0.005019
vn 0.963918 0.229503 -0.134874
v 0.180878 0.644044 -0.002127
vn 0.983150 0.139559 -0.118064
v 0.180977 0.624391 -0.031573
vn 0.983407 -0.122035 -0.134235
v 0.180698 0.593287 -0.036562
vn 0.916455 -0.376151 -0.136457
v 0.173924 0.559383 -0.004911
vn 0.827208 -0.515058 -0.224594
v 0.167131 0.543535 0.010077
vn 0.973419 -0.186403 -0.133074
v 0.179524 0.584100 -0.007672
vn 0.907589 0.376137 -0.186557
v 0.176010 0.647480 -0.024123
vn 0.926409 0.300417 -0.226973
v 0.175378 0.635163 -0.049681
vn 0.960799 0.102250 -0.257701
v 0.178657 0.621301 -0.050581
vn 0.875285 -0.476174 -0.084468
v 0.171414 0.528718 0.057174
vn 0.837788 0.498645 -0.222407
v 0.171432 0.665641 -0.006027
vn 0.941390 -0.298099 -0.157868
v 0.173480 0.570777 -0.038722
vn 0.845997 0.532834 -0.019411
v 0.164593 0.729400 0.142985
vn 0.771414 0.587647 -0.244113
v 0.164667 0.663462 -0.033347
vn 0.820036 -0.570735 -0.042467
v 0.166576 0.517641 0.079071
vn 0.927232 -0.320442 -0.193799
v 0.177385 0.545269 0.032990
vn 0.921315 -0.349558 -0.170261
v 0.174916 0.524040 0.136774
vn 0.855435 0.462578 -0.232921
v 0.172860 0.693247 0.052947
vn 0.801829 -0.542040 -0.251522
v 0.168854 0.528730 0.034652
vn 0.790073 0.546669 -0.277376
v 0.159719 0.708922 0.043069
vn 0.781952 0.551483 -0.290547
v 0.163313 0.686187 0.012972
vn 0.878800 0.425242 -0.216517
v 0.174883 0.672323 0.024294
vn 0.768567 -0.631934 -0.099814
v 0.160858 0.510700 0.060551
vn 0.772602 0.626637 -0.102036
v 0.155427 0.740288 0.121088
vn 0.786237 -0.595821 -0.163795
v 0.164442 0.542696 -0.013572
vn 0.848371 -0.513649 -0.128186
v 0.164938 0.550487 -0.033318
vn 0.821988 0.497793 -0.276657
v 0.165937 0.652345 -0.056566
vn 0.684276 -0.682887 -0.255795
v 0.156445 0.509519 0.043768
vn 0.610104 -0.677104 -0.411464
v 0.152922 0.515722 0.024076
vn 0.751488 -0.635731 -0.176387
v 0.149990 0.500844 0.059003
vn 0.569095 -0.788210 -0.234214
v 0.151250 0.527353 -0.007225
vn 0.563299 -0.802563 -0.196436
v 0.151579 0.535997 -0.029424
vn 0.904591 -0.364279 -0.221395
v 0.156376 0.501311 0.081586
vn 0.689444 0.647666 -0.324339
v 0.156707 0.659100 -0.064441
vn 0.542783 -0.786372 -0.294967
v 0.149560 0.524447 0.008293
vn 0.719397 0.621106 -0.310958
v 0.149543 0.680356 -0.031980
vn 0.786866 0.585858 -0.193940
v 0.163471 0.720868 0.086088
vn 0.396316 -0.865552 -0.306193
v 0.141614 0.498738 0.041006
vn 0.771845 0.630177 -0.084450
v 0.142008 0.757022 0.138643
vn 0.335233 -0.811313 -0.478946
v 0.138956 0.507454 0.024791
vn 0.772416 0.554271 -0.310092
v 0.142121 0.710845 0.005198
vn 0.775741 0.575214 -0.259527
v 0.142479 0.728728 0.040576
vn 0.259635 -0.902202 -0.344414
v 0.138330 0.519404 -0.007868
vn 0.136481 -0.918202 -0.371857
v 0.137388 0.525698 -0.017648
vn 0.248484 -0.932331 -0.262708
v 0.137672 0.528953 -0.027559
vn 0.043109 -0.925607 -0.376023
v 0.128562 0.514593 0.009090
vn 0.186181 -0.749088 -0.635770
v 0.130181 0.498647 0.044619
vn 0.783544 0.600028 -0.161322
v 0.141285 0.749635 0.097068
vn 0.708187 0.589390 -0.388705
v 0.134836 0.704260 -0.021894
vn 0.551095 0.765184 -0.332847
v 0.142901 0.670803 -0.064120
vn 0.578374 0.679390 -0.451567
v 0.135370 0.688563 -0.043978
vn 0.747194 0.580164 -0.324208
v 0.131153 0.735061 0.018170
vn 0.757674 0.602046 -0.251936
v 0.129431 0.751937 0.049404
vn 0.375379 -0.189020 -0.907393
v 0.121230 0.498039 0.041605
vn -0.258206 -0.892446 -0.369959
v 0.122436 0.521314 -0.011053
vn 0.778360 0.621666 -0.087671
v 0.129999 0.772461 0.131052
vn 0.623561 0.650598 -0.433467
v 0.121230 0.732331 -0.003867
vn 0.239130 0.832013 -0.500571
v 0.112450 0.686062 -0.070480
vn 0.313027 0.922337 -0.226514
v 0.130948 0.672045 -0.085228
vn 0.664471 0.743045 -0.079764
v 0.118726 0.785287 0.133585
vn 0.740402 0.656601 -0.143805
v 0.125229 0.774094 0.102309
vn 0.700836 0.672773 -0.237078
v 0.122475 0.770174 0.075056
vn 0.626976 0.763843 -0.153120
v 0.114377 0.784770 0.101742
vn 0.588120 0.735133 -0.337184
v 0.116357 0.764312 0.046265
vn 0.522202 0.662161 -0.537446
v 0.120590 0.713570 -0.031031
vn 0.133568 0.983796 -0.119601
v 0.123946 0.669838 -0.103341
vn -0.159834 -0.897792 -0.410394
v 0.121891 0.507071 0.022420
vn 0.586768 0.709570 -0.390145
v 0.116575 0.752964 0.022573
vn 0.554661 0.784631 -0.276957
v 0.110108 0.780642 0.072532
vn 0.427633 0.739138 -0.520390
v 0.110199 0.735771 -0.011040
vn -0.229294 0.898356 -0.374675
v 0.105851 0.669423 -0.102031
vn 0.497732 0.863266 -0.083871
v 0.107043 0.794851 0.133168
vn 0.132738 -0.152393 -0.979366
v 0.101538 0.508245 0.034129
vn 0.447167 0.805167 -0.389547
v 0.104846 0.771142 0.043293
vn 0.453686 0.871881 -0.184368
v 0.102845 0.792816 0.101507
vn -0.260862 -0.796858 -0.544948
v 0.109459 0.510154 0.029742
vn 0.324274 0.807687 -0.492431
v 0.100025 0.759560 0.017209
vn 0.341585 0.884943 -0.316536
v 0.098224 0.786811 0.071177
vn 0.160997 0.763602 -0.625294
v 0.097628 0.729657 -0.026589
vn -0.433213 -0.829707 -0.352011
v 0.098847 0.524613 0.007773
vn 0.120897 0.797749 -0.590746
v 0.097575 0.745322 -0.005134
vn 0.213089 0.871635 -0.441414
v 0.093000 0.775341 0.041680
vn 0.289608 0.950688 -0.110995
v 0.093961 0.801490 0.131808
vn 0.053786 0.728815 -0.682595
v 0.100759 0.702378 -0.055925
vn 0.220248 0.950359 -0.219792
v 0.089402 0.797719 0.100241
vn 0.128319 0.842021 -0.523961
v 0.088012 0.761185 0.014816
vn 0.089060 0.932182 -0.350865
v 0.084348 0.789626 0.069770
vn -0.158156 0.757168 -0.633785
v 0.097827 0.686790 -0.072297
vn -0.269126 0.803764 -0.530598
v 0.099317 0.671738 -0.092310
vn -0.595526 -0.741749 -0.308476
v 0.088011 0.536147 -0.002275
vn -0.108380 0.760089 -0.640717
v 0.084725 0.743087 -0.009122
vn -0.525418 -0.718837 -0.455202
v 0.081568 0.531635 0.022818
vn -0.407283 0.649767 -0.641813
v 0.089103 0.687900 -0.064535
vn -0.044358 0.881882 -0.469378
v 0.079315 0.776115 0.040537
vn -0.239736 0.715453 -0.656243
v 0.082259 0.724193 -0.029547
vn -0.446654 0.580192 -0.681086
v 0.081079 0.705263 -0.047034
vn -0.157662 0.811916 -0.562080
v 0.074454 0.759068 0.013333
vn -0.575983 0.477608 -0.663427
v 0.079154 0.684856 -0.062205
vn -0.653385 0.482528 -0.583314
v 0.079721 0.667632 -0.074051
vn -0.630005 -0.649418 -0.425851
v 0.064774 0.550478 0.016194
vn -0.704804 -0.663582 -0.250819
v 0.076222 0.550788 -0.012341
vn -0.383142 0.643745 -0.662415
v 0.071190 0.737276 -0.010013
vn 0.283530 0.953443 -0.102751
v 0.079483 0.804586 0.130295
vn -0.643900 0.638284 -0.421884
v 0.092837 0.661489 -0.103054
vn -0.156935 -0.353500 -0.922176
v 0.068706 0.535711 0.030047
vn 0.185747 0.942980 -0.276200
v 0.072762 0.798605 0.097320
vn -0.521834 0.549247 -0.652700
v 0.068008 0.711621 -0.031428
vn -0.821204 0.491880 -0.289271
v 0.085356 0.644408 -0.110001
vn -0.693162 0.395968 -0.602276
v 0.069150 0.665993 -0.063483
vn -0.319289 0.746544 -0.583718
v 0.062963 0.754452 0.013171
vn 0.013714 0.915641 -0.401763
v 0.069429 0.788614 0.069022
vn -0.731236 0.435125 -0.525319
v 0.071036 0.648992 -0.076255
vn -0.712036 0.535165 -0.454537
v 0.075581 0.641703 -0.087676
vn -0.161551 0.848685 -0.503622
v 0.065499 0.773315 0.040288
vn -0.688937 -0.510464 -0.514579
v 0.043476 0.579397 0.009282
vn -0.796063 -0.548305 -0.256211
v 0.060749 0.572666 -0.020062
vn 0.230680 0.966779 -0.110117
v 0.062518 0.811512 0.134239
vn -0.745538 0.315883 -0.586849
v 0.061070 0.644169 -0.065038
vn -0.764889 0.506123 -0.398477
v 0.072056 0.635357 -0.094065
vn -0.597091 0.405624 -0.692064
v 0.055309 0.681581 -0.039287
vn -0.041880 0.828954 -0.557747
v 0.053743 0.772954 0.042753
vn -0.423617 0.598496 -0.679964
v 0.059049 0.729780 -0.008643
vn -0.759064 0.133888 -0.637099
v 0.050213 0.625441 -0.057766
vn -0.882115 0.004516 -0.471012
v 0.051463 0.617091 -0.064097
vn -0.213537 0.734620 -0.644000
v 0.050283 0.752687 0.018229
vn -0.501855 0.513410 -0.696098
v 0.057287 0.703932 -0.027287
vn -0.786220 -0.419811 -0.453450
v 0.029403 0.615401 -0.006648
vn 0.059358 0.995320 -0.076260
v 0.045618 0.814338 0.141103
vn 0.088037 0.949127 -0.302336
v 0.052295 0.805890 0.104376
vn -0.366279 0.441967 -0.818844
v 0.046090 0.670887 -0.037985
vn -0.515255 0.294210 -0.804955
v 0.041275 0.657895 -0.041932
vn -0.626221 0.162248 -0.762576
v 0.033823 0.652692 -0.039047
vn -0.304119 0.619326 -0.723842
v 0.048904 0.730081 -0.001909
vn 0.067670 0.890841 -0.449248
v 0.048586 0.793918 0.075378
vn -0.357555 0.522874 -0.773794
v 0.047470 0.707231 -0.018760
vn -0.853867 -0.430353 -0.292758
v 0.043869 0.607311 -0.032696
vn -0.152971 0.749081 -0.644575
v 0.038717 0.766040 0.034332
vn -0.143367 0.679504 -0.719527
v 0.038875 0.742917 0.011010
vn -0.877961 -0.196437 -0.436573
v 0.047025 0.616068 -0.052470
vn -0.777901 -0.035637 -0.627376
v 0.029566 0.648195 -0.035352
vn -0.137453 0.597012 -0.790369
v 0.038698 0.719076 -0.008736
vn -0.118341 0.538834 -0.834058
v 0.033089 0.699059 -0.020662
vn -0.853202 -0.296915 -0.428822
v 0.029258 0.635653 -0.032604
vn -0.389934 0.361542 -0.846900
v 0.025519 0.693004 -0.022246
vn -0.101110 0.962758 -0.250747
v 0.032838 0.808785 0.114766
vn -0.100200 0.906131 -0.410958
v 0.033756 0.798229 0.084654
vn -0.134453 0.990705 -0.020633
v 0.031669 0.814420 0.147917
vn -0.085343 0.821265 -0.564128
v 0.037181 0.781370 0.054214
vn -0.625866 0.237015 -0.743045
v 0.017022 0.689627 -0.017373
vn -0.186264 0.751878 -0.632443
v 0.025581 0.762762 0.034233
vn -0.128356 0.688508 -0.713780
v 0.025379 0.746970 0.016693
vn -0.263121 0.791266 -0.551966
v 0.024280 0.777974 0.054148
vn -0.304788 0.816845 -0.489763
v 0.022246 0.790512 0.075083
vn -0.096323 0.679737 -0.727103
v 0.021082 0.733406 0.003950
vn -0.281781 0.895482 -0.344544
v 0.020963 0.800862 0.097297
vn -0.413105 0.892175 -0.182669
v 0.017604 0.808046 0.124701
vn -0.443495 0.509514 -0.737365
v 0.014771 0.723735 -0.000724
vn -0.405343 0.914115 -0.009495
v 0.016863 0.810981 0.152528
vn 0.282752 -0.010310 -0.959138
v 0.024465 0.608629 0.008519
vn -0.140289 0.215703 -0.966329
v 0.009237 0.637459 0.006009
vn -0.770718 -0.354522 -0.529441
v 0.015361 0.640105 0.000105
vn 0.976761 -0.053480 -0.207552
v 0.173270 0.597537 -0.064216
vn 0.619716 -0.782272 -0.063266
v 0.154134 0.539920 -0.049712
vn -0.195564 -0.967305 -0.161478
v 0.126568 0.532962 -0.043779
vn -0.256024 -0.911882 -0.320816
v 0.121378 0.533988 -0.033729
vn -0.386602 -0.853696 -0.348915
v 0.113123 0.532640 -0.026662
vn -0.528007 -0.810988 -0.252007
v 0.097536 0.548693 -0.044606
vn -0.501593 -0.795945 -0.338933
v 0.095981 0.542415 -0.026588
vn -0.635569 -0.729707 -0.252150
v 0.077347 0.566232 -0.053610
vn -0.679677 -0.680028 -0.274956
v 0.070001 0.565822 -0.037510
vn -0.825785 -0.506424 -0.248222
v 0.064720 0.582391 -0.059054
vn -0.868862 -0.372133 -0.326489
v 0.056317 0.594823 -0.057159
vn 0.996539 0.024473 -0.079446
v 0.170132 0.599915 -0.084986
vn 0.980213 -0.182823 -0.075883
v 0.170823 0.575979 -0.061062
vn 0.963125 0.180916 -0.199147
v 0.167199 0.622840 -0.082038
vn 0.891916 -0.451186 -0.030280
v 0.166590 0.557040 -0.069797
vn 0.980253 0.184942 -0.070005
v 0.168583 0.611357 -0.090260
vn 0.895004 0.433354 -0.105696
v 0.160486 0.631932 -0.116642
vn 0.998780 -0.003212 -0.049285
v 0.171153 0.584602 -0.128092
vn 0.932652 0.354099 -0.069093
v 0.164096 0.620417 -0.141916
vn 0.875070 0.414391 -0.250064
v 0.162547 0.634754 -0.087868
vn 0.946086 0.291536 -0.141165
v 0.164018 0.613400 -0.162074
vn 0.980813 0.174655 -0.086611
v 0.166905 0.603816 -0.157972
vn 0.915350 0.369321 -0.160427
v 0.160081 0.624398 -0.167023
vn 0.983339 -0.099313 -0.152253
v 0.167136 0.589930 -0.167354
vn 0.929866 -0.355184 -0.095880
v 0.167545 0.562811 -0.114626
vn 0.895325 -0.392608 -0.210363
v 0.163145 0.572420 -0.162227
vn 0.979336 -0.043612 -0.197481
v 0.162726 0.598500 -0.195233
vn 0.957627 0.257326 -0.129361
v 0.162658 0.608152 -0.185346
vn 0.894908 0.412247 -0.170857
v 0.156755 0.620929 -0.183084
vn 0.895079 -0.357859 -0.266028
v 0.159740 0.589616 -0.199254
vn 0.893522 0.409829 -0.183463
v 0.147068 0.635758 -0.203812
vn 0.775688 0.613238 -0.149153
v 0.145596 0.655529 -0.122184
vn 0.670776 -0.735127 -0.098223
v 0.158146 0.546600 -0.104499
vn 0.734867 -0.645757 -0.207291
v 0.156752 0.555134 -0.146862
vn 0.842339 0.521340 -0.136635
v 0.155140 0.619297 -0.212287
vn 0.960234 0.170599 -0.221013
v 0.156159 0.609011 -0.224452
vn 0.762620 -0.546432 -0.346153
v 0.149022 0.583279 -0.216527
vn 0.848283 0.508718 -0.147043
v 0.146730 0.625856 -0.220561
vn 0.709976 -0.628712 -0.317262
v 0.151724 0.566580 -0.189115
vn 0.913958 -0.284467 -0.289413
v 0.153824 0.597070 -0.229916
vn 0.805813 0.585416 -0.089187
v 0.151919 0.637175 -0.169627
vn 0.921807 0.374110 -0.101559
v 0.144120 0.623511 -0.248070
vn 0.956516 0.016030 -0.291239
v 0.150075 0.608720 -0.246748
vn 0.687592 0.697936 -0.200255
v 0.146390 0.659384 -0.087368
vn 0.806426 -0.479079 -0.346642
v 0.148601 0.600197 -0.246639
vn 0.796130 0.586855 -0.147578
v 0.148411 0.644362 -0.136369
vn 0.997999 -0.036957 -0.051300
v 0.145372 0.614597 -0.262741
vn 0.795436 0.592820 -0.125882
v 0.136239 0.649785 -0.213437
vn 0.309222 -0.941260 -0.135688
v 0.144859 0.538613 -0.107018
vn 0.293200 -0.954015 -0.062367
v 0.143661 0.536440 -0.083599
vn 0.203021 -0.971266 -0.124194
v 0.139403 0.532429 -0.043439
vn 0.375189 -0.894153 -0.244383
v 0.144476 0.545518 -0.142430
vn 0.921296 0.388169 -0.023198
v 0.147821 0.629064 -0.297562
vn 0.878958 0.475087 0.041536
v 0.131878 0.645163 -0.261310
vn 0.864015 -0.482934 -0.142312
v 0.140399 0.599531 -0.266668
vn 0.359262 -0.873817 -0.327682
v 0.141511 0.560555 -0.192942
vn 0.688479 0.718548 -0.098410
v 0.131575 0.659709 -0.160992
vn 0.874942 0.477355 -0.081288
v 0.139795 0.634403 -0.243444
vn 0.873697 0.486324 -0.011947
v 0.132396 0.651335 -0.281860
vn 0.489233 0.862977 -0.126183
v 0.135349 0.664415 -0.116528
vn 0.482019 -0.875727 -0.027576
v 0.129772 0.588924 -0.271035
vn 0.853339 0.507780 -0.118201
v 0.131306 0.648058 -0.238840
vn -0.040544 -0.971678 -0.232807
v 0.128860 0.541334 -0.134463
vn -0.046224 -0.993918 -0.099950
v 0.129371 0.535302 -0.099720
vn -0.159336 -0.986832 -0.027826
v 0.128161 0.534506 -0.061548
vn 0.523648 -0.756334 -0.392111
v 0.140921 0.565617 -0.205252
vn 0.383531 -0.859606 -0.337612
v 0.129395 0.582318 -0.250091
vn 0.740915 0.670072 -0.045255
v 0.128038 0.660608 -0.196630
vn 0.321356 0.945229 -0.057212
v 0.123650 0.666840 -0.141778
vn 0.833638 0.550152 -0.048788
v 0.126015 0.660266 -0.230396
vn 0.876840 0.472033 0.091305
v 0.123372 0.665268 -0.254564
vn 0.013028 -0.942299 -0.334519
v 0.126880 0.561769 -0.202093
vn -0.169959 -0.935926 -0.308475
v 0.115474 0.574911 -0.233785
vn 0.518289 0.855156 -0.009205
v 0.122209 0.666264 -0.198422
vn 0.743216 0.658819 -0.116564
v 0.122722 0.673478 -0.276989
vn -0.206705 -0.964536 -0.164145
v 0.110946 0.584123 -0.263888
vn -0.274190 -0.936913 -0.216826
v 0.114605 0.543207 -0.129718
vn -0.311728 -0.908150 -0.279445
v 0.113327 0.564703 -0.200339
vn -0.492738 -0.869642 0.030531
v 0.117499 0.539184 -0.061442
vn 0.464575 0.881502 0.084402
v 0.117964 0.669760 -0.241416
vn -0.209560 0.974065 -0.085334
v 0.114587 0.668953 -0.109986
vn -0.051152 0.998598 0.013641
v 0.116152 0.667820 -0.202551
vn -0.472550 -0.855437 -0.211952
v 0.101925 0.549565 -0.132028
vn -0.519161 0.854512 -0.016750
v 0.107182 0.666060 -0.143449
vn -0.548701 0.835986 0.007378
v 0.109934 0.665861 -0.193849
vn -0.417674 -0.900939 -0.117719
v 0.112483 0.539024 -0.105296
vn -0.434626 0.891538 0.127519
v 0.109078 0.668040 -0.235293
vn -0.443499 -0.888997 0.113989
v 0.110980 0.538139 -0.080156
vn -0.508007 -0.859420 -0.057684
v 0.106332 0.547989 -0.061667
vn -0.798808 0.597174 -0.072723
v 0.101615 0.672596 -0.275069
vn -0.577719 -0.811703 0.085903
v 0.099563 0.590545 -0.275651
vn -0.650221 -0.759142 0.030271
v 0.093829 0.555278 -0.063190
vn -0.847262 0.529711 0.039413
v 0.104331 0.660927 -0.213867
vn -0.871332 0.462474 0.164005
v 0.102598 0.663983 -0.244320
vn -0.856401 0.514337 -0.045099
v 0.102631 0.659885 -0.173145
vn -0.532965 -0.808365 -0.249988
v 0.099260 0.584484 -0.243113
vn -0.760534 -0.632190 -0.148065
v 0.094436 0.592898 -0.256043
vn -0.691479 0.682966 -0.235401
v 0.095239 0.657296 -0.119383
vn -0.959617 0.264267 0.096431
v 0.093505 0.652741 -0.266661
vn -0.648959 -0.740219 -0.175861
v 0.090855 0.556472 -0.128314
vn -0.941210 0.329774 0.073300
v 0.102239 0.649686 -0.230507
vn -0.675421 -0.736827 0.029877
v 0.092017 0.550699 -0.090901
vn -0.805279 -0.562459 -0.187524
v 0.087069 0.576244 -0.177258
vn -0.949238 0.295917 0.106677
v 0.096385 0.642397 -0.240585
vn -0.645496 -0.757725 -0.095855
v 0.090504 0.552976 -0.109440
vn -0.944485 0.323892 -0.055147
v 0.096197 0.639657 -0.191727
vn -0.892317 0.441992 -0.091725
v 0.099279 0.646310 -0.172745
vn -0.820232 -0.561015 -0.111717
v 0.081745 0.563749 -0.114004
vn -0.936196 0.313540 -0.158836
v 0.092684 0.639003 -0.160652
vn -0.792266 0.606481 -0.067047
v 0.099618 0.660223 -0.135809
vn -0.963895 -0.230182 -0.133877
v 0.081762 0.584901 -0.170671
vn -0.945910 -0.304454 0.112083
v 0.088378 0.604333 -0.276023
vn -0.923931 0.379153 0.050941
v 0.093512 0.627431 -0.230786
vn -0.952121 -0.270166 -0.143096
v 0.086634 0.599910 -0.239411
vn -0.953918 0.254925 -0.158284
v 0.085425 0.604758 -0.147313
vn -0.848902 0.496971 -0.179960
v 0.092805 0.645532 -0.133557
vn -0.998645 -0.020877 -0.047668
v 0.087737 0.609643 -0.260399
vn -0.957309 0.282393 0.061755
v 0.091709 0.638577 -0.276200
vn -0.874246 0.424998 -0.234671
v 0.086295 0.638020 -0.130312
vn -0.914335 0.404523 0.018792
v 0.090343 0.610451 -0.176837
vn -0.934780 0.349405 0.064048
v 0.094742 0.624151 -0.209157
vn -0.971585 0.236667 0.003272
v 0.082995 0.601956 -0.198259
vn -0.855125 0.506307 0.111421
v 0.087628 0.612590 -0.200253
vn -0.979641 0.193297 -0.054212
v 0.085677 0.608718 -0.237625
vn -0.934168 -0.335628 -0.121175
v 0.075568 0.575870 -0.116641
vn -0.963284 0.263768 0.050101
v 0.090009 0.618342 -0.248399
vn -0.943580 0.328049 -0.045166
v 0.081782 0.596628 -0.170844
vn -0.953775 0.127037 -0.272350
v 0.086009 0.623642 -0.140145
vn -0.875537 -0.483136 0.003906
v 0.074668 0.572320 -0.091132
vn -0.987464 0.004533 -0.157781
v 0.073086 0.587327 -0.114240
vn -0.886987 -0.444872 -0.123863
v 0.068877 0.583502 -0.082286
vn -0.954678 0.075286 -0.287963
v 0.075344 0.602117 -0.112080
vn -0.917063 0.028955 -0.397691
v 0.065108 0.614199 -0.085102
vn -0.952985 -0.133700 -0.271927
v 0.067966 0.597271 -0.087269
vn 0.977547 -0.210710 0.002028
v 0.147676 0.611318 -0.296592
vn 0.920820 0.312979 -0.232668
v 0.144625 0.627373 -0.315270
vn 0.962817 -0.215389 -0.163067
v 0.144487 0.598481 -0.334511
vn 0.773927 0.612593 -0.160520
v 0.134500 0.647477 -0.295690
vn 0.751040 -0.656178 0.073284
v 0.139288 0.593509 -0.310645
vn 0.883732 0.318485 -0.342906
v 0.135705 0.618363 -0.349970
vn 0.730960 -0.680641 -0.049241
v 0.136935 0.588161 -0.337681
vn 0.812448 -0.579716 0.062112
v 0.132504 0.585234 -0.361561
vn 0.928635 0.291194 -0.229877
v 0.133596 0.614215 -0.357992
vn 0.980621 -0.088779 -0.174643
v 0.135047 0.597963 -0.359570
vn 0.371482 -0.924272 0.087872
v 0.127219 0.582537 -0.331062
vn 0.763533 0.580358 -0.283199
v 0.132354 0.636931 -0.326406
vn 0.826082 0.525235 -0.204247
v 0.129682 0.607483 -0.393384
vn 0.986628 0.135083 -0.091205
v 0.132773 0.588180 -0.408668
vn 0.997643 0.052689 -0.043949
v 0.130757 0.575495 -0.456837
vn 0.939491 -0.337404 0.059287
v 0.131465 0.572038 -0.413485
vn 0.825708 0.499245 -0.262605
v 0.127662 0.617801 -0.368739
vn 0.880700 0.447902 -0.154113
v 0.127400 0.597071 -0.428106
vn 0.763517 -0.602468 0.232540
v 0.123378 0.547028 -0.470020
vn 0.946231 -0.313801 0.078588
v 0.127768 0.552220 -0.472986
vn 0.909080 0.407014 -0.088951
v 0.128236 0.573932 -0.497946
vn 0.834751 0.522029 -0.175146
v 0.123269 0.603668 -0.421969
vn 0.874424 0.463982 -0.141789
v 0.122826 0.591980 -0.468388
vn 0.623104 -0.752857 0.212007
v 0.124996 0.563394 -0.415241
vn -0.022037 -0.996590 0.079517
v 0.116428 0.582537 -0.293042
vn 0.783428 0.568203 -0.251766
v 0.127568 0.657236 -0.285337
vn 0.666579 0.675211 -0.315852
v 0.122478 0.648641 -0.331903
vn 0.717690 0.642314 -0.268987
v 0.122033 0.630859 -0.365643
vn 0.288359 0.862415 -0.416040
v 0.113974 0.671283 -0.296573
vn 0.233761 -0.896468 0.376431
v 0.113502 0.542798 -0.462569
vn 0.733584 0.646475 -0.209579
v 0.119588 0.615073 -0.417927
vn -0.109759 0.991414 -0.071071
v 0.112175 0.677409 -0.278833
vn 0.769372 0.613669 -0.177418
v 0.118940 0.605480 -0.455494
vn 0.015586 0.918493 -0.395131
v 0.116687 0.632225 -0.372925
vn 0.209755 0.940597 -0.266984
v 0.115960 0.604861 -0.462056
vn -0.109341 -0.991372 0.072287
v 0.108890 0.579042 -0.344608
vn 0.124584 -0.973500 0.191770
v 0.116838 0.576666 -0.356669
vn -0.159705 0.871529 -0.463607
v 0.114265 0.650354 -0.333661
vn 0.075901 0.952566 -0.294715
v 0.116497 0.619037 -0.411674
vn -0.652802 0.668123 -0.357017
v 0.111112 0.641109 -0.346943
vn -0.671530 0.697979 -0.248743
v 0.109729 0.624624 -0.383697
vn -0.569384 0.729466 -0.379052
v 0.107213 0.666799 -0.299625
vn -0.422115 -0.875152 0.236492
v 0.108585 0.573219 -0.373760
vn -0.546199 -0.837577 0.011482
v 0.101632 0.581219 -0.350469
vn -0.344232 -0.935106 0.084148
v 0.098781 0.582454 -0.322037
vn -0.492579 -0.820209 0.290900
v 0.104397 0.561015 -0.416345
vn -0.849175 0.500499 -0.168532
v 0.100350 0.655763 -0.297393
vn -0.853981 -0.508460 0.110389
v 0.098767 0.580697 -0.376795
vn -0.860170 0.492313 -0.133177
v 0.104140 0.605114 -0.419520
vn -0.655310 -0.753361 0.054917
v 0.091599 0.586365 -0.324503
vn -0.820243 0.560122 -0.116041
v 0.102930 0.587329 -0.484222
vn -0.948412 -0.292048 0.123380
v 0.096447 0.560427 -0.449701
vn -0.999243 -0.034248 0.018432
v 0.096114 0.579684 -0.408165
vn -0.934994 -0.331959 -0.124860
v 0.095064 0.589440 -0.349113
vn -0.955863 0.267809 -0.120852
v 0.097754 0.605018 -0.376707
vn -0.972890 0.085860 -0.214738
v 0.092892 0.603439 -0.346211
vn -0.901330 0.432213 -0.028211
v 0.091293 0.644178 -0.286784
vn -0.968583 0.241759 -0.058303
v 0.097123 0.589824 -0.414250
vn -0.994110 -0.093190 -0.055334
v 0.095979 0.593027 -0.366031
vn -0.869686 0.425525 -0.250151
v 0.101157 0.633126 -0.332144
vn -0.956424 0.198269 -0.214340
v 0.086078 0.604632 -0.323004
vn -0.931230 -0.340586 -0.129660
v 0.086718 0.592474 -0.325607
vn -0.835333 -0.524906 0.163376
v 0.087681 0.597440 -0.293416
vn -0.996010 -0.024430 0.085827
v 0.083465 0.610148 -0.292485
vn 0.997099 0.061023 0.045486
v 0.137250 0.552106 -0.522557
vn 0.934188 0.046221 -0.353774
v 0.133593 0.559302 -0.545372
vn 0.982950 -0.099610 0.154558
v 0.131207 0.553281 -0.498190
vn 0.910583 0.409089 0.059040
v 0.128267 0.573711 -0.521874
vn 0.861718 -0.480556 0.162816
v 0.130342 0.532105 -0.513257
vn 0.998964 0.040920 0.019907
v 0.130068 0.563046 -0.486961
vn 0.644962 0.274425 -0.713243
v 0.122514 0.573558 -0.559278
vn 0.867360 0.496239 -0.037865
v 0.123401 0.578281 -0.503816
vn 0.824453 0.548591 -0.139015
v 0.129513 0.573964 -0.544463
vn 0.389130 -0.853136 0.347471
v 0.118988 0.527699 -0.494839
vn 0.732623 0.677198 -0.068310
v 0.122049 0.584551 -0.522657
vn 0.782638 0.604915 -0.146819
v 0.119912 0.589583 -0.503373
vn 0.065349 0.993244 -0.095892
v 0.113645 0.585525 -0.539554
vn 0.384893 -0.908951 0.160201
v 0.118348 0.520546 -0.517379
vn 0.109888 0.970351 -0.215276
v 0.115649 0.587993 -0.522946
vn -0.170075 0.818874 -0.548196
v 0.111250 0.588000 -0.558149
vn -0.551876 0.806500 -0.212112
v 0.112673 0.599741 -0.474711
vn -0.266554 -0.868411 0.418103
v 0.108658 0.542802 -0.462037
vn -0.602623 0.787430 -0.129612
v 0.106539 0.585708 -0.519972
vn -0.280925 -0.861423 0.423120
v 0.104849 0.529091 -0.486937
vn -0.821994 0.359612 -0.441594
v 0.092035 0.554993 -0.557570
vn -0.784855 -0.535475 0.311880
v 0.099646 0.546533 -0.468023
vn -0.381458 -0.903566 0.195087
v 0.099725 0.521343 -0.515366
vn -0.696629 0.717206 0.017986
v 0.099387 0.577301 -0.537753
vn -0.981417 0.057641 0.183025
v 0.092942 0.554178 -0.489646
vn -0.842129 0.522788 -0.132331
v 0.089877 0.567953 -0.545389
vn -0.894084 0.447730 -0.012343
v 0.097663 0.574441 -0.504043
vn -0.971947 0.232814 -0.033427
v 0.096490 0.582251 -0.447671
vn -0.891872 -0.452248 0.006024
v 0.087502 0.533495 -0.527760
vn -0.837497 -0.464094 0.288473
v 0.090887 0.534334 -0.500781
vn -0.860560 0.488890 0.142907
v 0.092115 0.564403 -0.515729
vn -0.981181 0.026388 0.191279
v 0.083338 0.546574 -0.513941
vn -0.985458 0.153820 -0.072198
v 0.082939 0.553467 -0.528951
vn 0.940962 0.065104 0.332194
v 0.145832 0.534772 -0.611805
vn 0.895618 0.087341 0.436164
v 0.138500 0.534093 -0.597086
vn 0.886551 -0.242233 0.394145
v 0.145184 0.520946 -0.610776
vn -0.912877 0.003489 0.408220
v 0.080095 0.542761 -0.606323
vn -0.850708 -0.451644 0.268911
v 0.081433 0.510923 -0.613426
vn 0.831059 -0.460898 0.311309
v 0.127886 0.511721 -0.584606
vn 0.291464 -0.888005 0.355662
v 0.119162 0.505930 -0.580608
vn -0.826593 -0.444117 0.345695
v 0.093339 0.515949 -0.593931
vn -0.485474 -0.786196 0.382375
v 0.106287 0.498371 -0.597326
vn 0.006716 -0.932681 0.360641
v 0.115558 0.495250 -0.601139
vn -0.989066 -0.036241 0.142954
v 0.075894 0.533595 -0.618730
vn -0.935691 0.312627 0.163545
v 0.079556 0.566260 -0.620160
vn -0.794517 0.388741 0.466501
v 0.085800 0.563374 -0.605424
vn -0.297398 0.846709 0.441178
v 0.091422 0.578309 -0.610347
vn -0.272836 0.955778 -0.109765
v 0.088712 0.583250 -0.622555
vn -0.038916 0.980571 0.192266
v 0.112789 0.574747 -0.611531
vn 0.438267 0.740066 0.510121
v 0.128060 0.574904 -0.608099
vn 0.892946 0.362830 0.266462
v 0.142331 0.557284 -0.618028
vn 0.740913 -0.562153 0.367467
v 0.141502 0.508997 -0.613862
vn 0.556676 -0.758365 0.339108
v 0.131532 0.500473 -0.608116
vn 0.515059 0.689906 0.508668
v 0.122163 0.559972 -0.591770
vn 0.774452 0.399268 0.490724
v 0.134848 0.559361 -0.605172
vn 0.979932 -0.044490 0.194306
v 0.130711 0.527486 -0.578254
vn 0.998244 0.050883 -0.030340
v 0.130794 0.534115 -0.557918
vn 0.805540 -0.586744 0.082680
v 0.126333 0.525356 -0.537662
vn 0.846112 0.412599 0.337427
v 0.128818 0.546138 -0.583690
vn 0.480059 -0.857664 0.184269
v 0.119692 0.519819 -0.537732
vn -0.155552 -0.972010 0.176068
v 0.108895 0.516838 -0.539610
vn 0.478010 0.877408 0.040770
v 0.115751 0.558171 -0.574941
vn -0.396651 -0.860045 0.320923
v 0.105506 0.507365 -0.581188
vn -0.146385 0.831852 0.535345
v 0.101503 0.563933 -0.590045
vn -0.741588 0.663899 0.096362
v 0.094642 0.551407 -0.576683
vn -0.813679 -0.569998 0.114145
v 0.095927 0.517254 -0.569128
vn -0.972329 0.005963 0.233539
v 0.089781 0.540848 -0.584702
vn 0.961784 -0.238304 -0.134844
v 0.132642 0.537599 -0.534125
vn 0.832159 0.231339 -0.503977
v 0.124420 0.554670 -0.559861
vn -0.011532 0.631899 -0.774965
v 0.110270 0.563775 -0.563999
vn -0.727450 -0.684966 0.040457
v 0.095164 0.522812 -0.541785
vn -0.993578 -0.076390 -0.083472
v 0.090491 0.537374 -0.565123
vn 0.117095 0.968237 -0.220922
v 0.107808 0.574329 -0.628896
vn -0.894047 -0.409013 0.182724
v 0.080891 0.514178 -0.619072
vn -0.477073 -0.837946 0.265043
v 0.095318 0.497433 -0.618786
vn -0.988346 0.008230 0.151999
v 0.071350 0.530644 -0.642565
vn -0.973723 0.227178 -0.015925
v 0.080263 0.563478 -0.627601
vn -0.725482 0.626024 -0.285954
v 0.084847 0.574894 -0.635647
vn 0.465833 0.884833 0.008354
v 0.129491 0.579088 -0.620791
vn 0.902829 0.427844 0.042997
v 0.144738 0.553022 -0.634326
vn 0.084856 -0.920457 0.381521
v 0.116640 0.481295 -0.644876
vn 0.641204 0.424785 -0.639074
v 0.148845 0.547744 -0.655371
vn 0.213335 0.707231 -0.674027
v 0.136938 0.563829 -0.651777
vn 0.225267 0.346664 -0.910538
v 0.083222 0.563895 -0.653890
vn -0.783092 0.279523 -0.555549
v 0.071740 0.539332 -0.657638
vn -0.703664 -0.657825 -0.268557
v 0.081604 0.480881 -0.667128
vn -0.242291 -0.966127 0.088849
v 0.098219 0.471579 -0.668459
vn 0.285969 -0.957700 0.032137
v 0.128317 0.471009 -0.668536
vn 0.676818 -0.715983 0.171130
v 0.146228 0.480645 -0.666990
vn 0.929000 -0.012504 -0.369867
v 0.156813 0.503440 -0.662000
vn 0.769708 -0.306910 -0.559782
v 0.151298 0.486497 -0.667950
vn 0.865087 0.265023 -0.425896
v 0.156190 0.526944 -0.657564
vn -0.417932 0.006802 -0.908453
v 0.142033 0.550836 -0.656842
vn -0.124924 0.172292 -0.977092
v 0.073823 0.508067 -0.663782
vn 0.176889 -0.059017 -0.982460
v 0.138153 0.477867 -0.671663
vn -0.061288 0.226501 -0.972081
v 0.154021 0.510516 -0.660887
vn -0.603904 -0.063691 -0.794508
v 0.072085 0.495727 -0.664141
vn 0.017707 0.074048 -0.997097
v 0.104050 0.508544 -0.657821
vn 0.372233 0.091771 -0.923591
v 0.077718 0.537148 -0.653539
vn -0.135068 0.102860 -0.985483
v 0.131261 0.555772 -0.649868
vn -0.197211 0.597334 -0.777367
v 0.127568 0.475155 -0.668873
vn -0.731375 -0.249695 -0.634620
v 0.146616 0.540137 -0.653530
vn 0.146725 0.159054 -0.976306
v 0.088156 0.554905 -0.650334
vn -0.065205 -0.082909 -0.994422
v 0.108381 0.470968 -0.670020
vn 0.062283 0.093177 -0.993700
v 0.117653 0.508891 -0.657484
vn 0.034878 -0.227654 -0.973117
v 0.111146 0.505852 -0.660812
vn 0.977300 0.101525 0.185949
v 0.153226 0.526913 -0.637723
vn -0.133017 0.946697 -0.293379
v 0.118759 0.575412 -0.631904
vn 0.122698 0.676467 -0.726180
v 0.094095 0.571880 -0.641421
vn -0.984318 -0.045647 -0.170395
v 0.070458 0.504510 -0.660550
vn 0.443685 -0.804170 0.395543
v 0.133437 0.492071 -0.635183
vn 0.899353 -0.296187 0.321617
v 0.152303 0.507399 -0.641623
vn 0.995555 -0.093500 0.011348
v 0.194921 0.335133 0.128672
vn 0.990159 -0.085216 -0.111014
v 0.192920 0.329165 0.102292
vn 0.977334 -0.039344 -0.208017
v 0.190968 0.353271 0.079815
vn 0.969533 -0.108053 -0.219839
v 0.186122 0.303358 0.076080
vn 0.940376 -0.018980 0.339608
v 0.182701 0.347352 0.195064
vn 0.984940 -0.150375 -0.085332
v 0.187475 0.286577 0.101133
vn 0.978723 -0.141404 0.148679
v 0.183261 0.267449 0.161828
vn 0.943213 -0.021138 -0.331516
v 0.184366 0.354566 0.057036
vn 0.934135 -0.102247 -0.341961
v 0.178192 0.298256 0.051653
vn 0.946185 -0.091583 0.310397
v 0.180013 0.301443 0.194514
vn 0.987133 -0.158152 0.023586
v 0.187409 0.278496 0.128768
vn 0.890406 -0.028318 -0.454286
v 0.172834 0.347079 0.031117
vn 0.964043 -0.178967 -0.196449
v 0.179533 0.261821 0.074955
vn 0.980270 -0.197628 -0.003665
v 0.181652 0.246699 0.129008
vn 0.954603 -0.132803 0.266639
v 0.174707 0.253653 0.193128
vn 0.977530 -0.185561 0.100013
v 0.177448 0.233682 0.160800
vn 0.975268 -0.203344 -0.086625
v 0.181879 0.254582 0.101170
vn 0.931872 -0.170705 -0.320117
v 0.173643 0.266291 0.050834
vn 0.958131 -0.156920 0.239500
v 0.170615 0.223640 0.190636
vn 0.880262 -0.062374 0.470370
v 0.166389 0.292701 0.223775
vn 0.910178 -0.106148 0.400385
v 0.165094 0.245767 0.217556
vn 0.972463 -0.231756 -0.024582
v 0.173647 0.211747 0.129633
vn 0.965961 -0.236826 -0.104080
v 0.174579 0.222164 0.103165
vn 0.952397 -0.225648 -0.204996
v 0.172721 0.229464 0.077185
vn 0.825555 -0.028873 -0.563582
v 0.158735 0.362264 0.006535
vn 0.974365 -0.217142 0.058840
v 0.170583 0.201554 0.160130
vn 0.879764 -0.117749 -0.460599
v 0.164567 0.279404 0.026336
vn 0.926868 -0.209704 -0.311352
v 0.167938 0.235919 0.052672
vn 0.977392 -0.208548 0.034819
v 0.161206 0.160511 0.160687
vn 0.970378 -0.191878 0.146797
v 0.166576 0.195131 0.184786
vn 0.884646 -0.173442 -0.432804
v 0.158324 0.238776 0.027580
vn 0.816461 -0.096474 -0.569284
v 0.149991 0.281247 0.002907
vn 0.882596 -0.211927 -0.419656
v 0.153854 0.208263 0.032060
vn 0.828826 -0.051059 0.557171
v 0.148023 0.270441 0.250726
vn 0.925363 -0.114515 0.361373
v 0.160990 0.214957 0.216827
vn 0.953345 -0.151533 0.261094
v 0.162553 0.197362 0.204022
vn 0.862081 -0.061788 0.502990
v 0.150010 0.233504 0.243918
vn 0.923033 -0.094293 0.372986
v 0.146620 0.171119 0.240389
vn 0.883208 -0.061041 0.464993
v 0.148768 0.200476 0.242004
vn 0.783117 -0.019347 0.621574
v 0.134110 0.253698 0.268492
vn 0.731523 -0.010216 0.681740
v 0.133474 0.297144 0.270619
vn 0.815715 -0.017530 0.578188
v 0.134035 0.226305 0.267817
vn 0.848996 -0.019885 0.528024
v 0.135140 0.192844 0.265576
vn 0.675808 0.028901 0.736511
v 0.121862 0.283475 0.282056
vn 0.783192 0.028588 0.621122
v 0.116631 0.166014 0.292770
vn 0.764603 0.022328 0.644114
v 0.119436 0.223802 0.286671
vn 0.738257 0.019879 0.674226
v 0.120954 0.255153 0.284132
vn 0.589509 0.071572 0.804585
v 0.106321 0.254273 0.298218
vn 0.594612 0.052802 0.802277
v 0.107095 0.284948 0.293995
vn 0.608533 0.080551 0.789429
v 0.103577 0.222888 0.303061
vn 0.647731 0.087049 0.756880
v 0.099106 0.169493 0.312291
vn 0.490468 0.021184 0.871202
v 0.083316 0.284605 0.311793
vn 0.461130 0.061905 0.885171
v 0.078111 0.255840 0.314690
vn 0.433707 0.129835 0.891651
v 0.068311 0.228286 0.322331
vn 0.360045 -0.013980 0.932830
v 0.057632 0.286296 0.322419
vn 0.452255 0.165038 0.876486
v 0.064731 0.202925 0.328820
vn 0.302007 0.059602 0.951441
v 0.050773 0.258816 0.324284
vn 0.431010 0.200338 0.879827
v 0.050621 0.174064 0.341390
vn 0.318481 0.179950 0.930692
v 0.051449 0.229635 0.329198
vn 0.316730 0.237857 0.918208
v 0.036369 0.199911 0.341084
vn 0.205590 0.106737 0.972800
v 0.032602 0.260668 0.329052
vn 0.182418 0.217311 0.958905
v 0.027237 0.233900 0.334669
vn 0.242767 -0.077870 0.966954
v 0.034673 0.291408 0.328835
vn 0.140796 -0.056796 0.988408
v 0.016324 0.286791 0.331720
vn 0.186329 0.283576 0.940673
v 0.024984 0.205814 0.342699
vn -0.055218 -0.043582 0.997523
v -0.002765 0.285374 0.333283
vn 0.046449 0.077398 0.995918
v 0.001714 0.263697 0.332808
vn 0.003258 0.291887 0.956447
v 0.000077 0.207044 0.345788
vn -0.152380 0.281425 0.947407
v -0.012379 0.205906 0.344598
vn -0.043130 0.221881 0.974119
v -0.001104 0.235895 0.337853
vn -0.140768 0.104695 0.984491
v -0.013464 0.261800 0.331556
vn -0.199465 -0.073379 0.977154
v -0.034519 0.291408 0.328835
vn -0.218783 0.064868 0.973615
v -0.032448 0.260668 0.329052
vn -0.232664 0.226952 0.945706
v -0.029119 0.232613 0.334459
vn -0.267118 0.250258 0.930601
v -0.028269 0.204885 0.342176
vn -0.313755 0.259326 0.913404
v -0.029468 0.183072 0.348369
vn -0.322360 0.171273 0.930994
v -0.051295 0.229635 0.329198
vn -0.291522 0.039177 0.955762
v -0.050619 0.258816 0.324284
vn -0.427260 0.203042 0.881035
v -0.050467 0.174064 0.341390
vn -0.361461 0.215855 0.907057
v -0.041247 0.202731 0.338499
vn -0.405107 0.189057 0.894509
v -0.062754 0.199669 0.330407
vn -0.324475 -0.036082 0.945206
v -0.057478 0.286306 0.322414
vn -0.410789 0.127448 0.902779
v -0.068157 0.228286 0.322331
vn -0.490278 0.158445 0.857043
v -0.071635 0.168950 0.331286
vn -0.427262 0.049508 0.902771
v -0.077957 0.255840 0.314690
vn -0.496449 0.023464 0.867749
v -0.083162 0.284654 0.311776
vn -0.502777 0.156121 0.850201
v -0.077906 0.197113 0.321704
vn -0.564079 0.129994 0.815424
v -0.084565 0.167091 0.322543
vn -0.611955 0.068323 0.787936
v -0.103423 0.222888 0.303061
vn -0.623651 0.090821 0.776409
v -0.101068 0.193409 0.308193
vn -0.608383 0.061819 0.791232
v -0.106167 0.254273 0.298218
vn -0.683967 0.070869 0.726063
v -0.097746 0.149865 0.315349
vn -0.632115 0.055216 0.772904
v -0.106941 0.285083 0.293954
vn -0.798236 0.018148 0.602071
v -0.116582 0.164111 0.292670
vn -0.770480 0.025624 0.636949
v -0.117926 0.193452 0.289656
vn -0.718651 0.039741 0.694234
v -0.120222 0.242935 0.285130
vn -0.703307 0.018099 0.710656
v -0.121708 0.283691 0.281991
vn -0.863134 -0.027771 0.504210
v -0.133711 0.168047 0.266784
vn -0.804234 -0.007980 0.594260
v -0.133119 0.247904 0.269281
vn -0.707591 -0.013742 0.706488
v -0.133897 0.294548 0.270037
vn -0.868539 -0.045734 0.493505
v -0.144912 0.225554 0.250999
vn -0.797164 -0.020320 0.603421
v -0.151202 0.328779 0.250820
vn -0.808236 -0.050902 0.586655
v -0.145221 0.265632 0.254396
vn -0.863014 -0.081561 0.498553
v -0.154459 0.236426 0.236492
vn -0.955347 -0.123979 0.268220
v -0.154340 0.173550 0.220262
vn -0.913835 -0.075746 0.398958
v -0.147820 0.200158 0.243159
vn -0.919029 -0.123429 0.374367
v -0.159556 0.208881 0.218770
vn -0.895016 -0.076855 0.439364
v -0.164853 0.272960 0.223081
vn -0.876579 -0.049056 0.478750
v -0.167539 0.311806 0.223835
vn -0.951062 -0.144560 0.273101
v -0.159327 0.181427 0.207320
vn -0.914855 -0.100862 0.390981
v -0.164961 0.244346 0.217093
vn -0.833952 -0.006188 -0.551803
v -0.158792 0.367142 0.007018
vn -0.975774 -0.215280 0.038991
v -0.167377 0.188439 0.160925
vn -0.974046 -0.180464 0.136625
v -0.162309 0.174293 0.185740
vn -0.879880 -0.152700 -0.449992
v -0.161329 0.256875 0.027084
vn -0.964609 -0.167487 0.203663
v -0.169949 0.219012 0.189540
vn -0.931156 -0.134557 -0.338884
v -0.174624 0.274428 0.050790
vn -0.974750 -0.208075 0.081039
v -0.171765 0.207644 0.160266
vn -0.952461 -0.127426 0.276731
v -0.174786 0.255349 0.193258
vn -0.954931 -0.230510 -0.187010
v -0.172218 0.227901 0.077736
vn -0.879700 -0.062365 -0.471421
v -0.170383 0.322786 0.029174
vn -0.945385 -0.076809 0.316776
v -0.181284 0.314814 0.194650
vn -0.976294 -0.187718 0.107761
v -0.177568 0.235000 0.161425
vn -0.929334 -0.202146 -0.308992
v -0.169115 0.243947 0.051517
vn -0.959576 -0.184427 -0.212605
v -0.179458 0.261766 0.075598
vn -0.972865 -0.231102 -0.011217
v -0.173932 0.213311 0.130310
vn -0.810627 -0.060971 -0.582379
v -0.156099 0.333242 0.005226
vn -0.966730 -0.237635 -0.094671
v -0.174280 0.221438 0.103213
vn -0.937688 -0.045509 -0.344484
v -0.182953 0.341227 0.054693
vn -0.949297 0.048049 -0.310688
v -0.184943 0.386869 0.061668
vn -0.979223 -0.142747 0.144035
v -0.183879 0.272725 0.162732
vn -0.968640 -0.129979 -0.211760
v -0.184661 0.293667 0.076040
vn -0.980564 -0.196187 0.002008
v -0.181429 0.246280 0.129515
vn -0.976420 -0.190837 -0.100920
v -0.181862 0.255414 0.100953
vn -0.989761 -0.142423 0.009391
v -0.189251 0.290903 0.127895
vn -0.974032 -0.057519 -0.218984
v -0.189825 0.337910 0.079117
vn -0.984417 -0.137360 -0.109800
v -0.187535 0.288063 0.100799
vn -0.983470 -0.092060 0.155920
v -0.190932 0.329683 0.161939
vn -0.992892 -0.067841 -0.097795
v -0.193840 0.338110 0.102944
vn -0.996385 -0.073229 0.043072
v -0.195045 0.339864 0.128933
vn 0.692768 0.057091 -0.718897
v 0.141878 0.377236 -0.015150
vn 0.820531 -0.145731 -0.552713
v 0.144714 0.243484 0.003136
vn 0.748425 -0.044197 -0.661745
v 0.139718 0.342024 -0.016743
vn 0.739446 -0.083658 -0.667997
v 0.133048 0.277369 -0.017656
vn 0.529000 0.141427 -0.836754
v 0.125370 0.375484 -0.028433
vn 0.629175 -0.013777 -0.777142
v 0.124191 0.341805 -0.031445
vn 0.653709 -0.081617 -0.752332
v 0.118649 0.267233 -0.030746
vn 0.402918 0.204556 -0.892084
v 0.103263 0.375770 -0.040739
vn 0.468323 0.071600 -0.880652
v 0.104502 0.345633 -0.044316
vn 0.535246 -0.031296 -0.844116
v 0.101833 0.290486 -0.044809
vn 0.566025 -0.090118 -0.819447
v 0.101350 0.252349 -0.042896
vn 0.336400 0.136151 -0.931825
v 0.077948 0.347307 -0.056417
vn 0.306272 0.245497 -0.919744
v 0.076857 0.378572 -0.050909
vn 0.391674 0.034541 -0.919455
v 0.078192 0.318787 -0.058159
vn 0.432039 -0.020693 -0.901617
v 0.077536 0.284471 -0.058368
vn 0.458098 -0.228737 -0.858968
v 0.074497 0.226454 -0.056377
vn 0.274945 0.069360 -0.958955
v 0.050449 0.320456 -0.067892
vn 0.251494 0.139585 -0.957740
v 0.049744 0.348769 -0.064925
vn 0.314883 0.019952 -0.948921
v 0.050302 0.281718 -0.069901
vn 0.328520 -0.211034 -0.920619
v 0.047045 0.228444 -0.069704
vn 0.182436 0.296397 -0.937479
v 0.048477 0.380253 -0.058247
vn 0.103360 0.165886 -0.980713
v 0.024375 0.345960 -0.069738
vn 0.147981 0.080549 -0.985705
v 0.023528 0.285036 -0.076478
vn 0.183757 0.005720 -0.982955
v 0.023877 0.259365 -0.077802
vn 0.041548 0.338678 -0.939985
v 0.022241 0.380283 -0.061643
vn -0.015504 0.113566 -0.993409
v 0.001388 0.320933 -0.073975
vn 0.009521 0.060844 -0.998102
v -0.000449 0.276836 -0.079076
vn -0.079294 0.328144 -0.941294
v -0.022191 0.379233 -0.061950
vn -0.053402 0.189812 -0.980367
v -0.019147 0.349624 -0.069564
vn -0.121672 0.109124 -0.986554
v -0.023659 0.324053 -0.072548
vn -0.141916 0.080060 -0.986636
v -0.024245 0.310918 -0.073572
vn -0.162971 0.034060 -0.986043
v -0.023189 0.266137 -0.077797
vn -0.182408 0.306459 -0.934243
v -0.045672 0.378988 -0.058910
vn -0.208045 0.173936 -0.962530
v -0.048875 0.350848 -0.064672
vn -0.346488 -0.190188 -0.918572
v -0.047043 0.228379 -0.069700
vn -0.254388 0.081183 -0.963689
v -0.049705 0.323351 -0.067775
vn -0.307324 0.022750 -0.951333
v -0.049453 0.279331 -0.070354
vn -0.306104 0.236677 -0.922109
v -0.074946 0.375542 -0.051908
vn -0.353066 0.118679 -0.928041
v -0.077804 0.347676 -0.056175
vn -0.462126 -0.052934 -0.885233
v -0.075698 0.263638 -0.058782
vn -0.402005 0.026530 -0.915253
v -0.078035 0.318347 -0.057969
vn -0.442018 0.169941 -0.880761
v -0.103291 0.372104 -0.041177
vn -0.550293 -0.087528 -0.830371
v -0.100454 0.252169 -0.043341
vn -0.529604 -0.026908 -0.847818
v -0.102757 0.309250 -0.045045
vn -0.477258 0.058798 -0.876794
v -0.104717 0.345588 -0.044160
vn -0.646514 -0.088629 -0.757737
v -0.116653 0.258713 -0.031788
vn -0.570165 0.106986 -0.814534
v -0.124590 0.372137 -0.029093
vn -0.596580 0.021855 -0.802256
v -0.124160 0.345711 -0.031427
vn -0.755755 -0.109951 -0.645558
v -0.130808 0.258758 -0.017977
vn -0.720070 0.046785 -0.692323
v -0.141415 0.372318 -0.015452
vn -0.726826 -0.028375 -0.686235
v -0.139595 0.343845 -0.016666
vn -0.821481 -0.116822 -0.558141
v -0.146483 0.258680 0.002205
vn 0.981077 -0.102136 0.164487
v 0.170331 -0.056966 0.156808
vn 0.999427 0.016277 0.029681
v 0.171937 -0.051186 0.146326
vn 0.983626 -0.165513 0.071305
v 0.168789 -0.097206 0.123720
vn 0.990038 0.080568 0.115469
v 0.169225 -0.029942 0.167425
vn 0.981037 -0.047280 0.187964
v 0.167814 -0.042011 0.176649
vn 0.989786 0.095930 0.105453
v 0.167131 -0.013138 0.162035
vn 0.998193 0.056813 0.019593
v 0.170601 -0.034610 0.137343
vn 0.999517 0.008025 -0.030013
v 0.171046 -0.041194 0.112823
vn 0.993855 0.107859 -0.024862
v 0.169138 -0.006402 0.107910
vn 0.993943 0.103312 -0.037457
v 0.166361 0.011834 0.130328
vn 0.999232 -0.019249 -0.034142
v 0.170885 -0.057233 0.126816
vn 0.940263 -0.233559 0.247701
v 0.166109 -0.064863 0.168277
vn 0.883843 -0.362334 0.295864
v 0.159050 -0.115141 0.144278
vn 0.997722 -0.032637 -0.059041
v 0.168603 -0.070502 0.086472
vn 0.950493 -0.306702 0.049968
v 0.163827 -0.118184 0.108390
vn 0.991799 0.107474 0.069165
v 0.167098 0.006557 0.150951
vn 0.976914 0.090215 0.193652
v 0.162262 0.013533 0.179236
vn 0.975685 0.170265 0.138016
v 0.163322 0.022408 0.167593
vn 0.988142 0.149986 0.032851
v 0.165954 0.022740 0.135438
vn 0.954308 -0.242146 -0.175103
v 0.165329 0.198623 0.081169
vn 0.986795 0.135061 -0.089408
v 0.163216 0.025299 0.099858
vn 0.868521 -0.353843 0.347083
v 0.155442 -0.081879 0.181608
vn 0.964580 -0.005243 0.263737
v 0.160742 -0.021709 0.214464
vn 0.972932 0.167834 0.158854
v 0.160253 -0.002184 0.208198
vn 0.971885 0.146048 0.184687
v 0.160534 0.005281 0.188829
vn 0.929386 -0.229248 0.289285
v 0.162569 -0.052941 0.195996
vn 0.981012 0.183166 -0.063757
v 0.162947 0.042450 0.113196
vn 0.933586 0.355203 0.047406
v 0.158561 0.057824 0.126151
vn 0.901249 -0.180730 0.393811
v 0.154566 -0.037338 0.226328
vn 0.970841 -0.235485 -0.044891
v 0.163910 0.173559 0.131759
vn 0.966571 0.239817 0.090711
v 0.161046 0.037349 0.154328
vn 0.950352 0.247342 0.188822
v 0.155532 0.015119 0.202616
vn 0.975916 -0.162603 0.145424
v 0.158953 0.160154 0.191603
vn 0.954191 0.290892 0.070008
v 0.151970 0.064130 0.160387
vn 0.832834 -0.341073 0.435955
v 0.150407 -0.054692 0.223375
vn 0.918060 -0.007976 0.396361
v 0.151369 -0.006031 0.242232
vn 0.940432 0.204508 0.271597
v 0.151286 0.012659 0.236450
vn 0.845228 -0.158916 0.510231
v 0.144881 -0.021960 0.251697
vn 0.919749 0.337925 0.199670
v 0.147823 0.024487 0.233171
vn 0.958633 0.121536 0.257395
v 0.153057 0.039946 0.203830
vn 0.894008 -0.242363 -0.376843
v 0.149106 0.178228 0.040797
vn 0.959139 -0.128213 0.252217
v 0.152393 0.146807 0.214007
vn 0.985490 -0.158502 0.060712
v 0.154134 0.127256 0.185666
vn 0.967676 -0.231410 -0.100261
v 0.157047 0.152381 0.108061
vn 0.979468 0.130250 0.153872
v 0.146281 0.071500 0.207140
vn 0.976050 -0.124593 0.178335
v 0.149918 0.116908 0.206970
vn 0.941954 0.196718 0.272074
v 0.144049 0.033377 0.232820
vn 0.931322 -0.228594 -0.283522
v 0.161007 0.201533 0.057835
vn 0.935149 0.353019 0.029575
v 0.149763 0.070270 0.146391
vn 0.812840 -0.517387 0.267585
v 0.146424 -0.143686 0.137484
vn 0.945779 0.078873 0.315088
v 0.143260 0.056945 0.229481
vn 0.947299 -0.094278 0.306162
v 0.141943 0.121863 0.240371
vn 0.796594 -0.471157 0.378747
v 0.148053 -0.113397 0.166048
vn 0.974658 -0.196071 -0.107696
v 0.150214 0.123755 0.102547
vn 0.980219 -0.194199 -0.038170
v 0.153080 0.121718 0.147580
vn 0.813405 -0.049205 0.579612
v 0.130412 0.001660 0.279042
vn 0.873587 0.062079 0.482692
v 0.134624 0.017254 0.272585
vn 0.985740 -0.070840 0.152638
v 0.147382 0.092474 0.205252
vn 0.892963 0.213311 0.396378
v 0.133814 0.032519 0.269113
vn 0.792567 -0.577458 0.195907
v 0.138488 -0.162703 0.118600
vn 0.997543 0.058926 0.037888
v 0.148911 0.077409 0.178272
vn 0.834639 -0.444002 0.325945
v 0.145776 -0.104796 0.185875
vn 0.952239 -0.080654 0.294511
v 0.140559 0.095960 0.238138
vn 0.962678 -0.002443 0.270639
v 0.139888 0.076343 0.235570
vn 0.993347 -0.039330 -0.108236
v 0.146399 0.100932 0.106010
vn 0.954281 -0.221287 -0.200946
v 0.149128 0.134900 0.078707
vn 0.995146 -0.097273 0.014924
v 0.149571 0.090714 0.180177
vn 0.838806 -0.218118 -0.498828
v 0.138815 0.185652 0.016092
vn 0.867398 -0.308305 0.390601
v 0.135351 -0.085236 0.230129
vn 0.863964 -0.236937 -0.444327
v 0.137384 0.171761 0.020405
vn 0.918215 0.211800 0.334697
v 0.129475 0.053488 0.265307
vn 0.918374 -0.219815 -0.329046
v 0.143375 0.140585 0.052743
vn 0.848204 -0.297872 0.437974
v 0.139663 -0.060589 0.236729
vn 0.676133 -0.596437 0.432559
v 0.133733 -0.131046 0.169052
vn 0.921000 0.063692 0.384322
v 0.128597 0.062495 0.263965
vn 0.967365 -0.107271 -0.229559
v 0.140974 0.101832 0.071298
vn 0.911485 -0.164135 -0.377166
v 0.134612 0.132784 0.035185
vn 0.796025 -0.255028 0.548913
v 0.134149 -0.034541 0.263060
vn 0.914478 -0.034200 0.403187
v 0.129123 0.078933 0.263853
vn 0.857054 -0.436664 0.273465
v 0.119758 -0.119818 0.225008
vn 0.897818 -0.061078 0.436111
v 0.130619 0.127653 0.269792
vn 0.841697 -0.244564 0.481388
v 0.128848 -0.061406 0.258502
vn 0.956031 -0.054927 -0.288076
v 0.133367 0.100281 0.044183
vn 0.817044 -0.167792 0.551620
v 0.125208 -0.047106 0.269787
vn 0.604706 -0.660983 0.444335
v 0.131359 -0.161145 0.138014
vn 0.871969 0.124681 0.473419
v 0.117075 0.054227 0.292113
vn 0.842336 0.092841 0.530895
v 0.115115 0.044729 0.298106
vn 0.783254 -0.020191 0.621373
v 0.110786 0.033682 0.305595
vn 0.464736 -0.735797 0.492568
v 0.124568 -0.169623 0.133546
vn 0.762027 -0.179354 0.622211
v 0.108498 -0.025704 0.297608
vn 0.763710 -0.153850 0.626959
v 0.119013 -0.012176 0.289849
vn 0.856872 -0.131884 -0.498375
v 0.126080 0.136712 0.016053
vn 0.815290 -0.001670 0.579050
v 0.114260 0.124931 0.296905
vn 0.888352 0.041387 0.457293
v 0.115672 0.073673 0.291292
vn 0.778529 -0.575394 0.250628
v 0.121689 -0.127137 0.204732
vn 0.657918 -0.674273 0.335410
v 0.113496 -0.148075 0.171038
vn 0.604503 -0.745227 0.281449
v 0.119247 -0.182653 0.115975
vn 0.857595 -0.040952 0.512692
v 0.113731 0.093847 0.295372
vn 0.804602 -0.069944 0.589681
v 0.100587 -0.033590 0.304903
vn 0.497220 -0.744324 0.445819
v 0.111413 -0.162956 0.151963
vn 0.298771 -0.849780 0.434293
v 0.100891 -0.191160 0.120759
vn 0.631079 -0.774300 -0.046895
v 0.115247 -0.192028 0.087590
vn 0.805435 -0.071776 0.588322
v 0.089518 -0.039001 0.321736
vn 0.875681 -0.305236 0.374183
v 0.114266 -0.106353 0.254627
vn 0.751155 -0.083341 0.654843
v 0.102146 0.011341 0.313898
vn 0.380563 -0.905291 0.188733
v 0.106606 -0.195682 0.102217
vn 0.912803 -0.389937 0.121406
v 0.112527 -0.136725 0.220665
vn 0.942199 -0.260500 0.210717
v 0.109467 -0.131607 0.247250
vn 0.665391 -0.727538 0.167165
v 0.095865 -0.169333 0.164651
vn 0.825808 -0.562630 0.038582
v 0.107527 -0.147306 0.203701
vn 0.698521 0.068107 0.712341
v 0.098226 0.134846 0.316391
vn 0.759656 -0.103742 0.641997
v 0.087346 -0.002611 0.327668
vn 0.777704 -0.620075 0.103361
v 0.098185 -0.162201 0.180796
vn 0.398457 -0.904863 -0.149853
v 0.100307 -0.199329 0.070984
vn 0.481976 -0.843138 0.238364
v 0.087996 -0.179355 0.150237
vn 0.793217 0.049403 0.606932
v 0.098005 0.070316 0.321018
vn 0.902703 -0.101936 0.418014
v 0.104515 -0.080827 0.286595
vn 0.043282 -0.994575 0.094594
v 0.093694 -0.201532 0.089216
vn 0.499588 -0.786465 -0.363158
v 0.098909 -0.186480 0.041946
vn 0.308165 -0.843126 0.440651
v 0.091760 -0.181497 0.138414
vn 0.837041 -0.048655 0.544972
v 0.074459 -0.038866 0.340722
vn 0.741571 -0.014687 0.670713
v 0.087656 0.040747 0.332155
vn 0.127903 -0.946082 -0.297607
v 0.085933 -0.200920 0.056224
vn 0.804415 0.025250 0.593532
v 0.096559 0.097628 0.320491
vn 0.821446 -0.013934 0.570117
v 0.067322 -0.023032 0.353040
vn 0.023225 -0.953803 0.299532
v 0.086882 -0.197244 0.109277
vn 0.732004 0.051544 0.679347
v 0.095527 0.110401 0.321075
vn -0.277992 -0.960244 -0.025533
v 0.077073 -0.200450 0.071761
vn 0.635648 0.124086 0.761941
v 0.086815 0.125150 0.327489
vn 0.712427 0.063670 0.698851
v 0.083213 0.087456 0.335644
vn 0.544161 0.147353 0.825939
v 0.073523 0.169348 0.330078
vn -0.062367 -0.991021 -0.118271
v 0.070940 -0.193627 0.043465
vn 0.249549 -0.947759 0.198692
v 0.077624 -0.186327 0.137819
vn 0.641538 0.166305 0.748847
v 0.070875 0.116427 0.342551
vn 0.745135 0.016993 0.666697
v 0.071135 0.052803 0.350591
vn 0.792813 -0.051037 0.607325
v 0.075955 -0.011952 0.341935
vn -0.281992 -0.953337 0.107840
v 0.067495 -0.194442 0.102152
vn 0.561997 0.236046 0.792743
v 0.060395 0.143024 0.343331
vn -0.092369 -0.988371 0.120796
v 0.064692 -0.191473 0.120537
vn 0.708469 0.140273 0.691661
v 0.065650 0.093684 0.352538
vn 0.210546 -0.965956 -0.150332
v 0.049911 -0.193113 0.125574
vn 0.720468 0.082047 0.688618
v 0.060696 0.071149 0.362226
vn 0.754925 -0.033244 0.654968
v 0.068928 0.020043 0.351853
vn 0.526253 -0.845561 -0.089916
v 0.069892 -0.189884 0.152486
vn -0.341788 -0.939661 -0.014770
v 0.063254 -0.192616 0.059572
vn 0.194611 -0.961693 -0.193063
v 0.069309 -0.190777 0.019988
vn -0.027607 -0.999365 -0.022512
v 0.063319 -0.195095 0.034620
vn 0.637780 0.221004 0.737831
v 0.051422 0.115617 0.361839
vn 0.007642 -0.945221 -0.326341
v 0.055471 -0.188847 0.006372
vn -0.206373 -0.970820 -0.122139
v 0.050750 -0.191630 0.022076
vn 0.775038 0.062953 0.628771
v 0.049439 -0.022839 0.377777
vn 0.608761 0.145252 0.779943
v 0.048400 0.087291 0.371609
vn 0.715207 0.025710 0.698440
v 0.053961 0.044450 0.368987
vn 0.471241 0.330052 0.817923
v 0.033708 0.130848 0.367351
vn 0.393477 0.321775 0.861183
v 0.030982 0.160677 0.354245
vn -0.258349 -0.960687 0.101669
v 0.046248 -0.189145 0.045302
vn 0.733071 0.040702 0.678933
v 0.045805 0.022688 0.379690
vn -0.428717 -0.886235 -0.175470
v 0.036908 -0.185552 0.009310
vn -0.197110 -0.880518 -0.431087
v 0.040106 -0.182204 -0.007087
vn 0.665440 0.083760 0.741737
v 0.042325 0.047061 0.380299
vn -0.238629 -0.969411 -0.057440
v 0.054836 -0.189094 0.097242
vn -0.280934 -0.959519 -0.019996
v 0.047608 -0.184996 0.077829
vn 0.430658 0.261583 0.863775
v 0.033425 0.101569 0.378048
vn -0.013313 -0.967226 -0.253568
v 0.034231 -0.187884 0.100730
vn 0.536512 0.172519 0.826070
v 0.032670 0.069854 0.384897
vn -0.381657 -0.923568 -0.036883
v 0.026347 -0.181265 0.063416
vn 0.633879 0.102956 0.766549
v 0.026739 0.025916 0.397184
vn -0.556114 -0.781869 -0.281810
v 0.023576 -0.176625 -0.000360
vn -0.415624 -0.742083 -0.525899
v 0.027091 -0.168935 -0.017326
vn -0.178783 -0.934703 -0.307191
v 0.022084 -0.190676 0.109677
vn 0.651829 0.081796 0.753942
v 0.026350 -0.020588 0.401429
vn 0.353354 0.300378 0.885954
v 0.014688 0.112868 0.381930
vn 0.305864 0.381267 0.872400
v 0.015329 0.140488 0.370735
vn 0.238070 0.366581 0.899411
v 0.014468 0.169506 0.356438
vn 0.352358 0.270052 0.896056
v 0.014957 0.074518 0.395269
vn -0.607998 -0.792750 -0.043420
v 0.022475 -0.177288 0.031097
vn 0.449581 0.183517 0.874184
v 0.014276 0.046371 0.402724
vn -0.545093 -0.831468 -0.107397
v 0.015957 -0.174332 0.059342
vn -0.344394 -0.906898 -0.242751
v 0.022430 -0.182332 0.087935
vn 0.454183 0.117040 0.883187
v 0.014475 0.022115 0.406960
vn -0.717006 -0.671573 -0.186793
v 0.013077 -0.167471 0.000852
vn -0.638958 -0.603804 -0.476606
v 0.011203 -0.152226 -0.020563
vn -0.644394 -0.756708 -0.110225
v 0.009203 -0.165064 0.031401
vn -0.195065 -0.934275 -0.298461
v 0.001292 -0.168971 0.076342
vn -0.009759 0.189110 0.981907
v -0.000131 0.038313 0.408292
vn -0.088833 0.295006 0.951357
v 0.000053 0.078456 0.398370
vn 0.084897 0.358258 0.929754
v 0.000077 0.115574 0.385126
vn -0.015349 0.425562 0.904799
v 0.000077 0.144356 0.372869
vn -0.014321 0.392273 0.919737
v 0.000145 0.173729 0.357061
vn -0.012363 0.132441 0.991114
v 0.000248 0.002367 0.413941
vn -0.060701 -0.978548 -0.196875
v 0.000152 -0.153767 0.013288
vn 0.119969 -0.971901 -0.202522
v -0.000026 -0.160727 0.045432
vn -0.531740 0.091250 0.841977
v -0.014565 -0.005079 0.409450
vn -0.440780 0.131927 0.887867
v -0.014520 0.025866 0.406296
vn -0.432555 0.206746 0.877584
v -0.014676 0.058955 0.399706
vn -0.395444 0.267707 0.878611
v -0.015036 0.083893 0.391934
vn -0.300037 0.336916 0.892449
v -0.014534 0.112868 0.381930
vn -0.265740 0.406587 0.874111
v -0.015175 0.140488 0.370735
vn -0.225390 0.353559 0.907852
v -0.013485 0.171356 0.355878
vn 0.070998 -0.841427 -0.535687
v 0.000105 -0.143619 -0.012440
vn 0.655978 -0.737852 -0.158957
v -0.010623 -0.163380 0.009157
vn 0.136566 -0.904442 -0.404147
v -0.007044 -0.182982 0.103284
vn 0.605003 -0.666608 -0.435437
v -0.011406 -0.156983 -0.012209
vn 0.517966 -0.851659 -0.079934
v -0.020064 -0.171144 0.031830
vn 0.447397 -0.844864 -0.293328
v -0.023452 -0.169894 -0.004349
vn 0.155398 -0.937295 -0.311976
v -0.022578 -0.191554 0.113996
vn 0.305799 -0.717819 -0.625478
v -0.026937 -0.160023 -0.022463
vn 0.200441 -0.940899 -0.273005
v -0.020233 -0.179044 0.081625
vn -0.425635 0.334477 0.840809
v -0.030828 0.160677 0.354245
vn -0.652284 0.074767 0.754278
v -0.029061 0.010610 0.397287
vn -0.574236 0.163506 0.802196
v -0.032623 0.059832 0.387078
vn -0.414744 0.361098 0.835222
v -0.033554 0.130848 0.367351
vn -0.487847 0.227828 0.842674
v -0.033271 0.101569 0.378048
vn 0.227344 -0.953152 -0.199542
v -0.036779 -0.176694 0.004625
vn 0.105165 -0.850749 -0.514943
v -0.039952 -0.170370 -0.014992
vn 0.265277 -0.962577 -0.055447
v -0.027957 -0.178030 0.058024
vn -0.069216 -0.936198 -0.344591
v -0.035799 -0.189976 0.107826
vn -0.527122 0.244442 0.813874
v -0.060241 0.143024 0.343331
vn -0.603948 0.260550 0.753234
v -0.051268 0.115617 0.361839
vn -0.645837 0.079294 0.759346
v -0.044050 0.060765 0.377452
vn -0.626415 0.140456 0.766731
v -0.048246 0.087291 0.371609
vn -0.097637 -0.980572 -0.170134
v -0.060552 -0.181877 0.019161
vn -0.744348 0.031628 0.667043
v -0.051976 0.026445 0.371764
vn -0.162973 -0.875727 -0.454469
v -0.055317 -0.174145 -0.004571
vn 0.224424 -0.969758 -0.095935
v -0.046483 -0.178743 0.070483
vn -0.334683 -0.897968 -0.285730
v -0.049098 -0.191994 0.122611
vn -0.725828 -0.000093 0.687876
v -0.056455 0.043538 0.366443
vn -0.757239 0.056204 0.650716
v -0.050021 -0.020073 0.376507
vn 0.025754 -0.976137 -0.215623
v -0.050605 -0.185098 0.095384
vn -0.722980 0.136115 0.677328
v -0.065496 0.093684 0.352538
vn -0.574397 0.145572 0.805529
v -0.078482 0.139719 0.331626
vn -0.582836 -0.762452 -0.281014
v -0.064520 -0.192722 0.150140
vn -0.371144 -0.863048 -0.342637
v -0.069155 -0.174277 0.006659
vn -0.667603 0.149043 0.729446
v -0.070721 0.116427 0.342551
vn 0.142215 -0.987775 -0.063845
v -0.061342 -0.182123 0.047757
vn -0.229835 -0.968847 -0.092259
v -0.063652 -0.188011 0.126821
vn 0.120252 -0.992588 -0.017587
v -0.066302 -0.188832 0.093245
vn -0.838364 -0.005285 0.545085
v -0.065241 -0.025501 0.356492
vn 0.224326 -0.967611 -0.115788
v -0.076641 -0.190052 0.058903
vn 0.221570 -0.975126 -0.006019
v -0.070353 -0.188367 0.076103
vn -0.718462 0.054160 0.693455
v -0.061115 0.070430 0.361739
vn -0.783929 -0.018557 0.620573
v -0.070744 0.003908 0.348637
vn -0.731502 0.060001 0.679194
v -0.077460 0.070881 0.342663
vn -0.519236 -0.853054 -0.051892
v -0.075067 -0.185182 0.146555
vn -0.265474 -0.956583 0.120302
v -0.079088 -0.184813 0.126712
vn -0.083047 -0.979137 0.185457
v -0.083081 -0.187918 0.112239
vn -0.745908 -0.035353 0.665110
v -0.083138 0.030555 0.336546
vn -0.822198 -0.078338 0.563785
v -0.071211 -0.031479 0.345941
vn -0.816149 -0.042633 0.576266
v -0.078345 -0.023187 0.337080
vn 0.007737 -0.995307 0.096454
v -0.087178 -0.191011 0.093702
vn -0.761468 -0.102627 0.640027
v -0.087463 -0.002962 0.327300
vn -0.142390 -0.921482 -0.361381
v -0.085778 -0.187212 0.040795
vn -0.158650 -0.938472 -0.306759
v -0.070958 -0.179834 0.028817
vn -0.235625 -0.971050 -0.039267
v -0.093540 -0.191716 0.073957
vn -0.571579 -0.817077 0.075381
v -0.085839 -0.178511 0.152389
vn -0.465328 -0.741138 -0.483927
v -0.092777 -0.167744 0.018752
vn -0.455907 -0.856078 0.243471
v -0.090887 -0.177990 0.134043
vn -0.502773 -0.797857 -0.332631
v -0.100153 -0.186053 0.054312
vn -0.800994 -0.068225 0.594773
v -0.100433 -0.033590 0.304903
vn -0.789279 0.027683 0.613411
v -0.099490 0.063580 0.319384
vn -0.377992 -0.889800 0.255691
v -0.100049 -0.185509 0.105526
vn -0.748474 -0.078034 0.658558
v -0.100354 0.010115 0.315583
vn -0.836532 -0.089725 0.540521
v -0.095224 -0.064094 0.306921
vn -0.486323 -0.871605 0.061599
v -0.106452 -0.186631 0.086518
vn -0.756888 -0.162112 0.633119
v -0.118466 -0.013132 0.289864
vn -0.790122 -0.210174 0.575790
v -0.103073 -0.059577 0.298938
vn -0.793653 -0.008638 0.608309
v -0.110632 0.033682 0.305595
vn -0.762200 0.048098 0.645553
v -0.093697 0.103152 0.324045
vn -0.726981 0.061578 0.683890
v -0.095410 0.114433 0.320874
vn -0.695848 -0.697637 0.170583
v -0.100201 -0.163170 0.166560
vn -0.604257 -0.782032 -0.152640
v -0.110519 -0.182151 0.065096
vn -0.810165 -0.583190 0.059353
v -0.104601 -0.152104 0.186851
vn -0.565513 -0.758735 0.323289
v -0.111259 -0.161396 0.145296
vn -0.829388 -0.066226 0.554734
v -0.119034 -0.049661 0.278822
vn -0.825752 -0.013228 0.563878
v -0.114433 0.126588 0.296537
vn -0.853661 -0.022049 0.520362
v -0.113144 0.097488 0.296606
vn -0.883156 0.083350 0.461614
v -0.115518 0.073673 0.291292
vn -0.599912 -0.787638 0.140473
v -0.117383 -0.176460 0.099338
vn -0.819891 -0.200298 0.536339
v -0.124791 -0.046055 0.269818
vn -0.561109 -0.766359 0.312811
v -0.122919 -0.165457 0.120047
vn -0.709011 -0.664840 0.235140
v -0.114655 -0.142261 0.180497
vn -0.930298 -0.180505 0.319316
v -0.110348 -0.113624 0.260156
vn -0.855444 0.108665 0.506367
v -0.111681 0.055377 0.301299
vn -0.596235 -0.714835 0.365397
v -0.121462 -0.144330 0.162499
vn -0.690886 -0.716006 -0.100058
v -0.121692 -0.174712 0.079282
vn -0.947230 -0.248082 0.203005
v -0.110429 -0.130479 0.243931
vn -0.862788 -0.351643 0.363240
v -0.117361 -0.106451 0.248218
vn -0.898438 -0.422995 0.117837
v -0.112235 -0.137356 0.218938
vn -0.800979 -0.248524 0.544672
v -0.134104 -0.034370 0.262968
vn -0.858299 -0.301476 0.415252
v -0.135353 -0.077198 0.236007
vn -0.816538 -0.081971 0.571443
v -0.130258 0.001660 0.279042
vn -0.873227 0.108194 0.475151
v -0.134009 0.021465 0.272809
vn -0.844850 -0.233226 0.481491
v -0.127195 -0.063252 0.260307
vn -0.780209 -0.552732 0.292852
v -0.119892 -0.126648 0.211208
vn -0.704720 -0.635886 0.314672
v -0.130261 -0.128405 0.179914
vn -0.905452 -0.056280 0.420701
v -0.128165 0.085701 0.266568
vn -0.920454 0.052125 0.387360
v -0.128443 0.062495 0.263965
vn -0.890209 -0.054433 0.452288
v -0.131219 0.132943 0.269045
vn -0.867658 -0.352036 0.351056
v -0.139708 -0.093379 0.212577
vn -0.909184 0.226336 0.349510
v -0.131606 0.042677 0.266850
vn -0.927363 0.190382 0.322107
v -0.129321 0.053488 0.265307
vn -0.804434 -0.462398 0.372926
v -0.136952 -0.104102 0.206653
vn -0.766102 -0.550863 0.331116
v -0.128628 -0.119490 0.204344
vn -0.705193 -0.622635 0.339158
v -0.138101 -0.141686 0.140734
vn -0.685580 -0.678506 0.263835
v -0.131794 -0.155210 0.128488
vn -0.871255 -0.141437 0.470010
v -0.144727 -0.021960 0.251697
vn -0.710748 -0.688332 0.145039
v -0.129588 -0.164487 0.104406
vn -0.938642 0.201380 0.279996
v -0.144378 0.032310 0.232227
vn -0.943766 0.103133 0.314117
v -0.142510 0.049092 0.231768
vn -0.838776 -0.442716 0.316949
v -0.140807 -0.109514 0.190524
vn -0.955293 -0.012537 0.295394
v -0.139445 0.074035 0.236447
vn -0.949157 -0.088474 0.302116
v -0.141650 0.117330 0.238807
vn -0.934966 0.244901 0.256635
v -0.151016 0.013557 0.236327
vn -0.933621 -0.091808 0.346298
v -0.143728 0.141874 0.240590
vn -0.921306 0.020457 0.388299
v -0.151215 -0.006031 0.242232
vn -0.815308 -0.548158 0.186536
v -0.145739 -0.139564 0.124938
vn -0.943526 -0.074334 -0.322852
v -0.133472 0.100799 0.046280
vn -0.917403 -0.002526 -0.397952
v -0.126074 0.093364 0.024951
vn -0.867712 -0.172499 -0.466177
v -0.125767 0.140455 0.014431
vn -0.902410 -0.186549 0.388402
v -0.154412 -0.037338 0.226328
vn -0.860658 -0.307173 0.406094
v -0.143523 -0.064792 0.226341
vn -0.828573 -0.343287 0.442291
v -0.147604 -0.054301 0.227978
vn -0.983263 0.084033 0.161653
v -0.146370 0.072739 0.205729
vn -0.982327 -0.073347 0.172201
v -0.147228 0.092474 0.205252
vn -0.973844 -0.122880 0.191121
v -0.149764 0.116908 0.206970
vn -0.959379 0.146982 0.240808
v -0.154055 0.036696 0.201659
vn -0.931375 -0.207864 -0.298886
v -0.142275 0.132225 0.056169
vn -0.891367 -0.207567 -0.402966
v -0.134139 0.138214 0.032125
vn -0.922640 -0.217917 0.318194
v -0.160745 -0.047677 0.204507
vn -0.962139 0.195586 0.189826
v -0.158353 0.009619 0.194581
vn -0.897017 -0.242013 -0.369851
v -0.147104 0.167827 0.043602
vn -0.961133 -0.023624 0.275074
v -0.160588 -0.021709 0.214464
vn -0.862733 -0.369169 0.345553
v -0.157042 -0.069707 0.192326
vn -0.992248 0.115108 0.046851
v -0.148819 0.071993 0.178848
vn -0.996348 -0.076453 0.038024
v -0.149388 0.090818 0.180475
vn -0.956004 0.274828 0.102597
v -0.154013 0.053088 0.177549
vn -0.853917 -0.231020 -0.466321
v -0.138425 0.182069 0.017594
vn -0.935305 -0.236017 -0.263631
v -0.158457 0.191233 0.059075
vn -0.968453 0.249177 -0.003098
v -0.148602 0.076538 0.129423
vn -0.962419 -0.207033 -0.175749
v -0.148101 0.128742 0.081087
vn -0.969967 0.162114 0.181337
v -0.159533 -0.000975 0.209900
vn -0.978832 -0.195427 -0.060795
v -0.152546 0.125063 0.129564
vn -0.946202 0.318247 0.058486
v -0.158906 0.054753 0.131308
vn -0.825144 -0.473714 0.307785
v -0.149333 -0.114285 0.158181
vn -0.888738 -0.221293 -0.401464
v -0.153434 0.207830 0.032097
vn -0.819908 -0.185190 -0.541715
v -0.141552 0.216547 0.007072
vn -0.818313 -0.491127 0.298594
v -0.152157 -0.121117 0.142669
vn -0.881535 -0.358492 0.307214
v -0.154918 -0.095634 0.166892
vn -0.942344 -0.228951 0.244067
v -0.165033 -0.057800 0.180794
vn -0.984357 -0.153160 0.087087
v -0.152511 0.117888 0.188703
vn -0.958875 -0.242851 -0.146910
v -0.159478 0.175217 0.083377
vn -0.975429 -0.046353 0.215381
v -0.165461 -0.035816 0.188471
vn -0.979047 -0.203633 0.000847
v -0.157871 0.145837 0.160566
vn -0.973490 -0.226977 -0.028242
v -0.158639 0.152095 0.135279
vn -0.905880 -0.380804 0.185391
v -0.164193 -0.101382 0.133047
vn -0.973955 -0.175227 0.143898
v -0.157336 0.149472 0.191670
vn -0.975845 0.161250 0.147391
v -0.162657 0.023176 0.170959
vn -0.985157 0.099869 0.139613
v -0.166771 -0.020913 0.176301
vn -0.991308 0.128924 0.026195
v -0.166415 0.017434 0.141269
vn -0.966469 -0.243342 -0.081995
v -0.164416 0.183075 0.106359
vn -0.994371 0.093068 0.050640
v -0.168093 -0.011865 0.152035
vn -0.990932 0.126244 -0.046012
v -0.164703 0.020896 0.117299
vn -0.994749 -0.018734 0.100620
v -0.171226 -0.051087 0.154768
vn -0.964568 -0.216606 0.150631
v -0.168290 -0.082527 0.139547
vn -0.994402 0.011397 -0.105045
v -0.169808 -0.065612 0.053112
vn -0.995531 0.028579 -0.090007
v -0.168603 -0.021870 0.078996
vn -0.993913 0.108960 -0.016282
v -0.168520 0.000723 0.106292
vn -0.998715 0.033146 -0.038346
v -0.168013 -0.058324 0.083739
vn -0.999134 -0.038096 -0.016720
v -0.171422 -0.056535 0.135002
vn 0.823318 -0.207036 -0.528473
v 0.141183 0.214163 0.006916
vn 0.744944 -0.138502 -0.652591
v 0.128919 0.240986 -0.016853
vn 0.764576 -0.193812 -0.614704
v 0.126648 0.213077 -0.012042
vn 0.772999 -0.201208 -0.601654
v 0.125951 0.186343 -0.004687
vn 0.811472 -0.232876 -0.535986
v 0.125733 0.175223 -0.000490
vn 0.673091 -0.160804 -0.721866
v 0.115322 0.224385 -0.026909
vn 0.707798 -0.136002 -0.693199
v 0.116626 0.144206 -0.000098
vn 0.691125 -0.229151 -0.685446
v 0.115716 0.183911 -0.015932
vn 0.747799 0.149755 -0.646815
v 0.102276 0.096458 -0.018741
vn 0.671297 0.044502 -0.739851
v 0.101113 0.133087 -0.013438
vn 0.603285 -0.129272 -0.786979
v 0.100865 0.144611 -0.013509
vn 0.562235 -0.210006 -0.799868
v 0.098624 0.224939 -0.040284
vn 0.550503 -0.249397 -0.796711
v 0.101120 0.185701 -0.027590
vn 0.650966 0.215639 -0.727834
v 0.085358 0.099618 -0.035282
vn 0.632754 0.055950 -0.772329
v 0.082880 0.140777 -0.026509
vn 0.564336 -0.178658 -0.805982
v 0.083685 0.152143 -0.027680
vn 0.490092 -0.241076 -0.837671
v 0.081849 0.188678 -0.040454
vn 0.456358 -0.263523 -0.849878
v 0.074960 0.214365 -0.051043
vn 0.550600 0.202938 -0.809725
v 0.069080 0.119256 -0.042116
vn 0.605826 0.012432 -0.795500
v 0.067484 0.144555 -0.040003
vn 0.445558 -0.214657 -0.869138
v 0.063492 0.181932 -0.048509
vn 0.334480 -0.305870 -0.891384
v 0.047010 0.215600 -0.063301
vn 0.479127 0.126391 -0.868598
v 0.054128 0.121076 -0.050113
vn 0.534534 -0.064011 -0.842719
v 0.063701 0.157850 -0.043108
vn 0.342201 -0.123524 -0.931472
v 0.042138 0.177927 -0.056885
vn 0.367770 0.036086 -0.929216
v 0.036708 0.137379 -0.058843
vn 0.160182 -0.296474 -0.941512
v 0.023199 0.230216 -0.077036
vn 0.194673 -0.324938 -0.925483
v 0.022820 0.217390 -0.070325
vn 0.164742 -0.121444 -0.978832
v 0.020733 0.183157 -0.064061
vn 0.175822 0.006931 -0.984398
v 0.019136 0.155654 -0.062900
vn 0.148131 0.048890 -0.987759
v 0.015433 0.116632 -0.065651
vn -0.093059 -0.252590 -0.963088
v 0.017818 -0.112954 -0.064397
vn -0.474093 -0.517991 -0.711984
v 0.016638 -0.126971 -0.059058
vn 0.120454 -0.047848 -0.991565
v 0.012786 0.090911 -0.065647
vn 0.185073 0.110742 -0.976465
v 0.012134 -0.084274 -0.064840
vn -0.489000 -0.679930 -0.546420
v 0.023915 -0.151618 -0.033106
vn 0.045992 0.213356 -0.975891
v 0.013427 -0.059703 -0.059202
vn -0.580456 -0.688525 -0.434746
v 0.018615 -0.141329 -0.044494
vn -0.010221 -0.207758 -0.978127
v 0.000281 0.231333 -0.079528
vn 0.031054 -0.325966 -0.944871
v 0.000077 0.218113 -0.072671
vn -0.028882 -0.122483 -0.992050
v -0.000102 0.185464 -0.066653
vn 0.010994 -0.014847 -0.999829
v 0.000203 0.156055 -0.064719
vn 0.006089 0.072012 -0.997385
v 0.000054 0.133452 -0.065268
vn 0.012311 0.033084 -0.999377
v 0.000077 0.118990 -0.066785
vn -0.014444 -0.256829 -0.966349
v 0.000096 0.046614 -0.061055
vn -0.074388 -0.046124 -0.996162
v -0.008986 0.087541 -0.066060
vn -0.255145 -0.090980 -0.962613
v 0.006832 0.003111 -0.044791
vn -0.329860 0.270089 -0.904569
v 0.005867 -0.040099 -0.053274
vn -0.093126 0.293641 -0.951369
v 0.003586 -0.064716 -0.063518
vn -0.267837 -0.763007 -0.588289
v 0.000062 -0.125226 -0.033664
vn 0.080478 0.001901 -0.996755
v -0.000128 -0.083922 -0.067314
vn 0.273336 -0.032863 -0.961357
v -0.003368 0.003778 -0.043984
vn 0.083680 0.260507 -0.961839
v -0.000086 -0.029500 -0.047468
vn -0.061633 0.356845 -0.932128
v 0.000077 -0.065152 -0.061038
vn 0.028965 -0.491298 -0.870510
v 0.000163 -0.100545 -0.062798
vn 0.048506 -0.323663 -0.944928
v -0.007137 0.023839 -0.052482
vn 0.294619 0.252382 -0.921685
v -0.006065 -0.034693 -0.051476
vn -0.027687 -0.121099 -0.992254
v -0.007587 0.067727 -0.064606
vn -0.143150 0.036106 -0.989042
v -0.015508 0.118240 -0.065852
vn -0.174832 0.064952 -0.982454
v -0.016922 0.132108 -0.064235
vn -0.187020 -0.283443 -0.940576
v -0.022777 0.230186 -0.077076
vn -0.134119 -0.325201 -0.936086
v -0.022666 0.217585 -0.070502
vn -0.174028 -0.024871 -0.984427
v -0.019773 0.157500 -0.062943
vn -0.227889 -0.124377 -0.965711
v -0.021210 0.183470 -0.064187
vn 0.198391 0.267259 -0.942981
v -0.003432 -0.064716 -0.063518
vn 0.545630 -0.642165 -0.538435
v -0.012206 -0.125673 -0.051685
vn 0.338601 0.168139 -0.925786
v -0.012648 -0.048155 -0.057795
vn 0.469166 -0.687468 -0.554319
v -0.020907 -0.140899 -0.037000
vn 0.018805 0.119346 -0.992675
v -0.013532 -0.079942 -0.066142
vn 0.016087 -0.069267 -0.997468
v -0.012870 -0.099127 -0.067487
vn 0.287033 -0.428684 -0.856646
v -0.016853 -0.117808 -0.062107
vn -0.393133 0.072828 -0.916593
v -0.034353 0.126412 -0.060302
vn -0.372162 -0.022203 -0.927902
v -0.040524 0.161449 -0.056791
vn -0.405143 -0.170026 -0.898304
v -0.051927 0.178739 -0.053708
vn -0.290778 -0.313949 -0.903817
v -0.047736 0.215756 -0.063460
vn -0.548906 0.027435 -0.835434
v -0.059499 0.151624 -0.046269
vn -0.532690 -0.121211 -0.837586
v -0.063739 0.158282 -0.043619
vn -0.478896 -0.198911 -0.855040
v -0.075195 0.225808 -0.055751
vn -0.541554 0.146583 -0.827788
v -0.064932 0.121341 -0.044237
vn -0.618630 0.004444 -0.785670
v -0.082726 0.141694 -0.027465
vn -0.441806 -0.287087 -0.849934
v -0.075520 0.213779 -0.050948
vn -0.647563 0.123077 -0.752007
v -0.084772 0.109919 -0.031481
vn -0.562382 -0.175835 -0.807966
v -0.099676 0.225839 -0.039789
vn -0.542045 -0.223021 -0.810215
v -0.099336 0.188387 -0.029643
vn -0.603945 -0.169989 -0.778688
v -0.099114 0.146642 -0.016015
vn -0.655586 0.027027 -0.754637
v -0.100959 0.135171 -0.013614
vn -0.740623 0.084643 -0.666568
v -0.100831 0.102480 -0.016294
vn -0.662014 -0.228996 -0.713651
v -0.115412 0.185626 -0.016700
vn -0.770123 -0.117337 -0.627011
v -0.117524 0.141287 0.001614
vn -0.859035 0.044976 -0.509938
v -0.117744 0.097426 0.006419
vn -0.699358 -0.173939 -0.693285
v -0.121248 0.214589 -0.019057
vn -0.792798 -0.212409 -0.571273
v -0.126008 0.187284 -0.004711
vn -0.935400 -0.351068 -0.042171
v -0.086685 -0.199422 0.250717
vn -0.913046 -0.376675 -0.156407
v -0.075338 -0.221680 0.234149
vn -0.973271 -0.125714 0.192195
v -0.086550 -0.185362 0.313254
vn 0.950222 -0.304662 0.065258
v 0.094885 -0.177095 0.264559
vn 0.945982 -0.138952 0.292933
v 0.106994 -0.121366 0.267160
vn 0.848482 -0.520286 -0.096852
v 0.089932 -0.172899 0.201942
vn 0.901272 -0.425857 -0.079712
v 0.095985 -0.176460 0.235120
vn 0.965381 -0.218190 0.142939
v 0.095635 -0.165690 0.280602
vn 0.943767 -0.062212 0.324707
v 0.097233 -0.123456 0.296150
vn 0.795114 -0.606330 -0.012568
v 0.088113 -0.175501 0.183671
vn 0.870884 0.061205 0.487662
v 0.071102 -0.087522 0.349137
vn 0.963057 -0.090248 0.253726
v 0.086836 -0.173437 0.318626
vn 0.904906 -0.397773 -0.151402
v 0.086049 -0.198424 0.242532
vn 0.875247 0.066437 0.479091
v 0.080668 -0.109593 0.337141
vn 0.901106 0.028145 0.432684
v 0.062339 -0.167734 0.381557
vn 0.892142 0.049836 0.448998
v 0.082664 -0.125812 0.336198
vn 0.877741 -0.441036 -0.187235
v 0.079081 -0.191896 0.194413
vn 0.908942 -0.363312 -0.204519
v 0.074031 -0.210348 0.208935
vn 0.751857 -0.593346 -0.287491
v 0.068325 -0.194195 0.162552
vn 0.852897 -0.425138 -0.303025
v 0.068197 -0.202976 0.172045
vn 0.880551 -0.390595 -0.268450
v 0.068496 -0.220145 0.199951
vn 0.716484 -0.564776 -0.409485
v 0.064005 -0.226209 0.193184
vn 0.685061 -0.549297 -0.478501
v 0.058289 -0.207180 0.158504
vn 0.562615 -0.691256 -0.453464
v 0.057987 -0.244134 0.209410
vn 0.481620 -0.751299 -0.451212
v 0.051663 -0.200297 0.145822
vn 0.860987 0.092129 0.500214
v 0.052300 -0.096413 0.386867
vn 0.258666 -0.786212 -0.561216
v 0.054148 -0.225459 0.180481
vn 0.792896 0.125532 0.596287
v 0.046028 -0.066409 0.389154
vn 0.233389 -0.813578 -0.532560
v 0.046838 -0.208764 0.151838
vn 0.478107 -0.705265 -0.523464
v 0.048492 -0.245609 0.206458
vn 0.098510 -0.905081 -0.413672
v 0.039864 -0.201201 0.138031
vn 0.686638 0.156499 0.709955
v 0.037217 -0.061721 0.398246
vn 0.317580 -0.715550 -0.622198
v 0.041055 -0.223880 0.176988
vn 0.110520 -0.829367 -0.547663
v 0.034506 -0.209793 0.157157
vn 0.673403 0.147754 0.724360
v 0.026010 -0.051258 0.405767
vn 0.397345 -0.647298 -0.650479
v 0.022378 -0.213006 0.153708
vn -0.013031 -0.898034 -0.439734
v 0.025047 -0.198015 0.134864
vn 0.491138 0.163804 0.855542
v 0.013624 -0.032126 0.412446
vn 0.313792 -0.592314 -0.742091
v 0.010865 -0.228637 0.159108
vn -0.151852 -0.901938 -0.404289
v 0.007433 -0.183881 0.105151
vn -0.068703 0.224413 0.972069
v 0.000050 -0.036330 0.419267
vn -0.014302 -0.631498 -0.775245
v 0.000391 -0.230571 0.157792
vn 0.093776 -0.676791 -0.730178
v 0.001894 -0.208910 0.139239
vn -0.541112 0.167909 0.824017
v -0.013741 -0.036417 0.413446
vn -0.309067 -0.590400 -0.745591
v -0.012252 -0.232423 0.162419
vn -0.344237 -0.645012 -0.682247
v -0.016388 -0.211078 0.147714
vn 0.008001 -0.815233 -0.579078
v 0.000978 -0.193933 0.122572
vn -0.660734 0.155677 0.734299
v -0.025954 -0.050702 0.405484
vn -0.748896 0.172190 0.639926
v -0.019600 -0.077614 0.419272
vn -0.577401 -0.509687 -0.637830
v -0.027808 -0.240016 0.178939
vn -0.028225 -0.879791 -0.474523
v -0.019635 -0.196094 0.131785
vn -0.431651 -0.669408 -0.604624
v -0.041506 -0.234613 0.188904
vn -0.702823 0.141150 0.697221
v -0.037990 -0.044640 0.393383
vn -0.165673 -0.801649 -0.574379
v -0.035261 -0.210503 0.158145
vn -0.138461 -0.844303 -0.517669
v -0.049258 -0.212718 0.159655
vn -0.776668 0.130134 0.616321
v -0.046964 -0.062661 0.386970
vn -0.340486 -0.826963 -0.447439
v -0.047783 -0.201973 0.142254
vn -0.452800 -0.733317 -0.507167
v -0.056561 -0.234571 0.195169
vn -0.616667 -0.613114 -0.493774
v -0.058899 -0.209407 0.162584
vn -0.853993 0.064839 0.516229
v -0.057806 -0.059652 0.371212
vn -0.888919 0.068930 0.452848
v -0.058333 -0.112201 0.376822
vn -0.834017 -0.471181 -0.287060
v -0.065107 -0.231745 0.204335
vn -0.874774 0.102123 0.473647
v -0.062392 -0.129041 0.371857
vn -0.805013 -0.468962 -0.363358
v -0.067830 -0.202520 0.170540
vn -0.866253 0.106071 0.488216
v -0.067335 -0.136940 0.365520
vn -0.867817 0.074234 0.491308
v -0.071140 -0.092859 0.349440
vn -0.799235 -0.566418 -0.200982
v -0.074417 -0.190086 0.172040
vn -0.921662 -0.014093 0.387737
v -0.072118 -0.162920 0.358459
vn -0.896612 -0.386950 -0.215308
v -0.073661 -0.203889 0.196795
vn -0.932124 0.004597 0.362111
v -0.078601 -0.172309 0.343392
vn -0.873852 -0.454606 -0.172383
v -0.080721 -0.189877 0.199163
vn -0.942575 -0.060902 0.328396
v -0.092770 -0.133485 0.306975
vn -0.765088 -0.643502 -0.023353
v -0.087006 -0.176890 0.182883
vn -0.906634 -0.406447 -0.113210
v -0.090502 -0.188718 0.244143
vn -0.958107 -0.144444 0.247319
v -0.100700 -0.137784 0.280440
vn -0.965619 -0.183064 0.184574
v -0.094574 -0.164393 0.287105
vn -0.942642 -0.331170 0.041862
v -0.094561 -0.178606 0.260839
vn -0.965041 -0.229886 0.125887
v -0.095157 -0.170699 0.274614
vn -0.846490 -0.522917 -0.100062
v -0.090845 -0.172017 0.203885
vn -0.898342 -0.437660 -0.037877
v -0.104756 -0.155404 0.222396
vn -0.881616 -0.143772 0.449535
v -0.103949 -0.081978 0.287058
vn -0.949898 -0.293674 0.107002
v -0.102657 -0.158755 0.246320
vn 0.839624 -0.100066 0.533871
v 0.096702 -0.068616 0.304008
vn 0.845930 0.064693 0.529356
v 0.058401 -0.058121 0.370257
vn -0.961087 -0.077983 0.265010
v -0.084979 -0.175429 0.323943
vn -0.908937 0.014865 0.416668
v -0.080709 -0.132783 0.340521
vn -0.873704 0.055666 0.483262
v -0.083564 -0.102161 0.330292
vn -0.865367 0.026640 0.500430
v -0.070961 -0.056199 0.346566
vn -0.849060 0.101449 0.518464
v -0.052182 -0.096232 0.386775
vn -0.470385 -0.593771 -0.652820
v -0.007926 -0.315166 0.235030
vn -0.756905 0.086000 0.647842
v -0.017405 -0.262542 0.458392
vn -0.639134 -0.565564 -0.521195
v -0.024693 -0.313306 0.247279
vn -0.829030 -0.424445 -0.364083
v -0.035780 -0.308749 0.263252
vn -0.878492 0.016967 0.477456
v -0.044577 -0.277874 0.427196
vn -0.747226 -0.529537 -0.401552
v -0.042071 -0.309268 0.280267
vn -0.764121 -0.521520 -0.379653
v -0.049494 -0.307393 0.291468
vn -0.925272 -0.031333 0.378007
v -0.048657 -0.292736 0.418036
vn -0.881470 -0.392947 -0.261921
v -0.057198 -0.306376 0.305800
vn -0.962617 -0.084091 0.257482
v -0.054471 -0.294621 0.400432
vn -0.963914 -0.233051 -0.128677
v -0.060545 -0.304082 0.323029
vn -0.956810 0.000711 0.290712
v -0.057997 -0.293223 0.385215
vn -0.949095 0.055958 0.309979
v -0.061672 -0.297167 0.378429
vn -0.990630 -0.095382 0.097746
v -0.062941 -0.299698 0.366999
vn -0.986431 -0.157480 -0.046407
v -0.063569 -0.303966 0.345566
vn 0.012454 -0.641358 -0.767141
v 0.000077 -0.318024 0.235218
vn 0.988652 -0.148229 -0.024399
v 0.063723 -0.303966 0.345566
vn 0.993689 -0.099044 0.052655
v 0.063095 -0.299698 0.366999
vn 0.971419 0.016328 0.236808
v 0.061826 -0.297167 0.378429
vn 0.941315 0.060171 0.332122
v 0.058585 -0.292312 0.383705
vn 0.958213 -0.255144 -0.129341
v 0.060699 -0.304082 0.323029
vn 0.877898 -0.403161 -0.258373
v 0.057352 -0.306376 0.305800
vn 0.736615 -0.541458 -0.405243
v 0.049648 -0.307393 0.291468
vn 0.803396 -0.459425 -0.378792
v 0.042225 -0.309268 0.280267
vn 0.811975 -0.444902 -0.377834
v 0.034005 -0.310288 0.260588
vn 0.807925 0.049900 0.587169
v 0.032860 -0.280347 0.446933
vn 0.654959 -0.552046 -0.516018
v 0.026255 -0.312420 0.248397
vn 0.423909 -0.622818 -0.657570
v 0.010345 -0.311642 0.233227
vn 0.961459 -0.268405 0.059628
v 0.082882 -0.210251 0.299913
vn 0.971642 -0.200634 0.125134
v 0.071048 -0.240105 0.349378
vn 0.973332 -0.187204 0.132589
v 0.085565 -0.197069 0.311190
vn 0.969881 -0.119958 0.211991
v 0.079261 -0.207389 0.339338
vn 0.962671 -0.119118 0.243056
v 0.070704 -0.230759 0.363258
vn 0.982555 -0.160680 0.093634
v 0.072269 -0.243708 0.323237
vn 0.946883 -0.321327 -0.012710
v 0.083405 -0.209829 0.271675
vn 0.975081 -0.221459 -0.013134
v 0.072434 -0.251471 0.305537
vn 0.984141 -0.020056 0.176250
v 0.067361 -0.272771 0.351096
vn 0.984702 -0.172974 0.021026
v 0.067705 -0.275742 0.337637
vn 0.978305 -0.066825 0.196098
v 0.064374 -0.270571 0.362301
vn 0.972364 -0.124544 0.197477
v 0.063014 -0.262353 0.374089
vn 0.945678 -0.053620 0.320654
v 0.054834 -0.273498 0.404027
vn 0.981347 -0.188897 -0.035720
v 0.065690 -0.278027 0.316884
vn 0.904982 0.005234 0.425418
v 0.052727 -0.253548 0.410995
vn 0.934914 0.003925 0.354853
v 0.068015 -0.216852 0.375103
vn 0.963397 -0.248808 -0.099807
v 0.064695 -0.280458 0.294406
vn 0.956163 -0.271725 -0.109164
v 0.067594 -0.261615 0.276521
vn 0.938836 -0.326289 -0.110098
v 0.072857 -0.235693 0.254653
vn 0.880028 -0.406073 -0.246283
v 0.063275 -0.261276 0.251450
vn 0.908275 -0.365667 -0.203283
v 0.060953 -0.282476 0.276291
vn 0.870781 -0.430195 -0.238059
v 0.065812 -0.243299 0.227041
vn 0.886718 0.059505 0.458466
v 0.052188 -0.219549 0.407678
vn 0.601811 -0.649844 -0.464247
v 0.056618 -0.263638 0.239546
vn 0.717737 -0.572345 -0.396579
v 0.055152 -0.284214 0.262639
vn 0.880339 0.021698 0.473849
v 0.040936 -0.215722 0.427720
vn 0.919265 -0.001445 0.393637
v 0.073296 -0.164798 0.355336
vn 0.697858 -0.569383 -0.434508
v 0.045880 -0.264269 0.231395
vn 0.650268 -0.595448 -0.471798
v 0.046802 -0.284667 0.255016
vn 0.822880 0.062606 0.564756
v 0.037568 -0.250292 0.438151
vn 0.798422 -0.470529 -0.375666
v 0.040612 -0.278239 0.234230
vn 0.640798 -0.520557 -0.564267
v 0.039519 -0.244416 0.195580
vn 0.684592 0.110545 0.720495
v 0.033663 -0.202776 0.436790
vn 0.686560 -0.520943 -0.507202
v 0.030610 -0.272190 0.206464
vn 0.678969 0.095460 0.727935
v 0.027841 -0.270832 0.451343
vn 0.700403 0.115866 0.704280
v 0.020940 -0.213653 0.448317
vn 0.398631 -0.645878 -0.651102
v 0.020868 -0.277543 0.203840
vn 0.494372 -0.542125 -0.679482
v 0.024110 -0.254905 0.186175
vn 0.741965 0.089701 0.664410
v 0.017530 -0.264117 0.458575
vn 0.244447 -0.638303 -0.729942
v 0.011312 -0.270274 0.192725
vn 0.636512 0.123197 0.761364
v 0.014293 -0.210280 0.457635
vn -0.039435 0.182401 0.982433
v -0.000099 -0.199283 0.460028
vn 0.000670 0.143724 0.989618
v -0.000081 -0.253501 0.468907
vn 0.103264 -0.686853 -0.719423
v 0.004417 -0.295210 0.215420
vn -0.068714 -0.669639 -0.739501
v -0.000061 -0.269014 0.189358
vn -0.550372 0.111266 0.827473
v -0.012738 -0.263734 0.466623
vn -0.667271 0.117367 0.735509
v -0.013994 -0.213649 0.458470
vn -0.310995 -0.668742 -0.675327
v -0.014949 -0.296873 0.220902
vn -0.370679 -0.613029 -0.697705
v -0.017938 -0.270554 0.195392
vn -0.670936 0.105240 0.734009
v -0.027157 -0.254045 0.448866
vn -0.736277 0.109885 0.667698
v -0.019815 -0.212391 0.448885
vn -0.639019 -0.536151 -0.551541
v -0.030818 -0.269210 0.203851
vn -0.662367 0.134503 0.737006
v -0.030666 -0.205903 0.439863
vn -0.805901 0.069659 0.587938
v -0.037290 -0.250221 0.438379
vn -0.822063 -0.436237 -0.365937
v -0.041434 -0.264085 0.218077
vn -0.788497 0.110763 0.604983
v -0.039027 -0.178928 0.425778
vn -0.828799 0.066509 0.555580
v -0.037926 -0.221931 0.433279
vn -0.899745 0.027428 0.435553
v -0.053494 -0.249307 0.409076
vn -0.627617 -0.616361 -0.475601
v -0.045726 -0.264269 0.231395
vn -0.736299 -0.522166 -0.430356
v -0.046648 -0.284667 0.255016
vn -0.659013 -0.560087 -0.502001
v -0.044410 -0.248906 0.207590
vn -0.900700 0.035943 0.432951
v -0.053542 -0.196119 0.399439
vn -0.893166 0.029244 0.448774
v -0.051284 -0.186027 0.405246
vn -0.928066 0.014143 0.372147
v -0.067399 -0.216128 0.376245
vn -0.677441 -0.604616 -0.418943
v -0.056464 -0.263638 0.239546
vn -0.665887 -0.597966 -0.446129
v -0.054998 -0.284214 0.262639
vn -0.535851 -0.695028 -0.479374
v -0.057786 -0.249692 0.218223
vn -0.968105 -0.104100 0.227894
v -0.077930 -0.210777 0.343040
vn -0.958991 -0.092807 0.267812
v -0.060083 -0.258050 0.391207
vn -0.864517 -0.433126 -0.254974
v -0.064271 -0.252781 0.240157
vn -0.850093 -0.449790 -0.273917
v -0.060799 -0.282476 0.276291
vn -0.912964 0.039601 0.406115
v -0.071813 -0.176540 0.359283
vn -0.977036 -0.124052 0.173237
v -0.062860 -0.262353 0.374089
vn -0.969672 -0.211950 0.121715
v -0.077261 -0.221739 0.332660
vn -0.954808 -0.276952 -0.107887
v -0.064541 -0.280458 0.294406
vn -0.974623 -0.206497 0.086417
v -0.071225 -0.243156 0.335016
vn -0.974005 -0.217947 -0.061750
v -0.065536 -0.278027 0.316884
vn -0.959784 -0.267749 -0.084413
v -0.068091 -0.263662 0.285056
vn -0.975152 0.009566 0.221330
v -0.065376 -0.269657 0.357323
vn -0.990743 -0.045565 0.127873
v -0.067207 -0.272771 0.351096
vn -0.988117 -0.133857 0.075545
v -0.072043 -0.248028 0.317328
vn -0.981445 -0.191436 -0.010872
v -0.072257 -0.251415 0.304745
vn -0.983370 -0.181564 -0.004362
v -0.067551 -0.275742 0.337637
vn -0.937646 -0.323638 -0.126802
v -0.071875 -0.234701 0.247012
vn -0.948939 -0.310469 -0.055888
v -0.076003 -0.230905 0.274937
vn -0.957309 -0.285792 0.043376
v -0.086155 -0.200662 0.288931
vn -0.955582 -0.294688 0.004785
v -0.084582 -0.206467 0.264193
vn 0.931908 -0.057076 0.358174
v 0.080440 -0.144475 0.340792
vn 0.875177 0.091396 0.475091
v 0.061912 -0.126787 0.372968
vn 0.751007 0.156267 0.641536
v 0.039748 -0.131850 0.413553
vn 0.786456 0.128480 0.604136
v 0.041619 -0.168565 0.420555
vn 0.641684 0.186807 0.743872
v 0.032847 -0.113094 0.416138
vn 0.712486 0.155426 0.684256
v 0.022654 -0.157186 0.434775
vn 0.712463 0.171445 0.680444
v 0.023375 -0.107287 0.421576
vn 0.567958 0.214491 0.794618
v 0.014869 -0.082675 0.427001
vn 0.596584 0.176632 0.782872
v 0.014993 -0.162896 0.447743
vn 0.001749 0.235084 0.971973
v 0.000016 -0.152774 0.450423
vn 0.081424 0.267853 0.960013
v 0.000241 -0.066682 0.428037
vn -0.606682 0.168551 0.776870
v -0.014726 -0.167337 0.448965
vn -0.556952 0.221530 0.800455
v -0.014649 -0.078140 0.425742
vn -0.715007 0.159061 0.680783
v -0.022576 -0.159556 0.435009
vn -0.787790 0.146682 0.598224
v -0.039851 -0.125564 0.411735
vn -0.856950 0.103809 0.504837
v -0.043959 -0.170782 0.416854
vn 0.923067 0.035896 0.382960
v 0.071638 -0.193363 0.362339
vn 0.863043 0.100445 0.495044
v 0.044899 -0.166016 0.414099
vn -0.949553 -0.012111 0.313373
v -0.075316 -0.198203 0.353592
vn -0.865640 0.102525 0.490057
v -0.047396 -0.134786 0.402798
vn -0.672139 0.179014 0.718459
v -0.032969 -0.116544 0.416783
vn -0.558205 0.106924 0.822785
v -0.011035 -0.303443 0.472192
vn -0.719478 -0.439870 -0.537463
v -0.012019 -0.341195 0.262932
vn -0.733261 0.081253 0.675075
v -0.022402 -0.325607 0.463040
vn -0.745962 0.074392 0.661820
v -0.029136 -0.292677 0.453136
vn -0.728762 -0.457118 -0.509852
v -0.027411 -0.350440 0.287389
vn -0.871760 -0.321850 -0.369387
v -0.035078 -0.333121 0.286979
vn -0.837524 -0.380399 -0.392238
v -0.041986 -0.330573 0.304264
vn -0.822725 -0.394503 -0.409256
v -0.049337 -0.329481 0.315412
vn -0.989403 -0.125676 -0.072721
v -0.060431 -0.327807 0.352821
vn -0.920329 -0.278363 -0.274789
v -0.055309 -0.329600 0.330337
vn -0.868303 -0.292759 -0.400427
v -0.042386 -0.352590 0.320867
vn -0.588480 -0.539875 -0.601852
v -0.020841 -0.355772 0.286573
vn -0.800642 -0.326640 -0.502273
v -0.014550 -0.361625 0.284865
vn -0.734522 -0.303079 -0.607141
v -0.009575 -0.367465 0.276813
vn -0.848362 0.026158 0.528770
v -0.034339 -0.322393 0.448161
vn -0.934333 -0.036101 0.354569
v -0.039534 -0.336635 0.436713
vn -0.903072 0.067092 0.424216
v -0.051234 -0.315603 0.404476
vn -0.943217 0.059409 0.326821
v -0.056568 -0.316392 0.395552
vn -0.960653 0.068821 0.269090
v -0.057127 -0.342895 0.398441
vn -0.990542 -0.000622 0.137211
v -0.059288 -0.330265 0.385194
vn -0.500067 0.106106 0.859462
v -0.011401 -0.349378 0.478233
vn -0.998636 -0.006023 -0.051867
v -0.059467 -0.396988 0.389940
vn -0.963150 -0.158752 -0.217118
v -0.057431 -0.367415 0.365389
vn -0.999640 -0.016318 0.021314
v -0.059246 -0.372135 0.392428
vn -0.967219 0.063754 0.245809
v -0.057000 -0.373546 0.409974
vn -0.944170 -0.116609 -0.308133
v -0.055340 -0.386541 0.366841
vn -0.879946 -0.269784 -0.391040
v -0.050611 -0.355677 0.340288
vn -0.945159 0.055831 -0.321803
v -0.049678 -0.401325 0.360461
vn -0.846321 0.155628 0.509431
v -0.046775 -0.366062 0.427825
vn -0.894895 -0.188424 -0.404548
v -0.044606 -0.379742 0.343289
vn -0.817251 0.182818 0.546515
v -0.046822 -0.382388 0.432727
vn -0.857836 0.073116 -0.508696
v -0.035813 -0.389688 0.322838
vn -0.834414 -0.299801 -0.462464
v -0.033565 -0.362368 0.307139
vn -0.833084 0.143747 0.534142
v -0.034632 -0.377610 0.444668
vn -0.903620 0.037287 0.426710
v -0.030293 -0.386407 0.458511
vn -0.847960 0.040987 0.528473
v -0.030588 -0.357294 0.455749
vn -0.819899 0.073393 0.567784
v -0.024381 -0.384288 0.467665
vn -0.633913 0.390330 -0.667680
v -0.019999 -0.403415 0.297489
vn -0.782105 0.085436 0.617261
v -0.020228 -0.351591 0.468532
vn -0.658962 -0.411769 -0.629456
v -0.027108 -0.375215 0.307413
vn -0.766654 0.083212 0.636646
v -0.018214 -0.372939 0.475410
vn -0.816013 -0.064194 -0.574458
v -0.017537 -0.384854 0.302471
vn -0.819242 -0.033611 -0.572463
v -0.012007 -0.393380 0.289447
vn -0.354827 0.214187 -0.910067
v -0.005864 -0.409629 0.282078
vn -0.260706 -0.163437 -0.951483
v -0.003638 -0.393169 0.280904
vn 0.089867 0.105091 0.990394
v 0.000104 -0.351644 0.481330
vn 0.107276 -0.432815 -0.895077
v 0.000596 -0.372101 0.270987
vn -0.329849 -0.544469 -0.771202
v -0.003906 -0.343529 0.255505
vn -0.052271 0.126658 0.990568
v 0.000077 -0.304134 0.475623
vn 0.846913 -0.175217 -0.502033
v 0.010825 -0.377992 0.283726
vn 0.729936 0.079545 0.678871
v 0.017281 -0.344888 0.472073
vn 0.786725 -0.223370 -0.575473
v 0.017735 -0.377768 0.300765
vn 0.571371 0.468670 -0.673709
v 0.018759 -0.407654 0.293442
vn 0.797313 0.007053 -0.603525
v 0.020786 -0.387489 0.305984
vn 0.800233 0.072693 0.595267
v 0.028412 -0.370410 0.460035
vn 0.688495 -0.386739 -0.613520
v 0.029953 -0.374835 0.309072
vn 0.858678 -0.158140 -0.487509
v 0.036417 -0.380605 0.322419
vn 0.808566 0.095305 0.580635
v 0.027198 -0.393988 0.466195
vn 0.815001 0.288073 -0.502780
v 0.035583 -0.397382 0.318398
vn 0.860429 0.106387 0.498341
v 0.040742 -0.350654 0.429358
vn 0.887663 -0.245803 -0.389404
v 0.043603 -0.368183 0.334317
vn 0.922565 -0.074642 -0.378554
v 0.047011 -0.387059 0.350815
vn 0.860709 0.149320 0.486708
v 0.049443 -0.362704 0.422982
vn 0.860326 -0.278159 -0.427162
v 0.050871 -0.358718 0.342260
vn 0.942252 -0.194569 -0.272587
v 0.055654 -0.361439 0.356064
vn 0.921800 0.113728 0.370609
v 0.055315 -0.394482 0.418713
vn 0.966377 0.065006 0.248777
v 0.057071 -0.371934 0.410296
vn 0.999181 -0.024196 -0.032444
v 0.059574 -0.379957 0.393352
vn 0.952578 -0.085039 -0.292172
v 0.056491 -0.399665 0.374725
vn 0.998648 0.005953 -0.051647
v 0.060032 -0.403185 0.391669
vn 0.985317 0.047970 0.163860
v 0.058599 -0.395765 0.404871
vn 0.349084 0.233823 -0.907451
v 0.007072 -0.412037 0.282367
vn 0.660046 -0.038319 -0.750247
v 0.009374 -0.396599 0.285918
vn 0.479406 0.095977 0.872329
v 0.011280 -0.354707 0.478884
vn 0.999563 -0.010425 0.027659
v 0.060038 -0.353940 0.381021
vn 0.995863 -0.090408 -0.009098
v 0.060818 -0.325384 0.362302
vn 0.972671 0.054091 0.225799
v 0.057965 -0.342089 0.396012
vn 0.988221 -0.037129 0.148458
v 0.059800 -0.323009 0.385122
vn 0.715130 -0.426940 -0.553454
v 0.016448 -0.363344 0.289090
vn 0.674483 -0.481583 -0.559599
v 0.028472 -0.356960 0.293935
vn 0.847058 -0.314356 -0.428570
v 0.035734 -0.354402 0.305376
vn 0.980092 -0.130832 -0.149339
v 0.059164 -0.358226 0.369399
vn 0.890172 0.120053 0.439524
v 0.054045 -0.324439 0.403335
vn 0.925170 0.009961 0.379423
v 0.051187 -0.316250 0.405368
vn 0.979751 -0.153818 -0.128173
v 0.059557 -0.326264 0.345126
vn 0.965933 -0.074147 0.247944
v 0.054969 -0.291347 0.400616
vn 0.907461 -0.302642 -0.291415
v 0.055592 -0.327690 0.328553
vn 0.926010 -0.028544 0.376418
v 0.041966 -0.323910 0.432506
vn 0.824466 -0.393277 -0.406927
v 0.049491 -0.329481 0.315412
vn 0.843628 -0.359471 -0.398839
v 0.042140 -0.330573 0.304264
vn 0.872882 0.016252 0.487661
v 0.038426 -0.305859 0.440455
vn 0.858897 -0.348414 -0.375372
v 0.034905 -0.333024 0.286058
vn 0.735087 -0.462063 -0.496130
v 0.026810 -0.335148 0.271650
vn 0.760557 0.075515 0.644865
v 0.022954 -0.337134 0.464087
vn 0.606510 -0.550022 -0.574126
v 0.013215 -0.336776 0.260180
vn 0.518249 -0.502641 -0.691932
v 0.006415 -0.343342 0.257221
vn 0.545626 0.112800 0.830402
v 0.011510 -0.285972 0.469982
vn 0.514338 0.851178 -0.104650
v -0.011239 -0.632762 0.176011
vn -0.287976 0.019020 0.957449
v -0.019535 -0.480817 0.482397
vn -0.019666 -0.487504 0.872899
v -0.000096 -0.523982 0.474904
vn -0.096237 -0.744739 0.660380
v -0.002398 -0.544834 0.458771
vn 0.014121 -0.913926 0.405634
v 0.004880 -0.597536 0.354159
vn 0.409014 -0.040171 -0.911644
v -0.016443 -0.445345 0.336159
vn 0.401492 0.072746 -0.912969
v -0.016914 -0.466673 0.333638
vn 0.373025 0.283461 -0.883460
v -0.028478 -0.505868 0.332078
vn 0.707446 -0.693654 0.135517
v -0.023413 -0.434406 0.320595
vn 0.153030 -0.638713 0.754074
v -0.012336 -0.468271 0.286765
vn 0.443699 0.675821 -0.588554
v -0.024394 -0.529706 0.313541
vn 0.042725 -0.698490 0.714344
v -0.005562 -0.485817 0.265600
vn 0.477038 0.702424 -0.528238
v -0.020631 -0.553632 0.281944
vn -0.032847 0.628152 -0.777397
v 0.000659 -0.516699 0.212644
vn 0.468809 0.675456 -0.569191
v -0.013629 -0.572467 0.263243
vn 0.189081 -0.751181 0.632436
v -0.007247 -0.549600 0.201030
vn 0.014076 -0.953553 0.300896
v 0.003501 -0.666119 0.213550
vn 0.488396 0.752871 -0.441197
v -0.010187 -0.619296 0.202815
vn 0.063399 -0.773453 0.630675
v -0.001802 -0.579207 0.156727
vn -0.385366 -0.215176 0.897325
v 0.014016 -0.607044 0.143309
vn -0.981220 -0.161458 0.105544
v -0.072019 -0.555222 0.385021
vn -0.997063 -0.070191 -0.030652
v -0.071129 -0.500728 0.328854
vn -0.998097 0.055884 -0.026061
v -0.071281 -0.464718 0.330694
vn -0.999990 0.001246 0.004380
v -0.069144 -0.528593 0.372326
vn -0.945959 -0.053900 -0.319777
v -0.069198 -0.536433 0.374777
vn -0.987681 -0.128290 -0.089600
v -0.067382 -0.517304 0.291240
vn -0.994795 0.065999 0.077632
v -0.070014 -0.457992 0.354107
vn -0.936216 -0.129543 -0.326676
v -0.063273 -0.509691 0.259508
vn -0.990308 0.039820 -0.133059
v -0.067682 -0.476239 0.283567
vn -0.973332 0.219458 -0.066803
v -0.067831 -0.437656 0.323423
vn -0.950758 0.207374 -0.230337
v -0.063793 -0.454064 0.275974
vn -0.949309 0.279206 0.144419
v -0.066459 -0.430976 0.356396
vn -0.944493 -0.011474 0.328330
v -0.068145 -0.530495 0.399613
vn -0.935789 -0.350121 -0.041408
v -0.064533 -0.543637 0.359779
vn -0.828688 -0.309014 0.466676
v -0.069290 -0.553041 0.397384
vn -0.648582 -0.753551 0.107247
v -0.063906 -0.569948 0.385048
vn -0.948335 -0.105991 0.299042
v -0.064165 -0.513323 0.412194
vn -0.934698 -0.353965 -0.032392
v -0.061356 -0.552549 0.310382
vn -0.979050 0.089874 0.182712
v -0.061702 -0.470077 0.408566
vn -0.800883 0.598379 0.022994
v -0.059548 -0.414999 0.340308
vn -0.868048 0.455475 -0.197576
v -0.061052 -0.422333 0.312993
vn -0.929365 0.085970 -0.359012
v -0.061983 -0.482771 0.253952
vn -0.479458 -0.742085 0.468434
v -0.056911 -0.572827 0.394504
vn -0.947886 0.090439 0.305504
v -0.053744 -0.471278 0.446533
vn -0.985713 0.103335 0.133009
v -0.060523 -0.456479 0.404127
vn -0.806033 0.424763 -0.412174
v -0.058829 -0.445192 0.267655
vn -0.998638 0.022355 0.047151
v -0.059444 -0.419846 0.402444
vn -0.944862 0.082705 0.316853
v -0.057320 -0.443509 0.434742
vn -0.523965 -0.044598 -0.850571
v -0.055364 -0.488450 0.240723
vn -0.793516 0.153952 -0.588754
v -0.068748 -0.567849 0.374725
vn -0.824141 -0.564666 0.044080
v -0.052731 -0.566866 0.354294
vn -0.997826 -0.008009 0.065422
v -0.055917 -0.501570 0.442889
vn -0.942428 -0.231042 -0.241762
v -0.062994 -0.529603 0.275063
vn -0.757041 -0.085654 -0.647729
v -0.051400 -0.523050 0.247407
vn -0.806328 0.288267 -0.516467
v -0.057405 -0.466368 0.250227
vn -0.706120 -0.388444 0.592035
v -0.050623 -0.546881 0.418460
vn -0.976796 0.211724 -0.032284
v -0.056897 -0.426788 0.381975
vn -0.925850 0.108424 0.362004
v -0.055328 -0.393349 0.418417
vn -0.913569 0.375513 -0.156145
v -0.044425 -0.562697 0.363184
vn -0.511190 0.686796 -0.516717
v -0.053048 -0.431100 0.276081
vn -0.569673 -0.053380 -0.820136
v -0.060817 -0.562400 0.380905
vn -0.800929 0.591365 -0.093810
v -0.049900 -0.407816 0.347521
vn -0.378346 0.548700 -0.745509
v -0.051208 -0.449689 0.255532
vn -0.485601 0.296589 -0.822330
v -0.054188 -0.478598 0.241321
vn -0.868198 -0.328860 0.371595
v -0.052430 -0.520302 0.423600
vn -0.778863 0.204764 0.592827
v -0.040655 -0.409309 0.451842
vn -0.503215 0.813174 -0.292441
v -0.053026 -0.414594 0.305904
vn -0.938976 -0.331696 -0.091115
v -0.056200 -0.562806 0.295022
vn -0.388329 -0.014511 -0.921407
v -0.041228 -0.507110 0.239730
vn -0.308606 -0.812909 0.493904
v -0.039131 -0.570417 0.405265
vn -0.761322 0.193929 0.618692
v -0.040119 -0.458324 0.466366
vn -0.965054 -0.250192 -0.077945
v -0.046079 -0.586222 0.252166
vn -0.796460 -0.569519 0.203223
v -0.045631 -0.523442 0.444670
vn -0.750017 0.310922 0.583782
v -0.046910 -0.481722 0.467414
vn -0.699501 -0.699336 0.147067
v -0.038976 -0.586909 0.348953
vn 0.069543 0.483653 -0.872493
v -0.040131 -0.461075 0.247413
vn -0.613199 0.668999 -0.420034
v -0.039418 -0.405494 0.316811
vn -0.946977 -0.067738 -0.314080
v -0.046458 -0.556782 0.242070
vn -0.991507 -0.074024 -0.106933
v -0.039516 -0.596468 0.221644
vn 0.045369 0.234160 -0.971139
v -0.039687 -0.478840 0.239241
vn -0.866757 -0.493797 0.069977
v -0.043942 -0.584664 0.300589
vn -0.170741 0.772385 -0.611775
v -0.028818 -0.417253 0.288557
vn -0.953247 0.100388 -0.285030
v -0.038134 -0.602381 0.182547
vn -0.938516 -0.336485 0.077232
v -0.036585 -0.615399 0.241915
vn -0.426374 -0.703661 0.568390
v -0.031978 -0.550730 0.436782
vn -0.202143 0.808897 -0.552109
v -0.045516 -0.424845 0.281404
vn -0.741756 -0.647194 0.175889
v -0.032573 -0.602538 0.307450
vn -0.519139 -0.842999 0.140881
v -0.040311 -0.582004 0.371891
vn -0.914537 0.180182 -0.362154
v -0.037342 -0.586912 0.185287
vn -0.994931 -0.080762 -0.059907
v -0.032402 -0.628079 0.183162
vn -0.770344 0.250331 -0.586434
v -0.038062 -0.538851 0.225370
vn -0.627126 0.118188 0.769899
v -0.030117 -0.465998 0.477090
vn -0.956986 -0.187694 0.221246
v -0.032298 -0.639064 0.219170
vn 0.025982 0.669356 -0.742487
v -0.042346 -0.443434 0.259322
vn -0.557759 -0.636870 0.532260
v -0.030089 -0.537587 0.452499
vn 0.935670 -0.267451 0.230197
v -0.032857 -0.571204 0.206214
vn 0.919685 0.347466 -0.182883
v -0.033007 -0.566859 0.226929
vn -0.839491 0.349877 -0.415742
v -0.033268 -0.561201 0.205980
vn -0.587566 -0.594208 -0.549256
v -0.038644 -0.644561 0.195884
vn -0.964654 -0.065467 -0.255259
v -0.035109 -0.615194 0.164868
vn -0.612766 0.690340 -0.384641
v -0.030538 -0.575905 0.181994
vn -0.769779 0.157074 0.618682
v -0.031039 -0.417354 0.463168
vn -0.233756 0.179917 -0.955504
v -0.032535 -0.497395 0.237962
vn -0.740159 -0.615290 0.271263
v -0.025894 -0.621296 0.275572
vn 0.898907 0.319313 -0.300008
v -0.034869 -0.583934 0.195424
vn -0.265973 0.736773 -0.621630
v -0.029708 -0.609860 0.157818
vn -0.500385 -0.283205 -0.818174
v -0.030131 -0.646834 0.203544
vn -0.561788 -0.811594 0.160341
v -0.024118 -0.662544 0.214041
vn 0.118502 0.430353 -0.894849
v -0.026881 -0.472023 0.245794
vn -0.615191 0.263014 -0.743212
v -0.031463 -0.511958 0.233191
vn 0.866622 -0.276285 0.415491
v -0.035303 -0.539017 0.242289
vn 0.773488 -0.443041 0.453245
v -0.027320 -0.588306 0.170729
vn 0.976064 0.216501 -0.020656
v -0.038954 -0.544254 0.251497
vn -0.729193 0.370809 -0.575133
v -0.026538 -0.542930 0.212061
vn -0.355444 -0.879525 0.316379
v -0.021531 -0.600054 0.345186
vn 0.000000 0.000000 0.000000
v -0.027651 -0.629981 0.212413
vn -0.030420 -0.227895 0.973210
v -0.024401 -0.503123 0.478656
vn -0.125390 -0.861033 0.492848
v -0.016896 -0.571699 0.413198
vn -0.777827 0.091877 0.621727
v -0.021756 -0.406858 0.473396
vn -0.255770 -0.904044 0.342470
v -0.032598 -0.530709 0.460330
vn 0.933147 -0.192870 0.303377
v -0.040641 -0.525179 0.258998
vn -0.396327 -0.908282 -0.133972
v -0.020626 -0.665826 0.193512
vn -0.628293 0.529961 -0.569551
v -0.024755 -0.567069 0.188991
vn 0.980898 0.173368 -0.088217
v -0.041061 -0.530275 0.268064
vn 0.835093 0.519063 -0.182188
v -0.026725 -0.610497 0.170434
vn -0.688669 0.367385 -0.625110
v -0.021956 -0.517289 0.219890
vn -0.521010 0.064322 0.851124
v -0.013923 -0.420093 0.484095
vn -0.223127 -0.953702 -0.201661
v -0.027529 -0.635639 0.205026
vn 0.812408 0.484926 -0.323791
v -0.031451 -0.547739 0.269383
vn 0.921267 -0.307203 0.238524
v -0.040532 -0.501141 0.281323
vn 0.885906 -0.379601 0.266596
v -0.035027 -0.474647 0.305659
vn 0.843723 -0.408135 0.348652
v -0.029623 -0.471894 0.298851
vn 0.999291 0.037043 -0.006773
v -0.042178 -0.508343 0.290049
vn 0.981425 -0.168872 -0.091037
v -0.042265 -0.482411 0.313816
vn 0.732050 -0.420692 -0.535837
v -0.024213 -0.438116 0.329353
vn 0.578781 0.012932 -0.815380
v -0.023578 -0.448047 0.331738
vn -0.540094 -0.770894 -0.337669
v -0.017111 -0.659246 0.172468
vn 0.388425 -0.758048 0.523918
v -0.027580 -0.613425 0.151470
vn -0.772406 -0.634581 -0.026372
v -0.027161 -0.653009 0.173951
vn -0.116832 0.406365 -0.906210
v -0.018067 -0.616828 0.139536
vn 0.700877 -0.525208 0.482626
v -0.029659 -0.492960 0.269711
vn 0.644512 -0.510533 0.569176
v -0.025476 -0.469623 0.290489
vn 0.703811 -0.513732 0.490643
v -0.023021 -0.441127 0.308855
vn 0.708231 -0.426868 0.562310
v -0.031823 -0.517032 0.248211
vn 0.589591 -0.511634 0.624990
v -0.026891 -0.532322 0.233580
vn 0.803103 0.515348 -0.299070
v -0.019725 -0.606261 0.204390
vn -0.519305 0.498763 -0.693944
v -0.017116 -0.578277 0.146647
vn 0.095465 0.550576 -0.829309
v -0.002527 -0.460522 0.259610
vn -0.749856 -0.552355 0.364170
v -0.021458 -0.648622 0.237190
vn 0.899804 0.374697 -0.223507
v -0.038693 -0.520054 0.298757
vn 0.742864 0.200390 -0.638747
v -0.041476 -0.495518 0.322402
vn 0.432777 0.041130 -0.900562
v -0.024560 -0.465039 0.326460
vn 0.771904 0.526744 -0.355956
v -0.027585 -0.563869 0.257132
vn 0.101986 -0.556599 0.824497
v -0.022576 -0.518948 0.471942
vn 0.194257 -0.683573 0.703557
v -0.012728 -0.527378 0.229355
vn 0.324236 -0.638175 0.698286
v -0.021082 -0.504974 0.250529
vn 0.410423 -0.401776 0.818614
v -0.021891 -0.605355 0.149700
vn -0.139027 -0.912836 0.383929
v -0.016220 -0.584857 0.385294
vn 0.324739 -0.633545 0.702258
v -0.019657 -0.467884 0.287210
vn 0.302711 -0.697436 0.649575
v -0.014571 -0.435717 0.309545
vn -0.047772 0.531851 -0.845489
v -0.013235 -0.437703 0.272102
vn 0.587701 0.667978 -0.456523
v -0.012827 -0.598024 0.231886
vn 0.013109 0.594674 -0.803860
v -0.004405 -0.479891 0.244960
vn -0.347954 0.463993 -0.814640
v -0.024422 -0.496213 0.233557
vn -0.207532 0.930966 -0.300388
v -0.010181 -0.570911 0.159677
vn -0.091971 -0.412630 -0.906244
v -0.015598 -0.616455 0.139569
vn -0.308591 -0.845449 0.435876
v -0.009673 -0.652155 0.244544
vn -0.406798 0.752384 -0.518106
v -0.016145 -0.568490 0.180644
vn -0.107209 -0.906556 0.408243
v -0.010465 -0.600712 0.347935
vn -0.326948 0.539091 -0.776200
v -0.014564 -0.517510 0.214309
vn -0.444870 -0.826186 0.345697
v -0.012504 -0.616847 0.311949
vn -0.682779 -0.412443 -0.603079
v -0.024491 -0.643321 0.149727
vn -0.085061 -0.646480 -0.758174
v -0.008651 -0.647353 0.148239
vn 0.542788 0.782787 0.304345
v -0.019148 -0.625027 0.152878
vn 0.264860 0.197461 -0.943853
v 0.014543 -0.600641 0.139089
vn -0.084783 -0.891403 0.445210
v -0.005248 -0.623393 0.302605
vn 0.158757 -0.773662 0.613386
v -0.009891 -0.563783 0.186037
vn 0.595567 -0.614732 0.517112
v -0.025301 -0.559164 0.202310
vn -0.092163 -0.737108 0.669461
v 0.008161 -0.527365 0.229089
vn 0.119206 -0.444327 0.887898
v -0.002964 -0.594372 0.146103
vn 0.302654 -0.740475 0.600081
v -0.009044 -0.580182 0.158752
vn 0.001903 0.843742 -0.536746
v 0.000202 -0.622320 0.203580
vn 0.077117 0.769208 -0.634328
v 0.000037 -0.591950 0.248080
vn -0.024681 0.713966 -0.699745
v 0.000077 -0.572932 0.267078
vn -0.030847 0.747981 -0.663002
v 0.000077 -0.556107 0.283768
vn -0.015530 0.711504 -0.702510
v 0.000077 -0.532638 0.311688
vn 0.002956 -0.629885 0.776683
v 0.000077 -0.465126 0.285826
vn -0.037042 -0.996110 0.079950
v 0.000077 -0.423974 0.324413
vn 0.035761 0.398698 -0.916385
v 0.000077 -0.510301 0.330840
vn 0.054892 0.126683 -0.990423
v 0.000077 -0.464239 0.338218
vn 0.011778 -0.697773 -0.716222
v 0.000077 -0.428482 0.337643
vn 0.021592 -0.093482 -0.995387
v 0.000077 -0.443380 0.342158
vn 0.040815 -0.082380 0.995765
v -0.000003 -0.469795 0.486613
vn -0.084599 0.037275 0.995718
v -0.000128 -0.421390 0.487588
vn 0.031287 0.920329 -0.389891
v -0.000018 -0.633784 0.182554
vn -0.387231 -0.684487 0.617681
v 0.016747 -0.546356 0.209742
vn -0.360156 -0.767196 0.530752
v 0.014721 -0.566343 0.184699
vn -0.159362 -0.758265 0.632169
v 0.006084 -0.563654 0.185988
vn -0.143448 -0.730072 0.668145
v 0.006720 -0.551913 0.197153
vn 0.288518 0.575442 -0.765260
v 0.014508 -0.513180 0.217084
vn 0.090970 0.575594 -0.812660
v 0.002649 -0.529617 0.203149
vn 0.244657 0.634108 -0.733519
v 0.011559 -0.575480 0.147274
vn 0.401714 -0.823849 0.399872
v 0.012037 -0.649005 0.248273
vn 0.078425 0.828871 -0.553915
v 0.001638 -0.565224 0.177429
vn -0.030412 -0.815125 0.578487
v 0.011565 -0.620134 0.141654
vn 0.359724 -0.732745 0.577653
v 0.027140 -0.554363 0.435026
vn 0.161422 -0.895000 0.415834
v 0.010994 -0.608028 0.332149
vn 0.404676 -0.637400 -0.655712
v 0.016056 -0.648624 0.149920
vn 0.078152 0.552268 -0.829995
v 0.016860 -0.489547 0.237135
vn -0.534853 0.744869 -0.398877
v 0.011531 -0.622540 0.196717
vn 0.279003 -0.952758 0.120039
v 0.015766 -0.667686 0.202982
vn -0.785025 0.524738 -0.329220
v 0.020191 -0.604651 0.206718
vn 0.483841 -0.807508 0.337386
v 0.014507 -0.614675 0.314788
vn 0.469222 0.580388 -0.665568
v 0.020246 -0.568498 0.183326
vn -0.274309 -0.650818 0.707948
v 0.019811 -0.467884 0.287210
vn -0.394949 -0.625351 0.673017
v 0.022377 -0.507041 0.249385
vn 0.658204 0.102008 0.745896
v 0.017336 -0.417381 0.480850
vn -0.306745 -0.631945 0.711725
v 0.017334 -0.526616 0.231629
vn -0.703324 0.594663 -0.389501
v 0.024319 -0.567120 0.257836
vn -0.715961 0.580637 -0.387635
v 0.017960 -0.586033 0.239637
vn -0.651590 -0.492408 0.577031
v 0.027143 -0.532025 0.233971
vn -0.643097 -0.042392 -0.764610
v 0.024714 -0.465039 0.326460
vn -0.859957 0.008822 -0.510290
v 0.041630 -0.495518 0.322402
vn -0.864517 0.411496 -0.288587
v 0.038847 -0.520054 0.298757
vn 0.489904 -0.859790 0.144064
v 0.038208 -0.583798 0.370390
vn -0.165449 0.505594 -0.846759
v 0.022080 -0.470780 0.248057
vn 0.339776 -0.935570 0.096235
v 0.023965 -0.655459 0.174568
vn 0.413465 0.819462 -0.396898
v 0.018367 -0.572849 0.154114
vn 0.771613 0.289742 -0.566271
v 0.021930 -0.580358 0.153292
vn -0.454738 -0.596538 0.661329
v 0.022727 -0.441148 0.308698
vn -0.730302 -0.477937 0.488094
v 0.025630 -0.469623 0.290489
vn 0.746012 0.116731 0.655621
v 0.021402 -0.397619 0.472361
vn -0.772620 -0.454700 0.443066
v 0.029303 -0.556336 0.210954
vn -0.957152 -0.227553 -0.179108
v 0.042419 -0.482411 0.313816
vn -0.999172 0.040625 -0.002422
v 0.042332 -0.508343 0.290049
vn -0.866093 -0.395188 0.306120
v 0.029777 -0.471894 0.298851
vn -0.867814 -0.445230 0.220612
v 0.035181 -0.474647 0.305659
vn -0.704019 -0.532845 0.469503
v 0.028554 -0.493024 0.268293
vn -0.889417 -0.345002 0.299852
v 0.040686 -0.501141 0.281323
vn -0.696124 -0.427503 0.576760
v 0.031790 -0.519387 0.246004
vn -0.831971 0.487741 -0.264448
v 0.029068 -0.563384 0.254149
vn -0.783455 0.517971 -0.343372
v 0.031605 -0.547739 0.269383
vn 0.323992 0.759369 -0.564259
v 0.013548 -0.617743 0.137871
vn -0.003745 0.543280 -0.839543
v 0.019398 -0.434873 0.273244
vn 0.586717 -0.180517 -0.789415
v 0.019237 -0.612952 0.140408
vn -0.696265 -0.477108 0.536268
v 0.025934 -0.595617 0.160468
vn -0.957186 0.262586 -0.121836
v 0.041156 -0.531266 0.266237
vn 0.294898 -0.638312 0.711050
v 0.016094 -0.538646 0.460430
vn 0.543765 0.363763 -0.756304
v 0.024114 -0.505435 0.228603
vn 0.900675 -0.238282 -0.363326
v 0.027443 -0.658887 0.188833
vn -0.975243 -0.024068 0.219820
v 0.039013 -0.544567 0.247430
vn -0.962725 -0.135368 0.234169
v 0.040795 -0.525179 0.258998
vn 0.666824 -0.637690 0.385612
v 0.021082 -0.648960 0.237343
vn -0.094242 -0.417192 0.903919
v 0.023770 -0.510809 0.476303
vn -0.829079 0.487225 -0.274299
v 0.025024 -0.579567 0.229649
vn 0.917467 -0.388207 -0.086888
v 0.024585 -0.634359 0.202953
vn 0.187977 -0.929593 0.317051
v 0.018114 -0.593115 0.364224
vn 0.177267 0.000527 0.984163
v 0.027746 -0.490026 0.480122
vn 0.754596 0.349368 -0.555452
v 0.026673 -0.536921 0.216035
vn 0.474694 0.059816 0.878116
v 0.017567 -0.454947 0.483620
vn -0.309142 0.942083 -0.130044
v 0.025195 -0.619107 0.153261
vn 0.806744 0.122071 -0.578155
v 0.029238 -0.625854 0.148760
vn 0.080859 0.286395 -0.954694
v 0.030000 -0.489677 0.237422
vn 0.165627 -0.966835 -0.194415
v 0.029432 -0.637719 0.207110
vn 0.719416 0.153772 0.677344
v 0.025750 -0.431860 0.474950
vn 0.735031 0.382449 -0.559877
v 0.022995 -0.542689 0.204496
vn -0.021706 0.334358 -0.942196
v 0.039548 -0.478284 0.239468
vn 0.744749 -0.614587 0.260060
v 0.026411 -0.619093 0.279263
vn -0.666667 -0.666667 0.333333
v 0.028131 -0.628602 0.216377
vn -0.785131 0.587846 -0.194954
v 0.020947 -0.621790 0.171965
vn 0.871357 -0.483309 -0.084552
v 0.038665 -0.644133 0.194148
vn 0.150658 0.754713 -0.638522
v 0.031147 -0.416369 0.290860
vn -0.059281 0.459619 -0.886136
v 0.040320 -0.463009 0.246332
vn 0.748400 -0.648382 0.139635
v 0.030002 -0.658213 0.214683
vn 0.817928 -0.447308 -0.361814
v 0.025809 -0.647531 0.160271
vn -0.781674 -0.492907 0.382138
v 0.031077 -0.582292 0.187315
vn 0.729517 -0.508526 0.457391
v 0.034170 -0.600620 0.170238
vn -0.997448 0.066895 0.024967
v 0.033850 -0.569191 0.217361
vn 0.351783 -0.873206 0.337283
v 0.031730 -0.531391 0.459968
vn 0.864268 -0.499341 0.060815
v 0.045170 -0.581915 0.305838
vn 0.706751 0.608342 -0.361142
v 0.030482 -0.577505 0.178140
vn 0.294255 -0.795941 0.529048
v 0.041339 -0.570819 0.402815
vn 0.819374 0.353863 -0.451006
v 0.031431 -0.561716 0.203805
vn 0.671212 0.302001 0.676957
v 0.042721 -0.478421 0.470765
vn -0.934442 0.273617 -0.227929
v 0.035236 -0.587425 0.189482
vn 0.992737 -0.060975 -0.103712
v 0.032800 -0.627764 0.175731
vn 0.748971 -0.646932 0.143252
v 0.034043 -0.598176 0.316296
vn 0.973025 -0.154172 0.171620
v 0.032559 -0.636481 0.222721
vn 0.941741 0.198669 -0.271395
v 0.037658 -0.579476 0.209000
vn 0.485481 0.792119 -0.369941
v 0.038166 -0.406512 0.311212
vn 0.697902 -0.539533 0.470997
v 0.039566 -0.537027 0.442374
vn 0.762794 0.187688 -0.618804
v 0.044480 -0.525084 0.239667
vn 0.980482 -0.190816 -0.047381
v 0.037269 -0.608609 0.217570
vn 0.983754 0.049856 -0.172460
v 0.038804 -0.595687 0.186567
vn 0.913310 -0.393481 0.105059
v 0.040145 -0.602456 0.260675
vn 0.920458 0.094936 -0.379135
v 0.040138 -0.548224 0.224819
vn 0.508513 -0.589597 0.627527
v 0.048503 -0.560649 0.409619
vn 0.356691 -0.894600 0.269189
v 0.047354 -0.578770 0.384854
vn 0.506279 -0.021961 -0.862090
v 0.041520 -0.507812 0.240010
vn 0.988271 -0.060839 -0.140065
v 0.040122 -0.593380 0.225721
vn 0.799465 0.205415 0.564501
v 0.044149 -0.389939 0.439512
vn -0.006052 0.644573 -0.764519
v 0.042438 -0.445152 0.258201
vn 0.960981 -0.268490 -0.066548
v 0.046299 -0.585717 0.259951
vn 0.752412 0.143139 0.642952
v 0.038082 -0.454183 0.468275
vn 0.781888 0.196345 0.591693
v 0.039474 -0.420650 0.457057
vn 0.878054 0.023956 -0.477962
v 0.047290 -0.567288 0.366275
vn 0.207994 0.798585 -0.564802
v 0.046192 -0.424668 0.281538
vn 0.954369 -0.174931 -0.242031
v 0.050070 -0.556539 0.255763
vn 0.863550 0.179261 0.471324
v 0.049876 -0.407774 0.436061
vn 0.718805 -0.260650 0.644501
v 0.055267 -0.548260 0.412129
vn 0.476919 0.831593 -0.284608
v 0.048579 -0.411475 0.308985
vn 0.941793 -0.011538 -0.335994
v 0.042942 -0.558040 0.232258
vn 0.128879 0.403688 -0.905774
v 0.050410 -0.469904 0.243897
vn 0.861078 -0.496888 0.107916
v 0.056269 -0.563757 0.335741
vn 0.218653 0.062137 -0.973822
v 0.049036 -0.490142 0.238612
vn 0.782076 -0.253377 0.569348
v 0.054953 -0.524180 0.416949
vn 0.350064 0.583285 -0.732962
v 0.051167 -0.450063 0.255325
vn 0.953579 0.081051 0.290030
v 0.058416 -0.444869 0.431164
vn 0.879057 -0.476716 0.001055
v 0.046164 -0.577245 0.351779
vn 0.977101 0.175488 0.120326
v 0.055162 -0.485938 0.446606
vn 0.889187 -0.450452 -0.080244
v 0.059523 -0.546171 0.361937
vn 0.509711 0.704921 -0.493236
v 0.053192 -0.430749 0.276522
vn 0.649517 -0.557168 0.517389
v 0.063618 -0.566114 0.396312
vn 0.869008 0.470584 -0.152890
v 0.048938 -0.406619 0.349681
vn 0.899103 0.126807 0.418968
v 0.054719 -0.436327 0.437710
vn 0.830987 -0.112179 -0.544864
v 0.055949 -0.525513 0.253271
vn 0.619820 0.220037 -0.753264
v 0.055262 -0.482315 0.240581
vn 0.732494 0.680770 0.002067
v 0.059549 -0.414724 0.339771
vn 0.959599 0.280434 -0.022964
v 0.056603 -0.425096 0.380547
vn 0.808185 0.400028 -0.432221
v 0.058780 -0.447022 0.264636
vn 0.945894 -0.318938 -0.059691
v 0.061285 -0.553325 0.308932
vn 0.944426 0.288274 0.157980
v 0.065979 -0.430888 0.359458
vn 0.791507 0.569380 -0.222088
v 0.059398 -0.419641 0.310469
vn 0.939148 0.155429 -0.306339
v 0.062436 -0.470277 0.258277
vn 0.723926 -0.451811 -0.521342
v 0.064539 -0.569712 0.380107
vn 0.990844 0.063981 0.118892
v 0.060855 -0.470318 0.414880
vn 0.994880 0.087372 0.050792
v 0.059830 -0.447982 0.397295
vn 0.575891 -0.165243 -0.800652
v 0.061679 -0.561755 0.381464
vn 0.939113 -0.133946 0.316425
v 0.063969 -0.509335 0.414537
vn 0.978200 -0.176004 -0.110214
v 0.069054 -0.528195 0.373422
vn 0.990742 0.102736 0.088741
v 0.063003 -0.505757 0.401019
vn 0.965836 0.241994 -0.092736
v 0.067503 -0.435086 0.321998
vn 0.812248 -0.135475 -0.567363
v 0.061366 -0.499419 0.248844
vn 0.967466 -0.166791 -0.190238
v 0.064440 -0.524454 0.273854
vn 0.980329 0.077443 0.181540
v 0.065927 -0.471319 0.386368
vn 0.993788 0.081699 0.075563
v 0.069717 -0.454802 0.355284
vn 0.998902 -0.033062 -0.033197
v 0.071738 -0.492294 0.323390
vn 0.988097 0.044205 -0.147342
v 0.067659 -0.478652 0.281608
vn 0.995300 -0.009536 0.096365
v 0.069177 -0.520128 0.371574
vn 0.991742 -0.122378 -0.038348
v 0.069080 -0.517752 0.325529
vn 0.513378 -0.266872 -0.815612
v 0.067787 -0.538185 0.377078
vn 0.994955 0.089646 -0.045045
v 0.070602 -0.454996 0.323729
vn 0.914753 -0.276510 -0.294567
v 0.072813 -0.554454 0.384046
vn 0.960860 0.018723 0.276401
v 0.071342 -0.537557 0.392375
vn -0.051181 0.909627 0.412262
v 0.002722 -0.628428 0.150753
vn -0.344687 -0.632639 0.693512
v 0.008275 -0.580860 0.156951
vn 0.331395 -0.889287 -0.315192
v 0.017127 -0.660186 0.173112
vn -0.453710 0.704443 -0.545809
v 0.009858 -0.589552 0.246656
vn -0.410359 0.694635 -0.590836
v 0.014200 -0.571307 0.264094
vn 0.128230 -0.892998 0.431407
v 0.004442 -0.642299 0.266595
vn -0.422547 0.718981 -0.551834
v 0.020785 -0.553632 0.281944
vn -0.089790 -0.685438 0.722573
v 0.012922 -0.492383 0.260362
vn -0.433581 0.673328 -0.598864
v 0.024548 -0.529706 0.313541
vn -0.127885 -0.646760 0.751896
v 0.012490 -0.468271 0.286765
vn -0.064316 -0.706684 0.704600
v 0.000565 -0.433523 0.306910
vn -0.739596 -0.626645 0.245589
v 0.023649 -0.434363 0.319843
vn -0.443707 0.302404 -0.843609
v 0.028632 -0.505868 0.332078
vn -0.467372 0.000779 -0.884060
v 0.017068 -0.466673 0.333638
vn -0.790512 -0.536508 -0.295380
v 0.024771 -0.438338 0.329576
vn -0.648489 -0.097377 -0.754970
v 0.022164 -0.445106 0.333528
vn 0.085135 -0.902764 0.421627
v 0.014505 -0.581687 0.394669
vn 0.124157 -0.846837 0.517158
v 0.010921 -0.563814 0.427522
vn 0.102865 -0.313126 0.944125
v 0.005622 -0.512651 0.479099
vn 0.381162 0.054916 0.922876
v 0.012110 -0.426788 0.485073
vn -0.325180 0.945064 -0.033337
v 0.005964 -0.635588 0.173433
vn -0.804044 -0.456110 0.381415
v -0.080175 -0.565772 0.505903
vn -0.676545 -0.337809 -0.654349
v -0.075443 -0.527256 0.467302
vn -0.737615 0.411020 0.535711
v -0.076646 -0.538201 0.497806
vn 0.118687 -0.752712 0.647563
v -0.067511 -0.562952 0.513629
vn 0.523327 -0.649450 -0.551674
v -0.072358 -0.544124 0.491529
vn -0.712371 0.616833 0.334731
v -0.067864 -0.513024 0.482905
vn 0.110073 -0.903866 -0.413412
v -0.056268 -0.566402 0.507017
vn -0.427192 0.348154 0.834444
v -0.071548 -0.556339 0.509453
vn -0.782011 0.600473 0.167005
v -0.058836 -0.497306 0.466600
vn 0.098868 -0.645547 -0.757294
v -0.063241 -0.549290 0.505337
vn 0.395247 -0.822668 -0.408652
v -0.058560 -0.516445 0.464338
vn -0.915737 0.245206 -0.318277
v -0.061429 -0.504853 0.458450
vn 0.192304 -0.752214 -0.630232
v -0.057515 -0.527794 0.482796
vn -0.531607 -0.430558 -0.729392
v -0.049613 -0.542318 0.494424
vn -0.113923 0.505558 0.855239
v -0.055508 -0.517768 0.494402
vn -0.824295 -0.564291 -0.045972
v -0.053300 -0.510167 0.448926
vn -0.316357 -0.828769 -0.461585
v -0.042740 -0.512987 0.467517
vn -0.106676 0.411341 0.905218
v -0.042653 -0.497466 0.479299
vn 0.685570 0.116547 0.718617
v -0.043568 -0.533751 0.496518
vn -0.761980 -0.560809 0.323850
v -0.045244 -0.526798 0.464995
vn -0.956987 -0.230361 0.176377
v -0.040150 -0.519653 0.468434
vn 0.138368 -0.916650 0.374976
v -0.035830 -0.529751 0.472020
vn 0.499953 -0.141331 0.854443
v -0.033977 -0.512344 0.478447
vn -0.472473 0.098057 0.875873
v 0.036676 -0.505888 0.480071
vn 0.865972 -0.486462 -0.115964
v 0.040539 -0.516681 0.469825
vn 0.026265 -0.793396 0.608139
v 0.037660 -0.530462 0.473069
vn 0.843930 -0.459791 0.276360
v 0.046346 -0.523999 0.465130
vn -0.448075 -0.777375 -0.441494
v 0.044153 -0.551342 0.494116
vn -0.481030 0.239915 0.843238
v 0.045429 -0.531996 0.497443
vn 0.754177 -0.655745 -0.034864
v 0.053839 -0.511758 0.448978
vn 0.009511 0.530243 0.847792
v 0.054336 -0.516238 0.493932
vn 0.370132 -0.524255 -0.766915
v 0.050081 -0.540075 0.492821
vn 0.730857 0.583227 0.354533
v 0.056219 -0.495213 0.470368
vn -0.516129 -0.809788 -0.279024
v 0.057362 -0.515407 0.462990
vn -0.071027 -0.878800 -0.471875
v 0.048208 -0.512393 0.465864
vn 0.268179 0.505088 0.820345
v 0.048464 -0.496356 0.476864
vn 0.914763 0.324914 -0.240083
v 0.065585 -0.509790 0.461114
vn 0.045781 -0.627533 -0.777242
v 0.063858 -0.548307 0.504464
vn 0.912576 -0.384305 -0.139695
v 0.066471 -0.571656 0.517270
vn 0.258675 -0.672447 -0.693471
v 0.077664 -0.535161 0.471624
vn 0.684827 0.581726 0.438871
v 0.069279 -0.514702 0.483638
vn 0.359476 0.472497 0.804688
v 0.073933 -0.551832 0.506807
vn -0.338282 -0.704671 -0.623702
v 0.071477 -0.575394 0.522703
vn 0.908432 -0.414679 -0.052852
v 0.078451 -0.571269 0.512860
vn -0.539685 -0.662987 -0.518834
v 0.071430 -0.538495 0.485995
vn 0.936863 0.303834 0.173127
v 0.079436 -0.539766 0.489007
vn -0.410225 -0.874997 -0.257091
v -0.081537 -0.164832 0.000497
vn -0.661279 -0.645523 -0.382113
v -0.107770 -0.157385 0.022903
vn -0.653237 -0.647010 -0.393268
v -0.110768 -0.171208 0.046715
vn -0.773650 -0.538670 -0.333617
v -0.130445 -0.160223 0.062003
vn -0.829381 0.352897 -0.433118
v -0.127333 0.042720 0.017394
vn -0.938375 0.067648 -0.338933
v -0.126962 0.063775 0.022216
vn -0.882052 0.096109 -0.461245
v -0.118230 0.054046 -0.001557
vn -0.809761 0.290677 -0.509700
v -0.119117 0.031937 -0.004729
vn -0.663125 0.572848 -0.481778
v -0.137070 0.049673 0.040642
vn -0.727959 0.507931 -0.460523
v -0.141577 0.034359 0.024058
vn -0.657339 0.510385 -0.554449
v -0.131300 0.024864 0.003733
vn -0.661760 0.430187 -0.614014
v -0.121569 0.016520 -0.013086
vn -0.831696 -0.551460 -0.064603
v -0.135423 -0.160298 0.085036
vn -0.837634 -0.475939 -0.268051
v -0.145671 -0.125942 0.062529
vn -0.916445 0.221786 -0.333076
v -0.140719 0.073951 0.071735
vn -0.826604 0.418850 -0.375887
v -0.147561 0.045915 0.052453
vn -0.972469 -0.089107 -0.215321
v -0.141628 0.103570 0.074439
vn -0.944875 0.273457 -0.180087
v -0.145329 0.079474 0.092343
vn -0.801611 0.480848 -0.355253
v -0.148268 0.065764 0.077251
vn -0.831864 0.318069 -0.454790
v -0.142286 0.015704 0.011246
vn -0.844389 0.352020 -0.403843
v -0.150174 0.032759 0.041622
vn -0.890298 0.223483 -0.396767
v -0.151766 0.004662 0.023998
vn -0.882432 0.205567 -0.423149
v -0.142241 -0.004472 0.003440
vn -0.858230 0.275314 -0.433178
v -0.135188 -0.015456 -0.017531
vn -0.914841 0.111459 -0.388127
v -0.144272 -0.026627 -0.002175
vn -0.902413 0.267158 -0.338050
v -0.137182 -0.031584 -0.025856
vn -0.850921 -0.524630 0.026374
v -0.146778 -0.140450 0.110518
vn -0.899868 0.414804 -0.134818
v -0.153100 0.067469 0.096275
vn -0.993043 -0.069844 -0.094804
v -0.146792 0.099540 0.112014
vn -0.923301 -0.169083 -0.344856
v -0.151813 -0.071701 0.006733
vn -0.885182 0.348080 -0.308697
v -0.154492 0.041499 0.062046
vn -0.887530 -0.437987 -0.143032
v -0.158816 -0.117943 0.085541
vn -0.930132 0.113121 -0.349369
v -0.153316 -0.042864 0.019044
vn -0.927299 0.053937 -0.370416
v -0.156685 -0.023507 0.025498
vn -0.927020 0.186587 -0.325299
v -0.157020 -0.007788 0.031477
vn -0.935868 0.219444 -0.275673
v -0.155990 0.010218 0.040546
vn -0.876678 -0.389780 -0.281971
v -0.162313 -0.086666 0.044633
vn -0.979371 0.195499 -0.051104
v -0.162643 0.043443 0.113471
vn -0.952238 0.238222 -0.191034
v -0.158927 0.044806 0.081528
vn -0.946974 0.213631 -0.240005
v -0.158745 0.021076 0.059892
vn -0.937464 0.209728 -0.277805
v -0.161090 -0.000186 0.047216
vn -0.975042 0.130763 -0.179425
v -0.165035 -0.048208 0.053781
vn -0.950625 -0.286056 -0.120348
v -0.164604 -0.096282 0.075978
vn -0.937097 0.111087 -0.330920
v -0.163866 -0.063509 0.030992
vn -0.969235 0.047336 -0.241542
v -0.164724 -0.018940 0.049499
vn -0.936348 -0.232776 -0.262808
v -0.166843 -0.074003 0.042793
vn -0.974328 0.177912 -0.137957
v -0.161481 0.027790 0.083870
vn -0.973578 0.183889 -0.135388
v -0.164600 0.006524 0.067798
vn -0.974775 -0.223187 0.001018
v -0.167246 -0.096813 0.107977
vn 0.456991 -0.065405 -0.887063
v -0.013716 0.004465 -0.048043
vn 0.347441 -0.186282 -0.919012
v -0.014833 0.023897 -0.053039
vn 0.050502 -0.200192 -0.978454
v -0.017775 0.047347 -0.059931
vn -0.168671 -0.088092 -0.981728
v -0.020843 0.065297 -0.062467
vn -0.304561 0.023875 -0.952194
v -0.031889 0.116189 -0.062187
vn 0.170550 -0.036357 -0.984678
v -0.026012 -0.098325 -0.067045
vn 0.559478 0.072491 -0.825669
v -0.021701 -0.013813 -0.056264
vn 0.629560 -0.033892 -0.776212
v -0.022579 0.012623 -0.057208
vn 0.164717 0.104456 -0.980794
v -0.023951 -0.057669 -0.063584
vn 0.151694 -0.020739 -0.988210
v -0.031143 -0.090655 -0.067250
vn 0.499355 -0.020178 -0.866163
v -0.024644 0.028205 -0.058651
vn 0.110553 -0.331880 -0.936821
v -0.029813 -0.118241 -0.062516
vn 0.081764 0.065044 -0.994527
v -0.030567 0.054589 -0.060427
vn 0.204489 -0.655132 -0.727314
v -0.028906 -0.133633 -0.054895
vn -0.171748 0.032029 -0.984620
v -0.039671 0.080219 -0.057513
vn 0.321382 -0.392242 -0.861893
v -0.040785 -0.117722 -0.065665
vn 0.216900 -0.753245 -0.620948
v -0.050562 -0.147375 -0.041272
vn 0.190437 -0.600517 -0.776604
v -0.041863 -0.128637 -0.058237
vn -0.196300 0.166577 -0.966291
v -0.052503 0.051746 -0.061296
vn -0.352876 0.109230 -0.929273
v -0.048373 0.114717 -0.054766
vn 0.031434 -0.789662 -0.612736
v -0.046091 -0.158537 -0.027247
vn 0.741977 -0.636285 -0.211215
v -0.059556 -0.142957 -0.054221
vn -0.381931 0.259238 -0.887088
v -0.056045 0.026760 -0.065688
vn 0.529851 -0.843898 -0.084231
v -0.070831 -0.154750 -0.040129
vn -0.511340 0.158499 -0.844636
v -0.069674 0.093974 -0.048611
vn -0.510127 0.150888 -0.846760
v -0.072392 0.042028 -0.053684
vn -0.523304 0.347838 -0.777922
v -0.071218 0.019696 -0.058645
vn -0.123262 -0.882574 -0.453728
v -0.059648 -0.162911 -0.019023
vn -0.034895 -0.980889 -0.191412
v -0.077001 -0.163250 -0.014180
vn -0.661236 0.166640 -0.731436
v -0.085612 0.087033 -0.036437
vn -0.662053 0.143767 -0.735538
v -0.088322 0.043504 -0.043381
vn -0.632556 0.265495 -0.727589
v -0.090503 0.016273 -0.046327
vn -0.783475 0.132224 -0.607194
v -0.103942 0.046932 -0.025008
vn -0.760247 0.208250 -0.615351
v -0.105035 0.024532 -0.028268
vn -0.646605 0.425425 -0.633179
v -0.107215 0.008137 -0.032604
vn -0.672246 0.455738 -0.583428
v -0.124421 0.000622 -0.023411
vn -0.945460 0.091867 -0.312515
v -0.141419 -0.040807 -0.007188
vn -0.380427 -0.924026 -0.038088
v -0.088549 -0.162094 -0.009391
vn -0.710239 -0.686079 -0.157659
v -0.110633 -0.147575 0.014560
vn -0.458229 -0.881742 0.112055
v -0.098041 -0.157278 -0.009689
vn -0.814360 -0.515471 -0.266660
v -0.129754 -0.130006 0.033263
vn -0.912048 -0.379875 -0.154480
v -0.140761 -0.099335 0.004407
vn -0.992395 -0.090338 -0.083618
v -0.141340 -0.090375 -0.013467
vn 0.943829 -0.004949 -0.330397
v -0.027815 -0.030986 -0.063941
vn 0.833501 0.038519 -0.551173
v -0.031131 -0.011816 -0.064445
vn 0.846074 0.061919 -0.529456
v -0.032723 -0.072554 -0.065665
vn 0.785312 0.076583 -0.614345
v -0.031972 0.008001 -0.065770
vn -0.573447 0.215457 -0.790403
v -0.039595 -0.104389 -0.068574
vn 0.584129 0.176414 -0.792257
v -0.036386 0.019413 -0.067585
vn 0.072768 0.306587 -0.949057
v -0.044423 0.027208 -0.068266
vn 0.983554 -0.179881 0.016249
v -0.031842 -0.095147 -0.071789
vn 0.941969 -0.113589 -0.315898
v -0.033655 -0.086543 -0.083785
vn 0.792860 -0.147025 0.591403
v -0.035945 -0.114589 -0.059238
vn 0.900215 0.089281 -0.426194
v -0.037555 -0.072129 -0.098561
vn 0.950603 -0.055556 -0.305399
v -0.034942 -0.080286 -0.090633
vn 0.059719 0.446438 0.892820
v -0.048348 -0.126424 -0.064844
vn 0.858966 -0.409407 -0.307511
v -0.044862 -0.129161 -0.074622
vn 0.024956 0.148101 0.988657
v -0.042706 -0.138032 -0.055652
vn 0.933594 0.089850 -0.346885
v -0.051204 -0.091218 -0.127610
vn 0.713942 0.291497 -0.636644
v -0.042481 -0.062479 -0.103582
vn 0.726660 -0.607500 0.320793
v -0.051868 -0.152325 -0.051216
vn 0.335315 0.524646 -0.782502
v -0.050650 -0.051825 -0.105065
vn 0.879428 -0.316697 -0.355400
v -0.043442 -0.098676 -0.106478
vn 0.062865 0.697121 -0.714192
v -0.061691 -0.045112 -0.103723
vn -0.320601 0.428751 -0.844623
v -0.058553 0.019281 -0.067673
vn 0.537855 -0.235324 0.809527
v -0.064879 -0.158859 -0.042237
vn -0.434735 0.490725 -0.755112
v -0.072657 0.010535 -0.063202
vn 0.488198 0.594269 -0.639145
v -0.064810 -0.062497 -0.130581
vn -0.167636 0.725100 -0.667928
v -0.075086 -0.040102 -0.098732
vn 0.066056 -0.979322 0.191222
v -0.085945 -0.164970 -0.037284
vn 0.111387 -0.976509 0.184456
v -0.082142 -0.166244 -0.029389
vn 0.025703 0.792918 -0.608786
v -0.079478 -0.056773 -0.128549
vn 0.401616 -0.868499 0.290541
v -0.073265 -0.165029 -0.049988
vn 0.792683 -0.592535 -0.143375
v -0.059769 -0.156463 -0.070352
vn -0.538742 0.512346 -0.668774
v -0.090615 -0.000539 -0.057584
vn -0.290230 0.768056 -0.570838
v -0.090205 -0.037492 -0.091325
vn -0.285047 -0.898762 0.333128
v -0.101522 -0.163267 -0.033807
vn -0.537974 0.671432 -0.509670
v -0.103686 -0.055613 -0.114332
vn -0.447826 0.744762 -0.494754
v -0.105127 -0.037295 -0.081625
vn -0.580341 0.559864 -0.591402
v -0.107877 -0.008936 -0.047099
vn -0.444471 -0.819504 0.361745
v -0.114775 -0.163508 -0.043958
vn -0.648939 -0.671909 0.356954
v -0.121211 -0.140543 -0.011950
vn -0.716545 -0.693567 0.074352
v -0.117545 -0.138903 0.002836
vn -0.581654 0.681380 -0.444298
v -0.113937 -0.049803 -0.093407
vn -0.697074 0.532980 -0.479605
v -0.124298 -0.028478 -0.046459
vn -0.687822 -0.650523 0.322058
v -0.126097 -0.153742 -0.042146
vn -0.758594 0.521431 -0.390698
v -0.128139 -0.040862 -0.057748
vn -0.747729 0.513982 -0.420385
v -0.119057 -0.053835 -0.091983
vn -0.823052 -0.499068 0.271139
v -0.134032 -0.142437 -0.042094
vn -0.867388 -0.481514 0.125627
v -0.133511 -0.116614 0.002442
vn -0.925997 0.249969 -0.282921
v -0.133175 -0.050110 -0.055598
vn -0.960263 0.205793 -0.188531
v -0.141735 -0.095753 -0.073662
vn -0.887318 0.368730 -0.276957
v -0.128663 -0.068859 -0.086866
vn -0.960949 0.088124 -0.262321
v -0.143432 -0.060395 -0.022076
vn -0.914168 -0.383912 0.130030
v -0.139418 -0.136711 -0.052709
vn -0.961876 -0.231730 0.145242
v -0.140173 -0.106985 -0.013396
vn -0.978446 0.163490 -0.126156
v -0.138407 -0.079538 -0.047859
vn -0.978905 -0.204006 -0.011287
v -0.143367 -0.124582 -0.058005
vn -0.999484 0.023741 -0.021639
v -0.145538 -0.110095 -0.058315
vn 0.933326 -0.299830 -0.197495
v -0.049369 -0.100960 -0.116923
vn 0.919578 -0.366848 -0.140709
v -0.052626 -0.108113 -0.112797
vn 0.988727 -0.145576 -0.035015
v -0.051282 -0.112545 -0.138948
vn 0.959384 0.187668 -0.210625
v -0.052161 -0.103915 -0.146395
vn 0.774587 0.429543 -0.464228
v -0.056985 -0.083810 -0.133633
vn 0.847952 0.423688 -0.318536
v -0.057941 -0.095673 -0.153444
vn 0.966777 0.132069 -0.218862
v -0.054827 -0.114380 -0.164964
vn 0.881029 0.373620 -0.290165
v -0.064553 -0.118615 -0.201940
vn 0.975590 -0.218403 -0.022878
v -0.057227 -0.132473 -0.115924
vn 0.991634 -0.115091 -0.058449
v -0.065000 -0.159031 -0.219100
vn 0.575574 0.661893 -0.480221
v -0.068080 -0.079361 -0.145273
vn 0.737521 0.577745 -0.349676
v -0.065589 -0.095423 -0.169476
vn 0.973455 -0.228806 0.005717
v -0.058881 -0.138489 -0.162953
vn 0.905517 -0.422469 -0.039476
v -0.063421 -0.154716 -0.097905
vn 0.920200 -0.341864 -0.190685
v -0.057427 -0.138600 -0.093707
vn 0.958992 -0.282948 0.016540
v -0.062303 -0.160119 -0.166132
vn 0.979331 0.110029 -0.169716
v -0.065862 -0.144036 -0.227978
vn 0.760980 -0.639028 0.112038
v -0.072647 -0.172891 -0.123034
vn 0.857837 -0.506629 0.086276
v -0.068576 -0.175916 -0.166985
vn 0.969737 0.243258 -0.020897
v -0.064002 -0.160483 -0.253397
vn 0.994343 0.058826 0.088438
v -0.060507 -0.178907 -0.250551
vn 0.962244 0.257335 -0.088685
v -0.063717 -0.166392 -0.272042
vn 0.999588 0.006916 0.027866
v -0.060348 -0.187509 -0.262720
vn 0.623790 -0.780563 0.040089
v -0.071880 -0.168283 -0.086908
vn 0.995369 0.091607 0.029126
v -0.065190 -0.160702 -0.237139
vn 0.679458 -0.726434 0.103109
v -0.065820 -0.211181 -0.280730
vn 0.953371 -0.262566 0.148807
v -0.068401 -0.180364 -0.217503
vn 0.822773 -0.552358 0.133962
v -0.062927 -0.203007 -0.259159
vn 0.537890 0.743686 -0.396995
v -0.075200 -0.096477 -0.190644
vn 0.799075 -0.538932 0.266518
v -0.064076 -0.202578 -0.245936
vn 0.512507 -0.847572 0.137687
v -0.073577 -0.167695 -0.056564
vn 0.729641 0.606559 -0.315769
v -0.075646 -0.120395 -0.234329
vn 0.943497 0.294423 -0.152079
v -0.070759 -0.134447 -0.244507
vn 0.946969 0.274207 -0.167513
v -0.065733 -0.166010 -0.298699
vn 0.701057 -0.638988 0.316564
v -0.073468 -0.194690 -0.221511
vn 0.600409 -0.781214 0.170922
v -0.078666 -0.189646 -0.172279
vn 0.251920 -0.962107 0.104336
v -0.083938 -0.175298 -0.085288
vn 0.216743 -0.949478 0.226968
v -0.085923 -0.174002 -0.061354
vn 0.187197 0.768413 -0.611963
v -0.075508 -0.074941 -0.144956
vn 0.384662 -0.907539 0.168548
v -0.085558 -0.179858 -0.120254
vn 0.336882 0.843649 -0.418050
v -0.082701 -0.113267 -0.232206
vn 0.579648 0.702313 -0.413237
v -0.076393 -0.145885 -0.299843
vn 0.693642 -0.705714 0.144319
v -0.078577 -0.194818 -0.200350
vn 0.839800 0.505609 -0.197725
v -0.072719 -0.139444 -0.271191
vn 0.264845 -0.940181 0.214283
v -0.087948 -0.196951 -0.184393
vn 0.355756 0.858811 -0.368621
v -0.082580 -0.135763 -0.279786
vn -0.218839 -0.956408 0.193371
v -0.106055 -0.173585 -0.065333
vn 0.132177 0.903296 -0.408150
v -0.082851 -0.089801 -0.185908
vn 0.024691 -0.982359 0.185369
v -0.095870 -0.181255 -0.117199
vn -0.305220 0.786024 -0.537594
v -0.094188 -0.073587 -0.142076
vn 0.029078 0.898960 -0.437064
v -0.086342 -0.095964 -0.198833
vn -0.262751 0.879568 -0.396639
v -0.090549 -0.120629 -0.247846
vn -0.185332 0.860268 -0.474965
v -0.091017 -0.141797 -0.297351
vn -0.270805 0.788734 -0.551873
v -0.089995 -0.056684 -0.126557
vn 0.166259 -0.962885 0.212630
v -0.086016 -0.214683 -0.255098
vn 0.128190 -0.959239 0.251848
v -0.091519 -0.207515 -0.228355
vn -0.427396 0.824690 -0.370431
v -0.094309 -0.097966 -0.196451
vn -0.622077 0.704107 -0.342423
v -0.101339 -0.112194 -0.215469
vn -0.716816 0.648370 -0.256500
v -0.105623 -0.137117 -0.268944
vn -0.339946 -0.928226 0.151105
v -0.108036 -0.179342 -0.116329
vn -0.671097 0.687396 -0.277698
v -0.099788 -0.126386 -0.248314
vn -0.354810 -0.913779 0.197784
v -0.098122 -0.218263 -0.288039
vn -0.586078 0.720909 -0.369869
v -0.105740 -0.091230 -0.163888
vn -0.567956 0.678894 -0.465326
v -0.107829 -0.077193 -0.135076
vn -0.247345 -0.948252 0.199093
v -0.100222 -0.194791 -0.175574
vn -0.894998 0.422983 -0.141648
v -0.110370 -0.140115 -0.245798
vn -0.559740 -0.817325 0.136640
v -0.105516 -0.196466 -0.200258
vn -0.623066 0.645589 -0.441593
v -0.101648 -0.146081 -0.291375
vn -0.850040 0.458590 -0.259090
v -0.108248 -0.127757 -0.230203
vn -0.443679 -0.872091 0.206411
v -0.100385 -0.207733 -0.237268
vn -0.826333 -0.562165 0.033835
v -0.112233 -0.189028 -0.195771
vn -0.752953 0.566223 -0.335341
v -0.113403 -0.099855 -0.165057
vn -0.618968 -0.777533 0.111001
v -0.110621 -0.189363 -0.174842
vn -0.885873 0.393350 -0.245977
v -0.116889 -0.168418 -0.291464
vn -0.681068 -0.729595 0.061950
v -0.118563 -0.174278 -0.118623
vn -0.735037 0.539333 -0.410903
v -0.118203 -0.074357 -0.116808
vn -0.957910 0.241153 -0.155736
v -0.113105 -0.144586 -0.236118
vn -0.850984 -0.511627 0.118594
v -0.112688 -0.193060 -0.229853
vn -0.534508 -0.837530 0.113334
v -0.119989 -0.170119 -0.083684
vn -0.700688 0.601368 -0.383919
v -0.118642 -0.085770 -0.132590
vn -0.965241 -0.252560 -0.067254
v -0.117633 -0.177872 -0.198162
vn -0.642656 -0.734423 0.218210
v -0.123473 -0.163176 -0.059284
vn -0.801098 -0.574944 0.166377
v -0.117082 -0.201524 -0.260561
vn -0.999320 0.007625 0.036084
v -0.122176 -0.181664 -0.257559
vn -0.976811 0.200311 -0.075607
v -0.115681 -0.151890 -0.232221
vn -0.997106 -0.071417 0.026049
v -0.116957 -0.172632 -0.219607
vn -0.962517 0.270297 -0.022360
v -0.119701 -0.162720 -0.251646
vn -0.909013 0.324360 -0.261696
v -0.118687 -0.108812 -0.164817
vn -0.977313 0.122029 -0.173114
v -0.120280 -0.145830 -0.189257
vn -0.964506 0.182598 -0.190750
v -0.118387 -0.122706 -0.181564
vn -0.976732 0.139214 -0.163141
v -0.118622 -0.129781 -0.181744
vn -0.851262 0.404150 -0.334686
v -0.124409 -0.093202 -0.130417
vn -0.929196 -0.366667 -0.046362
v -0.124602 -0.167234 -0.152515
vn -0.904299 0.298713 -0.304982
v -0.130882 -0.088614 -0.110069
vn -0.852358 -0.522879 0.009141
v -0.124719 -0.167759 -0.128997
vn -0.981220 0.053402 -0.185350
v -0.122950 -0.151389 -0.179322
vn -0.800117 -0.596121 0.066721
v -0.128915 -0.161606 -0.081551
vn -0.965731 -0.246014 -0.082705
v -0.132390 -0.150952 -0.110504
vn -0.821104 -0.542743 0.176690
v -0.132490 -0.152113 -0.057338
vn -0.985833 -0.079275 -0.147812
v -0.127754 -0.154549 -0.154743
vn -0.957711 0.162074 -0.237742
v -0.124850 -0.112017 -0.141583
vn -0.961898 0.116925 -0.247146
v -0.132622 -0.104821 -0.108299
vn -0.982610 -0.012417 -0.185264
v -0.133322 -0.132900 -0.120164
vn -0.903215 -0.429100 -0.008771
v -0.134510 -0.152069 -0.081532
vn 0.989639 0.047040 -0.135655
v -0.059748 -0.189747 -0.286721
vn 0.962484 -0.271181 0.009230
v -0.060451 -0.201913 -0.278749
vn 0.864984 0.327278 -0.380384
v -0.071030 -0.172276 -0.317015
vn 0.958962 0.063450 -0.276343
v -0.063962 -0.194034 -0.308544
vn 0.941595 -0.301876 -0.149233
v -0.064358 -0.206133 -0.304114
vn 0.949420 0.215525 -0.228367
v -0.073374 -0.199286 -0.340029
vn 0.979804 -0.056853 -0.191705
v -0.070913 -0.204853 -0.330736
vn 0.970100 -0.233944 -0.064620
v -0.071438 -0.213638 -0.324716
vn 0.985507 0.134405 -0.103496
v -0.073241 -0.217808 -0.363787
vn 0.926918 0.328376 -0.181639
v -0.076199 -0.215270 -0.376985
vn 0.886283 0.343357 -0.310818
v -0.079075 -0.176753 -0.337010
vn 0.942612 0.286179 -0.172001
v -0.081377 -0.206478 -0.383345
vn 0.741208 -0.660555 0.119486
v -0.076839 -0.224207 -0.322296
vn 0.802289 0.530541 -0.273604
v -0.084421 -0.191405 -0.379448
vn 0.407592 0.783415 -0.469180
v -0.083761 -0.164640 -0.328076
vn 0.218633 -0.953909 0.205567
v -0.083149 -0.221356 -0.290460
vn 0.252637 0.886441 -0.387811
v -0.088984 -0.185175 -0.372964
vn 0.129196 -0.937498 0.323119
v -0.085670 -0.230078 -0.323538
vn -0.310403 0.810225 -0.497177
v -0.091179 -0.160393 -0.320834
vn -0.433552 -0.852580 0.291787
v -0.096378 -0.228312 -0.323654
vn -0.345508 -0.866990 0.359101
v -0.094678 -0.248694 -0.372757
vn -0.773562 0.572853 -0.271000
v -0.096347 -0.174453 -0.342836
vn -0.873202 -0.470149 0.128369
v -0.105960 -0.223211 -0.336190
vn -0.742870 -0.659057 0.117421
v -0.105298 -0.218513 -0.315897
vn -0.746643 0.539757 -0.388828
v -0.098832 -0.169763 -0.327168
vn -0.874441 0.410599 -0.258384
v -0.104696 -0.190488 -0.342745
vn -0.916839 0.364609 -0.162687
v -0.105091 -0.212733 -0.387903
vn -0.932093 0.177563 -0.315713
v -0.114004 -0.191909 -0.319673
vn -0.975684 0.149235 -0.160526
v -0.109061 -0.200963 -0.339202
vn -0.945011 0.181144 -0.272288
v -0.120423 -0.184191 -0.301055
vn -0.985227 -0.161483 -0.057017
v -0.109807 -0.211722 -0.336943
vn -0.955744 -0.253212 -0.149789
v -0.113832 -0.203773 -0.317882
vn -0.954619 -0.286966 -0.079700
v -0.121664 -0.196950 -0.295113
vn 0.988731 0.074145 0.130050
v -0.065425 -0.261934 -0.445753
vn 0.854931 -0.445645 0.265506
v -0.069121 -0.275426 -0.446084
vn 0.981791 -0.128316 -0.140079
v -0.066485 -0.273141 -0.470230
vn 0.471983 -0.771991 0.425749
v -0.077014 -0.278777 -0.436606
vn 0.935223 0.352953 0.027982
v -0.073389 -0.247136 -0.436881
vn 0.677255 -0.681910 0.276270
v -0.078459 -0.296174 -0.480982
vn 0.911075 0.379859 -0.160156
v -0.068640 -0.243586 -0.472665
vn 0.746618 -0.548846 0.375939
v -0.077419 -0.266052 -0.420067
vn 0.965456 -0.144081 0.217107
v -0.071212 -0.255400 -0.424708
vn 0.990797 -0.126542 0.048048
v -0.072847 -0.236184 -0.380994
vn 0.784334 0.402127 -0.472350
v -0.074715 -0.255255 -0.486889
vn 0.887739 0.460273 -0.008308
v -0.081113 -0.228312 -0.457422
vn 0.959598 0.255577 -0.117695
v -0.073939 -0.226320 -0.386211
vn 0.704725 -0.651558 0.280775
v -0.080006 -0.246783 -0.371186
vn 0.941176 0.322908 -0.099594
v -0.080878 -0.228599 -0.427973
vn 0.668512 0.589484 -0.453431
v -0.082594 -0.229973 -0.479073
vn 0.832621 0.528735 -0.164867
v -0.083994 -0.217910 -0.441093
vn -0.252965 -0.845338 0.470544
v -0.092530 -0.266976 -0.412530
vn 0.813021 0.535420 -0.228741
v -0.084840 -0.209698 -0.425576
vn 0.254066 -0.872400 0.417574
v -0.084715 -0.263803 -0.405612
vn -0.141554 0.886766 -0.440009
v -0.093768 -0.225722 -0.484204
vn 0.060761 -0.911784 0.406151
v -0.089963 -0.289648 -0.448394
vn 0.207304 0.918507 -0.336704
v -0.091592 -0.215534 -0.447842
vn -0.246358 0.433657 -0.866746
v -0.093183 -0.238200 -0.496360
vn -0.409875 0.839756 -0.356108
v -0.092936 -0.186712 -0.374973
vn -0.471706 0.843566 -0.256689
v -0.095742 -0.215728 -0.445766
vn -0.772280 0.629709 -0.083969
v -0.101596 -0.223158 -0.459146
vn -0.892659 0.423925 -0.153124
v -0.098262 -0.201524 -0.397633
vn -0.682277 -0.671570 0.288949
v -0.100645 -0.253657 -0.395963
vn -0.728820 -0.546213 0.412884
v -0.102249 -0.263353 -0.418498
vn -0.824727 0.548294 -0.138559
v -0.099377 -0.217690 -0.440470
vn -0.615317 -0.699060 0.364279
v -0.104103 -0.282816 -0.442655
vn -0.586209 0.730436 -0.350460
v -0.098434 -0.226250 -0.475552
vn -0.668282 -0.696774 0.260587
v -0.101526 -0.230297 -0.338329
vn -0.489532 0.755645 -0.435155
v -0.101118 -0.259039 -0.490632
vn -0.876203 -0.438245 0.200526
v -0.104483 -0.247457 -0.394397
vn -0.912364 0.381054 -0.149633
v -0.100010 -0.211020 -0.402106
vn -0.943961 -0.214540 0.250818
v -0.107244 -0.258304 -0.425070
vn -0.987151 -0.148238 0.059650
v -0.107944 -0.237603 -0.393166
vn -0.686417 0.612031 -0.392747
v -0.108193 -0.234206 -0.478584
vn -0.948178 0.315363 -0.038796
v -0.101304 -0.222885 -0.437116
vn -0.928385 0.369897 0.035745
v -0.108257 -0.241132 -0.441497
vn -0.937742 0.189499 -0.291083
v -0.106979 -0.263018 -0.485296
vn -0.998814 0.048680 -0.000881
v -0.108247 -0.233682 -0.405375
vn -0.782785 0.086603 -0.616237
v -0.110683 -0.243976 -0.482380
vn -0.969240 0.079150 0.233044
v -0.109841 -0.252221 -0.432975
vn -0.899838 0.429798 -0.074594
v -0.113323 -0.239270 -0.471065
vn -0.907485 -0.233420 0.349264
v -0.113250 -0.268165 -0.440322
vn -0.921449 -0.369281 0.120678
v -0.108901 -0.287931 -0.479376
vn -0.963279 -0.244030 -0.111998
v -0.117203 -0.270917 -0.463938
vn -0.984922 0.153223 0.080325
v -0.118568 -0.253701 -0.456890
vn 0.734558 -0.514195 0.442751
v -0.072350 -0.305699 -0.511043
vn -0.187035 0.981559 0.039504
v -0.101780 -0.245905 -0.544176
vn 0.561889 0.824730 -0.064041
v -0.070460 -0.243382 -0.550062
vn 0.413717 0.797261 0.439561
v -0.068829 -0.253726 -0.533382
vn 0.922989 0.369347 0.108045
v -0.057574 -0.262834 -0.543894
vn 0.994670 -0.002600 0.103079
v -0.056273 -0.283164 -0.535309
vn 0.921650 -0.229242 0.313065
v -0.059892 -0.298587 -0.528168
vn -0.937472 -0.037718 0.346011
v -0.125523 -0.288752 -0.528823
vn -0.028946 0.962539 0.269592
v -0.079747 -0.244503 -0.544810
vn -0.340039 0.837080 0.428569
v -0.107999 -0.253959 -0.531533
vn -0.877132 0.435355 0.202746
v -0.124047 -0.266285 -0.541218
vn -0.143172 0.857464 -0.494225
v -0.099646 -0.248644 -0.557363
vn 0.648754 -0.666382 0.367496
v -0.068614 -0.315641 -0.525539
vn 0.130126 -0.957645 0.256872
v -0.085887 -0.325431 -0.526910
vn -0.375495 -0.833505 0.405306
v -0.104932 -0.320563 -0.519681
vn -0.752661 -0.605414 0.258796
v -0.119640 -0.312271 -0.529251
vn -0.983830 0.083393 0.158505
v -0.130000 -0.294409 -0.550019
vn 0.204230 -0.827656 0.522758
v -0.090236 -0.314711 -0.507500
vn -0.948529 0.157147 0.274949
v -0.112285 -0.281107 -0.504476
vn -0.732404 0.651254 0.198626
v -0.108544 -0.267036 -0.510506
vn -0.805875 -0.406018 0.430947
v -0.110383 -0.301546 -0.503297
vn -0.320614 -0.844291 0.429394
v -0.098193 -0.301331 -0.488092
vn -0.116965 0.979179 0.165912
v -0.096660 -0.258305 -0.515150
vn -0.010503 0.966527 -0.256352
v -0.089384 -0.258984 -0.503121
vn 0.573859 0.816022 -0.069236
v -0.076166 -0.262723 -0.506872
vn 0.913910 0.275754 0.297873
v -0.069328 -0.273197 -0.509472
vn 0.947019 -0.112451 0.300848
v -0.069898 -0.286504 -0.500601
vn 0.993114 0.114701 -0.023843
v -0.071421 -0.270285 -0.491545
vn 0.131918 0.555413 -0.821044
v -0.085938 -0.251383 -0.490291
vn -0.046399 0.850620 -0.523729
v -0.077714 -0.247631 -0.561163
vn 0.048912 -0.911775 0.407766
v -0.090496 -0.325810 -0.536559
vn -0.323063 -0.897416 0.300459
v -0.102307 -0.324487 -0.536526
vn -0.903590 -0.331533 0.271313
v -0.127097 -0.301556 -0.542312
vn -0.606273 0.792572 -0.065291
v -0.110111 -0.248932 -0.548453
vn -0.892416 0.445100 -0.074019
v -0.124790 -0.274012 -0.557876
vn 0.961944 -0.169697 0.214165
v -0.058463 -0.301851 -0.543819
vn 0.810632 -0.509478 0.288632
v -0.064677 -0.314353 -0.540606
vn 0.493459 -0.792163 0.359132
v -0.073109 -0.321963 -0.539283
vn -0.595866 -0.677628 0.431003
v -0.112389 -0.318917 -0.537606
vn -0.866365 -0.296114 0.402154
v -0.130273 -0.321287 -0.561406
vn -0.100822 0.417795 -0.902930
v -0.089949 -0.261947 -0.568755
vn -0.839729 0.394437 -0.373195
v -0.129581 -0.282874 -0.578833
vn -0.333788 0.694109 -0.637807
v -0.115384 -0.262999 -0.575135
vn 0.641936 0.631659 -0.434655
v -0.062722 -0.261346 -0.572306
vn 0.996656 0.081494 0.005922
v -0.049955 -0.300484 -0.573245
vn 0.822571 0.307449 -0.478385
v -0.053714 -0.281830 -0.579110
vn 0.978517 -0.204042 0.029500
v -0.050191 -0.322184 -0.577038
vn -0.084622 -0.994281 0.065156
v -0.098125 -0.359132 -0.584817
vn -0.768161 -0.532667 -0.355239
v -0.129294 -0.343563 -0.583306
vn -0.957849 -0.279936 -0.064509
v -0.135515 -0.329207 -0.582303
vn -0.989555 0.046414 -0.136482
v -0.137215 -0.310871 -0.580200
vn 0.555339 -0.158599 -0.816361
v -0.126250 -0.288493 -0.577490
vn 0.231431 0.132542 -0.963780
v -0.119743 -0.274123 -0.582168
vn -0.144653 0.178965 -0.973163
v -0.065592 -0.270185 -0.581754
vn -0.263980 -0.051698 -0.963142
v -0.058257 -0.282300 -0.582022
vn 0.306243 0.061980 -0.949934
v -0.052507 -0.312111 -0.583531
vn 0.679520 -0.637074 -0.363853
v -0.061006 -0.347571 -0.585340
vn 0.163883 -0.204795 -0.964988
v -0.084352 -0.355025 -0.588062
vn -0.033802 -0.122520 -0.991890
v -0.115588 -0.351710 -0.587955
vn -0.099471 0.060020 -0.993229
v -0.134233 -0.320126 -0.585007
vn 0.458710 0.264860 -0.848195
v -0.130824 -0.324721 -0.581742
vn 0.078343 0.477107 -0.875347
v -0.104197 -0.354164 -0.585130
vn -0.541815 -0.122164 -0.831572
v -0.057067 -0.291856 -0.577016
vn -0.160363 -0.023828 -0.986770
v -0.070480 -0.274111 -0.576284
vn 0.116491 0.115191 -0.986489
v -0.108922 -0.274215 -0.576304
vn -0.147253 -0.193897 -0.969907
v -0.094848 -0.313721 -0.580302
vn -0.217123 0.255722 -0.942053
v -0.062505 -0.340722 -0.582961
vn -0.038934 -0.032974 -0.998698
v -0.085207 -0.320248 -0.578025
vn -0.086276 -0.048653 -0.995083
v -0.101959 -0.312818 -0.577291
vn 0.294887 -0.925115 0.239172
v -0.077865 -0.355066 -0.581790
vn 0.775471 -0.461007 0.431414
v -0.056982 -0.327000 -0.565394
vn -0.251332 -0.786212 0.564538
v -0.101473 -0.333840 -0.549347
vn -0.495103 -0.825461 0.271086
v -0.120480 -0.351195 -0.583385
vn -0.691070 -0.530803 0.490581
v -0.127013 -0.330019 -0.565120
vn 0.969071 0.233871 -0.078779
v -0.059840 -0.265199 -0.552556
vn 0.976452 -0.012405 -0.215378
v 0.169191 -0.084292 0.049730
vn 0.980988 0.156639 -0.114568
v 0.166546 0.001908 0.082844
vn 0.991741 0.030891 -0.124484
v 0.167829 -0.032984 0.064655
vn 0.984721 0.100252 -0.142385
v 0.164614 -0.067797 0.053453
vn 0.992251 -0.115750 -0.045165
v 0.169324 -0.092641 0.061635
vn 0.882181 -0.406133 -0.238354
v 0.163423 -0.103282 0.047830
vn 0.954039 0.018549 -0.299108
v 0.162484 -0.038389 0.036918
vn 0.939216 0.049243 -0.339778
v 0.160072 -0.064772 0.035303
vn 0.863412 -0.497549 -0.083454
v 0.156168 -0.135017 0.094392
vn 0.919438 0.138124 -0.368178
v 0.159366 -0.074763 0.025186
vn 0.943287 0.231338 -0.238101
v 0.157020 0.032401 0.063696
vn 0.952495 0.234415 -0.194428
v 0.159092 0.041619 0.079776
vn 0.927781 -0.232550 -0.291793
v 0.151213 -0.100982 0.012598
vn 0.953782 0.162700 -0.252643
v 0.162829 -0.009755 0.049915
vn 0.897569 0.147361 -0.415518
v 0.153248 -0.014415 0.020729
vn 0.907863 0.392905 -0.146319
v 0.153246 0.066655 0.095245
vn 0.879987 0.288711 -0.377186
v 0.150328 0.022875 0.036960
vn 0.824421 0.425922 -0.372720
v 0.152114 0.051969 0.070711
vn 0.891082 0.123590 -0.436689
v 0.142076 -0.038462 -0.004809
vn 0.815228 0.249782 -0.522506
v 0.141742 -0.001744 0.004765
vn 0.815603 -0.515903 -0.261984
v 0.143368 -0.139112 0.061182
vn 0.927119 0.010270 -0.374626
v 0.145433 -0.056750 -0.001296
vn 0.707977 0.462242 -0.533948
v 0.140702 0.020338 0.015694
vn 0.970474 0.238775 -0.034158
v 0.148161 0.078819 0.112940
vn 0.943536 0.236889 -0.231569
v 0.145113 0.079456 0.089637
vn 0.874072 -0.482720 -0.054576
v 0.146776 -0.147630 0.096312
vn 0.744289 0.465348 -0.479046
v 0.137224 0.041615 0.036836
vn 0.787899 -0.612290 0.065705
v 0.135212 -0.172186 0.100781
vn 0.809174 -0.551554 -0.202550
v 0.132547 -0.173652 0.081016
vn 0.960351 0.043771 -0.275337
v 0.135731 0.070565 0.051396
vn 0.871663 0.308432 -0.380884
v 0.139601 0.066285 0.063328
vn 0.872905 0.230048 -0.430250
v 0.137259 -0.054079 -0.021718
vn 0.844595 0.200714 -0.496360
v 0.135408 -0.033487 -0.016880
vn 0.865026 0.288286 -0.410634
v 0.135471 -0.066220 -0.034551
vn 0.735849 0.402955 -0.544201
v 0.127787 0.025948 0.008817
vn 0.905434 0.168158 -0.389759
v 0.127223 0.035631 0.013405
vn 0.934652 -0.016618 -0.355175
v 0.125242 0.094579 0.020329
vn 0.816938 0.204949 -0.539081
v 0.119271 0.014344 -0.011356
vn 0.664252 0.384676 -0.640932
v 0.121723 -0.005753 -0.019660
vn 0.695875 -0.636497 -0.332609
v 0.119033 -0.175015 0.054602
vn 0.870805 0.105494 -0.480176
v 0.118384 0.040927 -0.007550
vn 0.854153 0.039917 -0.518488
v 0.117485 0.097001 0.003023
vn 0.503482 -0.849124 -0.159671
v 0.102477 -0.181506 0.035062
vn 0.219669 -0.950164 -0.221209
v 0.086110 -0.186424 0.029682
vn -0.106632 -0.981306 -0.160213
v 0.074507 -0.185683 0.003026
vn -0.078251 -0.889935 -0.449324
v 0.059708 -0.181506 -0.006653
vn -0.168703 -0.765258 -0.621224
v 0.042909 -0.174491 -0.016739
vn 0.937858 0.059132 -0.341943
v 0.150803 -0.080633 0.007467
vn 0.933509 0.114511 -0.339776
v 0.142395 -0.069147 -0.003935
vn 0.694839 0.333461 -0.637183
v 0.124695 -0.023741 -0.027531
vn 0.674813 0.319171 -0.665400
v 0.106521 -0.017251 -0.039284
vn 0.766913 0.141942 -0.625857
v 0.105189 0.002343 -0.035347
vn 0.788131 0.113569 -0.604939
v 0.104096 0.029941 -0.032027
vn 0.651696 0.203545 -0.730659
v 0.091059 -0.007885 -0.051816
vn 0.649985 0.125638 -0.749489
v 0.088476 0.024952 -0.050652
vn 0.678467 0.186523 -0.710558
v 0.085766 0.078094 -0.041398
vn 0.433993 0.120195 -0.892862
v 0.072546 0.025148 -0.059971
vn 0.525539 0.199384 -0.827076
v 0.069828 0.087523 -0.052482
vn -0.506349 -0.834081 -0.218908
v 0.064652 -0.178950 -0.020853
vn -0.665416 -0.683850 -0.299283
v 0.055757 -0.165779 -0.041944
vn 0.253916 0.176965 -0.950900
v 0.052657 0.041205 -0.065688
vn 0.301712 0.191160 -0.934038
v 0.055556 0.105331 -0.054089
vn -0.441247 -0.793963 -0.418239
v 0.053139 -0.165823 -0.034887
vn 0.337373 0.092192 -0.936846
v 0.048029 0.113058 -0.054910
vn 0.092234 0.115523 -0.989013
v 0.039825 0.078783 -0.058329
vn 0.329184 0.032509 -0.943706
v 0.032043 0.116189 -0.062187
vn -0.042220 0.049195 -0.997896
v 0.031930 0.053603 -0.061214
vn -0.271149 -0.111635 -0.956042
v 0.031297 -0.107979 -0.063870
vn -0.406877 -0.429458 -0.806236
v 0.040041 -0.138305 -0.059473
vn -0.340763 -0.623698 -0.703478
v 0.043442 -0.152223 -0.049168
vn -0.315778 -0.656724 -0.684834
v 0.034314 -0.149022 -0.049257
vn 0.258996 -0.027740 -0.965480
v 0.026186 0.088171 -0.062340
vn -0.351703 -0.806887 -0.474593
v 0.046730 -0.166380 -0.029943
vn -0.366054 0.016112 -0.930454
v 0.027313 0.040657 -0.060698
vn 0.069657 -0.145496 -0.986904
v 0.026166 -0.111490 -0.064169
vn -0.054702 -0.389494 -0.919403
v 0.029967 -0.132219 -0.058182
vn 0.047808 -0.116591 -0.992029
v 0.015930 0.063453 -0.062955
vn -0.422637 0.030883 -0.905773
v 0.024250 -0.065541 -0.062791
vn 0.065586 0.083813 -0.994321
v 0.021080 -0.081342 -0.062697
vn -0.722552 0.002549 -0.691312
v 0.021855 -0.020852 -0.057338
vn -0.627663 -0.013522 -0.778368
v 0.022834 0.010002 -0.058455
vn -0.270695 0.136136 -0.952990
v 0.014578 -0.035554 -0.056170
vn -0.218665 -0.180098 -0.959036
v 0.017772 0.040893 -0.058231
vn -0.448560 -0.192528 -0.872770
v 0.014987 0.023897 -0.053039
vn -0.515914 0.027545 -0.856198
v 0.013870 0.004465 -0.048043
vn 0.854912 -0.499720 -0.139304
v 0.146682 -0.121604 0.029885
vn 0.856352 -0.468463 0.217263
v 0.133521 -0.143064 0.015957
vn 0.746686 -0.635871 0.195264
v 0.123151 -0.158014 0.018671
vn 0.775129 -0.615490 -0.142642
v 0.118833 -0.163114 0.037512
vn 0.670441 -0.734556 0.104578
v 0.108410 -0.174391 0.016132
vn 0.423897 -0.889292 0.171668
v 0.097127 -0.185510 0.012359
vn -0.342166 -0.895441 0.284795
v 0.086231 -0.188986 -0.001310
vn 0.957878 0.109358 -0.265537
v 0.138670 -0.098529 -0.040971
vn 0.985248 -0.168891 0.027594
v 0.141108 -0.122796 0.000881
vn 0.984710 0.014421 -0.173601
v 0.138757 -0.113352 -0.036389
vn 0.949642 -0.261427 0.172730
v 0.140545 -0.166818 -0.034106
vn 0.823043 -0.494055 0.280195
v 0.134314 -0.181534 -0.032923
vn 0.904917 -0.313385 0.287949
v 0.136634 -0.143430 0.003972
vn 0.917836 0.224229 -0.327565
v 0.131742 -0.087061 -0.058162
vn 0.736563 0.371878 -0.564962
v 0.124452 -0.063307 -0.047497
vn 0.689634 -0.561583 0.457197
v 0.126498 -0.173943 -0.009814
vn 0.644838 -0.655359 0.393305
v 0.125116 -0.192803 -0.030471
vn 0.725161 0.474668 -0.498831
v 0.118887 -0.097210 -0.090584
vn 0.925565 0.208258 -0.316162
v 0.132000 -0.130169 -0.096178
vn 0.627375 0.551067 -0.550205
v 0.117872 -0.079055 -0.072022
vn 0.906694 0.279683 -0.315728
v 0.128315 -0.110357 -0.082844
vn 0.522062 -0.692611 0.497736
v 0.114960 -0.185551 -0.010682
vn 0.666967 0.410231 -0.621985
v 0.108031 -0.039918 -0.050992
vn 0.493720 0.570960 -0.655931
v 0.105281 -0.077516 -0.080853
vn 0.450951 0.679530 -0.578691
v 0.107434 -0.090922 -0.096080
vn 0.094464 -0.859260 0.502742
v 0.099096 -0.202958 -0.026368
vn 0.588023 0.390605 -0.708277
v 0.090769 -0.029150 -0.062187
vn 0.355869 0.600171 -0.716346
v 0.090359 -0.079228 -0.090402
vn 0.275554 0.685118 -0.674302
v 0.089957 -0.103738 -0.122297
vn 0.372377 -0.855918 0.358804
v 0.102168 -0.186653 -0.002986
vn -0.236975 -0.808528 0.538634
v 0.087116 -0.193381 -0.002155
vn -0.397187 -0.854214 0.335501
v 0.081842 -0.208996 -0.041997
vn -0.184750 -0.931116 0.314469
v 0.081314 -0.197037 -0.021624
vn -0.446444 -0.648502 0.616549
v 0.077820 -0.196737 -0.014546
vn 0.126740 0.624457 -0.770708
v 0.075240 -0.082964 -0.097310
vn 0.505171 0.275075 -0.818007
v 0.071196 -0.003813 -0.064822
vn -0.149309 0.656306 -0.739574
v 0.075665 -0.106671 -0.126393
vn -0.781712 -0.548277 0.297184
v 0.072892 -0.184681 -0.022404
vn -0.597283 -0.608607 0.522351
v 0.068424 -0.193285 -0.020286
vn -0.824624 -0.053283 0.563166
v 0.059937 -0.171082 -0.041228
vn -0.342058 0.584764 -0.735559
v 0.066550 -0.104411 -0.120907
vn -0.123348 0.512592 -0.849726
v 0.061845 -0.088693 -0.101456
vn -0.651142 -0.750234 0.114730
v 0.063783 -0.196433 -0.042566
vn 0.352085 0.268275 -0.896697
v 0.057490 0.006262 -0.070832
vn -0.801297 -0.564998 -0.196722
v 0.055237 -0.185453 -0.058979
vn -0.705205 -0.708998 -0.002838
v 0.056512 -0.189831 -0.042817
vn -0.520757 -0.013734 0.853594
v 0.051748 -0.185704 -0.033077
vn -0.890807 -0.413978 -0.187308
v 0.048502 -0.151414 -0.055631
vn -0.590398 0.427099 -0.684848
v 0.057072 -0.109996 -0.118553
vn -0.432441 0.349839 -0.831028
v 0.050816 -0.095595 -0.101834
vn -0.116274 0.214677 -0.969739
v 0.044577 0.014669 -0.072033
vn -0.861863 0.025474 -0.506500
v 0.047917 -0.122507 -0.113188
vn -0.845494 -0.500320 -0.186601
v 0.047416 -0.174906 -0.052453
vn -0.742136 -0.177739 0.646253
v 0.042342 -0.171673 -0.039798
vn -0.745819 0.202320 -0.634681
v 0.042606 -0.105481 -0.098650
vn 0.803675 0.516301 0.295872
v 0.039749 -0.127205 -0.062551
vn -0.508445 0.162580 -0.845607
v 0.036540 0.008901 -0.070465
vn -0.889274 -0.336822 -0.309425
v 0.043588 -0.141132 -0.098627
vn -0.906978 0.014697 -0.420921
v 0.037710 -0.114666 -0.092277
vn -0.881804 -0.172710 0.438853
v 0.036099 -0.150356 -0.046647
vn -0.913235 -0.342953 -0.219967
v 0.037559 -0.141040 -0.071823
vn 0.742827 0.229045 -0.629083
v 0.032877 -0.092274 -0.063196
vn -0.808743 0.047094 -0.586274
v 0.032126 -0.002232 -0.068117
vn -0.951992 -0.114901 -0.283740
v 0.034806 -0.122852 -0.082011
vn -0.929429 -0.180441 -0.321874
v 0.031996 -0.133117 -0.062088
vn -0.769927 -0.006338 -0.638100
v 0.031285 -0.024759 -0.066292
vn -0.553095 0.014854 -0.832986
v 0.027969 -0.044405 -0.064773
vn 0.993085 -0.114846 -0.024340
v 0.145331 -0.149008 -0.045506
vn 0.961673 0.077054 -0.263150
v 0.133097 -0.154196 -0.097944
vn 0.980106 -0.005714 -0.198391
v 0.133638 -0.176296 -0.103950
vn 0.925333 -0.374258 0.060747
v 0.136459 -0.186898 -0.061943
vn 0.788055 -0.588657 0.180147
v 0.129021 -0.199914 -0.059824
vn 0.973685 0.164232 -0.158008
v 0.144517 -0.136461 -0.052728
vn 0.633203 -0.731188 0.253808
v 0.120912 -0.206471 -0.055357
vn 0.819546 0.370057 -0.437495
v 0.122728 -0.137396 -0.120361
vn 0.813312 -0.564451 0.141130
v 0.125689 -0.211149 -0.092921
vn 0.954514 0.110179 -0.277062
v 0.130216 -0.158324 -0.110478
vn 0.985932 -0.065927 -0.153599
v 0.129222 -0.200802 -0.127884
vn 0.970587 0.062840 -0.232403
v 0.126636 -0.191164 -0.132910
vn 0.958776 -0.283425 -0.020484
v 0.128800 -0.206469 -0.106818
vn 0.968239 0.112880 -0.223095
v 0.121744 -0.192131 -0.156040
vn 0.409335 -0.801968 0.435077
v 0.113361 -0.201659 -0.031737
vn 0.986355 -0.055800 -0.154890
v 0.123434 -0.215221 -0.153745
vn 0.967521 -0.248449 -0.046644
v 0.124066 -0.220164 -0.142891
vn 0.684268 0.552376 -0.476086
v 0.110885 -0.152145 -0.154003
vn 0.980019 0.049244 -0.192713
v 0.122042 -0.207831 -0.162558
vn 0.735522 -0.623886 0.264147
v 0.115777 -0.231444 -0.112312
vn 0.623698 -0.719953 0.304414
v 0.116854 -0.220514 -0.091520
vn 0.960958 0.149198 -0.233024
v 0.120888 -0.174756 -0.147996
vn 0.891024 -0.442810 0.099982
v 0.120511 -0.227946 -0.126684
vn 0.888690 0.318906 -0.329438
v 0.118050 -0.169982 -0.159775
vn 0.975491 0.173711 -0.135059
v 0.115758 -0.217806 -0.207319
vn 0.983104 -0.175860 -0.050784
v 0.118978 -0.233271 -0.170610
vn 0.545482 0.593344 -0.591939
v 0.108357 -0.128039 -0.128696
vn 0.998530 0.018639 -0.050893
v 0.117030 -0.231028 -0.195378
vn 0.640120 0.563573 -0.522141
v 0.107778 -0.182005 -0.195807
vn 0.325409 -0.858831 0.395623
v 0.105704 -0.226796 -0.089139
vn 0.917714 0.272616 -0.288931
v 0.113535 -0.197394 -0.201083
vn 0.563355 0.561597 -0.606004
v 0.105531 -0.103059 -0.110952
vn 0.932126 -0.351811 0.085847
v 0.112787 -0.256439 -0.172900
vn 0.463704 -0.781421 0.417565
v 0.105650 -0.239156 -0.110144
vn 0.993615 0.111810 0.015126
v 0.121833 -0.248172 -0.230005
vn 0.976993 0.209821 0.038217
v 0.121112 -0.250363 -0.259552
vn 0.744356 0.515868 -0.424044
v 0.111283 -0.211990 -0.220992
vn 0.871274 0.471272 -0.137057
v 0.116727 -0.242140 -0.249758
vn 0.680707 -0.670356 0.295401
v 0.107399 -0.258826 -0.151226
vn 0.921249 -0.324345 0.214711
v 0.121238 -0.268887 -0.223504
vn 0.949686 0.285512 -0.128758
v 0.119154 -0.232166 -0.232249
vn 0.973901 -0.181102 0.136817
v 0.115575 -0.254376 -0.194357
vn 0.925595 -0.375326 -0.049021
v 0.121058 -0.278508 -0.246846
vn 0.573375 -0.805353 0.150492
v 0.103902 -0.293882 -0.227937
vn -0.032654 -0.933684 0.356605
v 0.095894 -0.216582 -0.056607
vn 0.817519 -0.523409 0.240220
v 0.108996 -0.275567 -0.201335
vn -0.089475 -0.885174 0.456575
v 0.095448 -0.229554 -0.091107
vn 0.276855 0.688514 -0.670298
v 0.089758 -0.125739 -0.139249
vn 0.137930 -0.863652 0.484851
v 0.097056 -0.249082 -0.123371
vn 0.469841 -0.851995 -0.230986
v 0.102582 -0.291836 -0.262837
vn 0.409177 -0.830041 0.378953
v 0.101195 -0.266095 -0.157998
vn 0.638009 0.768785 -0.043739
v 0.102830 -0.225361 -0.248224
vn -0.224103 -0.865100 0.448754
v 0.091374 -0.266756 -0.156192
vn -0.327901 -0.815643 0.476663
v 0.087893 -0.247030 -0.122707
vn -0.171006 -0.933332 0.315672
v 0.088453 -0.297150 -0.222921
vn 0.248344 0.716076 -0.652350
v 0.096356 -0.198761 -0.217838
vn 0.304660 0.725214 -0.617452
v 0.094462 -0.146579 -0.165841
vn -0.517238 -0.815245 0.260462
v 0.080541 -0.214459 -0.064017
vn -0.525958 -0.767002 0.367527
v 0.082624 -0.226401 -0.093731
vn -0.098237 0.939580 -0.327931
v 0.085687 -0.216116 -0.241313
vn -0.597761 -0.692853 0.403282
v 0.080401 -0.243535 -0.125371
vn -0.161146 0.717113 -0.678072
v 0.085670 -0.199923 -0.221037
vn -0.099266 -0.859640 -0.501163
v 0.084876 -0.293073 -0.274061
vn -0.682354 -0.648126 0.338122
v 0.080796 -0.257016 -0.147695
vn -0.677429 -0.661183 0.322377
v 0.082632 -0.268587 -0.168278
vn -0.622847 -0.661732 0.417340
v 0.077831 -0.277685 -0.197136
vn -0.286160 0.717159 -0.635449
v 0.079382 -0.138472 -0.157290
vn -0.066732 -0.995053 -0.073589
v 0.086738 -0.298193 -0.256802
vn -0.889803 -0.352035 0.290383
v 0.073321 -0.260657 -0.184551
vn -0.146547 0.708955 -0.689861
v 0.080016 -0.163396 -0.185024
vn -0.760766 0.433489 -0.483035
v 0.069119 -0.197325 -0.210007
vn -0.833927 -0.497738 0.238375
v 0.070829 -0.226190 -0.119871
vn -0.605946 0.553908 -0.570977
v 0.069394 -0.168734 -0.184083
vn -0.676274 -0.680327 0.282505
v 0.067819 -0.285618 -0.217785
vn -0.805630 0.513462 -0.295495
v 0.070306 -0.221438 -0.233362
vn -0.535704 0.646978 -0.542624
v 0.071076 -0.155154 -0.170921
vn -0.975762 -0.214351 0.044062
v 0.064762 -0.223470 -0.173557
vn -0.962521 0.259333 -0.079369
v 0.062991 -0.235610 -0.232386
vn -0.658711 -0.739079 -0.140935
v 0.066768 -0.290399 -0.257619
vn -0.983268 0.112283 -0.143447
v 0.066781 -0.216354 -0.210516
vn -0.904031 -0.398709 0.154138
v 0.071140 -0.241586 -0.152093
vn -0.765465 -0.619237 0.174956
v 0.068406 -0.206338 -0.080934
vn -0.968398 0.247832 -0.028018
v 0.065132 -0.240551 -0.248510
vn -0.889767 0.287556 -0.354438
v 0.063223 -0.176789 -0.179040
vn -0.997109 0.065926 -0.037782
v 0.059712 -0.262355 -0.263989
vn -0.949097 -0.235965 -0.208654
v 0.061060 -0.276416 -0.266310
vn -0.992982 -0.012238 0.117630
v 0.066084 -0.241848 -0.198547
vn -0.992783 -0.083165 -0.086403
v 0.065423 -0.223612 -0.196986
vn -0.955604 -0.290726 0.047952
v 0.061702 -0.281339 -0.239409
vn -0.981445 -0.102826 0.161843
v 0.061601 -0.268391 -0.218491
vn -0.998006 0.047370 0.041718
v 0.059689 -0.266017 -0.244873
vn -0.998127 0.060994 0.004746
v 0.060745 -0.248943 -0.222277
vn -0.968487 0.078928 -0.236228
v 0.058592 -0.184448 -0.169217
vn -0.962024 -0.265065 0.065194
v 0.061878 -0.211823 -0.137175
vn -0.909891 -0.414715 0.010440
v 0.062443 -0.192121 -0.073107
vn -0.803427 0.429491 -0.412362
v 0.060613 -0.155123 -0.154447
vn -0.712917 0.338106 -0.614356
v 0.059686 -0.132338 -0.129201
vn -0.987636 -0.155748 -0.017833
v 0.051663 -0.164081 -0.127800
vn -0.975179 -0.221312 0.006881
v 0.057564 -0.178198 -0.096772
vn -0.970632 -0.240566 0.001122
v 0.054121 -0.158550 -0.101706
vn -0.898223 -0.391923 -0.198978
v 0.054100 -0.166906 -0.084139
vn -0.949653 0.173922 -0.260595
v 0.052352 -0.157139 -0.135508
vn -0.952310 -0.157622 -0.261267
v 0.049063 -0.142742 -0.110373
vn 0.888714 0.446969 0.102013
v 0.119187 -0.238624 -0.269055
vn 0.984863 0.072594 -0.157400
v 0.121949 -0.251120 -0.275077
vn 0.848908 -0.325943 -0.416073
v 0.119349 -0.264655 -0.277433
vn 0.956612 0.291365 -0.000301
v 0.109072 -0.219773 -0.296745
vn 0.935910 -0.061660 -0.346800
v 0.112567 -0.238242 -0.297092
vn 0.590820 -0.533431 -0.605296
v 0.099455 -0.262971 -0.302446
vn 0.820377 0.537696 0.194586
v 0.107917 -0.222183 -0.277034
vn 0.995925 0.019833 -0.087981
v 0.109686 -0.223228 -0.307449
vn 0.892167 -0.302148 -0.335774
v 0.107065 -0.230112 -0.317096
vn 0.566821 -0.686838 -0.454936
v 0.110593 -0.283124 -0.269580
vn 0.508958 -0.635577 -0.580520
v 0.098669 -0.236458 -0.325457
vn 0.861520 0.437800 0.257128
v 0.099496 -0.204620 -0.286624
vn 0.699720 0.620662 0.353794
v 0.096900 -0.212195 -0.264097
vn 0.787569 0.493014 0.369692
v 0.096157 -0.172732 -0.320925
vn 0.359332 0.829461 0.427639
v 0.091542 -0.217275 -0.251894
vn -0.223407 0.797005 0.561136
v 0.088476 -0.185372 -0.297773
vn -0.234752 0.894940 0.379438
v 0.084277 -0.214467 -0.255843
vn 0.061548 -0.737843 -0.672161
v 0.086270 -0.278047 -0.292710
vn -0.695546 0.602727 0.391070
v 0.084877 -0.185640 -0.300437
vn -0.624477 0.693381 0.359515
v 0.081958 -0.207529 -0.269131
vn -0.690337 0.708561 0.146207
v 0.073623 -0.222992 -0.250057
vn -0.325465 -0.645177 -0.691244
v 0.086326 -0.240945 -0.326809
vn -0.699524 -0.553218 -0.452345
v 0.067602 -0.280918 -0.275942
vn -0.567736 -0.559855 -0.603521
v 0.073537 -0.269403 -0.294655
vn -0.864310 0.471674 0.174618
v 0.078862 -0.208733 -0.275794
vn -0.914200 0.352249 0.200396
v 0.081986 -0.186801 -0.307000
vn -0.766423 -0.508600 -0.392329
v 0.075924 -0.235375 -0.321774
vn -0.952962 0.292549 0.079236
v 0.075535 -0.207351 -0.305588
vn -0.936131 0.351309 -0.015532
v 0.070804 -0.223880 -0.288795
vn -0.896001 0.426441 0.123813
v 0.067350 -0.230796 -0.253910
vn -0.982150 0.151968 -0.110843
v 0.069277 -0.231665 -0.295547
vn -0.978136 0.199373 0.059156
v 0.072284 -0.217563 -0.312002
vn -0.923497 -0.173405 -0.342176
v 0.071055 -0.240928 -0.303208
vn -0.987850 -0.088056 -0.128056
v 0.072150 -0.223962 -0.317887
vn -0.893788 -0.169782 -0.415111
v 0.064514 -0.257417 -0.288354
vn -0.974851 0.151639 -0.163312
v 0.063572 -0.241987 -0.278742
vn 0.988943 0.147825 -0.011790
v 0.118374 -0.138227 -0.412649
vn 0.897458 -0.385274 -0.214784
v 0.113503 -0.160116 -0.417497
vn 0.958515 -0.084341 0.272277
v 0.113665 -0.155834 -0.400539
vn 0.938701 0.111541 0.326189
v 0.109188 -0.149516 -0.391706
vn 0.884194 0.192452 0.425632
v 0.109596 -0.123773 -0.395406
vn 0.523551 -0.745512 -0.412439
v 0.103138 -0.170006 -0.421723
vn 0.989885 0.003695 0.141822
v 0.108556 -0.161999 -0.385712
vn 0.911547 0.225062 0.344136
v 0.102354 -0.142758 -0.376298
vn 0.668364 0.512049 0.539532
v 0.101858 -0.117000 -0.388553
vn 0.925034 -0.374566 -0.063347
v 0.107022 -0.172878 -0.387534
vn 0.939693 0.256799 0.225900
v 0.105524 -0.160524 -0.366868
vn 0.872118 0.331889 0.359527
v 0.099220 -0.138245 -0.367982
vn 0.969812 -0.188756 -0.154391
v 0.107314 -0.195420 -0.355691
vn 0.988227 0.130411 0.080008
v 0.107671 -0.183178 -0.350124
vn 0.771806 -0.536668 -0.341032
v 0.100908 -0.187055 -0.384148
vn 0.893761 0.387838 0.225329
v 0.104761 -0.206324 -0.299145
vn 0.748167 0.663470 -0.007308
v 0.110074 -0.114748 -0.405812
vn 0.003335 -0.777686 -0.628643
v 0.088868 -0.165206 -0.434994
vn 0.901023 0.340250 0.269050
v 0.099588 -0.171242 -0.336834
vn 0.043028 0.954976 0.293547
v 0.092449 -0.100708 -0.399458
vn 0.501069 0.653254 0.567618
v 0.095089 -0.134308 -0.366227
vn 0.386081 0.738834 0.552328
v 0.092907 -0.179310 -0.307137
vn -0.083865 0.741532 0.665655
v 0.090199 -0.124953 -0.375052
vn 0.244775 -0.821134 -0.515581
v 0.092894 -0.189421 -0.390614
vn -0.118492 0.783704 0.609728
v 0.089603 -0.148708 -0.345759
vn -0.237624 -0.841509 -0.485177
v 0.082565 -0.178862 -0.410980
vn -0.247515 -0.760517 -0.600292
v 0.084592 -0.221319 -0.349419
vn -0.673396 0.558944 0.483858
v 0.086113 -0.131723 -0.370570
vn -0.695287 0.577972 0.427228
v 0.085363 -0.162516 -0.330842
vn -0.493774 -0.744004 -0.450161
v 0.083101 -0.187810 -0.393811
vn -0.638580 0.662938 0.390805
v 0.081416 -0.115220 -0.391457
vn -0.117616 0.988468 0.095382
v 0.088473 -0.112377 -0.418505
vn -0.777589 0.599553 0.189452
v 0.073529 -0.118518 -0.425368
vn -0.935628 0.283630 0.210129
v 0.083241 -0.164820 -0.335137
vn -0.897674 0.254026 0.360073
v 0.081324 -0.135313 -0.376434
vn -0.946584 0.223051 0.232865
v 0.080205 -0.154506 -0.369751
vn -0.948286 0.273160 0.161671
v 0.080513 -0.178954 -0.334078
vn -0.976142 -0.015580 0.216572
v 0.070270 -0.164844 -0.392006
vn -0.959126 0.206966 0.192981
v 0.073338 -0.170673 -0.372324
vn -0.820116 -0.449822 -0.353652
v 0.075014 -0.204213 -0.358217
vn -0.802738 0.542017 0.248655
v 0.071675 -0.117000 -0.403519
vn -0.893735 0.177848 0.411835
v 0.076945 -0.141732 -0.388035
vn -0.967633 -0.231133 -0.101311
v 0.071888 -0.183299 -0.374754
vn -0.693315 -0.555182 -0.459442
v 0.073207 -0.156593 -0.434229
vn -0.827096 -0.512261 -0.231304
v 0.069745 -0.166849 -0.413527
vn -0.937087 0.094847 0.335964
v 0.065454 -0.142457 -0.402541
vn -0.967167 0.251490 -0.036609
v 0.064569 -0.133225 -0.419967
vn -0.972487 -0.206913 -0.107030
v 0.064384 -0.152164 -0.417470
vn -0.883796 -0.461529 -0.076787
v 0.068068 -0.116359 -0.470477
vn 0.521731 0.601311 0.605162
v 0.107354 -0.056050 -0.444083
vn -0.351145 0.385429 0.853312
v 0.069482 -0.056103 -0.439632
vn -0.894902 -0.016874 0.445944
v 0.058345 -0.074901 -0.451271
vn -0.976935 -0.202966 0.066349
v 0.055488 -0.088315 -0.467532
vn -0.796752 -0.544063 -0.263025
v 0.059938 -0.103880 -0.486234
vn 0.963035 -0.233359 0.134560
v 0.125551 -0.093097 -0.472652
vn 0.435607 0.071751 0.897273
v 0.105283 -0.064989 -0.439137
vn 0.160450 0.065018 0.984900
v 0.100685 -0.080037 -0.440449
vn 0.676439 -0.048647 0.734890
v 0.113351 -0.083940 -0.448007
vn 0.885236 0.066581 0.460353
v 0.122915 -0.073961 -0.457336
vn 0.100869 0.905855 0.411403
v 0.095270 -0.050866 -0.450830
vn -0.946549 0.156021 0.282316
v 0.059128 -0.063789 -0.458369
vn -0.875233 -0.441032 -0.198640
v 0.059159 -0.093481 -0.496306
vn -0.348794 -0.757709 -0.551561
v 0.078721 -0.104212 -0.507833
vn 0.655303 -0.604980 -0.452302
v 0.114927 -0.111555 -0.490928
vn 0.179386 -0.763569 -0.620309
v 0.096869 -0.119230 -0.496838
vn -0.350354 -0.805457 -0.478007
v 0.080089 -0.120209 -0.493137
vn 0.910668 -0.390449 -0.135028
v 0.121558 -0.104065 -0.480623
vn 0.482592 -0.766371 -0.424005
v 0.101661 -0.128121 -0.475165
vn 0.100010 -0.859789 -0.500760
v 0.093674 -0.129689 -0.476976
vn -0.277480 -0.854255 -0.439606
v 0.084731 -0.127122 -0.479185
vn 0.920757 -0.027305 0.389181
v 0.110028 -0.107303 -0.447687
vn 0.889486 -0.449072 -0.084556
v 0.107924 -0.130594 -0.458547
vn 0.499959 0.485438 0.717210
v 0.101268 -0.106596 -0.433929
vn 0.983392 -0.083771 -0.161004
v 0.108733 -0.132722 -0.446311
vn 0.603583 -0.624847 -0.495232
v 0.102749 -0.144387 -0.450017
vn 0.032638 -0.790346 -0.611791
v 0.092538 -0.146688 -0.453288
vn -0.289513 0.503954 0.813765
v 0.081229 -0.103850 -0.434033
vn -0.554204 -0.712683 -0.430047
v 0.078599 -0.126602 -0.473445
vn -0.394994 0.024409 0.918359
v 0.072115 -0.080646 -0.441597
vn -0.839101 0.074385 0.538865
v 0.071358 -0.104622 -0.441653
vn -0.956945 -0.208678 0.201765
v 0.068536 -0.117017 -0.456634
vn -0.982439 -0.119127 -0.143608
v 0.069915 -0.131208 -0.449301
vn 0.790090 0.607047 0.085155
v 0.104807 -0.117932 -0.422915
vn -0.992619 -0.078436 0.092494
v 0.056090 -0.076971 -0.475318
vn 0.770515 -0.562728 -0.299407
v 0.119941 -0.096708 -0.495966
vn -0.028610 0.999587 0.002563
v 0.088351 -0.046415 -0.468611
vn 0.176217 0.984201 0.017186
v 0.115483 -0.040178 -0.475056
vn -0.309044 0.917657 0.249795
v 0.064305 -0.043297 -0.461337
vn -0.684118 0.728183 0.041620
v 0.052119 -0.046939 -0.488768
vn -0.682736 0.686865 -0.249177
v 0.048645 -0.053798 -0.504004
vn -0.937439 0.224461 -0.266132
v 0.048849 -0.066579 -0.530305
vn -0.434408 -0.465514 -0.771095
v 0.072136 -0.078912 -0.553082
vn -0.090292 -0.633652 -0.768331
v 0.086412 -0.079738 -0.557770
vn 0.248714 -0.617075 -0.746565
v 0.105310 -0.079174 -0.556359
vn 0.526417 -0.093501 -0.845070
v 0.117423 -0.076558 -0.552444
vn 0.827311 -0.367500 -0.424853
v 0.128695 -0.073430 -0.541959
vn 0.848340 0.424485 -0.316436
v 0.135224 -0.065237 -0.526978
vn -0.102623 0.917442 -0.384406
v 0.106082 -0.046096 -0.480068
vn 0.506374 0.735515 -0.450114
v 0.056258 -0.047225 -0.491544
vn 0.205176 0.960276 -0.189136
v 0.053241 -0.067191 -0.534840
vn -0.729507 0.035581 -0.683047
v 0.056638 -0.071919 -0.545913
vn 0.029526 0.643351 -0.765002
v 0.092718 -0.074825 -0.558565
vn 0.198326 0.876407 -0.438838
v 0.126677 -0.070264 -0.542199
vn 0.672948 0.737307 -0.059320
v 0.127832 -0.046701 -0.490087
vn -0.244882 0.817538 -0.521214
v 0.122131 -0.050397 -0.490192
vn 0.461216 0.677174 -0.573336
v 0.062174 -0.049414 -0.482955
vn 0.510803 0.820738 -0.255870
v 0.053830 -0.067659 -0.528572
vn 0.106075 0.940179 -0.323747
v 0.068385 -0.045146 -0.476610
vn -0.054079 0.924926 -0.376281
v 0.098167 -0.065428 -0.518618
vn -0.011111 0.927294 -0.374169
v 0.083087 -0.066929 -0.521592
vn 0.103621 0.992544 0.064174
v 0.087627 -0.077147 -0.555419
vn 0.095126 0.922855 -0.373215
v 0.131590 -0.060367 -0.515265
vn 0.281428 -0.766979 -0.576664
v 0.098335 -0.105253 -0.507076
vn -0.632911 -0.707740 -0.313893
v 0.060307 -0.079801 -0.537653
vn 0.452423 -0.825598 -0.337196
v 0.114521 -0.091128 -0.523001
vn 0.945155 -0.325910 0.021553
v 0.130257 -0.079947 -0.500946
vn 0.948801 0.314618 0.028157
v 0.134460 -0.059172 -0.505110
vn 0.974820 0.047630 0.217848
v 0.124895 -0.075549 -0.472343
vn 0.879856 0.304157 0.365160
v 0.122452 -0.060497 -0.470795
vn 0.579782 0.664311 0.471745
v 0.111826 -0.052262 -0.456541
vn -0.983891 -0.089439 0.154789
v 0.050431 -0.063518 -0.493204
vn -0.902650 -0.426478 -0.057789
v 0.052173 -0.079459 -0.509590
vn -0.975551 -0.058285 -0.211904
v -0.012122 0.803210 0.288262
vn 0.115827 0.643013 0.757045
v 0.003531 0.802449 0.307424
vn -0.445768 0.595048 0.668737
v -0.006981 0.799446 0.308534
vn -0.803749 -0.255323 -0.537399
v -0.010112 0.797370 0.284521
vn -0.267303 -0.552662 -0.789376
v -0.002353 0.797286 0.279171
vn 0.749923 -0.348723 -0.562146
v 0.009952 0.797682 0.284000
vn 0.993395 0.065582 -0.094151
v 0.012809 0.803891 0.289881
vn -0.685269 -0.452925 -0.570321
v -0.007374 0.828505 0.256756
vn 0.969725 -0.137448 -0.201843
v 0.010896 0.840030 0.254607
vn 0.300702 -0.550513 -0.778790
v 0.001986 0.797412 0.278825
vn -0.978946 0.172916 0.108470
v -0.011690 0.809381 0.288012
vn -0.987296 -0.083201 -0.135367
v -0.010214 0.862801 0.236274
vn 0.298031 -0.605326 -0.738077
v 0.003649 0.857822 0.230013
vn -0.792054 0.423725 0.439440
v -0.007720 0.879462 0.232927
vn -0.959779 0.279939 0.021420
v -0.005570 0.996140 0.123946
vn 0.737754 0.474911 0.479770
v 0.008244 0.817451 0.289996
vn -0.253954 -0.612906 -0.748234
v -0.001674 0.874738 0.215251
vn 0.719844 -0.433815 -0.541876
v 0.009034 0.843811 0.246566
# 3851 vertices, 0 vertices normals

f 557//557 538//538 558//558
f 552//552 543//543 774//774
f 532//532 548//548 539//539
f 504//504 537//537 536//536
f 504//504 500//500 481//481
f 442//442 471//471 465//465
f 442//442 405//405 445//445
f 446//446 410//410 444//444
f 1706//1706 414//414 1710//1710
f 403//403 405//405 422//422
f 391//391 394//394 420//420
f 398//398 373//373 377//377
f 396//396 367//367 369//369
f 344//344 380//380 379//379
f 354//354 367//367 337//337
f 337//337 368//368 355//355
f 354//354 337//337 318//318
f 323//323 334//334 321//321
f 1685//1685 298//298 330//330
f 618//618 311//311 301//301
f 297//297 298//298 242//242
f 1296//1296 1299//1299 252//252
f 1292//1292 1293//1293 250//250
f 1679//1679 1677//1677 242//242
f 1676//1676 213//213 234//234
f 217//217 235//235 195//195
f 195//195 215//215 196//196
f 167//167 152//152 160//160
f 163//163 131//131 124//124
f 1662//1662 1657//1657 137//137
f 98//98 107//107 124//124
f 103//103 101//101 123//123
f 107//107 89//89 83//83
f 46//46 73//73 60//60
f 1159//1159 58//58 84//84
f 19//19 73//73 46//46
f 36//36 43//43 28//28
f 19//19 24//24 5//5
f 13//13 1116//1116 14//14
f 1//1 2//2 4//4
f 1108//1108 1109//1109 1//1
f 1803//1803 496//496 480//480
f 480//480 461//461 1800//1800
f 480//480 1800//1800 1803//1803
f 461//461 576//576 1795//1795
f 461//461 1795//1795 1800//1800
f 576//576 461//461 450//450
f 576//576 575//575 1791//1791
f 576//576 1791//1791 1795//1795
f 576//576 450//450 574//574
f 576//576 574//574 575//575
f 381//381 574//574 450//450
f 381//381 450//450 400//400
f 575//575 573//573 1786//1786
f 575//575 1786//1786 1791//1791
f 575//575 572//572 573//573
f 572//572 574//574 381//381
f 572//572 381//381 328//328
f 575//575 574//574 572//572
f 571//571 572//572 328//328
f 573//573 570//570 1781//1781
f 573//573 1781//1781 1786//1786
f 573//573 572//572 570//570
f 572//572 571//571 570//570
f 571//571 328//328 276//276
f 327//327 267//267 325//325
f 569//569 267//267 327//327
f 570//570 567//567 1778//1778
f 570//570 1778//1778 1781//1781
f 335//335 316//316 281//281
f 335//335 281//281 568//568
f 570//570 571//571 567//567
f 327//327 315//315 569//569
f 321//321 335//335 568//568
f 315//315 282//282 569//569
f 274//274 569//569 282//282
f 569//569 274//274 267//267
f 245//245 247//247 568//568
f 244//244 245//245 568//568
f 244//244 568//568 281//281
f 566//566 567//567 571//571
f 224//224 571//571 276//276
f 565//565 564//564 566//566
f 564//564 567//567 566//566
f 567//567 564//564 1774//1774
f 567//567 1774//1774 1778//1778
f 565//565 571//571 224//224
f 565//565 224//224 159//159
f 565//565 566//566 571//571
f 563//563 562//562 564//564
f 563//563 564//564 565//565
f 564//564 562//562 1766//1766
f 564//564 1766//1766 1774//1774
f 565//565 159//159 561//561
f 561//561 560//560 563//563
f 561//561 563//563 565//565
f 560//560 562//562 563//563
f 562//562 560//560 1761//1761
f 562//562 1761//1761 1766//1766
f 559//559 560//560 561//561
f 559//559 561//561 135//135
f 560//560 559//559 1758//1758
f 560//560 1758//1758 1761//1761
f 116//116 99//99 559//559
f 559//559 99//99 1754//1754
f 559//559 1754//1754 1758//1758
f 558//558 788//788 791//791
f 558//558 791//791 557//557
f 786//786 556//556 557//557
f 786//786 557//557 791//791
f 558//558 538//538 542//542
f 558//558 542//542 553//553
f 788//788 558//558 553//553
f 788//788 553//553 782//782
f 538//538 557//557 556//556
f 538//538 556//556 537//537
f 556//556 786//786 779//779
f 779//779 772//772 550//550
f 779//779 550//550 556//556
f 537//537 556//556 550//550
f 537//537 550//550 536//536
f 1752//1752 1753//1753 554//554
f 1752//1752 554//554 555//555
f 540//540 554//554 1753//1753
f 540//540 1753//1753 1751//1751
f 554//554 540//540 539//539
f 554//554 539//539 551//551
f 555//555 554//554 551//551
f 555//555 551//551 549//549
f 1752//1752 555//555 544//544
f 541//541 544//544 555//555
f 541//541 555//555 549//549
f 552//552 774//774 782//782
f 552//552 782//782 553//553
f 545//545 552//552 553//553
f 545//545 553//553 542//542
f 545//545 547//547 543//543
f 545//545 543//543 552//552
f 550//550 772//772 546//546
f 546//546 533//533 536//536
f 546//546 536//536 550//550
f 539//539 548//548 551//551
f 549//549 551//551 548//548
f 522//522 547//547 545//545
f 522//522 545//545 517//517
f 547//547 522//522 518//518
f 547//547 518//518 529//529
f 543//543 547//547 529//529
f 543//543 529//529 525//525
f 546//546 520//520 533//533
f 517//517 545//545 542//542
f 517//517 542//542 512//512
f 525//525 759//759 774//774
f 525//525 774//774 543//543
f 1743//1743 544//544 541//541
f 1743//1743 541//541 523//523
f 538//538 505//505 512//512
f 538//538 512//512 542//542
f 541//541 549//549 519//519
f 546//546 772//772 528//528
f 546//546 528//528 535//535
f 546//546 535//535 520//520
f 548//548 524//524 549//549
f 540//540 513//513 510//510
f 540//540 510//510 539//539
f 519//519 549//549 524//524
f 1735//1735 513//513 540//540
f 1735//1735 540//540 1751//1751
f 523//523 541//541 514//514
f 524//524 548//548 534//534
f 534//534 548//548 532//532
f 534//534 532//532 530//530
f 537//537 504//504 505//505
f 537//537 505//505 538//538
f 504//504 536//536 533//533
f 504//504 533//533 500//500
f 535//535 528//528 526//526
f 508//508 532//532 539//539
f 508//508 539//539 510//510
f 514//514 541//541 519//519
f 527//527 521//521 524//524
f 527//527 524//524 534//534
f 526//526 527//527 531//531
f 526//526 531//531 535//535
f 527//527 534//534 530//530
f 527//527 530//530 531//531
f 531//531 511//511 520//520
f 531//531 520//520 535//535
f 520//520 500//500 533//533
f 531//531 530//530 509//509
f 531//531 509//509 511//511
f 532//532 508//508 509//509
f 532//532 509//509 530//530
f 502//502 503//503 525//525
f 502//502 525//525 529//529
f 501//501 502//502 529//529
f 501//501 529//529 518//518
f 526//526 521//521 527//527
f 526//526 528//528 515//515
f 759//759 525//525 503//503
f 759//759 503//503 739//739
f 521//521 516//516 519//519
f 521//521 519//519 524//524
f 523//523 497//497 498//498
f 523//523 498//498 1743//1743
f 500//500 520//520 495//495
f 522//522 494//494 492//492
f 522//522 492//492 518//518
f 494//494 522//522 517//517
f 494//494 517//517 493//493
f 497//497 523//523 514//514
f 497//497 514//514 499//499
f 526//526 516//516 521//521
f 516//516 514//514 519//519
f 516//516 526//526 515//515
f 528//528 751//751 515//515
f 483//483 501//501 518//518
f 483//483 518//518 492//492
f 512//512 484//484 493//493
f 512//512 493//493 517//517
f 516//516 507//507 514//514
f 507//507 516//516 515//515
f 507//507 515//515 506//506
f 751//751 506//506 515//515
f 511//511 491//491 495//495
f 511//511 495//495 520//520
f 1722//1722 486//486 513//513
f 486//486 510//510 513//513
f 484//484 512//512 505//505
f 1735//1735 1722//1722 513//513
f 491//491 511//511 509//509
f 510//510 486//486 487//487
f 487//487 508//508 510//510
f 509//509 508//508 490//490
f 509//509 490//490 491//491
f 487//487 490//490 508//508
f 507//507 499//499 514//514
f 481//481 484//484 505//505
f 481//481 505//505 504//504
f 739//739 503//503 489//489
f 739//739 489//489 730//730
f 488//488 489//489 503//503
f 488//488 503//503 502//502
f 488//488 502//502 501//501
f 488//488 501//501 485//485
f 501//501 483//483 475//475
f 501//501 475//475 485//485
f 500//500 474//474 481//481
f 498//498 497//497 479//479
f 482//482 479//479 497//497
f 474//474 500//500 495//495
f 499//499 482//482 497//497
f 479//479 496//496 1803//1803
f 479//479 1803//1803 1725//1725
f 498//498 479//479 1725//1725
f 482//482 499//499 478//478
f 491//491 474//474 495//495
f 494//494 466//466 462//462
f 494//494 462//462 492//492
f 466//466 494//494 493//493
f 466//466 493//493 470//470
f 472//472 474//474 491//491
f 506//506 719//719 478//478
f 506//506 478//478 507//507
f 478//478 499//499 507//507
f 484//484 471//471 470//470
f 484//484 470//470 493//493
f 462//462 459//459 483//483
f 462//462 483//483 492//492
f 490//490 469//469 472//472
f 490//490 472//472 491//491
f 469//469 490//490 487//487
f 1715//1715 468//468 486//486
f 468//468 487//487 486//486
f 489//489 476//476 717//717
f 489//489 717//717 730//730
f 473//473 476//476 489//489
f 473//473 489//489 488//488
f 477//477 473//473 488//488
f 477//477 488//488 485//485
f 469//469 487//487 468//468
f 1715//1715 486//486 1722//1722
f 477//477 485//485 475//475
f 477//477 475//475 464//464
f 471//471 484//484 481//481
f 459//459 456//456 475//475
f 459//459 475//475 483//483
f 482//482 478//478 467//467
f 465//465 471//471 481//481
f 465//465 481//481 474//474
f 463//463 496//496 479//479
f 463//463 479//479 482//482
f 719//719 706//706 467//467
f 719//719 467//467 478//478
f 452//452 448//448 477//477
f 452//452 477//477 464//464
f 473//473 477//477 448//448
f 717//717 476//476 708//708
f 482//482 447//447 463//463
f 454//454 464//464 475//475
f 454//454 475//475 456//456
f 472//472 465//465 474//474
f 467//467 447//447 482//482
f 473//473 458//458 476//476
f 455//455 472//472 469//469
f 470//470 471//471 445//445
f 470//470 445//445 446//446
f 466//466 470//470 446//446
f 466//466 446//446 444//444
f 457//457 468//468 1715//1715
f 1713//1713 457//457 1715//1715
f 457//457 455//455 469//469
f 457//457 469//469 468//468
f 708//708 476//476 458//458
f 467//467 439//439 447//447
f 467//467 706//706 700//700
f 467//467 700//700 439//439
f 462//462 466//466 444//444
f 462//462 444//444 437//437
f 471//471 442//442 445//445
f 464//464 454//454 436//436
f 464//464 436//436 452//452
f 460//460 463//463 447//447
f 460//460 447//447 427//427
f 473//473 448//448 453//453
f 458//458 473//473 453//453
f 460//460 461//461 480//480
f 460//460 480//480 496//496
f 460//460 496//496 463//463
f 708//708 458//458 451//451
f 459//459 462//462 437//437
f 459//459 437//437 434//434
f 465//465 441//441 442//442
f 456//456 459//459 434//434
f 456//456 434//434 433//433
f 439//439 700//700 435//435
f 430//430 448//448 452//452
f 465//465 472//472 441//441
f 440//440 451//451 458//458
f 440//440 458//458 453//453
f 431//431 454//454 456//456
f 431//431 456//456 433//433
f 472//472 455//455 443//443
f 472//472 443//443 441//441
f 457//457 1713//1713 449//449
f 457//457 449//449 428//428
f 455//455 457//457 428//428
f 436//436 454//454 431//431
f 436//436 431//431 429//429
f 424//424 440//440 453//453
f 424//424 453//453 448//448
f 430//430 452//452 436//436
f 430//430 436//436 419//419
f 438//438 680//680 451//451
f 426//426 438//438 451//451
f 426//426 451//451 440//440
f 436//436 429//429 421//421
f 450//450 461//461 427//427
f 450//450 427//427 400//400
f 460//460 427//427 461//461
f 447//447 423//423 427//427
f 412//412 424//424 448//448
f 412//412 448//448 430//430
f 447//447 439//439 417//417
f 447//447 417//417 423//423
f 445//445 405//405 410//410
f 445//445 410//410 446//446
f 409//409 437//437 444//444
f 409//409 444//444 410//410
f 1713//1713 1710//1710 414//414
f 1713//1713 414//414 449//449
f 432//432 441//441 443//443
f 422//422 405//405 442//442
f 422//422 442//442 441//441
f 441//441 432//432 422//422
f 440//440 424//424 408//408
f 440//440 408//408 426//426
f 417//417 439//439 435//435
f 417//417 435//435 416//416
f 413//413 425//425 438//438
f 413//413 438//438 426//426
f 676//676 680//680 438//438
f 676//676 438//438 425//425
f 407//407 434//434 437//437
f 407//407 437//437 409//409
f 436//436 421//421 387//387
f 436//436 387//387 419//419
f 407//407 406//406 433//433
f 407//407 433//433 434//434
f 449//449 414//414 420//420
f 449//449 420//420 428//428
f 418//418 455//455 428//428
f 404//404 431//431 433//433
f 404//404 433//433 406//406
f 443//443 455//455 418//418
f 443//443 418//418 432//432
f 402//402 429//429 431//431
f 402//402 431//431 404//404
f 419//419 386//386 412//412
f 419//419 412//412 430//430
f 395//395 421//421 429//429
f 395//395 429//429 402//402
f 428//428 420//420 394//394
f 428//428 394//394 418//418
f 400//400 427//427 423//423
f 413//413 426//426 408//408
f 413//413 408//408 393//393
f 401//401 415//415 425//425
f 401//401 425//425 413//413
f 662//662 676//676 425//425
f 662//662 425//425 415//415
f 424//424 412//412 392//392
f 424//424 392//392 408//408
f 423//423 379//379 400//400
f 432//432 399//399 403//403
f 432//432 403//403 422//422
f 418//418 394//394 397//397
f 379//379 423//423 417//417
f 421//421 395//395 387//387
f 420//420 414//414 389//389
f 420//420 389//389 391//391
f 386//386 419//419 387//387
f 432//432 398//398 399//399
f 418//418 397//397 398//398
f 418//418 398//398 432//432
f 417//417 416//416 647//647
f 417//417 647//647 379//379
f 411//411 660//660 662//662
f 411//411 662//662 415//415
f 411//411 415//415 401//401
f 411//411 401//401 396//396
f 389//389 414//414 1706//1706
f 389//389 1706//1706 1699//1699
f 393//393 388//388 401//401
f 393//393 401//401 413//413
f 386//386 392//392 412//412
f 384//384 385//385 410//410
f 384//384 410//410 405//405
f 409//409 410//410 385//385
f 409//409 385//385 382//382
f 382//382 378//378 407//407
f 382//382 407//407 409//409
f 392//392 393//393 408//408
f 407//407 378//378 376//376
f 407//407 376//376 406//406
f 374//374 404//404 406//406
f 374//374 406//406 376//376
f 403//403 383//383 384//384
f 403//403 384//384 405//405
f 374//374 402//402 404//404
f 387//387 395//395 372//372
f 403//403 399//399 377//377
f 403//403 377//377 383//383
f 374//374 366//366 395//395
f 374//374 395//395 402//402
f 388//388 368//368 396//396
f 388//388 396//396 401//401
f 377//377 399//399 398//398
f 400//400 379//379 381//381
f 411//411 396//396 390//390
f 390//390 639//639 660//660
f 390//390 660//660 411//411
f 373//373 398//398 397//397
f 394//394 370//370 373//373
f 394//394 373//373 397//397
f 386//386 387//387 362//362
f 375//375 379//379 647//647
f 391//391 365//365 370//370
f 391//391 370//370 394//394
f 393//393 392//392 371//371
f 393//393 371//371 388//388
f 389//389 363//363 365//365
f 389//389 365//365 391//391
f 369//369 390//390 396//396
f 363//363 389//389 1699//1699
f 363//363 1699//1699 1695//1695
f 388//388 371//371 368//368
f 387//387 372//372 362//362
f 372//372 395//395 366//366
f 396//396 368//368 367//367
f 364//364 371//371 392//392
f 364//364 392//392 386//386
f 347//347 385//385 384//384
f 347//347 384//384 348//348
f 382//382 385//385 347//347
f 382//382 347//347 346//346
f 361//361 634//634 623//623
f 383//383 351//351 348//348
f 383//383 348//348 384//384
f 377//377 349//349 351//351
f 377//377 351//351 383//383
f 382//382 346//346 345//345
f 382//382 345//345 378//378
f 381//381 379//379 380//380
f 381//381 380//380 328//328
f 360//360 632//632 361//361
f 360//360 375//375 632//632
f 378//378 345//345 340//340
f 378//378 340//340 376//376
f 639//639 390//390 359//359
f 639//639 359//359 615//615
f 349//349 377//377 373//373
f 349//349 373//373 342//342
f 344//344 379//379 375//375
f 340//340 374//374 376//376
f 375//375 352//352 344//344
f 375//375 360//360 352//352
f 369//369 359//359 390//390
f 293//293 374//374 340//340
f 370//370 336//336 342//342
f 370//370 342//342 373//373
f 364//364 386//386 362//362
f 364//364 362//362 338//338
f 362//362 372//372 338//338
f 372//372 366//366 320//320
f 293//293 366//366 374//374
f 355//355 368//368 371//371
f 355//355 371//371 364//364
f 336//336 370//370 365//365
f 336//336 365//365 331//331
f 367//367 354//354 369//369
f 337//337 367//367 368//368
f 363//363 330//330 331//331
f 363//363 331//331 365//365
f 364//364 338//338 343//343
f 364//364 343//343 355//355
f 1695//1695 1685//1685 330//330
f 1695//1695 330//330 363//363
f 320//320 366//366 293//293
f 319//319 361//361 623//623
f 360//360 361//361 319//319
f 360//360 319//319 357//357
f 615//615 359//359 324//324
f 356//356 357//357 319//319
f 338//338 372//372 320//320
f 356//356 319//319 326//326
f 356//356 326//326 358//358
f 369//369 322//322 324//324
f 369//369 324//324 359//359
f 332//332 339//339 358//358
f 334//334 339//339 316//316
f 334//334 316//316 335//335
f 339//339 334//334 353//353
f 339//339 353//353 358//358
f 333//333 356//356 358//358
f 333//333 358//358 353//353
f 352//352 360//360 357//357
f 352//352 357//357 350//350
f 356//356 333//333 350//350
f 356//356 350//350 357//357
f 588//588 594//594 355//355
f 588//588 355//355 343//343
f 594//594 337//337 355//355
f 354//354 318//318 322//322
f 354//354 322//322 369//369
f 334//334 323//323 353//353
f 333//333 353//353 323//323
f 317//317 332//332 358//358
f 317//317 358//358 326//326
f 344//344 352//352 350//350
f 344//344 350//350 341//341
f 351//351 349//349 295//295
f 351//351 295//295 294//294
f 351//351 294//294 292//292
f 351//351 292//292 348//348
f 333//333 341//341 350//350
f 296//296 295//295 349//349
f 296//296 349//349 342//342
f 292//292 288//288 347//347
f 292//292 347//347 348//348
f 346//346 347//347 288//288
f 346//346 288//288 289//289
f 345//345 346//346 289//289
f 345//345 289//289 290//290
f 345//345 290//290 291//291
f 345//345 291//291 340//340
f 329//329 380//380 344//344
f 329//329 344//344 341//341
f 588//588 343//343 583//583
f 332//332 305//305 316//316
f 332//332 316//316 339//339
f 336//336 297//297 296//296
f 336//336 296//296 342//342
f 343//343 338//338 320//320
f 291//291 293//293 340//340
f 594//594 593//593 318//318
f 594//594 318//318 337//337
f 380//380 329//329 325//325
f 314//314 341//341 333//333
f 331//331 297//297 336//336
f 321//321 334//334 335//335
f 314//314 333//333 323//323
f 328//328 380//380 325//325
f 606//606 615//615 324//324
f 606//606 324//324 313//313
f 329//329 341//341 314//314
f 309//309 305//305 332//332
f 309//309 332//332 317//317
f 331//331 330//330 298//298
f 331//331 298//298 297//297
f 327//327 329//329 315//315
f 325//325 329//329 327//327
f 307//307 317//317 326//326
f 307//307 326//326 319//319
f 315//315 329//329 314//314
f 324//324 322//322 306//306
f 324//324 306//306 313//313
f 314//314 323//323 321//321
f 620//620 312//312 311//311
f 620//620 311//311 618//618
f 312//312 620//620 619//619
f 312//312 619//619 310//310
f 320//320 255//255 343//343
f 306//306 322//322 318//318
f 306//306 318//318 299//299
f 619//619 625//625 310//310
f 625//625 607//607 310//310
f 304//304 315//315 314//314
f 255//255 583//583 343//343
f 276//276 328//328 325//325
f 276//276 325//325 267//267
f 592//592 299//299 318//318
f 592//592 318//318 593//593
f 308//308 309//309 317//317
f 308//308 317//317 307//307
f 314//314 321//321 304//304
f 279//279 313//313 306//306
f 303//303 307//307 605//605
f 301//301 269//269 603//603
f 300//300 607//607 606//606
f 604//604 302//302 303//303
f 604//604 303//303 605//605
f 604//604 602//602 302//302
f 269//269 286//286 601//601
f 269//269 601//601 603//603
f 601//601 286//286 302//302
f 601//601 302//302 602//602
f 313//313 278//278 300//300
f 313//313 300//300 606//606
f 279//279 278//278 313//313
f 287//287 279//279 306//306
f 287//287 306//306 299//299
f 305//305 280//280 281//281
f 305//305 281//281 316//316
f 305//305 309//309 280//280
f 277//277 304//304 321//321
f 277//277 321//321 568//568
f 282//282 315//315 304//304
f 282//282 304//304 277//277
f 280//280 309//309 308//308
f 307//307 303//303 308//308
f 301//301 284//284 269//269
f 284//284 301//301 311//311
f 284//284 311//311 283//283
f 312//312 285//285 283//283
f 312//312 283//283 311//311
f 285//285 312//312 310//310
f 300//300 285//285 310//310
f 300//300 310//310 607//607
f 592//592 287//287 299//299
f 242//242 298//298 1685//1685
f 242//242 1685//1685 1679//1679
f 297//297 242//242 263//263
f 297//297 263//263 260//260
f 297//297 260//260 296//296
f 320//320 266//266 255//255
f 296//296 260//260 259//259
f 296//296 259//259 295//295
f 295//295 259//259 256//256
f 295//295 256//256 294//294
f 293//293 266//266 320//320
f 294//294 256//256 257//257
f 294//294 257//257 292//292
f 293//293 262//262 266//266
f 291//291 262//262 293//293
f 292//292 257//257 258//258
f 292//292 258//258 288//288
f 290//290 226//226 262//262
f 290//290 262//262 291//291
f 289//289 261//261 226//226
f 289//289 226//226 290//290
f 289//289 288//288 258//258
f 289//289 258//258 261//261
f 286//286 273//273 302//302
f 285//285 300//300 271//271
f 284//284 268//268 269//269
f 302//302 273//273 303//303
f 268//268 284//284 283//283
f 268//268 283//283 275//275
f 285//285 272//272 275//275
f 285//285 275//275 283//283
f 272//272 285//285 271//271
f 265//265 280//280 308//308
f 265//265 308//308 1302//1302
f 265//265 264//264 280//280
f 280//280 264//264 281//281
f 278//278 279//279 241//241
f 278//278 241//241 1300//1300
f 278//278 1300//1300 300//300
f 303//303 1302//1302 308//308
f 254//254 274//274 282//282
f 300//300 1300//1300 1298//1298
f 254//254 282//282 277//277
f 271//271 300//300 1298//1298
f 271//271 1298//1298 253//253
f 247//247 254//254 277//277
f 247//247 277//277 568//568
f 592//592 591//591 248//248
f 592//592 248//248 287//287
f 251//251 271//271 253//253
f 279//279 287//287 248//248
f 279//279 248//248 243//243
f 224//224 276//276 267//267
f 255//255 266//266 236//236
f 1299//1299 268//268 275//275
f 1299//1299 275//275 252//252
f 272//272 250//250 252//252
f 272//272 252//252 275//275
f 270//270 274//274 254//254
f 273//273 1303//1303 303//303
f 250//250 272//272 271//271
f 250//250 271//271 251//251
f 227//227 267//267 274//274
f 265//265 1302//1302 249//249
f 270//270 227//227 274//274
f 241//241 279//279 243//243
f 286//286 269//269 1291//1291
f 268//268 1299//1299 1291//1291
f 268//268 1291//1291 269//269
f 266//266 233//233 236//236
f 1302//1302 303//303 1303//1303
f 262//262 233//233 266//266
f 585//585 255//255 218//218
f 242//242 234//234 263//263
f 249//249 246//246 264//264
f 249//249 264//264 265//265
f 246//246 244//244 281//281
f 246//246 281//281 264//264
f 229//229 227//227 270//270
f 263//263 234//234 232//232
f 263//263 232//232 260//260
f 233//233 262//262 226//226
f 238//238 254//254 247//247
f 1298//1298 1297//1297 253//253
f 261//261 222//222 223//223
f 261//261 223//223 226//226
f 221//221 222//222 261//261
f 221//221 261//261 258//258
f 260//260 232//232 225//225
f 260//260 225//225 259//259
f 259//259 225//225 219//219
f 259//259 219//219 256//256
f 1297//1297 1295//1295 253//253
f 257//257 220//220 221//221
f 257//257 221//221 258//258
f 256//256 219//219 220//220
f 256//256 220//220 257//257
f 236//236 218//218 255//255
f 270//270 254//254 238//238
f 229//229 270//270 238//238
f 248//248 591//591 235//235
f 1294//1294 251//251 253//253
f 1294//1294 253//253 1295//1295
f 250//250 1293//1293 1296//1296
f 250//250 1296//1296 252//252
f 1292//1292 250//250 251//251
f 1292//1292 251//251 1294//1294
f 231//231 243//243 248//248
f 231//231 248//248 235//235
f 245//245 238//238 247//247
f 249//249 1302//1302 1301//1301
f 249//249 1301//1301 239//239
f 203//203 218//218 236//236
f 231//231 228//228 241//241
f 231//231 241//241 243//243
f 238//238 237//237 230//230
f 238//238 230//230 229//229
f 239//239 1301//1301 240//240
f 234//234 242//242 1677//1677
f 234//234 1677//1677 1676//1676
f 1289//1289 1300//1300 241//241
f 1289//1289 241//241 228//228
f 589//589 585//585 218//218
f 237//237 240//240 230//230
f 246//246 249//249 239//239
f 246//246 239//239 237//237
f 240//240 237//237 239//239
f 238//238 245//245 237//237
f 244//244 246//246 237//237
f 245//245 244//244 237//237
f 591//591 590//590 195//195
f 591//591 195//195 235//235
f 213//213 207//207 234//234
f 590//590 215//215 195//195
f 590//590 589//589 215//215
f 233//233 212//212 236//236
f 218//218 203//203 210//210
f 589//589 218//218 197//197
f 233//233 200//200 212//212
f 235//235 217//217 231//231
f 234//234 207//207 206//206
f 234//234 206//206 232//232
f 209//209 229//229 211//211
f 211//211 229//229 230//230
f 229//229 209//209 208//208
f 231//231 217//217 216//216
f 231//231 216//216 228//228
f 200//200 233//233 226//226
f 200//200 226//226 199//199
f 214//214 211//211 230//230
f 214//214 230//230 240//240
f 225//225 232//232 206//206
f 225//225 206//206 204//204
f 227//227 229//229 208//208
f 216//216 1270//1270 1289//1289
f 216//216 1289//1289 228//228
f 227//227 208//208 205//205
f 205//205 267//267 227//227
f 223//223 194//194 199//199
f 223//223 199//199 226//226
f 205//205 224//224 267//267
f 204//204 198//198 219//219
f 204//204 219//219 225//225
f 1257//1257 214//214 240//240
f 1257//1257 240//240 1301//1301
f 193//193 194//194 223//223
f 193//193 223//223 222//222
f 191//191 193//193 222//222
f 191//191 222//222 221//221
f 221//221 220//220 192//192
f 221//221 192//192 191//191
f 219//219 198//198 192//192
f 219//219 192//192 220//220
f 197//197 184//184 215//215
f 197//197 215//215 589//589
f 210//210 197//197 218//218
f 236//236 212//212 203//203
f 217//217 195//195 201//201
f 202//202 1259//1259 1270//1270
f 202//202 1270//1270 216//216
f 216//216 217//217 201//201
f 216//216 201//201 202//202
f 1676//1676 1668//1668 187//187
f 1676//1676 187//187 213//213
f 148//148 184//184 197//197
f 196//196 215//215 184//184
f 1247//1247 214//214 1242//1242
f 1242//1242 214//214 1257//1257
f 213//213 187//187 180//180
f 213//213 180//180 207//207
f 1247//1247 211//211 214//214
f 203//203 212//212 179//179
f 188//188 209//209 211//211
f 188//188 211//211 1247//1247
f 186//186 208//208 209//209
f 186//186 209//209 188//188
f 185//185 208//208 186//186
f 181//181 207//207 180//180
f 208//208 185//185 205//205
f 207//207 181//181 182//182
f 207//207 182//182 206//206
f 206//206 182//182 178//178
f 205//205 185//185 183//183
f 178//178 204//204 206//206
f 183//183 224//224 205//205
f 224//224 183//183 159//159
f 190//190 1259//1259 202//202
f 202//202 201//201 190//190
f 212//212 200//200 177//177
f 212//212 177//177 179//179
f 204//204 178//178 164//164
f 204//204 164//164 198//198
f 177//177 200//200 175//175
f 175//175 200//200 199//199
f 175//175 199//199 173//173
f 194//194 166//166 173//173
f 194//194 173//173 199//199
f 198//198 164//164 155//155
f 198//198 155//155 192//192
f 162//162 148//148 197//197
f 184//184 172//172 196//196
f 189//189 201//201 195//195
f 189//189 195//195 196//196
f 193//193 157//157 166//166
f 193//193 166//166 194//194
f 156//156 157//157 193//193
f 156//156 193//193 191//191
f 156//156 191//191 192//192
f 156//156 192//192 155//155
f 189//189 190//190 201//201
f 1259//1259 190//190 1245//1245
f 210//210 153//153 197//197
f 168//168 187//187 1668//1668
f 168//168 1668//1668 1665//1665
f 154//154 210//210 203//203
f 154//154 203//203 179//179
f 170//170 1245//1245 190//190
f 190//190 189//189 170//170
f 188//188 1247//1247 1215//1215
f 187//187 168//168 167//167
f 187//187 167//167 180//180
f 176//176 178//178 182//182
f 176//176 182//182 174//174
f 178//178 176//176 171//171
f 161//161 185//185 186//186
f 161//161 186//186 188//188
f 161//161 183//183 185//185
f 161//161 158//158 183//183
f 196//196 172//172 169//169
f 196//196 169//169 189//189
f 148//148 151//151 172//172
f 148//148 172//172 184//184
f 158//158 159//159 183//183
f 181//181 160//160 174//174
f 181//181 174//174 182//182
f 180//180 167//167 160//160
f 180//180 160//160 181//181
f 179//179 147//147 154//154
f 171//171 163//163 164//164
f 171//171 164//164 178//178
f 1245//1245 170//170 1225//1225
f 170//170 189//189 169//169
f 162//162 197//197 153//153
f 179//179 177//177 144//144
f 179//179 144//144 147//147
f 177//177 175//175 143//143
f 177//177 143//143 144//144
f 174//174 145//145 165//165
f 174//174 165//165 176//176
f 176//176 165//165 171//171
f 143//143 175//175 173//173
f 143//143 173//173 136//136
f 160//160 152//152 145//145
f 160//160 145//145 174//174
f 154//154 141//141 153//153
f 154//154 153//153 210//210
f 166//166 130//130 136//136
f 166//166 136//136 173//173
f 172//172 151//151 150//150
f 172//172 150//150 169//169
f 151//151 148//148 140//140
f 171//171 165//165 131//131
f 171//171 131//131 163//163
f 1214//1214 1225//1225 170//170
f 1214//1214 170//170 149//149
f 170//170 169//169 150//150
f 170//170 150//150 149//149
f 137//137 168//168 1665//1665
f 137//137 1665//1665 1662//1662
f 137//137 152//152 167//167
f 137//137 167//167 168//168
f 166//166 157//157 122//122
f 166//166 122//122 130//130
f 164//164 163//163 124//124
f 164//164 124//124 155//155
f 1215//1215 146//146 188//188
f 162//162 134//134 148//148
f 146//146 161//161 188//188
f 142//142 161//161 146//146
f 142//142 158//158 161//161
f 135//135 561//561 159//159
f 159//159 158//158 142//142
f 159//159 142//142 135//135
f 123//123 122//122 157//157
f 123//123 157//157 156//156
f 156//156 155//155 124//124
f 156//156 124//124 123//123
f 147//147 132//132 141//141
f 147//147 141//141 154//154
f 129//129 162//162 153//153
f 129//129 153//153 141//141
f 137//137 133//133 152//152
f 138//138 150//150 151//151
f 138//138 151//151 140//140
f 149//149 150//150 138//138
f 149//149 138//138 139//139
f 1202//1202 1214//1214 149//149
f 1202//1202 149//149 139//139
f 134//134 125//125 140//140
f 134//134 140//140 148//148
f 132//132 147//147 144//144
f 132//132 144//144 121//121
f 146//146 1215//1215 1196//1196
f 128//128 145//145 152//152
f 145//145 128//128 117//117
f 145//145 117//117 165//165
f 121//121 144//144 143//143
f 121//121 143//143 114//114
f 133//133 128//128 152//152
f 162//162 129//129 120//120
f 162//162 120//120 134//134
f 114//114 143//143 136//136
f 114//114 136//136 109//109
f 135//135 142//142 116//116
f 132//132 113//113 129//129
f 132//132 129//129 141//141
f 165//165 117//117 115//115
f 165//165 115//115 131//131
f 1202//1202 139//139 127//127
f 1202//1202 127//127 1198//1198
f 125//125 126//126 138//138
f 125//125 138//138 140//140
f 139//139 138//138 126//126
f 139//139 126//126 127//127
f 1657//1657 1654//1654 133//133
f 1657//1657 133//133 137//137
f 136//136 130//130 104//104
f 136//136 104//104 109//109
f 135//135 116//116 559//559
f 125//125 134//134 120//120
f 125//125 120//120 119//119
f 116//116 142//142 106//106
f 121//121 113//113 132//132
f 124//124 131//131 115//115
f 124//124 115//115 98//98
f 104//104 130//130 122//122
f 104//104 122//122 102//102
f 108//108 146//146 1196//1196
f 112//112 120//120 129//129
f 112//112 129//129 113//113
f 1654//1654 128//128 133//133
f 146//146 108//108 106//106
f 127//127 126//126 118//118
f 126//126 125//125 119//119
f 126//126 119//119 118//118
f 124//124 107//107 103//103
f 124//124 103//103 123//123
f 102//102 122//122 123//123
f 102//102 123//123 101//101
f 110//110 117//117 128//128
f 106//106 142//142 146//146
f 111//111 1198//1198 127//127
f 110//110 105//105 117//117
f 97//97 113//113 121//121
f 97//97 121//121 114//114
f 1181//1181 1198//1198 111//111
f 119//119 120//120 112//112
f 118//118 111//111 127//127
f 100//100 116//116 106//106
f 105//105 115//115 117//117
f 116//116 100//100 99//99
f 105//105 98//98 115//115
f 97//97 114//114 109//109
f 97//97 109//109 87//87
f 97//97 91//91 112//112
f 97//97 112//112 113//113
f 1647//1647 93//93 1654//1654
f 98//98 89//89 107//107
f 128//128 1654//1654 93//93
f 128//128 93//93 94//94
f 110//110 128//128 94//94
f 105//105 110//110 94//94
f 119//119 112//112 91//91
f 119//119 91//91 90//90
f 90//90 92//92 118//118
f 90//90 118//118 119//119
f 92//92 95//95 111//111
f 92//92 111//111 118//118
f 95//95 1166//1166 1181//1181
f 95//95 1181//1181 111//111
f 78//78 87//87 109//109
f 78//78 109//109 104//104
f 106//106 108//108 96//96
f 83//83 103//103 107//107
f 88//88 106//106 96//96
f 77//77 78//78 104//104
f 77//77 104//104 102//102
f 83//83 76//76 101//101
f 83//83 101//101 103//103
f 76//76 77//77 102//102
f 76//76 102//102 101//101
f 98//98 105//105 85//85
f 98//98 85//85 73//73
f 82//82 100//100 106//106
f 82//82 106//106 88//88
f 1754//1754 81//81 1638//1638
f 99//99 100//100 82//82
f 99//99 82//82 81//81
f 81//81 1754//1754 99//99
f 84//84 79//79 1175//1175
f 1175//1175 79//79 96//96
f 91//91 97//97 87//87
f 91//91 87//87 71//71
f 86//86 96//96 79//79
f 86//86 88//88 96//96
f 74//74 105//105 94//94
f 74//74 94//94 68//68
f 95//95 92//92 69//69
f 95//95 69//69 72//72
f 95//95 72//72 1155//1155
f 95//95 1155//1155 1166//1166
f 105//105 74//74 75//75
f 68//68 94//94 93//93
f 68//68 93//93 66//66
f 89//89 98//98 73//73
f 89//89 73//73 51//51
f 92//92 90//90 70//70
f 92//92 70//70 69//69
f 70//70 90//90 91//91
f 70//70 91//91 71//71
f 93//93 1647//1647 1633//1633
f 93//93 1633//1633 66//66
f 85//85 105//105 75//75
f 85//85 75//75 67//67
f 44//44 83//83 89//89
f 44//44 89//89 51//51
f 84//84 80//80 79//79
f 87//87 78//78 45//45
f 87//87 45//45 71//71
f 79//79 47//47 86//86
f 85//85 67//67 60//60
f 85//85 60//60 73//73
f 83//83 44//44 39//39
f 88//88 86//86 56//56
f 88//88 56//56 82//82
f 81//81 55//55 1625//1625
f 81//81 1625//1625 1638//1638
f 56//56 55//55 81//81
f 56//56 81//81 82//82
f 38//38 76//76 83//83
f 38//38 83//83 39//39
f 78//78 77//77 40//40
f 78//78 40//40 45//45
f 76//76 38//38 40//40
f 76//76 40//40 77//77
f 52//52 61//61 75//75
f 52//52 75//75 74//74
f 67//67 75//75 61//61
f 67//67 61//61 65//65
f 64//64 80//80 84//84
f 64//64 84//84 58//58
f 74//74 68//68 50//50
f 74//74 50//50 52//52
f 79//79 80//80 54//54
f 79//79 54//54 47//47
f 32//32 1137//1137 1155//1155
f 32//32 1155//1155 72//72
f 72//72 69//69 31//31
f 72//72 31//31 32//32
f 45//45 30//30 70//70
f 45//45 70//70 71//71
f 31//31 69//69 70//70
f 31//31 70//70 30//30
f 64//64 58//58 62//62
f 34//34 50//50 68//68
f 67//67 65//65 59//59
f 67//67 59//59 60//60
f 80//80 64//64 54//54
f 66//66 34//34 68//68
f 66//66 1618//1618 34//34
f 62//62 58//58 57//57
f 62//62 57//57 63//63
f 65//65 63//63 57//57
f 65//65 57//57 59//59
f 53//53 63//63 65//65
f 53//53 65//65 61//61
f 1633//1633 1618//1618 66//66
f 64//64 62//62 42//42
f 64//64 42//42 54//54
f 42//42 62//62 63//63
f 42//42 63//63 53//53
f 52//52 43//43 53//53
f 52//52 53//53 61//61
f 1159//1159 1122//1122 58//58
f 37//37 56//56 86//86
f 37//37 86//86 47//47
f 49//49 46//46 60//60
f 49//49 60//60 59//59
f 51//51 73//73 19//19
f 51//51 19//19 18//18
f 49//49 59//59 57//57
f 49//49 57//57 41//41
f 41//41 57//57 58//58
f 56//56 37//37 33//33
f 56//56 33//33 55//55
f 55//55 33//33 1621//1621
f 55//55 1621//1621 1625//1625
f 42//42 48//48 54//54
f 42//42 53//53 43//43
f 50//50 43//43 52//52
f 35//35 47//47 54//54
f 12//12 44//44 51//51
f 12//12 51//51 18//18
f 50//50 28//28 43//43
f 1122//1122 41//41 58//58
f 16//16 1131//1131 1137//1137
f 16//16 1137//1137 32//32
f 24//24 46//46 49//49
f 30//30 45//45 40//40
f 30//30 40//40 17//17
f 44//44 12//12 11//11
f 44//44 11//11 39//39
f 50//50 34//34 28//28
f 48//48 35//35 54//54
f 43//43 36//36 42//42
f 36//36 48//48 42//42
f 29//29 37//37 47//47
f 29//29 47//47 35//35
f 41//41 1122//1122 24//24
f 41//41 24//24 49//49
f 38//38 8//8 17//17
f 38//38 17//17 40//40
f 8//8 38//38 39//39
f 8//8 39//39 11//11
f 34//34 1618//1618 28//28
f 25//25 33//33 37//37
f 25//25 37//37 29//29
f 1621//1621 33//33 25//25
f 1621//1621 25//25 1616//1616
f 1618//1618 22//22 28//28
f 1618//1618 23//23 22//22
f 24//24 19//19 46//46
f 27//27 29//29 35//35
f 27//27 35//35 48//48
f 32//32 31//31 15//15
f 32//32 15//15 16//16
f 31//31 30//30 17//17
f 31//31 17//17 15//15
f 1131//1131 16//16 14//14
f 1131//1131 14//14 1116//1116
f 28//28 26//26 36//36
f 48//48 36//36 26//26
f 48//48 26//26 27//27
f 25//25 29//29 27//27
f 25//25 27//27 20//20
f 20//20 1616//1616 25//25
f 22//22 21//21 26//26
f 22//22 26//26 28//28
f 21//21 20//20 27//27
f 21//21 27//27 26//26
f 21//21 23//23 1614//1614
f 1614//1614 20//20 21//21
f 21//21 22//22 23//23
f 19//19 5//5 4//4
f 19//19 4//4 18//18
f 1116//1116 13//13 6//6
f 1116//1116 6//6 1112//1112
f 1122//1122 1107//1107 3//3
f 3//3 5//5 24//24
f 3//3 24//24 1122//1122
f 18//18 4//4 7//7
f 18//18 7//7 12//12
f 8//8 9//9 15//15
f 8//8 15//15 17//17
f 9//9 14//14 16//16
f 9//9 16//16 15//15
f 9//9 10//10 13//13
f 9//9 13//13 14//14
f 13//13 10//10 7//7
f 13//13 7//7 6//6
f 10//10 11//11 12//12
f 10//10 12//12 7//7
f 9//9 8//8 11//11
f 9//9 11//11 10//10
f 4//4 2//2 6//6
f 4//4 6//6 7//7
f 2//2 1114//1114 1112//1112
f 2//2 1112//1112 6//6
f 1//1 4//4 5//5
f 1//1 5//5 3//3
f 1108//1108 3//3 1107//1107
f 1114//1114 2//2 1//1
f 1114//1114 1//1 1109//1109
f 3//3 1108//1108 1//1
f 583//583 585//585 3835//3835
f 3849//3849 584//584 3840//3840
f 3840//3840 584//584 579//579
f 3840//3840 579//579 577//577
f 3840//3840 577//577 3839//3839
f 3839//3839 577//577 586//586
f 3839//3839 586//586 3843//3843
f 3835//3835 585//585 3849//3849
f 3843//3843 586//586 3838//3838
f 3838//3838 586//586 580//580
f 3838//3838 580//580 3837//3837
f 3837//3837 580//580 582//582
f 3837//3837 582//582 3834//3834
f 3834//3834 581//581 3844//3844
f 3844//3844 581//581 587//587
f 584//584 589//589 579//579
f 585//585 589//589 584//584
f 581//581 583//583 587//587
f 581//581 588//588 583//583
f 582//582 594//594 588//588
f 582//582 588//588 581//581
f 580//580 594//594 582//582
f 580//580 593//593 594//594
f 578//578 592//592 593//593
f 578//578 593//593 580//580
f 578//578 591//591 592//592
f 577//577 591//591 578//578
f 579//579 590//590 591//591
f 579//579 591//591 577//577
f 589//589 590//590 579//579
f 587//587 583//583 3836//3836
f 3834//3834 582//582 581//581
f 586//586 578//578 580//580
f 577//577 578//578 586//586
f 3836//3836 583//583 3835//3835
f 585//585 584//584 3849//3849
f 255//255 585//585 583//583
f 3847//3847 595//595 3848//3848
f 3845//3845 3848//3848 596//596
f 596//596 600//600 3850//3850
f 3850//3850 600//600 3846//3846
f 3846//3846 600//600 597//597
f 3851//3851 597//597 3842//3842
f 3842//3842 597//597 598//598
f 3835//3835 3849//3849 599//599
f 596//596 3848//3848 600//600
f 598//598 597//597 599//599
f 598//598 599//599 3849//3849
f 595//595 599//599 3848//3848
f 3848//3848 599//599 600//600
f 599//599 597//597 600//600
f 742//742 726//726 727//727
f 887//887 874//874 726//726
f 872//872 691//691 692//692
f 766//766 775//775 757//757
f 752//752 768//768 770//770
f 756//756 740//740 741//741
f 716//716 731//731 737//737
f 678//678 663//663 670//670
f 659//659 665//665 655//655
f 608//608 622//622 609//609
f 603//603 613//613 301//301
f 926//926 803//803 761//761
f 756//756 761//761 803//803
f 756//756 802//802 740//740
f 742//742 740//740 802//802
f 742//742 802//802 902//902
f 902//902 887//887 726//726
f 902//902 726//726 742//742
f 801//801 726//726 874//874
f 872//872 886//886 691//691
f 704//704 703//703 726//726
f 704//704 726//726 801//801
f 861//861 801//801 874//874
f 801//801 861//861 800//800
f 801//801 800//800 799//799
f 801//801 799//799 704//704
f 856//856 839//839 861//861
f 861//861 839//839 800//800
f 836//836 808//808 800//800
f 836//836 800//800 839//839
f 833//833 679//679 665//665
f 665//665 659//659 798//798
f 808//808 797//797 800//800
f 797//797 799//799 800//800
f 636//636 799//799 797//797
f 808//808 806//806 797//797
f 798//798 657//657 796//796
f 807//807 796//796 795//795
f 806//806 805//805 793//793
f 806//806 793//793 797//797
f 794//794 636//636 797//797
f 805//805 804//804 793//793
f 795//795 796//796 657//657
f 793//793 794//794 797//797
f 795//795 630//630 804//804
f 793//793 804//804 630//630
f 795//795 657//657 792//792
f 795//795 792//792 630//630
f 792//792 657//657 635//635
f 788//788 787//787 790//790
f 788//788 790//790 791//791
f 785//785 791//791 790//790
f 776//776 786//786 791//791
f 776//776 791//791 785//785
f 787//787 789//789 790//790
f 783//783 785//785 790//790
f 783//783 790//790 789//789
f 787//787 784//784 789//789
f 784//784 787//787 781//781
f 781//781 778//778 784//784
f 784//784 783//783 789//789
f 782//782 781//781 787//787
f 782//782 787//787 788//788
f 767//767 779//779 786//786
f 767//767 786//786 776//776
f 785//785 783//783 777//777
f 778//778 780//780 784//784
f 783//783 784//784 780//780
f 783//783 780//780 777//777
f 778//778 781//781 773//773
f 778//778 773//773 775//775
f 767//767 758//758 779//779
f 774//774 781//781 782//782
f 781//781 765//765 773//773
f 785//785 777//777 771//771
f 785//785 771//771 776//776
f 780//780 769//769 777//777
f 780//780 778//778 770//770
f 758//758 772//772 779//779
f 770//770 778//778 775//775
f 780//780 770//770 768//768
f 776//776 771//771 764//764
f 776//776 764//764 767//767
f 775//775 766//766 770//770
f 762//762 757//757 775//775
f 749//749 777//777 769//769
f 759//759 765//765 781//781
f 759//759 781//781 774//774
f 773//773 765//765 744//744
f 772//772 758//758 751//751
f 769//769 780//780 768//768
f 771//771 777//777 763//763
f 771//771 763//763 764//764
f 770//770 766//766 754//754
f 749//749 763//763 777//777
f 758//758 767//767 764//764
f 772//772 751//751 528//528
f 745//745 762//762 775//775
f 745//745 775//775 773//773
f 770//770 754//754 752//752
f 766//766 753//753 760//760
f 760//760 755//755 754//754
f 760//760 754//754 766//766
f 757//757 762//762 748//748
f 764//764 763//763 747//747
f 764//764 747//747 758//758
f 769//769 768//768 736//736
f 753//753 766//766 757//757
f 749//749 769//769 736//736
f 749//749 736//736 743//743
f 761//761 755//755 760//760
f 761//761 760//760 750//750
f 753//753 746//746 750//750
f 753//753 750//750 760//760
f 765//765 759//759 739//739
f 765//765 739//739 744//744
f 732//732 763//763 749//749
f 773//773 744//744 733//733
f 773//773 733//733 745//745
f 737//737 757//757 748//748
f 758//758 747//747 751//751
f 750//750 926//926 761//761
f 741//741 735//735 752//752
f 741//741 752//752 754//754
f 737//737 731//731 753//753
f 737//737 753//753 757//757
f 761//761 756//756 741//741
f 761//761 741//741 755//755
f 741//741 754//754 755//755
f 724//724 748//748 762//762
f 724//724 762//762 745//745
f 752//752 735//735 734//734
f 752//752 734//734 768//768
f 747//747 506//506 751//751
f 738//738 926//926 750//750
f 738//738 750//750 746//746
f 768//768 734//734 736//736
f 747//747 763//763 732//732
f 744//744 730//730 733//733
f 732//732 749//749 743//743
f 732//732 743//743 728//728
f 731//731 746//746 753//753
f 732//732 720//720 747//747
f 745//745 733//733 721//721
f 745//745 721//721 724//724
f 744//744 739//739 730//730
f 743//743 725//725 728//728
f 727//727 740//740 742//742
f 723//723 735//735 741//741
f 723//723 741//741 740//740
f 729//729 738//738 746//746
f 716//716 737//737 748//748
f 722//722 725//725 743//743
f 722//722 743//743 736//736
f 731//731 729//729 746//746
f 731//731 716//716 701//701
f 735//735 723//723 722//722
f 735//735 722//722 734//734
f 734//734 722//722 736//736
f 732//732 714//714 720//720
f 716//716 748//748 724//724
f 733//733 730//730 718//718
f 733//733 718//718 721//721
f 719//719 506//506 747//747
f 719//719 747//747 720//720
f 714//714 732//732 728//728
f 714//714 728//728 710//710
f 701//701 729//729 731//731
f 715//715 738//738 729//729
f 715//715 729//729 713//713
f 717//717 718//718 730//730
f 725//725 705//705 710//710
f 725//725 710//710 728//728
f 701//701 716//716 694//694
f 727//727 723//723 740//740
f 703//703 727//727 726//726
f 702//702 705//705 725//725
f 702//702 725//725 722//722
f 694//694 716//716 711//711
f 712//712 721//721 718//718
f 714//714 707//707 720//720
f 712//712 716//716 724//724
f 712//712 724//724 721//721
f 723//723 727//727 702//702
f 723//723 702//702 722//722
f 706//706 719//719 720//720
f 706//706 720//720 707//707
f 718//718 717//717 708//708
f 718//718 708//708 712//712
f 709//709 711//711 716//716
f 709//709 716//716 712//712
f 707//707 714//714 710//710
f 707//707 710//710 698//698
f 713//713 729//729 699//699
f 708//708 709//709 712//712
f 698//698 710//710 705//705
f 698//698 705//705 696//696
f 699//699 729//729 701//701
f 699//699 701//701 697//697
f 700//700 706//706 707//707
f 700//700 707//707 698//698
f 705//705 702//702 695//695
f 705//705 695//695 696//696
f 727//727 703//703 695//695
f 727//727 695//695 702//702
f 709//709 708//708 451//451
f 709//709 451//451 693//693
f 694//694 697//697 701//701
f 711//711 682//682 694//694
f 886//886 713//713 699//699
f 886//886 699//699 690//690
f 680//680 693//693 451//451
f 709//709 693//693 682//682
f 711//711 709//709 682//682
f 688//688 690//690 699//699
f 688//688 699//699 697//697
f 698//698 686//686 700//700
f 698//698 696//696 685//685
f 698//698 685//685 686//686
f 688//688 697//697 687//687
f 703//703 704//704 684//684
f 703//703 684//684 695//695
f 684//684 685//685 696//696
f 684//684 696//696 695//695
f 683//683 687//687 697//697
f 683//683 697//697 694//694
f 682//682 683//683 694//694
f 691//691 886//886 690//690
f 691//691 689//689 692//692
f 681//681 690//690 688//688
f 689//689 691//691 679//679
f 691//691 690//690 678//678
f 691//691 678//678 679//679
f 683//683 682//682 677//677
f 693//693 680//680 676//676
f 688//688 687//687 673//673
f 688//688 673//673 681//681
f 686//686 672//672 435//435
f 686//686 435//435 700//700
f 704//704 799//799 675//675
f 704//704 675//675 684//684
f 677//677 674//674 683//683
f 686//686 685//685 671//671
f 686//686 671//671 672//672
f 685//685 684//684 675//675
f 685//685 675//675 671//671
f 682//682 693//693 676//676
f 682//682 676//676 677//677
f 673//673 687//687 683//683
f 673//673 683//683 674//674
f 681//681 663//663 678//678
f 681//681 678//678 690//690
f 664//664 681//681 673//673
f 679//679 670//670 665//665
f 675//675 799//799 652//652
f 669//669 668//668 674//674
f 669//669 674//674 677//677
f 416//416 435//435 672//672
f 667//667 669//669 677//677
f 667//667 677//677 676//676
f 675//675 652//652 666//666
f 674//674 668//668 658//658
f 658//658 664//664 673//673
f 658//658 673//673 674//674
f 671//671 666//666 672//672
f 666//666 671//671 675//675
f 681//681 664//664 663//663
f 670//670 679//679 678//678
f 670//670 663//663 655//655
f 662//662 661//661 667//667
f 662//662 667//667 676//676
f 799//799 636//636 652//652
f 655//655 665//665 670//670
f 661//661 656//656 669//669
f 661//661 669//669 667//667
f 645//645 666//666 652//652
f 654//654 664//664 658//658
f 666//666 645//645 646//646
f 666//666 646//646 672//672
f 647//647 416//416 672//672
f 647//647 672//672 646//646
f 653//653 663//663 664//664
f 653//653 664//664 654//654
f 656//656 650//650 668//668
f 656//656 668//668 669//669
f 663//663 653//653 655//655
f 660//660 651//651 661//661
f 660//660 661//661 662//662
f 650//650 644//644 658//658
f 650//650 658//658 668//668
f 651//651 648//648 656//656
f 651//651 656//656 661//661
f 651//651 660//660 640//640
f 643//643 654//654 658//658
f 643//643 658//658 644//644
f 649//649 657//657 798//798
f 649//649 798//798 659//659
f 642//642 649//649 659//659
f 642//642 659//659 655//655
f 643//643 641//641 654//654
f 648//648 650//650 656//656
f 642//642 655//655 653//653
f 642//642 653//653 654//654
f 642//642 654//654 641//641
f 634//634 645//645 652//652
f 634//634 652//652 636//636
f 640//640 648//648 651//651
f 639//639 640//640 660//660
f 650//650 638//638 644//644
f 645//645 634//634 361//361
f 649//649 635//635 657//657
f 648//648 628//628 650//650
f 647//647 646//646 632//632
f 647//647 632//632 375//375
f 645//645 361//361 632//632
f 645//645 632//632 646//646
f 627//627 643//643 644//644
f 627//627 644//644 638//638
f 636//636 794//794 633//633
f 627//627 626//626 641//641
f 627//627 641//641 643//643
f 638//638 650//650 628//628
f 642//642 637//637 649//649
f 637//637 642//642 641//641
f 637//637 641//641 626//626
f 637//637 629//629 624//624
f 637//637 624//624 649//649
f 793//793 630//630 631//631
f 794//794 793//793 631//631
f 794//794 631//631 633//633
f 629//629 637//637 626//626
f 635//635 649//649 624//624
f 623//623 634//634 636//636
f 623//623 636//636 633//633
f 622//622 792//792 635//635
f 623//623 633//633 631//631
f 623//623 631//631 614//614
f 640//640 639//639 615//615
f 640//640 615//615 617//617
f 648//648 640//640 617//617
f 614//614 631//631 630//630
f 614//614 630//630 621//621
f 621//621 630//630 792//792
f 621//621 792//792 622//622
f 628//628 648//648 617//617
f 628//628 617//617 625//625
f 629//629 616//616 624//624
f 619//619 638//638 628//628
f 619//619 628//628 625//625
f 619//619 627//627 638//638
f 620//620 626//626 627//627
f 620//620 627//627 619//619
f 626//626 620//620 618//618
f 624//624 616//616 610//610
f 624//624 610//610 635//635
f 612//612 629//629 626//626
f 612//612 626//626 618//618
f 609//609 622//622 635//635
f 609//609 635//635 610//610
f 319//319 623//623 614//614
f 616//616 629//629 612//612
f 616//616 612//612 613//613
f 614//614 621//621 611//611
f 611//611 621//621 622//622
f 611//611 622//622 608//608
f 625//625 617//617 607//607
f 617//617 615//615 606//606
f 617//617 606//606 607//607
f 614//614 307//307 319//319
f 616//616 613//613 603//603
f 616//616 603//603 610//610
f 307//307 614//614 611//611
f 307//307 611//611 605//605
f 613//613 612//612 618//618
f 613//613 618//618 301//301
f 604//604 605//605 611//611
f 604//604 611//611 608//608
f 603//603 601//601 610//610
f 601//601 602//602 609//609
f 601//601 609//609 610//610
f 604//604 608//608 609//609
f 604//604 609//609 602//602
f 932//932 933//933 929//929
f 919//919 924//924 922//922
f 923//923 913//913 921//921
f 907//907 922//922 929//929
f 891//891 890//890 899//899
f 861//861 862//862 856//856
f 838//838 846//846 850//850
f 930//930 756//756 803//803
f 926//926 931//931 803//803
f 931//931 928//928 930//930
f 931//931 930//930 803//803
f 931//931 925//925 933//933
f 928//928 931//931 933//933
f 928//928 933//933 927//927
f 931//931 926//926 918//918
f 933//933 925//925 929//929
f 933//933 932//932 921//921
f 933//933 921//921 927//927
f 924//924 920//920 932//932
f 924//924 932//932 929//929
f 923//923 921//921 932//932
f 923//923 932//932 920//920
f 918//918 915//915 925//925
f 918//918 925//925 931//931
f 930//930 917//917 802//802
f 930//930 802//802 756//756
f 928//928 917//917 930//930
f 929//929 922//922 924//924
f 917//917 928//928 927//927
f 917//917 927//927 912//912
f 927//927 921//921 912//912
f 924//924 919//919 920//920
f 918//918 926//926 738//738
f 929//929 925//925 915//915
f 929//929 915//915 907//907
f 922//922 907//907 904//904
f 921//921 913//913 908//908
f 921//921 908//908 912//912
f 920//920 916//916 923//923
f 919//919 916//916 920//920
f 919//919 922//922 911//911
f 918//918 906//906 915//915
f 918//918 738//738 715//715
f 903//903 902//902 802//802
f 903//903 802//802 917//917
f 917//917 905//905 903//903
f 919//919 911//911 916//916
f 916//916 911//911 914//914
f 905//905 917//917 912//912
f 905//905 912//912 901//901
f 911//911 922//922 904//904
f 911//911 904//904 894//894
f 916//916 910//910 913//913
f 916//916 913//913 923//923
f 914//914 911//911 894//894
f 914//914 894//894 990//990
f 913//913 909//909 908//908
f 913//913 910//910 909//909
f 916//916 914//914 910//910
f 901//901 912//912 908//908
f 901//901 908//908 900//900
f 910//910 914//914 897//897
f 894//894 989//989 990//990
f 918//918 895//895 906//906
f 906//906 898//898 907//907
f 906//906 907//907 915//915
f 895//895 918//918 715//715
f 895//895 715//715 713//713
f 897//897 914//914 990//990
f 897//897 990//990 986//986
f 908//908 909//909 899//899
f 908//908 899//899 900//900
f 909//909 910//910 897//897
f 907//907 898//898 904//904
f 884//884 906//906 895//895
f 905//905 888//888 903//903
f 888//888 905//905 901//901
f 888//888 901//901 889//889
f 903//903 888//888 887//887
f 903//903 887//887 902//902
f 906//906 884//884 898//898
f 901//901 900//900 890//890
f 901//901 890//890 889//889
f 900//900 899//899 890//890
f 909//909 896//896 899//899
f 897//897 892//892 896//896
f 892//892 897//897 986//986
f 899//899 883//883 891//891
f 896//896 909//909 897//897
f 895//895 713//713 886//886
f 895//895 886//886 877//877
f 885//885 978//978 989//989
f 893//893 885//885 989//989
f 893//893 989//989 894//894
f 904//904 898//898 893//893
f 904//904 893//893 894//894
f 895//895 877//877 884//884
f 899//899 896//896 883//883
f 883//883 896//896 882//882
f 896//896 892//892 882//882
f 893//893 881//881 885//885
f 898//898 884//884 880//880
f 890//890 891//891 876//876
f 890//890 876//876 879//879
f 890//890 879//879 889//889
f 875//875 888//888 889//889
f 875//875 889//889 879//879
f 888//888 875//875 873//873
f 885//885 967//967 978//978
f 873//873 874//874 887//887
f 873//873 887//887 888//888
f 877//877 886//886 872//872
f 880//880 893//893 898//898
f 880//880 881//881 893//893
f 884//884 877//877 878//878
f 884//884 878//878 880//880
f 891//891 883//883 870//870
f 891//891 870//870 876//876
f 885//885 869//869 967//967
f 880//880 878//878 871//871
f 870//870 883//883 882//882
f 870//870 882//882 868//868
f 881//881 869//869 885//885
f 881//881 871//871 869//869
f 880//880 871//871 881//881
f 868//868 882//882 959//959
f 876//876 864//864 866//866
f 876//876 866//866 879//879
f 692//692 867//867 878//878
f 692//692 878//878 877//877
f 879//879 866//866 863//863
f 879//879 863//863 875//875
f 872//872 692//692 877//877
f 875//875 863//863 862//862
f 875//875 862//862 873//873
f 878//878 867//867 865//865
f 878//878 865//865 871//871
f 873//873 862//862 861//861
f 873//873 861//861 874//874
f 870//870 859//859 864//864
f 870//870 864//864 876//876
f 871//871 865//865 860//860
f 871//871 860//860 869//869
f 859//859 870//870 868//868
f 868//868 959//959 954//954
f 867//867 855//855 858//858
f 867//867 858//858 857//857
f 867//867 857//857 865//865
f 692//692 855//855 867//867
f 854//854 866//866 864//864
f 854//854 864//864 853//853
f 853//853 864//864 859//859
f 866//866 854//854 850//850
f 866//866 850//850 863//863
f 856//856 862//862 863//863
f 856//856 863//863 850//850
f 865//865 857//857 849//849
f 865//865 849//849 860//860
f 844//844 853//853 859//859
f 844//844 859//859 868//868
f 844//844 868//868 841//841
f 847//847 857//857 858//858
f 847//847 858//858 852//852
f 851//851 852//852 858//858
f 851//851 858//858 855//855
f 689//689 855//855 692//692
f 841//841 868//868 954//954
f 841//841 954//954 939//939
f 836//836 839//839 856//856
f 842//842 838//838 854//854
f 842//842 854//854 853//853
f 855//855 845//845 851//851
f 845//845 855//855 689//689
f 842//842 853//853 844//844
f 840//840 847//847 852//852
f 848//848 840//840 852//852
f 848//848 852//852 851//851
f 850//850 846//846 836//836
f 850//850 836//836 856//856
f 843//843 849//849 857//857
f 843//843 857//857 847//847
f 854//854 838//838 850//850
f 830//830 848//848 851//851
f 830//830 851//851 845//845
f 845//845 689//689 833//833
f 847//847 818//818 843//843
f 833//833 830//830 845//845
f 679//679 833//833 689//689
f 842//842 844//844 828//828
f 842//842 828//828 835//835
f 848//848 837//837 840//840
f 837//837 832//832 840//840
f 842//842 835//835 816//816
f 842//842 816//816 838//838
f 847//847 840//840 832//832
f 848//848 814//814 837//837
f 847//847 832//832 818//818
f 843//843 818//818 935//935
f 824//824 834//834 837//837
f 837//837 834//834 829//829
f 837//837 829//829 832//832
f 808//808 836//836 846//846
f 822//822 835//835 828//828
f 835//835 822//822 827//827
f 814//814 848//848 830//830
f 798//798 830//830 833//833
f 818//818 832//832 829//829
f 838//838 811//811 846//846
f 811//811 838//838 816//816
f 824//824 837//837 814//814
f 824//824 814//814 812//812
f 834//834 831//831 823//823
f 834//834 823//823 829//829
f 828//828 844//844 841//841
f 828//828 841//841 820//820
f 835//835 827//827 815//815
f 835//835 815//815 816//816
f 831//831 821//821 823//823
f 826//826 827//827 822//822
f 826//826 822//822 821//821
f 824//824 825//825 831//831
f 824//824 831//831 834//834
f 826//826 821//821 831//831
f 826//826 831//831 825//825
f 830//830 810//810 814//814
f 819//819 818//818 829//829
f 819//819 829//829 823//823
f 828//828 820//820 822//822
f 814//814 810//810 812//812
f 826//826 813//813 815//815
f 826//826 815//815 827//827
f 798//798 833//833 665//665
f 826//826 825//825 812//812
f 826//826 812//812 813//813
f 824//824 812//812 825//825
f 819//819 823//823 821//821
f 819//819 821//821 822//822
f 819//819 822//822 820//820
f 817//817 820//820 841//841
f 819//819 820//820 817//817
f 819//819 817//817 818//818
f 811//811 808//808 846//846
f 817//817 934//934 935//935
f 817//817 935//935 818//818
f 815//815 811//811 816//816
f 841//841 934//934 817//817
f 810//810 830//830 798//798
f 810//810 798//798 796//796
f 815//815 806//806 811//811
f 813//813 812//812 809//809
f 812//812 810//810 807//807
f 812//812 807//807 809//809
f 810//810 796//796 807//807
f 806//806 808//808 811//811
f 815//815 813//813 805//805
f 815//815 805//805 806//806
f 809//809 805//805 813//813
f 795//795 804//804 809//809
f 795//795 809//809 807//807
f 809//809 804//804 805//805
f 996//996 993//993 1060//1060
f 1026//1026 1028//1028 1020//1020
f 1020//1020 1064//1064 1026//1026
f 1027//1027 1025//1025 1026//1026
f 1025//1025 1028//1028 1026//1026
f 1027//1027 1024//1024 1025//1025
f 981//981 1027//1027 1023//1023
f 981//981 1023//1023 979//979
f 980//980 1027//1027 981//981
f 1064//1064 1020//1020 1018//1018
f 1020//1020 1028//1028 1019//1019
f 1064//1064 1017//1017 1026//1026
f 1024//1024 1027//1027 980//980
f 1023//1023 1027//1027 1026//1026
f 1023//1023 1026//1026 1017//1017
f 979//979 1023//1023 973//973
f 1025//1025 1022//1022 1028//1028
f 1025//1025 1024//1024 1022//1022
f 1024//1024 971//971 1022//1022
f 1016//1016 1020//1020 1019//1019
f 1023//1023 1017//1017 1008//1008
f 1028//1028 1022//1022 1021//1021
f 1028//1028 1021//1021 1019//1019
f 1021//1021 1022//1022 971//971
f 963//963 1021//1021 971//971
f 1020//1020 1016//1016 1015//1015
f 1014//1014 1016//1016 1019//1019
f 1019//1019 1021//1021 1014//1014
f 1014//1014 1021//1021 963//963
f 1014//1014 963//963 958//958
f 973//973 1023//1023 1008//1008
f 1015//1015 1018//1018 1020//1020
f 958//958 1009//1009 1014//1014
f 1017//1017 1063//1063 1008//1008
f 1009//1009 1016//1016 1014//1014
f 1013//1013 1015//1015 1016//1016
f 1009//1009 958//958 1011//1011
f 1010//1010 1012//1012 973//973
f 973//973 1008//1008 1010//1010
f 1001//1001 1016//1016 1009//1009
f 1016//1016 1001//1001 1013//1013
f 1058//1058 1057//1057 1015//1015
f 1058//1058 1015//1015 1062//1062
f 1063//1063 998//998 1008//1008
f 1009//1009 1011//1011 1005//1005
f 1010//1010 1003//1003 952//952
f 1005//1005 1001//1001 1009//1009
f 1010//1010 1008//1008 1007//1007
f 1007//1007 1003//1003 1010//1010
f 1005//1005 1011//1011 1006//1006
f 1005//1005 1006//1006 999//999
f 1008//1008 998//998 1007//1007
f 1063//1063 1061//1061 998//998
f 952//952 1003//1003 1004//1004
f 999//999 1006//1006 1000//1000
f 999//999 1001//1001 1005//1005
f 997//997 1004//1004 1003//1003
f 1000//1000 1006//1006 1002//1002
f 997//997 1002//1002 1004//1004
f 1062//1062 1015//1015 995//995
f 997//997 1003//1003 1007//1007
f 1000//1000 1002//1002 997//997
f 994//994 998//998 1061//1061
f 994//994 1061//1061 1060//1060
f 1001//1001 999//999 995//995
f 1001//1001 995//995 1013//1013
f 995//995 1015//1015 1013//1013
f 998//998 992//992 1007//1007
f 992//992 998//998 994//994
f 993//993 994//994 1060//1060
f 1062//1062 995//995 996//996
f 999//999 1000//1000 991//991
f 999//999 991//991 995//995
f 997//997 1007//1007 992//992
f 993//993 996//996 995//995
f 1000//1000 997//997 992//992
f 1000//1000 992//992 991//991
f 992//992 994//994 993//993
f 995//995 991//991 993//993
f 991//991 992//992 993//993
f 989//989 987//987 990//990
f 987//987 988//988 990//990
f 989//989 978//978 975//975
f 988//988 977//977 986//986
f 988//988 986//986 990//990
f 987//987 989//989 975//975
f 987//987 985//985 988//988
f 985//985 977//977 988//988
f 984//984 985//985 987//987
f 977//977 892//892 986//986
f 985//985 984//984 983//983
f 983//983 982//982 985//985
f 987//987 974//974 984//984
f 976//976 984//984 974//974
f 985//985 966//966 977//977
f 983//983 984//984 980//980
f 974//974 987//987 975//975
f 976//976 980//980 984//984
f 966//966 985//985 982//982
f 979//979 982//982 983//983
f 979//979 983//983 981//981
f 981//981 983//983 980//980
f 964//964 966//966 982//982
f 892//892 968//968 882//882
f 980//980 976//976 1024//1024
f 979//979 964//964 982//982
f 977//977 968//968 892//892
f 979//979 973//973 964//964
f 977//977 966//966 968//968
f 974//974 970//970 976//976
f 965//965 974//974 975//975
f 978//978 967//967 965//965
f 978//978 965//965 975//975
f 974//974 965//965 962//962
f 962//962 972//972 974//974
f 1024//1024 976//976 970//970
f 1024//1024 970//970 971//971
f 970//970 974//974 972//972
f 970//970 969//969 971//971
f 970//970 972//972 969//969
f 968//968 959//959 882//882
f 960//960 959//959 968//968
f 969//969 963//963 971//971
f 966//966 960//960 968//968
f 955//955 967//967 869//869
f 967//967 955//955 965//965
f 966//966 964//964 960//960
f 972//972 962//962 956//956
f 961//961 962//962 965//965
f 961//961 965//965 955//955
f 964//964 1012//1012 960//960
f 962//962 961//961 957//957
f 964//964 973//973 1012//1012
f 969//969 972//972 956//956
f 969//969 956//956 958//958
f 969//969 958//958 963//963
f 956//956 962//962 957//957
f 955//955 869//869 860//860
f 960//960 953//953 944//944
f 960//960 944//944 954//954
f 960//960 954//954 959//959
f 1012//1012 953//953 960//960
f 958//958 956//956 1011//1011
f 955//955 950//950 961//961
f 955//955 849//849 950//950
f 1011//1011 956//956 948//948
f 860//860 849//849 955//955
f 957//957 961//961 951//951
f 957//957 951//951 948//948
f 948//948 956//956 957//957
f 961//961 947//947 951//951
f 947//947 961//961 950//950
f 1012//1012 952//952 953//953
f 843//843 950//950 849//849
f 952//952 1012//1012 1010//1010
f 948//948 1006//1006 1011//1011
f 944//944 939//939 954//954
f 944//944 953//953 949//949
f 843//843 937//937 950//950
f 947//947 950//950 937//937
f 1004//1004 949//949 953//953
f 1004//1004 953//953 952//952
f 948//948 951//951 945//945
f 951//951 943//943 945//945
f 944//944 949//949 946//946
f 1006//1006 948//948 945//945
f 1006//1006 945//945 1002//1002
f 1004//1004 946//946 949//949
f 941//941 944//944 946//946
f 947//947 943//943 951//951
f 943//943 947//947 940//940
f 1004//1004 1002//1002 946//946
f 947//947 937//937 940//940
f 1002//1002 945//945 946//946
f 942//942 946//946 945//945
f 942//942 945//945 943//943
f 940//940 942//942 943//943
f 946//946 942//942 941//941
f 843//843 935//935 937//937
f 939//939 944//944 941//941
f 939//939 941//941 938//938
f 937//937 936//936 940//940
f 936//936 938//938 941//941
f 936//936 941//941 942//942
f 936//936 942//942 940//940
f 939//939 938//938 841//841
f 935//935 936//936 937//937
f 936//936 935//935 934//934
f 938//938 936//936 934//934
f 938//938 934//934 841//841
f 1029//1029 1054//1054 1056//1056
f 1034//1034 1054//1054 1035//1035
f 1018//1018 1055//1055 1064//1064
f 1018//1018 1056//1056 1055//1055
f 1064//1064 1055//1055 1034//1034
f 1064//1064 1034//1034 1017//1017
f 1018//1018 1057//1057 1056//1056
f 1017//1017 1034//1034 1063//1063
f 1057//1057 1018//1018 1015//1015
f 1060//1060 1061//1061 1033//1033
f 1060//1060 1033//1033 1032//1032
f 1062//1062 996//996 1032//1032
f 1062//1062 1032//1032 1058//1058
f 1032//1032 996//996 1060//1060
f 1032//1032 1031//1031 1059//1059
f 1032//1032 1059//1059 1058//1058
f 1033//1033 1061//1061 1036//1036
f 1061//1061 1063//1063 1037//1037
f 1061//1061 1037//1037 1036//1036
f 1052//1052 1058//1058 1059//1059
f 1057//1057 1058//1058 1052//1052
f 1057//1057 1052//1052 1053//1053
f 1063//1063 1034//1034 1037//1037
f 1029//1029 1056//1056 1057//1057
f 1029//1029 1057//1057 1053//1053
f 1055//1055 1054//1054 1034//1034
f 1055//1055 1056//1056 1054//1054
f 1048//1048 1049//1049 1029//1029
f 1048//1048 1029//1029 1053//1053
f 1048//1048 1053//1053 1046//1046
f 1053//1053 1052//1052 1046//1046
f 1046//1046 1052//1052 1045//1045
f 1045//1045 1052//1052 1059//1059
f 1059//1059 1041//1041 1045//1045
f 1031//1031 1041//1041 1059//1059
f 1071//1071 1070//1070 1039//1039
f 1070//1070 1069//1069 1039//1039
f 1066//1066 1065//1065 1049//1049
f 1049//1049 1065//1065 1051//1051
f 1050//1050 1071//1071 1038//1038
f 1071//1071 1039//1039 1038//1038
f 1050//1050 1038//1038 1035//1035
f 1050//1050 1035//1035 1054//1054
f 1051//1051 1050//1050 1054//1054
f 1066//1066 1049//1049 1048//1048
f 1047//1047 1066//1066 1048//1048
f 1047//1047 1048//1048 1046//1046
f 1046//1046 1044//1044 1047//1047
f 1044//1044 1046//1046 1045//1045
f 1067//1067 1044//1044 1045//1045
f 1041//1041 1043//1043 1067//1067
f 1041//1041 1067//1067 1045//1045
f 1043//1043 1041//1041 1042//1042
f 1031//1031 1040//1040 1042//1042
f 1042//1042 1041//1041 1031//1031
f 1040//1040 1031//1031 1030//1030
f 1069//1069 1040//1040 1030//1030
f 1039//1039 1069//1069 1030//1030
f 1038//1038 1039//1039 1037//1037
f 1039//1039 1036//1036 1037//1037
f 1039//1039 1030//1030 1036//1036
f 1036//1036 1030//1030 1033//1033
f 1035//1035 1037//1037 1034//1034
f 1038//1038 1037//1037 1035//1035
f 1030//1030 1032//1032 1033//1033
f 1032//1032 1030//1030 1031//1031
f 1054//1054 1029//1029 1049//1049
f 1054//1054 1049//1049 1051//1051
f 1077//1077 1104//1104 1078//1078
f 1081//1081 1080//1080 1075//1075
f 1102//1102 1075//1075 1071//1071
f 1065//1065 1074//1074 1051//1051
f 1103//1103 1065//1065 1066//1066
f 1104//1104 1044//1044 1105//1105
f 1105//1105 1044//1044 1067//1067
f 1105//1105 1067//1067 1073//1073
f 1043//1043 1073//1073 1067//1067
f 1043//1043 1079//1079 1073//1073
f 1068//1068 1079//1079 1043//1043
f 1040//1040 1106//1106 1068//1068
f 1069//1069 1072//1072 1106//1106
f 1106//1106 1040//1040 1069//1069
f 1092//1092 1072//1072 1070//1070
f 1080//1080 1070//1070 1075//1075
f 1070//1070 1071//1071 1075//1075
f 1069//1069 1070//1070 1072//1072
f 1042//1042 1040//1040 1068//1068
f 1043//1043 1042//1042 1068//1068
f 1047//1047 1044//1044 1104//1104
f 1050//1050 1074//1074 1102//1102
f 1050//1050 1051//1051 1074//1074
f 1071//1071 1050//1050 1102//1102
f 1088//1088 1101//1101 1097//1097
f 1090//1090 1101//1101 1088//1088
f 1082//1082 1099//1099 1101//1101
f 1082//1082 1101//1101 1100//1100
f 1086//1086 1095//1095 1098//1098
f 1086//1086 1078//1078 1095//1095
f 1097//1097 1073//1073 1087//1087
f 1087//1087 1088//1088 1097//1097
f 1085//1085 1076//1076 1098//1098
f 1098//1098 1076//1076 1086//1086
f 1084//1084 1085//1085 1098//1098
f 1084//1084 1098//1098 1094//1094
f 1083//1083 1084//1084 1094//1094
f 1083//1083 1094//1094 1082//1082
f 1082//1082 1100//1100 1081//1081
f 1080//1080 1081//1081 1100//1100
f 1080//1080 1100//1100 1092//1092
f 1092//1092 1100//1100 1093//1093
f 1091//1091 1093//1093 1090//1090
f 1089//1089 1091//1091 1090//1090
f 1089//1089 1090//1090 1088//1088
f 1079//1079 1089//1089 1087//1087
f 1087//1087 1089//1089 1088//1088
f 1087//1087 1073//1073 1079//1079
f 1073//1073 1097//1097 1105//1105
f 1086//1086 1077//1077 1078//1078
f 1076//1076 1077//1077 1086//1086
f 1103//1103 1066//1066 1076//1076
f 1103//1103 1076//1076 1085//1085
f 1065//1065 1103//1103 1085//1085
f 1065//1065 1085//1085 1084//1084
f 1074//1074 1065//1065 1084//1084
f 1074//1074 1084//1084 1083//1083
f 1102//1102 1074//1074 1083//1083
f 1083//1083 1082//1082 1102//1102
f 1075//1075 1102//1102 1082//1082
f 1082//1082 1081//1081 1075//1075
f 1080//1080 1092//1092 1070//1070
f 1093//1093 1072//1072 1092//1092
f 1106//1106 1072//1072 1093//1093
f 1106//1106 1093//1093 1091//1091
f 1106//1106 1091//1091 1089//1089
f 1089//1089 1068//1068 1106//1106
f 1089//1089 1079//1079 1068//1068
f 1105//1105 1078//1078 1104//1104
f 1077//1077 1047//1047 1104//1104
f 1066//1066 1047//1047 1077//1077
f 1066//1066 1077//1077 1076//1076
f 1101//1101 1090//1090 1093//1093
f 1095//1095 1096//1096 1099//1099
f 1096//1096 1095//1095 1078//1078
f 1101//1101 1099//1099 1096//1096
f 1096//1096 1097//1097 1101//1101
f 1097//1097 1096//1096 1078//1078
f 1105//1105 1097//1097 1078//1078
f 1098//1098 1095//1095 1099//1099
f 1098//1098 1099//1099 1094//1094
f 1094//1094 1099//1099 1082//1082
f 1100//1100 1101//1101 1093//1093
f 1309//1309 1308//1308 1310//1310
f 1306//1306 1382//1382 1368//1368
f 1354//1354 1187//1187 1306//1306
f 1174//1174 1173//1173 1187//1187
f 1291//1291 1299//1299 1286//1286
f 1265//1265 1282//1282 1274//1274
f 1271//1271 1248//1248 1276//1276
f 1241//1241 1246//1246 1254//1254
f 1240//1240 1235//1235 1241//1241
f 1200//1200 1201//1201 1213//1213
f 1195//1195 1206//1206 1204//1204
f 1194//1194 1183//1183 1191//1191
f 1163//1163 1164//1164 1153//1153
f 1266//1266 1436//1436 1314//1314
f 1258//1258 1314//1314 1313//1313
f 1437//1437 1313//1313 1314//1314
f 1314//1314 1436//1436 1437//1437
f 1312//1312 1258//1258 1313//1313
f 1436//1436 1266//1266 1260//1260
f 1436//1436 1260//1260 1261//1261
f 1437//1437 1434//1434 1313//1313
f 1312//1312 1313//1313 1311//1311
f 1434//1434 1311//1311 1313//1313
f 1243//1243 1258//1258 1312//1312
f 1261//1261 1255//1255 1250//1250
f 1434//1434 1395//1395 1311//1311
f 1232//1232 1243//1243 1312//1312
f 1232//1232 1312//1312 1310//1310
f 1310//1310 1312//1312 1311//1311
f 1310//1310 1311//1311 1309//1309
f 1246//1246 1401//1401 1250//1250
f 1395//1395 1309//1309 1311//1311
f 1395//1395 1392//1392 1309//1309
f 1213//1213 1401//1401 1246//1246
f 1197//1197 1310//1310 1308//1308
f 1392//1392 1307//1307 1308//1308
f 1392//1392 1308//1308 1309//1309
f 1392//1392 1391//1391 1382//1382
f 1392//1392 1382//1382 1307//1307
f 1307//1307 1197//1197 1308//1308
f 1307//1307 1382//1382 1306//1306
f 1186//1186 1307//1307 1306//1306
f 1186//1186 1306//1306 1187//1187
f 1185//1185 1197//1197 1307//1307
f 1185//1185 1307//1307 1186//1186
f 1368//1368 1354//1354 1306//1306
f 1201//1201 1347//1347 1363//1363
f 1354//1354 1305//1305 1174//1174
f 1354//1354 1174//1174 1187//1187
f 1168//1168 1174//1174 1305//1305
f 1168//1168 1305//1305 1318//1318
f 1304//1304 1319//1319 1317//1317
f 1323//1323 1151//1151 1317//1317
f 1316//1316 1154//1154 1168//1168
f 1316//1316 1168//1168 1318//1318
f 1316//1316 1315//1315 1304//1304
f 1319//1319 1304//1304 1315//1315
f 1304//1304 1317//1317 1151//1151
f 1304//1304 1154//1154 1316//1316
f 1269//1269 1302//1302 1303//1303
f 1303//1303 273//273 1285//1285
f 273//273 286//286 1282//1282
f 273//273 1282//1282 1285//1285
f 1302//1302 1269//1269 1301//1301
f 1289//1289 1287//1287 1298//1298
f 1289//1289 1298//1298 1300//1300
f 1284//1284 1286//1286 1299//1299
f 1284//1284 1299//1299 1296//1296
f 286//286 1291//1291 1274//1274
f 286//286 1274//1274 1282//1282
f 1287//1287 1288//1288 1297//1297
f 1287//1287 1297//1297 1298//1298
f 1288//1288 1290//1290 1295//1295
f 1288//1288 1295//1295 1297//1297
f 1293//1293 1283//1283 1284//1284
f 1293//1293 1284//1284 1296//1296
f 1279//1279 1294//1294 1295//1295
f 1279//1279 1295//1295 1290//1290
f 1280//1280 1292//1292 1294//1294
f 1280//1280 1294//1294 1279//1279
f 1283//1283 1293//1293 1292//1292
f 1283//1283 1292//1292 1280//1280
f 1286//1286 1273//1273 1274//1274
f 1286//1286 1274//1274 1291//1291
f 1276//1276 1290//1290 1288//1288
f 1270//1270 1271//1271 1287//1287
f 1270//1270 1287//1287 1289//1289
f 1271//1271 1276//1276 1288//1288
f 1271//1271 1288//1288 1287//1287
f 1272//1272 1273//1273 1286//1286
f 1272//1272 1286//1286 1284//1284
f 1314//1314 1278//1278 1281//1281
f 1314//1314 1281//1281 1266//1266
f 1278//1278 1303//1303 1285//1285
f 1278//1278 1285//1285 1281//1281
f 1278//1278 1269//1269 1303//1303
f 1257//1257 1301//1301 1269//1269
f 1272//1272 1284//1284 1283//1283
f 1272//1272 1283//1283 1277//1277
f 1277//1277 1283//1283 1280//1280
f 1277//1277 1280//1280 1275//1275
f 1266//1266 1281//1281 1265//1265
f 1281//1281 1285//1285 1282//1282
f 1281//1281 1282//1282 1265//1265
f 1275//1275 1280//1280 1279//1279
f 1275//1275 1279//1279 1267//1267
f 1267//1267 1279//1279 1290//1290
f 1267//1267 1290//1290 1263//1263
f 1258//1258 1269//1269 1278//1278
f 1258//1258 1278//1278 1314//1314
f 1262//1262 1272//1272 1277//1277
f 1262//1262 1277//1277 1268//1268
f 1275//1275 1264//1264 1268//1268
f 1275//1275 1268//1268 1277//1277
f 1276//1276 1263//1263 1290//1290
f 1264//1264 1275//1275 1267//1267
f 1264//1264 1267//1267 1252//1252
f 1273//1273 1260//1260 1265//1265
f 1273//1273 1265//1265 1274//1274
f 1272//1272 1262//1262 1260//1260
f 1272//1272 1260//1260 1273//1273
f 1259//1259 1271//1271 1270//1270
f 1258//1258 1257//1257 1269//1269
f 1267//1267 1263//1263 1256//1256
f 1267//1267 1256//1256 1252//1252
f 1266//1266 1265//1265 1260//1260
f 1253//1253 1256//1256 1263//1263
f 1253//1253 1263//1263 1276//1276
f 1262//1262 1249//1249 1251//1251
f 1262//1262 1251//1251 1260//1260
f 1249//1249 1262//1262 1268//1268
f 1261//1261 1260//1260 1254//1254
f 1261//1261 1254//1254 1255//1255
f 1259//1259 1248//1248 1271//1271
f 1268//1268 1264//1264 1244//1244
f 1268//1268 1244//1244 1249//1249
f 1260//1260 1251//1251 1254//1254
f 1248//1248 1253//1253 1276//1276
f 1242//1242 1257//1257 1258//1258
f 1242//1242 1258//1258 1243//1243
f 1255//1255 1254//1254 1250//1250
f 1244//1244 1264//1264 1252//1252
f 1244//1244 1252//1252 1239//1239
f 1248//1248 1259//1259 1245//1245
f 1252//1252 1256//1256 1236//1236
f 1252//1252 1236//1236 1239//1239
f 1254//1254 1251//1251 1240//1240
f 1254//1254 1240//1240 1241//1241
f 1251//1251 1249//1249 1238//1238
f 1251//1251 1238//1238 1240//1240
f 1254//1254 1246//1246 1250//1250
f 1238//1238 1249//1249 1237//1237
f 1232//1232 1234//1234 1242//1242
f 1234//1234 1215//1215 1247//1247
f 1234//1234 1247//1247 1242//1242
f 1256//1256 1253//1253 1229//1229
f 1256//1256 1229//1229 1236//1236
f 1249//1249 1244//1244 1233//1233
f 1249//1249 1233//1233 1237//1237
f 1233//1233 1244//1244 1239//1239
f 1233//1233 1239//1239 1228//1228
f 1235//1235 1246//1246 1241//1241
f 1232//1232 1242//1242 1243//1243
f 1253//1253 1248//1248 1227//1227
f 1253//1253 1227//1227 1229//1229
f 1238//1238 1226//1226 1235//1235
f 1238//1238 1235//1235 1240//1240
f 1239//1239 1236//1236 1224//1224
f 1239//1239 1224//1224 1228//1228
f 1248//1248 1245//1245 1225//1225
f 1248//1248 1225//1225 1227//1227
f 1226//1226 1238//1238 1237//1237
f 1226//1226 1237//1237 1221//1221
f 1231//1231 1246//1246 1235//1235
f 1231//1231 1235//1235 1230//1230
f 1237//1237 1233//1233 1223//1223
f 1237//1237 1223//1223 1221//1221
f 1236//1236 1229//1229 1220//1220
f 1236//1236 1220//1220 1224//1224
f 1226//1226 1230//1230 1235//1235
f 1234//1234 1222//1222 1218//1218
f 1222//1222 1234//1234 1232//1232
f 1219//1219 1223//1223 1233//1233
f 1219//1219 1233//1233 1228//1228
f 1232//1232 1310//1310 1222//1222
f 1229//1229 1227//1227 1217//1217
f 1229//1229 1217//1217 1220//1220
f 1215//1215 1234//1234 1218//1218
f 1228//1228 1224//1224 1216//1216
f 1228//1228 1216//1216 1219//1219
f 1227//1227 1225//1225 1214//1214
f 1227//1227 1214//1214 1217//1217
f 1213//1213 1246//1246 1231//1231
f 1213//1213 1231//1231 1200//1200
f 1230//1230 1226//1226 1200//1200
f 1200//1200 1231//1231 1230//1230
f 1224//1224 1220//1220 1211//1211
f 1224//1224 1211//1211 1216//1216
f 1219//1219 1210//1210 1212//1212
f 1219//1219 1212//1212 1223//1223
f 1221//1221 1223//1223 1212//1212
f 1188//1188 1209//1209 1222//1222
f 1197//1197 1188//1188 1222//1222
f 1197//1197 1222//1222 1310//1310
f 1222//1222 1209//1209 1218//1218
f 1207//1207 1221//1221 1212//1212
f 1220//1220 1217//1217 1205//1205
f 1220//1220 1205//1205 1211//1211
f 1219//1219 1216//1216 1206//1206
f 1219//1219 1206//1206 1210//1210
f 1196//1196 1215//1215 1218//1218
f 1226//1226 1221//1221 1207//1207
f 1202//1202 1205//1205 1217//1217
f 1202//1202 1217//1217 1214//1214
f 1204//1204 1206//1206 1216//1216
f 1204//1204 1216//1216 1211//1211
f 1210//1210 1199//1199 1212//1212
f 1203//1203 1204//1204 1211//1211
f 1203//1203 1211//1211 1205//1205
f 1207//1207 1212//1212 1199//1199
f 1384//1384 1213//1213 1201//1201
f 1384//1384 1201//1201 1208//1208
f 1363//1363 1208//1208 1201//1201
f 1207//1207 1193//1193 1226//1226
f 1218//1218 1209//1209 1189//1189
f 1218//1218 1189//1189 1196//1196
f 1198//1198 1203//1203 1205//1205
f 1198//1198 1205//1205 1202//1202
f 1200//1200 1226//1226 1193//1193
f 1200//1200 1193//1193 1192//1192
f 1210//1210 1206//1206 1195//1195
f 1210//1210 1195//1195 1194//1194
f 1201//1201 1200//1200 1192//1192
f 1210//1210 1194//1194 1199//1199
f 1203//1203 1190//1190 1204//1204
f 1191//1191 1207//1207 1199//1199
f 1191//1191 1199//1199 1194//1194
f 1190//1190 1184//1184 1195//1195
f 1190//1190 1195//1195 1204//1204
f 1197//1197 1185//1185 1188//1188
f 1189//1189 108//108 1196//1196
f 1193//1193 1207//1207 1191//1191
f 1209//1209 1188//1188 1182//1182
f 1194//1194 1195//1195 1184//1184
f 1198//1198 1190//1190 1203//1203
f 1194//1194 1184//1184 1183//1183
f 1182//1182 1180//1180 1209//1209
f 1209//1209 1180//1180 1189//1189
f 1201//1201 1192//1192 1347//1347
f 1181//1181 1190//1190 1198//1198
f 96//96 108//108 1189//1189
f 1163//1163 1183//1183 1184//1184
f 1178//1178 1193//1193 1191//1191
f 1178//1178 1191//1191 1183//1183
f 96//96 1189//1189 1180//1180
f 96//96 1180//1180 1172//1172
f 1185//1185 1173//1173 1177//1177
f 1185//1185 1177//1177 1188//1188
f 1173//1173 1186//1186 1187//1187
f 1173//1173 1185//1185 1186//1186
f 1177//1177 1171//1171 1182//1182
f 1177//1177 1182//1182 1188//1188
f 1176//1176 1192//1192 1193//1193
f 1176//1176 1193//1193 1178//1178
f 1163//1163 1178//1178 1183//1183
f 1347//1347 1192//1192 1176//1176
f 1184//1184 1190//1190 1179//1179
f 1184//1184 1179//1179 1162//1162
f 1170//1170 1180//1180 1182//1182
f 1170//1170 1182//1182 1171//1171
f 1166//1166 1190//1190 1181//1181
f 1178//1178 1156//1156 1176//1176
f 1175//1175 96//96 1172//1172
f 1165//1165 1172//1172 1180//1180
f 1165//1165 1180//1180 1170//1170
f 1178//1178 1163//1163 1153//1153
f 1173//1173 1167//1167 1147//1147
f 1173//1173 1147//1147 1177//1177
f 1162//1162 1163//1163 1184//1184
f 1323//1323 1347//1347 1176//1176
f 1323//1323 1176//1176 1169//1169
f 1176//1176 1156//1156 1169//1169
f 1167//1167 1173//1173 1174//1174
f 1167//1167 1174//1174 1168//1168
f 1171//1171 1177//1177 1147//1147
f 1171//1171 1147//1147 1161//1161
f 1179//1179 1190//1190 1166//1166
f 1162//1162 1179//1179 1160//1160
f 84//84 1175//1175 1141//1141
f 1172//1172 1165//1165 1157//1157
f 1172//1172 1157//1157 1175//1175
f 1156//1156 1178//1178 1153//1153
f 1171//1171 1161//1161 1170//1170
f 1166//1166 1155//1155 1140//1140
f 1164//1164 1162//1162 1160//1160
f 1152//1152 1165//1165 1170//1170
f 1152//1152 1170//1170 1161//1161
f 1141//1141 1175//1175 1157//1157
f 1323//1323 1169//1169 1150//1150
f 1156//1156 1149//1149 1169//1169
f 1167//1167 1146//1146 1147//1147
f 1161//1161 1147//1147 1158//1158
f 1146//1146 1167//1167 1168//1168
f 1146//1146 1168//1168 1154//1154
f 1323//1323 1150//1150 1151//1151
f 1140//1140 1139//1139 1179//1179
f 1140//1140 1179//1179 1166//1166
f 1159//1159 84//84 1136//1136
f 1165//1165 1152//1152 1141//1141
f 1165//1165 1141//1141 1157//1157
f 1136//1136 84//84 1141//1141
f 1163//1163 1162//1162 1164//1164
f 1150//1150 1169//1169 1149//1149
f 1158//1158 1147//1147 1129//1129
f 1156//1156 1153//1153 1149//1149
f 1158//1158 1152//1152 1161//1161
f 1137//1137 1140//1140 1155//1155
f 1144//1144 1150//1150 1149//1149
f 1154//1154 1304//1304 1145//1145
f 1148//1148 1146//1146 1154//1154
f 1148//1148 1154//1154 1145//1145
f 1147//1147 1138//1138 1129//1129
f 1139//1139 1134//1134 1160//1160
f 1139//1139 1160//1160 1179//1179
f 1153//1153 1164//1164 1143//1143
f 1153//1153 1143//1143 1149//1149
f 1145//1145 1142//1142 1148//1148
f 1152//1152 1158//1158 1132//1132
f 1152//1152 1132//1132 1141//1141
f 1145//1145 1304//1304 1151//1151
f 1145//1145 1151//1151 1144//1144
f 1150//1150 1144//1144 1151//1151
f 1143//1143 1144//1144 1149//1149
f 1146//1146 1148//1148 1138//1138
f 1146//1146 1138//1138 1147//1147
f 1145//1145 1144//1144 1142//1142
f 1144//1144 1143//1143 1142//1142
f 1133//1133 1143//1143 1164//1164
f 1143//1143 1133//1133 1135//1135
f 1143//1143 1135//1135 1142//1142
f 1121//1121 1136//1136 1141//1141
f 1121//1121 1141//1141 1132//1132
f 1137//1137 1128//1128 1139//1139
f 1137//1137 1139//1139 1140//1140
f 1142//1142 1130//1130 1148//1148
f 1160//1160 1134//1134 1133//1133
f 1160//1160 1133//1133 1164//1164
f 1123//1123 1129//1129 1138//1138
f 1132//1132 1158//1158 1120//1120
f 1128//1128 1126//1126 1134//1134
f 1128//1128 1134//1134 1139//1139
f 1135//1135 1125//1125 1130//1130
f 1135//1135 1130//1130 1142//1142
f 1130//1130 1123//1123 1138//1138
f 1130//1130 1138//1138 1148//1148
f 1136//1136 1118//1118 1159//1159
f 1121//1121 1111//1111 1136//1136
f 1129//1129 1120//1120 1158//1158
f 1133//1133 1127//1127 1135//1135
f 1134//1134 1126//1126 1127//1127
f 1134//1134 1127//1127 1133//1133
f 1118//1118 1122//1122 1159//1159
f 1131//1131 1124//1124 1128//1128
f 1131//1131 1128//1128 1137//1137
f 1131//1131 1116//1116 1124//1124
f 1125//1125 1123//1123 1130//1130
f 1123//1123 1120//1120 1129//1129
f 1124//1124 1126//1126 1128//1128
f 1127//1127 1125//1125 1135//1135
f 1132//1132 1120//1120 1119//1119
f 1132//1132 1119//1119 1121//1121
f 1118//1118 1136//1136 1111//1111
f 1125//1125 1127//1127 1117//1117
f 1124//1124 1116//1116 1112//1112
f 1124//1124 1112//1112 1113//1113
f 1117//1117 1120//1120 1123//1123
f 1117//1117 1123//1123 1125//1125
f 1113//1113 1126//1126 1124//1124
f 1113//1113 1117//1117 1126//1126
f 1126//1126 1117//1117 1127//1127
f 1117//1117 1119//1119 1120//1120
f 1121//1121 1107//1107 1111//1111
f 1119//1119 1117//1117 1115//1115
f 1110//1110 1117//1117 1113//1113
f 1114//1114 1110//1110 1113//1113
f 1122//1122 1118//1118 1107//1107
f 1117//1117 1110//1110 1115//1115
f 1113//1113 1112//1112 1114//1114
f 1121//1121 1108//1108 1107//1107
f 1118//1118 1111//1111 1107//1107
f 1119//1119 1108//1108 1121//1121
f 1108//1108 1119//1119 1115//1115
f 1110//1110 1114//1114 1109//1109
f 1110//1110 1109//1109 1115//1115
f 1108//1108 1115//1115 1109//1109
f 1401//1401 1419//1419 1250//1250
f 1432//1432 1411//1411 1405//1405
f 1419//1419 1413//1413 1410//1410
f 1404//1404 1397//1397 1402//1402
f 1408//1408 1389//1389 1405//1405
f 1370//1370 1364//1364 1358//1358
f 1338//1338 1341//1341 1332//1332
f 1334//1334 1326//1326 1332//1332
f 1330//1330 1327//1327 1333//1333
f 1437//1437 1435//1435 1433//1433
f 1437//1437 1433//1433 1434//1434
f 1437//1437 1436//1436 1435//1435
f 1435//1435 1418//1418 1433//1433
f 1434//1434 1433//1433 1432//1432
f 1261//1261 1422//1422 1436//1436
f 1435//1435 1436//1436 1431//1431
f 1433//1433 1428//1428 1432//1432
f 1431//1431 1418//1418 1435//1435
f 1422//1422 1431//1431 1436//1436
f 1433//1433 1418//1418 1430//1430
f 1434//1434 1432//1432 1395//1395
f 1415//1415 1420//1420 1421//1421
f 1500//1500 1415//1415 1501//1501
f 1501//1501 1415//1415 1421//1421
f 1414//1414 1428//1428 1433//1433
f 1414//1414 1433//1433 1430//1430
f 1432//1432 1428//1428 1411//1411
f 1250//1250 1419//1419 1422//1422
f 1250//1250 1422//1422 1261//1261
f 1431//1431 1422//1422 1412//1412
f 1423//1423 1430//1430 1418//1418
f 1400//1400 1420//1420 1415//1415
f 1429//1429 1420//1420 1427//1427
f 1427//1427 1420//1420 1417//1417
f 1501//1501 1421//1421 1494//1494
f 1429//1429 1402//1402 1420//1420
f 1421//1421 1420//1420 1402//1402
f 1429//1429 1416//1416 1407//1407
f 1427//1427 1416//1416 1429//1429
f 1426//1426 1424//1424 1416//1416
f 1423//1423 1424//1424 1426//1426
f 1425//1425 1426//1426 1416//1416
f 1425//1425 1416//1416 1427//1427
f 1425//1425 1430//1430 1423//1423
f 1425//1425 1423//1423 1426//1426
f 1431//1431 1412//1412 1418//1418
f 1417//1417 1425//1425 1427//1427
f 1414//1414 1430//1430 1425//1425
f 1414//1414 1425//1425 1417//1417
f 1395//1395 1432//1432 1405//1405
f 1420//1420 1400//1400 1417//1417
f 1402//1402 1429//1429 1407//1407
f 1411//1411 1428//1428 1414//1414
f 1411//1411 1414//1414 1406//1406
f 1394//1394 1415//1415 1500//1500
f 1394//1394 1500//1500 1487//1487
f 1409//1409 1423//1423 1418//1418
f 1409//1409 1418//1418 1412//1412
f 1406//1406 1417//1417 1400//1400
f 1424//1424 1423//1423 1409//1409
f 1424//1424 1409//1409 1407//1407
f 1424//1424 1407//1407 1416//1416
f 1394//1394 1400//1400 1415//1415
f 1422//1422 1419//1419 1410//1410
f 1422//1422 1410//1410 1412//1412
f 1421//1421 1402//1402 1393//1393
f 1406//1406 1414//1414 1417//1417
f 1401//1401 1413//1413 1419//1419
f 1421//1421 1393//1393 1484//1484
f 1421//1421 1484//1484 1494//1494
f 1410//1410 1413//1413 1398//1398
f 1411//1411 1408//1408 1405//1405
f 1408//1408 1411//1411 1403//1403
f 1410//1410 1404//1404 1409//1409
f 1410//1410 1409//1409 1412//1412
f 1409//1409 1404//1404 1407//1407
f 1400//1400 1399//1399 1406//1406
f 1404//1404 1402//1402 1407//1407
f 1403//1403 1411//1411 1406//1406
f 1404//1404 1410//1410 1398//1398
f 1402//1402 1397//1397 1393//1393
f 1404//1404 1396//1396 1397//1397
f 1406//1406 1399//1399 1403//1403
f 1482//1482 1394//1394 1487//1487
f 1379//1379 1400//1400 1394//1394
f 1396//1396 1404//1404 1398//1398
f 1400//1400 1379//1379 1399//1399
f 1384//1384 1401//1401 1213//1213
f 1393//1393 1397//1397 1390//1390
f 1403//1403 1386//1386 1389//1389
f 1403//1403 1389//1389 1408//1408
f 1405//1405 1389//1389 1391//1391
f 1405//1405 1391//1391 1395//1395
f 1401//1401 1384//1384 1413//1413
f 1413//1413 1387//1387 1398//1398
f 1403//1403 1399//1399 1386//1386
f 1387//1387 1388//1388 1398//1398
f 1390//1390 1397//1397 1396//1396
f 1396//1396 1388//1388 1390//1390
f 1388//1388 1396//1396 1398//1398
f 1392//1392 1395//1395 1391//1391
f 1462//1462 1394//1394 1482//1482
f 1462//1462 1379//1379 1394//1394
f 1376//1376 1399//1399 1379//1379
f 1479//1479 1393//1393 1469//1469
f 1390//1390 1383//1383 1469//1469
f 1390//1390 1469//1469 1393//1393
f 1413//1413 1384//1384 1387//1387
f 1381//1381 1386//1386 1399//1399
f 1381//1381 1399//1399 1376//1376
f 1390//1390 1385//1385 1383//1383
f 1385//1385 1390//1390 1388//1388
f 1386//1386 1380//1380 1389//1389
f 1387//1387 1384//1384 1385//1385
f 1387//1387 1385//1385 1388//1388
f 1380//1380 1386//1386 1381//1381
f 1364//1364 1379//1379 1462//1462
f 1383//1383 1378//1378 1469//1469
f 1379//1379 1370//1370 1376//1376
f 1469//1469 1378//1378 1466//1466
f 1377//1377 1383//1383 1385//1385
f 1385//1385 1384//1384 1372//1372
f 1385//1385 1372//1372 1377//1377
f 1376//1376 1375//1375 1381//1381
f 1466//1466 1378//1378 1463//1463
f 1383//1383 1373//1373 1374//1374
f 1383//1383 1374//1374 1378//1378
f 1208//1208 1372//1372 1384//1384
f 1383//1383 1371//1371 1373//1373
f 1391//1391 1367//1367 1368//1368
f 1391//1391 1368//1368 1382//1382
f 1389//1389 1367//1367 1391//1391
f 1380//1380 1366//1366 1367//1367
f 1380//1380 1367//1367 1389//1389
f 1377//1377 1371//1371 1383//1383
f 1381//1381 1375//1375 1366//1366
f 1381//1381 1366//1366 1380//1380
f 1364//1364 1462//1462 1448//1448
f 1370//1370 1379//1379 1364//1364
f 1378//1378 1362//1362 1463//1463
f 1378//1378 1374//1374 1362//1362
f 1370//1370 1375//1375 1376//1376
f 1372//1372 1360//1360 1377//1377
f 1357//1357 1374//1374 1373//1373
f 1357//1357 1373//1373 1365//1365
f 1374//1374 1357//1357 1362//1362
f 1360//1360 1371//1371 1377//1377
f 1365//1365 1373//1373 1351//1351
f 1363//1363 1360//1360 1372//1372
f 1463//1463 1362//1362 1441//1441
f 1375//1375 1370//1370 1369//1369
f 1373//1373 1371//1371 1351//1351
f 1442//1442 1364//1364 1448//1448
f 1363//1363 1372//1372 1208//1208
f 1369//1369 1359//1359 1375//1375
f 1375//1375 1359//1359 1355//1355
f 1375//1375 1355//1355 1366//1366
f 1370//1370 1358//1358 1348//1348
f 1368//1368 1367//1367 1353//1353
f 1368//1368 1353//1353 1354//1354
f 1367//1367 1352//1352 1353//1353
f 1352//1352 1367//1367 1366//1366
f 1352//1352 1366//1366 1355//1355
f 1362//1362 1357//1357 1356//1356
f 1348//1348 1369//1369 1370//1370
f 1356//1356 1357//1357 1361//1361
f 1441//1441 1362//1362 1356//1356
f 1360//1360 1363//1363 1335//1335
f 1358//1358 1364//1364 1442//1442
f 1361//1361 1357//1357 1365//1365
f 1369//1369 1348//1348 1340//1340
f 1360//1360 1344//1344 1351//1351
f 1360//1360 1351//1351 1371//1371
f 1347//1347 1335//1335 1363//1363
f 1369//1369 1342//1342 1359//1359
f 1361//1361 1365//1365 1351//1351
f 1361//1361 1351//1351 1334//1334
f 1361//1361 1345//1345 1356//1356
f 1349//1349 1344//1344 1360//1360
f 1438//1438 1358//1358 1442//1442
f 1350//1350 1358//1358 1438//1438
f 1342//1342 1337//1337 1355//1355
f 1342//1342 1355//1355 1359//1359
f 1350//1350 1438//1438 1356//1356
f 1340//1340 1348//1348 1343//1343
f 1345//1345 1350//1350 1356//1356
f 1346//1346 1348//1348 1358//1358
f 1346//1346 1358//1358 1350//1350
f 1349//1349 1360//1360 1335//1335
f 1336//1336 1352//1352 1355//1355
f 1336//1336 1355//1355 1337//1337
f 1353//1353 1336//1336 1305//1305
f 1353//1353 1305//1305 1354//1354
f 1352//1352 1336//1336 1353//1353
f 1361//1361 1341//1341 1345//1345
f 1346//1346 1350//1350 1345//1345
f 1346//1346 1339//1339 1343//1343
f 1346//1346 1343//1343 1348//1348
f 1338//1338 1345//1345 1341//1341
f 1340//1340 1342//1342 1369//1369
f 1343//1343 1333//1333 1340//1340
f 1344//1344 1334//1334 1351//1351
f 1345//1345 1339//1339 1346//1346
f 1345//1345 1338//1338 1339//1339
f 1341//1341 1361//1361 1334//1334
f 1344//1344 1349//1349 1320//1320
f 1335//1335 1320//1320 1349//1349
f 1343//1343 1339//1339 1330//1330
f 1343//1343 1330//1330 1333//1333
f 1329//1329 1337//1337 1342//1342
f 1333//1333 1342//1342 1340//1340
f 1329//1329 1328//1328 1337//1337
f 1332//1332 1341//1341 1334//1334
f 1328//1328 1336//1336 1337//1337
f 1336//1336 1328//1328 1318//1318
f 1305//1305 1336//1336 1318//1318
f 1323//1323 1320//1320 1335//1335
f 1323//1323 1335//1335 1347//1347
f 1326//1326 1334//1334 1344//1344
f 1338//1338 1332//1332 1331//1331
f 1338//1338 1331//1331 1339//1339
f 1331//1331 1330//1330 1339//1339
f 1333//1333 1327//1327 1329//1329
f 1333//1333 1329//1329 1342//1342
f 1322//1322 1326//1326 1344//1344
f 1322//1322 1344//1344 1320//1320
f 1332//1332 1326//1326 1324//1324
f 1317//1317 1320//1320 1323//1323
f 1331//1331 1332//1332 1324//1324
f 1331//1331 1324//1324 1325//1325
f 1327//1327 1330//1330 1331//1331
f 1327//1327 1331//1331 1325//1325
f 1327//1327 1321//1321 1328//1328
f 1327//1327 1328//1328 1329//1329
f 1320//1320 1319//1319 1322//1322
f 1328//1328 1321//1321 1316//1316
f 1328//1328 1316//1316 1318//1318
f 1325//1325 1321//1321 1327//1327
f 1322//1322 1325//1325 1324//1324
f 1322//1322 1324//1324 1326//1326
f 1319//1319 1325//1325 1322//1322
f 1319//1319 1321//1321 1325//1325
f 1319//1319 1320//1320 1317//1317
f 1321//1321 1319//1319 1315//1315
f 1321//1321 1315//1315 1316//1316
f 1573//1573 1572//1572 1530//1530
f 1531//1531 1524//1524 1521//1521
f 1530//1530 1533//1533 1534//1534
f 1534//1534 1533//1533 1532//1532
f 1533//1533 1530//1530 1531//1531
f 1526//1526 1532//1532 1533//1533
f 1534//1534 1527//1527 1522//1522
f 1527//1527 1534//1534 1532//1532
f 1534//1534 1522//1522 1573//1573
f 1530//1530 1534//1534 1573//1573
f 1532//1532 1526//1526 1528//1528
f 1526//1526 1533//1533 1531//1531
f 1532//1532 1525//1525 1527//1527
f 1529//1529 1526//1526 1489//1489
f 1524//1524 1531//1531 1530//1530
f 1528//1528 1526//1526 1529//1529
f 1524//1524 1530//1530 1572//1572
f 1528//1528 1525//1525 1532//1532
f 1526//1526 1531//1531 1523//1523
f 1528//1528 1529//1529 1488//1488
f 1517//1517 1522//1522 1527//1527
f 1489//1489 1526//1526 1523//1523
f 1525//1525 1528//1528 1520//1520
f 1488//1488 1520//1520 1528//1528
f 1523//1523 1531//1531 1521//1521
f 1523//1523 1521//1521 1519//1519
f 1572//1572 1562//1562 1524//1524
f 1517//1517 1527//1527 1525//1525
f 1571//1571 1522//1522 1517//1517
f 1518//1518 1520//1520 1488//1488
f 1525//1525 1514//1514 1517//1517
f 1514//1514 1525//1525 1520//1520
f 1524//1524 1562//1562 1515//1515
f 1511//1511 1524//1524 1515//1515
f 1517//1517 1508//1508 1571//1571
f 1524//1524 1511//1511 1521//1521
f 1521//1521 1511//1511 1467//1467
f 1521//1521 1467//1467 1519//1519
f 1514//1514 1520//1520 1516//1516
f 1520//1520 1518//1518 1516//1516
f 1518//1518 1472//1472 1516//1516
f 1514//1514 1510//1510 1517//1517
f 1510//1510 1508//1508 1517//1517
f 1570//1570 1571//1571 1508//1508
f 1513//1513 1516//1516 1472//1472
f 1513//1513 1512//1512 1516//1516
f 1514//1514 1516//1516 1512//1512
f 1514//1514 1512//1512 1510//1510
f 1515//1515 1562//1562 1561//1561
f 1467//1467 1511//1511 1456//1456
f 1513//1513 1470//1470 1460//1460
f 1513//1513 1460//1460 1509//1509
f 1511//1511 1506//1506 1456//1456
f 1509//1509 1505//1505 1512//1512
f 1509//1509 1512//1512 1513//1513
f 1559//1559 1506//1506 1515//1515
f 1559//1559 1515//1515 1561//1561
f 1515//1515 1506//1506 1511//1511
f 1458//1458 1509//1509 1460//1460
f 1508//1508 1503//1503 1570//1570
f 1458//1458 1505//1505 1509//1509
f 1505//1505 1510//1510 1512//1512
f 1458//1458 1452//1452 1507//1507
f 1507//1507 1452//1452 1457//1457
f 1457//1457 1456//1456 1504//1504
f 1457//1457 1504//1504 1507//1507
f 1456//1456 1506//1506 1504//1504
f 1507//1507 1504//1504 1505//1505
f 1507//1507 1505//1505 1458//1458
f 1506//1506 1559//1559 1569//1569
f 1506//1506 1502//1502 1504//1504
f 1503//1503 1569//1569 1570//1570
f 1510//1510 1503//1503 1508//1508
f 1505//1505 1502//1502 1510//1510
f 1502//1502 1505//1505 1504//1504
f 1569//1569 1503//1503 1502//1502
f 1502//1502 1506//1506 1569//1569
f 1510//1510 1502//1502 1503//1503
f 1501//1501 1499//1499 1500//1500
f 1501//1501 1498//1498 1499//1499
f 1498//1498 1501//1501 1494//1494
f 1493//1493 1498//1498 1497//1497
f 1499//1499 1498//1498 1493//1493
f 1499//1499 1493//1493 1491//1491
f 1499//1499 1487//1487 1500//1500
f 1490//1490 1495//1495 1529//1529
f 1489//1489 1490//1490 1529//1529
f 1496//1496 1485//1485 1491//1491
f 1496//1496 1491//1491 1493//1493
f 1490//1490 1485//1485 1496//1496
f 1492//1492 1495//1495 1490//1490
f 1492//1492 1490//1490 1496//1496
f 1496//1496 1493//1493 1492//1492
f 1498//1498 1494//1494 1497//1497
f 1481//1481 1487//1487 1499//1499
f 1481//1481 1499//1499 1491//1491
f 1490//1490 1489//1489 1485//1485
f 1529//1529 1486//1486 1488//1488
f 1481//1481 1491//1491 1485//1485
f 1484//1484 1497//1497 1494//1494
f 1486//1486 1495//1495 1492//1492
f 1486//1486 1529//1529 1495//1495
f 1492//1492 1493//1493 1497//1497
f 1483//1483 1489//1489 1523//1523
f 1482//1482 1487//1487 1481//1481
f 1492//1492 1497//1497 1478//1478
f 1478//1478 1486//1486 1492//1492
f 1485//1485 1489//1489 1483//1483
f 1485//1485 1483//1483 1480//1480
f 1481//1481 1485//1485 1480//1480
f 1484//1484 1393//1393 1479//1479
f 1484//1484 1479//1479 1477//1477
f 1477//1477 1497//1497 1484//1484
f 1478//1478 1497//1497 1477//1477
f 1519//1519 1483//1483 1523//1523
f 1518//1518 1488//1488 1486//1486
f 1482//1482 1473//1473 1462//1462
f 1473//1473 1482//1482 1481//1481
f 1478//1478 1518//1518 1486//1486
f 1473//1473 1481//1481 1474//1474
f 1480//1480 1474//1474 1481//1481
f 1477//1477 1471//1471 1478//1478
f 1479//1479 1469//1469 1466//1466
f 1475//1475 1477//1477 1479//1479
f 1475//1475 1479//1479 1466//1466
f 1518//1518 1476//1476 1472//1472
f 1476//1476 1518//1518 1478//1478
f 1472//1472 1470//1470 1513//1513
f 1471//1471 1476//1476 1478//1478
f 1519//1519 1467//1467 1483//1483
f 1477//1477 1475//1475 1471//1471
f 1483//1483 1467//1467 1474//1474
f 1483//1483 1474//1474 1480//1480
f 1464//1464 1475//1475 1466//1466
f 1474//1474 1448//1448 1473//1473
f 1473//1473 1448//1448 1462//1462
f 1471//1471 1475//1475 1464//1464
f 1468//1468 1470//1470 1472//1472
f 1468//1468 1472//1472 1476//1476
f 1466//1466 1463//1463 1464//1464
f 1468//1468 1459//1459 1470//1470
f 1454//1454 1459//1459 1468//1468
f 1465//1465 1468//1468 1476//1476
f 1465//1465 1476//1476 1471//1471
f 1467//1467 1461//1461 1474//1474
f 1470//1470 1459//1459 1460//1460
f 1464//1464 1465//1465 1471//1471
f 1474//1474 1461//1461 1445//1445
f 1465//1465 1454//1454 1468//1468
f 1454//1454 1465//1465 1464//1464
f 1454//1454 1464//1464 1449//1449
f 1467//1467 1456//1456 1461//1461
f 1455//1455 1458//1458 1460//1460
f 1455//1455 1460//1460 1459//1459
f 1457//1457 1453//1453 1456//1456
f 1455//1455 1452//1452 1458//1458
f 1452//1452 1453//1453 1457//1457
f 1453//1453 1461//1461 1456//1456
f 1455//1455 1451//1451 1452//1452
f 1450//1450 1455//1455 1459//1459
f 1451//1451 1453//1453 1452//1452
f 1464//1464 1441//1441 1449//1449
f 1445//1445 1444//1444 1474//1474
f 1459//1459 1454//1454 1450//1450
f 1451//1451 1455//1455 1450//1450
f 1454//1454 1446//1446 1450//1450
f 1461//1461 1453//1453 1445//1445
f 1474//1474 1444//1444 1448//1448
f 1443//1443 1446//1446 1454//1454
f 1443//1443 1454//1454 1449//1449
f 1463//1463 1441//1441 1464//1464
f 1453//1453 1451//1451 1447//1447
f 1453//1453 1447//1447 1445//1445
f 1451//1451 1450//1450 1446//1446
f 1448//1448 1444//1444 1442//1442
f 1451//1451 1446//1446 1447//1447
f 1439//1439 1443//1443 1449//1449
f 1445//1445 1447//1447 1444//1444
f 1441//1441 1356//1356 1449//1449
f 1444//1444 1447//1447 1440//1440
f 1447//1447 1446//1446 1443//1443
f 1447//1447 1443//1443 1440//1440
f 1439//1439 1449//1449 1356//1356
f 1443//1443 1439//1439 1440//1440
f 1444//1444 1440//1440 1442//1442
f 1440//1440 1438//1438 1442//1442
f 1440//1440 1439//1439 1438//1438
f 1438//1438 1439//1439 1356//1356
f 1573//1573 1522//1522 1566//1566
f 1573//1573 1567//1567 1572//1572
f 1562//1562 1572//1572 1567//1567
f 1571//1571 1563//1563 1566//1566
f 1571//1571 1566//1566 1522//1522
f 1570//1570 1563//1563 1571//1571
f 1570//1570 1558//1558 1563//1563
f 1558//1558 1569//1569 1559//1559
f 1570//1570 1569//1569 1558//1558
f 1542//1542 1568//1568 1538//1538
f 1573//1573 1566//1566 1568//1568
f 1547//1547 1538//1538 1568//1568
f 1567//1567 1573//1573 1568//1568
f 1567//1567 1568//1568 1542//1542
f 1566//1566 1547//1547 1568//1568
f 1565//1565 1547//1547 1566//1566
f 1562//1562 1567//1567 1564//1564
f 1567//1567 1542//1542 1564//1564
f 1566//1566 1563//1563 1565//1565
f 1564//1564 1541//1541 1562//1562
f 1563//1563 1555//1555 1565//1565
f 1562//1562 1541//1541 1561//1561
f 1563//1563 1560//1560 1555//1555
f 1559//1559 1561//1561 1540//1540
f 1541//1541 1540//1540 1561//1561
f 1555//1555 1560//1560 1556//1556
f 1563//1563 1558//1558 1560//1560
f 1558//1558 1559//1559 1540//1540
f 1558//1558 1540//1540 1557//1557
f 1558//1558 1557//1557 1560//1560
f 1560//1560 1536//1536 1556//1556
f 1555//1555 1556//1556 1551//1551
f 1551//1551 1550//1550 1565//1565
f 1551//1551 1565//1565 1555//1555
f 1548//1548 1565//1565 1550//1550
f 1547//1547 1565//1565 1548//1548
f 1545//1545 1575//1575 1539//1539
f 1545//1545 1546//1546 1578//1578
f 1544//1544 1543//1543 1576//1576
f 1540//1540 1554//1554 1553//1553
f 1537//1537 1540//1540 1553//1553
f 1536//1536 1535//1535 1552//1552
f 1556//1556 1536//1536 1552//1552
f 1551//1551 1556//1556 1552//1552
f 1551//1551 1552//1552 1580//1580
f 1580//1580 1609//1609 1550//1550
f 1580//1580 1550//1550 1551//1551
f 1550//1550 1609//1609 1574//1574
f 1548//1548 1550//1550 1574//1574
f 1548//1548 1574//1574 1549//1549
f 1546//1546 1547//1547 1548//1548
f 1546//1546 1548//1548 1549//1549
f 1538//1538 1547//1547 1546//1546
f 1546//1546 1545//1545 1538//1538
f 1539//1539 1538//1538 1545//1545
f 1543//1543 1539//1539 1576//1576
f 1564//1564 1543//1543 1544//1544
f 1564//1564 1544//1544 1541//1541
f 1543//1543 1542//1542 1539//1539
f 1543//1543 1564//1564 1542//1542
f 1554//1554 1541//1541 1544//1544
f 1540//1540 1541//1541 1554//1554
f 1540//1540 1537//1537 1536//1536
f 1536//1536 1557//1557 1540//1540
f 1542//1542 1538//1538 1539//1539
f 1537//1537 1535//1535 1536//1536
f 1557//1557 1536//1536 1560//1560
f 1582//1582 1576//1576 1588//1588
f 1582//1582 1612//1612 1554//1554
f 1553//1553 1554//1554 1612//1612
f 1553//1553 1612//1612 1590//1590
f 1537//1537 1553//1553 1590//1590
f 1537//1537 1590//1590 1613//1613
f 1535//1535 1537//1537 1613//1613
f 1535//1535 1613//1613 1608//1608
f 1577//1577 1611//1611 1575//1575
f 1598//1598 1587//1587 1575//1575
f 1575//1575 1611//1611 1598//1598
f 1587//1587 1576//1576 1575//1575
f 1576//1576 1587//1587 1588//1588
f 1582//1582 1554//1554 1544//1544
f 1576//1576 1582//1582 1544//1544
f 1575//1575 1576//1576 1539//1539
f 1577//1577 1575//1575 1545//1545
f 1578//1578 1577//1577 1545//1545
f 1579//1579 1578//1578 1546//1546
f 1579//1579 1546//1546 1549//1549
f 1549//1549 1610//1610 1579//1579
f 1574//1574 1610//1610 1549//1549
f 1581//1581 1580//1580 1552//1552
f 1608//1608 1581//1581 1552//1552
f 1535//1535 1608//1608 1552//1552
f 1607//1607 1601//1601 1606//1606
f 1606//1606 1602//1602 1605//1605
f 1597//1597 1606//1606 1601//1601
f 1603//1603 1594//1594 1597//1597
f 1601//1601 1594//1594 1603//1603
f 1601//1601 1584//1584 1594//1594
f 1601//1601 1610//1610 1584//1584
f 1597//1597 1592//1592 1596//1596
f 1597//1597 1596//1596 1602//1602
f 1597//1597 1583//1583 1593//1593
f 1594//1594 1583//1583 1597//1597
f 1597//1597 1593//1593 1591//1591
f 1597//1597 1591//1591 1592//1592
f 1596//1596 1592//1592 1590//1590
f 1590//1590 1589//1589 1596//1596
f 1596//1596 1589//1589 1605//1605
f 1602//1602 1596//1596 1605//1605
f 1587//1587 1605//1605 1588//1588
f 1605//1605 1587//1587 1598//1598
f 1595//1595 1598//1598 1611//1611
f 1595//1595 1611//1611 1586//1586
f 1595//1595 1586//1586 1600//1600
f 1600//1600 1586//1586 1585//1585
f 1600//1600 1585//1585 1604//1604
f 1585//1585 1610//1610 1604//1604
f 1594//1594 1584//1584 1583//1583
f 1583//1583 1581//1581 1593//1593
f 1608//1608 1593//1593 1581//1581
f 1593//1593 1608//1608 1591//1591
f 1613//1613 1591//1591 1608//1608
f 1591//1591 1613//1613 1592//1592
f 1590//1590 1592//1592 1613//1613
f 1612//1612 1589//1589 1590//1590
f 1589//1589 1612//1612 1582//1582
f 1589//1589 1582//1582 1605//1605
f 1588//1588 1605//1605 1582//1582
f 1611//1611 1577//1577 1586//1586
f 1578//1578 1586//1586 1577//1577
f 1579//1579 1585//1585 1586//1586
f 1579//1579 1586//1586 1578//1578
f 1585//1585 1579//1579 1610//1610
f 1574//1574 1584//1584 1610//1610
f 1584//1584 1574//1574 1609//1609
f 1609//1609 1580//1580 1584//1584
f 1584//1584 1580//1580 1581//1581
f 1584//1584 1581//1581 1583//1583
f 1595//1595 1600//1600 1599//1599
f 1598//1598 1595//1595 1599//1599
f 1604//1604 1607//1607 1599//1599
f 1607//1607 1606//1606 1599//1599
f 1605//1605 1599//1599 1606//1606
f 1601//1601 1607//1607 1604//1604
f 1604//1604 1610//1610 1601//1601
f 1597//1597 1601//1601 1603//1603
f 1606//1606 1597//1597 1602//1602
f 1599//1599 1605//1605 1598//1598
f 1604//1604 1599//1599 1600//1600
f 1717//1717 1724//1724 1720//1720
f 1709//1709 1710//1710 1712//1712
f 1698//1698 1696//1696 1691//1691
f 1695//1695 1691//1691 1685//1685
f 1688//1688 1687//1687 1693//1693
f 1683//1683 1684//1684 1687//1687
f 1680//1680 1679//1679 1684//1684
f 1678//1678 1673//1673 1675//1675
f 1668//1668 1676//1676 1670//1670
f 1666//1666 1670//1670 1667//1667
f 1660//1660 1653//1653 1657//1657
f 1655//1655 1650//1650 1653//1653
f 2151//2151 2150//2150 1728//1728
f 2151//2151 1728//1728 1805//1805
f 1725//1725 1803//1803 1804//1804
f 1725//1725 1804//1804 1740//1740
f 1802//1802 1805//1805 1740//1740
f 1802//1802 1740//1740 1804//1804
f 1802//1802 2265//2265 2151//2151
f 1802//1802 2151//2151 1805//1805
f 1800//1800 1801//1801 1804//1804
f 1800//1800 1804//1804 1803//1803
f 1804//1804 1801//1801 1799//1799
f 1802//1802 1804//1804 1799//1799
f 1799//1799 2265//2265 1802//1802
f 1797//1797 1799//1799 1801//1801
f 1797//1797 1801//1801 1798//1798
f 1795//1795 1798//1798 1801//1801
f 1795//1795 1801//1801 1800//1800
f 1799//1799 1797//1797 1796//1796
f 2257//2257 2265//2265 1799//1799
f 2257//2257 1799//1799 1796//1796
f 1798//1798 1792//1792 1794//1794
f 1798//1798 1794//1794 1797//1797
f 1793//1793 1797//1797 1794//1794
f 1793//1793 1796//1796 1797//1797
f 1795//1795 1791//1791 1792//1792
f 1795//1795 1792//1792 1798//1798
f 1793//1793 2252//2252 2257//2257
f 1793//1793 2257//2257 1796//1796
f 1790//1790 1793//1793 1794//1794
f 1790//1790 1794//1794 1789//1789
f 1789//1789 1794//1794 1792//1792
f 1789//1789 1792//1792 1787//1787
f 1793//1793 1790//1790 1788//1788
f 1791//1791 1786//1786 1787//1787
f 1791//1791 1787//1787 1792//1792
f 1788//1788 2252//2252 1793//1793
f 1790//1790 1789//1789 1784//1784
f 1790//1790 1784//1784 1785//1785
f 1789//1789 1783//1783 1784//1784
f 1788//1788 1790//1790 1785//1785
f 1787//1787 1782//1782 1783//1783
f 1787//1787 1783//1783 1789//1789
f 2235//2235 1788//1788 1785//1785
f 1787//1787 1786//1786 1781//1781
f 1787//1787 1781//1781 1782//1782
f 2235//2235 1785//1785 2213//2213
f 1785//1785 1780//1780 2213//2213
f 1785//1785 1784//1784 1779//1779
f 1785//1785 1779//1779 1780//1780
f 1784//1784 1783//1783 1779//1779
f 1779//1779 1783//1783 1782//1782
f 1781//1781 1778//1778 1782//1782
f 1778//1778 1775//1775 1782//1782
f 1777//1777 2201//2201 2213//2213
f 1777//1777 2213//2213 1780//1780
f 1775//1775 1779//1779 1782//1782
f 1780//1780 1776//1776 1777//1777
f 1775//1775 1776//1776 1779//1779
f 1776//1776 1780//1780 1779//1779
f 1773//1773 2201//2201 1777//1777
f 1774//1774 1771//1771 1775//1775
f 1774//1774 1775//1775 1778//1778
f 1772//1772 1773//1773 1777//1777
f 1772//1772 1777//1777 1776//1776
f 1775//1775 1771//1771 1770//1770
f 1770//1770 1772//1772 1776//1776
f 1770//1770 1776//1776 1775//1775
f 1768//1768 1769//1769 1773//1773
f 1768//1768 1773//1773 1772//1772
f 1774//1774 1766//1766 1765//1765
f 1774//1774 1765//1765 1771//1771
f 1768//1768 1772//1772 1770//1770
f 1768//1768 1770//1770 1767//1767
f 1767//1767 1770//1770 1771//1771
f 1767//1767 1771//1771 1765//1765
f 1769//1769 1764//1764 2186//2186
f 1764//1764 1769//1769 1768//1768
f 1764//1764 1768//1768 1763//1763
f 1763//1763 1768//1768 1767//1767
f 1762//1762 1763//1763 1767//1767
f 1765//1765 1762//1762 1767//1767
f 1766//1766 1761//1761 1762//1762
f 1766//1766 1762//1762 1765//1765
f 2180//2180 2186//2186 1764//1764
f 1760//1760 2180//2180 1764//1764
f 1763//1763 1760//1760 1764//1764
f 1760//1760 1763//1763 1759//1759
f 1759//1759 1763//1763 1762//1762
f 1762//1762 1761//1761 1758//1758
f 1762//1762 1758//1758 1759//1759
f 2180//2180 1760//1760 2176//2176
f 1757//1757 2176//2176 1760//1760
f 1757//1757 1760//1760 1759//1759
f 1759//1759 1756//1756 1757//1757
f 1759//1759 1758//1758 1754//1754
f 1759//1759 1754//1754 1756//1756
f 2176//2176 1755//1755 2175//2175
f 1757//1757 1645//1645 1755//1755
f 1757//1757 1755//1755 2176//2176
f 1645//1645 1757//1757 1756//1756
f 1645//1645 1756//1756 1638//1638
f 1646//1646 2175//2175 1755//1755
f 1646//1646 1755//1755 1644//1644
f 1754//1754 1638//1638 1756//1756
f 1645//1645 1640//1640 1644//1644
f 1645//1645 1644//1644 1755//1755
f 1752//1752 544//544 1749//1749
f 1752//1752 1748//1748 1753//1753
f 1751//1751 1753//1753 1748//1748
f 1751//1751 1748//1748 1744//1744
f 1749//1749 1745//1745 1750//1750
f 1749//1749 1750//1750 1752//1752
f 1752//1752 1750//1750 1748//1748
f 1743//1743 1742//1742 1749//1749
f 1743//1743 1749//1749 544//544
f 1748//1748 1750//1750 1747//1747
f 1748//1748 1747//1747 1746//1746
f 1747//1747 1750//1750 1745//1745
f 1747//1747 1745//1745 1738//1738
f 1742//1742 1745//1745 1749//1749
f 1735//1735 1751//1751 1744//1744
f 1744//1744 1748//1748 1746//1746
f 1744//1744 1746//1746 1736//1736
f 1745//1745 1742//1742 1730//1730
f 1732//1732 1735//1735 1744//1744
f 1730//1730 1738//1738 1745//1745
f 1733//1733 1741//1741 1747//1747
f 1733//1733 1747//1747 1738//1738
f 1746//1746 1747//1747 1741//1741
f 1746//1746 1741//1741 1739//1739
f 498//498 1742//1742 1743//1743
f 498//498 1734//1734 1742//1742
f 1725//1725 1734//1734 498//498
f 1737//1737 1730//1730 1728//1728
f 1738//1738 1730//1730 1737//1737
f 1736//1736 1746//1746 1739//1739
f 1736//1736 1739//1739 1731//1731
f 1734//1734 1725//1725 1740//1740
f 1732//1732 1744//1744 1736//1736
f 1732//1732 1736//1736 1729//1729
f 1726//1726 1731//1731 1739//1739
f 1738//1738 1737//1737 1733//1733
f 1730//1730 1742//1742 1734//1734
f 1729//1729 1736//1736 1731//1731
f 1729//1729 1731//1731 1727//1727
f 2156//2156 2165//2165 1741//1741
f 2156//2156 1741//1741 1733//1733
f 2165//2165 2159//2159 1739//1739
f 2165//2165 1739//1739 1741//1741
f 1722//1722 1735//1735 1721//1721
f 1721//1721 1735//1735 1732//1732
f 1721//1721 1732//1732 1724//1724
f 1727//1727 1731//1731 1726//1726
f 2159//2159 1726//1726 1739//1739
f 1734//1734 1728//1728 1730//1730
f 1805//1805 1728//1728 1734//1734
f 1805//1805 1734//1734 1740//1740
f 2158//2158 1726//1726 2159//2159
f 1723//1723 1720//1720 1729//1729
f 1723//1723 1729//1729 1727//1727
f 1737//1737 1728//1728 2150//2150
f 1737//1737 2150//2150 2143//2143
f 2143//2143 2156//2156 1733//1733
f 2143//2143 1733//1733 1737//1737
f 2161//2161 1723//1723 1727//1727
f 1720//1720 1724//1724 1732//1732
f 1720//1720 1732//1732 1729//1729
f 2161//2161 1727//1727 1726//1726
f 2161//2161 1726//1726 2158//2158
f 1723//1723 1718//1718 1719//1719
f 1723//1723 1719//1719 1720//1720
f 2161//2161 1718//1718 1723//1723
f 1717//1717 1716//1716 1721//1721
f 1717//1717 1721//1721 1724//1724
f 1716//1716 1715//1715 1722//1722
f 1716//1716 1722//1722 1721//1721
f 1720//1720 1719//1719 1714//1714
f 1720//1720 1714//1714 1717//1717
f 1718//1718 2119//2119 1719//1719
f 1713//1713 1715//1715 1716//1716
f 1717//1717 1714//1714 1712//1712
f 1717//1717 1712//1712 1716//1716
f 1714//1714 1719//1719 1711//1711
f 1714//1714 1711//1711 1712//1712
f 1711//1711 1719//1719 2119//2119
f 1711//1711 2119//2119 2103//2103
f 1716//1716 1712//1712 1710//1710
f 1716//1716 1710//1710 1713//1713
f 1712//1712 1711//1711 1708//1708
f 1712//1712 1708//1708 1709//1709
f 1708//1708 1711//1711 1707//1707
f 1707//1707 1711//1711 2103//2103
f 1707//1707 2103//2103 2080//2080
f 1709//1709 1704//1704 1706//1706
f 1709//1709 1706//1706 1710//1710
f 1704//1704 1709//1709 1702//1702
f 1708//1708 1703//1703 1702//1702
f 1708//1708 1702//1702 1709//1709
f 1703//1703 1708//1708 1707//1707
f 1703//1703 1707//1707 1705//1705
f 1705//1705 1707//1707 2080//2080
f 1699//1699 1706//1706 1704//1704
f 1699//1699 1704//1704 1698//1698
f 1701//1701 1700//1700 1703//1703
f 1701//1701 1703//1703 1705//1705
f 2036//2036 1697//1697 1701//1701
f 2036//2036 1701//1701 1705//1705
f 1698//1698 1704//1704 1702//1702
f 1698//1698 1702//1702 1696//1696
f 1696//1696 1702//1702 1703//1703
f 1696//1696 1703//1703 1700//1700
f 1697//1697 1694//1694 1700//1700
f 1697//1697 1700//1700 1701//1701
f 1690//1690 1696//1696 1700//1700
f 1690//1690 1700//1700 1694//1694
f 1698//1698 1691//1691 1695//1695
f 1698//1698 1695//1695 1699//1699
f 1692//1692 1697//1697 2036//2036
f 1692//1692 2036//2036 2023//2023
f 1697//1697 1692//1692 1693//1693
f 1697//1697 1693//1693 1694//1694
f 1686//1686 1691//1691 1696//1696
f 1686//1686 1696//1696 1690//1690
f 1689//1689 1692//1692 2023//2023
f 1689//1689 2023//2023 2014//2014
f 1687//1687 1690//1690 1694//1694
f 1687//1687 1694//1694 1693//1693
f 1692//1692 1689//1689 1688//1688
f 1692//1692 1688//1688 1693//1693
f 1685//1685 1691//1691 1686//1686
f 1685//1685 1686//1686 1679//1679
f 1684//1684 1686//1686 1690//1690
f 1684//1684 1690//1690 1687//1687
f 2004//2004 1689//1689 2014//2014
f 1682//1682 1688//1688 1689//1689
f 1682//1682 1689//1689 2004//2004
f 1682//1682 1683//1683 1687//1687
f 1682//1682 1687//1687 1688//1688
f 1679//1679 1686//1686 1684//1684
f 1680//1680 1684//1684 1683//1683
f 1683//1683 1682//1682 1681//1681
f 2004//2004 1994//1994 1681//1681
f 2004//2004 1681//1681 1682//1682
f 1994//1994 1678//1678 1681//1681
f 1675//1675 1683//1683 1681//1681
f 1675//1675 1681//1681 1678//1678
f 1680//1680 1683//1683 1675//1675
f 1678//1678 1994//1994 1979//1979
f 1673//1673 1678//1678 1979//1979
f 1673//1673 1979//1979 1960//1960
f 1677//1677 1679//1679 1680//1680
f 1677//1677 1680//1680 1674//1674
f 1670//1670 1676//1676 1677//1677
f 1670//1670 1677//1677 1674//1674
f 1674//1674 1680//1680 1675//1675
f 1674//1674 1675//1675 1672//1672
f 1671//1671 1673//1673 1960//1960
f 1671//1671 1960//1960 1943//1943
f 1672//1672 1675//1675 1673//1673
f 1672//1672 1673//1673 1669//1669
f 1670//1670 1674//1674 1672//1672
f 1670//1670 1672//1672 1667//1667
f 1671//1671 1936//1936 1669//1669
f 1671//1671 1669//1669 1673//1673
f 1667//1667 1672//1672 1669//1669
f 1936//1936 1671//1671 1943//1943
f 1670//1670 1666//1666 1665//1665
f 1670//1670 1665//1665 1668//1668
f 1916//1916 1664//1664 1936//1936
f 1916//1916 1936//1936 1934//1934
f 1669//1669 1936//1936 1664//1664
f 1663//1663 1667//1667 1669//1669
f 1663//1663 1669//1669 1664//1664
f 1661//1661 1666//1666 1667//1667
f 1661//1661 1667//1667 1663//1663
f 1662//1662 1665//1665 1666//1666
f 1662//1662 1666//1666 1661//1661
f 1658//1658 1664//1664 1916//1916
f 1658//1658 1916//1916 1898//1898
f 1664//1664 1658//1658 1659//1659
f 1664//1664 1659//1659 1663//1663
f 1660//1660 1661//1661 1663//1663
f 1660//1660 1663//1663 1659//1659
f 1661//1661 1660//1660 1657//1657
f 1661//1661 1657//1657 1662//1662
f 1656//1656 1658//1658 1898//1898
f 1656//1656 1898//1898 1886//1886
f 1655//1655 1653//1653 1660//1660
f 1655//1655 1660//1660 1659//1659
f 1656//1656 1655//1655 1659//1659
f 1656//1656 1659//1659 1658//1658
f 1653//1653 1647//1647 1654//1654
f 1653//1653 1654//1654 1657//1657
f 1651//1651 1656//1656 1886//1886
f 1651//1651 1886//1886 1857//1857
f 1651//1651 1652//1652 1656//1656
f 1652//1652 1650//1650 1655//1655
f 1652//1652 1655//1655 1656//1656
f 1650//1650 1647//1647 1653//1653
f 1847//1847 1651//1651 1857//1857
f 1652//1652 1648//1648 1650//1650
f 1651//1651 1649//1649 1648//1648
f 1651//1651 1648//1648 1652//1652
f 1847//1847 1838//1838 1649//1649
f 1847//1847 1649//1649 1651//1651
f 1650//1650 1648//1648 1634//1634
f 1647//1647 1650//1650 1634//1634
f 1647//1647 1634//1634 1633//1633
f 1649//1649 1838//1838 1643//1643
f 1644//1644 1641//1641 1853//1853
f 1644//1644 1853//1853 1646//1646
f 1642//1642 1639//1639 1643//1643
f 1642//1642 1643//1643 1838//1838
f 1649//1649 1643//1643 1632//1632
f 1640//1640 1645//1645 1638//1638
f 1640//1640 1638//1638 1625//1625
f 1648//1648 1649//1649 1632//1632
f 1825//1825 1853//1853 1641//1641
f 1825//1825 1641//1641 1637//1637
f 1642//1642 1835//1835 1635//1635
f 1642//1642 1635//1635 1639//1639
f 1641//1641 1644//1644 1640//1640
f 1641//1641 1640//1640 1631//1631
f 1835//1835 1636//1636 1635//1635
f 1636//1636 1825//1825 1637//1637
f 1634//1634 1648//1648 1632//1632
f 1634//1634 1632//1632 1628//1628
f 1629//1629 1632//1632 1643//1643
f 1629//1629 1643//1643 1639//1639
f 1640//1640 1622//1622 1631//1631
f 1623//1623 1633//1633 1634//1634
f 1623//1623 1634//1634 1628//1628
f 1631//1631 1626//1626 1637//1637
f 1631//1631 1637//1637 1641//1641
f 1627//1627 1629//1629 1639//1639
f 1627//1627 1639//1639 1635//1635
f 1630//1630 1627//1627 1635//1635
f 1630//1630 1635//1635 1636//1636
f 1636//1636 1637//1637 1626//1626
f 1636//1636 1626//1626 1630//1630
f 1625//1625 1622//1622 1640//1640
f 1633//1633 1623//1623 1618//1618
f 1620//1620 1628//1628 1632//1632
f 1620//1620 1632//1632 1629//1629
f 1625//1625 1621//1621 1622//1622
f 1626//1626 1631//1631 1622//1622
f 1626//1626 1622//1622 1617//1617
f 1624//1624 1620//1620 1629//1629
f 1624//1624 1629//1629 1627//1627
f 1619//1619 1624//1624 1627//1627
f 1619//1619 1627//1627 1630//1630
f 1619//1619 1630//1630 1626//1626
f 1619//1619 1626//1626 1617//1617
f 1623//1623 1628//1628 1620//1620
f 1623//1623 1620//1620 23//23
f 1622//1622 1621//1621 1617//1617
f 1621//1621 1616//1616 1617//1617
f 1617//1617 1615//1615 1619//1619
f 1620//1620 1624//1624 1614//1614
f 1620//1620 1614//1614 23//23
f 1619//1619 1615//1615 1614//1614
f 1619//1619 1614//1614 1624//1624
f 1618//1618 1623//1623 23//23
f 1615//1615 1617//1617 1616//1616
f 20//20 1615//1615 1616//1616
f 1615//1615 20//20 1614//1614
f 3499//3499 2211//2211 3502//3502
f 2207//2207 3491//3491 2212//2212
f 3482//3482 3484//3484 2197//2197
f 2168//2168 2163//2163 2166//2166
f 3036//3036 2121//2121 2160//2160
f 2097//2097 2088//2088 2105//2105
f 2102//2102 2106//2106 2082//2082
f 2096//2096 2070//2070 2072//2072
f 2088//2088 2072//2072 2065//2065
f 2067//2067 2072//2072 2070//2070
f 2056//2056 2064//2064 2054//2054
f 2020//2020 3079//3079 2012//2012
f 1964//1964 1974//1974 3467//3467
f 1932//1932 1935//1935 1929//1929
f 1922//1922 2271//2271 1909//1909
f 1921//1921 1892//1892 1891//1891
f 1892//1892 1921//1921 1893//1893
f 1910//1910 1896//1896 1893//1893
f 1880//1880 1899//1899 1876//1876
f 1861//1861 1893//1893 1896//1896
f 1869//1869 1884//1884 1856//1856
f 1856//1856 1880//1880 1852//1852
f 1839//1839 1866//1866 1850//1850
f 1848//1848 1851//1851 1872//1872
f 2151//2151 2265//2265 2266//2266
f 2151//2151 2266//2266 2142//2142
f 2124//2124 2133//2133 2142//2142
f 2124//2124 2142//2142 2266//2266
f 2263//2263 2264//2264 2123//2123
f 2263//2263 2123//2123 2124//2124
f 2263//2263 2124//2124 2266//2266
f 2263//2263 2266//2266 2262//2262
f 2262//2262 2266//2266 2265//2265
f 2261//2261 2264//2264 2263//2263
f 2261//2261 2263//2263 2260//2260
f 2259//2259 2260//2260 2263//2263
f 2262//2262 2258//2258 2259//2259
f 2262//2262 2259//2259 2263//2263
f 2265//2265 2257//2257 2258//2258
f 2265//2265 2258//2258 2262//2262
f 2261//2261 2256//2256 3088//3088
f 2256//2256 2261//2261 2260//2260
f 2256//2256 2260//2260 2254//2254
f 2259//2259 2254//2254 2260//2260
f 2257//2257 2255//2255 2258//2258
f 2257//2257 2252//2252 2255//2255
f 3088//3088 2256//2256 2253//2253
f 3088//3088 2253//2253 3083//3083
f 2250//2250 2253//2253 2256//2256
f 2250//2250 2256//2256 2254//2254
f 2255//2255 2248//2248 2258//2258
f 2251//2251 2259//2259 2258//2258
f 2251//2251 2258//2258 2248//2248
f 2251//2251 2250//2250 2254//2254
f 2251//2251 2254//2254 2259//2259
f 3083//3083 2253//2253 3078//3078
f 2255//2255 2252//2252 1788//1788
f 2255//2255 1788//1788 2249//2249
f 2249//2249 2248//2248 2255//2255
f 2247//2247 2251//2251 2248//2248
f 2247//2247 2250//2250 2251//2251
f 2246//2246 2253//2253 2250//2250
f 2246//2246 2250//2250 2247//2247
f 3078//3078 2253//2253 2246//2246
f 3078//3078 2246//2246 3063//3063
f 3075//3075 2242//2242 2012//2012
f 3075//3075 2012//2012 3079//3079
f 3072//3072 2242//2242 3075//3075
f 2249//2249 1788//1788 2235//2235
f 2249//2249 2235//2235 2236//2236
f 2249//2249 2236//2236 2238//2238
f 2238//2238 2248//2248 2249//2249
f 2247//2247 2248//2248 2238//2238
f 2247//2247 2238//2238 2237//2237
f 3070//3070 2244//2244 2245//2245
f 3070//3070 2245//2245 3072//3072
f 2234//2234 2246//2246 2247//2247
f 2234//2234 2247//2247 2237//2237
f 3070//3070 3064//3064 2243//2243
f 3070//3070 2243//2243 2244//2244
f 2234//2234 2233//2233 3063//3063
f 2234//2234 3063//3063 2246//2246
f 3064//3064 3067//3067 2241//2241
f 3064//3064 2241//2241 2243//2243
f 2233//2233 2220//2220 3062//3062
f 2233//2233 3062//3062 3063//3063
f 2245//2245 2240//2240 3072//3072
f 3072//3072 2240//2240 2242//2242
f 3062//3062 2220//2220 2232//2232
f 2219//2219 3061//3061 3062//3062
f 2219//2219 3062//3062 2232//2232
f 2230//2230 3060//3060 3061//3061
f 2230//2230 2226//2226 3059//3059
f 2230//2230 3059//3059 3060//3060
f 2226//2226 2231//2231 2241//2241
f 2226//2226 2241//2241 3059//3059
f 2243//2243 2241//2241 2231//2231
f 2243//2243 2231//2231 2239//2239
f 2244//2244 2243//2243 2239//2239
f 2244//2244 2239//2239 2225//2225
f 2245//2245 2244//2244 2225//2225
f 2245//2245 2225//2225 2229//2229
f 2240//2240 2245//2245 2229//2229
f 2229//2229 2224//2224 2240//2240
f 2224//2224 2242//2242 2240//2240
f 2225//2225 2239//2239 2228//2228
f 2239//2239 2231//2231 2227//2227
f 2239//2239 2227//2227 2228//2228
f 2237//2237 2238//2238 2215//2215
f 2237//2237 2215//2215 2216//2216
f 2236//2236 2214//2214 2215//2215
f 2236//2236 2215//2215 2238//2238
f 2236//2236 2235//2235 2213//2213
f 2236//2236 2213//2213 2214//2214
f 2234//2234 2237//2237 2216//2216
f 2234//2234 2216//2216 2217//2217
f 2217//2217 2218//2218 2233//2233
f 2217//2217 2233//2233 2234//2234
f 2233//2233 2218//2218 2220//2220
f 2230//2230 3061//3061 2219//2219
f 2230//2230 2219//2219 2221//2221
f 2226//2226 2227//2227 2231//2231
f 2230//2230 2221//2221 2226//2226
f 2223//2223 2225//2225 2228//2228
f 2222//2222 2223//2223 2228//2228
f 2222//2222 2228//2228 2227//2227
f 2221//2221 2222//2222 2227//2227
f 2226//2226 2221//2221 2227//2227
f 3497//3497 3503//3503 2219//2219
f 3497//3497 2219//2219 2232//2232
f 2206//2206 2207//2207 2229//2229
f 2206//2206 2229//2229 2225//2225
f 2209//2209 2206//2206 2225//2225
f 2209//2209 2225//2225 2223//2223
f 2224//2224 2229//2229 2207//2207
f 2224//2224 2207//2207 2212//2212
f 2224//2224 2212//2212 2210//2210
f 2208//2208 3497//3497 2232//2232
f 2208//2208 2232//2232 2220//2220
f 2211//2211 2209//2209 2223//2223
f 2211//2211 2223//2223 2222//2222
f 2222//2222 2221//2221 3502//3502
f 2222//2222 3502//3502 2211//2211
f 2221//2221 3505//3505 3502//3502
f 2221//2221 2219//2219 3504//3504
f 2221//2221 3504//3504 3505//3505
f 2218//2218 2205//2205 2208//2208
f 2218//2218 2208//2208 2220//2220
f 3504//3504 2219//2219 3503//3503
f 2218//2218 2217//2217 2205//2205
f 2204//2204 2205//2205 2217//2217
f 2204//2204 2217//2217 2216//2216
f 2203//2203 2204//2204 2216//2216
f 2203//2203 2216//2216 2215//2215
f 2214//2214 2202//2202 2203//2203
f 2214//2214 2203//2203 2215//2215
f 2201//2201 2202//2202 2214//2214
f 2201//2201 2214//2214 2213//2213
f 3499//3499 3495//3495 2209//2209
f 3499//3499 2209//2209 2211//2211
f 3492//3492 3497//3497 2208//2208
f 3495//3495 3496//3496 2206//2206
f 3495//3495 2206//2206 2209//2209
f 2208//2208 2205//2205 3486//3486
f 2208//2208 3486//3486 3492//3492
f 2205//2205 2200//2200 3486//3486
f 2206//2206 3496//3496 3491//3491
f 2206//2206 3491//3491 2207//2207
f 2200//2200 2205//2205 2204//2204
f 2212//2212 3491//3491 3493//3493
f 2212//2212 3493//3493 2210//2210
f 2204//2204 2199//2199 2200//2200
f 2199//2199 2204//2204 2203//2203
f 2210//2210 3493//3493 3467//3467
f 2210//2210 3467//3467 1974//1974
f 2202//2202 2196//2196 2199//2199
f 2202//2202 2199//2199 2203//2203
f 1773//1773 2196//2196 2202//2202
f 1773//1773 2202//2202 2201//2201
f 2197//2197 3484//3484 3486//3486
f 2197//2197 3486//3486 2200//2200
f 2197//2197 2200//2200 2198//2198
f 2200//2200 2199//2199 2198//2198
f 2198//2198 2199//2199 2195//2195
f 2197//2197 2198//2198 2194//2194
f 2197//2197 2194//2194 2193//2193
f 2193//2193 3478//3478 3482//3482
f 2193//2193 3482//3482 2197//2197
f 2195//2195 2199//2199 2196//2196
f 2195//2195 2196//2196 2192//2192
f 1769//1769 2192//2192 2196//2196
f 1769//1769 2196//2196 1773//1773
f 2195//2195 2192//2192 2191//2191
f 2190//2190 2198//2198 2195//2195
f 2190//2190 2195//2195 2191//2191
f 2194//2194 2198//2198 2190//2190
f 2194//2194 2190//2190 2189//2189
f 2193//2193 2194//2194 2189//2189
f 2193//2193 2189//2189 2188//2188
f 2188//2188 3476//3476 3478//3478
f 2188//2188 3478//3478 2193//2193
f 2186//2186 2192//2192 1769//1769
f 2192//2192 2186//2186 2187//2187
f 2192//2192 2187//2187 2191//2191
f 2190//2190 2191//2191 2187//2187
f 2190//2190 2187//2187 2185//2185
f 2189//2189 2190//2190 2185//2185
f 2189//2189 2185//2185 2184//2184
f 2183//2183 2188//2188 2189//2189
f 2183//2183 2189//2189 2184//2184
f 2183//2183 3476//3476 2188//2188
f 2186//2186 2180//2180 2182//2182
f 2186//2186 2182//2182 2187//2187
f 2187//2187 2182//2182 2181//2181
f 2187//2187 2181//2181 2185//2185
f 2184//2184 2185//2185 2181//2181
f 3462//3462 2183//2183 2184//2184
f 3462//3462 2184//2184 2181//2181
f 2182//2182 2178//2178 2179//2179
f 1897//1897 2181//2181 2182//2182
f 1897//1897 2182//2182 2179//2179
f 3462//3462 2181//2181 1897//1897
f 3462//3462 1897//1897 3457//3457
f 2178//2178 2182//2182 2180//2180
f 2178//2178 2180//2180 2177//2177
f 2180//2180 2176//2176 2177//2177
f 1882//1882 1897//1897 2179//2179
f 1882//1882 2179//2179 1875//1875
f 1873//1873 1875//1875 2179//2179
f 1873//1873 2179//2179 2178//2178
f 2177//2177 2175//2175 1873//1873
f 2177//2177 1873//1873 2178//2178
f 2175//2175 2177//2177 2176//2176
f 2174//2174 2169//2169 2168//2168
f 2174//2174 2168//2168 2172//2172
f 2171//2171 2174//2174 2172//2172
f 2166//2166 2172//2172 2168//2168
f 2174//2174 2173//2173 3058//3058
f 2173//2173 2170//2170 3058//3058
f 2169//2169 2174//2174 3058//3058
f 2169//2169 3058//3058 2160//2160
f 2173//2173 3051//3051 2170//2170
f 2174//2174 2171//2171 2173//2173
f 2166//2166 2167//2167 2172//2172
f 2169//2169 2154//2154 2168//2168
f 3051//3051 2173//2173 2171//2171
f 2167//2167 2166//2166 2164//2164
f 2163//2163 2168//2168 2157//2157
f 2168//2168 2154//2154 2157//2157
f 2167//2167 2164//2164 3047//3047
f 2166//2166 2163//2163 2162//2162
f 2164//2164 2166//2166 2162//2162
f 3056//3056 2167//2167 3047//3047
f 2162//2162 2148//2148 2164//2164
f 2154//2154 2134//2134 2157//2157
f 2137//2137 2146//2146 2163//2163
f 2137//2137 2163//2163 2157//2157
f 2169//2169 2160//2160 2153//2153
f 2169//2169 2153//2153 2154//2154
f 2160//2160 3058//3058 3036//3036
f 2146//2146 2135//2135 2163//2163
f 2148//2148 3047//3047 2164//2164
f 2135//2135 2131//2131 2162//2162
f 2135//2135 2162//2162 2163//2163
f 2138//2138 2154//2154 2153//2153
f 2156//2156 2147//2147 2165//2165
f 2159//2159 2165//2165 2147//2147
f 3041//3041 3036//3036 3058//3058
f 2158//2158 2155//2155 2161//2161
f 2125//2125 2137//2137 2157//2157
f 2125//2125 2157//2157 2134//2134
f 3037//3037 3047//3047 2148//2148
f 2162//2162 2141//2141 2148//2148
f 2149//2149 2160//2160 2152//2152
f 2121//2121 2152//2152 2160//2160
f 2153//2153 2160//2160 2149//2149
f 2153//2153 2126//2126 2138//2138
f 2147//2147 2158//2158 2159//2159
f 2158//2158 2147//2147 2155//2155
f 2138//2138 2127//2127 2134//2134
f 2138//2138 2134//2134 2154//2154
f 2147//2147 2156//2156 2145//2145
f 2155//2155 2130//2130 1718//1718
f 2155//2155 1718//1718 2161//2161
f 2144//2144 2148//2148 2141//2141
f 2144//2144 2141//2141 2139//2139
f 2131//2131 2128//2128 2141//2141
f 2131//2131 2141//2141 2162//2162
f 2150//2150 2151//2151 2142//2142
f 2150//2150 2142//2142 2136//2136
f 2143//2143 2150//2150 2136//2136
f 2147//2147 2140//2140 2155//2155
f 3037//3037 2148//2148 2144//2144
f 2140//2140 2144//2144 2139//2139
f 2143//2143 2145//2145 2156//2156
f 2140//2140 2147//2147 3038//3038
f 2144//2144 2140//2140 3038//3038
f 2118//2118 2135//2135 2146//2146
f 2146//2146 2137//2137 2120//2120
f 2146//2146 2120//2120 2118//2118
f 2140//2140 2129//2129 2130//2130
f 2140//2140 2130//2130 2155//2155
f 2141//2141 2128//2128 2139//2139
f 2128//2128 2129//2129 2140//2140
f 2128//2128 2140//2140 2139//2139
f 3038//3038 2147//2147 2145//2145
f 2126//2126 2153//2153 2104//2104
f 2126//2126 2104//2104 2095//2095
f 2126//2126 2127//2127 2138//2138
f 2111//2111 2120//2120 2137//2137
f 2111//2111 2137//2137 2125//2125
f 2135//2135 2118//2118 2113//2113
f 2145//2145 3026//3026 3038//3038
f 2121//2121 2109//2109 2152//2152
f 2133//2133 2132//2132 2136//2136
f 2133//2133 2136//2136 2142//2142
f 2132//2132 2145//2145 2143//2143
f 2132//2132 2143//2143 2136//2136
f 2131//2131 2135//2135 2113//2113
f 2131//2131 2113//2113 2114//2114
f 2127//2127 2125//2125 2134//2134
f 2130//2130 2117//2117 2119//2119
f 2130//2130 2119//2119 1718//1718
f 2149//2149 2115//2115 2153//2153
f 2114//2114 2116//2116 2128//2128
f 2114//2114 2128//2128 2131//2131
f 2117//2117 2130//2130 2129//2129
f 2117//2117 2129//2129 2116//2116
f 3026//3026 2145//2145 2132//2132
f 2116//2116 2129//2129 2128//2128
f 2115//2115 2107//2107 2104//2104
f 2115//2115 2104//2104 2153//2153
f 2152//2152 2109//2109 2100//2100
f 2152//2152 2100//2100 2149//2149
f 2094//2094 2111//2111 2125//2125
f 2094//2094 2125//2125 2127//2127
f 2124//2124 2123//2123 2122//2122
f 2124//2124 2122//2122 2133//2133
f 2122//2122 3026//3026 2132//2132
f 2122//2122 2132//2132 2133//2133
f 3022//3022 2112//2112 3036//3036
f 2110//2110 2121//2121 3036//3036
f 2110//2110 3036//3036 2112//2112
f 2105//2105 2118//2118 2097//2097
f 2097//2097 2118//2118 2120//2120
f 2121//2121 2110//2110 2109//2109
f 2096//2096 2097//2097 2120//2120
f 2096//2096 2120//2120 2111//2111
f 2117//2117 2103//2103 2119//2119
f 2108//2108 2115//2115 2149//2149
f 2108//2108 2149//2149 2100//2100
f 2113//2113 2118//2118 2105//2105
f 2113//2113 2105//2105 2106//2106
f 2117//2117 2116//2116 2101//2101
f 2117//2117 2101//2101 2103//2103
f 2127//2127 2126//2126 2084//2084
f 2127//2127 2084//2084 2094//2094
f 2095//2095 2098//2098 2126//2126
f 2107//2107 2115//2115 2108//2108
f 2116//2116 2114//2114 2102//2102
f 2116//2116 2102//2102 2101//2101
f 2102//2102 2114//2114 2113//2113
f 2102//2102 2113//2113 2106//2106
f 2100//2100 2109//2109 2089//2089
f 2112//2112 2085//2085 2110//2110
f 2096//2096 2111//2111 2094//2094
f 2096//2096 2094//2094 2070//2070
f 3013//3013 2090//2090 3022//3022
f 2084//2084 2126//2126 2098//2098
f 2084//2084 2098//2098 2079//2079
f 2110//2110 2089//2089 2109//2109
f 2107//2107 2108//2108 2099//2099
f 2107//2107 2099//2099 2092//2092
f 2100//2100 2099//2099 2108//2108
f 2092//2092 2104//2104 2107//2107
f 2090//2090 2083//2083 2112//2112
f 2090//2090 2112//2112 3022//3022
f 2086//2086 2099//2099 2100//2100
f 2105//2105 2088//2088 2082//2082
f 2105//2105 2082//2082 2106//2106
f 2092//2092 2095//2095 2104//2104
f 2081//2081 2101//2101 2102//2102
f 2081//2081 2102//2102 2082//2082
f 2080//2080 2103//2103 2101//2101
f 2080//2080 2101//2101 2081//2081
f 2086//2086 2100//2100 2089//2089
f 2093//2093 2091//2091 2092//2092
f 2093//2093 2092//2092 2099//2099
f 2079//2079 2098//2098 2071//2071
f 2092//2092 2091//2091 2087//2087
f 2089//2089 2110//2110 2085//2085
f 2089//2089 2085//2085 2078//2078
f 2085//2085 2112//2112 2083//2083
f 2072//2072 2088//2088 2097//2097
f 2072//2072 2097//2097 2096//2096
f 3012//3012 2076//2076 2090//2090
f 3012//3012 2090//2090 3013//3013
f 2093//2093 2099//2099 2086//2086
f 2093//2093 2086//2086 2077//2077
f 2084//2084 2070//2070 2094//2094
f 2092//2092 2087//2087 2347//2347
f 2098//2098 2095//2095 2092//2092
f 2098//2098 2092//2092 2347//2347
f 2083//2083 2090//2090 2076//2076
f 2083//2083 2076//2076 2069//2069
f 2086//2086 2089//2089 2078//2078
f 2086//2086 2078//2078 2075//2075
f 2093//2093 2077//2077 2346//2346
f 2066//2066 2062//2062 2078//2078
f 2066//2066 2078//2078 2085//2085
f 2064//2064 2070//2070 2084//2084
f 2066//2066 2085//2085 2083//2083
f 2066//2066 2083//2083 2069//2069
f 2065//2065 2073//2073 2082//2082
f 2065//2065 2082//2082 2088//2088
f 3012//3012 2063//2063 2076//2076
f 2073//2073 2081//2081 2082//2082
f 2074//2074 2080//2080 2081//2081
f 2074//2074 2081//2081 2073//2073
f 2346//2346 2077//2077 2345//2345
f 2347//2347 2068//2068 2071//2071
f 2347//2347 2071//2071 2098//2098
f 2064//2064 2084//2084 2079//2079
f 2080//2080 2074//2074 1705//1705
f 2075//2075 2077//2077 2086//2086
f 2062//2062 2060//2060 2075//2075
f 2062//2062 2075//2075 2078//2078
f 2059//2059 2069//2069 2076//2076
f 2059//2059 2076//2076 2063//2063
f 2065//2065 2072//2072 2067//2067
f 2077//2077 2075//2075 2339//2339
f 2077//2077 2339//2339 2345//2345
f 2070//2070 2056//2056 2067//2067
f 2066//2066 2069//2069 2059//2059
f 2066//2066 2059//2059 2055//2055
f 2063//2063 3012//3012 2061//2061
f 2063//2063 2061//2061 2057//2057
f 2065//2065 2067//2067 2052//2052
f 2066//2066 2055//2055 2051//2051
f 2075//2075 2060//2060 2339//2339
f 2056//2056 2070//2070 2064//2064
f 2051//2051 2050//2050 2062//2062
f 2051//2051 2062//2062 2066//2066
f 2036//2036 1705//1705 2074//2074
f 2061//2061 3010//3010 2058//2058
f 2048//2048 2073//2073 2065//2065
f 2056//2056 2047//2047 2052//2052
f 2056//2056 2052//2052 2067//2067
f 2054//2054 2064//2064 2079//2079
f 2054//2054 2079//2079 2053//2053
f 2059//2059 2063//2063 2057//2057
f 2059//2059 2057//2057 2044//2044
f 2050//2050 2049//2049 2060//2060
f 2050//2050 2060//2060 2062//2062
f 2061//2061 2058//2058 2057//2057
f 2053//2053 2079//2079 2071//2071
f 2049//2049 2333//2333 2339//2339
f 2049//2049 2339//2339 2060//2060
f 2053//2053 2071//2071 2068//2068
f 2048//2048 2065//2065 2052//2052
f 2048//2048 2052//2052 2046//2046
f 2039//2039 2074//2074 2073//2073
f 3010//3010 3087//3087 2038//2038
f 3010//3010 2038//2038 2058//2058
f 2055//2055 2059//2059 2044//2044
f 2055//2055 2044//2044 2045//2045
f 2354//2354 2053//2053 2068//2068
f 2044//2044 2057//2057 2058//2058
f 2054//2054 2043//2043 2047//2047
f 2054//2054 2047//2047 2056//2056
f 2051//2051 2055//2055 2045//2045
f 2051//2051 2045//2045 2042//2042
f 2043//2043 2054//2054 2053//2053
f 2048//2048 2035//2035 2039//2039
f 2048//2048 2039//2039 2073//2073
f 2032//2032 2046//2046 2052//2052
f 2032//2032 2052//2052 2047//2047
f 2050//2050 2051//2051 2042//2042
f 2050//2050 2042//2042 2041//2041
f 2058//2058 2038//2038 2027//2027
f 2049//2049 2050//2050 2041//2041
f 2333//2333 2049//2049 2037//2037
f 2049//2049 2041//2041 2037//2037
f 2058//2058 2040//2040 2044//2044
f 2028//2028 2032//2032 2047//2047
f 2046//2046 2035//2035 2048//2048
f 2039//2039 2023//2023 2036//2036
f 2039//2039 2036//2036 2074//2074
f 2030//2030 2045//2045 2044//2044
f 2033//2033 2028//2028 2047//2047
f 2033//2033 2047//2047 2043//2043
f 3086//3086 2029//2029 2038//2038
f 3086//3086 2038//2038 3087//3087
f 2040//2040 2058//2058 2027//2027
f 2045//2045 2030//2030 2042//2042
f 2030//2030 2044//2044 2040//2040
f 2034//2034 2041//2041 2042//2042
f 2034//2034 2042//2042 2030//2030
f 2041//2041 2034//2034 2031//2031
f 2039//2039 2035//2035 2024//2024
f 2039//2039 2024//2024 2023//2023
f 2029//2029 2027//2027 2038//2038
f 2037//2037 2031//2031 2323//2323
f 2037//2037 2041//2041 2031//2031
f 2033//2033 2043//2043 2326//2326
f 2033//2033 2326//2326 2322//2322
f 2026//2026 2024//2024 2035//2035
f 2026//2026 2035//2035 2046//2046
f 2027//2027 2021//2021 2040//2040
f 2025//2025 2026//2026 2046//2046
f 2025//2025 2046//2046 2032//2032
f 2025//2025 2032//2032 2028//2028
f 2028//2028 2015//2015 2025//2025
f 2040//2040 2021//2021 2030//2030
f 2029//2029 3086//3086 3079//3079
f 2029//2029 3079//3079 2020//2020
f 2022//2022 2031//2031 2034//2034
f 2019//2019 2027//2027 2029//2029
f 2019//2019 2029//2029 2020//2020
f 2013//2013 2034//2034 2030//2030
f 2013//2013 2030//2030 2021//2021
f 2033//2033 2015//2015 2028//2028
f 2022//2022 2323//2323 2031//2031
f 2021//2021 2027//2027 2019//2019
f 2018//2018 2017//2017 2024//2024
f 2018//2018 2024//2024 2026//2026
f 2018//2018 2026//2026 2025//2025
f 2018//2018 2025//2025 2016//2016
f 2024//2024 2017//2017 2014//2014
f 2024//2024 2014//2014 2023//2023
f 2022//2022 2034//2034 2013//2013
f 2016//2016 2025//2025 2015//2015
f 2015//2015 2033//2033 1998//1998
f 2010//2010 2019//2019 2020//2020
f 2010//2010 2020//2020 2012//2012
f 2319//2319 2314//2314 1998//1998
f 2319//2319 1998//1998 2033//2033
f 2323//2323 2022//2022 2011//2011
f 2323//2323 2011//2011 2317//2317
f 2022//2022 2013//2013 2011//2011
f 2009//2009 2019//2019 2010//2010
f 2021//2021 2019//2019 2009//2009
f 2317//2317 2011//2011 2007//2007
f 2001//2001 2002//2002 2018//2018
f 2001//2001 2018//2018 2016//2016
f 2016//2016 2000//2000 2001//2001
f 2017//2017 2018//2018 2002//2002
f 2017//2017 2002//2002 2003//2003
f 2017//2017 2003//2003 2004//2004
f 2017//2017 2004//2004 2014//2014
f 2015//2015 1999//1999 2000//2000
f 2015//2015 2000//2000 2016//2016
f 2015//2015 1998//1998 1999//1999
f 1998//1998 2314//2314 2310//2310
f 2008//2008 2012//2012 2242//2242
f 2012//2012 2008//2008 2010//2010
f 2007//2007 2011//2011 2013//2013
f 2010//2010 2008//2008 2006//2006
f 2009//2009 2010//2010 2006//2006
f 2021//2021 1997//1997 2013//2013
f 2009//2009 1996//1996 1997//1997
f 2009//2009 1997//1997 2021//2021
f 2242//2242 2224//2224 2005//2005
f 2242//2242 2005//2005 2008//2008
f 2005//2005 1996//1996 2006//2006
f 2005//2005 2006//2006 2008//2008
f 2013//2013 1989//1989 2007//2007
f 2006//2006 1996//1996 2009//2009
f 1997//1997 1989//1989 2013//2013
f 2007//2007 1989//1989 2306//2306
f 1994//1994 2004//2004 2003//2003
f 1994//1994 2003//2003 1993//1993
f 1993//1993 2003//2003 2002//2002
f 1993//1993 2002//2002 1992//1992
f 2002//2002 2001//2001 1991//1991
f 2002//2002 1991//1991 1992//1992
f 2001//2001 2000//2000 1991//1991
f 1991//1991 2000//2000 1990//1990
f 2000//2000 1999//1999 1990//1990
f 1998//1998 1995//1995 1990//1990
f 1998//1998 1990//1990 1999//1999
f 1995//1995 1998//1998 2310//2310
f 1995//1995 2310//2310 2307//2307
f 1997//1997 1996//1996 1988//1988
f 1997//1997 1988//1988 1989//1989
f 1996//1996 1986//1986 1988//1988
f 1996//1996 2005//2005 1986//1986
f 2005//2005 1987//1987 1986//1986
f 1974//1974 1987//1987 2210//2210
f 2224//2224 2210//2210 1987//1987
f 2224//2224 1987//1987 2005//2005
f 1995//1995 2304//2304 1985//1985
f 2304//2304 1995//1995 2307//2307
f 1995//1995 1985//1985 1990//1990
f 1985//1985 1982//1982 1990//1990
f 1979//1979 1994//1994 1993//1993
f 1979//1979 1993//1993 1978//1978
f 1978//1978 1993//1993 1992//1992
f 1978//1978 1992//1992 1977//1977
f 1980//1980 1977//1977 1992//1992
f 1980//1980 1992//1992 1991//1991
f 1980//1980 1991//1991 1990//1990
f 1980//1980 1990//1990 1982//1982
f 1988//1988 1983//1983 1989//1989
f 1981//1981 1983//1983 1988//1988
f 2306//2306 1984//1984 1975//1975
f 1975//1975 2303//2303 2306//2306
f 1984//1984 2306//2306 1989//1989
f 1981//1981 1988//1988 1986//1986
f 1987//1987 1974//1974 1973//1973
f 1987//1987 1973//1973 1986//1986
f 1973//1973 1981//1981 1986//1986
f 1984//1984 1989//1989 1983//1983
f 1976//1976 1985//1985 2304//2304
f 1983//1983 1971//1971 1984//1984
f 1985//1985 1976//1976 1972//1972
f 1985//1985 1972//1972 1982//1982
f 1984//1984 1969//1969 1975//1975
f 1983//1983 1981//1981 1971//1971
f 1970//1970 1980//1980 1982//1982
f 1970//1970 1982//1982 1972//1972
f 1977//1977 1980//1980 1970//1970
f 1977//1977 1970//1970 1968//1968
f 1978//1978 1959//1959 1960//1960
f 1978//1978 1960//1960 1979//1979
f 1968//1968 1959//1959 1978//1978
f 1968//1968 1978//1978 1977//1977
f 1969//1969 2297//2297 1975//1975
f 1963//1963 1971//1971 1981//1981
f 1963//1963 1981//1981 1973//1973
f 1976//1976 1962//1962 1972//1972
f 2297//2297 2303//2303 1975//1975
f 1963//1963 1973//1973 1974//1974
f 1963//1963 1974//1974 1964//1964
f 1965//1965 1970//1970 1972//1972
f 1965//1965 1972//1972 1962//1962
f 1969//1969 1946//1946 2291//2291
f 1969//1969 2291//2291 2297//2297
f 1969//1969 1984//1984 1971//1971
f 1969//1969 1971//1971 1967//1967
f 1971//1971 1961//1961 1967//1967
f 1957//1957 1968//1968 1970//1970
f 1957//1957 1970//1970 1965//1965
f 1967//1967 1966//1966 1969//1969
f 1946//1946 1969//1969 1966//1966
f 1955//1955 1961//1961 1971//1971
f 1955//1955 1971//1971 1963//1963
f 1959//1959 1968//1968 1957//1957
f 1959//1959 1957//1957 1953//1953
f 1962//1962 1958//1958 1965//1965
f 3466//3466 1954//1954 1964//1964
f 3466//3466 1964//1964 3467//3467
f 1955//1955 1963//1963 1964//1964
f 1955//1955 1964//1964 1954//1954
f 1976//1976 1956//1956 1962//1962
f 1950//1950 1967//1967 1961//1961
f 1959//1959 1953//1953 1943//1943
f 1959//1959 1943//1943 1960//1960
f 1957//1957 1965//1965 1958//1958
f 1957//1957 1958//1958 1947//1947
f 1962//1962 1948//1948 1958//1958
f 1949//1949 2285//2285 2291//2291
f 1949//1949 2291//2291 1946//1946
f 1961//1961 1955//1955 1952//1952
f 1944//1944 1946//1946 1966//1966
f 1930//1930 1956//1956 2350//2350
f 1953//1953 1957//1957 1947//1947
f 1953//1953 1947//1947 1945//1945
f 1941//1941 1956//1956 1930//1930
f 1944//1944 1966//1966 1942//1942
f 1933//1933 1966//1966 1967//1967
f 1933//1933 1967//1967 1950//1950
f 1937//1937 1950//1950 1961//1961
f 1937//1937 1961//1961 1952//1952
f 1962//1962 1956//1956 1941//1941
f 1954//1954 3466//3466 3465//3465
f 1954//1954 3465//3465 1951//1951
f 1955//1955 1954//1954 1951//1951
f 1955//1955 1951//1951 1952//1952
f 1945//1945 1939//1939 1943//1943
f 1945//1945 1943//1943 1953//1953
f 1940//1940 1947//1947 1958//1958
f 1940//1940 1958//1958 1948//1948
f 2350//2350 1926//1926 1930//1930
f 1948//1948 1962//1962 1941//1941
f 1951//1951 3464//3464 1937//1937
f 1951//1951 1937//1937 1952//1952
f 3465//3465 3464//3464 1951//1951
f 1950//1950 1937//1937 1933//1933
f 1938//1938 1949//1949 1946//1946
f 1942//1942 1966//1966 1933//1933
f 1945//1945 1947//1947 1940//1940
f 1945//1945 1940//1940 1935//1935
f 1938//1938 1946//1946 1944//1944
f 1945//1945 1935//1935 1939//1939
f 1931//1931 1938//1938 1944//1944
f 1931//1931 1944//1944 1942//1942
f 1940//1940 1948//1948 1927//1927
f 1943//1943 1939//1939 1934//1934
f 1943//1943 1934//1934 1936//1936
f 2285//2285 1949//1949 1914//1914
f 2285//2285 1914//1914 2276//2276
f 1928//1928 1933//1933 1937//1937
f 1949//1949 1938//1938 1920//1920
f 1949//1949 1920//1920 1914//1914
f 1941//1941 1917//1917 1948//1948
f 1927//1927 1935//1935 1940//1940
f 1934//1934 1939//1939 1935//1935
f 1934//1934 1935//1935 1932//1932
f 1938//1938 1925//1925 1920//1920
f 3464//3464 1924//1924 1928//1928
f 3464//3464 1928//1928 1937//1937
f 1923//1923 1931//1931 1942//1942
f 1923//1923 1942//1942 1933//1933
f 1908//1908 1930//1930 1926//1926
f 1935//1935 1927//1927 1921//1921
f 1938//1938 1931//1931 1925//1925
f 2349//2349 1926//1926 2277//2277
f 1914//1914 1918//1918 2276//2276
f 1948//1948 1917//1917 1910//1910
f 1948//1948 1910//1910 1927//1927
f 1934//1934 1932//1932 1916//1916
f 1929//1929 1935//1935 1921//1921
f 1919//1919 1923//1923 1933//1933
f 1919//1919 1933//1933 1928//1928
f 1931//1931 1906//1906 1925//1925
f 1904//1904 1941//1941 1930//1930
f 1904//1904 1930//1930 1908//1908
f 1918//1918 2272//2272 2276//2276
f 1924//1924 1919//1919 1928//1928
f 2349//2349 1908//1908 1926//1926
f 1911//1911 1906//1906 1931//1931
f 1911//1911 1931//1931 1923//1923
f 2272//2272 1918//1918 1915//1915
f 1895//1895 1917//1917 1941//1941
f 1895//1895 1941//1941 1904//1904
f 1911//1911 1923//1923 1919//1919
f 1911//1911 1919//1919 1907//1907
f 1918//1918 1914//1914 1901//1901
f 1893//1893 1921//1921 1927//1927
f 1893//1893 1927//1927 1910//1910
f 1920//1920 1925//1925 1905//1905
f 1920//1920 1905//1905 1914//1914
f 1889//1889 1908//1908 2349//2349
f 1919//1919 1924//1924 3460//3460
f 1919//1919 3460//3460 1907//1907
f 2271//2271 1913//1913 1909//1909
f 1932//1932 1898//1898 1916//1916
f 1898//1898 1932//1932 1929//1929
f 1898//1898 1929//1929 1903//1903
f 1903//1903 1929//1929 1899//1899
f 1917//1917 1895//1895 1896//1896
f 1917//1917 1896//1896 1910//1910
f 1901//1901 1915//1915 1918//1918
f 1906//1906 1911//1911 1902//1902
f 1929//1929 1921//1921 1891//1891
f 1929//1929 1891//1891 1899//1899
f 1900//1900 1915//1915 1901//1901
f 1885//1885 1909//1909 1913//1913
f 1901//1901 1914//1914 1905//1905
f 1925//1925 1894//1894 1905//1905
f 1900//1900 1912//1912 1915//1915
f 1913//1913 1912//1912 1885//1885
f 1885//1885 1912//1912 1900//1900
f 1907//1907 1902//1902 1911//1911
f 1894//1894 1925//1925 1906//1906
f 1887//1887 1889//1889 2349//2349
f 1887//1887 2349//2349 1922//1922
f 1889//1889 1904//1904 1908//1908
f 1907//1907 3460//3460 3449//3449
f 1894//1894 1906//1906 1902//1902
f 1890//1890 1901//1901 1905//1905
f 1890//1890 1905//1905 1894//1894
f 1909//1909 1874//1874 1887//1887
f 1909//1909 1887//1887 1922//1922
f 1895//1895 1904//1904 1889//1889
f 1895//1895 1889//1889 1883//1883
f 1903//1903 1884//1884 1886//1886
f 1884//1884 1903//1903 1899//1899
f 1884//1884 1899//1899 1880//1880
f 1902//1902 1907//1907 3448//3448
f 1900//1900 1901//1901 1879//1879
f 1886//1886 1898//1898 1903//1903
f 1891//1891 1864//1864 1876//1876
f 1891//1891 1876//1876 1899//1899
f 1907//1907 3449//3449 3448//3448
f 3457//3457 1897//1897 1882//1882
f 3457//3457 1882//1882 1888//1888
f 1895//1895 1883//1883 1896//1896
f 1902//1902 1865//1865 1890//1890
f 1902//1902 1890//1890 1894//1894
f 1878//1878 1889//1889 1887//1887
f 1892//1892 1893//1893 1861//1861
f 1892//1892 1861//1861 1862//1862
f 1864//1864 1891//1891 1892//1892
f 1864//1864 1892//1892 1862//1862
f 1901//1901 1890//1890 1879//1879
f 3448//3448 1865//1865 1902//1902
f 1887//1887 1874//1874 1878//1878
f 1890//1890 1855//1855 1879//1879
f 1878//1878 1883//1883 1889//1889
f 1909//1909 1867//1867 1874//1874
f 1855//1855 1890//1890 1865//1865
f 1858//1858 1900//1900 1879//1879
f 1867//1867 1909//1909 1885//1885
f 1868//1868 1857//1857 1886//1886
f 1868//1868 1886//1886 1884//1884
f 1868//1868 1884//1884 1869//1869
f 1867//1867 1885//1885 1900//1900
f 1867//1867 1900//1900 1858//1858
f 1881//1881 1888//1888 1882//1882
f 1881//1881 1882//1882 1877//1877
f 1856//1856 1884//1884 1880//1880
f 1878//1878 1840//1840 1883//1883
f 1852//1852 1880//1880 1876//1876
f 1843//1843 1861//1861 1896//1896
f 1843//1843 1896//1896 1883//1883
f 1855//1855 1858//1858 1879//1879
f 1827//1827 1878//1878 1874//1874
f 1871//1871 1881//1881 1877//1877
f 1877//1877 1882//1882 1875//1875
f 1877//1877 1875//1875 1846//1846
f 1844//1844 1852//1852 1876//1876
f 1844//1844 1876//1876 1864//1864
f 1846//1846 1875//1875 1873//1873
f 1881//1881 1871//1871 1859//1859
f 1881//1881 1859//1859 1870//1870
f 1872//1872 1866//1866 3444//3444
f 1872//1872 3444//3444 1870//1870
f 2175//2175 1646//1646 1846//1846
f 2175//2175 1846//1846 1873//1873
f 3446//3446 1865//1865 3448//3448
f 1872//1872 1870//1870 1859//1859
f 1858//1858 1855//1855 1818//1818
f 1850//1850 1869//1869 1856//1856
f 1863//1863 1868//1868 1869//1869
f 1863//1863 1869//1869 1850//1850
f 1827//1827 1874//1874 1867//1867
f 1851//1851 1857//1857 1868//1868
f 1851//1851 1868//1868 1863//1863
f 1854//1854 3444//3444 1866//1866
f 1854//1854 1866//1866 1839//1839
f 1863//1863 1850//1850 1866//1866
f 1863//1863 1866//1866 1872//1872
f 1844//1844 1864//1864 1842//1842
f 1863//1863 1872//1872 1851//1851
f 1842//1842 1864//1864 1862//1862
f 1842//1842 1862//1862 1841//1841
f 1862//1862 1861//1861 1843//1843
f 1862//1862 1843//1843 1841//1841
f 1859//1859 1860//1860 1872//1872
f 1872//1872 1860//1860 1848//1848
f 1871//1871 1877//1877 1846//1846
f 1871//1871 1846//1846 1853//1853
f 1857//1857 1851//1851 1847//1847
f 3446//3446 1855//1855 1865//1865
f 1856//1856 1845//1845 1850//1850
f 1827//1827 1867//1867 1858//1858
f 1850//1850 1836//1836 1839//1839
f 1845//1845 1856//1856 1852//1852
f 1843//1843 1883//1883 1840//1840
f 1843//1843 1840//1840 1834//1834
f 1837//1837 1845//1845 1852//1852
f 1878//1878 1827//1827 1840//1840
f 1860//1860 1642//1642 1848//1848
f 1849//1849 1859//1859 1871//1871
f 1859//1859 1849//1849 1860//1860
f 1833//1833 3436//3436 3444//3444
f 1833//1833 3444//3444 1854//1854
f 1854//1854 1839//1839 1833//1833
f 1844//1844 1837//1837 1852//1852
f 1851//1851 1848//1848 1838//1838
f 1851//1851 1838//1838 1847//1847
f 1827//1827 1831//1831 1840//1840
f 1860//1860 1835//1835 1642//1642
f 1850//1850 1845//1845 1823//1823
f 1850//1850 1823//1823 1836//1836
f 1849//1849 1835//1835 1860//1860
f 1822//1822 1823//1823 1845//1845
f 1646//1646 1853//1853 1846//1846
f 1845//1845 1837//1837 1830//1830
f 1845//1845 1830//1830 1822//1822
f 1855//1855 3446//3446 3429//3429
f 1855//1855 3429//3429 1820//1820
f 1837//1837 1844//1844 1842//1842
f 1837//1837 1842//1842 1829//1829
f 1841//1841 1843//1843 1834//1834
f 1841//1841 1834//1834 1828//1828
f 1828//1828 1829//1829 1842//1842
f 1828//1828 1842//1842 1841//1841
f 1834//1834 1840//1840 1831//1831
f 1855//1855 1820//1820 1818//1818
f 1836//1836 1833//1833 1839//1839
f 1827//1827 1858//1858 1818//1818
f 1837//1837 1829//1829 1830//1830
f 1853//1853 1825//1825 1871//1871
f 1838//1838 1848//1848 1642//1642
f 1871//1871 1825//1825 1849//1849
f 1822//1822 1830//1830 1811//1811
f 1828//1828 1834//1834 1831//1831
f 1828//1828 1831//1831 1810//1810
f 1849//1849 1636//1636 1835//1835
f 1825//1825 1636//1636 1849//1849
f 1833//1833 1836//1836 1824//1824
f 1833//1833 1824//1824 1832//1832
f 1815//1815 1826//1826 1832//1832
f 1815//1815 1832//1832 1824//1824
f 1817//1817 1831//1831 1827//1827
f 1830//1830 1829//1829 1809//1809
f 1830//1830 1809//1809 1811//1811
f 1829//1829 1828//1828 1810//1810
f 1829//1829 1810//1810 1809//1809
f 1818//1818 1817//1817 1827//1827
f 1836//1836 1823//1823 1821//1821
f 1836//1836 1821//1821 1824//1824
f 1815//1815 1824//1824 1821//1821
f 1821//1821 1823//1823 1822//1822
f 1811//1811 1821//1821 1822//1822
f 1820//1820 1808//1808 1818//1818
f 1808//1808 1820//1820 1819//1819
f 3425//3425 1819//1819 1820//1820
f 3424//3424 3423//3423 1819//1819
f 3424//3424 1819//1819 3425//3425
f 3424//3424 3425//3425 3421//3421
f 1826//1826 1815//1815 1814//1814
f 1826//1826 1814//1814 3422//3422
f 1819//1819 3423//3423 1813//1813
f 3423//3423 3422//3422 1814//1814
f 3423//3423 1814//1814 1813//1813
f 1817//1817 1806//1806 1810//1810
f 1817//1817 1810//1810 1831//1831
f 1819//1819 1816//1816 1808//1808
f 1818//1818 1808//1808 1817//1817
f 1812//1812 1821//1821 1811//1811
f 1817//1817 1808//1808 1806//1806
f 1815//1815 1821//1821 1814//1814
f 1821//1821 1812//1812 1814//1814
f 1819//1819 1813//1813 1816//1816
f 1816//1816 1807//1807 1808//1808
f 1813//1813 1814//1814 1812//1812
f 1816//1816 1813//1813 1812//1812
f 1811//1811 1809//1809 1807//1807
f 1811//1811 1807//1807 1812//1812
f 1816//1816 1812//1812 1807//1807
f 1806//1806 1807//1807 1809//1809
f 1806//1806 1809//1809 1810//1810
f 1808//1808 1807//1807 1806//1806
f 2354//2354 2326//2326 2043//2043
f 2354//2354 2043//2043 2053//2053
f 2333//2333 2335//2335 2337//2337
f 2318//2318 2312//2312 2316//2316
f 2415//2415 2421//2421 2302//2302
f 2288//2288 2287//2287 2405//2405
f 2091//2091 2093//2093 2348//2348
f 2348//2348 2093//2093 2346//2346
f 2091//2091 2341//2341 2087//2087
f 2341//2341 2338//2338 2087//2087
f 2348//2348 2344//2344 2342//2342
f 2348//2348 2342//2342 2091//2091
f 2344//2344 2348//2348 2343//2343
f 2345//2345 2340//2340 2346//2346
f 2341//2341 2091//2091 2342//2342
f 2343//2343 2348//2348 2346//2346
f 2340//2340 2343//2343 2346//2346
f 2338//2338 2341//2341 2351//2351
f 2087//2087 2338//2338 2347//2347
f 2344//2344 2269//2269 2342//2342
f 2344//2344 2343//2343 2469//2469
f 2353//2353 2068//2068 2347//2347
f 2469//2469 2343//2343 2267//2267
f 2347//2347 2338//2338 2352//2352
f 2267//2267 2343//2343 2340//2340
f 2342//2342 2269//2269 2351//2351
f 2342//2342 2351//2351 2341//2341
f 2345//2345 2339//2339 2337//2337
f 2268//2268 2267//2267 2340//2340
f 2354//2354 2068//2068 2353//2353
f 2345//2345 2337//2337 2340//2340
f 2338//2338 2336//2336 2334//2334
f 2352//2352 2338//2338 2334//2334
f 2339//2339 2333//2333 2337//2337
f 2268//2268 2340//2340 2337//2337
f 2332//2332 2354//2354 2353//2353
f 2336//2336 2351//2351 2489//2489
f 2269//2269 2451//2451 2489//2489
f 2269//2269 2489//2489 2351//2351
f 2353//2353 2352//2352 2331//2331
f 2335//2335 2328//2328 2268//2268
f 2335//2335 2268//2268 2337//2337
f 2335//2335 2330//2330 2328//2328
f 2455//2455 2334//2334 2336//2336
f 2328//2328 2453//2453 2467//2467
f 2328//2328 2467//2467 2268//2268
f 2330//2330 2335//2335 2333//2333
f 2331//2331 2329//2329 2332//2332
f 2331//2331 2332//2332 2353//2353
f 2333//2333 2037//2037 2330//2330
f 2329//2329 2327//2327 2332//2332
f 2330//2330 2325//2325 2328//2328
f 2354//2354 2332//2332 2326//2326
f 2326//2326 2332//2332 2327//2327
f 2326//2326 2327//2327 2355//2355
f 2453//2453 2328//2328 2324//2324
f 2453//2453 2324//2324 2450//2450
f 2330//2330 2037//2037 2323//2323
f 2330//2330 2323//2323 2325//2325
f 2490//2490 2355//2355 2327//2327
f 2490//2490 2327//2327 2329//2329
f 2325//2325 2321//2321 2324//2324
f 2325//2325 2324//2324 2328//2328
f 2322//2322 2326//2326 2355//2355
f 2320//2320 2318//2318 2324//2324
f 2318//2318 2444//2444 2450//2450
f 2318//2318 2450//2450 2324//2324
f 2485//2485 2322//2322 2355//2355
f 2485//2485 2355//2355 2490//2490
f 2323//2323 2321//2321 2325//2325
f 2033//2033 2322//2322 2319//2319
f 2321//2321 2320//2320 2324//2324
f 2321//2321 2317//2317 2320//2320
f 2491//2491 2319//2319 2322//2322
f 2491//2491 2322//2322 2485//2485
f 2321//2321 2323//2323 2317//2317
f 2444//2444 2318//2318 2316//2316
f 2444//2444 2316//2316 2435//2435
f 2491//2491 2314//2314 2319//2319
f 2312//2312 2318//2318 2320//2320
f 2316//2316 2312//2312 2311//2311
f 2316//2316 2311//2311 2432//2432
f 2316//2316 2432//2432 2435//2435
f 2320//2320 2317//2317 2312//2312
f 2310//2310 2314//2314 2315//2315
f 2310//2310 2315//2315 2483//2483
f 2312//2312 2317//2317 2313//2313
f 2317//2317 2007//2007 2313//2313
f 2313//2313 2007//2007 2306//2306
f 2312//2312 2313//2313 2309//2309
f 2312//2312 2309//2309 2308//2308
f 2312//2312 2308//2308 2311//2311
f 2311//2311 2308//2308 2428//2428
f 2311//2311 2428//2428 2432//2432
f 2307//2307 2310//2310 2483//2483
f 2307//2307 2483//2483 2481//2481
f 2309//2309 2305//2305 2308//2308
f 2308//2308 2305//2305 2423//2423
f 2308//2308 2423//2423 2428//2428
f 2304//2304 2307//2307 2481//2481
f 2304//2304 2481//2481 2478//2478
f 2303//2303 2313//2313 2306//2306
f 2478//2478 2477//2477 2301//2301
f 2423//2423 2305//2305 2421//2421
f 2302//2302 2309//2309 2313//2313
f 2302//2302 2313//2313 2303//2303
f 2302//2302 2305//2305 2309//2309
f 2301//2301 2304//2304 2478//2478
f 1976//1976 2304//2304 2301//2301
f 2302//2302 2421//2421 2305//2305
f 2303//2303 2300//2300 2302//2302
f 2415//2415 2417//2417 2421//2421
f 2302//2302 2300//2300 2299//2299
f 2415//2415 2302//2302 2299//2299
f 1976//1976 2301//2301 2298//2298
f 2298//2298 2475//2475 2473//2473
f 2298//2298 2473//2473 2294//2294
f 2297//2297 2295//2295 2303//2303
f 2299//2299 2296//2296 2415//2415
f 2303//2303 2295//2295 2300//2300
f 1956//1956 2298//2298 2294//2294
f 2300//2300 2295//2295 2293//2293
f 2300//2300 2293//2293 2299//2299
f 2294//2294 2473//2473 2488//2488
f 2294//2294 2488//2488 2292//2292
f 2296//2296 2299//2299 2293//2293
f 2296//2296 2293//2293 2290//2290
f 2295//2295 2297//2297 2291//2291
f 2295//2295 2291//2291 2289//2289
f 2350//2350 2294//2294 2292//2292
f 2292//2292 2488//2488 2472//2472
f 2295//2295 2289//2289 2288//2288
f 2295//2295 2288//2288 2293//2293
f 2350//2350 1956//1956 2294//2294
f 2288//2288 2290//2290 2293//2293
f 2277//2277 2350//2350 2292//2292
f 2277//2277 2292//2292 2472//2472
f 2285//2285 2286//2286 2289//2289
f 2285//2285 2289//2289 2291//2291
f 2288//2288 2405//2405 2290//2290
f 2289//2289 2286//2286 2287//2287
f 2289//2289 2287//2287 2288//2288
f 2350//2350 2277//2277 1926//1926
f 2286//2286 2283//2283 2284//2284
f 2286//2286 2284//2284 2287//2287
f 2285//2285 2283//2283 2286//2286
f 2287//2287 2284//2284 2405//2405
f 2472//2472 2282//2282 2280//2280
f 2472//2472 2280//2280 2277//2277
f 2285//2285 2276//2276 2283//2283
f 2279//2279 2402//2402 2405//2405
f 2279//2279 2405//2405 2284//2284
f 2277//2277 2280//2280 2349//2349
f 2471//2471 2282//2282 2281//2281
f 2471//2471 2410//2410 2275//2275
f 2283//2283 2272//2272 2279//2279
f 2283//2283 2279//2279 2284//2284
f 2487//2487 2275//2275 2410//2410
f 2487//2487 2278//2278 2275//2275
f 2487//2487 2399//2399 2278//2278
f 2273//2273 2279//2279 2272//2272
f 2276//2276 2272//2272 2283//2283
f 2386//2386 2274//2274 2278//2278
f 2387//2387 2386//2386 2278//2278
f 2387//2387 2278//2278 2399//2399
f 2390//2390 2279//2279 2273//2273
f 1915//1915 2273//2273 2272//2272
f 2275//2275 2278//2278 2271//2271
f 1922//1922 2282//2282 2471//2471
f 2471//2471 2275//2275 1922//1922
f 1913//1913 2271//2271 2278//2278
f 1913//1913 2278//2278 2274//2274
f 2274//2274 1912//1912 1913//1913
f 1912//1912 2274//2274 2270//2270
f 2270//2270 2273//2273 1912//1912
f 2270//2270 2384//2384 2390//2390
f 2270//2270 2390//2390 2273//2273
f 2274//2274 2386//2386 2384//2384
f 2274//2274 2384//2384 2270//2270
f 2275//2275 2271//2271 1922//1922
f 2273//2273 1915//1915 1912//1912
f 2269//2269 2344//2344 2457//2457
f 2269//2269 2457//2457 2451//2451
f 2469//2469 2457//2457 2344//2344
f 2470//2470 2469//2469 2267//2267
f 2267//2267 2468//2468 2470//2470
f 2468//2468 2267//2267 2268//2268
f 2468//2468 2268//2268 2467//2467
f 2402//2402 2279//2279 2390//2390
f 2384//2384 2389//2389 2390//2390
f 2280//2280 2282//2282 1922//1922
f 2280//2280 1922//1922 2349//2349
f 2472//2472 2281//2281 2282//2282
f 1956//1956 1976//1976 2298//2298
f 2477//2477 2475//2475 2298//2298
f 2477//2477 2298//2298 2301//2301
f 2351//2351 2336//2336 2338//2338
f 2336//2336 2489//2489 2455//2455
f 2353//2353 2347//2347 2352//2352
f 2486//2486 2329//2329 2331//2331
f 2490//2490 2329//2329 2486//2486
f 2436//2436 2439//2439 2440//2440
f 2437//2437 2433//2433 2440//2440
f 2586//2586 2587//2587 2383//2383
f 2511//2511 2509//2509 2369//2369
f 2356//2356 2539//2539 2493//2493
f 2371//2371 2356//2356 2431//2431
f 2371//2371 2431//2431 2427//2427
f 2383//2383 2371//2371 2427//2427
f 2383//2383 2427//2427 2420//2420
f 2382//2382 2383//2383 2420//2420
f 2382//2382 2420//2420 2417//2417
f 2380//2380 2382//2382 2417//2417
f 2379//2379 2380//2380 2414//2414
f 2379//2379 2414//2414 2412//2412
f 2378//2378 2379//2379 2412//2412
f 2378//2378 2412//2412 2408//2408
f 2377//2377 2378//2378 2408//2408
f 2377//2377 2408//2408 2404//2404
f 2376//2376 2377//2377 2404//2404
f 2376//2376 2404//2404 2400//2400
f 2372//2372 2376//2376 2400//2400
f 2372//2372 2400//2400 2397//2397
f 2373//2373 2372//2372 2397//2397
f 2373//2373 2397//2397 2393//2393
f 2374//2374 2373//2373 2393//2393
f 2374//2374 2393//2393 2392//2392
f 2375//2375 2374//2374 2392//2392
f 2375//2375 2392//2392 2394//2394
f 2577//2577 2375//2375 2394//2394
f 2577//2577 2394//2394 2395//2395
f 2396//2396 2577//2577 2395//2395
f 2381//2381 2398//2398 2413//2413
f 2418//2418 2381//2381 2413//2413
f 2495//2495 2357//2357 2433//2433
f 2495//2495 2433//2433 2437//2437
f 2360//2360 2495//2495 2437//2437
f 2360//2360 2437//2437 2441//2441
f 2363//2363 2360//2360 2441//2441
f 2363//2363 2441//2441 2452//2452
f 2365//2365 2363//2363 2452//2452
f 2365//2365 2452//2452 2456//2456
f 2367//2367 2365//2365 2456//2456
f 2367//2367 2456//2456 2462//2462
f 2368//2368 2367//2367 2462//2462
f 2368//2368 2462//2462 2463//2463
f 2369//2369 2368//2368 2463//2463
f 2369//2369 2463//2463 2466//2466
f 2370//2370 2369//2369 2466//2466
f 2370//2370 2466//2466 2460//2460
f 2366//2366 2370//2370 2460//2460
f 2366//2366 2460//2460 2458//2458
f 2364//2364 2366//2366 2458//2458
f 2364//2364 2458//2458 2454//2454
f 2362//2362 2364//2364 2454//2454
f 2362//2362 2454//2454 2449//2449
f 2361//2361 2362//2362 2449//2449
f 2361//2361 2449//2449 2443//2443
f 2359//2359 2361//2361 2443//2443
f 2359//2359 2443//2443 2438//2438
f 2358//2358 2359//2359 2438//2438
f 2358//2358 2438//2438 2435//2435
f 2356//2356 2358//2358 2431//2431
f 2334//2334 2445//2445 2446//2446
f 2334//2334 2446//2446 2352//2352
f 2334//2334 2455//2455 2445//2445
f 2446//2446 2486//2486 2331//2331
f 2446//2446 2331//2331 2352//2352
f 2446//2446 2440//2440 2439//2439
f 2446//2446 2439//2439 2486//2486
f 2486//2486 2439//2439 2485//2485
f 2486//2486 2485//2485 2490//2490
f 2439//2439 2491//2491 2485//2485
f 2439//2439 2436//2436 2491//2491
f 2314//2314 2491//2491 2484//2484
f 2484//2484 2491//2491 2436//2436
f 2484//2484 2436//2436 2434//2434
f 2315//2315 2314//2314 2484//2484
f 2482//2482 2483//2483 2484//2484
f 2484//2484 2483//2483 2315//2315
f 2482//2482 2484//2484 2434//2434
f 2483//2483 2480//2480 2481//2481
f 2482//2482 2480//2480 2483//2483
f 2480//2480 2482//2482 2425//2425
f 2479//2479 2480//2480 2425//2425
f 2479//2479 2425//2425 2424//2424
f 2480//2480 2478//2478 2481//2481
f 2480//2480 2479//2479 2478//2478
f 2476//2476 2479//2479 2424//2424
f 2479//2479 2476//2476 2477//2477
f 2479//2479 2477//2477 2478//2478
f 2477//2477 2476//2476 2475//2475
f 2416//2416 2474//2474 2476//2476
f 2419//2419 2416//2416 2476//2476
f 2473//2473 2476//2476 2474//2474
f 2476//2476 2473//2473 2475//2475
f 2473//2473 2474//2474 2488//2488
f 2409//2409 2281//2281 2488//2488
f 2409//2409 2488//2488 2474//2474
f 2472//2472 2488//2488 2281//2281
f 2410//2410 2471//2471 2281//2281
f 2410//2410 2281//2281 2409//2409
f 2468//2468 2465//2465 2464//2464
f 2468//2468 2464//2464 2470//2470
f 2459//2459 2469//2469 2470//2470
f 2459//2459 2470//2470 2464//2464
f 2469//2469 2459//2459 2457//2457
f 2465//2465 2468//2468 2467//2467
f 2465//2465 2467//2467 2461//2461
f 2451//2451 2447//2447 2489//2489
f 2463//2463 2464//2464 2465//2465
f 2463//2463 2465//2465 2466//2466
f 2466//2466 2465//2465 2461//2461
f 2466//2466 2461//2461 2460//2460
f 2464//2464 2463//2463 2462//2462
f 2459//2459 2464//2464 2462//2462
f 2458//2458 2460//2460 2461//2461
f 2456//2456 2457//2457 2459//2459
f 2456//2456 2459//2459 2462//2462
f 2453//2453 2461//2461 2467//2467
f 2458//2458 2461//2461 2453//2453
f 2458//2458 2453//2453 2454//2454
f 2457//2457 2456//2456 2452//2452
f 2457//2457 2452//2452 2451//2451
f 2455//2455 2447//2447 2445//2445
f 2453//2453 2450//2450 2448//2448
f 2454//2454 2453//2453 2448//2448
f 2454//2454 2448//2448 2449//2449
f 2447//2447 2451//2451 2452//2452
f 2447//2447 2452//2452 2441//2441
f 2450//2450 2444//2444 2442//2442
f 2450//2450 2442//2442 2448//2448
f 2449//2449 2448//2448 2442//2442
f 2449//2449 2442//2442 2443//2443
f 2441//2441 2440//2440 2445//2445
f 2441//2441 2445//2445 2447//2447
f 2445//2445 2440//2440 2446//2446
f 2442//2442 2444//2444 2438//2438
f 2438//2438 2443//2443 2442//2442
f 2441//2441 2437//2437 2440//2440
f 2444//2444 2435//2435 2438//2438
f 2440//2440 2433//2433 2436//2436
f 2436//2436 2433//2433 2434//2434
f 2431//2431 2358//2358 2435//2435
f 2431//2431 2435//2435 2432//2432
f 2433//2433 2357//2357 2434//2434
f 2434//2434 2430//2430 2482//2482
f 2430//2430 2434//2434 2357//2357
f 2430//2430 2357//2357 2429//2429
f 2431//2431 2432//2432 2428//2428
f 2431//2431 2428//2428 2427//2427
f 2430//2430 2425//2425 2482//2482
f 2425//2425 2430//2430 2429//2429
f 2425//2425 2429//2429 2426//2426
f 2423//2423 2427//2427 2428//2428
f 2426//2426 2588//2588 2424//2424
f 2424//2424 2425//2425 2426//2426
f 2588//2588 2422//2422 2424//2424
f 2424//2424 2419//2419 2476//2476
f 2423//2423 2421//2421 2420//2420
f 2420//2420 2427//2427 2423//2423
f 2419//2419 2424//2424 2422//2422
f 2420//2420 2421//2421 2417//2417
f 2418//2418 2419//2419 2422//2422
f 2418//2418 2416//2416 2419//2419
f 2416//2416 2409//2409 2474//2474
f 2418//2418 2413//2413 2416//2416
f 2415//2415 2414//2414 2417//2417
f 2414//2414 2380//2380 2417//2417
f 2296//2296 2411//2411 2414//2414
f 2296//2296 2414//2414 2415//2415
f 2414//2414 2411//2411 2412//2412
f 2406//2406 2409//2409 2416//2416
f 2406//2406 2416//2416 2413//2413
f 2413//2413 2398//2398 2406//2406
f 2296//2296 2290//2290 2407//2407
f 2296//2296 2407//2407 2411//2411
f 2407//2407 2408//2408 2412//2412
f 2407//2407 2412//2412 2411//2411
f 2406//2406 2487//2487 2410//2410
f 2406//2406 2410//2410 2409//2409
f 2405//2405 2403//2403 2407//2407
f 2405//2405 2407//2407 2290//2290
f 2403//2403 2404//2404 2408//2408
f 2403//2403 2408//2408 2407//2407
f 2398//2398 2399//2399 2406//2406
f 2403//2403 2405//2405 2402//2402
f 2403//2403 2402//2402 2401//2401
f 2401//2401 2400//2400 2404//2404
f 2401//2401 2404//2404 2403//2403
f 2397//2397 2400//2400 2401//2401
f 2388//2388 2387//2387 2399//2399
f 2388//2388 2399//2399 2398//2398
f 2388//2388 2398//2398 2396//2396
f 2391//2391 2393//2393 2397//2397
f 2391//2391 2397//2397 2401//2401
f 2395//2395 2385//2385 2388//2388
f 2395//2395 2388//2388 2396//2396
f 2385//2385 2395//2395 2394//2394
f 2389//2389 2385//2385 2394//2394
f 2392//2392 2391//2391 2389//2389
f 2392//2392 2389//2389 2394//2394
f 2391//2391 2392//2392 2393//2393
f 2402//2402 2391//2391 2401//2401
f 2391//2391 2402//2402 2390//2390
f 2389//2389 2391//2391 2390//2390
f 2384//2384 2385//2385 2389//2389
f 2387//2387 2388//2388 2385//2385
f 2387//2387 2385//2385 2386//2386
f 2385//2385 2384//2384 2386//2386
f 2585//2585 2422//2422 2588//2588
f 2382//2382 2584//2584 2586//2586
f 2382//2382 2586//2586 2383//2383
f 2418//2418 2422//2422 2585//2585
f 2583//2583 2584//2584 2382//2382
f 2583//2583 2382//2382 2380//2380
f 2582//2582 2398//2398 2381//2381
f 2583//2583 2380//2380 2379//2379
f 2583//2583 2379//2379 2581//2581
f 2580//2580 2581//2581 2379//2379
f 2580//2580 2379//2379 2378//2378
f 2582//2582 2579//2579 2396//2396
f 2582//2582 2396//2396 2398//2398
f 2578//2578 2580//2580 2378//2378
f 2578//2578 2378//2378 2377//2377
f 2396//2396 2579//2579 2577//2577
f 2575//2575 2375//2375 2577//2577
f 2377//2377 2376//2376 2576//2576
f 2377//2377 2576//2576 2578//2578
f 2375//2375 2575//2575 2574//2574
f 2375//2375 2574//2574 2374//2374
f 2374//2374 2574//2574 2569//2569
f 2374//2374 2569//2569 2373//2373
f 2569//2569 2567//2567 2372//2372
f 2569//2569 2372//2372 2373//2373
f 2376//2376 2372//2372 2567//2567
f 2376//2376 2567//2567 2576//2576
f 2371//2371 2383//2383 2587//2587
f 2371//2371 2587//2587 2539//2539
f 2540//2540 2588//2588 2426//2426
f 2426//2426 2429//2429 2492//2492
f 2426//2426 2492//2492 2540//2540
f 2539//2539 2356//2356 2371//2371
f 2500//2500 2370//2370 2366//2366
f 2369//2369 2370//2370 2500//2500
f 2369//2369 2500//2500 2511//2511
f 2369//2369 2509//2509 2368//2368
f 2368//2368 2509//2509 2508//2508
f 2368//2368 2508//2508 2367//2367
f 2501//2501 2500//2500 2366//2366
f 2501//2501 2366//2366 2364//2364
f 2365//2365 2367//2367 2508//2508
f 2364//2364 2362//2362 2499//2499
f 2364//2364 2499//2499 2501//2501
f 2360//2360 2363//2363 2506//2506
f 2362//2362 2361//2361 2498//2498
f 2362//2362 2498//2498 2499//2499
f 2498//2498 2361//2361 2359//2359
f 2498//2498 2359//2359 2497//2497
f 2495//2495 2360//2360 2506//2506
f 2359//2359 2358//2358 2496//2496
f 2359//2359 2496//2496 2497//2497
f 2495//2495 2494//2494 2357//2357
f 2358//2358 2503//2503 2496//2496
f 2492//2492 2429//2429 2357//2357
f 2492//2492 2357//2357 2494//2494
f 2503//2503 2358//2358 2356//2356
f 2503//2503 2356//2356 2493//2493
f 2487//2487 2406//2406 2399//2399
f 2455//2455 2489//2489 2447//2447
f 2587//2587 2541//2541 2538//2538
f 2562//2562 2558//2558 2557//2557
f 2553//2553 2917//2917 2912//2912
f 2550//2550 2548//2548 2553//2553
f 2538//2538 2505//2505 2539//2539
f 2556//2556 2555//2555 2580//2580
f 2556//2556 2580//2580 2578//2578
f 2578//2578 2576//2576 2573//2573
f 2578//2578 2573//2573 2556//2556
f 2581//2581 2580//2580 2555//2555
f 2581//2581 2555//2555 2552//2552
f 2552//2552 2572//2572 2583//2583
f 2552//2552 2583//2583 2581//2581
f 2584//2584 2583//2583 2572//2572
f 2584//2584 2572//2572 2571//2571
f 2586//2586 2584//2584 2571//2571
f 2586//2586 2571//2571 2570//2570
f 2587//2587 2586//2586 2570//2570
f 2587//2587 2570//2570 2541//2541
f 2585//2585 2588//2588 2542//2542
f 2381//2381 2418//2418 2585//2585
f 2582//2582 2381//2381 2585//2585
f 2582//2582 2585//2585 2546//2546
f 2546//2546 2579//2579 2582//2582
f 2579//2579 2551//2551 2575//2575
f 2579//2579 2575//2575 2577//2577
f 2551//2551 2574//2574 2575//2575
f 2574//2574 2568//2568 2569//2569
f 2567//2567 2569//2569 2568//2568
f 2567//2567 2568//2568 2566//2566
f 2566//2566 2573//2573 2576//2576
f 2566//2566 2576//2576 2567//2567
f 2558//2558 2566//2566 2568//2568
f 2560//2560 2561//2561 2925//2925
f 2562//2562 2559//2559 2558//2558
f 2562//2562 2561//2561 2559//2559
f 2558//2558 2559//2559 2566//2566
f 2559//2559 2573//2573 2566//2566
f 2560//2560 2556//2556 2559//2559
f 2560//2560 2559//2559 2561//2561
f 2559//2559 2556//2556 2573//2573
f 2925//2925 2917//2917 2560//2560
f 2560//2560 2555//2555 2556//2556
f 2568//2568 2554//2554 2558//2558
f 2553//2553 2560//2560 2917//2917
f 2554//2554 2557//2557 2558//2558
f 2555//2555 2560//2560 2553//2553
f 2554//2554 2568//2568 2574//2574
f 2889//2889 2897//2897 2557//2557
f 2889//2889 2557//2557 2554//2554
f 2555//2555 2553//2553 2552//2552
f 2912//2912 2550//2550 2553//2553
f 2551//2551 2554//2554 2574//2574
f 2548//2548 2552//2552 2553//2553
f 2548//2548 2572//2572 2552//2552
f 2889//2889 2554//2554 2551//2551
f 2551//2551 2579//2579 2549//2549
f 2551//2551 2853//2853 2889//2889
f 2893//2893 2889//2889 2853//2853
f 2853//2853 2551//2551 2549//2549
f 2549//2549 2579//2579 2546//2546
f 2547//2547 2571//2571 2572//2572
f 2547//2547 2572//2572 2548//2548
f 2550//2550 2545//2545 2548//2548
f 2545//2545 2547//2547 2548//2548
f 2878//2878 2860//2860 2544//2544
f 2878//2878 2544//2544 2550//2550
f 2546//2546 2820//2820 2549//2549
f 2545//2545 2543//2543 2547//2547
f 2547//2547 2543//2543 2570//2570
f 2547//2547 2570//2570 2571//2571
f 2544//2544 2545//2545 2550//2550
f 2820//2820 2546//2546 2542//2542
f 2820//2820 2542//2542 2805//2805
f 2546//2546 2585//2585 2542//2542
f 2860//2860 2832//2832 2544//2544
f 2544//2544 2564//2564 2545//2545
f 2542//2542 2565//2565 2962//2962
f 2542//2542 2962//2962 2805//2805
f 2545//2545 2564//2564 2541//2541
f 2545//2545 2541//2541 2543//2543
f 2542//2542 2588//2588 2565//2565
f 2541//2541 2570//2570 2543//2543
f 2832//2832 2563//2563 2544//2544
f 2544//2544 2563//2563 2564//2564
f 2538//2538 2541//2541 2564//2564
f 2535//2535 2563//2563 2832//2832
f 2535//2535 2832//2832 2749//2749
f 2536//2536 2564//2564 2563//2563
f 2536//2536 2563//2563 2535//2535
f 2538//2538 2564//2564 2536//2536
f 2537//2537 2565//2565 2588//2588
f 2537//2537 2962//2962 2565//2565
f 2782//2782 2962//2962 2537//2537
f 2537//2537 2588//2588 2540//2540
f 2539//2539 2587//2587 2538//2538
f 2540//2540 2492//2492 2512//2512
f 2540//2540 2512//2512 2537//2537
f 2537//2537 2512//2512 2782//2782
f 2536//2536 2534//2534 2505//2505
f 2536//2536 2505//2505 2538//2538
f 2534//2534 2536//2536 2535//2535
f 2534//2534 2535//2535 2529//2529
f 2529//2529 2535//2535 2749//2749
f 2529//2529 2749//2749 2670//2670
f 2534//2534 2533//2533 2504//2504
f 2534//2534 2504//2504 2505//2505
f 2530//2530 2512//2512 2494//2494
f 2512//2512 2530//2530 2532//2532
f 2533//2533 2534//2534 2529//2529
f 2531//2531 2503//2503 2504//2504
f 2531//2531 2504//2504 2533//2533
f 2532//2532 2528//2528 2707//2707
f 2532//2532 2530//2530 2528//2528
f 2496//2496 2503//2503 2531//2531
f 2531//2531 2533//2533 2523//2523
f 2527//2527 2528//2528 2530//2530
f 2530//2530 2494//2494 2506//2506
f 2523//2523 2533//2533 2529//2529
f 2506//2506 2527//2527 2530//2530
f 2528//2528 2527//2527 2526//2526
f 2529//2529 2670//2670 2665//2665
f 2529//2529 2665//2665 2523//2523
f 2524//2524 2496//2496 2531//2531
f 2527//2527 2507//2507 2526//2526
f 2523//2523 2524//2524 2531//2531
f 2527//2527 2506//2506 2507//2507
f 2522//2522 2654//2654 2525//2525
f 2524//2524 2521//2521 2502//2502
f 2525//2525 2526//2526 2507//2507
f 2523//2523 2521//2521 2524//2524
f 2525//2525 2520//2520 2522//2522
f 2507//2507 2508//2508 2525//2525
f 2520//2520 2525//2525 2508//2508
f 2518//2518 2502//2502 2521//2521
f 2519//2519 2521//2521 2523//2523
f 2521//2521 2519//2519 2517//2517
f 2521//2521 2517//2517 2518//2518
f 2520//2520 2516//2516 2646//2646
f 2520//2520 2646//2646 2522//2522
f 2514//2514 2501//2501 2518//2518
f 2519//2519 2645//2645 2517//2517
f 2510//2510 2516//2516 2520//2520
f 2518//2518 2517//2517 2514//2514
f 2514//2514 2500//2500 2501//2501
f 2514//2514 2517//2517 2515//2515
f 2513//2513 2515//2515 2517//2517
f 2513//2513 2517//2517 2645//2645
f 2646//2646 2516//2516 2635//2635
f 2510//2510 2515//2515 2516//2516
f 2516//2516 2515//2515 2513//2513
f 2511//2511 2515//2515 2510//2510
f 2514//2514 2515//2515 2500//2500
f 2513//2513 2645//2645 2635//2635
f 2635//2635 2516//2516 2513//2513
f 2515//2515 2511//2511 2500//2500
f 2509//2509 2511//2511 2510//2510
f 2509//2509 2510//2510 2520//2520
f 2508//2508 2509//2509 2520//2520
f 2365//2365 2508//2508 2507//2507
f 2507//2507 2363//2363 2365//2365
f 2506//2506 2363//2363 2507//2507
f 2506//2506 2494//2494 2495//2495
f 2494//2494 2512//2512 2492//2492
f 2505//2505 2504//2504 2493//2493
f 2505//2505 2493//2493 2539//2539
f 2504//2504 2503//2503 2493//2493
f 2496//2496 2524//2524 2497//2497
f 2524//2524 2502//2502 2497//2497
f 2498//2498 2497//2497 2502//2502
f 2502//2502 2518//2518 2499//2499
f 2502//2502 2499//2499 2498//2498
f 2501//2501 2499//2499 2518//2518
f 2924//2924 2925//2925 2906//2906
f 2877//2877 2882//2882 2865//2865
f 2853//2853 2892//2892 2893//2893
f 2829//2829 2807//2807 2830//2830
f 2799//2799 2841//2841 2791//2791
f 2953//2953 2818//2818 2954//2954
f 2963//2963 2849//2849 2943//2943
f 2752//2752 2758//2758 2714//2714
f 2755//2755 2737//2737 2696//2696
f 2766//2766 2743//2743 2733//2733
f 2715//2715 2532//2532 2707//2707
f 2697//2697 2664//2664 2736//2736
f 2701//2701 2685//2685 2684//2684
f 2638//2638 2647//2647 2639//2639
f 2662//2662 2659//2659 2632//2632
f 2635//2635 2633//2633 2636//2636
f 2941//2941 2928//2928 2942//2942
f 2935//2935 2940//2940 2934//2934
f 2937//2937 2938//2938 2935//2935
f 2935//2935 2934//2934 2937//2937
f 2939//2939 2928//2928 2941//2941
f 2937//2937 2928//2928 2938//2938
f 2935//2935 2936//2936 2940//2940
f 2941//2941 2942//2942 2911//2911
f 2939//2939 2909//2909 2928//2928
f 2930//2930 2934//2934 2940//2940
f 2933//2933 2937//2937 2934//2934
f 2909//2909 2902//2902 2928//2928
f 2930//2930 2920//2920 2934//2934
f 2932//2932 2935//2935 2938//2938
f 2933//2933 2929//2929 2937//2937
f 2932//2932 2931//2931 2936//2936
f 2932//2932 2936//2936 2935//2935
f 2919//2919 2932//2932 2938//2938
f 2919//2919 2938//2938 2928//2928
f 2923//2923 2941//2941 2911//2911
f 2920//2920 2933//2933 2934//2934
f 2929//2929 2942//2942 2928//2928
f 2928//2928 2937//2937 2929//2929
f 2936//2936 2922//2922 2930//2930
f 2936//2936 2930//2930 2940//2940
f 2942//2942 2929//2929 2927//2927
f 2929//2929 2924//2924 2927//2927
f 2924//2924 2929//2929 2933//2933
f 2924//2924 2933//2933 2925//2925
f 2928//2928 2902//2902 2919//2919
f 2898//2898 2942//2942 2927//2927
f 2930//2930 2916//2916 2920//2920
f 2925//2925 2933//2933 2920//2920
f 2925//2925 2920//2920 2917//2917
f 2922//2922 2936//2936 2931//2931
f 2909//2909 2939//2939 2926//2926
f 2930//2930 2921//2921 2916//2916
f 2898//2898 2911//2911 2942//2942
f 2927//2927 2904//2904 2898//2898
f 2930//2930 2918//2918 2921//2921
f 2925//2925 2562//2562 2906//2906
f 2918//2918 2930//2930 2922//2922
f 2919//2919 2896//2896 2932//2932
f 2916//2916 2917//2917 2920//2920
f 2562//2562 2925//2925 2561//2561
f 2927//2927 2924//2924 2908//2908
f 2927//2927 2908//2908 2993//2993
f 2932//2932 2914//2914 2931//2931
f 2915//2915 2918//2918 2922//2922
f 2909//2909 2907//2907 2902//2902
f 2562//2562 2557//2557 2913//2913
f 2913//2913 2906//2906 2562//2562
f 2915//2915 2922//2922 2931//2931
f 2911//2911 2898//2898 2885//2885
f 2917//2917 2916//2916 2912//2912
f 2918//2918 2910//2910 2921//2921
f 2924//2924 2906//2906 2908//2908
f 2896//2896 2914//2914 2932//2932
f 2909//2909 2894//2894 2907//2907
f 2996//2996 3000//3000 2908//2908
f 2911//2911 2886//2886 2923//2923
f 2910//2910 2918//2918 2905//2905
f 2868//2868 2919//2919 2902//2902
f 2907//2907 2894//2894 2923//2923
f 2872//2872 2908//2908 2906//2906
f 2931//2931 2903//2903 2915//2915
f 2915//2915 2901//2901 2905//2905
f 2915//2915 2905//2905 2918//2918
f 2911//2911 2885//2885 2870//2870
f 2904//2904 2927//2927 2879//2879
f 2927//2927 2993//2993 2879//2879
f 2868//2868 2891//2891 2919//2919
f 2996//2996 2908//2908 2872//2872
f 2813//2813 2907//2907 2923//2923
f 2896//2896 2919//2919 2891//2891
f 2899//2899 2916//2916 2921//2921
f 2897//2897 2913//2913 2557//2557
f 2813//2813 2923//2923 2886//2886
f 2900//2900 2914//2914 2896//2896
f 2915//2915 2903//2903 2901//2901
f 2904//2904 2879//2879 2898//2898
f 2888//2888 2896//2896 2891//2891
f 2899//2899 2921//2921 2910//2910
f 2899//2899 2910//2910 2895//2895
f 2893//2893 2913//2913 2897//2897
f 2896//2896 2888//2888 2900//2900
f 2886//2886 2911//2911 2870//2870
f 2913//2913 2893//2893 2892//2892
f 2914//2914 2900//2900 2880//2880
f 2913//2913 2892//2892 2906//2906
f 2906//2906 2892//2892 2872//2872
f 2905//2905 2890//2890 2895//2895
f 2905//2905 2895//2895 2910//2910
f 2887//2887 2903//2903 2931//2931
f 2887//2887 2931//2931 2914//2914
f 2891//2891 2868//2868 2883//2883
f 2878//2878 2912//2912 2916//2916
f 2878//2878 2916//2916 2899//2899
f 2999//2999 2996//2996 2872//2872
f 2889//2889 2893//2893 2897//2897
f 2902//2902 2907//2907 2868//2868
f 2901//2901 2861//2861 2890//2890
f 2901//2901 2890//2890 2905//2905
f 2880//2880 2900//2900 2884//2884
f 2879//2879 2885//2885 2898//2898
f 2861//2861 2901//2901 2903//2903
f 2861//2861 2903//2903 2855//2855
f 2888//2888 2877//2877 2900//2900
f 2887//2887 2914//2914 2880//2880
f 2878//2878 2899//2899 2895//2895
f 2878//2878 2895//2895 2860//2860
f 2990//2990 2989//2989 2867//2867
f 2990//2990 2867//2867 2993//2993
f 2881//2881 2888//2888 2891//2891
f 2868//2868 2907//2907 2875//2875
f 2878//2878 2550//2550 2912//2912
f 2855//2855 2903//2903 2851//2851
f 2845//2845 2813//2813 2886//2886
f 2888//2888 2882//2882 2877//2877
f 2891//2891 2883//2883 2881//2881
f 2888//2888 2881//2881 2882//2882
f 2993//2993 2867//2867 2879//2879
f 2882//2882 2873//2873 2865//2865
f 2851//2851 2903//2903 2887//2887
f 2900//2900 2877//2877 2884//2884
f 2987//2987 2999//2999 2846//2846
f 2883//2883 2876//2876 2881//2881
f 2871//2871 2877//2877 2865//2865
f 2880//2880 2884//2884 2871//2871
f 2874//2874 2882//2882 2881//2881
f 2887//2887 2880//2880 2837//2837
f 2886//2886 2959//2959 2845//2845
f 2875//2875 2907//2907 2813//2813
f 2890//2890 2860//2860 2895//2895
f 2846//2846 2999//2999 2872//2872
f 2874//2874 2850//2850 2882//2882
f 2876//2876 2874//2874 2881//2881
f 2865//2865 2869//2869 2871//2871
f 2837//2837 2880//2880 2847//2847
f 2876//2876 2859//2859 2874//2874
f 2884//2884 2877//2877 2871//2871
f 2850//2850 2873//2873 2882//2882
f 2870//2870 2885//2885 2794//2794
f 2862//2862 2859//2859 2876//2876
f 2815//2815 2859//2859 2852//2852
f 2859//2859 2862//2862 2852//2852
f 2847//2847 2880//2880 2871//2871
f 2864//2864 2873//2873 2866//2866
f 2868//2868 2856//2856 2883//2883
f 2863//2863 2874//2874 2859//2859
f 2870//2870 2959//2959 2886//2886
f 2866//2866 2873//2873 2843//2843
f 2821//2821 2864//2864 2866//2866
f 2866//2866 2839//2839 2821//2821
f 2869//2869 2865//2865 2817//2817
f 2987//2987 2846//2846 2842//2842
f 2838//2838 2852//2852 2862//2862
f 2874//2874 2863//2863 2850//2850
f 2871//2871 2869//2869 2802//2802
f 2867//2867 2989//2989 2842//2842
f 2850//2850 2849//2849 2873//2873
f 2865//2865 2873//2873 2864//2864
f 2801//2801 2875//2875 2813//2813
f 2854//2854 2871//2871 2802//2802
f 2847//2847 2871//2871 2854//2854
f 2849//2849 2858//2858 2873//2873
f 2851//2851 2814//2814 2855//2855
f 2883//2883 2856//2856 2841//2841
f 2865//2865 2833//2833 2817//2817
f 2856//2856 2868//2868 2875//2875
f 2817//2817 2816//2816 2869//2869
f 2872//2872 2848//2848 2846//2846
f 2829//2829 2835//2835 2839//2839
f 2829//2829 2839//2839 2866//2866
f 2864//2864 2834//2834 2865//2865
f 2844//2844 2852//2852 2838//2838
f 2848//2848 2872//2872 2892//2892
f 2848//2848 2892//2892 2853//2853
f 2844//2844 2857//2857 2852//2852
f 2851//2851 2887//2887 2837//2837
f 2850//2850 2831//2831 2849//2849
f 2829//2829 2866//2866 2843//2843
f 2841//2841 2876//2876 2883//2883
f 2815//2815 2863//2863 2859//2859
f 2857//2857 2844//2844 2852//2852
f 2794//2794 2885//2885 2879//2879
f 2794//2794 2879//2879 2836//2836
f 2839//2839 2835//2835 2840//2840
f 2854//2854 2837//2837 2847//2847
f 2844//2844 2815//2815 2852//2852
f 2876//2876 2841//2841 2862//2862
f 2890//2890 2832//2832 2860//2860
f 2862//2862 2799//2799 2838//2838
f 2835//2835 2829//2829 2830//2830
f 2879//2879 2867//2867 2836//2836
f 2828//2828 2809//2809 2839//2839
f 2828//2828 2839//2839 2840//2840
f 2827//2827 2826//2826 2828//2828
f 2827//2827 2828//2828 2840//2840
f 2825//2825 2824//2824 2826//2826
f 2825//2825 2826//2826 2827//2827
f 2822//2822 2825//2825 2827//2827
f 2822//2822 2827//2827 2823//2823
f 2823//2823 2827//2827 2840//2840
f 2823//2823 2840//2840 2835//2835
f 2957//2957 2954//2954 2824//2824
f 2957//2957 2824//2824 2825//2825
f 2958//2958 2957//2957 2825//2825
f 2958//2958 2825//2825 2822//2822
f 2838//2838 2945//2945 2844//2844
f 2844//2844 2945//2945 2815//2815
f 2850//2850 2863//2863 2796//2796
f 2839//2839 2809//2809 2821//2821
f 2875//2875 2801//2801 2856//2856
f 2832//2832 2890//2890 2861//2861
f 2824//2824 2819//2819 2826//2826
f 2954//2954 2818//2818 2819//2819
f 2954//2954 2819//2819 2824//2824
f 2873//2873 2800//2800 2843//2843
f 2785//2785 2834//2834 2864//2864
f 2800//2800 2873//2873 2858//2858
f 2855//2855 2814//2814 2861//2861
f 2812//2812 2823//2823 2835//2835
f 2812//2812 2835//2835 2830//2830
f 2811//2811 2822//2822 2823//2823
f 2811//2811 2823//2823 2812//2812
f 2810//2810 2958//2958 2822//2822
f 2810//2810 2822//2822 2811//2811
f 2865//2865 2834//2834 2608//2608
f 2865//2865 2608//2608 2793//2793
f 2821//2821 2785//2785 2864//2864
f 2809//2809 2784//2784 2821//2821
f 2807//2807 2829//2829 2843//2843
f 2807//2807 2843//2843 2808//2808
f 2763//2763 2817//2817 2833//2833
f 2836//2836 2867//2867 2842//2842
f 2809//2809 2806//2806 2784//2784
f 2828//2828 2804//2804 2806//2806
f 2828//2828 2806//2806 2809//2809
f 2805//2805 2853//2853 2549//2549
f 2805//2805 2549//2549 2820//2820
f 2802//2802 2869//2869 2792//2792
f 2961//2961 2836//2836 2842//2842
f 2853//2853 2805//2805 2848//2848
f 2800//2800 2808//2808 2843//2843
f 2834//2834 2785//2785 2944//2944
f 2826//2826 2804//2804 2828//2828
f 2819//2819 2803//2803 2804//2804
f 2819//2819 2804//2804 2826//2826
f 2818//2818 2803//2803 2819//2819
f 2832//2832 2861//2861 2814//2814
f 2833//2833 2865//2865 2793//2793
f 2831//2831 2850//2850 2796//2796
f 2841//2841 2856//2856 2791//2791
f 2870//2870 2794//2794 2960//2960
f 2870//2870 2960//2960 2959//2959
f 2788//2788 2854//2854 2802//2802
f 2788//2788 2837//2837 2854//2854
f 2814//2814 2851//2851 2797//2797
f 2798//2798 2800//2800 2858//2858
f 2943//2943 2849//2849 2831//2831
f 2796//2796 2863//2863 2815//2815
f 2816//2816 2817//2817 2790//2790
f 2797//2797 2851//2851 2837//2837
f 2790//2790 2817//2817 2763//2763
f 2841//2841 2799//2799 2862//2862
f 2797//2797 2837//2837 2788//2788
f 2813//2813 2845//2845 2795//2795
f 2792//2792 2869//2869 2816//2816
f 2784//2784 2806//2806 2767//2767
f 2806//2806 2804//2804 2950//2950
f 2806//2806 2950//2950 2767//2767
f 2810//2810 2956//2956 2958//2958
f 2944//2944 2608//2608 2834//2834
f 2956//2956 2810//2810 2811//2811
f 2956//2956 2811//2811 2955//2955
f 2955//2955 2811//2811 2812//2812
f 2955//2955 2812//2812 2951//2951
f 2951//2951 2812//2812 2830//2830
f 2951//2951 2830//2830 2949//2949
f 2818//2818 2953//2953 2952//2952
f 2818//2818 2952//2952 2803//2803
f 2949//2949 2830//2830 2807//2807
f 2949//2949 2807//2807 2947//2947
f 2803//2803 2952//2952 2950//2950
f 2803//2803 2950//2950 2804//2804
f 2856//2856 2801//2801 2791//2791
f 2789//2789 2788//2788 2802//2802
f 2789//2789 2802//2802 2792//2792
f 2805//2805 2962//2962 2848//2848
f 2947//2947 2807//2807 2808//2808
f 2947//2947 2808//2808 2946//2946
f 2799//2799 2945//2945 2838//2838
f 2945//2945 2796//2796 2815//2815
f 2961//2961 2842//2842 2846//2846
f 2961//2961 2591//2591 2836//2836
f 2946//2946 2808//2808 2800//2800
f 2946//2946 2800//2800 2798//2798
f 2845//2845 2593//2593 2795//2795
f 2798//2798 2858//2858 2963//2963
f 2813//2813 2795//2795 2801//2801
f 2963//2963 2858//2858 2849//2849
f 2797//2797 2788//2788 2751//2751
f 2736//2736 2832//2832 2814//2814
f 2605//2605 2799//2799 2791//2791
f 2801//2801 2795//2795 2948//2948
f 2791//2791 2948//2948 2605//2605
f 2801//2801 2948//2948 2791//2791
f 2751//2751 2736//2736 2814//2814
f 2751//2751 2814//2814 2797//2797
f 2945//2945 2761//2761 2796//2796
f 2833//2833 2793//2793 2754//2754
f 2816//2816 2790//2790 2753//2753
f 2592//2592 2960//2960 2794//2794
f 2753//2753 2792//2792 2816//2816
f 2593//2593 2764//2764 2795//2795
f 2788//2788 2789//2789 2602//2602
f 2751//2751 2788//2788 2602//2602
f 2795//2795 2764//2764 2948//2948
f 2592//2592 2794//2794 2836//2836
f 2941//2941 2923//2923 2939//2939
f 2926//2926 2923//2923 2894//2894
f 2926//2926 2939//2939 2923//2923
f 2784//2784 2767//2767 2787//2787
f 2786//2786 2785//2785 2784//2784
f 2786//2786 2784//2784 2787//2787
f 2784//2784 2785//2785 2821//2821
f 2767//2767 2950//2950 2743//2743
f 2743//2743 2950//2950 2600//2600
f 2765//2765 2786//2786 2787//2787
f 2769//2769 2785//2785 2786//2786
f 2769//2769 2786//2786 2765//2765
f 2607//2607 2944//2944 2785//2785
f 2607//2607 2785//2785 2769//2769
f 2831//2831 2796//2796 2761//2761
f 2768//2768 2608//2608 2944//2944
f 2768//2768 2944//2944 2607//2607
f 2783//2783 2798//2798 2963//2963
f 2770//2770 2798//2798 2783//2783
f 2770//2770 2946//2946 2798//2798
f 2771//2771 2946//2946 2770//2770
f 2755//2755 2948//2948 2764//2764
f 2755//2755 2605//2605 2948//2948
f 2772//2772 2947//2947 2946//2946
f 2772//2772 2946//2946 2771//2771
f 2749//2749 2832//2832 2736//2736
f 2773//2773 2949//2949 2947//2947
f 2773//2773 2947//2947 2772//2772
f 2774//2774 2951//2951 2949//2949
f 2774//2774 2949//2949 2773//2773
f 2600//2600 2950//2950 2952//2952
f 2600//2600 2952//2952 2775//2775
f 2777//2777 2955//2955 2951//2951
f 2777//2777 2951//2951 2774//2774
f 2775//2775 2952//2952 2953//2953
f 2953//2953 2954//2954 2776//2776
f 2776//2776 2954//2954 2957//2957
f 2776//2776 2957//2957 2779//2779
f 2778//2778 2956//2956 2955//2955
f 2778//2778 2955//2955 2777//2777
f 2780//2780 2958//2958 2956//2956
f 2780//2780 2956//2956 2778//2778
f 2779//2779 2957//2957 2958//2958
f 2779//2779 2958//2958 2780//2780
f 2593//2593 2845//2845 2959//2959
f 2706//2706 2959//2959 2960//2960
f 2592//2592 2836//2836 2591//2591
f 2961//2961 2846//2846 2781//2781
f 2781//2781 2846//2846 2848//2848
f 2781//2781 2848//2848 2962//2962
f 2781//2781 2962//2962 2782//2782
f 2963//2963 2589//2589 2783//2783
f 2782//2782 2512//2512 2715//2715
f 2782//2782 2715//2715 2590//2590
f 2782//2782 2590//2590 2781//2781
f 2961//2961 2781//2781 2705//2705
f 2961//2961 2705//2705 2591//2591
f 2592//2592 2706//2706 2960//2960
f 2959//2959 2746//2746 2593//2593
f 2780//2780 2594//2594 2723//2723
f 2780//2780 2723//2723 2779//2779
f 2778//2778 2595//2595 2594//2594
f 2778//2778 2594//2594 2780//2780
f 2777//2777 2596//2596 2595//2595
f 2777//2777 2595//2595 2778//2778
f 2779//2779 2723//2723 2597//2597
f 2779//2779 2597//2597 2776//2776
f 2776//2776 2597//2597 2748//2748
f 2776//2776 2748//2748 2953//2953
f 2953//2953 2748//2748 2598//2598
f 2953//2953 2598//2598 2775//2775
f 2774//2774 2599//2599 2596//2596
f 2774//2774 2596//2596 2777//2777
f 2775//2775 2598//2598 2600//2600
f 2773//2773 2601//2601 2599//2599
f 2773//2773 2599//2599 2774//2774
f 2772//2772 2603//2603 2601//2601
f 2772//2772 2601//2601 2773//2773
f 2771//2771 2603//2603 2772//2772
f 2771//2771 2750//2750 2603//2603
f 2770//2770 2606//2606 2750//2750
f 2770//2770 2750//2750 2771//2771
f 2799//2799 2710//2710 2945//2945
f 2783//2783 2589//2589 2606//2606
f 2783//2783 2606//2606 2770//2770
f 2945//2945 2710//2710 2725//2725
f 2945//2945 2725//2725 2761//2761
f 2963//2963 2943//2943 2589//2589
f 2831//2831 2762//2762 2943//2943
f 2787//2787 2604//2604 2765//2765
f 2767//2767 2743//2743 2604//2604
f 2767//2767 2604//2604 2787//2787
f 2604//2604 2743//2743 2766//2766
f 2604//2604 2766//2766 2765//2765
f 2649//2649 2638//2638 2613//2613
f 2613//2613 2638//2638 2609//2609
f 2764//2764 2593//2593 2757//2757
f 2758//2758 2602//2602 2789//2789
f 2789//2789 2792//2792 2758//2758
f 2592//2592 2673//2673 2706//2706
f 2735//2735 2790//2790 2763//2763
f 2763//2763 2833//2833 2754//2754
f 2706//2706 2746//2746 2959//2959
f 2745//2745 2793//2793 2608//2608
f 2593//2593 2746//2746 2757//2757
f 2602//2602 2752//2752 2751//2751
f 2755//2755 2764//2764 2759//2759
f 2768//2768 2607//2607 2769//2769
f 2608//2608 2768//2768 2745//2745
f 2755//2755 2696//2696 2605//2605
f 2710//2710 2799//2799 2605//2605
f 2602//2602 2758//2758 2752//2752
f 2710//2710 2605//2605 2696//2696
f 2756//2756 2758//2758 2792//2792
f 2759//2759 2764//2764 2757//2757
f 2759//2759 2757//2757 2703//2703
f 2745//2745 2754//2754 2793//2793
f 2753//2753 2756//2756 2792//2792
f 2589//2589 2734//2734 2606//2606
f 2673//2673 2658//2658 2706//2706
f 2606//2606 2734//2734 2750//2750
f 2762//2762 2589//2589 2943//2943
f 2735//2735 2763//2763 2754//2754
f 2591//2591 2705//2705 2742//2742
f 2742//2742 2708//2708 2592//2592
f 2742//2742 2592//2592 2591//2591
f 2781//2781 2590//2590 2705//2705
f 2753//2753 2790//2790 2735//2735
f 2760//2760 2761//2761 2725//2725
f 2750//2750 2741//2741 2603//2603
f 2761//2761 2728//2728 2831//2831
f 2708//2708 2683//2683 2592//2592
f 2680//2680 2590//2590 2715//2715
f 2762//2762 2831//2831 2728//2728
f 2703//2703 2757//2757 2746//2746
f 2755//2755 2759//2759 2692//2692
f 2512//2512 2532//2532 2715//2715
f 2744//2744 2600//2600 2598//2598
f 2744//2744 2598//2598 2747//2747
f 2744//2744 2743//2743 2600//2600
f 2603//2603 2741//2741 2717//2717
f 2603//2603 2717//2717 2601//2601
f 2747//2747 2598//2598 2748//2748
f 2601//2601 2717//2717 2738//2738
f 2601//2601 2738//2738 2599//2599
f 2599//2599 2738//2738 2739//2739
f 2599//2599 2739//2739 2596//2596
f 2596//2596 2739//2739 2740//2740
f 2596//2596 2740//2740 2595//2595
f 2689//2689 2756//2756 2753//2753
f 2724//2724 2594//2594 2595//2595
f 2724//2724 2595//2595 2740//2740
f 2746//2746 2706//2706 2658//2658
f 2673//2673 2592//2592 2683//2683
f 2769//2769 2745//2745 2768//2768
f 2753//2753 2735//2735 2689//2689
f 2762//2762 2713//2713 2589//2589
f 2751//2751 2752//2752 2697//2697
f 2751//2751 2697//2697 2736//2736
f 2760//2760 2725//2725 2727//2727
f 2758//2758 2711//2711 2714//2714
f 2723//2723 2594//2594 2724//2724
f 2737//2737 2755//2755 2692//2692
f 2734//2734 2589//2589 2713//2713
f 2597//2597 2731//2731 2748//2748
f 2761//2761 2760//2760 2728//2728
f 2756//2756 2711//2711 2758//2758
f 2766//2766 2769//2769 2765//2765
f 2730//2730 2747//2747 2748//2748
f 2730//2730 2748//2748 2731//2731
f 2729//2729 2744//2744 2747//2747
f 2729//2729 2747//2747 2730//2730
f 2732//2732 2744//2744 2729//2729
f 2754//2754 2726//2726 2735//2735
f 2689//2689 2711//2711 2756//2756
f 2733//2733 2743//2743 2744//2744
f 2733//2733 2744//2744 2732//2732
f 2745//2745 2769//2769 2700//2700
f 2700//2700 2769//2769 2766//2766
f 2739//2739 2722//2722 2724//2724
f 2739//2739 2724//2724 2740//2740
f 2738//2738 2721//2721 2722//2722
f 2738//2738 2722//2722 2739//2739
f 2717//2717 2712//2712 2721//2721
f 2717//2717 2721//2721 2738//2738
f 2766//2766 2733//2733 2699//2699
f 2762//2762 2728//2728 2694//2694
f 2745//2745 2726//2726 2754//2754
f 2693//2693 2734//2734 2713//2713
f 2689//2689 2735//2735 2677//2677
f 2720//2720 2730//2730 2731//2731
f 2720//2720 2731//2731 2597//2597
f 2729//2729 2730//2730 2720//2720
f 2736//2736 2664//2664 2682//2682
f 2736//2736 2682//2682 2749//2749
f 2682//2682 2670//2670 2749//2749
f 2692//2692 2759//2759 2675//2675
f 2732//2732 2699//2699 2733//2733
f 2716//2716 2727//2727 2725//2725
f 2722//2722 2719//2719 2723//2723
f 2722//2722 2723//2723 2724//2724
f 2719//2719 2720//2720 2597//2597
f 2719//2719 2597//2597 2723//2723
f 2712//2712 2709//2709 2718//2718
f 2712//2712 2718//2718 2721//2721
f 2721//2721 2718//2718 2719//2719
f 2721//2721 2719//2719 2722//2722
f 2718//2718 2729//2729 2720//2720
f 2718//2718 2720//2720 2719//2719
f 2709//2709 2732//2732 2729//2729
f 2709//2709 2729//2729 2718//2718
f 2709//2709 2699//2699 2732//2732
f 2717//2717 2741//2741 2701//2701
f 2701//2701 2712//2712 2717//2717
f 2674//2674 2670//2670 2682//2682
f 2715//2715 2707//2707 2680//2680
f 2716//2716 2725//2725 2695//2695
f 2694//2694 2713//2713 2762//2762
f 2711//2711 2702//2702 2714//2714
f 2714//2714 2702//2702 2698//2698
f 2701//2701 2709//2709 2712//2712
f 2714//2714 2698//2698 2752//2752
f 2703//2703 2676//2676 2663//2663
f 2703//2703 2663//2663 2759//2759
f 2725//2725 2710//2710 2695//2695
f 2735//2735 2726//2726 2677//2677
f 2699//2699 2709//2709 2701//2701
f 2690//2690 2707//2707 2528//2528
f 2690//2690 2528//2528 2526//2526
f 2986//2986 2742//2742 2705//2705
f 2663//2663 2675//2675 2759//2759
f 2696//2696 2737//2737 2681//2681
f 2760//2760 2694//2694 2728//2728
f 2752//2752 2698//2698 2691//2691
f 2685//2685 2750//2750 2734//2734
f 2745//2745 2700//2700 2726//2726
f 2703//2703 2746//2746 2676//2676
f 2981//2981 2705//2705 2590//2590
f 2716//2716 2695//2695 2704//2704
f 2691//2691 2697//2697 2752//2752
f 2750//2750 2685//2685 2741//2741
f 2668//2668 2697//2697 2691//2691
f 2701//2701 2684//2684 2699//2699
f 2711//2711 2686//2686 2702//2702
f 2702//2702 2686//2686 2679//2679
f 2710//2710 2696//2696 2695//2695
f 2693//2693 2685//2685 2734//2734
f 2685//2685 2701//2701 2741//2741
f 2737//2737 2672//2672 2681//2681
f 2766//2766 2699//2699 2684//2684
f 2688//2688 2694//2694 2760//2760
f 2742//2742 2985//2985 2708//2708
f 2711//2711 2689//2689 2686//2686
f 2697//2697 2668//2668 2664//2664
f 2726//2726 2700//2700 2684//2684
f 2695//2695 2716//2716 2704//2704
f 2693//2693 2713//2713 2694//2694
f 2705//2705 2981//2981 2986//2986
f 2700//2700 2766//2766 2684//2684
f 2672//2672 2737//2737 2692//2692
f 2676//2676 2746//2746 2658//2658
f 2678//2678 2688//2688 2727//2727
f 2760//2760 2727//2727 2688//2688
f 2691//2691 2698//2698 2657//2657
f 2702//2702 2679//2679 2698//2698
f 2680//2680 2707//2707 2690//2690
f 2680//2680 2690//2690 2659//2659
f 2687//2687 2678//2678 2727//2727
f 2716//2716 2695//2695 2687//2687
f 2695//2695 2696//2696 2687//2687
f 2525//2525 2690//2690 2526//2526
f 2685//2685 2693//2693 2684//2684
f 2727//2727 2716//2716 2687//2687
f 2654//2654 2659//2659 2690//2690
f 2669//2669 2692//2692 2675//2675
f 2654//2654 2690//2690 2525//2525
f 2687//2687 2681//2681 2678//2678
f 2684//2684 2677//2677 2726//2726
f 2684//2684 2693//2693 2677//2677
f 2681//2681 2672//2672 2678//2678
f 2686//2686 2689//2689 2677//2677
f 2693//2693 2694//2694 2671//2671
f 2662//2662 2590//2590 2680//2680
f 2680//2680 2659//2659 2662//2662
f 2672//2672 2692//2692 2669//2669
f 2696//2696 2681//2681 2687//2687
f 2590//2590 2662//2662 2981//2981
f 2667//2667 2678//2678 2672//2672
f 2688//2688 2678//2678 2671//2671
f 2671//2671 2694//2694 2688//2688
f 2671//2671 2678//2678 2667//2667
f 2693//2693 2671//2671 2677//2677
f 2679//2679 2686//2686 2666//2666
f 2667//2667 2686//2686 2677//2677
f 2631//2631 2676//2676 2658//2658
f 2663//2663 2669//2669 2675//2675
f 2667//2667 2666//2666 2686//2686
f 2661//2661 2683//2683 2708//2708
f 2683//2683 2661//2661 2644//2644
f 2683//2683 2644//2644 2673//2673
f 2642//2642 2698//2698 2679//2679
f 2671//2671 2667//2667 2677//2677
f 2691//2691 2657//2657 2637//2637
f 2691//2691 2637//2637 2668//2668
f 2650//2650 2523//2523 2665//2665
f 2661//2661 2708//2708 2983//2983
f 2670//2670 2674//2674 2655//2655
f 2670//2670 2655//2655 2665//2665
f 2667//2667 2660//2660 2666//2666
f 2698//2698 2642//2642 2657//2657
f 2668//2668 2637//2637 2652//2652
f 2668//2668 2652//2652 2664//2664
f 2651//2651 2682//2682 2664//2664
f 2651//2651 2664//2664 2652//2652
f 2655//2655 2628//2628 2650//2650
f 2655//2655 2650//2650 2665//2665
f 2672//2672 2669//2669 2660//2660
f 2642//2642 2637//2637 2657//2657
f 2644//2644 2658//2658 2673//2673
f 2667//2667 2672//2672 2660//2660
f 2648//2648 2674//2674 2682//2682
f 2648//2648 2682//2682 2651//2651
f 2676//2676 2639//2639 2669//2669
f 2676//2676 2669//2669 2663//2663
f 2636//2636 2632//2632 2659//2659
f 2669//2669 2656//2656 2660//2660
f 2661//2661 2983//2983 2979//2979
f 2642//2642 2679//2679 2666//2666
f 2650//2650 2519//2519 2523//2523
f 2654//2654 2636//2636 2659//2659
f 2647//2647 2638//2638 2649//2649
f 2979//2979 2653//2653 2661//2661
f 2661//2661 2653//2653 2644//2644
f 2654//2654 2646//2646 2636//2636
f 2674//2674 2648//2648 2655//2655
f 2656//2656 2666//2666 2660//2660
f 2669//2669 2626//2626 2656//2656
f 2522//2522 2646//2646 2654//2654
f 2676//2676 2624//2624 2639//2639
f 2631//2631 2658//2658 2644//2644
f 2650//2650 2645//2645 2519//2519
f 2643//2643 2651//2651 2652//2652
f 2634//2634 2651//2651 2643//2643
f 2647//2647 2622//2622 2639//2639
f 2651//2651 2634//2634 2648//2648
f 2624//2624 2676//2676 2631//2631
f 2669//2669 2639//2639 2626//2626
f 2642//2642 2666//2666 2641//2641
f 2662//2662 2632//2632 2640//2640
f 2662//2662 2640//2640 2972//2972
f 2622//2622 2647//2647 2649//2649
f 2624//2624 2638//2638 2639//2639
f 2629//2629 2655//2655 2648//2648
f 2629//2629 2648//2648 2634//2634
f 2640//2640 2653//2653 2979//2979
f 2637//2637 2642//2642 2616//2616
f 2650//2650 2628//2628 2645//2645
f 2644//2644 2623//2623 2631//2631
f 2666//2666 2656//2656 2641//2641
f 2652//2652 2637//2637 2630//2630
f 2652//2652 2630//2630 2643//2643
f 2628//2628 2655//2655 2629//2629
f 2636//2636 2646//2646 2635//2635
f 2644//2644 2621//2621 2623//2623
f 2626//2626 2639//2639 2622//2622
f 2644//2644 2653//2653 2621//2621
f 2621//2621 2653//2653 2625//2625
f 2633//2633 2632//2632 2636//2636
f 2640//2640 2625//2625 2653//2653
f 2643//2643 2630//2630 2619//2619
f 2643//2643 2619//2619 2634//2634
f 2645//2645 2620//2620 2633//2633
f 2616//2616 2642//2642 2641//2641
f 2637//2637 2616//2616 2630//2630
f 2628//2628 2620//2620 2645//2645
f 2633//2633 2627//2627 2632//2632
f 2633//2633 2635//2635 2645//2645
f 2632//2632 2627//2627 2640//2640
f 2620//2620 2627//2627 2633//2633
f 2626//2626 2641//2641 2656//2656
f 2619//2619 2629//2629 2634//2634
f 2627//2627 2625//2625 2640//2640
f 2629//2629 2619//2619 2618//2618
f 2618//2618 2628//2628 2629//2629
f 2630//2630 2617//2617 2619//2619
f 2620//2620 2628//2628 2618//2618
f 2609//2609 2638//2638 2624//2624
f 2627//2627 2612//2612 2625//2625
f 2616//2616 2641//2641 2614//2614
f 2614//2614 2626//2626 2622//2622
f 2622//2622 2649//2649 2613//2613
f 2626//2626 2614//2614 2641//2641
f 2623//2623 2624//2624 2631//2631
f 2617//2617 2630//2630 2616//2616
f 2610//2610 2614//2614 2622//2622
f 2618//2618 2619//2619 2617//2617
f 2615//2615 2612//2612 2627//2627
f 2615//2615 2627//2627 2620//2620
f 2621//2621 2625//2625 2612//2612
f 2614//2614 2617//2617 2616//2616
f 2622//2622 2613//2613 2612//2612
f 2622//2622 2612//2612 2610//2610
f 2617//2617 2611//2611 2618//2618
f 2615//2615 2620//2620 2618//2618
f 2611//2611 2615//2615 2618//2618
f 2624//2624 2623//2623 2609//2609
f 2610//2610 2611//2611 2617//2617
f 2610//2610 2617//2617 2614//2614
f 2612//2612 2615//2615 2610//2610
f 2611//2611 2610//2610 2615//2615
f 2613//2613 2621//2621 2612//2612
f 2621//2621 2613//2613 2609//2609
f 2621//2621 2609//2609 2623//2623
f 2926//2926 2894//2894 2909//2909
f 2742//2742 2986//2986 2985//2985
f 2708//2708 2985//2985 2983//2983
f 2985//2985 2986//2986 2982//2982
f 2981//2981 2982//2982 2986//2986
f 2984//2984 2980//2980 2979//2979
f 2984//2984 2983//2983 2985//2985
f 2982//2982 2970//2970 2985//2985
f 2982//2982 2981//2981 2978//2978
f 2980//2980 2984//2984 2977//2977
f 2983//2983 2984//2984 2979//2979
f 2977//2977 2984//2984 2985//2985
f 2976//2976 2980//2980 2977//2977
f 2974//2974 2980//2980 2976//2976
f 2979//2979 2980//2980 2974//2974
f 2977//2977 2985//2985 2970//2970
f 2977//2977 2973//2973 2976//2976
f 2969//2969 2978//2978 2981//2981
f 2969//2969 2981//2981 2972//2972
f 2967//2967 2982//2982 2978//2978
f 2967//2967 2978//2978 2971//2971
f 2662//2662 2972//2972 2981//2981
f 2973//2973 2977//2977 2967//2967
f 2970//2970 2967//2967 2977//2977
f 2979//2979 2975//2975 2640//2640
f 2972//2972 2640//2640 2975//2975
f 2965//2965 2975//2975 2979//2979
f 2982//2982 2967//2967 2970//2970
f 2974//2974 2976//2976 2968//2968
f 2978//2978 2966//2966 2971//2971
f 2975//2975 2965//2965 2969//2969
f 2975//2975 2969//2969 2972//2972
f 2966//2966 2978//2978 2969//2969
f 2973//2973 2968//2968 2976//2976
f 2974//2974 2965//2965 2979//2979
f 2968//2968 2973//2973 2967//2967
f 2969//2969 2965//2965 2966//2966
f 2968//2968 2967//2967 2964//2964
f 2965//2965 2974//2974 2968//2968
f 2971//2971 2964//2964 2967//2967
f 2964//2964 2971//2971 2966//2966
f 2966//2966 2965//2965 2964//2964
f 2968//2968 2964//2964 2965//2965
f 3003//3003 3009//3009 3007//3007
f 3003//3003 3007//3007 3008//3008
f 3003//3003 3000//3000 3009//3009
f 3007//3007 3005//3005 3006//3006
f 3007//3007 3009//3009 3005//3005
f 3008//3008 3007//3007 3006//3006
f 3004//3004 3009//3009 3000//3000
f 3009//3009 3004//3004 3005//3005
f 3003//3003 3008//3008 2997//2997
f 3006//3006 3001//3001 3008//3008
f 3002//3002 3006//3006 3005//3005
f 3004//3004 2994//2994 3005//3005
f 3003//3003 2993//2993 3000//3000
f 3006//3006 3002//3002 3001//3001
f 2996//2996 3004//3004 3000//3000
f 3008//3008 3001//3001 2998//2998
f 2993//2993 3003//3003 2997//2997
f 2992//2992 3002//3002 3005//3005
f 2992//2992 3005//3005 2994//2994
f 3000//3000 2993//2993 2908//2908
f 3004//3004 2996//2996 2999//2999
f 2991//2991 3002//3002 2992//2992
f 2995//2995 3001//3001 3002//3002
f 2998//2998 2997//2997 3008//3008
f 2999//2999 2994//2994 3004//3004
f 2995//2995 2998//2998 3001//3001
f 3002//3002 2991//2991 2995//2995
f 2993//2993 2997//2997 2998//2998
f 2994//2994 2999//2999 2987//2987
f 2991//2991 2989//2989 2988//2988
f 2998//2998 2995//2995 2988//2988
f 2988//2988 2995//2995 2991//2991
f 2988//2988 2989//2989 2990//2990
f 2993//2993 2998//2998 2988//2988
f 2993//2993 2988//2988 2990//2990
f 2987//2987 2992//2992 2994//2994
f 2987//2987 2989//2989 2991//2991
f 2987//2987 2991//2991 2992//2992
f 2989//2989 2987//2987 2842//2842
f 3021//3021 3093//3093 3094//3094
f 3096//3096 3129//3129 3087//3087
f 3082//3082 3087//3087 3129//3129
f 3090//3090 3089//3089 3084//3084
f 3086//3086 3082//3082 3079//3079
f 3080//3080 3075//3075 3082//3082
f 3081//3081 3108//3108 3123//3123
f 3077//3077 3108//3108 3081//3081
f 3080//3080 3074//3074 3076//3076
f 3070//3070 3072//3072 3076//3076
f 3101//3101 3039//3039 3152//3152
f 3101//3101 3152//3152 3155//3155
f 3034//3034 3035//3035 3095//3095
f 3095//3095 3149//3149 3152//3152
f 3035//3035 3149//3149 3095//3095
f 3145//3145 3149//3149 3035//3035
f 3143//3143 3145//3145 3035//3035
f 3143//3143 3035//3035 3033//3033
f 3094//3094 3143//3143 3033//3033
f 3033//3033 3029//3029 3094//3094
f 3094//3094 3029//3029 3020//3020
f 3094//3094 3020//3020 3021//3021
f 3094//3094 3093//3093 3138//3138
f 3094//3094 3138//3138 3143//3143
f 3021//3021 3017//3017 3092//3092
f 3021//3021 3092//3092 3093//3093
f 3092//3092 3017//3017 3016//3016
f 3092//3092 3016//3016 3091//3091
f 3091//3091 3016//3016 2264//2264
f 3091//3091 2264//2264 2261//2261
f 3133//3133 3138//3138 3093//3093
f 3133//3133 3093//3093 3090//3090
f 3090//3090 3093//3093 3092//3092
f 3089//3089 3090//3090 3092//3092
f 3089//3089 3092//3092 3091//3091
f 3088//3088 3089//3089 3091//3091
f 3088//3088 3091//3091 2261//2261
f 3096//3096 3087//3087 3010//3010
f 3085//3085 3125//3125 3133//3133
f 3085//3085 3133//3133 3090//3090
f 3084//3084 3085//3085 3090//3090
f 3084//3084 3089//3089 3088//3088
f 3084//3084 3088//3088 3083//3083
f 3087//3087 3082//3082 3086//3086
f 3085//3085 3081//3081 3123//3123
f 3085//3085 3123//3123 3125//3125
f 3081//3081 3085//3085 3084//3084
f 3081//3081 3084//3084 3077//3077
f 3083//3083 3078//3078 3077//3077
f 3083//3083 3077//3077 3084//3084
f 3075//3075 3079//3079 3082//3082
f 3074//3074 3080//3080 3114//3114
f 3075//3075 3080//3080 3076//3076
f 3078//3078 3073//3073 3077//3077
f 3075//3075 3076//3076 3072//3072
f 3071//3071 3108//3108 3077//3077
f 3071//3071 3077//3077 3073//3073
f 3074//3074 3114//3114 3106//3106
f 3074//3074 3106//3106 3068//3068
f 3071//3071 3107//3107 3108//3108
f 3063//3063 3062//3062 3073//3073
f 3063//3063 3073//3073 3078//3078
f 3074//3074 3064//3064 3070//3070
f 3074//3074 3070//3070 3076//3076
f 3069//3069 3105//3105 3107//3107
f 3069//3069 3107//3107 3071//3071
f 3067//3067 3068//3068 3106//3106
f 3067//3067 3106//3106 3104//3104
f 3069//3069 3066//3066 3103//3103
f 3069//3069 3103//3103 3105//3105
f 3065//3065 3067//3067 3104//3104
f 3065//3065 3104//3104 3102//3102
f 3065//3065 3102//3102 3103//3103
f 3065//3065 3103//3103 3066//3066
f 3068//3068 3067//3067 3064//3064
f 3068//3068 3064//3064 3074//3074
f 3062//3062 3071//3071 3073//3073
f 3061//3061 3071//3071 3062//3062
f 3069//3069 3071//3071 3061//3061
f 3069//3069 3061//3061 3060//3060
f 3069//3069 3060//3060 3066//3066
f 3065//3065 3059//3059 2241//2241
f 3065//3065 2241//2241 3067//3067
f 3059//3059 3065//3065 3066//3066
f 3059//3059 3066//3066 3060//3060
f 3052//3052 3058//3058 2170//2170
f 3051//3051 2171//2171 3054//3054
f 3057//3057 3054//3054 2171//2171
f 3057//3057 2171//2171 2172//2172
f 3052//3052 2170//2170 3055//3055
f 3058//3058 3052//3052 3041//3041
f 3055//3055 2170//2170 3053//3053
f 2167//2167 3056//3056 3057//3057
f 2167//2167 3057//3057 2172//2172
f 3051//3051 3053//3053 2170//2170
f 3052//3052 3055//3055 3046//3046
f 3056//3056 3047//3047 3048//3048
f 3057//3057 3050//3050 3054//3054
f 3056//3056 3049//3049 3050//3050
f 3056//3056 3050//3050 3057//3057
f 3049//3049 3056//3056 3048//3048
f 3051//3051 3042//3042 3053//3053
f 3047//3047 3037//3037 3048//3048
f 3049//3049 3045//3045 3044//3044
f 3049//3049 3044//3044 3050//3050
f 3043//3043 3054//3054 3050//3050
f 3043//3043 3050//3050 3044//3044
f 3042//3042 3051//3051 3054//3054
f 3042//3042 3054//3054 3043//3043
f 3045//3045 3049//3049 3048//3048
f 3045//3045 3048//3048 3040//3040
f 3052//3052 3046//3046 3041//3041
f 3037//3037 3040//3040 3048//3048
f 3055//3055 3053//3053 3039//3039
f 3055//3055 3039//3039 3046//3046
f 3042//3042 3039//3039 3053//3053
f 3152//3152 3039//3039 3042//3042
f 3045//3045 3031//3031 3044//3044
f 3043//3043 3044//3044 3031//3031
f 3043//3043 3031//3031 3034//3034
f 3031//3031 3045//3045 3040//3040
f 3031//3031 3040//3040 3030//3030
f 3040//3040 3037//3037 3028//3028
f 3095//3095 3152//3152 3042//3042
f 3043//3043 3034//3034 3095//3095
f 3042//3042 3043//3043 3095//3095
f 3023//3023 3041//3041 3046//3046
f 3040//3040 3025//3025 3030//3030
f 3100//3100 3046//3046 3039//3039
f 3023//3023 3036//3036 3041//3041
f 3037//3037 2144//2144 3027//3027
f 2144//2144 3038//3038 3027//3027
f 3100//3100 3023//3023 3046//3046
f 3028//3028 3037//3037 3027//3027
f 3025//3025 3040//3040 3028//3028
f 3026//3026 3027//3027 3038//3038
f 3035//3035 3034//3034 3033//3033
f 3033//3033 3034//3034 3032//3032
f 3034//3034 3031//3031 3032//3032
f 3033//3033 3032//3032 3029//3029
f 3032//3032 3031//3031 3030//3030
f 3032//3032 3030//3030 3029//3029
f 3036//3036 3023//3023 3022//3022
f 3025//3025 3019//3019 3029//3029
f 3025//3025 3029//3029 3030//3030
f 3029//3029 3019//3019 3020//3020
f 3028//3028 3027//3027 3024//3024
f 3023//3023 3100//3100 3099//3099
f 3027//3027 3026//3026 3024//3024
f 3019//3019 3025//3025 3028//3028
f 3019//3019 3028//3028 3018//3018
f 3022//3022 3023//3023 3013//3013
f 3018//3018 3028//3028 3024//3024
f 3018//3018 3024//3024 3014//3014
f 3014//3014 3024//3024 3015//3015
f 2122//2122 3015//3015 3024//3024
f 2122//2122 3024//3024 3026//3026
f 3099//3099 3013//3013 3023//3023
f 3020//3020 3014//3014 3017//3017
f 3020//3020 3017//3017 3021//3021
f 3020//3020 3019//3019 3018//3018
f 3020//3020 3018//3018 3014//3014
f 3015//3015 3016//3016 3017//3017
f 3015//3015 3017//3017 3014//3014
f 3016//3016 3015//3015 2123//2123
f 3016//3016 2123//2123 2264//2264
f 2122//2122 2123//2123 3015//3015
f 3099//3099 3011//3011 3013//3013
f 3011//3011 3099//3099 3097//3097
f 3011//3011 3012//3012 3013//3013
f 3012//3012 3011//3011 2061//2061
f 3010//3010 2061//2061 3011//3011
f 3010//3010 3011//3011 3096//3096
f 3113//3113 3103//3103 3110//3110
f 3098//3098 3097//3097 3141//3141
f 3154//3154 3101//3101 3157//3157
f 3157//3157 3101//3101 3155//3155
f 3156//3156 3154//3154 3157//3157
f 3153//3153 3154//3154 3156//3156
f 3101//3101 3154//3154 3100//3100
f 3155//3155 3150//3150 3157//3157
f 3148//3148 3154//3154 3147//3147
f 3154//3154 3153//3153 3147//3147
f 3148//3148 3100//3100 3154//3154
f 3153//3153 3256//3256 3147//3147
f 3149//3149 3151//3151 3155//3155
f 3149//3149 3155//3155 3152//3152
f 3150//3150 3155//3155 3151//3151
f 3150//3150 3151//3151 3251//3251
f 3147//3147 3144//3144 3140//3140
f 3147//3147 3140//3140 3148//3148
f 3239//3239 3144//3144 3147//3147
f 3239//3239 3147//3147 3256//3256
f 3149//3149 3145//3145 3146//3146
f 3149//3149 3146//3146 3151//3151
f 3145//3145 3143//3143 3142//3142
f 3140//3140 3141//3141 3148//3148
f 3251//3251 3151//3151 3233//3233
f 3151//3151 3146//3146 3233//3233
f 3146//3146 3145//3145 3142//3142
f 3140//3140 3144//3144 3139//3139
f 3239//3239 3204//3204 3139//3139
f 3239//3239 3139//3139 3144//3144
f 3143//3143 3138//3138 3137//3137
f 3143//3143 3137//3137 3142//3142
f 3136//3136 3142//3142 3137//3137
f 3136//3136 3233//3233 3146//3146
f 3136//3136 3146//3146 3142//3142
f 3098//3098 3141//3141 3135//3135
f 3140//3140 3135//3135 3141//3141
f 3135//3135 3140//3140 3139//3139
f 3139//3139 3204//3204 3135//3135
f 3135//3135 3128//3128 3098//3098
f 3134//3134 3137//3137 3138//3138
f 3134//3134 3138//3138 3133//3133
f 3128//3128 3129//3129 3098//3098
f 3211//3211 3136//3136 3137//3137
f 3211//3211 3137//3137 3134//3134
f 3128//3128 3135//3135 3195//3195
f 3211//3211 3130//3130 3207//3207
f 3129//3129 3096//3096 3098//3098
f 3195//3195 3135//3135 3204//3204
f 3195//3195 3188//3188 3131//3131
f 3195//3195 3131//3131 3128//3128
f 3130//3130 3196//3196 3207//3207
f 3134//3134 3127//3127 3130//3130
f 3134//3134 3130//3130 3211//3211
f 3127//3127 3134//3134 3133//3133
f 3127//3127 3133//3133 3125//3125
f 3132//3132 3188//3188 3181//3181
f 3196//3196 3130//3130 3126//3126
f 3128//3128 3131//3131 3124//3124
f 3128//3128 3124//3124 3129//3129
f 3130//3130 3127//3127 3122//3122
f 3130//3130 3122//3122 3126//3126
f 3124//3124 3080//3080 3082//3082
f 3124//3124 3082//3082 3129//3129
f 3122//3122 3127//3127 3125//3125
f 3122//3122 3125//3125 3123//3123
f 3132//3132 3119//3119 3188//3188
f 3131//3131 3188//3188 3119//3119
f 3126//3126 3118//3118 3162//3162
f 3118//3118 3126//3126 3120//3120
f 3172//3172 3115//3115 3132//3132
f 3131//3131 3119//3119 3124//3124
f 3119//3119 3132//3132 3115//3115
f 3114//3114 3080//3080 3124//3124
f 3114//3114 3124//3124 3119//3119
f 3117//3117 3121//3121 3158//3158
f 3120//3120 3126//3126 3122//3122
f 3162//3162 3118//3118 3117//3117
f 3120//3120 3122//3122 3123//3123
f 3120//3120 3123//3123 3108//3108
f 3115//3115 3116//3116 3119//3119
f 3121//3121 3117//3117 3113//3113
f 3114//3114 3119//3119 3116//3116
f 3114//3114 3116//3116 3106//3106
f 3118//3118 3120//3120 3108//3108
f 3118//3118 3108//3108 3107//3107
f 3112//3112 3117//3117 3118//3118
f 3111//3111 3116//3116 3115//3115
f 3112//3112 3113//3113 3117//3117
f 3113//3113 3110//3110 3121//3121
f 3106//3106 3116//3116 3111//3111
f 3106//3106 3111//3111 3104//3104
f 3112//3112 3118//3118 3107//3107
f 3112//3112 3107//3107 3105//3105
f 3110//3110 3109//3109 3115//3115
f 3110//3110 3115//3115 3121//3121
f 3109//3109 3111//3111 3115//3115
f 3112//3112 3105//3105 3103//3103
f 3112//3112 3103//3103 3113//3113
f 3109//3109 3102//3102 3104//3104
f 3109//3109 3104//3104 3111//3111
f 3102//3102 3109//3109 3110//3110
f 3102//3102 3110//3110 3103//3103
f 3101//3101 3100//3100 3039//3039
f 3099//3099 3100//3100 3148//3148
f 3099//3099 3148//3148 3141//3141
f 3099//3099 3141//3141 3097//3097
f 3097//3097 3098//3098 3096//3096
f 3097//3097 3096//3096 3011//3011
f 3251//3251 3233//3233 3249//3249
f 3237//3237 3249//3249 3233//3233
f 3257//3257 3253//3253 3238//3238
f 3230//3230 3224//3224 3222//3222
f 3177//3177 3179//3179 3201//3201
f 3150//3150 3260//3260 3157//3157
f 3153//3153 3156//3156 3261//3261
f 3260//3260 3156//3156 3157//3157
f 3255//3255 3261//3261 3156//3156
f 3153//3153 3261//3261 3254//3254
f 3153//3153 3254//3254 3256//3256
f 3260//3260 3255//3255 3156//3156
f 3150//3150 3259//3259 3260//3260
f 3259//3259 3150//3150 3251//3251
f 3259//3259 3257//3257 3260//3260
f 3259//3259 3251//3251 3258//3258
f 3253//3253 3259//3259 3258//3258
f 3255//3255 3252//3252 3261//3261
f 3257//3257 3255//3255 3260//3260
f 3255//3255 3257//3257 3250//3250
f 3259//3259 3253//3253 3257//3257
f 3249//3249 3245//3245 3258//3258
f 3249//3249 3258//3258 3251//3251
f 3254//3254 3236//3236 3239//3239
f 3254//3254 3239//3239 3256//3256
f 3250//3250 3252//3252 3255//3255
f 3261//3261 3252//3252 3232//3232
f 3261//3261 3232//3232 3254//3254
f 3253//3253 3258//3258 3246//3246
f 3258//3258 3245//3245 3247//3247
f 3258//3258 3248//3248 3246//3246
f 3248//3248 3258//3258 3247//3247
f 3246//3246 3248//3248 3242//3242
f 3254//3254 3232//3232 3236//3236
f 3249//3249 3237//3237 3229//3229
f 3249//3249 3229//3229 3245//3245
f 3246//3246 3243//3243 3253//3253
f 3253//3253 3243//3243 3238//3238
f 3242//3242 3243//3243 3246//3246
f 3228//3228 3252//3252 3250//3250
f 3240//3240 3241//3241 3294//3294
f 3245//3245 3229//3229 3226//3226
f 3242//3242 3244//3244 3243//3243
f 3241//3241 3243//3243 3244//3244
f 3244//3244 3231//3231 3241//3241
f 3242//3242 3248//3248 3234//3234
f 3234//3234 3248//3248 3247//3247
f 3294//3294 3241//3241 3291//3291
f 3241//3241 3231//3231 3291//3291
f 3238//3238 3250//3250 3257//3257
f 3204//3204 3239//3239 3236//3236
f 3204//3204 3236//3236 3217//3217
f 3234//3234 3223//3223 3242//3242
f 3243//3243 3241//3241 3240//3240
f 3243//3243 3235//3235 3238//3238
f 3244//3244 3242//3242 3223//3223
f 3244//3244 3223//3223 3216//3216
f 3252//3252 3228//3228 3230//3230
f 3252//3252 3230//3230 3232//3232
f 3243//3243 3240//3240 3235//3235
f 3226//3226 3234//3234 3247//3247
f 3226//3226 3247//3247 3245//3245
f 3244//3244 3216//3216 3231//3231
f 3228//3228 3250//3250 3238//3238
f 3225//3225 3231//3231 3216//3216
f 3237//3237 3221//3221 3220//3220
f 3237//3237 3220//3220 3229//3229
f 3221//3221 3237//3237 3233//3233
f 3236//3236 3232//3232 3217//3217
f 3234//3234 3226//3226 3223//3223
f 3233//3233 3136//3136 3221//3221
f 3228//3228 3238//3238 3235//3235
f 3240//3240 3219//3219 3227//3227
f 3217//3217 3232//3232 3230//3230
f 3217//3217 3230//3230 3222//3222
f 3228//3228 3224//3224 3230//3230
f 3235//3235 3240//3240 3227//3227
f 3229//3229 3220//3220 3215//3215
f 3229//3229 3215//3215 3226//3226
f 3224//3224 3228//3228 3235//3235
f 3227//3227 3224//3224 3235//3235
f 3223//3223 3226//3226 3218//3218
f 3222//3222 3224//3224 3213//3213
f 3213//3213 3224//3224 3227//3227
f 3226//3226 3215//3215 3218//3218
f 3216//3216 3223//3223 3218//3218
f 3231//3231 3225//3225 3286//3286
f 3217//3217 3222//3222 3206//3206
f 3220//3220 3221//3221 3207//3207
f 3220//3220 3207//3207 3214//3214
f 3217//3217 3206//3206 3204//3204
f 3214//3214 3215//3215 3220//3220
f 3207//3207 3221//3221 3136//3136
f 3207//3207 3136//3136 3211//3211
f 3210//3210 3225//3225 3216//3216
f 3280//3280 3286//3286 3225//3225
f 3280//3280 3225//3225 3210//3210
f 3209//3209 3218//3218 3215//3215
f 3209//3209 3215//3215 3214//3214
f 3212//3212 3227//3227 3219//3219
f 3202//3202 3222//3222 3213//3213
f 3210//3210 3216//3216 3209//3209
f 3219//3219 3277//3277 3212//3212
f 3216//3216 3218//3218 3209//3209
f 3212//3212 3213//3213 3227//3227
f 3208//3208 3214//3214 3205//3205
f 3205//3205 3214//3214 3207//3207
f 3202//3202 3206//3206 3222//3222
f 3202//3202 3213//3213 3200//3200
f 3187//3187 3213//3213 3212//3212
f 3200//3200 3213//3213 3192//3192
f 3203//3203 3210//3210 3209//3209
f 3199//3199 3276//3276 3280//3280
f 3199//3199 3210//3210 3203//3203
f 3213//3213 3187//3187 3192//3192
f 3210//3210 3199//3199 3280//3280
f 3208//3208 3198//3198 3209//3209
f 3208//3208 3209//3209 3214//3214
f 3203//3203 3209//3209 3198//3198
f 3202//3202 3197//3197 3206//3206
f 3205//3205 3207//3207 3196//3196
f 3194//3194 3206//3206 3197//3197
f 3212//3212 3183//3183 3185//3185
f 3201//3201 3203//3203 3189//3189
f 3212//3212 3277//3277 3183//3183
f 3194//3194 3195//3195 3204//3204
f 3194//3194 3204//3204 3206//3206
f 3203//3203 3201//3201 3199//3199
f 3198//3198 3189//3189 3203//3203
f 3186//3186 3198//3198 3208//3208
f 3186//3186 3208//3208 3205//3205
f 3212//3212 3185//3185 3187//3187
f 3193//3193 3202//3202 3200//3200
f 3201//3201 3189//3189 3190//3190
f 3200//3200 3176//3176 3193//3193
f 3192//3192 3184//3184 3200//3200
f 3193//3193 3175//3175 3197//3197
f 3193//3193 3197//3197 3202//3202
f 3179//3179 3199//3199 3201//3201
f 3264//3264 3199//3199 3191//3191
f 3190//3190 3177//3177 3201//3201
f 3205//3205 3168//3168 3186//3186
f 3191//3191 3199//3199 3179//3179
f 3168//3168 3205//3205 3196//3196
f 3184//3184 3176//3176 3200//3200
f 3181//3181 3194//3194 3197//3197
f 3181//3181 3197//3197 3175//3175
f 3195//3195 3194//3194 3181//3181
f 3195//3195 3181//3181 3188//3188
f 3175//3175 3193//3193 3176//3176
f 3189//3189 3198//3198 3186//3186
f 3189//3189 3186//3186 3169//3169
f 3187//3187 3184//3184 3192//3192
f 3190//3190 3189//3189 3165//3165
f 3177//3177 3190//3190 3182//3182
f 3185//3185 3180//3180 3187//3187
f 3168//3168 3169//3169 3186//3186
f 3175//3175 3171//3171 3181//3181
f 3178//3178 3177//3177 3182//3182
f 3184//3184 3178//3178 3182//3182
f 3167//3167 3184//3184 3182//3182
f 3185//3185 3183//3183 3263//3263
f 3178//3178 3184//3184 3187//3187
f 3190//3190 3174//3174 3182//3182
f 3182//3182 3174//3174 3167//3167
f 3176//3176 3184//3184 3173//3173
f 3167//3167 3173//3173 3184//3184
f 3180//3180 3179//3179 3178//3178
f 3180//3180 3178//3178 3187//3187
f 3177//3177 3178//3178 3179//3179
f 3173//3173 3175//3175 3176//3176
f 3180//3180 3191//3191 3179//3179
f 3191//3191 3180//3180 3262//3262
f 3180//3180 3185//3185 3263//3263
f 3180//3180 3263//3263 3262//3262
f 3171//3171 3175//3175 3173//3173
f 3171//3171 3172//3172 3132//3132
f 3171//3171 3132//3132 3181//3181
f 3165//3165 3189//3189 3169//3169
f 3168//3168 3196//3196 3126//3126
f 3174//3174 3190//3190 3165//3165
f 3173//3173 3170//3170 3166//3166
f 3166//3166 3171//3171 3173//3173
f 3166//3166 3172//3172 3171//3171
f 3165//3165 3169//3169 3163//3163
f 3170//3170 3173//3173 3167//3167
f 3126//3126 3162//3162 3168//3168
f 3162//3162 3163//3163 3169//3169
f 3162//3162 3169//3169 3168//3168
f 3165//3165 3164//3164 3174//3174
f 3167//3167 3174//3174 3164//3164
f 3166//3166 3170//3170 3159//3159
f 3172//3172 3166//3166 3159//3159
f 3167//3167 3160//3160 3170//3170
f 3167//3167 3164//3164 3160//3160
f 3163//3163 3161//3161 3164//3164
f 3163//3163 3164//3164 3165//3165
f 3117//3117 3161//3161 3163//3163
f 3117//3117 3163//3163 3162//3162
f 3160//3160 3164//3164 3161//3161
f 3117//3117 3158//3158 3160//3160
f 3117//3117 3160//3160 3161//3161
f 3160//3160 3158//3158 3159//3159
f 3160//3160 3159//3159 3170//3170
f 3172//3172 3159//3159 3115//3115
f 3159//3159 3121//3121 3115//3115
f 3121//3121 3159//3159 3158//3158
f 3330//3330 3324//3324 3323//3323
f 3320//3320 3317//3317 3315//3315
f 3373//3373 3297//3297 3300//3300
f 3267//3267 3265//3265 3268//3268
f 3344//3344 3342//3342 3345//3345
f 3345//3345 3341//3341 3339//3339
f 3345//3345 3339//3339 3344//3344
f 3343//3343 3344//3344 3337//3337
f 3341//3341 3345//3345 3336//3336
f 3340//3340 3336//3336 3345//3345
f 3340//3340 3345//3345 3342//3342
f 3337//3337 3344//3344 3339//3339
f 3326//3326 3342//3342 3344//3344
f 3344//3344 3343//3343 3326//3326
f 3332//3332 3340//3340 3342//3342
f 3339//3339 3341//3341 3334//3334
f 3332//3332 3333//3333 3338//3338
f 3332//3332 3338//3338 3340//3340
f 3340//3340 3338//3338 3336//3336
f 3288//3288 3336//3336 3338//3338
f 3333//3333 3292//3292 3290//3290
f 3333//3333 3290//3290 3338//3338
f 3290//3290 3288//3288 3338//3338
f 3321//3321 3334//3334 3341//3341
f 3329//3329 3337//3337 3339//3339
f 3336//3336 3288//3288 3331//3331
f 3336//3336 3331//3331 3335//3335
f 3336//3336 3321//3321 3341//3341
f 3292//3292 3333//3333 3330//3330
f 3292//3292 3330//3330 3284//3284
f 3324//3324 3332//3332 3342//3342
f 3324//3324 3342//3342 3326//3326
f 3336//3336 3335//3335 3321//3321
f 3343//3343 3367//3367 3326//3326
f 3332//3332 3324//3324 3330//3330
f 3332//3332 3330//3330 3333//3333
f 3321//3321 3335//3335 3325//3325
f 3331//3331 3322//3322 3335//3335
f 3284//3284 3330//3330 3323//3323
f 3331//3331 3283//3283 3322//3322
f 3321//3321 3327//3327 3334//3334
f 3334//3334 3327//3327 3318//3318
f 3339//3339 3334//3334 3318//3318
f 3335//3335 3322//3322 3325//3325
f 3318//3318 3327//3327 3315//3315
f 3321//3321 3325//3325 3320//3320
f 3374//3374 3329//3329 3339//3339
f 3325//3325 3319//3319 3320//3320
f 3282//3282 3281//3281 3328//3328
f 3282//3282 3328//3328 3323//3323
f 3374//3374 3339//3339 3318//3318
f 3320//3320 3327//3327 3321//3321
f 3327//3327 3320//3320 3315//3315
f 3325//3325 3322//3322 3319//3319
f 3312//3312 3324//3324 3326//3326
f 3323//3323 3312//3312 3282//3282
f 3323//3323 3324//3324 3312//3312
f 3316//3316 3326//3326 3367//3367
f 3322//3322 3283//3283 3319//3319
f 3317//3317 3320//3320 3319//3319
f 3317//3317 3319//3319 3278//3278
f 3314//3314 3279//3279 3282//3282
f 3315//3315 3310//3310 3318//3318
f 3310//3310 3374//3374 3318//3318
f 3314//3314 3282//3282 3312//3312
f 3317//3317 3278//3278 3313//3313
f 3317//3317 3313//3313 3311//3311
f 3310//3310 3315//3315 3317//3317
f 3310//3310 3317//3317 3311//3311
f 3316//3316 3312//3312 3326//3326
f 3300//3300 3316//3316 3367//3367
f 3278//3278 3275//3275 3313//3313
f 3279//3279 3314//3314 3308//3308
f 3306//3306 3310//3310 3311//3311
f 3313//3313 3275//3275 3273//3273
f 3313//3313 3273//3273 3309//3309
f 3311//3311 3313//3313 3309//3309
f 3306//3306 3301//3301 3310//3310
f 3312//3312 3316//3316 3298//3298
f 3312//3312 3298//3298 3314//3314
f 3302//3302 3308//3308 3314//3314
f 3310//3310 3305//3305 3374//3374
f 3306//3306 3311//3311 3309//3309
f 3271//3271 3307//3307 3309//3309
f 3271//3271 3309//3309 3273//3273
f 3307//3307 3299//3299 3309//3309
f 3299//3299 3306//3306 3309//3309
f 3302//3302 3314//3314 3298//3298
f 3316//3316 3300//3300 3298//3298
f 3308//3308 3304//3304 3274//3274
f 3303//3303 3304//3304 3308//3308
f 3303//3303 3308//3308 3302//3302
f 3301//3301 3306//3306 3299//3299
f 3307//3307 3271//3271 3270//3270
f 3304//3304 3307//3307 3270//3270
f 3305//3305 3310//3310 3301//3301
f 3299//3299 3307//3307 3304//3304
f 3299//3299 3304//3304 3303//3303
f 3302//3302 3296//3296 3303//3303
f 3297//3297 3373//3373 3305//3305
f 3296//3296 3302//3302 3298//3298
f 3301//3301 3297//3297 3305//3305
f 3299//3299 3295//3295 3301//3301
f 3297//3297 3296//3296 3300//3300
f 3300//3300 3296//3296 3298//3298
f 3303//3303 3296//3296 3295//3295
f 3299//3299 3303//3303 3295//3295
f 3301//3301 3295//3295 3297//3297
f 3295//3295 3296//3296 3297//3297
f 3291//3291 3289//3289 3293//3293
f 3291//3291 3293//3293 3294//3294
f 3294//3294 3285//3285 3240//3240
f 3289//3289 3290//3290 3292//3292
f 3289//3289 3292//3292 3293//3293
f 3287//3287 3288//3288 3290//3290
f 3294//3294 3293//3293 3285//3285
f 3287//3287 3290//3290 3289//3289
f 3287//3287 3289//3289 3286//3286
f 3291//3291 3286//3286 3289//3289
f 3293//3293 3292//3292 3284//3284
f 3293//3293 3284//3284 3285//3285
f 3286//3286 3291//3291 3231//3231
f 3240//3240 3285//3285 3219//3219
f 3284//3284 3328//3328 3285//3285
f 3284//3284 3323//3323 3328//3328
f 3287//3287 3331//3331 3288//3288
f 3328//3328 3281//3281 3285//3285
f 3281//3281 3219//3219 3285//3285
f 3287//3287 3283//3283 3331//3331
f 3283//3283 3287//3287 3286//3286
f 3319//3319 3283//3283 3280//3280
f 3283//3283 3286//3286 3280//3280
f 3281//3281 3282//3282 3279//3279
f 3219//3219 3281//3281 3279//3279
f 3219//3219 3279//3279 3277//3277
f 3278//3278 3319//3319 3276//3276
f 3276//3276 3319//3319 3280//3280
f 3278//3278 3276//3276 3275//3275
f 3279//3279 3308//3308 3274//3274
f 3276//3276 3272//3272 3275//3275
f 3277//3277 3279//3279 3274//3274
f 3277//3277 3274//3274 3183//3183
f 3272//3272 3273//3273 3275//3275
f 3264//3264 3272//3272 3276//3276
f 3267//3267 3271//3271 3273//3273
f 3267//3267 3273//3273 3272//3272
f 3274//3274 3304//3304 3269//3269
f 3264//3264 3276//3276 3199//3199
f 3267//3267 3268//3268 3270//3270
f 3267//3267 3270//3270 3271//3271
f 3269//3269 3304//3304 3270//3270
f 3269//3269 3270//3270 3268//3268
f 3266//3266 3183//3183 3274//3274
f 3266//3266 3274//3274 3269//3269
f 3266//3266 3269//3269 3268//3268
f 3266//3266 3268//3268 3265//3265
f 3265//3265 3267//3267 3272//3272
f 3265//3265 3272//3272 3264//3264
f 3183//3183 3266//3266 3263//3263
f 3262//3262 3263//3263 3266//3266
f 3262//3262 3266//3266 3265//3265
f 3264//3264 3191//3191 3262//3262
f 3264//3264 3262//3262 3265//3265
f 3329//3329 3374//3374 3369//3369
f 3369//3369 3374//3374 3370//3370
f 3305//3305 3373//3373 3370//3370
f 3305//3305 3370//3370 3374//3374
f 3372//3372 3373//3373 3300//3300
f 3352//3352 3371//3371 3372//3372
f 3373//3373 3372//3372 3371//3371
f 3371//3371 3350//3350 3349//3349
f 3371//3371 3349//3349 3370//3370
f 3300//3300 3346//3346 3372//3372
f 3373//3373 3371//3371 3370//3370
f 3363//3363 3346//3346 3300//3300
f 3349//3349 3368//3368 3370//3370
f 3368//3368 3369//3369 3370//3370
f 3300//3300 3367//3367 3363//3363
f 3355//3355 3368//3368 3349//3349
f 3329//3329 3369//3369 3368//3368
f 3329//3329 3368//3368 3365//3365
f 3367//3367 3343//3343 3366//3366
f 3355//3355 3365//3365 3368//3368
f 3337//3337 3329//3329 3365//3365
f 3343//3343 3364//3364 3366//3366
f 3343//3343 3337//3337 3364//3364
f 3337//3337 3365//3365 3364//3364
f 3365//3365 3355//3355 3356//3356
f 3365//3365 3356//3356 3364//3364
f 3366//3366 3364//3364 3353//3353
f 3364//3364 3356//3356 3353//3353
f 3346//3346 3363//3363 3358//3358
f 3366//3366 3360//3360 3367//3367
f 3360//3360 3363//3363 3367//3367
f 3359//3359 3358//3358 3363//3363
f 3360//3360 3359//3359 3363//3363
f 3361//3361 3360//3360 3366//3366
f 3353//3353 3361//3361 3366//3366
f 3356//3356 3362//3362 3353//3353
f 3362//3362 3378//3378 3353//3353
f 3378//3378 3361//3361 3353//3353
f 3361//3361 3377//3377 3360//3360
f 3384//3384 3377//3377 3361//3361
f 3378//3378 3384//3384 3361//3361
f 3377//3377 3359//3359 3360//3360
f 3359//3359 3383//3383 3358//3358
f 3376//3376 3383//3383 3359//3359
f 3383//3383 3382//3382 3358//3358
f 3382//3382 3381//3381 3352//3352
f 3382//3382 3352//3352 3358//3358
f 3381//3381 3351//3351 3352//3352
f 3351//3351 3420//3420 3350//3350
f 3381//3381 3420//3420 3351//3351
f 3348//3348 3350//3350 3420//3420
f 3354//3354 3348//3348 3375//3375
f 3375//3375 3347//3347 3354//3354
f 3375//3375 3357//3357 3347//3347
f 3386//3386 3357//3357 3375//3375
f 3347//3347 3357//3357 3379//3379
f 3379//3379 3356//3356 3355//3355
f 3379//3379 3355//3355 3347//3347
f 3355//3355 3354//3354 3347//3347
f 3355//3355 3349//3349 3354//3354
f 3358//3358 3352//3352 3346//3346
f 3352//3352 3351//3351 3371//3371
f 3350//3350 3371//3371 3351//3351
f 3348//3348 3349//3349 3350//3350
f 3349//3349 3348//3348 3354//3354
f 3372//3372 3346//3346 3352//3352
f 3414//3414 3397//3397 3410//3410
f 3362//3362 3385//3385 3378//3378
f 3419//3419 3418//3418 3384//3384
f 3419//3419 3384//3384 3385//3385
f 3418//3418 3417//3417 3384//3384
f 3382//3382 3383//3383 3416//3416
f 3416//3416 3392//3392 3381//3381
f 3416//3416 3381//3381 3382//3382
f 3390//3390 3381//3381 3392//3392
f 3420//3420 3389//3389 3348//3348
f 3348//3348 3389//3389 3375//3375
f 3356//3356 3380//3380 3362//3362
f 3384//3384 3378//3378 3385//3385
f 3417//3417 3376//3376 3377//3377
f 3377//3377 3384//3384 3417//3417
f 3376//3376 3359//3359 3377//3377
f 3383//3383 3376//3376 3415//3415
f 3420//3420 3381//3381 3390//3390
f 3356//3356 3379//3379 3380//3380
f 3409//3409 3408//3408 3413//3413
f 3409//3409 3411//3411 3410//3410
f 3405//3405 3398//3398 3397//3397
f 3398//3398 3410//3410 3397//3397
f 3398//3398 3388//3388 3410//3410
f 3399//3399 3408//3408 3409//3409
f 3399//3399 3400//3400 3408//3408
f 3400//3400 3401//3401 3408//3408
f 3401//3401 3402//3402 3412//3412
f 3401//3401 3412//3412 3408//3408
f 3403//3403 3407//3407 3412//3412
f 3402//3402 3403//3403 3412//3412
f 3403//3403 3404//3404 3407//3407
f 3407//3407 3406//3406 3414//3414
f 3404//3404 3405//3405 3406//3406
f 3404//3404 3406//3406 3407//3407
f 3405//3405 3397//3397 3406//3406
f 3387//3387 3398//3398 3405//3405
f 3387//3387 3405//3405 3396//3396
f 3395//3395 3396//3396 3405//3405
f 3394//3394 3395//3395 3405//3405
f 3394//3394 3405//3405 3404//3404
f 3418//3418 3394//3394 3404//3404
f 3393//3393 3418//3418 3404//3404
f 3404//3404 3403//3403 3393//3393
f 3415//3415 3393//3393 3403//3403
f 3415//3415 3403//3403 3402//3402
f 3392//3392 3402//3402 3401//3401
f 3390//3390 3392//3392 3401//3401
f 3391//3391 3390//3390 3401//3401
f 3391//3391 3401//3401 3400//3400
f 3399//3399 3391//3391 3400//3400
f 3399//3399 3409//3409 3386//3386
f 3409//3409 3410//3410 3386//3386
f 3387//3387 3388//3388 3398//3398
f 3387//3387 3396//3396 3362//3362
f 3387//3387 3362//3362 3380//3380
f 3396//3396 3395//3395 3385//3385
f 3396//3396 3385//3385 3362//3362
f 3419//3419 3385//3385 3395//3395
f 3419//3419 3395//3395 3394//3394
f 3418//3418 3419//3419 3394//3394
f 3417//3417 3418//3418 3393//3393
f 3376//3376 3417//3417 3393//3393
f 3415//3415 3376//3376 3393//3393
f 3415//3415 3402//3402 3383//3383
f 3416//3416 3383//3383 3402//3402
f 3416//3416 3402//3402 3392//3392
f 3420//3420 3390//3390 3391//3391
f 3391//3391 3389//3389 3420//3420
f 3389//3389 3391//3391 3399//3399
f 3375//3375 3389//3389 3399//3399
f 3375//3375 3399//3399 3386//3386
f 3386//3386 3388//3388 3357//3357
f 3388//3388 3379//3379 3357//3357
f 3380//3380 3379//3379 3388//3388
f 3380//3380 3388//3388 3387//3387
f 3414//3414 3410//3410 3411//3411
f 3414//3414 3411//3411 3413//3413
f 3414//3414 3413//3413 3407//3407
f 3409//3409 3413//3413 3411//3411
f 3388//3388 3386//3386 3410//3410
f 3397//3397 3414//3414 3406//3406
f 3407//3407 3413//3413 3412//3412
f 3412//3412 3413//3413 3408//3408
f 3496//3496 3490//3490 3491//3491
f 3491//3491 3483//3483 3493//3493
f 3480//3480 3490//3490 3489//3489
f 3481//3481 3549//3549 3556//3556
f 3480//3480 3479//3479 3483//3483
f 3543//3543 3512//3512 3465//3465
f 3474//3474 3477//3477 3475//3475
f 3459//3459 3470//3470 3471//3471
f 3456//3456 3455//3455 3458//3458
f 3505//3505 3500//3500 3498//3498
f 3505//3505 3498//3498 3502//3502
f 3500//3500 3505//3505 3504//3504
f 3500//3500 3504//3504 3501//3501
f 3503//3503 3501//3501 3504//3504
f 3494//3494 3501//3501 3503//3503
f 3502//3502 3498//3498 3488//3488
f 3502//3502 3488//3488 3499//3499
f 3494//3494 3503//3503 3497//3497
f 3494//3494 3497//3497 3487//3487
f 3501//3501 3568//3568 3571//3571
f 3572//3572 3500//3500 3501//3501
f 3572//3572 3501//3501 3571//3571
f 3498//3498 3500//3500 3572//3572
f 3498//3498 3572//3572 3567//3567
f 3568//3568 3501//3501 3494//3494
f 3568//3568 3494//3494 3562//3562
f 3499//3499 3488//3488 3489//3489
f 3499//3499 3489//3489 3495//3495
f 3488//3488 3498//3498 3567//3567
f 3488//3488 3567//3567 3561//3561
f 3487//3487 3497//3497 3492//3492
f 3487//3487 3492//3492 3485//3485
f 3495//3495 3489//3489 3490//3490
f 3495//3495 3490//3490 3496//3496
f 3494//3494 3487//3487 3556//3556
f 3494//3494 3556//3556 3562//3562
f 3492//3492 3486//3486 3484//3484
f 3492//3492 3484//3484 3485//3485
f 3490//3490 3483//3483 3491//3491
f 3553//3553 3489//3489 3488//3488
f 3553//3553 3488//3488 3561//3561
f 3556//3556 3487//3487 3485//3485
f 3556//3556 3485//3485 3481//3481
f 3485//3485 3484//3484 3482//3482
f 3485//3485 3482//3482 3481//3481
f 3483//3483 3490//3490 3480//3480
f 3480//3480 3489//3489 3553//3553
f 3480//3480 3553//3553 3545//3545
f 3493//3493 3479//3479 3466//3466
f 3493//3493 3466//3466 3467//3467
f 3479//3479 3493//3493 3483//3483
f 3482//3482 3478//3478 3477//3477
f 3482//3482 3477//3477 3481//3481
f 3541//3541 3549//3549 3481//3481
f 3541//3541 3481//3481 3477//3477
f 3479//3479 3480//3480 3545//3545
f 3479//3479 3545//3545 3543//3543
f 3465//3465 3466//3466 3479//3479
f 3543//3543 3465//3465 3479//3479
f 3475//3475 3477//3477 3478//3478
f 3475//3475 3478//3478 3476//3476
f 3541//3541 3477//3477 3474//3474
f 3541//3541 3474//3474 3532//3532
f 3475//3475 3476//3476 2183//2183
f 3475//3475 2183//2183 3473//3473
f 3474//3474 3475//3475 3473//3473
f 3474//3474 3473//3473 3472//3472
f 3474//3474 3472//3472 3471//3471
f 3528//3528 3532//3532 3474//3474
f 3528//3528 3474//3474 3471//3471
f 3461//3461 3473//3473 2183//2183
f 3461//3461 2183//2183 3462//3462
f 3458//3458 3472//3472 3473//3473
f 3458//3458 3473//3473 3461//3461
f 3458//3458 3459//3459 3471//3471
f 3458//3458 3471//3471 3472//3472
f 3471//3471 3470//3470 3520//3520
f 3471//3471 3520//3520 3528//3528
f 3440//3440 3470//3470 3459//3459
f 3440//3440 3459//3459 3443//3443
f 3440//3440 3453//3453 3470//3470
f 3520//3520 3470//3470 3453//3453
f 3520//3520 3453//3453 3452//3452
f 3454//3454 3520//3520 3452//3452
f 3519//3519 3454//3454 3469//3469
f 3469//3469 3513//3513 3519//3519
f 3454//3454 3442//3442 3469//3469
f 3515//3515 3513//3513 3468//3468
f 3433//3433 3515//3515 3468//3468
f 3515//3515 3433//3433 3514//3514
f 3469//3469 3468//3468 3513//3513
f 3464//3464 3465//3465 3512//3512
f 3464//3464 3512//3512 3463//3463
f 3464//3464 3463//3463 1924//1924
f 3460//3460 3463//3463 3509//3509
f 1924//1924 3463//3463 3460//3460
f 3456//3456 3461//3461 3462//3462
f 3456//3456 3462//3462 3457//3457
f 3461//3461 3456//3456 3458//3458
f 3455//3455 3443//3443 3459//3459
f 3455//3455 3459//3459 3458//3458
f 3457//3457 1888//1888 3450//3450
f 3457//3457 3450//3450 3456//3456
f 3451//3451 3456//3456 3450//3450
f 3447//3447 3455//3455 3456//3456
f 3447//3447 3456//3456 3451//3451
f 3450//3450 1888//1888 1881//1881
f 3441//3441 3460//3460 3509//3509
f 3443//3443 3455//3455 3447//3447
f 3449//3449 3460//3460 3441//3441
f 3439//3439 3453//3453 3440//3440
f 3442//3442 3454//3454 3452//3452
f 3442//3442 3452//3452 3439//3439
f 3439//3439 3452//3452 3453//3453
f 3449//3449 3441//3441 3446//3446
f 1881//1881 3445//3445 3450//3450
f 3445//3445 3451//3451 3450//3450
f 3446//3446 3448//3448 3449//3449
f 3445//3445 1881//1881 1870//1870
f 1870//1870 3444//3444 3445//3445
f 3438//3438 3443//3443 3447//3447
f 3438//3438 3447//3447 3451//3451
f 3445//3445 3438//3438 3451//3451
f 3443//3443 3438//3438 3437//3437
f 3443//3443 3437//3437 3440//3440
f 3442//3442 3439//3439 3435//3435
f 3435//3435 3439//3439 3440//3440
f 3435//3435 3440//3440 3437//3437
f 3429//3429 3446//3446 3441//3441
f 3436//3436 3438//3438 3445//3445
f 3436//3436 3445//3445 3444//3444
f 3438//3438 3431//3431 3437//3437
f 3441//3441 3506//3506 3426//3426
f 3434//3434 3435//3435 3437//3437
f 3434//3434 3437//3437 3431//3431
f 3442//3442 3428//3428 3469//3469
f 3442//3442 3427//3427 3428//3428
f 3435//3435 3427//3427 3442//3442
f 3430//3430 3468//3468 3469//3469
f 3430//3430 3469//3469 3428//3428
f 3438//3438 3436//3436 3432//3432
f 3438//3438 3432//3432 3431//3431
f 3433//3433 3426//3426 3506//3506
f 3468//3468 3430//3430 3433//3433
f 3426//3426 3429//3429 3441//3441
f 3430//3430 3428//3428 3424//3424
f 3427//3427 3435//3435 3434//3434
f 3436//3436 1833//1833 1832//1832
f 3436//3436 1832//1832 3432//3432
f 1826//1826 3431//3431 3432//3432
f 1826//1826 3432//3432 1832//1832
f 3430//3430 3424//3424 3421//3421
f 3425//3425 3429//3429 3426//3426
f 3433//3433 3430//3430 3421//3421
f 3421//3421 3426//3426 3433//3433
f 3431//3431 1826//1826 3422//3422
f 3431//3431 3422//3422 3434//3434
f 3424//3424 3428//3428 3427//3427
f 3424//3424 3427//3427 3423//3423
f 3434//3434 3422//3422 3423//3423
f 3434//3434 3423//3423 3427//3427
f 1820//1820 3429//3429 3425//3425
f 3421//3421 3425//3425 3426//3426
f 3515//3515 3578//3578 3526//3526
f 3572//3572 3570//3570 3565//3565
f 3572//3572 3565//3565 3567//3567
f 3570//3570 3572//3572 3571//3571
f 3570//3570 3571//3571 3569//3569
f 3568//3568 3564//3564 3569//3569
f 3568//3568 3569//3569 3571//3571
f 3569//3569 3563//3563 3566//3566
f 3570//3570 3569//3569 3566//3566
f 3565//3565 3570//3570 3566//3566
f 3569//3569 3564//3564 3557//3557
f 3569//3569 3557//3557 3563//3563
f 3560//3560 3564//3564 3568//3568
f 3560//3560 3568//3568 3562//3562
f 3559//3559 3561//3561 3567//3567
f 3559//3559 3567//3567 3565//3565
f 3559//3559 3565//3565 3566//3566
f 3559//3559 3566//3566 3558//3558
f 3557//3557 3564//3564 3560//3560
f 3555//3555 3560//3560 3562//3562
f 3555//3555 3562//3562 3556//3556
f 3563//3563 3557//3557 3675//3675
f 3552//3552 3553//3553 3561//3561
f 3552//3552 3561//3561 3559//3559
f 3566//3566 3563//3563 3558//3558
f 3560//3560 3555//3555 3554//3554
f 3560//3560 3554//3554 3557//3557
f 3558//3558 3563//3563 3550//3550
f 3552//3552 3559//3559 3558//3558
f 3552//3552 3558//3558 3551//3551
f 3557//3557 3669//3669 3675//3675
f 3550//3550 3551//3551 3558//3558
f 3547//3547 3555//3555 3556//3556
f 3547//3547 3556//3556 3549//3549
f 3554//3554 3669//3669 3557//3557
f 3554//3554 3555//3555 3547//3547
f 3554//3554 3547//3547 3546//3546
f 3545//3545 3553//3553 3552//3552
f 3545//3545 3552//3552 3544//3544
f 3551//3551 3544//3544 3552//3552
f 3669//3669 3554//3554 3546//3546
f 3669//3669 3546//3546 3542//3542
f 3548//3548 3544//3544 3551//3551
f 3551//3551 3550//3550 3548//3548
f 3540//3540 3547//3547 3549//3549
f 3540//3540 3549//3549 3541//3541
f 3540//3540 3542//3542 3546//3546
f 3540//3540 3546//3546 3547//3547
f 3545//3545 3544//3544 3539//3539
f 3545//3545 3539//3539 3543//3543
f 3544//3544 3538//3538 3539//3539
f 3538//3538 3544//3544 3548//3548
f 3548//3548 3537//3537 3538//3538
f 3536//3536 3512//3512 3543//3543
f 3536//3536 3543//3543 3539//3539
f 3535//3535 3536//3536 3539//3539
f 3540//3540 3533//3533 3534//3534
f 3540//3540 3534//3534 3542//3542
f 3533//3533 3540//3540 3541//3541
f 3533//3533 3541//3541 3532//3532
f 3535//3535 3539//3539 3538//3538
f 3531//3531 3535//3535 3538//3538
f 3531//3531 3538//3538 3537//3537
f 3512//3512 3536//3536 3511//3511
f 3531//3531 3537//3537 3617//3617
f 3536//3536 3535//3535 3510//3510
f 3536//3536 3510//3510 3511//3511
f 3604//3604 3534//3534 3530//3530
f 3530//3530 3534//3534 3533//3533
f 3530//3530 3533//3533 3529//3529
f 3529//3529 3533//3533 3532//3532
f 3529//3529 3532//3532 3528//3528
f 3587//3587 3531//3531 3617//3617
f 3531//3531 3587//3587 3527//3527
f 3523//3523 3604//3604 3530//3530
f 3523//3523 3580//3580 3604//3604
f 3510//3510 3535//3535 3508//3508
f 3535//3535 3527//3527 3508//3508
f 3527//3527 3535//3535 3531//3531
f 3530//3530 3529//3529 3525//3525
f 3523//3523 3530//3530 3525//3525
f 3523//3523 3519//3519 3526//3526
f 3528//3528 3520//3520 3525//3525
f 3528//3528 3525//3525 3529//3529
f 3526//3526 3524//3524 3580//3580
f 3526//3526 3580//3580 3523//3523
f 3587//3587 3522//3522 3521//3521
f 3587//3587 3521//3521 3527//3527
f 3507//3507 3527//3527 3521//3521
f 3527//3527 3507//3507 3508//3508
f 3454//3454 3523//3523 3525//3525
f 3454//3454 3525//3525 3520//3520
f 3519//3519 3513//3513 3526//3526
f 3578//3578 3524//3524 3526//3526
f 3519//3519 3523//3523 3454//3454
f 3521//3521 3517//3517 3518//3518
f 3521//3521 3518//3518 3507//3507
f 3517//3517 3521//3521 3522//3522
f 3513//3513 3515//3515 3526//3526
f 3518//3518 3517//3517 3516//3516
f 3507//3507 3518//3518 3514//3514
f 3516//3516 3573//3573 3514//3514
f 3516//3516 3514//3514 3518//3518
f 3573//3573 3578//3578 3514//3514
f 3578//3578 3515//3515 3514//3514
f 3511//3511 3509//3509 3463//3463
f 3511//3511 3463//3463 3512//3512
f 3509//3509 3511//3511 3510//3510
f 3508//3508 3509//3509 3510//3510
f 3507//3507 3514//3514 3506//3506
f 3506//3506 3509//3509 3508//3508
f 3506//3506 3508//3508 3507//3507
f 3509//3509 3506//3506 3441//3441
f 3506//3506 3514//3514 3433//3433
f 3603//3603 3597//3597 3609//3609
f 3589//3589 3598//3598 3588//3588
f 3583//3583 3588//3588 3584//3584
f 3524//3524 3582//3582 3580//3580
f 3673//3673 3563//3563 3675//3675
f 3672//3672 3673//3673 3675//3675
f 3675//3675 3670//3670 3672//3672
f 3674//3674 3670//3670 3675//3675
f 3673//3673 3550//3550 3563//3563
f 3671//3671 3673//3673 3672//3672
f 3675//3675 3669//3669 3674//3674
f 3674//3674 3669//3669 3668//3668
f 3667//3667 3550//3550 3673//3673
f 3670//3670 3649//3649 3672//3672
f 3665//3665 3670//3670 3674//3674
f 3668//3668 3656//3656 3665//3665
f 3668//3668 3665//3665 3674//3674
f 3666//3666 3671//3671 3672//3672
f 3649//3649 3666//3666 3672//3672
f 3673//3673 3671//3671 3667//3667
f 3649//3649 3670//3670 3660//3660
f 3660//3660 3670//3670 3665//3665
f 3660//3660 3665//3665 3652//3652
f 3666//3666 3667//3667 3671//3671
f 3550//3550 3667//3667 3548//3548
f 3548//3548 3667//3667 3654//3654
f 3665//3665 3656//3656 3643//3643
f 3665//3665 3643//3643 3652//3652
f 3645//3645 3656//3656 3668//3668
f 3645//3645 3668//3668 3648//3648
f 3655//3655 3662//3662 3664//3664
f 3655//3655 3664//3664 3650//3650
f 3655//3655 3663//3663 3662//3662
f 3663//3663 3661//3661 3662//3662
f 3667//3667 3666//3666 3644//3644
f 3657//3657 3658//3658 3661//3661
f 3657//3657 3661//3661 3663//3663
f 3651//3651 3661//3661 3658//3658
f 3652//3652 3659//3659 3660//3660
f 3663//3663 3655//3655 3657//3657
f 3650//3650 3664//3664 3659//3659
f 3650//3650 3659//3659 3652//3652
f 3662//3662 3659//3659 3664//3664
f 3654//3654 3667//3667 3644//3644
f 3660//3660 3659//3659 3649//3649
f 3658//3658 3698//3698 3651//3651
f 3711//3711 3658//3658 3657//3657
f 3705//3705 3711//3711 3657//3657
f 3705//3705 3657//3657 3655//3655
f 3654//3654 3631//3631 3630//3630
f 3652//3652 3643//3643 3647//3647
f 3643//3643 3656//3656 3645//3645
f 3537//3537 3548//3548 3654//3654
f 3537//3537 3654//3654 3630//3630
f 3705//3705 3655//3655 3696//3696
f 3662//3662 3661//3661 3646//3646
f 3669//3669 3542//3542 3639//3639
f 3639//3639 3668//3668 3669//3669
f 3644//3644 3666//3666 3653//3653
f 3696//3696 3655//3655 3647//3647
f 3631//3631 3654//3654 3644//3644
f 3631//3631 3644//3644 3633//3633
f 3653//3653 3666//3666 3649//3649
f 3653//3653 3649//3649 3641//3641
f 3647//3647 3655//3655 3650//3650
f 3668//3668 3639//3639 3648//3648
f 3647//3647 3650//3650 3652//3652
f 3659//3659 3641//3641 3649//3649
f 3662//3662 3646//3646 3641//3641
f 3662//3662 3641//3641 3659//3659
f 3651//3651 3646//3646 3661//3661
f 3648//3648 3642//3642 3645//3645
f 3542//3542 3620//3620 3639//3639
f 3634//3634 3643//3643 3645//3645
f 3634//3634 3645//3645 3642//3642
f 3636//3636 3633//3633 3644//3644
f 3638//3638 3641//3641 3646//3646
f 3636//3636 3644//3644 3653//3653
f 3698//3698 3635//3635 3651//3651
f 3635//3635 3640//3640 3651//3651
f 3648//3648 3639//3639 3642//3642
f 3633//3633 3626//3626 3631//3631
f 3640//3640 3646//3646 3651//3651
f 3692//3692 3696//3696 3632//3632
f 3632//3632 3696//3696 3647//3647
f 3632//3632 3647//3647 3643//3643
f 3632//3632 3643//3643 3634//3634
f 3641//3641 3637//3637 3653//3653
f 3637//3637 3641//3641 3638//3638
f 3627//3627 3638//3638 3646//3646
f 3640//3640 3627//3627 3646//3646
f 3542//3542 3534//3534 3620//3620
f 3639//3639 3629//3629 3642//3642
f 3629//3629 3639//3639 3620//3620
f 3636//3636 3653//3653 3637//3637
f 3627//3627 3637//3637 3638//3638
f 3633//3633 3636//3636 3625//3625
f 3633//3633 3625//3625 3626//3626
f 3632//3632 3690//3690 3692//3692
f 3636//3636 3637//3637 3625//3625
f 3627//3627 3625//3625 3637//3637
f 3634//3634 3642//3642 3628//3628
f 3617//3617 3630//3630 3631//3631
f 3617//3617 3631//3631 3619//3619
f 3626//3626 3621//3621 3619//3619
f 3626//3626 3619//3619 3631//3631
f 3628//3628 3632//3632 3634//3634
f 3537//3537 3630//3630 3617//3617
f 3642//3642 3629//3629 3628//3628
f 3624//3624 3632//3632 3628//3628
f 3624//3624 3690//3690 3632//3632
f 3616//3616 3623//3623 3627//3627
f 3621//3621 3626//3626 3625//3625
f 3621//3621 3625//3625 3623//3623
f 3625//3625 3627//3627 3623//3623
f 3685//3685 3635//3635 3693//3693
f 3635//3635 3685//3685 3622//3622
f 3622//3622 3640//3640 3635//3635
f 3622//3622 3616//3616 3640//3640
f 3640//3640 3616//3616 3627//3627
f 3616//3616 3622//3622 3615//3615
f 3623//3623 3616//3616 3618//3618
f 3609//3609 3610//3610 3624//3624
f 3609//3609 3624//3624 3628//3628
f 3611//3611 3606//3606 3621//3621
f 3611//3611 3621//3621 3623//3623
f 3599//3599 3620//3620 3534//3534
f 3599//3599 3534//3534 3604//3604
f 3601//3601 3628//3628 3629//3629
f 3601//3601 3629//3629 3590//3590
f 3602//3602 3619//3619 3621//3621
f 3602//3602 3621//3621 3606//3606
f 3599//3599 3590//3590 3629//3629
f 3599//3599 3629//3629 3620//3620
f 3602//3602 3617//3617 3619//3619
f 3611//3611 3623//3623 3618//3618
f 3611//3611 3618//3618 3605//3605
f 3609//3609 3628//3628 3601//3601
f 3685//3685 3615//3615 3622//3622
f 3610//3610 3609//3609 3613//3613
f 3614//3614 3618//3618 3612//3612
f 3587//3587 3617//3617 3602//3602
f 3605//3605 3618//3618 3614//3614
f 3612//3612 3618//3618 3616//3616
f 3616//3616 3615//3615 3612//3612
f 3678//3678 3615//3615 3685//3685
f 3610//3610 3608//3608 3676//3676
f 3615//3615 3678//3678 3677//3677
f 3615//3615 3677//3677 3608//3608
f 3614//3614 3612//3612 3607//3607
f 3605//3605 3595//3595 3611//3611
f 3610//3610 3607//3607 3608//3608
f 3598//3598 3605//3605 3614//3614
f 3609//3609 3597//3597 3613//3613
f 3603//3603 3609//3609 3601//3601
f 3600//3600 3607//3607 3613//3613
f 3600//3600 3613//3613 3597//3597
f 3615//3615 3608//3608 3607//3607
f 3592//3592 3606//3606 3611//3611
f 3614//3614 3600//3600 3598//3598
f 3607//3607 3610//3610 3613//3613
f 3615//3615 3607//3607 3612//3612
f 3592//3592 3593//3593 3606//3606
f 3600//3600 3614//3614 3607//3607
f 3606//3606 3593//3593 3602//3602
f 3601//3601 3596//3596 3603//3603
f 3595//3595 3605//3605 3589//3589
f 3604//3604 3580//3580 3599//3599
f 3596//3596 3594//3594 3603//3603
f 3594//3594 3597//3597 3603//3603
f 3595//3595 3592//3592 3611//3611
f 3586//3586 3600//3600 3597//3597
f 3593//3593 3579//3579 3602//3602
f 3596//3596 3601//3601 3590//3590
f 3599//3599 3580//3580 3590//3590
f 3605//3605 3598//3598 3589//3589
f 3600//3600 3586//3586 3591//3591
f 3588//3588 3600//3600 3591//3591
f 3600//3600 3588//3588 3598//3598
f 3597//3597 3594//3594 3586//3586
f 3595//3595 3589//3589 3585//3585
f 3590//3590 3580//3580 3596//3596
f 3596//3596 3580//3580 3594//3594
f 3581//3581 3593//3593 3592//3592
f 3594//3594 3582//3582 3586//3586
f 3602//3602 3579//3579 3587//3587
f 3588//3588 3591//3591 3584//3584
f 3588//3588 3583//3583 3589//3589
f 3522//3522 3587//3587 3579//3579
f 3582//3582 3591//3591 3586//3586
f 3581//3581 3577//3577 3579//3579
f 3581//3581 3579//3579 3593//3593
f 3592//3592 3595//3595 3581//3581
f 3584//3584 3591//3591 3582//3582
f 3585//3585 3589//3589 3583//3583
f 3594//3594 3580//3580 3582//3582
f 3595//3595 3585//3585 3581//3581
f 3584//3584 3575//3575 3583//3583
f 3581//3581 3576//3576 3577//3577
f 3585//3585 3583//3583 3575//3575
f 3524//3524 3574//3574 3582//3582
f 3585//3585 3576//3576 3581//3581
f 3584//3584 3582//3582 3574//3574
f 3584//3584 3574//3574 3575//3575
f 3579//3579 3577//3577 3517//3517
f 3579//3579 3517//3517 3522//3522
f 3574//3574 3524//3524 3578//3578
f 3576//3576 3516//3516 3517//3517
f 3576//3576 3517//3517 3577//3577
f 3574//3574 3578//3578 3575//3575
f 3573//3573 3516//3516 3576//3576
f 3575//3575 3578//3578 3573//3573
f 3573//3573 3585//3585 3575//3575
f 3576//3576 3585//3585 3573//3573
f 3756//3756 3741//3741 3754//3754
f 3683//3683 3684//3684 3724//3724
f 3704//3704 3706//3706 3711//3711
f 3759//3759 3757//3757 3758//3758
f 3756//3756 3759//3759 3755//3755
f 3744//3744 3793//3793 3758//3758
f 3758//3758 3793//3793 3759//3759
f 3756//3756 3749//3749 3759//3759
f 3749//3749 3757//3757 3759//3759
f 3755//3755 3759//3759 3793//3793
f 3752//3752 3758//3758 3757//3757
f 3749//3749 3756//3756 3754//3754
f 3749//3749 3754//3754 3750//3750
f 3744//3744 3758//3758 3752//3752
f 3753//3753 3752//3752 3757//3757
f 3756//3756 3755//3755 3737//3737
f 3709//3709 3754//3754 3751//3751
f 3750//3750 3754//3754 3709//3709
f 3750//3750 3709//3709 3707//3707
f 3753//3753 3757//3757 3749//3749
f 3748//3748 3750//3750 3707//3707
f 3748//3748 3707//3707 3703//3703
f 3746//3746 3752//3752 3753//3753
f 3753//3753 3749//3749 3750//3750
f 3753//3753 3750//3750 3747//3747
f 3751//3751 3754//3754 3741//3741
f 3751//3751 3741//3741 3738//3738
f 3750//3750 3748//3748 3747//3747
f 3751//3751 3738//3738 3702//3702
f 3746//3746 3753//3753 3747//3747
f 3701//3701 3748//3748 3703//3703
f 3741//3741 3756//3756 3737//3737
f 3742//3742 3752//3752 3746//3746
f 3745//3745 3746//3746 3747//3747
f 3745//3745 3747//3747 3748//3748
f 3745//3745 3748//3748 3701//3701
f 3742//3742 3743//3743 3752//3752
f 3701//3701 3694//3694 3740//3740
f 3701//3701 3740//3740 3745//3745
f 3737//3737 3755//3755 3729//3729
f 3752//3752 3743//3743 3744//3744
f 3789//3789 3729//3729 3755//3755
f 3742//3742 3746//3746 3739//3739
f 3745//3745 3740//3740 3739//3739
f 3745//3745 3739//3739 3746//3746
f 3737//3737 3735//3735 3741//3741
f 3743//3743 3788//3788 3744//3744
f 3694//3694 3691//3691 3740//3740
f 3740//3740 3691//3691 3736//3736
f 3734//3734 3742//3742 3739//3739
f 3742//3742 3734//3734 3731//3731
f 3736//3736 3734//3734 3739//3739
f 3736//3736 3739//3739 3740//3740
f 3743//3743 3742//3742 3731//3731
f 3738//3738 3741//3741 3735//3735
f 3787//3787 3729//3729 3789//3789
f 3737//3737 3717//3717 3735//3735
f 3737//3737 3729//3729 3717//3717
f 3733//3733 3732//3732 3736//3736
f 3733//3733 3736//3736 3691//3691
f 3728//3728 3743//3743 3731//3731
f 3732//3732 3734//3734 3736//3736
f 3686//3686 3738//3738 3735//3735
f 3734//3734 3720//3720 3731//3731
f 3720//3720 3734//3734 3732//3732
f 3686//3686 3735//3735 3726//3726
f 3689//3689 3732//3732 3733//3733
f 3732//3732 3689//3689 3723//3723
f 3794//3794 3743//3743 3728//3728
f 3730//3730 3723//3723 3689//3689
f 3719//3719 3723//3723 3730//3730
f 3735//3735 3717//3717 3726//3726
f 3723//3723 3720//3720 3732//3732
f 3786//3786 3729//3729 3787//3787
f 3729//3729 3786//3786 3717//3717
f 3728//3728 3731//3731 3720//3720
f 3724//3724 3684//3684 3726//3726
f 3727//3727 3722//3722 3730//3730
f 3726//3726 3721//3721 3724//3724
f 3722//3722 3719//3719 3730//3730
f 3725//3725 3722//3722 3727//3727
f 3727//3727 3679//3679 3725//3725
f 3683//3683 3724//3724 3725//3725
f 3683//3683 3725//3725 3679//3679
f 3717//3717 3713//3713 3721//3721
f 3717//3717 3721//3721 3726//3726
f 3722//3722 3725//3725 3718//3718
f 3724//3724 3721//3721 3718//3718
f 3724//3724 3718//3718 3725//3725
f 3720//3720 3723//3723 3719//3719
f 3720//3720 3719//3719 3716//3716
f 3715//3715 3719//3719 3722//3722
f 3718//3718 3715//3715 3722//3722
f 3721//3721 3713//3713 3714//3714
f 3721//3721 3714//3714 3718//3718
f 3715//3715 3716//3716 3719//3719
f 3715//3715 3718//3718 3714//3714
f 3728//3728 3720//3720 3716//3716
f 3713//3713 3786//3786 3785//3785
f 3794//3794 3728//3728 3712//3712
f 3786//3786 3713//3713 3717//3717
f 3712//3712 3785//3785 3794//3794
f 3785//3785 3712//3712 3713//3713
f 3714//3714 3716//3716 3715//3715
f 3712//3712 3728//3728 3716//3716
f 3714//3714 3712//3712 3716//3716
f 3713//3713 3712//3712 3714//3714
f 3710//3710 3698//3698 3658//3658
f 3658//3658 3711//3711 3710//3710
f 3705//3705 3704//3704 3711//3711
f 3708//3708 3710//3710 3711//3711
f 3708//3708 3711//3711 3706//3706
f 3709//3709 3708//3708 3706//3706
f 3709//3709 3706//3706 3707//3707
f 3702//3702 3709//3709 3751//3751
f 3708//3708 3709//3709 3702//3702
f 3706//3706 3704//3704 3703//3703
f 3706//3706 3703//3703 3707//3707
f 3698//3698 3710//3710 3699//3699
f 3710//3710 3708//3708 3697//3697
f 3710//3710 3697//3697 3699//3699
f 3703//3703 3700//3700 3701//3701
f 3703//3703 3704//3704 3700//3700
f 3704//3704 3705//3705 3700//3700
f 3708//3708 3702//3702 3697//3697
f 3695//3695 3705//3705 3696//3696
f 3738//3738 3697//3697 3702//3702
f 3700//3700 3705//3705 3695//3695
f 3635//3635 3698//3698 3699//3699
f 3635//3635 3699//3699 3693//3693
f 3694//3694 3701//3701 3700//3700
f 3700//3700 3695//3695 3694//3694
f 3697//3697 3693//3693 3699//3699
f 3696//3696 3692//3692 3695//3695
f 3692//3692 3691//3691 3695//3695
f 3695//3695 3691//3691 3694//3694
f 3690//3690 3691//3691 3692//3692
f 3691//3691 3690//3690 3733//3733
f 3681//3681 3693//3693 3697//3697
f 3689//3689 3733//3733 3690//3690
f 3689//3689 3690//3690 3688//3688
f 3690//3690 3624//3624 3688//3688
f 3686//3686 3697//3697 3738//3738
f 3730//3730 3689//3689 3687//3687
f 3687//3687 3689//3689 3688//3688
f 3686//3686 3681//3681 3697//3697
f 3685//3685 3693//3693 3681//3681
f 3726//3726 3684//3684 3686//3686
f 3681//3681 3686//3686 3684//3684
f 3684//3684 3680//3680 3681//3681
f 3730//3730 3687//3687 3727//3727
f 3687//3687 3688//3688 3682//3682
f 3687//3687 3682//3682 3727//3727
f 3682//3682 3688//3688 3624//3624
f 3680//3680 3678//3678 3681//3681
f 3624//3624 3610//3610 3676//3676
f 3624//3624 3676//3676 3682//3682
f 3679//3679 3727//3727 3682//3682
f 3680//3680 3684//3684 3683//3683
f 3679//3679 3680//3680 3683//3683
f 3682//3682 3676//3676 3679//3679
f 3681//3681 3678//3678 3685//3685
f 3678//3678 3680//3680 3677//3677
f 3679//3679 3676//3676 3677//3677
f 3679//3679 3677//3677 3680//3680
f 3677//3677 3676//3676 3608//3608
f 3776//3776 3775//3775 3779//3779
f 3792//3792 3793//3793 3791//3791
f 3791//3791 3793//3793 3744//3744
f 3789//3789 3755//3755 3793//3793
f 3791//3791 3744//3744 3788//3788
f 3784//3784 3788//3788 3743//3743
f 3794//3794 3784//3784 3743//3743
f 3792//3792 3764//3764 3760//3760
f 3763//3763 3764//3764 3792//3792
f 3763//3763 3792//3792 3791//3791
f 3792//3792 3760//3760 3793//3793
f 3793//3793 3760//3760 3789//3789
f 3788//3788 3790//3790 3791//3791
f 3790//3790 3788//3788 3768//3768
f 3781//3781 3780//3780 3787//3787
f 3781//3781 3787//3787 3789//3789
f 3784//3784 3768//3768 3788//3788
f 3780//3780 3779//3779 3786//3786
f 3780//3780 3786//3786 3787//3787
f 3768//3768 3784//3784 3769//3769
f 3779//3779 3783//3783 3786//3786
f 3779//3779 3775//3775 3783//3783
f 3783//3783 3785//3785 3786//3786
f 3782//3782 3769//3769 3784//3784
f 3785//3785 3783//3783 3782//3782
f 3785//3785 3782//3782 3794//3794
f 3782//3782 3784//3784 3794//3794
f 3782//3782 3770//3770 3769//3769
f 3778//3778 3783//3783 3775//3775
f 3782//3782 3766//3766 3770//3770
f 3766//3766 3782//3782 3783//3783
f 3766//3766 3783//3783 3778//3778
f 3777//3777 3781//3781 3789//3789
f 3780//3780 3781//3781 3777//3777
f 3780//3780 3777//3777 3776//3776
f 3779//3779 3780//3780 3776//3776
f 3777//3777 3765//3765 3774//3774
f 3770//3770 3766//3766 3829//3829
f 3766//3766 3778//3778 3796//3796
f 3796//3796 3775//3775 3824//3824
f 3778//3778 3775//3775 3796//3796
f 3775//3775 3776//3776 3824//3824
f 3776//3776 3777//3777 3774//3774
f 3776//3776 3774//3774 3824//3824
f 3765//3765 3773//3773 3774//3774
f 3765//3765 3764//3764 3773//3773
f 3764//3764 3763//3763 3795//3795
f 3764//3764 3795//3795 3773//3773
f 3763//3763 3772//3772 3795//3795
f 3763//3763 3762//3762 3772//3772
f 3762//3762 3761//3761 3771//3771
f 3768//3768 3769//3769 3767//3767
f 3767//3767 3769//3769 3770//3770
f 3767//3767 3770//3770 3761//3761
f 3760//3760 3764//3764 3765//3765
f 3763//3763 3791//3791 3790//3790
f 3763//3763 3790//3790 3762//3762
f 3762//3762 3790//3790 3768//3768
f 3762//3762 3768//3768 3767//3767
f 3762//3762 3767//3767 3761//3761
f 3789//3789 3760//3760 3765//3765
f 3789//3789 3765//3765 3777//3777
f 3816//3816 3820//3820 3809//3809
f 3799//3799 3771//3771 3797//3797
f 3799//3799 3762//3762 3771//3771
f 3829//3829 3827//3827 3828//3828
f 3807//3807 3827//3827 3796//3796
f 3796//3796 3826//3826 3807//3807
f 3805//3805 3826//3826 3824//3824
f 3804//3804 3824//3824 3774//3774
f 3774//3774 3803//3803 3804//3804
f 3825//3825 3803//3803 3774//3774
f 3825//3825 3774//3774 3773//3773
f 3833//3833 3825//3825 3773//3773
f 3832//3832 3833//3833 3795//3795
f 3772//3772 3800//3800 3832//3832
f 3832//3832 3795//3795 3772//3772
f 3772//3772 3762//3762 3799//3799
f 3772//3772 3799//3799 3800//3800
f 3797//3797 3771//3771 3798//3798
f 3829//3829 3830//3830 3770//3770
f 3827//3827 3829//3829 3766//3766
f 3796//3796 3827//3827 3766//3766
f 3826//3826 3796//3796 3824//3824
f 3773//3773 3795//3795 3833//3833
f 3830//3830 3831//3831 3761//3761
f 3830//3830 3761//3761 3770//3770
f 3771//3771 3831//3831 3798//3798
f 3761//3761 3831//3831 3771//3771
f 3821//3821 3818//3818 3817//3817
f 3820//3820 3819//3819 3809//3809
f 3816//3816 3815//3815 3823//3823
f 3809//3809 3798//3798 3816//3816
f 3809//3809 3819//3819 3797//3797
f 3817//3817 3810//3810 3819//3819
f 3818//3818 3811//3811 3810//3810
f 3818//3818 3810//3810 3817//3817
f 3822//3822 3811//3811 3818//3818
f 3822//3822 3813//3813 3811//3811
f 3822//3822 3814//3814 3813//3813
f 3823//3823 3815//3815 3828//3828
f 3823//3823 3828//3828 3808//3808
f 3823//3823 3808//3808 3814//3814
f 3814//3814 3808//3808 3807//3807
f 3814//3814 3807//3807 3806//3806
f 3814//3814 3806//3806 3813//3813
f 3813//3813 3806//3806 3805//3805
f 3813//3813 3805//3805 3804//3804
f 3813//3813 3804//3804 3803//3803
f 3813//3813 3803//3803 3812//3812
f 3813//3813 3812//3812 3811//3811
f 3811//3811 3812//3812 3802//3802
f 3811//3811 3802//3802 3801//3801
f 3810//3810 3801//3801 3800//3800
f 3811//3811 3801//3801 3810//3810
f 3810//3810 3800//3800 3819//3819
f 3819//3819 3799//3799 3797//3797
f 3816//3816 3798//3798 3815//3815
f 3815//3815 3830//3830 3829//3829
f 3828//3828 3815//3815 3829//3829
f 3828//3828 3827//3827 3808//3808
f 3808//3808 3827//3827 3807//3807
f 3807//3807 3826//3826 3806//3806
f 3806//3806 3826//3826 3805//3805
f 3824//3824 3804//3804 3805//3805
f 3803//3803 3825//3825 3812//3812
f 3812//3812 3825//3825 3833//3833
f 3812//3812 3833//3833 3802//3802
f 3802//3802 3833//3833 3832//3832
f 3802//3802 3832//3832 3801//3801
f 3800//3800 3801//3801 3832//3832
f 3800//3800 3799//3799 3819//3819
f 3798//3798 3831//3831 3830//3830
f 3798//3798 3830//3830 3815//3815
f 3817//3817 3819//3819 3821//3821
f 3822//3822 3821//3821 3820//3820
f 3819//3819 3820//3820 3821//3821
f 3798//3798 3809//3809 3797//3797
f 3820//3820 3816//3816 3823//3823
f 3823//3823 3814//3814 3820//3820
f 3822//3822 3820//3820 3814//3814
f 3821//3821 3822//3822 3818//3818
f 3840//3840 598//598 3849//3849
f 3840//3840 3842//3842 598//598
f 3839//3839 3842//3842 3840//3840
f 3839//3839 3851//3851 3842//3842
f 3843//3843 3851//3851 3839//3839
f 3837//3837 3841//3841 3838//3838
f 3834//3834 3841//3841 3837//3837
f 3847//3847 587//587 3836//3836
f 3847//3847 3836//3836 595//595
f 3835//3835 595//595 3836//3836
f 3844//3844 3845//3845 3834//3834
f 3834//3834 3845//3845 596//596
f 3834//3834 596//596 3841//3841
f 3841//3841 596//596 3850//3850
f 3841//3841 3850//3850 3838//3838
f 3838//3838 3850//3850 3846//3846
f 3838//3838 3846//3846 3843//3843
f 3843//3843 3846//3846 3851//3851
f 3835//3835 599//599 595//595
f 587//587 3847//3847 3844//3844
f 3847//3847 3848//3848 3844//3844
f 3844//3844 3848//3848 3845//3845
f 3846//3846 597//597 3851//3851
# 7698 faces, 0 coords texture

# End of File
