####
#
# OBJ File Generated by Meshlab
#
####
# Object dog3.obj
#
# Vertices: 2529
# Faces: 5051
#
####
vn 0.331333 0.809356 0.484934
v 0.027041 0.660248 0.178250
vn 0.037917 0.480588 -0.876126
v 0.028291 0.625215 0.024232
vn 0.709697 0.688875 -0.147585
v 0.022914 0.689513 0.096107
vn 0.264578 0.681712 -0.682105
v 0.029225 0.643386 0.039088
vn 0.668270 0.737174 -0.099949
v 0.023056 0.690636 0.108755
vn 0.400510 0.771633 -0.494139
v 0.030449 0.655557 0.054337
vn 0.880967 -0.454769 -0.130702
v 0.021870 0.653713 0.036174
vn 0.976022 0.192826 0.100992
v 0.023943 0.683623 0.061913
vn 0.885356 0.026929 -0.464132
v 0.023143 0.648079 0.038998
vn 0.976749 0.119236 -0.178171
v 0.023942 0.667465 0.053121
vn 0.985030 0.122653 -0.121132
v 0.024443 0.679142 0.065313
vn -0.863294 -0.025847 0.504038
v 0.024319 0.614362 0.018310
vn 0.013886 0.310029 -0.950626
v 0.025334 0.619190 0.016735
vn -0.623409 0.098601 -0.775654
v 0.027176 0.572665 0.003749
vn 0.462038 -0.119748 -0.878739
v 0.013026 0.645951 0.031409
vn 0.422787 -0.192875 -0.885466
v 0.051245 0.490015 0.030587
vn 0.583336 -0.164282 -0.795444
v 0.034674 0.494148 0.019765
vn 0.795834 -0.038969 -0.604260
v 0.023943 0.506741 0.006480
vn 0.637524 0.729342 0.248242
v 0.021353 0.684082 0.142228
vn 0.689098 0.723453 -0.041961
v 0.027069 0.681791 0.118813
vn 0.628528 0.777784 0.001889
v 0.032718 0.676043 0.121490
vn 0.528199 0.810241 -0.254000
v 0.033328 0.673015 0.094772
vn 0.266417 0.679316 -0.683777
v 0.037684 0.631764 0.034976
vn 0.102633 0.551270 -0.827990
v 0.036217 0.612257 0.020530
vn -0.328781 0.376228 -0.866231
v 0.034906 0.590622 0.010181
vn 0.034715 0.299482 -0.953470
v 0.027680 0.593611 0.009598
vn 0.922987 0.378332 -0.070431
v 0.023691 0.685930 0.080852
vn 0.713225 0.700929 0.003104
v 0.020830 0.689423 0.079001
vn 0.819303 -0.045089 0.571586
v 0.139150 0.519988 0.139195
vn 0.776520 -0.117939 0.618956
v 0.093984 0.476679 0.197855
vn 0.787574 -0.090177 0.609587
v 0.106494 0.486769 0.182183
vn 0.755003 -0.055846 0.653339
v 0.094141 0.512008 0.200790
vn 0.698957 -0.022467 0.714811
v 0.083893 0.551422 0.213831
vn 0.781093 0.041419 0.623039
v 0.110114 0.563090 0.184595
vn 0.767147 -0.050372 0.639490
v 0.109703 0.526011 0.184316
vn 0.825198 -0.055446 0.562115
v 0.122660 0.517779 0.166741
vn 0.855804 -0.134347 0.499549
v 0.141417 0.500309 0.134766
vn 0.959747 0.093789 0.264745
v 0.148231 0.530931 0.128022
vn 0.599817 0.431647 0.673722
v 0.084182 0.625554 0.197635
vn 0.388719 0.418325 0.820915
v 0.068975 0.607576 0.215787
vn 0.639048 0.327733 0.695851
v 0.087684 0.615948 0.199128
vn 0.724352 0.159829 0.670649
v 0.090556 0.593745 0.203854
vn 0.036768 0.858434 0.511604
v 0.052962 0.655479 0.179559
vn 0.186223 0.680778 0.708422
v 0.057008 0.640168 0.199745
vn -0.506954 -0.156457 0.847655
v 0.121685 0.445707 0.101113
vn -0.711861 0.117876 0.692358
v 0.113170 0.444395 0.092000
vn 0.762865 0.646393 -0.014566
v 0.025001 0.685466 0.114598
vn 0.433195 0.804420 -0.406509
v 0.031882 0.666292 0.073818
vn 0.492027 0.293112 0.819753
v 0.069788 0.589522 0.223792
vn 0.457022 0.850522 0.260277
v 0.030158 0.672966 0.147213
vn 0.126425 0.923465 -0.362255
v 0.040057 0.663237 0.078395
vn 0.076560 -0.099623 0.992076
v 0.006245 0.582515 0.253843
vn 0.426184 0.609382 0.668596
v 0.078343 0.636177 0.195190
vn -0.174387 -0.129114 0.976176
v 0.127852 0.450912 0.105134
vn 0.099764 0.817030 -0.567899
v 0.039069 0.649820 0.054864
vn 0.398788 0.789822 0.465993
v 0.018661 0.669153 0.172459
vn -0.116849 0.844943 0.521936
v -0.006776 0.669016 0.174617
vn 0.959540 -0.060122 0.275080
v 0.149622 0.512703 0.123386
vn 0.879708 -0.401388 0.254953
v 0.137639 0.473389 0.128612
vn 0.797995 -0.133444 0.587704
v 0.117008 0.469368 0.165061
vn 0.681386 -0.093752 0.725895
v 0.082910 0.483415 0.210953
vn -0.536925 0.195494 -0.820667
v 0.032396 0.546258 0.000346
vn -0.375787 0.268922 -0.886829
v 0.033771 0.565491 0.003496
vn 0.917981 0.379475 -0.115370
v 0.026363 0.608628 0.017272
vn 0.848822 0.279454 -0.448784
v 0.027554 0.600492 0.013608
vn -0.150762 -0.507683 -0.848250
v 0.052697 0.512255 0.021700
vn -0.295345 -0.199488 0.934332
v 0.113858 0.436758 0.091560
vn 0.140477 -0.241740 -0.960119
v 0.029572 0.541497 0.007910
vn 0.380458 -0.232683 -0.895048
v 0.037846 0.517599 0.015400
vn -0.310459 0.670155 -0.674172
v 0.069940 0.482221 0.039105
vn 0.928589 -0.105680 -0.355744
v 0.019243 0.493737 -0.025823
vn 0.951073 0.126516 -0.281875
v 0.018743 0.507438 -0.020242
vn 0.954751 0.149300 -0.257217
v 0.018171 0.523616 -0.007878
vn 0.325726 -0.071812 0.942733
v 0.041210 0.516503 0.236992
vn -0.099825 -0.136850 0.985549
v 0.002551 0.547385 0.248370
vn 0.244216 0.867618 0.433126
v 0.041399 0.658643 0.178120
vn 0.211550 0.828296 0.518818
v 0.067669 0.654774 0.178771
vn 0.387857 0.017654 0.921550
v 0.042747 0.555308 0.239713
vn 0.145373 -0.119638 0.982117
v 0.015279 0.525164 0.244498
vn 0.460424 0.082288 0.883877
v 0.064472 0.571773 0.231122
vn 0.513736 -0.046476 0.856689
v 0.065892 0.524159 0.226408
vn 0.640503 0.103243 0.760984
v 0.073957 0.577608 0.224143
vn -0.039652 0.904988 0.423586
v 0.049641 0.663379 0.165115
vn 0.184488 0.847482 0.497733
v 0.045591 0.650812 0.189407
vn 0.142177 0.953840 0.264528
v 0.065505 0.668652 0.146531
vn 0.217373 0.316688 -0.923286
v 0.018429 0.601651 0.012817
vn 0.667340 0.082846 -0.740131
v 0.021466 0.536128 0.005992
vn 0.704691 0.244735 -0.665969
v 0.012631 0.563850 -0.001581
vn 0.185990 0.833880 0.519665
v 0.012498 0.682077 0.158457
vn 0.068266 0.958644 0.276299
v 0.003850 0.693497 0.138007
vn 0.521969 0.839806 0.149244
v 0.017871 0.692902 0.122190
vn -0.236583 0.971350 0.022547
v -0.005168 0.695018 0.108862
vn -0.240242 0.200881 -0.949700
v -0.001027 0.638013 0.026347
vn -0.070655 0.363643 -0.928855
v 0.002893 0.603273 0.008749
vn -0.010053 0.410987 -0.911586
v 0.004217 0.561966 -0.006916
vn 0.597460 0.328038 -0.731733
v 0.012237 0.521478 -0.023124
vn -0.000137 0.290571 -0.956853
v 0.004217 0.518730 -0.027381
vn 0.534230 0.061012 -0.843134
v 0.014197 0.492707 -0.032650
vn 0.927584 0.365876 -0.075648
v 0.031883 0.568305 0.007585
vn -0.004357 0.102371 0.994737
v 0.029348 0.543525 0.010693
vn 0.560630 0.127243 0.818232
v 0.030717 0.556062 0.009137
vn -0.888504 0.053003 0.455797
v 0.025939 0.544854 0.008985
vn -0.987054 0.010475 -0.160043
v 0.026907 0.521373 0.008437
vn -0.904697 0.054731 -0.422526
v 0.028995 0.532155 0.002517
vn 0.903257 -0.233823 0.359797
v 0.031107 0.674818 0.037150
vn 0.974117 -0.153253 0.166162
v 0.024936 0.669195 0.049268
vn 0.921912 0.119262 0.368586
v 0.027013 0.687690 0.051310
vn 0.171319 0.982393 -0.074525
v 0.022636 0.703049 0.027561
vn 0.239521 0.955871 0.170120
v 0.014215 0.697299 0.058531
vn 0.612090 0.719984 0.327060
v 0.024605 0.698234 0.046169
vn 0.763866 0.589929 0.261711
v 0.019648 0.692409 0.064376
vn 0.820835 0.039500 -0.569797
v 0.032453 0.678138 0.009346
vn 0.917399 -0.394776 -0.050312
v 0.035070 0.668548 0.020313
vn 0.229468 0.972926 0.027550
v 0.012052 0.695048 0.084628
vn 0.448043 -0.660707 -0.602266
v 0.024637 0.660876 0.009688
vn 0.999535 0.018429 -0.024308
v 0.037115 0.681961 0.026256
vn 0.937261 0.228167 0.263593
v 0.035934 0.691819 0.030091
vn 0.776585 0.597288 -0.200407
v 0.032634 0.698280 0.025120
vn -0.204699 0.963318 0.173544
v -0.003715 0.697490 0.060590
vn 0.234323 0.633862 -0.737097
v 0.025450 0.693971 0.010697
vn 0.168621 -0.021305 -0.985451
v 0.023475 0.675388 0.003156
vn 0.000000 0.316245 -0.948677
v 0.004217 0.679826 0.006999
vn 0.017142 -0.440426 -0.897625
v 0.004217 0.666507 0.007853
vn 0.842586 0.118780 0.525301
v 0.124823 0.572094 0.163636
vn 0.923299 0.197438 0.329451
v 0.141996 0.554018 0.133538
vn 0.733636 -0.504867 -0.454849
v 0.013174 0.480767 -0.029517
vn 0.047501 -0.630035 -0.775113
v 0.004217 0.478430 -0.034862
vn 0.282822 0.063063 -0.957097
v 0.021767 0.560892 0.007768
vn -0.322174 0.518135 0.792301
v 0.092054 0.454989 0.052136
vn 0.272563 0.941562 0.197917
v 0.094550 0.459443 0.040694
vn -0.701983 0.455396 0.547571
v 0.100597 0.447849 0.064951
vn -0.431387 -0.354621 0.829548
v 0.104689 0.430012 0.084743
vn 0.338208 -0.113872 0.934157
v 0.046026 0.485316 0.233971
vn 0.542404 -0.101755 0.833933
v 0.068959 0.488763 0.223569
vn -0.399516 0.770095 0.497333
v -0.007313 0.678665 0.161313
vn -0.483936 0.842274 0.237446
v -0.022719 0.673645 0.144590
vn -0.326971 0.796621 0.508414
v -0.019587 0.659178 0.180331
vn -0.012065 0.395438 -0.918413
v -0.021470 0.616198 0.019442
vn -0.228219 0.630910 -0.741531
v -0.022671 0.636544 0.033456
vn -0.348707 0.757427 -0.552004
v -0.024091 0.650389 0.048352
vn -0.615175 0.772890 -0.155567
v -0.015459 0.690149 0.096837
vn -0.623186 0.774800 -0.106415
v -0.015927 0.691135 0.109271
vn -0.837339 -0.495893 -0.230117
v -0.013009 0.652844 0.035774
vn 0.871161 0.077719 -0.484807
v -0.014912 0.611107 0.017155
vn -0.940086 0.194729 -0.279854
v -0.015531 0.668327 0.054122
vn -0.075384 0.290175 -0.954000
v -0.016840 0.614492 0.014809
vn -0.919177 0.377339 0.112820
v -0.014646 0.686286 0.064747
vn -0.952026 0.212058 -0.220632
v -0.016394 0.679833 0.066123
vn 0.575426 0.025230 -0.817464
v -0.019382 0.559539 0.003419
vn -0.956159 -0.088737 -0.279081
v -0.014308 0.651390 0.041661
vn -0.894904 0.359915 0.263835
v -0.030538 0.520529 0.015904
vn -0.855888 -0.059215 -0.513761
v -0.014421 0.500687 0.005860
vn -0.638312 0.731131 0.240842
v -0.012370 0.688252 0.143180
vn -0.732119 0.680620 -0.027536
v -0.020526 0.681888 0.115881
vn -0.535635 0.789547 -0.299519
v -0.027047 0.671193 0.089201
vn -0.767023 0.595140 0.239758
v -0.017634 0.680700 0.139463
vn -0.664890 0.746804 -0.014329
v -0.026025 0.675792 0.117239
vn -0.912568 -0.185850 0.364252
v -0.130815 0.482320 0.134487
vn -0.260990 0.611161 -0.747239
v -0.031522 0.622068 0.028797
vn -0.098720 0.457527 -0.883699
v -0.029889 0.600047 0.015845
vn 0.344279 0.271724 -0.898687
v -0.028332 0.576175 0.007650
vn -0.049695 0.201403 -0.978247
v -0.020468 0.581228 0.007095
vn -0.856956 0.501204 -0.120089
v -0.015950 0.686574 0.081609
vn -0.802100 -0.049582 0.595128
v -0.110560 0.523195 0.172781
vn -0.886735 -0.042700 0.460301
v -0.123893 0.511991 0.149758
vn -0.661051 0.119904 0.740698
v -0.069524 0.580322 0.219774
vn -0.778135 0.122025 0.616129
v -0.096309 0.589442 0.187863
vn -0.783267 0.034435 0.620731
v -0.103380 0.560366 0.183171
vn -0.702888 -0.015188 0.711138
v -0.073948 0.553150 0.215534
vn -0.820950 -0.031253 0.570144
v -0.129575 0.509038 0.137526
vn -0.669100 0.301148 0.679422
v -0.081850 0.613472 0.198199
vn -0.088716 0.793895 0.601548
v -0.048611 0.648054 0.189824
vn -0.013114 0.880071 0.474661
v -0.046694 0.659443 0.172270
vn -0.201623 0.719697 0.664367
v -0.041227 0.640882 0.199439
vn 0.222434 0.957122 0.185583
v -0.103096 0.446396 0.100385
vn 0.499482 0.360987 0.787531
v -0.100359 0.438051 0.111846
vn 0.366033 0.886058 0.284465
v -0.091360 0.447956 0.078301
vn -0.761092 0.641098 -0.098651
v -0.018351 0.685754 0.112921
vn -0.399810 0.789886 -0.465007
v -0.025634 0.662939 0.067880
vn -0.372839 0.220380 0.901346
v -0.041845 0.584263 0.232176
vn -0.131505 0.978494 -0.158922
v -0.034827 0.670357 0.102443
vn -0.131910 0.892222 -0.431903
v -0.033889 0.658986 0.071214
vn -0.477684 0.589693 0.651214
v -0.071439 0.635077 0.195235
vn 0.310599 0.491138 0.813825
v -0.110154 0.445770 0.113637
vn -0.101110 0.764336 -0.636842
v -0.032983 0.642938 0.047813
vn -0.713627 -0.048227 0.698864
v -0.080918 0.505223 0.205674
vn -0.579900 -0.046124 0.813381
v -0.063108 0.521166 0.222183
vn -0.994932 -0.093805 -0.036202
v -0.127885 0.470453 0.135115
vn -0.974187 -0.166881 0.152024
v -0.118500 0.455617 0.115126
vn -0.829148 -0.139522 0.541338
v -0.114589 0.464548 0.155821
vn 0.533845 0.117414 -0.837391
v -0.024950 0.529227 0.003374
vn 0.394376 0.164311 -0.904140
v -0.026832 0.549095 0.003988
vn -0.990339 0.115928 -0.076084
v -0.018052 0.600924 0.014101
vn -0.412965 0.370902 -0.831800
v -0.015387 0.614102 0.019431
vn 0.298064 -0.102018 0.949079
v -0.089358 0.429119 0.106680
vn -0.667423 -0.004317 -0.744666
v -0.016043 0.520572 0.007139
vn -0.320593 0.638772 0.699422
v -0.056923 0.475280 0.043162
vn -0.939227 -0.137652 -0.314490
v -0.010048 0.491343 -0.025537
vn -0.950297 0.094259 -0.296735
v -0.010561 0.507240 -0.020649
vn -0.161181 -0.121361 0.979435
v -0.013344 0.491646 0.239520
vn -0.584507 -0.099789 0.805229
v -0.064599 0.486475 0.220687
vn -0.268069 0.865737 0.422656
v -0.033299 0.659266 0.176772
vn -0.314681 -0.064343 0.947014
v -0.007340 0.578342 0.251011
vn -0.043446 0.771703 0.634498
v -0.000068 0.659016 0.197694
vn 0.278129 0.811332 0.514183
v 0.012915 0.662938 0.187695
vn -0.233651 0.630985 0.739774
v -0.052444 0.636697 0.201684
vn -0.245973 0.814808 0.524963
v -0.061462 0.652548 0.180502
vn -0.338809 -0.008424 0.940818
v -0.030729 0.553361 0.241166
vn -0.480321 0.048583 0.875746
v -0.055591 0.566301 0.231132
vn 0.051470 0.921807 0.384217
v -0.041862 0.664352 0.161478
vn -0.192074 0.852796 0.485640
v -0.037242 0.651215 0.188725
vn -0.268373 0.242551 -0.932279
v -0.011091 0.593833 0.011287
vn -0.935888 0.231404 -0.265641
v -0.019889 0.581821 0.009347
vn -0.920826 0.158681 -0.356229
v -0.009019 0.527123 -0.009536
vn -0.543395 0.104639 -0.832930
v -0.012951 0.539548 0.006120
vn -0.679060 0.255969 -0.688010
v -0.004860 0.565127 -0.000502
vn -0.642337 0.279133 -0.713784
v -0.004752 0.511415 -0.027317
vn -0.591200 0.044078 0.805320
v -0.015028 0.565839 0.010990
vn -0.730751 0.051093 0.680729
v -0.013183 0.554040 0.012431
vn 0.973166 0.132388 0.188205
v -0.013595 0.539844 0.013178
vn 0.441807 -0.050264 -0.895701
v -0.015924 0.526226 0.010518
vn 0.920798 -0.041873 -0.387785
v -0.014078 0.534041 0.011445
vn 0.610680 0.013883 -0.791756
v -0.018029 0.506229 0.014534
vn 0.905157 0.085958 -0.416295
v -0.020855 0.515794 0.007320
vn -0.393174 -0.810876 -0.433468
v -0.012149 0.654694 0.018924
vn -0.876251 -0.481248 0.024172
v -0.023134 0.663481 0.025289
vn -0.963303 -0.150546 0.222224
v -0.026506 0.677459 0.030187
vn -0.955901 -0.198630 0.216333
v -0.016561 0.669220 0.049156
vn -0.926254 0.096854 0.364244
v -0.018586 0.687710 0.051278
vn -0.214414 0.974294 -0.069118
v -0.014202 0.703049 0.027561
vn -0.621407 0.700933 0.350065
v -0.016171 0.698234 0.046169
vn -0.158765 -0.014159 -0.987215
v -0.015041 0.675387 0.003156
vn -0.945248 0.001087 -0.326350
v -0.026794 0.679564 0.014002
vn -0.354126 0.563529 -0.746344
v -0.017016 0.693971 0.010697
vn -0.174789 -0.562575 -0.808058
v -0.012558 0.664711 0.006193
vn -0.716175 -0.313655 -0.623469
v -0.022812 0.669298 0.009486
vn -0.875323 0.482780 0.027082
v -0.027142 0.695881 0.028358
vn 0.002207 0.936964 -0.349419
v 0.004217 0.700456 0.022079
vn -0.136766 -0.637090 -0.758558
v -0.000158 0.647486 0.025545
vn -0.460996 0.887054 -0.024874
v -0.008573 0.693250 0.082924
vn -0.863708 0.099715 0.494030
v -0.116978 0.570609 0.162282
vn -0.941956 0.156805 0.296869
v -0.124571 0.570067 0.146851
vn -0.654085 -0.185067 -0.733432
v -0.006423 0.484482 -0.032232
vn -0.779461 -0.487162 -0.393845
v -0.004210 0.475425 -0.004765
vn -0.770236 0.120355 -0.626300
v -0.024048 0.554981 0.008046
vn 0.127369 0.914300 0.384490
v -0.081739 0.451919 0.055272
vn 0.497546 0.693712 0.520780
v -0.072832 0.434668 0.076098
vn 0.057860 0.702378 0.709449
v -0.068977 0.448023 0.058697
vn -0.386747 0.918561 -0.081682
v -0.073953 0.464332 0.031711
vn 0.610108 0.664462 0.431578
v -0.089015 0.434827 0.099827
vn 0.565257 0.528277 0.633567
v -0.079130 0.427490 0.097843
vn -0.369931 -0.065085 0.926777
v -0.036770 0.514916 0.235599
vn 0.763881 -0.093863 0.638495
v 0.086031 0.419042 0.192280
vn 0.880299 -0.142247 -0.452591
v 0.019784 0.484500 0.003847
vn 0.701084 0.675448 0.228586
v 0.122165 0.449769 0.097763
vn 0.904529 -0.265560 -0.333625
v 0.110711 0.414967 0.092807
vn 0.916652 -0.046339 -0.396990
v 0.113775 0.445775 0.069503
vn -0.069265 0.960324 0.270149
v 0.108154 0.451381 0.077438
vn 0.094418 -0.131756 0.986775
v 0.022450 0.440756 0.230073
vn 0.014777 -0.165500 0.986099
v 0.004217 0.485132 0.239658
vn 0.145334 -0.159815 0.976390
v 0.028514 0.480917 0.237007
vn 0.694785 -0.176863 -0.697133
v 0.019514 0.469733 0.006274
vn 0.885094 -0.184055 0.427473
v 0.131509 0.460938 0.137951
vn 0.841976 -0.143956 0.519955
v 0.124641 0.462612 0.152807
vn 0.968695 -0.245922 0.033954
v 0.130087 0.443199 0.128319
vn 0.592290 -0.012344 -0.805630
v 0.038714 0.470845 0.024747
vn 0.232423 0.145504 -0.961669
v 0.058024 0.474233 0.034943
vn -0.134625 0.233927 -0.962888
v 0.067153 0.468415 0.034133
vn 0.291040 0.617782 -0.730507
v 0.075842 0.473932 0.034163
vn 0.082377 -0.517341 -0.851805
v 0.004645 0.467259 -0.005269
vn 0.893549 0.153300 -0.421983
v 0.099075 0.450572 0.048259
vn 0.883849 -0.195863 -0.424792
v 0.102063 0.412963 0.069453
vn 0.902555 -0.129319 0.410696
v 0.116510 0.403907 0.146082
vn 0.988352 -0.142659 0.053006
v 0.119424 0.399433 0.131561
vn 0.947785 -0.195209 -0.252184
v 0.119157 0.408060 0.119116
vn 0.566104 -0.145105 0.811462
v 0.069440 0.444623 0.213492
vn 0.969425 -0.235819 0.067857
v 0.136479 0.470252 0.132200
vn 0.943794 -0.197853 -0.264778
v 0.126845 0.438106 0.112795
vn 0.804130 -0.133666 0.579231
v 0.101320 0.422573 0.172168
vn 0.314153 -0.121731 0.941536
v 0.039496 0.437255 0.226570
vn 0.754890 -0.561574 -0.338785
v 0.012645 0.475425 -0.004764
vn -0.024466 0.156480 -0.987378
v 0.070085 0.431060 0.024924
vn 0.864672 -0.126906 -0.486042
v 0.084815 0.420151 0.029326
vn 0.855370 0.332926 -0.396867
v 0.092350 0.458970 0.029753
vn 0.286474 0.207232 -0.935408
v 0.087060 0.458799 0.023358
vn 0.462156 -0.015476 -0.886663
v 0.081737 0.422264 0.025248
vn 0.797046 0.011522 0.603809
v 0.088086 0.364340 0.188207
vn 0.686423 -0.034313 0.726392
v 0.077519 0.405473 0.201135
vn 0.882991 0.019749 0.468975
v 0.106311 0.355573 0.158395
vn 0.975965 0.011966 0.217597
v 0.112417 0.339462 0.141887
vn 0.998226 0.038924 -0.045061
v 0.115415 0.342343 0.124277
vn 0.965271 0.011844 -0.260982
v 0.113278 0.357146 0.112790
vn 0.934362 -0.114400 -0.337461
v 0.105087 0.395050 0.088239
vn 0.909170 0.004063 -0.416406
v 0.095842 0.376415 0.064300
vn 0.914531 -0.095620 -0.393052
v 0.084651 0.392892 0.045698
vn 0.925489 0.038419 -0.376822
v 0.077817 0.372501 0.023696
vn 0.550093 0.088677 -0.830382
v 0.074772 0.381683 0.017622
vn 0.220258 0.243225 -0.944631
v 0.049598 0.385889 0.014798
vn 0.159827 0.209311 -0.964699
v 0.056242 0.432970 0.025533
vn 0.428763 0.239037 -0.871220
v 0.040127 0.390841 0.011951
vn 0.424771 0.156661 -0.891643
v 0.044904 0.441134 0.023914
vn 0.406168 0.192461 -0.893301
v 0.018672 0.404304 0.002237
vn 0.470392 0.017345 -0.882287
v 0.014262 0.434831 0.004080
vn 0.089351 0.155085 -0.983852
v 0.007490 0.405284 -0.001094
vn 0.300644 -0.007001 0.953711
v 0.039993 0.410721 0.225357
vn 0.513760 -0.045778 0.856711
v 0.063485 0.418594 0.213745
vn -0.788803 -0.143817 0.597583
v -0.093683 0.427769 0.172507
vn -0.832876 -0.105831 0.543247
v -0.101193 0.399572 0.156617
vn -0.650566 -0.116413 -0.750475
v -0.026222 0.493618 0.019926
vn -0.876227 -0.174472 -0.449205
v -0.011350 0.484500 0.003847
vn 0.042329 0.992424 -0.115337
v -0.111801 0.448270 0.100727
vn -0.886388 0.194463 -0.420120
v -0.106060 0.444641 0.071143
vn -0.298910 -0.139679 0.944003
v -0.032102 0.484179 0.235389
vn -0.652870 -0.022116 -0.757147
v -0.023908 0.471586 0.019039
vn -0.858947 -0.178665 0.479885
v -0.123202 0.462274 0.138489
vn -0.839155 -0.167343 0.517509
v -0.110567 0.437654 0.153729
vn -0.323221 0.536040 -0.779865
v -0.058542 0.476267 0.035978
vn -0.438518 0.059938 -0.896721
v -0.045135 0.475332 0.034254
vn -0.560974 0.809962 0.171081
v -0.046369 0.489717 0.035369
vn -0.641853 -0.137746 -0.754355
v -0.007973 0.465966 0.003045
vn -0.091805 0.198161 -0.975861
v -0.048071 0.431131 0.025102
vn -0.768180 0.454288 -0.451135
v -0.097792 0.447469 0.059373
vn -0.919509 -0.210784 -0.331774
v -0.100320 0.412064 0.090274
vn -0.864772 -0.203583 -0.459047
v -0.093687 0.413357 0.069344
vn -0.944821 -0.185489 -0.270013
v -0.118248 0.438824 0.111596
vn -0.822836 0.337327 -0.457330
v -0.117912 0.451194 0.111662
vn -0.925195 -0.140996 0.352327
v -0.109737 0.404977 0.142139
vn -0.992089 -0.120653 0.034660
v -0.109826 0.388039 0.131649
vn -0.971874 -0.228473 0.057110
v -0.116995 0.425726 0.128729
vn -0.949823 -0.195410 -0.244234
v -0.110422 0.407309 0.118477
vn -0.716893 -0.147098 0.681489
v -0.075055 0.435917 0.199275
vn -0.982931 -0.183473 -0.013550
v -0.125423 0.458454 0.130631
vn -0.760082 -0.129381 0.636817
v -0.085793 0.473788 0.196721
vn -0.305607 -0.118275 0.944783
v -0.032528 0.441251 0.226823
vn -0.079123 -0.138559 0.987188
v -0.013578 0.439694 0.229923
vn -0.764123 -0.114148 -0.634890
v -0.011871 0.474930 0.007103
vn 0.200883 0.310495 -0.929107
v -0.066033 0.455172 0.028073
vn -0.131074 0.092940 -0.987006
v -0.067211 0.421953 0.023683
vn -0.592586 0.792947 -0.141691
v -0.090753 0.451081 0.048801
vn -0.872663 -0.160878 -0.461062
v -0.082797 0.410746 0.052928
vn -0.858395 0.434074 -0.273381
v -0.084195 0.456537 0.029280
vn -0.789308 -0.097827 -0.606153
v -0.074826 0.419813 0.026006
vn -0.199254 0.350259 -0.915214
v -0.078782 0.458842 0.023711
vn -0.209093 -0.041492 -0.977015
v 0.002308 0.441821 -0.000042
vn -0.569977 0.038986 -0.820735
v -0.013438 0.439414 0.009528
vn -0.420586 0.177067 -0.889806
v -0.009303 0.403951 0.001513
vn -0.459142 0.137234 -0.877699
v -0.034629 0.447599 0.024162
vn -0.329479 0.220749 -0.917994
v -0.037783 0.393266 0.015642
vn -0.286680 0.240385 -0.927378
v -0.062441 0.373450 0.015187
vn -0.693613 0.101978 -0.713093
v -0.067743 0.377875 0.018921
vn -0.914583 0.026336 -0.403540
v -0.087094 0.369629 0.063445
vn -0.974687 -0.057752 -0.215984
v -0.107484 0.380311 0.118133
vn -0.956520 -0.054056 0.286615
v -0.104853 0.360887 0.143305
vn -0.876532 -0.010855 0.481222
v -0.098329 0.366585 0.158221
vn -0.810527 0.041651 0.584218
v -0.081762 0.362018 0.185121
vn -0.770771 -0.047776 0.635319
v -0.075783 0.405807 0.193677
vn -0.120313 -0.025071 0.992419
v -0.018286 0.414780 0.228070
vn 0.069533 -0.026164 0.997236
v 0.023916 0.419744 0.228248
vn -0.566194 0.044004 0.823096
v -0.049319 0.336441 0.219838
vn -0.672723 0.032168 0.739195
v -0.064239 0.351095 0.206607
vn -0.433061 -0.019189 0.901160
v -0.035858 0.425624 0.223941
vn -0.602290 -0.019561 0.798038
v -0.060180 0.393228 0.209318
vn -0.542390 -0.118706 0.831698
v -0.058527 0.433903 0.212923
vn 0.025683 0.663923 -0.747360
v 0.007850 0.275899 -0.067089
vn 0.075203 -0.025768 0.996835
v 0.034879 0.268440 0.228228
vn 0.076944 0.004580 0.997025
v 0.031202 0.349249 0.228847
vn 0.237014 -0.022321 0.971250
v 0.047317 0.267992 0.226110
vn 0.818695 0.075849 0.569197
v 0.110685 0.263465 0.176664
vn 0.908661 0.129416 0.396971
v 0.117272 0.271948 0.162784
vn 0.957408 0.109865 0.267020
v 0.126794 0.266231 0.137223
vn 0.949655 0.170356 0.262933
v 0.116052 0.303986 0.149560
vn 0.970114 0.242494 0.008740
v 0.132349 0.270605 0.091405
vn 0.972869 0.181223 0.143823
v 0.130463 0.269138 0.117293
vn 0.956901 0.265674 -0.117291
v 0.131004 0.270466 0.059536
vn 0.927865 0.357797 -0.105110
v 0.121505 0.301741 0.087591
vn 0.894257 0.397589 -0.205492
v 0.119442 0.292193 0.038532
vn 0.859235 0.442722 -0.256345
v 0.105352 0.318138 0.040424
vn 0.796508 0.472578 -0.377153
v 0.108177 0.298191 0.013761
vn 0.740587 0.514097 -0.432706
v 0.096345 0.316726 0.018399
vn 0.585339 0.559905 -0.586416
v 0.087569 0.310969 0.000169
vn 0.491579 0.559066 -0.667679
v 0.079081 0.311604 -0.005994
vn 0.436549 0.515968 -0.737022
v 0.054304 0.306340 -0.024734
vn 0.268373 0.584633 -0.765624
v 0.037129 0.273356 -0.063464
vn 0.236277 0.616546 -0.751029
v 0.032797 0.296736 -0.043317
vn 0.949256 0.246876 -0.194845
v 0.111420 0.333573 0.092445
vn 0.911980 0.195696 -0.360550
v 0.096220 0.359389 0.061197
vn 0.859542 0.372116 -0.350309
v 0.098505 0.340675 0.050647
vn 0.904029 0.168985 -0.392652
v 0.082087 0.366212 0.038682
vn 0.783147 0.366696 -0.502210
v 0.082755 0.334658 0.014259
vn 0.973707 0.226232 0.026727
v 0.119798 0.311507 0.108417
vn 0.693866 0.012616 0.719994
v 0.097541 0.262859 0.192392
vn 0.753554 0.111036 0.647941
v 0.086372 0.324400 0.194585
vn 0.707948 0.047633 0.704656
v 0.070713 0.356322 0.208151
vn 0.841782 0.115889 0.527232
v 0.100318 0.332556 0.173724
vn 0.280344 0.023243 0.959618
v 0.042325 0.346846 0.226765
vn 0.519432 0.036397 0.853736
v 0.050823 0.359817 0.222749
vn -0.001113 0.001574 0.999998
v 0.003687 0.366275 0.227867
vn 0.221750 0.465006 -0.857086
v 0.022817 0.333645 -0.026542
vn 0.393506 0.387767 -0.833541
v 0.026839 0.367032 -0.005116
vn 0.386876 0.390939 -0.835161
v 0.048229 0.362500 0.005529
vn 0.342746 0.468393 -0.814330
v 0.032812 0.323631 -0.028618
vn 0.540184 0.271375 -0.796591
v 0.072517 0.363784 0.012768
vn 0.419034 0.407156 -0.811563
v 0.061518 0.343380 0.000845
vn 0.587728 0.373683 -0.717591
v 0.076841 0.328294 0.002842
vn 0.487053 -0.002064 0.873370
v 0.063475 0.275516 0.220248
vn 0.642249 0.065860 0.763661
v 0.067152 0.307441 0.215501
vn -0.016953 0.586350 -0.809880
v 0.004217 0.288626 -0.054631
vn -0.064148 -0.025829 0.997606
v -0.023775 0.276055 0.228642
vn -0.495167 0.000932 0.868797
v -0.053784 0.268601 0.220816
vn -0.701340 0.026739 0.712325
v -0.087410 0.267243 0.193781
vn -0.844289 0.116517 0.523068
v -0.103312 0.277772 0.171926
vn -0.916959 0.044990 0.396436
v -0.110472 0.250721 0.163467
vn -0.942041 0.158030 0.295949
v -0.111524 0.279064 0.152318
vn -0.958459 0.067125 0.277218
v -0.118552 0.257534 0.140149
vn -0.971965 0.227599 0.059009
v -0.122951 0.272084 0.101180
vn -0.965302 0.260688 -0.015324
v -0.112108 0.306484 0.102701
vn -0.956418 0.269818 -0.111634
v -0.122456 0.270892 0.059663
vn -0.928006 0.306746 -0.211453
v -0.115321 0.282519 0.038393
vn -0.857011 0.395908 -0.329833
v -0.106796 0.291055 0.020481
vn -0.874166 0.432005 -0.221824
v -0.100778 0.314700 0.049059
vn -0.734211 0.469741 -0.490182
v -0.094490 0.293806 -0.001137
vn -0.783189 0.480086 -0.395136
v -0.087055 0.325507 0.027171
vn -0.637863 0.519970 -0.568121
v -0.078101 0.316606 0.004997
vn -0.476311 0.540267 -0.693714
v -0.068357 0.312257 -0.007143
vn -0.291352 0.562873 -0.773490
v -0.025410 0.297358 -0.042519
vn -0.077330 0.005981 0.996988
v -0.022854 0.346070 0.228849
vn -0.308714 0.023424 0.950866
v -0.035812 0.344824 0.226281
vn -0.726265 0.081819 0.682528
v -0.073028 0.324102 0.200560
vn -0.867459 0.102055 0.486929
v -0.092586 0.335372 0.171540
vn -0.977950 0.193946 0.077447
v -0.112690 0.302362 0.122035
vn -0.995034 0.038054 0.091970
v -0.106423 0.339796 0.131547
vn -0.944117 0.064309 0.323277
v -0.103625 0.335549 0.147091
vn -0.993232 0.097846 -0.062576
v -0.106368 0.339750 0.119888
vn -0.965349 0.149330 -0.214015
v -0.103595 0.346438 0.106145
vn -0.930162 0.343446 -0.129780
v -0.110383 0.307882 0.088809
vn -0.889608 0.313348 -0.332281
v -0.090058 0.345915 0.056215
vn -0.845142 0.332424 -0.418604
v -0.074677 0.345011 0.023978
vn -0.954071 0.061726 -0.293151
v -0.069571 0.369897 0.025379
vn -0.922524 0.076972 -0.378185
v -0.073158 0.374482 0.040348
vn -0.706056 0.313479 -0.634993
v -0.069208 0.333806 0.006226
vn -0.441800 0.408570 -0.798676
v -0.056629 0.340339 0.001252
vn -0.383208 0.330737 -0.862418
v -0.038243 0.371367 0.008844
vn -0.374137 0.461921 -0.804146
v -0.024781 0.326227 -0.027016
vn -0.301859 0.387302 -0.871136
v -0.015335 0.365535 -0.007590
vn -0.176763 0.479656 -0.859468
v -0.013603 0.309887 -0.039705
vn 0.089388 0.389138 -0.916832
v 0.010003 0.367063 -0.010211
vn 0.051669 0.488521 -0.871021
v 0.003091 0.305942 -0.043602
vn 0.468399 0.495164 -0.731720
v 0.070002 0.268623 -0.050765
vn 0.589199 0.348065 -0.729174
v 0.079185 0.250785 -0.054417
vn 0.479981 0.580479 -0.657771
v 0.078111 0.289520 -0.028653
vn 0.658306 0.378452 -0.650698
v 0.091710 0.265698 -0.035359
vn 0.647852 0.524644 -0.552301
v 0.095559 0.292455 -0.011738
vn 0.974850 0.147604 -0.166973
v 0.134961 0.237364 0.049569
vn 0.992973 0.095499 0.069884
v 0.137507 0.239005 0.092048
vn 0.988507 0.141805 -0.052391
v 0.136956 0.247014 0.074415
vn 0.822487 0.318719 -0.471097
v 0.106744 0.278618 -0.007288
vn 0.903573 0.275951 -0.327731
v 0.118320 0.278932 0.017633
vn 0.147574 0.245046 0.958214
v 0.025621 -0.001374 0.220666
vn 0.945462 0.234113 -0.226479
v 0.127166 0.271919 0.041545
vn 0.351023 0.617724 -0.703705
v 0.058132 0.283534 -0.045508
vn 0.337652 0.504050 -0.794937
v 0.039702 0.253223 -0.076372
vn 0.462717 0.407755 -0.787165
v 0.052628 0.235454 -0.080449
vn 0.238706 0.469783 -0.849896
v 0.024782 0.242859 -0.087282
vn 0.041305 -0.424686 -0.904398
v 0.016510 -0.009769 -0.126467
vn -0.239937 -0.163903 -0.956852
v 0.015694 0.015598 -0.133832
vn 0.052241 0.037649 -0.997925
v 0.018054 0.070434 -0.135822
vn 0.207690 0.098261 -0.973247
v 0.025162 0.095604 -0.132866
vn 0.467572 -0.804850 -0.365504
v 0.018661 -0.069769 -0.071136
vn 0.462144 -0.864606 -0.197179
v 0.025819 -0.070178 -0.049161
vn 0.457256 -0.671877 -0.582665
v 0.018435 -0.057599 -0.088215
vn -0.177898 -0.024381 -0.983747
v 0.015402 0.036137 -0.135648
vn 0.088144 0.372462 -0.923852
v 0.015444 0.205148 -0.106879
vn 0.140608 0.438169 -0.887827
v 0.014609 0.236185 -0.093307
vn 0.158587 0.576223 -0.801759
v 0.016075 0.261053 -0.079013
vn 0.002766 0.528757 -0.848769
v 0.004217 0.251555 -0.086573
vn 0.439941 -0.553139 -0.707453
v 0.017746 -0.040718 -0.104851
vn 0.040857 -0.369498 -0.928333
v 0.002442 -0.018660 -0.119105
vn -0.001209 -0.171864 -0.985120
v 0.001543 0.011202 -0.127944
vn 0.027057 -0.033538 -0.999071
v 0.004292 0.071252 -0.135174
vn 0.033378 0.064820 -0.997339
v 0.003009 0.082767 -0.135395
vn -0.074105 0.426851 -0.901281
v -0.001723 0.227688 -0.097896
vn 0.089283 -0.995600 -0.028450
v 0.008819 -0.073744 -0.027439
vn 0.977533 0.041546 0.206646
v 0.134618 0.234693 0.112542
vn 0.397385 0.274338 -0.875684
v 0.057957 0.158912 -0.111511
vn 0.240535 0.220737 -0.945208
v 0.027867 0.154037 -0.123934
vn 0.155280 0.122396 -0.980259
v 0.015794 0.110411 -0.133969
vn 0.012500 0.247504 -0.968806
v 0.016857 0.149546 -0.126587
vn 0.983661 -0.026384 0.178087
v 0.137569 0.188598 0.096267
vn 0.998726 0.041909 -0.028119
v 0.141244 0.183384 0.050728
vn 0.978772 0.153755 -0.135516
v 0.137321 0.210153 0.039749
vn 0.996750 0.034644 0.072723
v 0.138818 0.219202 0.085684
vn 0.994559 0.089065 -0.054041
v 0.138582 0.221014 0.065698
vn 0.940115 0.258989 -0.221603
v 0.131817 0.205227 0.001993
vn 0.946069 0.206700 -0.249456
v 0.130514 0.231504 0.026322
vn 0.901516 0.310834 -0.301085
v 0.123180 0.222212 -0.008893
vn 0.907485 0.243334 -0.342430
v 0.123117 0.243017 0.010626
vn 0.844386 0.331418 -0.420921
v 0.113351 0.237296 -0.017689
vn 0.765764 0.333832 -0.549693
v 0.102346 0.239657 -0.034595
vn 0.636096 0.379037 -0.672096
v 0.092242 0.238249 -0.047167
vn 0.504634 0.404412 -0.762756
v 0.086953 0.189782 -0.080362
vn 0.597538 0.343277 -0.724644
v 0.080974 0.231595 -0.060196
vn 0.523759 0.375270 -0.764754
v 0.062587 0.207083 -0.085418
vn 0.532702 0.328082 -0.780122
v 0.054557 0.205879 -0.092231
vn 0.327902 0.402345 -0.854750
v 0.038246 0.213114 -0.098842
vn 0.995947 -0.036726 0.082103
v 0.140902 0.175854 0.069047
vn 0.996298 0.047871 -0.071402
v 0.140203 0.176011 0.025398
vn 0.976343 0.121353 -0.178965
v 0.135434 0.142244 -0.043499
vn 0.965109 0.190691 -0.179447
v 0.134963 0.183955 -0.009164
vn 0.885166 0.301152 -0.354668
v 0.127589 0.182178 -0.039674
vn 0.681021 0.392286 -0.618321
v 0.110214 0.189653 -0.062399
vn 0.981769 -0.115989 0.150585
v 0.136384 0.154615 0.089349
vn 0.470119 0.369315 -0.801620
v 0.055018 0.186653 -0.100218
vn 0.848989 -0.099445 0.518968
v 0.081652 -0.016808 0.174073
vn 0.779699 -0.623778 0.054513
v 0.091839 -0.052198 0.073990
vn 0.451166 -0.888702 0.081603
v 0.079181 -0.064269 0.057880
vn 0.815991 -0.574450 -0.064545
v 0.081178 -0.060250 0.086313
vn 0.555884 -0.827542 -0.078530
v 0.061496 -0.068924 0.044752
vn 0.183325 -0.928514 -0.322884
v 0.041926 -0.077133 0.016898
vn 0.076639 -0.989870 -0.119519
v 0.020354 -0.072995 -0.004293
vn 0.925400 -0.271526 0.264401
v 0.099282 -0.020054 0.133693
vn 0.414675 0.150068 0.897510
v 0.041176 -0.000202 0.215490
vn 0.288071 0.342792 -0.894153
v 0.032472 0.180031 -0.114662
vn 0.804802 -0.066235 0.589836
v 0.111293 0.223393 0.174945
vn 0.956390 -0.015406 0.291687
v 0.127141 0.222071 0.141988
vn 0.906732 -0.120708 0.404061
v 0.122922 0.166152 0.143572
vn 0.092993 -0.064089 0.993602
v 0.032293 0.216736 0.225959
vn -0.001270 -0.066486 0.997787
v 0.004730 0.209021 0.225168
vn 0.963166 -0.091974 0.252688
v 0.132562 0.169086 0.116203
vn 0.915459 0.011170 0.402257
v 0.119359 0.240732 0.163607
vn 0.697220 -0.107201 0.708796
v 0.098388 0.215867 0.188619
vn 0.318583 -0.073453 0.945045
v 0.053623 0.229500 0.222258
vn 0.000898 -0.023965 0.999712
v 0.005307 0.272610 0.227827
vn 0.366052 0.007947 0.930560
v 0.046812 0.057339 0.212356
vn 0.151501 0.046080 0.987382
v 0.028446 0.044523 0.216271
vn 0.302266 -0.072399 0.950470
v 0.046428 0.122369 0.211722
vn 0.102609 -0.006508 0.994700
v 0.029709 0.109852 0.215183
vn 0.621682 -0.056411 0.781236
v 0.064762 0.120339 0.201750
vn 0.669863 0.013391 0.742364
v 0.057127 0.012344 0.204931
vn 0.047127 -0.103443 0.993518
v 0.024494 0.141269 0.217420
vn 0.142945 -0.115100 0.983015
v 0.034822 0.172876 0.221608
vn 0.529474 -0.102037 0.842168
v 0.063089 0.193246 0.214433
vn -0.568546 0.422175 -0.706062
v -0.075384 0.251848 -0.051457
vn -0.680118 0.394178 -0.618113
v -0.086302 0.255312 -0.039654
vn -0.497903 0.499820 -0.708712
v -0.068599 0.270264 -0.044647
vn -0.605720 0.504751 -0.615086
v -0.083105 0.284464 -0.022226
vn -0.358198 0.613324 -0.703937
v -0.049701 0.283534 -0.045507
vn -0.466972 0.592491 -0.656423
v -0.069677 0.289520 -0.028653
vn -0.992677 0.093798 0.076121
v -0.129385 0.236550 0.091551
vn -0.983583 0.177363 -0.033268
v -0.127357 0.254432 0.076770
vn -0.954164 0.297383 -0.033671
v -0.122689 0.274418 0.080280
vn -0.860320 0.273452 -0.430201
v -0.101476 0.260490 -0.013560
vn -0.918115 0.206752 -0.338111
v -0.111379 0.256163 0.006088
vn -0.115259 0.040456 0.992511
v -0.019888 0.051429 0.216238
vn 0.010068 0.060669 0.998107
v 0.004702 0.048184 0.216757
vn -0.954058 0.154062 -0.256978
v -0.120434 0.247307 0.029685
vn -0.382775 0.502977 -0.774918
v -0.042479 0.260442 -0.066891
vn -0.473032 0.437703 -0.764629
v -0.056963 0.241739 -0.069664
vn -0.260875 0.589960 -0.764128
v -0.023871 0.270902 -0.067353
vn -0.245616 0.472034 -0.846674
v -0.018675 0.242692 -0.087053
vn -0.768655 0.354266 -0.532602
v -0.094298 0.261876 -0.025124
vn -0.449217 0.002504 0.893419
v -0.041140 0.068216 0.211547
vn -0.388689 0.193947 0.900725
v -0.030777 -0.000285 0.216032
vn -0.017822 -0.012056 0.999768
v -0.000962 0.114631 0.214804
vn 0.092747 -0.516119 -0.851481
v 0.001494 -0.035698 -0.110829
vn 0.021011 -0.506327 -0.862086
v -0.028746 -0.032458 -0.119952
vn -0.047532 -0.327129 -0.943784
v -0.027772 -0.014559 -0.129465
vn 0.169391 -0.193431 -0.966380
v -0.017135 0.002535 -0.133061
vn 0.029456 -0.014275 -0.999464
v -0.017036 0.045884 -0.136636
vn 0.123624 -0.648571 -0.751048
v -0.014663 -0.050846 -0.103457
vn 0.131083 -0.090338 -0.987247
v -0.016982 0.024749 -0.135934
vn -0.127293 0.592924 -0.795134
v -0.006388 0.260785 -0.079364
vn -0.057722 0.057841 -0.996656
v -0.011656 0.087122 -0.136560
vn 0.225887 -0.969586 -0.094225
v -0.011506 -0.080407 -0.060256
vn -0.071420 -0.055874 0.995880
v -0.025323 0.235827 0.226549
vn -0.226218 -0.023162 0.973801
v -0.039408 0.267922 0.226037
vn -0.971026 0.185221 0.151002
v -0.121705 0.269635 0.118794
vn 0.317778 -0.947816 0.025744
v -0.027888 -0.085432 -0.044431
vn 0.331210 -0.939109 0.091507
v -0.042501 -0.089695 -0.025210
vn 0.201398 -0.941526 0.270127
v -0.052809 -0.080220 0.024010
vn 0.152056 -0.987960 0.028522
v -0.011785 -0.072949 -0.009225
vn -0.061980 0.146741 -0.987231
v -0.010860 0.125116 -0.132128
vn -0.331762 0.160567 -0.929598
v -0.034910 0.139240 -0.125532
vn -0.146853 0.384470 -0.911382
v -0.018819 0.194360 -0.110713
vn -0.468618 0.325093 -0.821408
v -0.048732 0.174373 -0.109057
vn -0.726984 0.299127 -0.618076
v -0.088262 0.214887 -0.057535
vn -0.604930 0.361752 -0.709362
v -0.078116 0.233771 -0.059571
vn -0.730675 0.312869 -0.606817
v -0.088361 0.238215 -0.047222
vn -0.836111 0.270509 -0.477225
v -0.099083 0.219289 -0.039320
vn -0.835400 0.257469 -0.485609
v -0.097659 0.237511 -0.033401
vn -0.936673 0.190159 -0.294080
v -0.116309 0.218778 0.002611
vn -0.899591 0.219528 -0.377550
v -0.109331 0.221364 -0.015700
vn -0.961184 0.156052 -0.227536
v -0.123249 0.204609 0.017624
vn -0.976770 0.138285 -0.163699
v -0.126390 0.242422 0.051191
vn -0.995263 0.082677 -0.051141
v -0.129678 0.234771 0.070204
vn -0.980880 -0.062891 0.184169
v -0.127576 0.172534 0.103780
vn -0.995789 0.049105 -0.077420
v -0.131065 0.184375 0.054186
vn -0.984235 0.092384 -0.150819
v -0.128918 0.194600 0.040243
vn -0.964308 0.158273 -0.212274
v -0.122826 0.172866 -0.011475
vn -0.903940 0.254672 -0.343561
v -0.113395 0.190531 -0.029646
vn -0.857394 0.272214 -0.436777
v -0.107862 0.184354 -0.046288
vn -0.931245 0.191396 -0.310081
v -0.118300 0.144350 -0.047463
vn -0.780754 0.302298 -0.546844
v -0.102455 0.164913 -0.066352
vn -0.655025 0.338322 -0.675634
v -0.094422 0.145116 -0.085587
vn -0.607771 0.316890 -0.728145
v -0.078165 0.190369 -0.079553
vn -0.482744 0.237543 -0.842930
v -0.056012 0.142775 -0.114321
vn -0.487155 0.296049 -0.821605
v -0.083075 0.127700 -0.102348
vn 0.168459 -0.982141 0.083785
v -0.063966 -0.094366 -0.008909
vn 0.360263 -0.907750 0.214942
v -0.043199 -0.083039 0.002626
vn 0.233893 -0.920303 0.313586
v -0.077728 -0.089473 0.025866
vn -0.017945 -0.963134 0.268424
v -0.073421 -0.064197 0.068554
vn 0.132729 -0.872154 0.470882
v -0.082513 -0.077779 0.053561
vn -0.298055 -0.907445 0.296154
v -0.080631 -0.059955 0.082083
vn -0.510016 -0.770395 0.382591
v -0.091587 -0.050679 0.095103
vn -0.833269 -0.102045 0.543369
v -0.074787 -0.009851 0.171847
vn -0.044682 -0.955449 -0.291756
v -0.017525 -0.074981 0.008019
vn 0.064366 -0.996455 -0.054174
v -0.035155 -0.078145 0.015500
vn -0.369106 -0.926857 -0.068533
v -0.044152 -0.078519 0.031259
vn -0.080255 0.247752 0.965494
v -0.008466 -0.001763 0.221906
vn -0.908743 -0.167417 0.382305
v -0.070188 -0.034878 0.171161
vn -0.707162 -0.705866 0.040936
v -0.078522 -0.060520 0.095141
vn -0.354796 0.415718 -0.837436
v -0.036112 0.211020 -0.097829
vn -0.206422 0.292746 -0.933643
v -0.028123 0.153756 -0.124317
vn -0.510256 0.384501 -0.769284
v -0.058610 0.213028 -0.084307
vn -0.981316 0.022271 0.191108
v -0.127716 0.224235 0.106846
vn -0.542291 -0.086223 0.835755
v -0.053611 0.213270 0.217139
vn -0.315266 -0.096602 0.944074
v -0.040376 0.202936 0.222042
vn -0.837181 -0.142559 0.528019
v -0.108629 0.171282 0.156133
vn -0.941246 -0.073936 0.329528
v -0.120936 0.170022 0.128807
vn -0.091087 -0.107696 0.990002
v -0.021330 0.182284 0.223195
vn -0.354334 -0.117093 0.927759
v -0.039795 0.141501 0.213103
vn -0.703240 -0.098648 0.704075
v -0.093087 0.225688 0.187349
vn -0.843443 -0.017380 0.536937
v -0.105576 0.237547 0.173281
vn -0.175810 -0.056498 0.982801
v -0.028306 0.122373 0.214423
vn -0.496445 -0.065917 0.865562
v -0.047274 0.119778 0.207527
vn -0.578208 -0.124454 0.806342
v -0.056512 0.155877 0.205827
vn -0.671875 0.012159 0.740565
v -0.050290 0.015082 0.203575
vn -0.762379 0.118603 0.636170
v -0.043028 -0.023780 0.214997
vn 0.534550 -0.641783 -0.549883
v 0.044040 -0.100304 0.055386
vn 0.886067 -0.359318 -0.292874
v 0.076175 -0.071379 0.078256
vn 0.702533 -0.621894 -0.345969
v 0.053196 -0.079898 0.037135
vn -0.000118 -0.955303 -0.295629
v 0.005233 -0.079430 0.013183
vn 0.901062 -0.432141 0.036618
v 0.087813 -0.055594 0.119300
vn 0.764793 0.258261 0.590248
v 0.059614 -0.098234 0.228300
vn 0.907326 -0.285457 -0.308665
v 0.067952 -0.110300 0.105432
vn 0.027372 0.373917 0.927058
v 0.007413 -0.091960 0.258870
vn 0.122812 -0.476714 -0.870437
v 0.014944 -0.163227 0.090053
vn 0.445804 0.315963 0.837512
v 0.032583 -0.090188 0.252913
vn 0.928436 0.158194 0.336127
v 0.070447 -0.091835 0.207096
vn 0.987493 0.065091 0.143601
v 0.076544 -0.107422 0.189061
vn 0.996513 -0.073016 -0.040384
v 0.077112 -0.096427 0.142724
vn 0.104294 -0.568227 -0.816236
v 0.014861 -0.128984 0.069356
vn 0.772617 -0.388280 -0.502296
v 0.056093 -0.124405 0.091212
vn 0.938664 -0.326726 -0.110268
v 0.081595 -0.067107 0.099901
vn 0.417682 -0.539680 -0.730950
v 0.040860 -0.129472 0.078204
vn 0.079839 0.355552 0.931240
v 0.012818 -0.054806 0.245895
vn 0.869554 0.194163 0.454066
v 0.067180 -0.060778 0.198939
vn 0.839669 0.062268 0.539518
v 0.063376 -0.038976 0.198919
vn 0.965271 -0.221357 0.138752
v 0.078479 -0.068172 0.137567
vn 0.949445 -0.031836 0.312314
v 0.072442 -0.051308 0.180086
vn 0.992610 0.056152 0.107574
v 0.076067 -0.078332 0.163274
vn 0.431451 0.310003 0.847200
v 0.031646 -0.057266 0.242897
vn 0.829598 -0.448133 -0.333082
v 0.068722 -0.086090 0.083134
vn 0.669755 0.172716 0.722217
v 0.048787 -0.020254 0.215222
vn 0.736148 0.211860 0.642807
v 0.044479 -0.060382 0.233514
vn -0.103355 -0.823759 -0.557439
v -0.017767 -0.089389 0.037801
vn -0.422994 -0.805569 -0.414891
v -0.037036 -0.086938 0.040170
vn -0.718805 -0.673531 -0.172266
v -0.066401 -0.071873 0.079368
vn -0.938046 0.173789 0.299780
v -0.065766 -0.103225 0.209151
vn -0.609591 -0.433300 -0.663814
v -0.033197 -0.143948 0.095623
vn -0.219051 0.363143 0.905618
v -0.021185 -0.093737 0.256277
vn -0.936618 -0.162853 -0.310201
v -0.062614 -0.155090 0.148986
vn -0.936605 -0.210374 -0.280202
v -0.058543 -0.108143 0.113888
vn -0.540552 0.317429 0.779130
v -0.037381 -0.094029 0.249643
vn -0.996816 0.054302 0.058388
v -0.071449 -0.110490 0.184016
vn -0.216057 0.350031 0.911481
v -0.017049 -0.056348 0.244339
vn -0.697404 -0.537608 -0.473925
v -0.040717 -0.099643 0.068437
vn -0.990170 -0.105056 -0.092345
v -0.067374 -0.087385 0.141401
vn -0.267878 -0.620830 -0.736758
v -0.016697 -0.114143 0.060999
vn -0.908342 -0.402924 -0.112104
v -0.064932 -0.080892 0.107596
vn -0.866848 -0.396979 -0.301631
v -0.055681 -0.092290 0.090025
vn 0.061666 -0.757680 -0.649707
v 0.011025 -0.092673 0.040029
vn -0.992164 -0.014602 0.124086
v -0.067431 -0.066887 0.172274
vn -0.902228 -0.408322 0.138772
v -0.071904 -0.061893 0.130331
vn -0.666427 0.285420 0.688775
v -0.036575 -0.053258 0.235512
vn -0.915863 0.151818 0.371681
v -0.061773 -0.057124 0.193515
vn -0.821475 0.256206 0.509448
v -0.052632 -0.080181 0.223232
vn -0.854274 0.283583 0.435657
v -0.058561 -0.138517 0.243487
vn 0.626373 0.492891 0.603917
v 0.062846 -0.204594 0.292405
vn 0.883541 0.305979 0.354586
v 0.073991 -0.177349 0.257150
vn 0.386742 0.442288 0.809204
v 0.033226 -0.174073 0.289813
vn 0.048796 0.458890 0.887152
v 0.011739 -0.171540 0.293554
vn -0.337410 0.414724 0.845079
v -0.029409 -0.166795 0.285353
vn 0.987406 0.130839 0.088944
v 0.077701 -0.182752 0.244612
vn 0.987145 0.069864 -0.143749
v 0.075311 -0.205045 0.178058
vn 0.794651 0.049667 -0.605032
v 0.063057 -0.219180 0.141046
vn 0.880998 0.136561 -0.452984
v 0.076468 -0.257036 0.149869
vn 0.571527 -0.128855 -0.810403
v 0.049200 -0.210544 0.125900
vn 0.999576 -0.026645 -0.011746
v 0.077862 -0.135316 0.170441
vn 0.942142 0.146325 0.301593
v 0.068478 -0.132202 0.226224
vn -0.052676 0.394218 0.917506
v 0.005622 -0.133339 0.277287
vn 0.817836 0.323014 0.476243
v 0.059699 -0.141470 0.249500
vn 0.988640 0.057764 0.138760
v 0.072422 -0.148919 0.218085
vn 0.995776 0.091731 0.003983
v 0.074771 -0.193332 0.205190
vn 0.687677 -0.338373 -0.642343
v 0.051403 -0.163269 0.109687
vn 0.251444 0.396558 0.882903
v 0.024194 -0.115495 0.268017
vn 0.593632 0.365251 0.717072
v 0.041365 -0.136693 0.266950
vn 0.643904 0.428175 0.634077
v 0.063117 -0.173186 0.270236
vn 0.961421 0.232865 0.146437
v 0.071874 -0.161009 0.236031
vn 0.917940 0.029598 -0.395613
v 0.068804 -0.209458 0.154575
vn 0.937966 -0.137780 -0.318177
v 0.071707 -0.151434 0.142928
vn 0.838401 -0.123761 -0.530817
v 0.058537 -0.191874 0.132294
vn 0.311669 -0.244856 -0.918100
v 0.026688 -0.218757 0.119681
vn 0.011259 -0.195223 -0.980694
v 0.012465 -0.219754 0.116540
vn -0.981322 0.175634 0.078484
v -0.077275 -0.187275 0.240099
vn -0.413943 0.465363 0.782361
v -0.031880 -0.197552 0.302016
vn -0.496738 -0.116646 -0.860026
v -0.025633 -0.216599 0.120802
vn -0.254348 -0.274961 -0.927202
v -0.012395 -0.211164 0.115307
vn -0.341838 -0.055818 -0.938100
v -0.029656 -0.248131 0.124629
vn -0.805024 -0.299280 -0.512219
v -0.048330 -0.151290 0.120037
vn -0.989178 0.091466 0.114720
v -0.068871 -0.142933 0.215814
vn -0.997055 -0.038167 -0.066524
v -0.069842 -0.149271 0.200729
vn -0.982966 -0.086962 -0.161914
v -0.068544 -0.124525 0.157393
vn -0.565724 -0.282359 -0.774745
v -0.033009 -0.189084 0.118806
vn -0.370840 -0.444140 -0.815608
v -0.014820 -0.170483 0.098485
vn -0.697798 0.322397 0.639639
v -0.046303 -0.141358 0.262934
vn -0.848784 0.334291 0.409653
v -0.073065 -0.185567 0.253465
vn -0.984214 0.038300 -0.172786
v -0.077240 -0.190270 0.227210
vn -0.949912 0.237494 0.203137
v -0.067943 -0.155858 0.232317
vn -0.987863 0.145219 -0.055116
v -0.071923 -0.169036 0.220096
vn -0.974085 -0.023704 -0.224935
v -0.066900 -0.188701 0.194983
vn -0.913567 -0.017144 -0.406327
v -0.057042 -0.210890 0.159471
vn -0.731198 -0.122384 -0.671098
v -0.038265 -0.215118 0.131155
vn 0.300154 -0.812856 0.499171
v 0.049543 -0.372474 0.261771
vn 0.799818 -0.481862 0.357912
v 0.073860 -0.356839 0.253282
vn 0.191308 -0.887403 0.419425
v 0.028795 -0.385896 0.222273
vn 0.921869 -0.281388 0.266417
v 0.053647 -0.387273 0.186036
vn 0.861071 -0.316893 0.397664
v 0.047385 -0.466795 0.146862
vn 0.805340 -0.294529 0.514470
v 0.047755 -0.398631 0.189039
vn 0.931790 -0.198905 0.303653
v 0.051093 -0.437572 0.155377
vn 0.449867 -0.505344 0.736374
v 0.038436 -0.441144 0.174986
vn 0.597076 -0.534406 0.598256
v 0.037592 -0.400719 0.200579
vn -0.020603 -0.830478 0.556671
v 0.010947 -0.364233 0.268522
vn 0.678006 -0.470310 0.564905
v 0.057167 -0.347837 0.278526
vn 0.104530 -0.703505 0.702961
v 0.040699 -0.355174 0.281880
vn -0.120742 -0.252685 0.959985
v 0.066358 -0.305824 0.422661
vn -0.145298 -0.974951 0.168404
v 0.091631 -0.275807 0.322363
vn 0.413177 -0.910481 0.017560
v 0.091207 -0.276805 0.310615
vn -0.408174 -0.527653 0.744967
v 0.078855 -0.275663 0.296952
vn 0.798536 -0.595922 -0.084959
v 0.095470 -0.274046 0.322698
vn 0.960565 0.275481 -0.037744
v 0.087957 -0.255045 0.291138
vn 0.305248 0.867491 0.392789
v 0.082065 -0.263763 0.335343
vn 0.776896 0.547917 0.310192
v 0.083503 -0.249964 0.299459
vn 0.659061 0.470912 0.586413
v 0.074864 -0.247241 0.310895
vn 0.071367 0.879722 0.470102
v 0.074836 -0.265948 0.342926
vn 0.336663 -0.829668 0.445319
v 0.048290 -0.312348 0.322697
vn 0.979653 0.190022 0.064591
v 0.087815 -0.239020 0.264113
vn 0.998596 -0.042852 -0.031142
v 0.085461 -0.276216 0.236019
vn 0.987192 -0.133488 0.087362
v 0.086622 -0.276140 0.258340
vn 0.973565 -0.216008 -0.074243
v 0.085117 -0.260442 0.276606
vn 0.879032 0.388573 0.276248
v 0.072122 -0.215129 0.289404
vn 0.971481 0.194055 0.136261
v 0.085964 -0.245130 0.276235
vn 0.114971 0.669538 0.733826
v 0.059676 -0.262131 0.337174
vn -0.570797 0.489395 0.659305
v 0.045944 -0.278778 0.346670
vn -0.415615 -0.112365 0.902573
v 0.028198 -0.279948 0.335306
vn -0.914679 0.082689 0.395633
v 0.043591 -0.294350 0.350088
vn -0.691155 -0.654670 0.306124
v 0.042936 -0.306677 0.335506
vn -0.158049 -0.613139 0.774003
v 0.035136 -0.310189 0.323652
vn -0.044760 -0.202809 0.978195
v 0.007662 -0.283637 0.334212
vn 0.516517 0.396363 0.759017
v 0.064210 -0.244926 0.327029
vn -0.060843 0.216649 0.974352
v 0.003420 -0.244942 0.335416
vn 0.269849 -0.701168 -0.659959
v 0.033913 -0.473628 0.119844
vn 0.343628 -0.174264 -0.922796
v 0.050890 -0.435891 0.092149
vn -0.151269 0.473268 -0.867834
v 0.057338 -0.410828 0.097077
vn 0.797096 -0.024762 -0.603345
v 0.064318 -0.413704 0.097678
vn 0.897485 -0.432490 -0.086444
v 0.057834 -0.450293 0.119181
vn 0.965609 -0.174249 0.192966
v 0.067288 -0.406912 0.130178
vn 0.893932 0.079541 -0.441089
v 0.068662 -0.368384 0.119211
vn -0.589283 0.212518 -0.779475
v 0.065758 -0.353258 0.118556
vn 0.933461 -0.214313 0.287610
v 0.057633 -0.374754 0.160992
vn 0.834164 -0.531564 0.147002
v 0.058597 -0.371588 0.197358
vn 0.171174 0.265756 -0.948722
v 0.025162 -0.288371 0.118057
vn 0.570195 0.062488 -0.819129
v 0.064185 -0.263291 0.137529
vn 0.912234 0.043345 -0.407370
v 0.073661 -0.316874 0.129577
vn 0.931681 -0.202041 0.301911
v 0.058624 -0.433724 0.134721
vn 0.414830 -0.785781 -0.458764
v 0.035242 -0.483893 0.131125
vn 0.617814 -0.735068 0.279250
v 0.042413 -0.482444 0.141227
vn 0.000000 0.000000 0.000000
v 0.042301 -0.459484 0.140654
vn 0.271896 0.054403 -0.960788
v 0.037093 -0.415446 0.078904
vn 0.208880 -0.760880 -0.614353
v 0.034177 -0.428701 0.081263
vn 0.832648 0.306881 0.461000
v 0.075595 -0.236484 0.310861
vn 0.924522 0.220772 0.310673
v 0.072539 -0.201046 0.271769
vn 0.970563 0.221293 0.095057
v 0.077055 -0.214474 0.257528
vn 0.239010 0.023462 -0.970734
v 0.022755 -0.267765 0.121635
vn 0.955447 -0.280034 0.093283
v 0.054931 -0.451717 0.133636
vn 0.688260 -0.309722 -0.656026
v 0.045446 -0.462683 0.123366
vn 0.908750 0.037799 -0.415626
v 0.063305 -0.352604 0.111807
vn 0.263652 0.297327 -0.917651
v 0.047523 -0.334762 0.108726
vn 0.923593 -0.383355 0.003840
v 0.059221 -0.362667 0.175205
vn 0.854920 -0.377772 0.355528
v 0.066029 -0.301893 0.303917
vn 0.381381 0.246984 -0.890813
v 0.048962 -0.392016 0.088495
vn 0.855980 -0.275941 -0.437212
v 0.055643 -0.412830 0.091087
vn 0.958956 -0.272751 -0.077527
v 0.078533 -0.326968 0.203978
vn 0.982929 -0.132799 -0.127340
v 0.076267 -0.311700 0.146436
vn 0.209258 0.515552 0.830913
v 0.028342 -0.208466 0.313376
vn 0.436877 0.260784 -0.860889
v 0.061694 -0.279445 0.134869
vn 0.745047 0.062039 -0.664121
v 0.066178 -0.322916 0.113893
vn 0.015962 -0.996162 -0.086061
v 0.090426 -0.274251 0.338268
vn 0.339633 -0.865880 0.367290
v 0.077235 -0.269639 0.300942
vn 0.854804 -0.382788 0.350405
v 0.075727 -0.280505 0.297497
vn 0.788231 -0.568808 0.234839
v 0.054502 -0.304645 0.323405
vn 0.589692 -0.748928 -0.302275
v 0.058954 -0.295365 0.382249
vn 0.639750 -0.348721 0.684919
v 0.058954 -0.338121 0.132647
vn -0.867894 -0.453770 0.202119
v 0.065806 -0.322155 0.133223
vn -0.991355 0.061835 0.115720
v 0.063283 -0.364815 0.126594
vn -0.362398 -0.490633 0.792431
v 0.059715 -0.311924 0.145216
vn 0.756568 -0.292146 0.585026
v 0.059426 -0.390570 0.112447
vn 0.124597 -0.493642 0.860693
v 0.042126 -0.426247 0.107328
vn -0.434596 0.320419 -0.841699
v 0.057581 -0.407956 0.140937
vn -0.193389 0.466768 -0.862976
v 0.055700 -0.435860 0.130135
vn -0.193142 0.943049 -0.270842
v 0.033694 -0.449711 0.126311
vn -0.328664 0.208457 -0.921154
v 0.064719 -0.343688 0.158509
vn 0.993596 -0.091578 -0.066179
v 0.085126 -0.280299 0.190239
vn 0.956389 -0.204706 0.208361
v 0.081303 -0.301766 0.253640
vn 0.934707 -0.253881 0.248731
v 0.080927 -0.285352 0.272773
vn 0.980092 0.197619 -0.019143
v 0.081692 -0.223740 0.228756
vn 0.949170 -0.313466 -0.028556
v 0.074875 -0.336251 0.173219
vn 0.992657 0.079932 -0.090794
v 0.085792 -0.253022 0.201303
vn 0.015803 0.386714 0.922064
v 0.038964 -0.247699 0.333240
vn 0.989655 -0.085468 0.115228
v 0.097530 -0.274963 0.352516
vn 0.642306 -0.766403 0.008306
v 0.053251 -0.311545 0.353397
vn -0.696652 -0.711588 0.091201
v 0.053870 -0.313403 0.412674
vn -0.255045 0.864642 0.432835
v 0.058911 -0.274564 0.357750
vn -0.574212 0.669949 0.470583
v 0.057567 -0.298456 0.412121
vn -0.896049 -0.211914 0.390113
v 0.052491 -0.307342 0.410700
vn 0.516065 0.747262 0.418660
v 0.082544 -0.287938 0.390877
vn 0.850040 -0.493283 0.184675
v 0.068704 -0.289389 0.322781
vn 0.619481 -0.627517 0.471663
v 0.060578 -0.293729 0.333288
vn 0.803846 -0.572037 0.163111
v 0.056915 -0.290387 0.339679
vn 0.592897 -0.799862 0.093241
v 0.072247 -0.273794 0.339015
vn 0.391356 -0.879024 -0.272318
v 0.066523 -0.287977 0.377965
vn 0.239201 0.821007 0.518393
v 0.016951 -0.446031 0.110807
vn -0.076433 0.992583 -0.094539
v 0.027392 -0.436121 0.095016
vn -0.705152 0.626740 0.331598
v 0.054762 -0.437899 0.118311
vn -0.967716 0.252010 -0.004005
v 0.060994 -0.425850 0.123200
vn -0.988581 0.128495 -0.078720
v 0.067048 -0.373148 0.139761
vn -0.917450 0.272900 0.289502
v 0.055502 -0.415644 0.106967
vn -0.945337 -0.077138 -0.316841
v 0.070643 -0.331326 0.153881
vn -0.912878 -0.259724 -0.314955
v 0.061687 -0.314815 0.157803
vn -0.521594 -0.253518 0.814659
v 0.050604 -0.316812 0.140962
vn -0.367977 -0.318018 0.873761
v 0.048601 -0.341695 0.131125
vn -0.374449 -0.237219 0.896390
v 0.046728 -0.395947 0.113051
vn 0.094400 0.578056 -0.810518
v 0.024291 -0.440250 0.117103
vn 0.388410 0.233398 -0.891439
v 0.051530 -0.414203 0.134439
vn -0.598922 0.223375 -0.769023
v 0.053080 -0.339187 0.158667
vn -0.280454 0.129226 -0.951129
v 0.060539 -0.328072 0.160543
vn -0.519938 -0.291399 0.802964
v 0.042337 -0.336180 0.125814
vn -0.481283 -0.161303 0.861596
v 0.039005 -0.393878 0.103775
vn -0.186270 0.501579 -0.844820
v 0.044592 -0.431902 0.128815
vn -0.579969 0.228983 -0.781795
v 0.047154 -0.341785 0.165331
vn -0.494001 0.615181 -0.614423
v 0.041315 -0.432756 0.134285
vn -0.278730 0.332287 -0.901052
v 0.033203 -0.401164 0.152585
vn -0.171682 0.252292 -0.952299
v 0.029271 -0.340461 0.172770
vn -0.093885 -0.575880 0.812125
v 0.031524 -0.337607 0.121911
vn -0.038781 -0.249912 0.967492
v 0.033969 -0.315313 0.154763
vn 0.384959 -0.584080 0.714603
v 0.034442 -0.328474 0.127654
vn 0.997041 0.076244 0.009856
v 0.039848 -0.271449 0.151681
vn 0.572855 -0.078989 0.815842
v 0.039812 -0.300171 0.157371
vn 0.983301 -0.010503 -0.181684
v 0.043414 -0.316351 0.147792
vn 0.283958 -0.428758 0.857633
v 0.034620 -0.348578 0.142578
vn 0.540285 -0.135091 -0.830568
v 0.046051 -0.415977 0.111792
vn -0.090012 -0.515022 0.852438
v 0.028543 -0.433035 0.117691
vn -0.677270 -0.047376 -0.734208
v 0.009504 -0.405600 0.107174
vn 0.478969 -0.109503 0.870975
v 0.040804 -0.390638 0.119276
vn -0.083408 -0.296986 0.951232
v 0.023975 -0.385270 0.116432
vn 0.138382 -0.680745 -0.719331
v 0.021331 -0.335223 0.133824
vn 0.589654 0.002184 -0.807653
v 0.033739 -0.333177 0.137159
vn 0.972021 -0.225936 0.064250
v 0.038749 -0.240818 0.150660
vn -0.098445 -0.149411 0.983862
v 0.012053 -0.239267 0.154465
vn 0.055880 -0.224563 0.972856
v 0.028307 -0.238140 0.157878
vn -0.054567 -0.856601 0.513086
v 0.027528 -0.224632 0.163603
vn -0.065465 -0.738170 -0.671431
v 0.019689 -0.226187 0.174836
vn 0.074106 -0.309509 -0.948004
v 0.012895 -0.237996 0.180105
vn -0.238841 -0.238179 -0.941396
v 0.030180 -0.238038 0.178203
vn 0.275987 -0.635269 0.721294
v 0.034232 -0.227010 0.161206
vn -0.642263 -0.673656 -0.365632
v 0.043118 -0.228774 0.168913
vn -0.500823 -0.712794 0.491020
v 0.042980 -0.234641 0.145135
vn 0.917139 0.099098 -0.386052
v 0.038876 -0.353127 0.133166
vn 0.063052 -0.462355 0.884450
v 0.034557 -0.377788 0.123181
vn 0.319427 0.336085 -0.886010
v 0.031416 -0.385609 0.110383
vn -0.836441 -0.405705 0.368470
v 0.055685 -0.285210 0.154352
vn -0.824138 -0.256424 -0.505019
v 0.053449 -0.282773 0.164462
vn -0.643475 0.016238 -0.765295
v 0.053313 -0.297804 0.167187
vn -0.562454 0.035107 -0.826083
v 0.044575 -0.298329 0.175336
vn -0.936813 -0.297472 -0.184097
v 0.048547 -0.273633 0.164262
vn -0.591642 -0.070907 -0.803076
v 0.041939 -0.262600 0.176877
vn -0.057726 0.165152 -0.984577
v 0.021219 -0.310327 0.180438
vn -0.245416 0.050237 -0.968115
v 0.029765 -0.288220 0.181237
vn -0.202148 -0.047305 -0.978212
v 0.028157 -0.261848 0.181763
vn 0.033975 0.050111 -0.998166
v 0.015674 -0.288178 0.182953
vn 0.045945 -0.081637 -0.995603
v 0.014256 -0.261405 0.183205
vn -0.144719 -0.083823 0.985916
v 0.014537 -0.290174 0.155514
vn 0.002301 -0.064662 0.997905
v 0.032266 -0.287645 0.159826
vn 0.065040 0.037977 0.997160
v 0.030024 -0.259476 0.158246
vn 0.567728 -0.063658 0.820751
v 0.034423 -0.240506 0.156037
vn 0.985238 -0.019706 -0.170053
v 0.032990 -0.279616 0.143126
vn -0.135522 -0.202788 0.969799
v 0.037140 -0.293251 0.138375
vn 0.593218 -0.392488 0.702883
v 0.033864 -0.238838 0.140180
vn -0.662294 -0.222372 0.715484
v 0.047263 -0.285929 0.144383
vn 0.634775 -0.770604 -0.056832
v 0.060484 -0.372824 0.241129
vn 0.990100 -0.140185 -0.007126
v 0.080633 -0.303352 0.228988
vn 0.880736 0.082448 -0.466376
v 0.077121 -0.284318 0.144360
vn 0.963064 -0.249912 0.100261
v 0.068782 -0.350925 0.155290
vn 0.111858 0.309546 -0.944282
v 0.021683 -0.335926 0.101080
vn 0.959541 -0.279893 -0.030681
v 0.076169 -0.356052 0.233628
vn 0.852306 -0.513146 -0.101270
v 0.067476 -0.360101 0.212569
vn 0.697927 -0.704170 0.130552
v 0.046541 -0.370473 0.229391
vn 0.953655 -0.200397 0.224462
v -0.028634 -0.327989 0.128470
vn 0.938402 0.175674 0.297556
v -0.018471 -0.369727 0.116572
vn 0.850796 0.327057 0.411314
v -0.003974 -0.414436 0.102380
vn 0.517407 0.621509 0.588231
v 0.009873 -0.429422 0.099143
vn 0.141301 -0.565546 0.812522
v -0.024042 -0.320899 0.132962
vn 0.756746 0.058947 -0.651045
v -0.031522 -0.341917 0.151552
vn 0.962146 0.200748 0.184324
v -0.031125 -0.353096 0.135161
vn 0.416292 0.351241 -0.838648
v -0.019375 -0.387701 0.136920
vn 0.388887 0.613513 -0.687290
v -0.002851 -0.443900 0.121600
vn 0.778259 0.467147 0.419627
v -0.007977 -0.434393 0.113708
vn 0.990469 -0.137724 -0.001664
v -0.035113 -0.334423 0.140610
vn 0.962015 -0.259879 0.083606
v -0.029374 -0.319373 0.144925
vn 0.373245 -0.200011 0.905916
v -0.015123 -0.320221 0.134330
vn 0.344775 -0.250648 0.904603
v -0.002447 -0.356354 0.120229
vn -0.268204 -0.640896 0.719249
v 0.013138 -0.428204 0.103860
vn 0.369719 0.527689 -0.764756
v 0.004613 -0.432390 0.124280
vn 0.441044 0.339670 -0.830725
v -0.012129 -0.374253 0.140203
vn 0.488752 0.045210 -0.871250
v -0.028168 -0.335349 0.149745
vn 0.451754 -0.146385 0.880051
v -0.011584 -0.307938 0.133378
vn 0.376887 0.737646 -0.560210
v 0.011820 -0.436774 0.131881
vn 0.041101 0.502306 -0.863713
v 0.026061 -0.422250 0.145465
vn 0.449064 0.420673 -0.788274
v 0.011331 -0.406156 0.149321
vn 0.269861 0.356128 -0.894622
v 0.014839 -0.402041 0.153222
vn 0.739945 0.353589 -0.572239
v -0.002173 -0.392210 0.145406
vn 0.668450 0.280947 -0.688653
v -0.015054 -0.341836 0.159010
vn 0.265328 0.261871 -0.927914
v 0.006603 -0.342398 0.171725
vn 0.506020 0.202371 -0.838445
v -0.009400 -0.315736 0.171268
vn -0.043771 -0.113375 0.992588
v 0.022861 -0.391900 0.100363
vn 0.399878 -0.112845 0.909595
v 0.009617 -0.396966 0.102415
vn -0.159761 -0.282937 0.945740
v -0.004841 -0.311341 0.130718
vn -0.406394 -0.757852 0.510396
v 0.004929 -0.330587 0.124646
vn -0.585725 -0.256657 0.768800
v -0.004119 -0.318219 0.149922
vn -0.072437 -0.282553 0.956513
v 0.016781 -0.315911 0.150785
vn -0.547804 -0.222153 -0.806572
v 0.003973 -0.332398 0.132976
vn -0.537745 -0.462329 0.705041
v -0.000460 -0.339737 0.143186
vn -0.922938 -0.143734 -0.357107
v -0.005494 -0.333235 0.138448
vn -0.756717 -0.134552 -0.639747
v 0.000706 -0.349020 0.132351
vn -0.742673 -0.303686 0.596834
v 0.010944 -0.421029 0.114299
vn -0.431061 -0.589024 -0.683547
v 0.014052 -0.425572 0.109213
vn -0.824068 0.159095 -0.543692
v 0.008800 -0.381415 0.112572
vn 0.080180 0.392561 -0.916225
v 0.020355 -0.352613 0.128887
vn 0.058359 -0.372937 0.926020
v 0.002772 -0.337583 0.119828
vn 0.047965 -0.746114 0.664088
v -0.017303 -0.237520 0.140777
vn -0.896176 -0.180561 -0.405299
v -0.011557 -0.248626 0.145012
vn -0.790690 -0.390439 0.471558
v -0.004601 -0.243242 0.136356
vn -0.175002 -0.288619 0.941315
v -0.004582 -0.239820 0.154206
vn 0.325786 -0.212429 -0.921269
v -0.003700 -0.239445 0.176898
vn -0.765967 -0.218541 0.604594
v -0.009873 -0.242768 0.151092
vn 0.326706 -0.700055 -0.634969
v -0.007321 -0.227995 0.170576
vn 0.660903 -0.213310 -0.719518
v -0.017085 -0.240898 0.169378
vn 0.398092 -0.871707 0.285745
v -0.020137 -0.228598 0.157142
vn -0.396439 -0.490441 0.776082
v 0.009152 -0.361517 0.131850
vn -0.732614 -0.192075 0.652981
v 0.010634 -0.393179 0.116219
vn 0.846317 -0.314816 0.429697
v -0.025633 -0.289365 0.145274
vn 0.718065 0.234250 -0.655369
v -0.020834 -0.327696 0.155636
vn 0.715866 0.116892 -0.688383
v -0.017904 -0.294704 0.169334
vn 0.698061 -0.005057 -0.716020
v -0.017355 -0.264487 0.171654
vn 0.344195 0.114905 -0.931841
v -0.000347 -0.295045 0.179410
vn 0.351433 -0.032643 -0.935644
v -0.002899 -0.263244 0.179855
vn -0.230813 -0.067192 0.970675
v -0.004075 -0.289373 0.155557
vn -0.763233 -0.093249 0.639359
v -0.009643 -0.289358 0.152307
vn -0.976424 -0.095806 0.193438
v -0.010869 -0.295133 0.147193
vn -0.983108 -0.103370 -0.151041
v -0.001663 -0.280790 0.139247
vn -0.189490 -0.069015 0.979454
v -0.003858 -0.279693 0.135278
vn 0.619395 -0.025856 0.784654
v -0.014954 -0.254084 0.136945
vn 0.546623 -0.042851 0.836282
v -0.014569 -0.280012 0.137677
vn 0.997699 -0.058884 -0.033605
v -0.022841 -0.244556 0.160948
vn 0.721770 -0.200525 0.662448
v -0.019043 -0.283382 0.143999
vn 0.946070 -0.267825 0.182267
v -0.021413 -0.277407 0.152735
vn 0.912446 -0.012538 -0.409005
v -0.022469 -0.282826 0.162661
vn 0.936394 -0.090540 -0.339070
v -0.028422 -0.297142 0.156533
vn 0.105104 -0.879415 0.464308
v -0.089761 -0.315856 0.409348
vn -0.085229 -0.995546 0.040296
v -0.095699 -0.286469 0.290757
vn 0.382159 -0.761096 0.524106
v -0.086032 -0.281910 0.284821
vn -0.689728 -0.697891 0.192935
v -0.079822 -0.285358 0.279047
vn 0.310678 -0.936045 0.165223
v -0.093626 -0.280164 0.299812
vn -0.729448 -0.642359 -0.235119
v -0.107750 -0.284597 0.312898
vn -0.916651 0.394784 0.062429
v -0.086960 -0.256061 0.274195
vn -0.593856 0.679195 0.431310
v -0.080090 -0.259610 0.302525
vn 0.006127 0.865758 0.500425
v -0.078136 -0.276204 0.333276
vn 0.451866 0.617827 0.643511
v -0.061191 -0.285818 0.339047
vn 0.283098 0.845181 0.453349
v -0.077399 -0.291610 0.364580
vn -0.208163 -0.889288 0.407229
v -0.052509 -0.317120 0.317585
vn -0.700492 -0.711421 0.056491
v -0.059314 -0.311719 0.310922
vn -0.806197 -0.588073 0.064935
v -0.068678 -0.304309 0.292308
vn -0.137727 0.591277 0.794621
v -0.064269 -0.274684 0.329598
vn 0.815623 0.057423 0.575727
v -0.056038 -0.299439 0.338963
vn 0.627750 0.573681 0.526138
v -0.076782 -0.307016 0.390220
vn -0.706475 -0.706680 0.038668
v -0.071997 -0.300986 0.306394
vn -0.700660 -0.705732 0.104967
v -0.065452 -0.298776 0.322675
vn -0.822059 0.510786 0.251628
v -0.111842 -0.286797 0.335117
vn 0.027762 -0.953556 -0.299933
v -0.094537 -0.293298 0.354105
vn -0.315602 0.869229 0.380574
v -0.097337 -0.275575 0.319038
vn -0.134463 -0.977544 0.162255
v -0.056975 -0.316394 0.333335
vn 0.703277 -0.616229 0.354489
v -0.074001 -0.318078 0.389630
vn -0.076712 0.885956 0.457380
v -0.087873 -0.298617 0.381385
vn -0.533620 0.824120 0.189935
v -0.087174 -0.258833 0.288169
vn -0.444021 -0.819372 -0.362595
v -0.085587 -0.295516 0.361043
vn -0.521982 -0.849672 0.074783
v -0.079165 -0.280299 0.286605
vn -0.648371 -0.752695 0.114307
v -0.076799 -0.301006 0.315389
vn -0.282906 -0.957601 -0.054456
v -0.085112 -0.281198 0.317980
vn -0.578179 -0.784158 -0.225400
v -0.077154 -0.287068 0.332562
vn -0.237084 -0.968670 -0.073956
v 0.015018 -0.486393 0.135845
vn -0.090527 -0.232485 -0.968378
v 0.009164 -0.474926 0.123586
vn -0.040467 -0.318609 -0.947022
v 0.013286 -0.457942 0.134483
vn -0.818314 -0.498588 0.285960
v -0.015146 -0.395253 0.189248
vn -0.658604 -0.734512 -0.163506
v -0.050227 -0.375193 0.223445
vn -0.894699 -0.438291 0.086115
v -0.060147 -0.361185 0.232501
vn -0.361059 -0.888398 0.283524
v -0.016232 -0.382489 0.228720
vn -0.897786 -0.429324 -0.098287
v -0.003120 -0.454220 0.131917
vn -0.461415 -0.581198 0.670302
v 0.002234 -0.442616 0.171284
vn -0.857828 -0.510806 0.056647
v 0.003817 -0.477688 0.134785
vn -0.947649 -0.319305 0.002383
v -0.017872 -0.398498 0.171548
vn -0.051847 -0.627308 0.777043
v 0.021069 -0.449232 0.170896
vn 0.013363 -0.614527 0.788782
v 0.021297 -0.411603 0.197708
vn -0.389553 -0.679603 0.621602
v -0.002826 -0.407411 0.195143
vn -0.899670 -0.397922 -0.179585
v -0.034896 -0.350477 0.148902
vn -0.230850 -0.714471 0.660484
v -0.031716 -0.354813 0.277712
vn -0.051769 -0.579679 0.813199
v 0.003317 -0.307905 0.325276
vn -0.915360 -0.316512 -0.248868
v -0.057080 -0.330349 0.200716
vn -0.746343 -0.534768 0.396227
v -0.048516 -0.349644 0.268309
vn -0.353381 -0.737492 0.575524
v -0.049942 -0.322491 0.306326
vn -0.957904 -0.276825 -0.076079
v -0.081441 -0.279290 0.247387
vn -0.872543 -0.388710 -0.295928
v -0.082480 -0.273223 0.259719
vn -0.938762 -0.088232 -0.333079
v -0.087464 -0.265122 0.263887
vn -0.293526 0.367132 0.882642
v -0.062962 -0.258278 0.321337
vn -0.051408 -0.359691 0.931654
v -0.018084 -0.292934 0.329996
vn 0.282122 0.029582 0.958922
v -0.037738 -0.285190 0.327642
vn -0.189053 0.065692 0.979767
v -0.019683 -0.251382 0.333044
vn -0.300004 0.413018 0.859892
v -0.031033 -0.242119 0.327049
vn -0.085991 0.489348 0.867839
v -0.007423 -0.202231 0.311971
vn -0.456912 -0.815680 -0.354819
v 0.020614 -0.471749 0.117656
vn -0.067367 -0.405081 -0.911796
v 0.021169 -0.447673 0.089777
vn 0.647439 0.656141 -0.387688
v -0.002892 -0.414306 0.090613
vn -0.757251 0.024788 -0.652654
v -0.015770 -0.403071 0.098470
vn -0.965648 -0.259390 -0.015488
v -0.019135 -0.411128 0.119093
vn -0.194901 0.060561 -0.978951
v -0.004217 -0.421549 0.086717
vn -0.762863 -0.545784 -0.346641
v -0.003484 -0.453893 0.112552
vn 0.192312 0.299307 -0.934576
v -0.017739 -0.370434 0.107300
vn -0.933779 -0.171545 -0.314053
v -0.028388 -0.347596 0.121839
vn -0.948548 -0.311447 0.057073
v -0.027491 -0.372886 0.136447
vn -0.944621 -0.311929 0.101941
v -0.019141 -0.382131 0.151146
vn -0.081476 0.271733 -0.958918
v 0.007247 -0.289790 0.117031
vn -0.067625 0.094963 -0.993181
v 0.004606 -0.272268 0.120938
vn -0.112917 0.023275 -0.993332
v -0.026251 -0.274482 0.125482
vn -0.053561 0.254310 -0.965638
v -0.013888 -0.290928 0.121208
vn -0.250029 0.249014 -0.935670
v -0.020290 -0.325457 0.104366
vn -0.351844 0.150627 -0.923860
v -0.031009 -0.283775 0.125322
vn -0.471521 -0.023379 -0.881545
v -0.027459 -0.323186 0.112151
vn -0.811013 -0.102410 -0.575995
v -0.033076 -0.326217 0.114791
vn -0.896245 -0.352607 -0.269096
v -0.008405 -0.401578 0.092904
vn -0.282678 -0.035687 -0.958551
v 0.011913 -0.412189 0.078222
vn -0.508864 -0.673235 -0.536481
v 0.012141 -0.425749 0.083238
vn -0.811919 0.295937 0.503198
v -0.081213 -0.246801 0.302552
vn -0.916470 0.321325 0.238397
v -0.076441 -0.216846 0.270511
vn -0.774024 -0.630869 -0.053766
v -0.026400 -0.378984 0.184320
vn -0.828123 -0.497459 -0.258355
v -0.040322 -0.353338 0.183242
vn -0.725116 0.006126 -0.688600
v -0.013773 -0.362367 0.099323
vn -0.081315 0.291508 -0.953106
v 0.007427 -0.377262 0.088778
vn -0.555308 0.501391 0.663506
v -0.063080 -0.221544 0.296349
vn -0.903663 -0.422461 -0.070144
v -0.024837 -0.367373 0.160171
vn -0.896526 -0.383204 -0.222251
v -0.050969 -0.335957 0.175020
vn -0.959705 -0.165584 -0.227043
v -0.072963 -0.286281 0.217720
vn -0.949658 -0.213620 -0.229166
v -0.063157 -0.298558 0.185666
vn -0.924472 -0.174935 -0.338748
v -0.054983 -0.295377 0.155700
vn -0.992667 0.090487 -0.080151
v -0.076351 -0.222216 0.241958
vn -0.653335 0.404013 0.640256
v -0.056557 -0.183788 0.274112
vn -0.511190 -0.347688 0.786001
v -0.009726 -0.385049 0.111205
vn -0.654378 0.035218 -0.755347
v -0.039065 -0.237918 0.131606
vn -0.967712 0.057507 -0.245412
v -0.069850 -0.218069 0.207058
vn -0.964167 -0.025666 -0.264050
v -0.068431 -0.262946 0.183734
vn -0.954725 -0.295275 -0.036240
v -0.073471 -0.301336 0.237935
vn -0.964626 0.020712 -0.262807
v -0.073328 -0.242177 0.212023
vn -0.983866 0.041610 -0.173999
v -0.085811 -0.249592 0.247396
vn -0.345340 -0.932266 0.107801
v -0.025773 -0.375257 0.218559
vn -0.712153 0.082291 -0.697185
v -0.043662 -0.296899 0.129657
vn -0.363990 -0.830291 0.422052
v -0.035232 -0.378414 0.251210
vn 0.903932 -0.369119 0.216004
v 0.128456 -0.001880 0.030957
vn 0.966197 -0.128537 0.223476
v 0.130843 0.017460 0.041961
vn 0.973620 0.095931 0.207030
v 0.132921 0.059536 0.034558
vn 0.501623 -0.584461 -0.637793
v 0.026307 -0.029796 -0.101680
vn 0.724671 -0.564804 -0.394777
v 0.026081 -0.060285 -0.069875
vn 0.058308 -0.267029 -0.961923
v 0.032136 0.016510 -0.132413
vn 0.368598 -0.414484 -0.832069
v 0.023259 -0.006047 -0.125537
vn 0.340894 -0.489049 -0.802883
v 0.029155 -0.002334 -0.122832
vn 0.043862 0.096946 -0.994323
v 0.037637 0.051786 -0.136243
vn -0.008180 -0.024240 -0.999673
v 0.025186 0.033427 -0.137809
vn -0.011966 0.225577 -0.974152
v 0.052730 0.073993 -0.129665
vn 0.109249 0.160431 -0.980982
v 0.039315 0.066635 -0.133534
vn -0.039471 0.080002 -0.996013
v 0.026780 0.053510 -0.137412
vn 0.057474 0.183353 -0.981366
v 0.054932 0.101990 -0.123735
vn 0.099643 0.105666 -0.989397
v 0.028178 0.072892 -0.134968
vn 0.395924 -0.915976 -0.065054
v 0.075582 -0.065964 0.014641
vn 0.273112 -0.961856 -0.015560
v 0.061606 -0.073232 0.030242
vn 0.309381 -0.944406 -0.111270
v 0.049418 -0.074777 0.014359
vn 0.442961 -0.853957 -0.273026
v 0.042136 -0.069108 -0.020548
vn 0.384582 -0.849004 -0.362339
v 0.038811 -0.061141 -0.044316
vn 0.194171 -0.957027 -0.215401
v 0.057300 -0.065250 -0.017970
vn -0.121922 -0.941196 -0.315094
v 0.050737 -0.056960 -0.053018
vn -0.174246 -0.866592 -0.467608
v 0.041662 -0.050200 -0.066477
vn 0.928446 -0.313640 0.199045
v 0.112957 0.001859 0.093451
vn 0.995530 -0.003581 0.094374
v 0.129601 0.071009 0.068759
vn 0.919742 -0.099908 0.379597
v 0.117696 0.078718 0.125194
vn 0.834692 -0.124073 0.536559
v 0.105711 0.112544 0.154251
vn 0.886401 -0.455862 0.080524
v 0.099720 -0.036045 0.094287
vn 0.698563 -0.711792 0.073221
v 0.086632 -0.057981 0.035546
vn 0.868196 -0.481076 0.121663
v 0.101204 -0.033958 0.062435
vn 0.808762 -0.547116 0.215794
v 0.114288 -0.025445 0.041844
vn 0.252725 -0.964504 -0.076567
v 0.077730 -0.063523 -0.009041
vn 0.948649 -0.179933 0.260171
v 0.124022 0.031095 0.086012
vn 0.908360 -0.334843 0.250524
v 0.124215 0.012210 0.069716
vn 0.935511 0.342184 0.087917
v 0.133679 0.072176 0.018321
vn 0.969520 -0.046409 0.240577
v 0.145479 0.031013 0.004341
vn 0.926438 -0.310056 0.213490
v 0.141795 0.013006 0.004282
vn 0.131302 -0.233917 -0.963350
v 0.023862 0.014472 -0.134408
vn 0.020631 -0.081496 -0.996460
v 0.035155 0.034846 -0.136501
vn 0.146672 0.193745 -0.970026
v 0.054763 0.111437 -0.122174
vn -0.291533 0.275369 -0.916068
v 0.066260 0.095049 -0.127366
vn -0.050778 0.360797 -0.931261
v 0.067307 0.113997 -0.120388
vn 0.250697 0.260028 -0.932490
v 0.054763 0.124966 -0.119063
vn 0.994697 -0.072617 0.072828
v 0.129176 0.090407 0.076579
vn 0.995240 0.097452 -0.000087
v 0.130339 0.082462 0.034065
vn 0.981444 -0.178325 -0.070484
v 0.130689 0.096529 0.032120
vn 0.981171 -0.176759 0.077849
v 0.133834 0.112424 0.058509
vn 0.967650 0.226987 -0.110136
v 0.125370 0.088468 0.004960
vn 0.964839 -0.224677 -0.136406
v 0.123803 0.095097 -0.006576
vn 0.932131 -0.360919 -0.029487
v 0.134789 0.109643 0.014734
vn 0.952006 -0.300017 -0.060612
v 0.120215 0.094412 -0.035634
vn 0.886531 -0.462669 0.000421
v 0.133657 0.110481 -0.020567
vn 0.946796 -0.297183 -0.123530
v 0.116950 0.087476 -0.086587
vn 0.920839 -0.264820 -0.286229
v 0.127742 0.102656 -0.078765
vn 0.938251 -0.324856 -0.118969
v 0.132748 0.105885 -0.060222
vn 0.919171 0.121879 -0.374527
v 0.110426 0.078680 -0.112728
vn 0.896915 -0.044864 -0.439922
v 0.114252 0.092393 -0.105305
vn 0.743558 0.254816 -0.618216
v 0.108522 0.099154 -0.112059
vn 0.777905 0.343398 -0.526253
v 0.100490 0.092945 -0.126352
vn 0.507062 0.524257 -0.684137
v 0.095099 0.107419 -0.118572
vn 0.993487 -0.108530 0.034707
v 0.139280 0.136870 0.042110
vn 0.992677 -0.117950 -0.026073
v 0.138344 0.125154 0.003082
vn 0.988577 -0.025423 -0.148558
v 0.135975 0.122334 -0.051604
vn 0.927470 0.077055 -0.365871
v 0.131257 0.122210 -0.070112
vn 0.897532 0.233021 -0.374348
v 0.129672 0.148434 -0.058061
vn 0.798865 0.244907 -0.549396
v 0.122123 0.126201 -0.084975
vn 0.593730 0.383990 -0.707133
v 0.108830 0.121136 -0.101896
vn 0.749806 0.341258 -0.566864
v 0.121401 0.147799 -0.073048
vn 0.532989 0.399389 -0.745930
v 0.107201 0.155315 -0.083504
vn 0.342456 0.478103 -0.808790
v 0.091574 0.125743 -0.109398
vn 0.361281 0.343812 -0.866758
v 0.078025 0.137794 -0.107499
vn 0.505709 0.350912 -0.788111
v 0.086785 0.164885 -0.092639
vn 0.331408 -0.923776 -0.191851
v 0.039330 -0.073039 -0.017866
vn -0.162011 -0.753346 -0.637356
v 0.037548 -0.033219 -0.092080
vn 0.408038 -0.723972 -0.556210
v 0.030798 -0.044667 -0.081369
vn -0.236170 -0.607172 -0.758660
v 0.042793 -0.007599 -0.118234
vn -0.748683 -0.424689 -0.509032
v 0.048701 -0.021768 -0.117809
vn -0.446829 -0.366744 -0.815992
v 0.047994 0.010492 -0.130952
vn -0.464523 -0.116861 -0.877816
v 0.052402 0.029445 -0.136993
vn -0.834736 -0.153895 -0.528708
v 0.052883 -0.002142 -0.134200
vn -0.361911 0.114414 -0.925165
v 0.055839 0.049748 -0.136388
vn -0.316185 0.244069 -0.916765
v 0.061964 0.074028 -0.130883
vn 0.146974 0.422423 -0.894403
v 0.066549 0.125799 -0.115622
vn 0.801242 -0.158806 0.576881
v 0.110169 0.168108 0.165096
vn 0.911786 -0.140764 0.385788
v 0.121186 0.132818 0.132778
vn 0.739383 -0.110917 0.664086
v 0.087833 0.117672 0.177310
vn 0.936171 -0.182542 0.300436
v 0.114214 0.026944 0.113330
vn 0.900345 -0.121711 0.417810
v 0.104242 0.024206 0.142652
vn 0.848564 -0.072699 0.524074
v 0.103929 0.067384 0.150832
vn 0.795344 -0.058466 0.603332
v 0.086936 0.023021 0.171068
vn 0.978912 -0.076268 0.189509
v 0.125953 0.060523 0.092088
vn 0.948444 -0.106736 0.298433
v 0.121783 0.066754 0.110628
vn 0.975741 -0.069544 0.207589
v 0.126929 0.097953 0.098864
vn 0.968310 -0.131784 0.212153
v 0.129114 0.120170 0.099523
vn -0.662631 -0.648678 -0.374350
v 0.049141 -0.036624 -0.100339
vn -0.822183 -0.422201 -0.381787
v 0.054738 -0.029813 -0.121934
vn -0.378908 -0.864631 -0.329911
v 0.051177 -0.049027 -0.075814
vn -0.645565 -0.715946 -0.265833
v 0.059684 -0.043595 -0.105639
vn -0.353827 -0.909610 -0.217753
v 0.060987 -0.053908 -0.073456
vn -0.140503 -0.988938 -0.047549
v 0.080841 -0.056332 -0.094816
vn 0.265653 -0.963600 0.030075
v 0.108222 -0.054663 -0.084030
vn 0.303932 -0.952361 0.025193
v 0.090331 -0.057508 -0.057411
vn -0.335461 -0.890060 0.308639
v 0.076551 -0.057900 -0.151617
vn -0.025714 -0.991320 -0.128929
v 0.072361 -0.060221 -0.052350
vn 0.057269 -0.972879 -0.224112
v 0.050268 -0.061381 -0.038204
vn 0.994917 0.045116 -0.090021
v 0.148489 0.034557 -0.043917
vn 0.982825 -0.026636 -0.182606
v 0.145198 0.026767 -0.063419
vn 0.982769 -0.054168 -0.176721
v 0.136419 0.008826 -0.097893
vn 0.951444 0.269903 -0.148011
v 0.145963 0.051535 -0.043603
vn 0.939972 0.234060 -0.248330
v 0.143091 0.043791 -0.066273
vn 0.944041 0.171368 -0.281814
v 0.137030 0.032870 -0.092544
vn 0.841052 0.482689 -0.244219
v 0.136026 0.059240 -0.069041
vn 0.856756 0.388256 -0.339450
v 0.131437 0.050423 -0.094233
vn 0.597577 -0.797223 0.085654
v 0.097753 -0.053548 0.011863
vn 0.499498 -0.865393 0.039954
v 0.098180 -0.054545 -0.018431
vn 0.747636 -0.650630 0.133119
v 0.113199 -0.040537 -0.003874
vn -0.819346 0.379875 -0.429380
v 0.076952 0.026418 -0.177269
vn -0.893603 0.241077 -0.378623
v 0.070077 -0.001091 -0.186843
vn -0.836882 0.298710 -0.458694
v 0.069573 0.023830 -0.162937
vn 0.933899 -0.356341 0.029217
v 0.135099 -0.012728 -0.055601
vn 0.872048 -0.474555 0.119703
v 0.127645 -0.036808 -0.062502
vn 0.861598 -0.484335 0.151884
v 0.125593 -0.019551 -0.001623
vn 0.968794 -0.218333 -0.117346
v 0.136509 -0.001961 -0.085522
vn 0.969724 -0.237881 -0.055211
v 0.146836 0.013218 -0.036180
vn 0.898630 0.346203 -0.269459
v 0.116882 0.073733 -0.094153
vn 0.856931 0.360630 -0.368260
v 0.114237 0.063958 -0.114394
vn 0.831240 0.415235 -0.369621
v 0.117308 0.027024 -0.180423
vn 0.770339 0.628481 -0.107653
v 0.126727 0.076138 -0.042920
vn 0.940666 0.320801 -0.110612
v 0.118986 0.084979 -0.065745
vn 0.718314 -0.514797 0.467984
v 0.110690 -0.047724 -0.151639
vn 0.930474 -0.257272 0.260823
v 0.118066 -0.038673 -0.160751
vn 0.190979 -0.755538 0.626650
v 0.095697 -0.057144 -0.148601
vn 0.846855 0.531762 -0.008187
v 0.134848 0.072314 -0.000073
vn 0.953828 0.280274 -0.107974
v 0.120747 0.087421 -0.028233
vn 0.816719 0.560451 -0.137344
v 0.138874 0.064990 -0.042673
vn 0.995255 0.083023 0.050751
v 0.149318 0.040103 -0.022403
vn 0.986552 -0.145825 0.073832
v 0.148584 0.024135 -0.021597
vn 0.918965 -0.381842 0.098487
v 0.144331 0.007794 -0.020716
vn -0.966494 0.102076 -0.235519
v 0.064854 -0.008111 -0.171676
vn -0.968568 -0.038209 -0.245799
v 0.061645 -0.016987 -0.158581
vn -0.997212 -0.064603 -0.037346
v 0.064747 -0.028847 -0.168470
vn 0.950624 -0.309656 -0.020646
v 0.130791 -0.032163 -0.084291
vn 0.666827 -0.742211 0.066824
v 0.122156 -0.047794 -0.077878
vn -0.928977 -0.369845 0.014693
v 0.068270 -0.046598 -0.156857
vn 0.977506 0.071803 -0.198310
v 0.133962 0.011529 -0.109374
vn 0.480938 0.744431 -0.463164
v 0.104343 0.041589 -0.185330
vn -0.183164 0.840939 -0.509188
v 0.093030 0.041555 -0.187348
vn -0.593942 0.596817 -0.539484
v 0.084334 0.040972 -0.176047
vn -0.666264 0.487913 -0.563944
v 0.089609 0.023783 -0.203738
vn 0.772421 0.333073 -0.540766
v 0.113268 0.006050 -0.201679
vn 0.643415 -0.754560 0.129063
v 0.116167 -0.046352 -0.046500
vn -0.679203 0.299606 -0.670015
v 0.069698 0.071065 -0.139716
vn -0.295760 0.399208 -0.867847
v 0.075231 0.091761 -0.133213
vn 0.041090 0.513819 -0.856914
v 0.080318 0.107085 -0.125493
vn 0.957903 -0.250068 -0.141027
v 0.130908 -0.028712 -0.112227
vn 0.940504 0.339737 0.005517
v 0.146040 0.054287 -0.020933
vn 0.955458 0.241539 0.169584
v 0.145401 0.048826 -0.000487
vn 0.980590 -0.193278 0.032955
v 0.123593 -0.021305 -0.164993
vn 0.810967 -0.577065 -0.096581
v 0.118561 -0.035937 -0.147560
vn 0.849081 -0.516172 -0.112378
v 0.126413 -0.040621 -0.111330
vn 0.558746 -0.822118 -0.109196
v 0.119222 -0.049549 -0.105915
vn 0.270497 -0.958637 -0.088578
v 0.107380 -0.055732 -0.101866
vn 0.382992 -0.919964 0.083567
v 0.098112 -0.053118 -0.135318
vn -0.116473 -0.992896 0.024315
v 0.081711 -0.056791 -0.120551
vn -0.578908 -0.813209 -0.059639
v 0.068769 -0.050430 -0.111404
vn -0.886829 -0.437315 -0.149300
v 0.061732 -0.038371 -0.128816
vn -0.736612 -0.675952 -0.022148
v 0.068926 -0.054634 -0.136002
vn -0.923949 -0.164981 -0.345108
v 0.057516 -0.012534 -0.140585
vn -0.874242 0.041126 -0.483745
v 0.058160 0.011501 -0.144394
vn -0.958980 -0.214346 -0.185508
v 0.061166 -0.033339 -0.147322
vn -0.781377 0.226748 -0.581408
v 0.063884 0.039628 -0.145135
vn -0.891791 0.189227 -0.410976
v 0.063090 0.028650 -0.150807
vn -0.664367 0.317655 -0.676544
v 0.068759 0.051559 -0.147977
vn -0.898574 0.181593 -0.399485
v 0.064416 0.008909 -0.160360
vn -0.431425 0.434728 -0.790496
v 0.074735 0.068112 -0.144082
vn -0.701041 0.440826 -0.560548
v 0.078950 0.054613 -0.157418
vn 0.373465 0.545165 -0.750546
v 0.093607 0.094958 -0.133817
vn 0.553932 0.472372 -0.685583
v 0.094052 0.072549 -0.144939
vn -0.163740 0.577498 -0.799803
v 0.086079 0.079657 -0.142226
vn 0.281620 0.762377 -0.582642
v 0.092653 0.048725 -0.169972
vn 0.768349 0.422987 -0.480336
v 0.100818 0.063253 -0.143141
vn 0.775561 0.570493 -0.270264
v 0.109277 0.044985 -0.145980
vn 0.507662 0.793336 -0.336003
v 0.098603 0.050913 -0.159891
vn 0.733398 0.660254 -0.161838
v 0.112409 0.040390 -0.168384
vn 0.905660 0.349845 -0.239557
v 0.127866 0.026131 -0.123512
vn 0.959381 0.176528 -0.220059
v 0.124637 0.004478 -0.179417
vn 0.919233 0.356396 -0.167312
v 0.124520 0.022556 -0.157371
vn 0.984297 -0.116623 -0.132510
v 0.128612 -0.010241 -0.140636
vn 0.993614 -0.006606 -0.112636
v 0.126115 -0.003660 -0.174152
vn 0.126751 0.640616 -0.757328
v 0.098132 0.026801 -0.204531
vn 0.553959 0.489818 -0.673207
v 0.104259 0.024527 -0.201466
vn -0.286673 0.517024 -0.806539
v 0.090884 -0.001001 -0.221953
vn 0.345387 0.475658 -0.808985
v 0.096980 -0.002010 -0.223453
vn -0.246764 0.487609 -0.837463
v 0.091154 -0.020632 -0.233533
vn -0.929648 -0.189552 0.315951
v 0.066844 -0.055293 -0.171442
vn -0.999577 0.016188 0.024172
v 0.065041 -0.043145 -0.179127
vn -0.958301 -0.070928 0.276817
v 0.064677 -0.077106 -0.184938
vn -0.984121 0.150827 -0.093574
v 0.063637 -0.072525 -0.197684
vn -0.987464 0.127702 -0.092778
v 0.058954 -0.109343 -0.224342
vn -0.966153 -0.063069 0.250140
v 0.060665 -0.100860 -0.201555
vn -0.860182 0.339328 -0.380713
v 0.083341 -0.033899 -0.232479
vn -0.910349 -0.258436 0.323226
v 0.059032 -0.126830 -0.220231
vn -0.998280 -0.036324 0.046021
v 0.059160 -0.151186 -0.251743
vn 0.616053 0.349340 -0.706003
v 0.104406 -0.018384 -0.225618
vn 0.340332 0.438762 -0.831663
v 0.095178 -0.037949 -0.242126
vn 0.681891 0.287810 -0.672450
v 0.101679 -0.053384 -0.244027
vn 0.486068 0.360260 -0.796210
v 0.090940 -0.074711 -0.261750
vn 0.150396 0.471742 -0.868816
v 0.086838 -0.066981 -0.259811
vn -0.812149 0.309238 -0.494759
v 0.085049 -0.010258 -0.219197
vn -0.907201 0.195851 -0.372329
v 0.076859 -0.027330 -0.211823
vn 0.976847 0.027689 -0.212140
v 0.122972 -0.022604 -0.197408
vn -0.725853 -0.344563 0.595327
v 0.066465 -0.102340 -0.192480
vn -0.347601 -0.518751 0.781070
v 0.077852 -0.086673 -0.174624
vn -0.628478 -0.486456 0.606940
v 0.076057 -0.068141 -0.165389
vn 0.811116 0.205142 -0.547730
v 0.108460 -0.066659 -0.241333
vn 0.956880 0.027827 -0.289148
v 0.117182 -0.056581 -0.220771
vn 0.876077 0.196263 -0.440420
v 0.119900 -0.012797 -0.202518
vn 0.406650 -0.494767 0.768011
v 0.112562 -0.087358 -0.172132
vn 0.912561 -0.228944 0.338847
v 0.120784 -0.080474 -0.177072
vn -0.127080 -0.574884 0.808306
v 0.097130 -0.074105 -0.161770
vn -0.009788 -0.603227 0.797510
v 0.098799 -0.098165 -0.174554
vn -0.967676 0.110750 -0.226579
v 0.066104 -0.048285 -0.191681
vn -0.504080 -0.550873 0.665163
v 0.067109 -0.135657 -0.216887
vn 0.691149 0.271938 -0.669599
v 0.101760 -0.094491 -0.260085
vn 0.905740 0.077976 -0.416600
v 0.106265 -0.108961 -0.259814
vn -0.156093 -0.640256 0.752135
v 0.080100 -0.173703 -0.243371
vn -0.956511 0.248335 -0.153022
v 0.068142 -0.091936 -0.254158
vn -0.953724 0.239895 -0.181275
v 0.064414 -0.098203 -0.234076
vn -0.204156 -0.628115 0.750861
v 0.085791 -0.123050 -0.201014
vn 0.850789 -0.478511 0.217219
v 0.102601 -0.142872 -0.225486
vn -0.980335 0.157726 -0.118598
v 0.063712 -0.120959 -0.254667
vn 0.948944 -0.301464 0.092867
v 0.119775 -0.094869 -0.193847
vn 0.622251 -0.584483 0.520753
v 0.110195 -0.113626 -0.192272
vn 0.236776 -0.696364 0.677506
v 0.095420 -0.143856 -0.218576
vn -0.940712 0.232234 -0.247241
v 0.075455 -0.050141 -0.220899
vn -0.391370 0.515001 -0.762629
v 0.081972 -0.061188 -0.255911
vn -0.821439 0.392714 -0.413539
v 0.068852 -0.104295 -0.274157
vn 0.987695 -0.098322 -0.121618
v 0.119918 -0.090585 -0.202941
vn 0.975542 -0.184193 -0.119960
v 0.114829 -0.102228 -0.219883
vn 0.978782 -0.055410 -0.197268
v 0.115024 -0.084164 -0.222663
vn 0.996012 -0.053710 0.071240
v 0.122402 -0.061606 -0.182037
vn 0.992985 -0.036354 -0.112509
v 0.120832 -0.057047 -0.192995
vn -0.719726 -0.371939 0.586222
v 0.063158 -0.193421 -0.270831
vn -0.682844 0.503867 -0.529002
v 0.062882 -0.162743 -0.314559
vn 0.357645 0.519304 -0.776153
v 0.073198 -0.166389 -0.318564
vn -0.990384 0.132921 0.038362
v 0.057831 -0.177672 -0.291593
vn 0.420750 -0.650870 0.631932
v 0.083867 -0.195458 -0.265881
vn 0.877787 -0.415600 0.238258
v 0.087751 -0.196013 -0.272960
vn -0.824148 -0.376422 0.423186
v 0.063255 -0.158043 -0.243213
vn -0.449083 -0.579715 0.679893
v 0.071057 -0.159385 -0.235331
vn -0.960884 -0.047898 0.272776
v 0.057852 -0.192709 -0.284964
vn -0.945497 0.289324 -0.149422
v 0.058631 -0.172545 -0.311996
vn 0.443306 0.409935 -0.797141
v 0.084781 -0.112376 -0.282644
vn 0.716747 0.291239 -0.633604
v 0.085480 -0.164713 -0.307316
vn -0.929796 0.272328 -0.247622
v 0.062927 -0.135820 -0.290903
vn -0.517600 0.499541 -0.694657
v 0.072036 -0.110333 -0.282828
vn 0.079711 0.490634 -0.867712
v 0.077144 -0.112442 -0.285487
vn 0.979388 -0.166985 -0.113645
v 0.091539 -0.185143 -0.286828
vn 0.926303 0.005526 -0.376738
v 0.095275 -0.150769 -0.289426
vn 0.971874 -0.107167 -0.209703
v 0.096342 -0.154133 -0.283876
vn 0.004207 0.585419 -0.810720
v 0.067431 -0.165996 -0.319259
vn -0.236019 0.453380 -0.859501
v 0.054929 -0.217476 -0.349761
vn -0.575861 -0.204331 0.791601
v 0.033438 -0.281641 -0.325294
vn -0.218543 -0.539060 0.813421
v 0.051746 -0.284856 -0.320495
vn 0.131899 -0.499234 0.856369
v 0.061093 -0.290270 -0.319786
vn 0.580515 -0.392322 0.713502
v 0.072221 -0.287593 -0.325595
vn 0.998616 -0.039793 0.034392
v 0.080896 -0.266997 -0.328603
vn 0.636915 0.267101 -0.723184
v 0.067265 -0.246545 -0.359694
vn -0.790030 0.248614 -0.560396
v 0.055429 -0.199875 -0.342041
vn -0.457346 0.365903 -0.810525
v 0.063708 -0.191283 -0.360964
vn -0.167658 -0.118385 -0.978711
v 0.060931 -0.207977 -0.347132
vn 0.648895 -0.079783 -0.756683
v 0.073029 -0.196834 -0.358343
vn -0.615595 0.628159 -0.475878
v 0.060407 -0.178892 -0.331470
vn 0.486793 0.614505 -0.620819
v 0.076791 -0.176270 -0.324718
vn -0.953394 0.300980 -0.021259
v 0.032823 -0.253952 -0.348838
vn -0.796186 -0.118899 0.593254
v 0.048917 -0.235178 -0.306152
vn 0.962699 -0.229042 0.144048
v 0.083229 -0.229442 -0.308693
vn 0.852658 -0.101851 -0.512447
v 0.077310 -0.214430 -0.340178
vn -0.267012 -0.527533 0.806482
v 0.065063 -0.218556 -0.283762
vn -0.239493 -0.360053 0.901668
v 0.053530 -0.270513 -0.313492
vn -0.960532 0.222347 0.167154
v 0.039800 -0.235385 -0.330747
vn -0.861035 0.398647 -0.315753
v 0.049932 -0.213157 -0.341934
vn 0.940485 0.050545 -0.336054
v 0.087383 -0.184690 -0.309532
vn 0.454425 -0.499473 0.737581
v 0.071678 -0.242432 -0.301670
vn -0.953154 0.277504 -0.120371
v 0.018703 -0.289529 -0.379888
vn -0.362939 -0.647078 0.670497
v 0.029211 -0.306298 -0.337052
vn -0.358088 -0.720360 0.594016
v 0.033572 -0.308975 -0.342921
vn -0.967555 0.031110 0.250736
v 0.023021 -0.295717 -0.341425
vn -0.397623 0.817534 -0.416574
v 0.034559 -0.265982 -0.388621
vn -0.987941 0.124917 0.091481
v 0.024542 -0.290596 -0.359001
vn -0.687543 -0.702343 0.184387
v 0.022756 -0.319443 -0.371368
vn -0.773613 -0.617333 -0.142909
v 0.033153 -0.320414 -0.389308
vn -0.771765 -0.624114 0.121906
v 0.033960 -0.338070 -0.375130
vn -0.674540 -0.527089 0.516888
v 0.035796 -0.318696 -0.341829
vn 0.953944 0.217150 -0.206972
v 0.088140 -0.301560 -0.391320
vn 0.313107 -0.562624 0.765126
v 0.070081 -0.294181 -0.329416
vn 0.112441 -0.768466 -0.629934
v 0.071849 -0.324145 -0.395005
vn 0.357719 0.798298 -0.484517
v 0.054688 -0.263857 -0.376766
vn 0.917995 0.350703 -0.185180
v 0.076287 -0.279591 -0.356836
vn 0.750933 0.622220 -0.221229
v 0.074234 -0.279193 -0.387798
vn 0.834891 -0.220621 0.504265
v 0.080074 -0.301300 -0.335410
vn -0.199018 -0.522104 0.829337
v 0.059542 -0.302584 -0.328710
vn -0.470019 -0.858361 0.205668
v 0.051929 -0.343199 -0.380999
vn -0.689177 -0.508114 0.516580
v 0.052642 -0.323161 -0.342317
vn -0.113159 -0.823744 -0.555555
v 0.050744 -0.332626 -0.396968
vn -0.173311 -0.460474 0.870590
v 0.042978 -0.290887 -0.323432
vn 0.518663 -0.636097 0.571287
v 0.044418 -0.318260 -0.339492
vn 0.249369 -0.921337 0.298250
v 0.042821 -0.341378 -0.377939
vn 0.004730 0.178086 -0.984004
v 0.047247 -0.289498 -0.393308
vn 0.364291 -0.903454 0.225970
v 0.069827 -0.322083 -0.381602
vn 0.182549 0.105485 -0.977522
v 0.051560 -0.308941 -0.403956
vn 0.056335 -0.987989 0.143891
v 0.078045 -0.328766 -0.372982
vn 0.043692 -0.786290 0.616311
v 0.073965 -0.315668 -0.340745
vn -0.280459 -0.634286 -0.720433
v 0.054862 -0.344462 -0.404137
vn 0.439444 -0.804305 0.399977
v 0.058969 -0.334174 -0.358794
vn -0.204846 -0.719765 -0.663308
v 0.041338 -0.341591 -0.408100
vn 0.958868 0.270792 0.085111
v 0.082459 -0.293038 -0.366591
vn 0.935579 -0.282981 0.211220
v 0.082501 -0.317837 -0.365024
vn 0.740852 -0.670447 0.040485
v 0.064822 -0.340059 -0.387127
vn 0.521939 -0.613844 0.592263
v 0.062662 -0.321763 -0.341095
vn -0.211398 -0.627142 0.749669
v 0.051343 -0.311298 -0.345097
vn -0.776669 0.558333 -0.291633
v 0.030260 -0.267670 -0.373433
vn -0.509787 0.232863 -0.828186
v 0.032185 -0.288019 -0.400660
vn 0.259112 0.433508 -0.863094
v 0.061406 -0.274549 -0.403429
vn 0.700445 -0.527979 -0.480224
v 0.084826 -0.324750 -0.396820
vn 0.338439 0.181632 -0.923292
v 0.077467 -0.297838 -0.401364
vn 0.762776 -0.421160 -0.490711
v 0.065969 -0.327752 -0.404811
vn -0.863465 -0.348347 -0.364804
v 0.019917 -0.314083 -0.395718
vn -0.235289 -0.008563 -0.971888
v 0.035298 -0.310252 -0.406243
vn -0.009448 0.142228 -0.989789
v 0.059496 -0.300163 -0.404839
vn -0.951140 0.274969 0.140448
v -0.135575 0.068253 0.041909
vn -0.944019 0.321792 -0.072645
v -0.129873 0.084300 0.035865
vn -0.885218 -0.283415 0.368870
v -0.136342 -0.026947 0.057380
vn -0.955174 0.100188 0.278577
v -0.135453 0.031789 0.075702
vn -0.957055 0.058139 0.284017
v -0.146364 0.013198 0.044271
vn 0.029850 -0.745236 -0.666133
v -0.027078 -0.065571 -0.090199
vn 0.050720 -0.849733 -0.524768
v -0.027018 -0.077984 -0.074066
vn 0.022353 -0.940687 -0.338537
v -0.036497 -0.084510 -0.060184
vn -0.159120 -0.827448 -0.538527
v -0.048804 -0.073516 -0.076377
vn -0.155375 -0.884920 -0.439063
v -0.061390 -0.083207 -0.055428
vn -0.101986 -0.617994 -0.779540
v -0.035455 -0.046359 -0.108618
vn -0.235496 -0.392849 -0.888938
v -0.043080 -0.024343 -0.122218
vn -0.282203 0.011782 -0.959282
v -0.052175 0.047465 -0.125797
vn -0.372036 -0.071955 -0.925425
v -0.043173 0.014215 -0.131598
vn -0.380699 0.012554 -0.924614
v -0.043107 0.032299 -0.131213
vn -0.171471 -0.120359 -0.977809
v -0.031007 0.005863 -0.134364
vn -0.168929 -0.010485 -0.985572
v -0.031037 0.028901 -0.135641
vn -0.713105 -0.076222 0.696901
v -0.071730 0.113960 0.185230
vn -0.752417 -0.362971 0.549656
v -0.116337 -0.043638 0.080059
vn -0.843470 -0.237476 0.481834
v -0.106147 -0.006938 0.112705
vn -0.810845 -0.191304 0.553112
v -0.115358 0.005693 0.102099
vn -0.529883 -0.845511 0.065849
v -0.106100 -0.083472 0.032544
vn -0.225633 -0.954800 0.193513
v -0.097242 -0.087904 0.031242
vn -0.158573 -0.987196 0.017294
v -0.079450 -0.093969 0.000246
vn -0.387776 -0.919321 -0.066920
v -0.100316 -0.085168 -0.000897
vn -0.164019 -0.976439 -0.140231
v -0.090110 -0.085954 -0.025571
vn -0.963682 0.110729 0.243013
v -0.131460 0.057592 0.078445
vn -0.989714 0.077287 0.120383
v -0.127528 0.093333 0.073308
vn -0.728485 -0.488125 0.480671
v -0.097561 -0.035132 0.107203
vn -0.512137 -0.641790 0.570807
v -0.108749 -0.056761 0.076203
vn -0.176741 -0.812924 0.554903
v -0.099906 -0.069564 0.065357
vn -0.419258 -0.810687 0.408667
v -0.108883 -0.078940 0.048292
vn -0.707466 -0.678646 0.197309
v -0.120453 -0.069649 0.043934
vn -0.748228 -0.511916 0.422016
v -0.124412 -0.058354 0.055086
vn -0.839583 -0.203917 0.503506
v -0.133540 0.000165 0.078244
vn -0.948744 -0.098323 0.300363
v -0.143395 -0.000481 0.053787
vn -0.877561 -0.066120 0.474885
v -0.109230 0.071163 0.128127
vn -0.796503 -0.058235 0.601823
v -0.081109 0.044417 0.169464
vn -0.864456 -0.446026 0.231896
v -0.136206 -0.051503 0.032051
vn -0.878672 -0.052360 0.474546
v -0.133113 0.022634 0.084678
vn -0.779039 0.560584 -0.280792
v -0.130293 0.074586 -0.002169
vn -0.920384 0.324314 -0.218436
v -0.124962 0.084904 0.006896
vn -0.944701 -0.263448 0.195284
v -0.143918 -0.037308 0.020424
vn -0.299808 -0.217747 -0.928817
v -0.042889 -0.004888 -0.129049
vn 0.388181 -0.096884 -0.916476
v -0.054636 0.008596 -0.126456
vn -0.270292 0.054802 -0.961217
v -0.052146 0.062995 -0.125783
vn 0.318948 0.108590 -0.941531
v -0.059367 0.058247 -0.125965
vn -0.290613 0.097091 -0.951902
v -0.030222 0.089849 -0.132639
vn -0.958063 0.187421 0.216770
v -0.153290 0.032101 0.016370
vn -0.962708 -0.142605 0.229907
v -0.149981 0.000038 0.027762
vn -0.999580 -0.020511 -0.020492
v -0.128653 0.098203 0.044448
vn -0.994373 -0.057669 0.088858
v -0.130450 0.124273 0.055307
vn -0.990348 -0.036947 -0.133587
v -0.126076 0.095202 0.019501
vn -0.977179 -0.152599 -0.147763
v -0.115060 0.085297 -0.032359
vn -0.976589 -0.199318 -0.080907
v -0.127297 0.109026 -0.006126
vn -0.945591 -0.308420 -0.103610
v -0.119963 0.094399 -0.062209
vn -0.965971 -0.093057 -0.241330
v -0.104793 0.066734 -0.094610
vn -0.986054 -0.087678 -0.141458
v -0.110491 0.078609 -0.057470
vn -0.922392 0.036176 -0.384557
v -0.115358 0.094845 -0.079536
vn -0.888849 0.132684 -0.438569
v -0.099275 0.056087 -0.110276
vn -0.776578 0.223360 -0.589099
v -0.091327 0.071647 -0.120599
vn -0.413875 0.172539 -0.893833
v -0.063162 0.122392 -0.114270
vn -0.345141 0.303528 -0.888115
v -0.073030 0.100797 -0.114884
vn -0.513625 0.395916 -0.761210
v -0.089080 0.083063 -0.115907
vn -0.649179 0.299510 -0.699185
v -0.095902 0.124413 -0.095307
vn -0.835402 0.118116 -0.536798
v -0.105471 0.081437 -0.098978
vn -0.781258 0.264159 -0.565558
v -0.105134 0.127629 -0.082888
vn -0.877195 0.224444 -0.424445
v -0.113776 0.128432 -0.067290
vn -0.973483 0.059386 -0.220916
v -0.122204 0.110023 -0.054012
vn -0.977509 0.112343 -0.178483
v -0.124972 0.139782 -0.020994
vn -0.992618 0.030263 -0.117449
v -0.129180 0.126671 0.001124
vn -0.997738 -0.048839 -0.046190
v -0.131202 0.123542 0.025625
vn -0.998638 0.000174 0.052166
v -0.131384 0.188102 0.077335
vn -0.905691 -0.109384 0.409583
v -0.111526 0.120857 0.131301
vn 0.316044 -0.386407 -0.866490
v -0.054227 -0.016360 -0.122948
vn 0.294143 -0.559445 -0.774920
v -0.055597 -0.036847 -0.113118
vn 0.123726 -0.784712 -0.607387
v -0.060373 -0.057159 -0.094600
vn 0.241459 -0.894323 -0.376676
v -0.070546 -0.074672 -0.068905
vn 0.068628 -0.981676 -0.177773
v -0.049733 -0.090615 -0.040688
vn -0.026380 -0.961854 -0.272287
v -0.079235 -0.081183 -0.050303
vn -0.198527 -0.958174 -0.206131
v -0.069737 -0.093376 -0.024107
vn 0.050929 0.021120 -0.998479
v -0.054946 0.033774 -0.125470
vn -0.112033 0.218511 -0.969382
v -0.063473 0.095344 -0.119938
vn -0.732077 -0.156798 0.662931
v -0.086053 0.135891 0.174426
vn -0.858805 -0.114067 0.499442
v -0.095948 0.026991 0.144295
vn -0.846495 -0.101253 0.522679
v -0.113571 0.038420 0.114233
vn -0.904808 0.023283 0.425182
v -0.124386 0.055108 0.098503
vn -0.821681 -0.116657 0.557882
v -0.098859 0.113911 0.151640
vn -0.942598 0.007872 0.333836
v -0.119102 0.092022 0.108991
vn -0.966499 -0.075494 0.245317
v -0.122644 0.125739 0.100692
vn 0.181273 -0.978210 -0.101217
v -0.087557 -0.082758 -0.047538
vn 0.479225 -0.873731 -0.083288
v -0.077024 -0.075691 -0.075069
vn 0.745475 -0.641520 -0.180885
v -0.067898 -0.062165 -0.095695
vn -0.369844 -0.929087 0.003650
v -0.111112 -0.079462 -0.040879
vn -0.270861 -0.960139 0.069055
v -0.113789 -0.079411 -0.062600
vn -0.553126 -0.825092 0.115216
v -0.131393 -0.067494 -0.038079
vn -0.041864 -0.998100 -0.045211
v -0.096081 -0.082688 -0.049588
vn -0.957201 0.208940 -0.200273
v -0.155412 0.022276 -0.038629
vn -0.833373 0.468600 -0.293092
v -0.146101 0.042729 -0.043106
vn -0.811289 0.447562 -0.376163
v -0.143532 0.030878 -0.064268
vn -0.651395 0.644659 -0.400124
v -0.132538 0.045257 -0.066346
vn -0.930807 0.179735 -0.318267
v -0.150170 0.013719 -0.059702
vn -0.837707 0.345989 -0.422538
v -0.139355 0.018684 -0.082856
vn -0.680587 0.551981 -0.481786
v -0.129232 0.033484 -0.086229
vn -0.754909 -0.646396 0.110837
v -0.130139 -0.066010 0.013646
vn -0.883758 -0.454114 0.112923
v -0.139424 -0.052414 0.012526
vn -0.971769 -0.234473 0.026207
v -0.148069 -0.045741 -0.046604
vn -0.973252 -0.207386 0.098849
v -0.152320 -0.010214 0.006043
vn -0.993084 -0.111544 -0.036626
v -0.157947 0.002114 -0.021674
vn -0.976615 -0.039810 -0.211280
v -0.151799 -0.001821 -0.055895
vn -0.685985 0.580496 -0.438690
v -0.116613 0.044110 -0.087606
vn -0.843715 0.361252 -0.397042
v -0.106285 0.051245 -0.095833
vn -0.702693 0.506636 -0.499542
v -0.123340 0.018432 -0.108326
vn -0.646268 0.711268 -0.276471
v -0.121474 0.060814 -0.045973
vn -0.895223 0.373223 -0.243477
v -0.112868 0.073557 -0.049343
vn -0.692356 0.626256 -0.358394
v -0.118651 0.054355 -0.067802
vn -0.896548 0.340160 -0.283712
v -0.109725 0.066691 -0.069795
vn -0.912903 0.304237 -0.272118
v -0.116977 0.078307 -0.028155
vn -0.715455 0.628335 -0.305482
v -0.124645 0.064337 -0.024781
vn -0.786570 0.601195 -0.140966
v -0.139228 0.064678 -0.000959
vn -0.607525 0.737489 -0.294997
v -0.134920 0.054158 -0.043613
vn -0.927499 0.368935 0.060266
v -0.153385 0.040179 0.000386
vn -0.914310 0.395089 -0.089119
v -0.153837 0.038625 -0.016393
vn -0.989228 0.144578 0.022899
v -0.157960 0.024220 -0.007976
vn -0.982389 -0.052491 0.179324
v -0.156758 0.014209 0.008397
vn -0.819385 -0.563503 0.105227
v -0.141558 -0.057320 -0.032238
vn -0.923969 -0.368243 0.103337
v -0.145509 -0.041167 -0.001495
vn -0.959240 -0.278393 -0.048543
v -0.145686 -0.055537 -0.066427
vn -0.988735 -0.104540 -0.107118
v -0.148607 -0.027229 -0.055579
vn -0.734072 -0.679054 0.004967
v -0.138058 -0.068720 -0.075629
vn -0.840291 0.395894 -0.370377
v -0.130694 -0.001488 -0.113837
vn -0.916783 0.212406 -0.338218
v -0.137244 -0.009754 -0.104226
vn 0.019472 -0.993598 0.111281
v -0.093308 -0.083143 -0.083009
vn -0.578442 -0.815295 0.026433
v -0.118877 -0.075914 0.009319
vn -0.728510 -0.681866 0.065819
v -0.135821 -0.061817 -0.018605
vn -0.442113 -0.895307 0.054425
v -0.127475 -0.076562 -0.078893
vn 0.640927 0.095636 -0.761621
v -0.062551 0.034351 -0.133262
vn 0.313512 0.209419 -0.926204
v -0.065526 0.058469 -0.130261
vn -0.018871 0.367889 -0.929678
v -0.072171 0.078200 -0.125162
vn -0.970870 -0.042524 -0.235803
v -0.141517 -0.045062 -0.102396
vn -0.966658 0.049116 -0.251318
v -0.141843 -0.019969 -0.094202
vn -0.818277 0.542337 -0.190510
v -0.147096 0.049260 -0.020809
vn 0.477697 -0.784980 0.394477
v -0.086877 -0.093500 -0.135527
vn -0.080250 -0.606937 0.790688
v -0.105134 -0.100495 -0.143297
vn -0.387755 -0.826826 0.407438
v -0.105773 -0.088039 -0.132101
vn 0.907598 0.203134 -0.367427
v -0.074047 -0.009261 -0.164697
vn 0.950512 0.095915 -0.295512
v -0.069045 -0.023861 -0.155914
vn 0.956659 0.104392 -0.271855
v -0.070494 -0.041411 -0.174195
vn -0.797041 0.308560 -0.519149
v -0.118474 -0.043602 -0.190236
vn -0.595476 -0.563076 0.573022
v -0.113731 -0.082747 -0.135007
vn -0.882078 -0.237645 0.406771
v -0.121581 -0.073097 -0.141368
vn 0.986745 -0.032928 -0.158901
v -0.067090 -0.039881 -0.149741
vn 0.984821 -0.168067 0.043371
v -0.069266 -0.061837 -0.147338
vn 0.989165 -0.010904 -0.146404
v -0.070680 -0.080874 -0.174449
vn 0.912618 -0.400268 0.083147
v -0.074445 -0.078410 -0.140301
vn -0.364209 0.769456 -0.524680
v -0.098072 0.009564 -0.173090
vn 0.330318 0.773368 -0.541103
v -0.085510 0.006133 -0.176771
vn -0.434498 0.513145 -0.740199
v -0.097949 -0.009999 -0.190981
vn 0.036146 0.606045 -0.794609
v -0.091416 -0.008913 -0.193481
vn 0.784895 0.347101 -0.513285
v -0.083331 -0.011432 -0.190177
vn -0.719380 0.493361 -0.488965
v -0.112108 -0.004080 -0.171280
vn -0.710794 0.391755 -0.584210
v -0.109142 -0.018929 -0.185712
vn -0.997333 -0.048861 -0.054219
v -0.126954 -0.049425 -0.152078
vn -0.963627 0.114885 -0.241298
v -0.124369 -0.043132 -0.176736
vn -0.979298 0.021207 0.201308
v -0.127065 -0.080042 -0.157838
vn -0.961999 -0.268622 -0.048997
v -0.125066 -0.058688 -0.142138
vn -0.886971 -0.411905 -0.208848
v -0.140484 -0.059759 -0.098170
vn -0.540237 -0.833234 -0.117749
v -0.126062 -0.076277 -0.099299
vn -0.610257 -0.789588 0.064319
v -0.112867 -0.080989 -0.118526
vn -0.207866 -0.976331 0.059750
v -0.102189 -0.085098 -0.097046
vn 0.365722 -0.923673 0.114349
v -0.083963 -0.081144 -0.088545
vn 0.093468 -0.977841 0.187323
v -0.086650 -0.088140 -0.108095
vn 0.675605 -0.725039 0.133705
v -0.079549 -0.084078 -0.112739
vn 0.871929 -0.486518 0.055142
v -0.073782 -0.078013 -0.121061
vn 0.840729 -0.428494 -0.331008
v -0.063628 -0.042347 -0.116825
vn 0.963972 -0.265994 -0.002121
v -0.069014 -0.067958 -0.127844
vn 0.927081 -0.176716 -0.330594
v -0.062362 -0.025490 -0.129195
vn 0.980536 -0.156466 -0.118610
v -0.065138 -0.048050 -0.136674
vn 0.901506 -0.011560 -0.432613
v -0.063293 -0.010526 -0.136506
vn 0.632833 0.190433 -0.750505
v -0.066943 0.022524 -0.137680
vn 0.420107 0.368949 -0.829088
v -0.075941 0.043680 -0.136665
vn 0.845280 0.237688 -0.478547
v -0.071796 0.010517 -0.152051
vn -0.463775 0.342812 -0.816941
v -0.084041 0.067855 -0.132025
vn 0.623153 0.509030 -0.593775
v -0.078639 0.007822 -0.163654
vn -0.258516 0.458208 -0.850420
v -0.082267 0.039522 -0.138863
vn -0.063216 0.782218 -0.619789
v -0.084801 0.013826 -0.161159
vn -0.738887 0.260524 -0.621429
v -0.091178 0.051103 -0.128832
vn -0.600855 0.488535 -0.632698
v -0.090606 0.032292 -0.136929
vn -0.421989 0.797735 -0.430749
v -0.093248 0.018331 -0.150236
vn -0.757042 0.426196 -0.495221
v -0.099497 0.033235 -0.124796
vn -0.709316 0.582705 -0.396644
v -0.121798 0.007679 -0.120499
vn -0.711879 0.643570 -0.281151
v -0.113961 0.003553 -0.155444
vn -0.865314 0.346853 -0.361835
v -0.121169 -0.015197 -0.164175
vn -0.950489 0.174391 -0.257214
v -0.129820 -0.018893 -0.135644
vn -0.981704 -0.067845 -0.177918
v -0.129721 -0.035556 -0.141692
vn 0.442089 0.426627 -0.789016
v -0.086742 -0.037298 -0.208032
vn -0.101926 0.478174 -0.872331
v -0.092724 -0.037354 -0.210015
vn 0.867962 -0.308947 0.388836
v -0.074486 -0.095296 -0.156547
vn 0.992696 -0.078281 0.091795
v -0.071564 -0.096912 -0.169145
vn 0.994787 -0.075134 0.068954
v -0.069511 -0.152718 -0.204953
vn 0.985040 0.148242 -0.087869
v -0.077269 -0.099153 -0.216361
vn 0.944769 0.180643 -0.273458
v -0.082041 -0.069906 -0.214608
vn 0.926083 0.259080 -0.274314
v -0.080276 -0.090378 -0.227659
vn 0.476593 0.424872 -0.769638
v -0.088594 -0.059387 -0.220117
vn 0.993999 -0.103924 0.034150
v -0.072564 -0.181178 -0.227978
vn 0.819101 -0.398484 0.412655
v -0.075528 -0.171027 -0.204981
vn -0.522564 0.406512 -0.749450
v -0.103161 -0.047504 -0.208833
vn -0.184479 0.475861 -0.859956
v -0.092720 -0.075755 -0.229606
vn -0.420568 0.403681 -0.812505
v -0.096278 -0.109168 -0.245277
vn 0.227558 -0.571244 0.788605
v -0.089648 -0.123304 -0.159988
vn 0.284787 -0.620268 0.730865
v -0.086288 -0.180156 -0.205145
vn 0.731253 -0.395307 0.555879
v -0.074573 -0.143862 -0.183041
vn 0.901239 0.155946 -0.404288
v -0.081589 -0.050872 -0.204055
vn 0.431745 -0.555305 0.710797
v -0.085110 -0.105880 -0.149917
vn -0.892770 0.190927 -0.408055
v -0.122305 -0.070115 -0.196082
vn -0.665676 0.334025 -0.667310
v -0.107581 -0.102653 -0.234091
vn -0.625828 0.343950 -0.700026
v -0.108882 -0.123355 -0.242208
vn -0.849662 0.218643 -0.479865
v -0.116406 -0.112952 -0.227600
vn -0.651722 -0.368729 0.662795
v -0.125435 -0.118231 -0.160346
vn -0.926730 -0.179518 0.330067
v -0.129935 -0.112420 -0.163655
vn -0.149324 -0.559183 0.815485
v -0.111399 -0.127910 -0.158803
vn -0.995570 -0.046386 -0.081782
v -0.131056 -0.116219 -0.181465
vn -0.915263 -0.341875 0.213107
v -0.125394 -0.141269 -0.181610
vn 0.987586 0.090107 -0.128664
v -0.072919 -0.109851 -0.187007
vn -0.005648 -0.633191 0.773975
v -0.095775 -0.213088 -0.231517
vn -0.576330 -0.567615 0.587926
v -0.120293 -0.143514 -0.175446
vn -0.338913 -0.650706 0.679499
v -0.108551 -0.184170 -0.210526
vn 0.995446 0.083279 -0.046388
v -0.072804 -0.143767 -0.249302
vn 0.995845 0.062789 -0.065964
v -0.073317 -0.137790 -0.223874
vn -0.974362 -0.224403 -0.016198
v -0.117704 -0.172271 -0.216034
vn -0.840964 -0.447854 0.303656
v -0.114919 -0.180909 -0.214619
vn -0.979925 -0.196537 -0.033483
v -0.127629 -0.135546 -0.188674
vn 0.552686 0.448021 -0.702720
v -0.079903 -0.122166 -0.252651
vn -0.037729 0.485577 -0.873379
v -0.082457 -0.152278 -0.271148
vn 0.896929 0.271006 -0.349392
v -0.073824 -0.150643 -0.262543
vn -0.047279 -0.662519 0.747552
v -0.111239 -0.144637 -0.173460
vn -0.996386 0.063264 -0.056685
v -0.126876 -0.073945 -0.168558
vn -0.991958 0.113298 -0.056414
v -0.130835 -0.099205 -0.170937
vn -0.974753 -0.052435 -0.217042
v -0.126360 -0.130317 -0.200703
vn -0.978726 -0.051450 -0.198617
v -0.119114 -0.158573 -0.224989
vn -0.976904 0.058318 -0.205565
v -0.123866 -0.089275 -0.197125
vn -0.962804 0.066924 -0.261781
v -0.121041 -0.120448 -0.213499
vn 0.821045 -0.365544 0.438477
v -0.077542 -0.223001 -0.253498
vn -0.479407 0.480367 -0.734449
v -0.090408 -0.198672 -0.296266
vn 0.172135 0.766140 -0.619192
v -0.077821 -0.215567 -0.316328
vn -0.666411 -0.516694 0.537516
v -0.102024 -0.242321 -0.262111
vn 0.187777 -0.496865 0.847269
v -0.083466 -0.272084 -0.277297
vn 0.990297 -0.044936 0.131499
v -0.072822 -0.213598 -0.268565
vn 0.568429 -0.480225 0.668037
v -0.086263 -0.232977 -0.251756
vn 0.982255 -0.150171 0.112356
v -0.073578 -0.192827 -0.236276
vn 0.943828 0.243334 -0.223555
v -0.071322 -0.198597 -0.290277
vn 0.999933 -0.005857 -0.009981
v -0.073450 -0.159529 -0.238922
vn -0.298158 0.452902 -0.840227
v -0.090697 -0.147266 -0.266886
vn 0.352514 0.532762 -0.769350
v -0.075917 -0.197063 -0.297080
vn -0.979549 -0.197767 0.037044
v -0.106302 -0.229754 -0.264474
vn -0.771475 0.379772 -0.510491
v -0.096066 -0.214577 -0.302753
vn -0.863830 0.177999 -0.471290
v -0.111101 -0.156769 -0.256757
vn -0.908369 0.122878 -0.399709
v -0.102862 -0.206190 -0.286604
vn 0.747490 0.194351 -0.635205
v -0.072710 -0.231061 -0.341977
vn -0.514874 0.104261 -0.850902
v -0.081981 -0.232235 -0.342939
vn 0.412879 0.463834 -0.783830
v -0.068935 -0.270589 -0.338738
vn 0.957568 0.267624 -0.106964
v -0.055690 -0.282671 -0.326938
vn -0.942647 0.245574 -0.226075
v -0.101603 -0.317410 -0.334150
vn 0.154182 -0.444132 0.882595
v -0.078858 -0.318541 -0.298309
vn -0.328597 0.671708 -0.663952
v -0.077460 -0.303647 -0.355503
vn -0.815219 0.234001 -0.529775
v -0.093584 -0.287494 -0.334169
vn -0.619591 -0.302163 0.724434
v -0.099494 -0.325230 -0.309655
vn -0.481487 0.079371 -0.872852
v -0.088855 -0.247211 -0.326682
vn 0.825754 -0.217447 0.520430
v -0.075041 -0.240337 -0.267523
vn -0.939144 -0.265654 0.217799
v -0.101487 -0.270969 -0.292432
vn -0.613369 -0.538678 0.577584
v -0.092837 -0.283035 -0.286675
vn 0.532235 -0.238000 0.812454
v -0.068324 -0.290543 -0.294136
vn 0.931999 0.067639 0.356093
v -0.057929 -0.300191 -0.312615
vn -0.997894 0.047145 -0.044547
v -0.101588 -0.273393 -0.305810
vn -0.896432 0.110370 -0.429219
v -0.094416 -0.237067 -0.318557
vn -0.249011 -0.437688 0.863958
v -0.083358 -0.296841 -0.289355
vn 0.407446 -0.280339 -0.869136
v -0.073179 -0.246029 -0.328572
vn 0.936615 0.151322 -0.315997
v -0.067636 -0.243830 -0.319809
vn -0.978231 -0.007418 -0.207387
v -0.105823 -0.220197 -0.277130
vn 0.905385 0.358248 -0.227896
v -0.069886 -0.220902 -0.313277
vn 0.989662 0.096712 0.105909
v -0.067967 -0.234696 -0.294118
vn -0.436568 0.414341 -0.798580
v -0.091782 -0.319377 -0.382087
vn -0.405276 0.042956 -0.913185
v -0.102159 -0.338956 -0.379608
vn -0.162851 0.160890 -0.973444
v -0.069899 -0.347306 -0.385452
vn -0.311571 -0.455456 -0.833956
v -0.093735 -0.363073 -0.379309
vn -0.176202 -0.741937 -0.646902
v -0.073326 -0.386036 -0.381023
vn 0.404778 0.193440 -0.893720
v -0.057272 -0.334960 -0.379631
vn 0.751620 -0.151855 -0.641878
v -0.057503 -0.358754 -0.384106
vn 0.600404 -0.413180 -0.684688
v -0.046274 -0.353714 -0.387638
vn 0.553551 -0.832815 -0.000029
v -0.053995 -0.363945 -0.359051
vn 0.135046 -0.764197 0.630687
v -0.055687 -0.349391 -0.319016
vn 0.657221 -0.146818 0.739259
v -0.059700 -0.321756 -0.304522
vn 0.974440 0.164544 0.152945
v -0.049952 -0.317026 -0.337408
vn 0.295188 0.672140 -0.679038
v -0.060684 -0.311822 -0.380098
vn 0.908861 -0.074331 0.410421
v -0.048879 -0.337660 -0.319180
vn 0.869614 -0.460823 0.177236
v -0.043432 -0.360110 -0.358158
vn 0.941757 0.293562 -0.164058
v -0.041314 -0.331375 -0.357606
vn 0.744199 0.523387 -0.415010
v -0.054665 -0.304265 -0.355038
vn 0.899549 -0.395443 0.185569
v -0.055498 -0.378765 -0.354740
vn 0.595268 -0.516193 0.615793
v -0.061781 -0.357956 -0.318859
vn 0.017930 -0.448080 0.893813
v -0.067604 -0.328412 -0.303288
vn -0.984634 0.174550 0.005256
v -0.106022 -0.336049 -0.344607
vn -0.941600 -0.291050 0.169349
v -0.109578 -0.363185 -0.353452
vn -0.945631 0.260460 -0.194788
v -0.108954 -0.339563 -0.368995
vn -0.719738 -0.514030 -0.466637
v -0.108092 -0.367745 -0.374859
vn -0.836067 0.479288 -0.266975
v -0.098373 -0.317384 -0.345451
vn -0.447420 -0.650193 0.614056
v -0.094499 -0.348277 -0.322347
vn -0.110666 -0.458018 0.882027
v -0.088489 -0.332549 -0.304551
vn 0.890007 -0.398131 0.222217
v -0.074504 -0.380701 -0.354087
vn -0.146738 -0.860753 0.487414
v -0.074670 -0.371998 -0.367375
vn 0.153943 -0.988067 0.005002
v -0.062539 -0.388005 -0.370986
vn -0.139697 0.028307 -0.989790
v -0.077329 -0.337238 -0.377972
vn -0.530576 -0.559604 0.636657
v -0.071682 -0.357278 -0.319517
vn -0.842569 -0.196752 0.501364
v -0.106773 -0.333048 -0.315302
vn -0.456437 -0.700644 0.548420
v -0.103886 -0.352670 -0.327494
vn -0.457165 -0.824390 0.333737
v -0.081132 -0.379918 -0.345141
vn -0.095201 -0.959638 0.264635
v -0.100961 -0.369788 -0.351315
vn -0.611965 -0.788358 0.063175
v -0.091378 -0.374875 -0.366065
vn -0.033808 -0.847689 0.529415
v -0.092902 -0.355095 -0.347874
vn 0.113105 -0.595299 0.795503
v -0.077064 -0.346784 -0.322244
vn 0.366621 -0.587749 0.721207
v -0.079381 -0.359998 -0.318144
vn 0.710973 -0.496875 0.497627
v -0.059760 -0.352532 -0.344142
vn -0.413905 -0.822554 0.389984
v -0.065866 -0.381805 -0.352986
vn 0.307732 0.744438 0.592548
v 0.022001 0.652765 0.192577
vn 0.219673 0.738891 0.637012
v 0.037619 0.640336 0.205098
vn 0.186214 0.746701 0.638562
v 0.048667 0.642192 0.198510
vn 0.387598 0.297425 0.872528
v 0.050093 0.588111 0.230903
vn 0.431741 0.015291 0.901868
v 0.015666 0.588569 0.251400
vn 0.971167 0.177853 0.158756
v 0.031683 0.629265 0.231672
vn 0.019875 0.047369 0.998680
v 0.004217 0.607900 0.255684
vn 0.423771 0.117351 0.898135
v 0.013578 0.618314 0.252038
vn 0.701005 0.134680 0.700324
v 0.024086 0.615845 0.244159
vn 0.760313 0.623064 0.183619
v 0.028642 0.632044 0.216706
vn 0.542362 0.135635 0.829124
v 0.034602 0.580691 0.241028
vn 0.653220 0.284048 0.701869
v 0.035548 0.599155 0.236011
vn 0.562786 0.475865 0.675888
v 0.037462 0.616148 0.223131
vn -0.438783 0.321166 0.839239
v -0.060938 0.594162 0.222160
vn -0.719515 0.658976 0.219200
v -0.023138 0.629945 0.216848
vn -0.843134 0.211781 -0.494241
v -0.019239 0.635694 0.218146
vn -0.480766 0.404119 0.778172
v -0.030162 0.602893 0.230643
vn -0.692953 0.421123 0.585211
v -0.028939 0.617267 0.222499
vn -0.712525 0.154170 0.684500
v -0.015652 0.615848 0.244159
vn -0.413647 0.137658 0.899970
v -0.005144 0.618315 0.252038
vn -0.655867 0.743094 -0.132854
v -0.008326 0.640545 0.209808
vn -0.218933 0.726695 0.651139
v -0.029348 0.640362 0.205013
vn -0.538881 0.129991 0.832292
v -0.028182 0.583110 0.239352
vn -0.407534 0.004653 0.913178
v -0.007066 0.599192 0.252446
vn 0.540853 0.783112 -0.306942
v 0.108960 1.002356 0.288764
vn 0.919543 -0.250089 -0.303143
v 0.108360 0.975892 0.277095
vn -0.481706 0.192771 0.854868
v 0.102527 0.994582 0.294300
vn -0.740451 -0.356505 0.569768
v -0.133385 0.468273 0.110881
vn -0.905710 0.104085 -0.410920
v -0.110886 0.528190 0.002807
vn 0.242780 0.315799 -0.917240
v -0.042700 0.572824 0.000109
vn 0.146936 0.156092 -0.976752
v -0.049614 0.543331 -0.009152
vn 0.414978 0.186431 -0.890526
v -0.039252 0.550257 -0.004999
vn 0.234673 0.064672 -0.969921
v -0.042212 0.526359 -0.009249
vn 0.584038 0.115416 -0.803479
v -0.030902 0.529461 -0.004242
vn 0.066003 0.618276 -0.783185
v -0.044778 0.623249 0.028345
vn 0.181137 0.436960 -0.881054
v -0.043054 0.597140 0.011032
vn -0.744511 0.175427 -0.644149
v -0.105886 0.546952 -0.001891
vn -0.574939 0.391213 -0.718608
v -0.100179 0.583703 0.006166
vn -0.853776 0.228415 -0.467861
v -0.107475 0.575212 0.009941
vn -0.752214 0.462583 -0.469245
v -0.103003 0.611588 0.029321
vn -0.557462 0.094307 -0.824829
v -0.104040 0.505316 -0.010750
vn -0.772832 0.063954 -0.631380
v -0.114200 0.468830 -0.006957
vn 0.527002 0.267463 0.806680
v -0.074193 0.416208 0.102127
vn 0.117441 -0.193208 0.974104
v -0.072241 0.404405 0.096978
vn 0.267912 -0.272571 0.924082
v -0.063909 0.395528 0.093382
vn 0.522262 0.552675 0.649456
v -0.064913 0.424121 0.081366
vn 0.453479 0.317581 0.832766
v -0.063572 0.407922 0.094995
vn -0.911190 0.333097 -0.242443
v -0.112408 0.603037 0.046261
vn -0.885416 0.446435 -0.129365
v -0.108616 0.622931 0.071810
vn -0.867931 0.496521 0.012787
v -0.104226 0.636196 0.108852
vn -0.745223 0.483427 0.459284
v -0.089063 0.635038 0.175591
vn -0.191493 0.929016 -0.316637
v -0.065276 0.663539 0.087039
vn -0.116542 0.988139 -0.099999
v -0.053087 0.670763 0.111321
vn -0.169883 0.956442 0.237397
v -0.062901 0.667169 0.145617
vn -0.049429 0.927295 -0.371054
v -0.043195 0.662658 0.078003
vn -0.089679 0.985540 0.143768
v -0.039100 0.671443 0.128446
vn -0.924718 0.236260 -0.298458
v -0.113830 0.582416 0.030520
vn -0.045030 0.032276 -0.998464
v -0.091929 0.511523 -0.013828
vn -0.400320 0.221692 -0.889155
v -0.096866 0.553300 -0.007995
vn -0.363773 -0.522985 0.770815
v -0.110209 0.436101 0.105722
vn -0.652729 0.487042 0.580288
v -0.026695 0.473077 0.037967
vn -0.233062 0.586071 0.776017
v -0.032837 0.439846 0.063625
vn -0.088361 0.400872 0.911863
v -0.021074 0.495841 0.026569
vn 0.428279 0.427891 0.795919
v -0.027105 0.453476 0.055429
vn 0.095690 0.412594 0.905875
v -0.021206 0.475918 0.038819
vn -0.020488 0.223460 -0.974498
v -0.082893 0.555253 -0.010147
vn -0.672139 0.663145 -0.329345
v -0.097925 0.636381 0.057507
vn -0.063060 0.812780 -0.579148
v -0.058022 0.647098 0.053486
vn -0.050728 0.664995 -0.745123
v -0.074139 0.619674 0.023578
vn -0.622158 0.684343 0.380255
v -0.082935 0.649613 0.167219
vn -0.983275 -0.159551 0.087824
v -0.135746 0.493633 0.119612
vn -0.208265 0.461273 -0.862469
v -0.090162 0.587398 0.002896
vn -0.360222 0.651910 -0.667273
v -0.089256 0.618552 0.024891
vn 0.141229 -0.164230 -0.976260
v -0.070430 0.475212 -0.006996
vn -0.427309 0.868065 -0.252726
v -0.079568 0.660010 0.089601
vn -0.719661 0.688747 -0.087842
v -0.093270 0.651742 0.094178
vn -0.624856 0.771525 0.119595
v -0.085460 0.660347 0.127727
vn -0.795176 0.583525 0.164905
v -0.093257 0.650249 0.136493
vn -0.260361 0.822811 -0.505168
v -0.081058 0.644482 0.054489
vn 0.046526 0.461254 -0.886047
v -0.072636 0.588848 0.002823
vn 0.095430 0.264668 -0.959606
v -0.063241 0.558906 -0.007421
vn -0.843804 0.476174 0.247496
v -0.100354 0.633782 0.149053
vn -0.796946 0.338556 0.500257
v -0.094064 0.616418 0.183158
vn -0.945587 0.147338 -0.290096
v -0.118024 0.560213 0.032751
vn -0.352140 -0.459045 0.815644
v -0.102582 0.392565 0.087935
vn -0.245507 -0.454444 0.856275
v -0.105790 0.408430 0.093900
vn -0.712590 -0.525676 0.464630
v -0.114396 0.398668 0.081218
vn -0.675625 -0.499078 0.542635
v -0.116102 0.409982 0.092514
vn -0.934170 -0.349489 0.072002
v -0.120090 0.405143 0.067042
vn -0.889512 -0.397501 0.225304
v -0.123306 0.417193 0.081715
vn -0.884678 -0.366204 0.288513
v -0.126975 0.432498 0.097079
vn -0.991775 -0.099704 -0.080254
v -0.129105 0.442147 0.084221
vn -0.595473 0.029344 -0.802839
v -0.114575 0.434742 -0.007813
vn 0.010568 -0.251280 0.967857
v -0.083814 0.416722 0.101099
vn 0.068880 0.023584 -0.997346
v -0.066480 0.531895 -0.010343
vn 0.265368 -0.043688 -0.963157
v -0.039947 0.507946 -0.009126
vn 0.261936 0.457698 0.849648
v -0.053747 0.453004 0.054558
vn 0.325713 0.384492 0.863758
v -0.049796 0.467415 0.045946
vn -0.684287 0.688714 0.239633
v -0.036403 0.503074 0.024753
vn -0.474486 -0.435128 0.765197
v -0.118852 0.425273 0.098121
vn -0.977344 -0.204603 -0.054190
v -0.125471 0.425966 0.068816
vn -0.412216 0.844242 0.342540
v -0.073882 0.660785 0.156114
vn -0.374176 0.927234 -0.015165
v -0.074771 0.666942 0.121790
vn 0.369048 0.520713 0.769845
v -0.056247 0.438212 0.064075
vn 0.248583 0.532651 0.809005
v -0.047960 0.438271 0.059531
vn 0.437920 0.551772 0.709770
v -0.055928 0.421577 0.074025
vn -0.035044 0.626806 0.778387
v -0.048555 0.419593 0.074870
vn 0.441824 0.187382 0.877314
v -0.055716 0.403736 0.089340
vn 0.273355 0.452920 0.848611
v -0.039113 0.461541 0.043277
vn 0.129140 0.474736 0.870602
v -0.031599 0.474532 0.034608
vn -0.245417 0.630341 0.736506
v -0.039930 0.443175 0.055219
vn -0.148226 0.174511 0.973435
v -0.021930 0.538963 0.011153
vn -0.487580 0.339786 0.804246
v -0.019534 0.517922 0.015471
vn -0.168010 0.435775 0.884236
v -0.025014 0.493229 0.025141
vn -0.210204 0.608103 0.765523
v -0.033267 0.454101 0.048572
vn 0.329238 -0.197810 -0.923295
v -0.036544 0.487747 -0.005518
vn 0.769684 0.033169 -0.637563
v -0.022885 0.515000 0.000602
vn 0.923153 -0.061887 -0.379418
v -0.016140 0.498782 0.014841
vn 0.912820 0.013411 0.408141
v -0.018949 0.470829 0.042690
vn 0.978284 -0.173673 -0.113129
v -0.017128 0.486402 0.025643
vn 0.936488 -0.014286 0.350408
v -0.023725 0.453266 0.048759
vn 0.981206 -0.190810 -0.028739
v -0.025787 0.441026 0.036507
vn 0.964783 -0.223831 -0.138177
v -0.021791 0.469158 0.029653
vn 0.879059 0.063093 0.472519
v -0.028138 0.439369 0.061735
vn 0.966228 -0.238791 0.096867
v -0.029606 0.423231 0.047064
vn -0.875413 0.266991 0.402950
v -0.110053 0.600563 0.163858
vn -0.990100 -0.036736 -0.135473
v -0.124887 0.462410 0.037205
vn -0.975893 -0.000621 -0.218247
v -0.122425 0.472771 0.024939
vn -0.977001 0.045897 -0.208239
v -0.127695 0.519895 0.053777
vn -0.977542 0.100476 -0.185245
v -0.126843 0.556172 0.062109
vn -0.941147 0.262821 -0.212527
v -0.118440 0.589696 0.052627
vn -0.985242 0.157443 -0.067153
v -0.133387 0.540429 0.116871
vn -0.991097 0.113863 -0.069012
v -0.129050 0.551257 0.091675
vn -0.943377 0.327058 -0.055440
v -0.121549 0.599722 0.094460
vn -0.919887 0.370449 0.128746
v -0.116490 0.612180 0.124099
vn -0.943751 0.245473 0.221533
v -0.122057 0.586991 0.142988
vn -0.970517 0.239125 0.030268
v -0.129890 0.556833 0.126204
vn -0.980180 0.197949 0.008009
v -0.125861 0.578724 0.106440
vn -0.859484 0.404637 0.312339
v -0.104910 0.620947 0.156315
vn -0.992660 0.048736 -0.110680
v -0.130230 0.529811 0.079943
vn -0.992365 0.030612 -0.119474
v -0.134992 0.515120 0.103422
vn -0.991406 -0.025626 -0.128290
v -0.127778 0.485844 0.065148
vn -0.981696 0.169164 -0.087503
v -0.126285 0.573188 0.074254
vn -0.961503 0.136589 0.238444
v -0.131895 0.550897 0.131560
vn -0.976716 0.019274 0.213667
v -0.136722 0.515605 0.127116
vn -0.099369 -0.077848 -0.992001
v -0.101947 0.472880 -0.012991
vn -0.291997 -0.813140 0.503529
v -0.078170 0.340440 0.044940
vn -0.213735 -0.662421 0.717994
v -0.077823 0.367107 0.080454
vn 0.071530 -0.762366 0.643180
v -0.069296 0.357336 0.070692
vn 0.499728 -0.672038 0.546477
v -0.061016 0.361992 0.072467
vn -0.244555 -0.503569 0.828620
v -0.089475 0.377922 0.083601
vn -0.627398 -0.609005 0.485268
v -0.103345 0.381178 0.077481
vn -0.958120 -0.284756 -0.030331
v -0.110400 0.377478 0.028991
vn -0.864807 -0.474839 0.163209
v -0.108334 0.375227 0.049203
vn 0.708455 -0.045261 -0.704303
v -0.038570 0.416065 0.002802
vn 0.804113 -0.119474 -0.582347
v -0.032199 0.433699 0.008154
vn 0.956740 -0.225619 -0.183697
v -0.026023 0.460575 0.013427
vn 0.850609 -0.307443 0.426547
v -0.048825 0.394920 0.082294
vn 0.899674 -0.386927 0.202175
v -0.049817 0.372591 0.054399
vn 0.916698 -0.342082 0.206504
v -0.035596 0.405189 0.055773
vn 0.283149 -0.110392 -0.952702
v -0.053615 0.463378 0.000190
vn 0.240324 0.235711 0.941639
v -0.049021 0.402477 0.092882
vn 0.014099 0.564768 0.825129
v -0.040707 0.423217 0.076030
vn 0.488677 0.277295 0.827225
v -0.038720 0.416100 0.081553
vn -0.976922 0.160737 0.140668
v -0.111180 0.421816 -0.011912
vn -0.983358 -0.124299 -0.132503
v -0.123362 0.431924 0.045716
vn -0.972093 -0.203566 -0.116606
v -0.117240 0.401618 0.038933
vn -0.975238 -0.045809 -0.216363
v -0.112949 0.416473 -0.011579
vn -0.511524 -0.681511 0.523342
v -0.091312 0.368718 0.073180
vn -0.765746 -0.576089 0.285929
v -0.098334 0.358045 0.043728
vn 0.173758 -0.469505 0.865664
v -0.061833 0.374674 0.085102
vn 0.940287 -0.338759 0.033216
v -0.038424 0.392167 0.041567
vn 0.938848 -0.327458 0.106466
v -0.047667 0.369591 0.028638
vn 0.960323 -0.270281 -0.068763
v -0.033601 0.406894 0.029938
vn 0.945676 -0.203475 -0.253563
v -0.034761 0.413091 0.012174
vn 0.750373 -0.180014 -0.636031
v -0.026165 0.468717 0.005861
vn 0.763691 -0.451435 0.461500
v -0.055435 0.376706 0.080846
vn 0.137709 -0.129175 0.982013
v -0.055541 0.391480 0.090321
vn 0.195528 -0.864846 0.462396
v -0.068983 0.336814 0.040996
vn -0.786388 -0.611526 0.087351
v -0.094075 0.337253 0.012678
vn -0.903311 -0.426203 0.048788
v -0.100985 0.349615 0.009833
vn -0.957786 -0.271336 -0.094985
v -0.103941 0.359594 -0.005135
vn -0.571923 -0.735850 0.362530
v -0.088126 0.339238 0.032852
vn 0.757030 -0.578575 0.303571
v -0.059089 0.342142 0.039038
vn -0.962878 -0.147276 -0.226221
v -0.106150 0.387050 -0.013089
vn -0.818697 0.089795 -0.567161
v -0.107304 0.457987 -0.010975
vn -0.980074 -0.154504 -0.124832
v -0.108902 0.380069 0.009437
vn -0.432802 0.185493 0.882199
v -0.094721 0.491306 -0.012062
vn -0.105683 -0.046456 -0.993314
v -0.099271 0.452000 -0.007860
vn 0.384606 -0.051410 -0.921648
v -0.038234 0.448023 0.004077
vn -0.555436 -0.357677 -0.750705
v -0.087729 0.379716 -0.067824
vn -0.583083 -0.173376 -0.793697
v -0.087731 0.406226 -0.075151
vn -0.415749 -0.001305 -0.909478
v -0.088187 0.433579 -0.078067
vn -0.300221 -0.402328 -0.864870
v -0.078628 0.368981 -0.067961
vn -0.184432 -0.208098 -0.960562
v -0.079305 0.398173 -0.078178
vn 0.314273 -0.445735 -0.838185
v -0.066720 0.366554 -0.066528
vn 0.358815 -0.183791 -0.915135
v -0.068032 0.396711 -0.077486
vn -0.775334 -0.044360 -0.629992
v -0.096973 0.428672 -0.068168
vn -0.895666 -0.106223 -0.431855
v -0.105611 0.412091 -0.053369
vn -0.771762 -0.198818 -0.604032
v -0.097514 0.395680 -0.062914
vn -0.997961 -0.063549 -0.005886
v -0.112241 0.433704 -0.017122
vn -0.982613 -0.088604 -0.163157
v -0.109283 0.419566 -0.042946
vn 0.768547 0.263801 0.582876
v -0.067737 0.480604 -0.007760
vn 0.860777 0.160520 -0.483008
v -0.064509 0.460827 -0.006506
vn 0.966875 -0.159877 -0.198980
v -0.051400 0.359403 -0.038584
vn 0.836368 -0.368408 -0.405911
v -0.055214 0.353539 -0.046811
vn 0.991150 0.002143 -0.132726
v -0.050859 0.376815 -0.043049
vn 0.945868 -0.088305 -0.312309
v -0.053614 0.380285 -0.057828
vn 0.783650 -0.192171 -0.590730
v -0.056924 0.377512 -0.063828
vn -0.217659 -0.808403 -0.546909
v -0.075182 0.337938 -0.042179
vn -0.188479 -0.630897 -0.752625
v -0.075661 0.348505 -0.054645
vn 0.469027 -0.678058 -0.565908
v -0.061553 0.345975 -0.047630
vn -0.936006 -0.010284 -0.351835
v -0.107101 0.450774 -0.051461
vn -0.966490 -0.209241 -0.148713
v -0.102164 0.368409 -0.032411
vn -0.927391 -0.223695 -0.299845
v -0.103709 0.389553 -0.048201
vn 0.737307 0.186056 -0.649432
v -0.055963 0.415040 -0.005606
vn 0.835489 -0.064441 -0.545716
v -0.043342 0.395878 -0.000588
vn 0.952031 0.166911 -0.256470
v -0.050746 0.399041 -0.013100
vn -0.999382 -0.000223 0.035143
v -0.113876 0.452707 -0.016173
vn -0.875063 0.119340 0.469066
v -0.111794 0.471947 -0.014523
vn 0.979091 -0.199670 -0.038892
v -0.046456 0.372460 0.011717
vn 0.970557 -0.233206 0.060277
v -0.048773 0.361857 0.019746
vn 0.993408 -0.073340 -0.088103
v -0.047730 0.366357 -0.015257
vn 0.991712 0.091166 -0.090532
v -0.053348 0.400881 -0.043366
vn 0.980451 0.196763 0.000302
v -0.056099 0.413787 -0.028833
vn -0.437763 0.322089 0.839418
v -0.102934 0.488642 -0.014409
vn -0.876434 -0.461198 -0.138420
v -0.097667 0.346239 -0.013570
vn 0.834950 -0.517733 0.186578
v -0.057200 0.336963 0.022847
vn 0.789320 -0.613978 -0.002361
v -0.054319 0.336134 -0.001391
vn -0.610774 -0.487472 -0.623961
v -0.087766 0.361569 -0.057435
vn -0.824415 -0.326132 -0.462576
v -0.096610 0.371362 -0.053037
vn -0.174345 -0.948955 0.262846
v -0.076675 0.326547 0.014804
vn -0.482774 -0.870742 0.093479
v -0.085875 0.329587 0.011553
vn 0.105675 -0.992164 -0.066664
v -0.069499 0.325426 -0.008488
vn 0.424251 -0.880598 0.211089
v -0.066800 0.328336 0.017475
vn -0.544784 -0.804739 -0.235808
v -0.084823 0.330870 -0.018856
vn 0.988100 0.145354 0.050310
v -0.067244 0.495206 -0.028099
vn 0.984895 0.135714 -0.107531
v -0.058682 0.454756 -0.058110
vn 0.901339 0.216569 -0.375083
v -0.063744 0.480588 -0.061616
vn 0.678339 0.088842 -0.729358
v -0.062901 0.435804 -0.075623
vn 0.966919 0.077237 -0.243111
v -0.058935 0.439369 -0.066175
vn 0.166805 0.014152 -0.985888
v -0.073756 0.426846 -0.080634
vn 0.079419 0.144056 -0.986377
v -0.077768 0.448193 -0.078110
vn -0.408865 0.086788 -0.908459
v -0.089113 0.455285 -0.075771
vn -0.791545 0.015298 0.610919
v -0.095781 0.560916 -0.016979
vn 0.500668 0.276589 0.820262
v -0.075979 0.504850 -0.012282
vn -0.872120 -0.018213 -0.488953
v -0.103697 0.479267 -0.061611
vn -0.876617 0.226460 0.424568
v -0.110001 0.503620 -0.030545
vn -0.731534 -0.003234 -0.681797
v -0.097064 0.462433 -0.070172
vn -0.848775 0.045483 0.526794
v -0.103472 0.577001 -0.035204
vn -0.411519 0.403214 0.817356
v -0.097503 0.584767 -0.022881
vn 0.877261 0.248887 0.410448
v -0.076164 0.560163 -0.045398
vn -0.903738 0.002278 0.428081
v -0.114309 0.555977 -0.045556
vn 0.960180 0.171897 0.220238
v -0.070939 0.536805 -0.043431
vn 0.816981 0.259083 0.515187
v -0.088929 0.586115 -0.028621
vn 0.722166 -0.034883 -0.690840
v -0.059653 0.406012 -0.072666
vn 0.953936 0.046057 -0.296455
v -0.057597 0.416263 -0.066978
vn 0.992494 0.115888 0.039049
v -0.057209 0.441748 -0.049197
vn 0.953045 -0.221155 -0.206869
v -0.044869 0.382842 0.006528
vn 0.990740 0.065334 -0.119020
v -0.047894 0.381443 -0.019007
vn 0.411173 0.225328 0.883269
v -0.091524 0.563266 -0.014495
vn -0.642974 -0.303744 -0.703082
v -0.102040 0.510269 -0.068601
vn 0.226911 0.100278 -0.968739
v -0.080188 0.493836 -0.070370
vn -0.773602 0.084417 0.628024
v -0.109599 0.535956 -0.040173
vn -0.982208 -0.168944 0.082005
v -0.112522 0.527862 -0.049380
vn 0.925054 0.030910 -0.378577
v -0.070605 0.518465 -0.063291
vn 0.823034 0.203632 0.530235
v -0.088040 0.548837 -0.026436
vn -0.466377 0.046645 -0.883355
v -0.095802 0.480105 -0.069549
vn -0.989651 -0.006764 -0.143338
v -0.109798 0.487215 -0.034414
vn -0.867994 0.022953 0.496045
v -0.094854 0.537743 -0.029553
vn 0.153264 0.128494 0.979796
v -0.087525 0.514492 -0.011452
vn 0.743128 0.202196 -0.637869
v -0.063716 0.465545 -0.071063
vn 0.967613 -0.232685 -0.097888
v -0.050209 0.349664 -0.017766
vn 0.787235 -0.572702 -0.228632
v -0.055251 0.338492 -0.021733
vn 0.328149 -0.891490 -0.312353
v -0.066557 0.330035 -0.025176
vn -0.667029 -0.598245 -0.444045
v -0.087859 0.344137 -0.039052
vn -0.854647 -0.432913 -0.286645
v -0.096330 0.352399 -0.032173
vn 0.856334 0.461807 -0.231141
v -0.068576 0.442266 -0.196265
vn -0.834991 0.511008 -0.204109
v -0.109241 0.436355 -0.190993
vn 0.174814 -0.634873 0.752579
v -0.079853 0.410496 -0.156962
vn 0.236055 -0.566629 0.789436
v -0.089273 0.414287 -0.151665
vn -0.864072 -0.120046 0.488844
v -0.112374 0.447756 -0.153323
vn -0.861275 0.399898 -0.313506
v -0.106901 0.588544 -0.069758
vn -0.378379 0.885551 -0.269498
v -0.101928 0.600384 -0.062188
vn -0.124071 0.723824 -0.678738
v -0.094101 0.590351 -0.083915
vn 0.605567 0.716987 -0.345281
v -0.087695 0.595030 -0.073872
vn -0.819683 0.505390 0.269631
v -0.104702 0.598591 -0.043331
vn 0.390207 0.862649 0.321832
v -0.089674 0.603039 -0.038199
vn 0.927200 0.362013 0.096159
v -0.081783 0.588413 -0.055399
vn -0.231119 0.588182 -0.775001
v -0.089431 0.471804 -0.185289
vn -0.947781 0.211788 0.238448
v -0.116097 0.565871 -0.052529
vn -0.999032 -0.002533 -0.043927
v -0.118932 0.555459 -0.063370
vn 0.979053 0.182519 -0.090229
v -0.074998 0.489888 -0.145199
vn 0.821628 0.433029 -0.370694
v -0.078937 0.491536 -0.160194
vn 0.387258 0.580463 -0.716306
v -0.081492 0.469843 -0.185579
vn 0.660224 0.521570 -0.540435
v -0.084346 0.533101 -0.124923
vn -0.418860 0.573088 -0.704363
v -0.097237 0.568826 -0.099295
vn 0.668500 -0.488959 0.560380
v -0.083730 0.491019 -0.107265
vn 0.968845 -0.097772 0.227551
v -0.075215 0.488620 -0.132544
vn -0.936495 0.240134 -0.255564
v -0.107884 0.503178 -0.138962
vn -0.449578 -0.616638 0.646248
v -0.101167 0.490276 -0.103807
vn 0.977111 0.048092 0.207223
v -0.069920 0.443730 -0.163657
vn -0.230278 -0.504538 0.832114
v -0.095184 0.450372 -0.133031
vn 0.701462 -0.280805 0.655057
v -0.078432 0.446353 -0.143469
vn -0.952589 0.228849 -0.200507
v -0.109859 0.448536 -0.178564
vn -0.695210 0.415557 -0.586511
v -0.102611 0.463013 -0.183630
vn -0.193788 0.652646 -0.732461
v -0.095065 0.543128 -0.121052
vn -0.662212 0.496158 -0.561518
v -0.101802 0.510685 -0.143981
vn -0.965130 -0.144319 0.218396
v -0.111693 0.481056 -0.131561
vn 0.743344 -0.604473 -0.286446
v -0.079138 0.520291 -0.074438
vn 0.990587 0.114183 -0.075491
v -0.069762 0.554332 -0.061134
vn -0.825311 0.393521 -0.404972
v -0.103925 0.546793 -0.106474
vn -0.986101 -0.112456 0.122305
v -0.109464 0.509424 -0.106536
vn 0.635179 0.490407 -0.596698
v -0.087055 0.571204 -0.094807
vn -0.965599 0.135338 -0.222040
v -0.109349 0.540988 -0.093626
vn -0.851546 -0.524039 0.015882
v -0.107060 0.518346 -0.078590
vn 0.992470 -0.115383 0.041111
v -0.077527 0.521826 -0.096769
vn 0.940226 0.217491 -0.262055
v -0.078228 0.545262 -0.095370
vn 0.893540 0.363409 -0.263667
v -0.081531 0.584315 -0.072521
vn -0.787665 -0.230831 -0.571228
v -0.129259 0.400384 -0.234853
vn 0.004742 0.014784 -0.999879
v -0.096290 0.396361 -0.245506
vn 0.395921 0.149224 -0.906079
v -0.077264 0.405315 -0.241240
vn 0.133771 0.801490 -0.582854
v -0.083853 0.421834 -0.234019
vn -0.390950 0.475179 -0.788266
v -0.107969 0.420858 -0.223496
vn 0.418458 0.313865 -0.852280
v -0.069179 0.424339 -0.228948
vn -0.580167 -0.002418 -0.814494
v -0.107599 0.381213 -0.251872
vn 0.586231 -0.349774 -0.730747
v -0.064719 0.400808 -0.236838
vn 0.162012 0.768488 -0.619014
v -0.078038 0.419573 -0.219711
vn 0.657947 -0.321410 0.681029
v -0.070551 0.415205 -0.158020
vn 0.985118 0.017541 0.170982
v -0.063968 0.409681 -0.175677
vn 0.364780 -0.832835 0.416319
v -0.074925 0.387196 -0.179868
vn 0.493742 -0.797463 -0.346802
v -0.078268 0.390118 -0.219269
vn 0.983585 0.152761 -0.096047
v -0.058146 0.415450 -0.204986
vn 0.577955 -0.799289 -0.164633
v -0.067405 0.383868 -0.216269
vn 0.757713 -0.547648 0.354899
v -0.063558 0.387645 -0.184634
vn -0.889569 0.456743 -0.007181
v -0.125187 0.415234 -0.208556
vn 0.525749 -0.631334 -0.570093
v -0.081818 0.373469 -0.237105
vn -0.983997 0.101376 0.146534
v -0.120066 0.408760 -0.185035
vn -0.053502 0.561854 -0.825505
v -0.122637 0.418980 -0.234599
vn -0.313060 -0.500169 0.807356
v -0.112421 0.404612 -0.162543
vn -0.635093 -0.610204 0.473611
v -0.119749 0.387391 -0.175691
vn -0.322738 -0.946041 0.029084
v -0.122160 0.386036 -0.208122
vn -0.516319 -0.646063 -0.562154
v -0.115204 0.392994 -0.226589
vn -0.169404 0.758267 -0.629550
v -0.089696 0.449251 -0.199135
vn -0.522887 0.622558 -0.582247
v -0.109788 0.436417 -0.218857
vn -0.957721 0.043482 0.284394
v -0.117081 0.421557 -0.163985
vn -0.862398 -0.506167 0.008027
v -0.130121 0.391651 -0.213004
vn -0.320783 -0.524427 0.788717
v -0.103739 0.409872 -0.156288
vn 0.168463 -0.884504 -0.435055
v -0.101025 0.371621 -0.232792
vn 0.551629 -0.606197 0.572915
v -0.096821 0.393180 -0.170750
vn 0.791886 -0.580110 0.190759
v -0.096003 0.377563 -0.188201
vn 0.050571 -0.858150 -0.510903
v -0.095658 0.377783 -0.236501
vn -0.238813 0.460512 -0.854925
v -0.094873 0.420672 -0.227986
vn 0.087167 -0.754695 0.650259
v -0.089145 0.402611 -0.169370
vn -0.354240 -0.934181 -0.042656
v -0.089565 0.370766 -0.229561
vn -0.777899 -0.622358 -0.086858
v -0.111518 0.376265 -0.231090
vn -0.254718 -0.774080 0.579586
v -0.105181 0.378358 -0.179506
vn -0.132200 -0.989285 0.061949
v -0.103526 0.372226 -0.200639
vn 0.286390 -0.841062 0.458906
v -0.080015 0.378407 -0.181887
vn 0.349198 0.733686 -0.582895
v -0.075968 0.442523 -0.220075
vn -0.218957 -0.927074 0.304289
v -0.110509 0.391272 -0.184041
vn 0.378424 -0.873806 0.305383
v -0.094592 0.385757 -0.186950
vn 0.974966 -0.135188 0.176538
v 0.151640 0.497582 0.110696
vn 0.926489 0.214877 -0.308942
v 0.122748 0.553315 0.004880
vn 0.844197 0.257071 -0.470367
v 0.119951 0.554400 -0.002573
vn 0.772990 0.275719 -0.571372
v 0.125826 0.507331 -0.021728
vn 0.228726 0.071778 -0.970841
v 0.125119 0.485628 -0.028630
vn -0.144658 0.225540 -0.963434
v 0.059299 0.558864 -0.012403
vn -0.428886 0.298460 -0.852631
v 0.046690 0.568394 -0.005468
vn -0.378377 0.140209 -0.914971
v 0.046752 0.542592 -0.012686
vn -0.270459 0.427340 -0.862689
v 0.049326 0.589323 0.002504
vn -0.631727 0.206945 -0.747058
v 0.038486 0.547516 -0.007282
vn 0.338618 0.591525 -0.731735
v 0.102582 0.606393 0.007797
vn 0.805958 0.366142 -0.465157
v 0.115729 0.596754 0.013449
vn 0.691500 0.599624 -0.402838
v 0.110442 0.627082 0.036800
vn 0.389309 0.270909 -0.880367
v 0.113352 0.530157 -0.021344
vn -0.211326 0.138034 -0.967620
v 0.085876 0.499336 -0.020055
vn 0.369696 -0.744285 0.556206
v 0.112529 0.383856 0.048941
vn -0.059628 -0.664746 0.744686
v 0.096990 0.387859 0.056101
vn 0.103071 -0.863492 0.493718
v 0.105741 0.374651 0.037265
vn -0.353674 -0.829425 0.432398
v 0.096952 0.377306 0.040012
vn 0.230791 -0.659022 0.715838
v 0.117968 0.434753 0.087010
vn -0.675998 0.283589 0.680150
v 0.094907 0.433688 0.066226
vn -0.137781 -0.342498 0.929361
v 0.103777 0.415463 0.074979
vn -0.479344 0.044400 0.876503
v 0.094912 0.417552 0.074124
vn -0.090367 -0.553736 0.827775
v 0.096954 0.405626 0.068935
vn 0.676298 -0.651251 0.344229
v 0.125376 0.388905 0.040678
vn 0.796368 -0.558947 0.231033
v 0.134423 0.395726 0.033758
vn 0.452700 -0.631333 0.629668
v 0.123141 0.395795 0.053893
vn 0.683234 -0.566730 0.460443
v 0.135648 0.406298 0.054509
vn 0.978046 -0.207964 -0.013274
v 0.146347 0.425679 0.035252
vn 0.866379 -0.433563 0.247811
v 0.143469 0.419408 0.053260
vn -0.847495 -0.225461 -0.480541
v 0.045828 0.467858 -0.005934
vn -0.917779 -0.294307 -0.266581
v 0.054647 0.440374 -0.008626
vn -0.752636 -0.517283 0.407380
v 0.079840 0.405734 0.056687
vn -0.803705 -0.564099 0.189342
v 0.087363 0.380766 0.021735
vn -0.832597 -0.521086 0.187752
v 0.063134 0.417976 0.033155
vn -0.869058 -0.494103 0.024510
v 0.067297 0.407330 0.016248
vn 0.894860 0.400232 -0.197583
v 0.119912 0.617386 0.051943
vn 0.924350 0.360761 -0.124208
v 0.128447 0.603120 0.067856
vn 0.866215 0.495881 -0.061421
v 0.115851 0.632030 0.079395
vn 0.852950 0.514928 0.085591
v 0.113473 0.635441 0.118368
vn 0.667604 0.598466 0.442881
v 0.091887 0.645811 0.171573
vn 0.743138 0.466869 0.479353
v 0.096503 0.634684 0.177034
vn 0.780146 0.338188 0.526309
v 0.100673 0.619226 0.183593
vn 0.153164 0.954597 -0.255512
v 0.073022 0.666903 0.093995
vn 0.281050 0.958650 0.044724
v 0.075799 0.669854 0.124354
vn 0.115571 0.988450 -0.098028
v 0.041444 0.671880 0.108445
vn 0.065355 0.981040 0.182453
v 0.046257 0.671519 0.133446
vn 0.039124 0.952062 -0.303394
v 0.052024 0.666987 0.086517
vn 0.073925 0.995994 -0.050303
v 0.055452 0.672075 0.114744
vn -0.081668 0.713674 -0.695700
v 0.053201 0.633028 0.034016
vn -0.214481 0.540201 -0.813745
v 0.048475 0.611242 0.016223
vn 0.939470 0.231687 -0.252423
v 0.127553 0.580863 0.036660
vn 0.911768 0.311699 -0.267439
v 0.122145 0.600742 0.034990
vn 0.939527 0.253173 -0.230634
v 0.129430 0.589330 0.049683
vn 0.096668 0.386907 -0.917038
v 0.098183 0.579263 -0.009382
vn 0.619084 -0.508089 0.598816
v 0.136372 0.460259 0.103883
vn 0.913910 -0.287502 0.286550
v 0.151608 0.460618 0.084834
vn 0.394059 0.352316 0.848876
v 0.040873 0.517052 0.012872
vn 0.224362 0.348081 0.910220
v 0.040510 0.502847 0.019326
vn -0.019258 0.325576 0.945320
v 0.039023 0.485020 0.028475
vn 0.435131 0.490974 0.754723
v 0.048935 0.480774 0.028001
vn -0.157864 0.366339 0.916992
v 0.048259 0.462280 0.041289
vn -0.089831 0.396335 0.913701
v 0.057321 0.448470 0.047395
vn -0.279266 -0.010327 -0.960158
v 0.059349 0.478855 -0.011589
vn 0.733372 0.654230 -0.184796
v 0.106114 0.644704 0.067412
vn 0.106523 0.877198 -0.468163
v 0.077495 0.654245 0.061827
vn 0.004009 0.741575 -0.670858
v 0.080451 0.633110 0.030770
vn 0.464458 -0.654190 0.596921
v 0.131752 0.442250 0.087778
vn 0.027068 0.864686 -0.501583
v 0.055639 0.653531 0.059213
vn 0.262459 0.779083 -0.569337
v 0.096489 0.633205 0.032544
vn -0.120412 0.178143 -0.976609
v 0.078057 0.554794 -0.013940
vn -0.173526 0.428546 0.886700
v 0.078464 0.428994 0.056415
vn 0.109033 0.538542 0.835514
v 0.067839 0.451678 0.041711
vn -0.156050 0.396283 0.904770
v 0.057587 0.478906 0.027295
vn -0.303307 -0.000833 0.952892
v 0.079514 0.411393 0.068635
vn -0.079770 0.410739 0.908257
v 0.068928 0.431861 0.056946
vn 0.067534 0.516192 0.853806
v 0.058632 0.462254 0.036178
vn -0.389967 0.085738 0.916829
v 0.067172 0.423958 0.060330
vn 0.718543 0.694964 -0.026852
v 0.101233 0.655085 0.104669
vn 0.618631 0.772239 0.144713
v 0.093958 0.660333 0.133672
vn 0.430045 0.843733 -0.321211
v 0.095054 0.651220 0.064107
vn 0.827471 0.104399 -0.551718
v 0.131100 0.484675 -0.024170
vn -0.061375 0.585199 -0.808564
v 0.081897 0.606864 0.006911
vn -0.115059 0.397951 -0.910163
v 0.074167 0.579425 -0.007347
vn 0.987894 -0.020907 -0.153714
v 0.145657 0.435787 0.023857
vn 0.970198 0.142015 -0.196337
v 0.141207 0.494864 0.020146
vn 0.830538 0.479077 0.284064
v 0.107311 0.634039 0.152846
vn 0.803459 0.552719 0.221257
v 0.102240 0.646150 0.144667
vn 0.806042 0.204570 0.555380
v 0.105602 0.603770 0.182716
vn 0.929363 0.202809 -0.308469
v 0.123282 0.577844 0.019704
vn 0.386079 -0.603624 0.697554
v 0.130787 0.418509 0.068686
vn 0.782087 -0.470750 0.408331
v 0.143864 0.428741 0.067805
vn 0.971694 -0.219429 0.087529
v 0.149391 0.440910 0.062977
vn 0.709040 -0.492233 0.504944
v 0.144663 0.441953 0.077623
vn 0.868175 -0.475687 0.141398
v 0.131860 0.384763 0.009220
vn 0.560560 0.352514 -0.749337
v 0.111692 0.575692 -0.004772
vn 0.083332 0.244588 -0.966040
v 0.101856 0.542644 -0.019872
vn -0.119436 0.091642 -0.988603
v 0.108511 0.504098 -0.026138
vn 0.946133 0.117059 -0.301878
v 0.132315 0.448402 -0.037814
vn -0.286713 -0.024316 -0.957708
v 0.052050 0.514907 -0.016254
vn -0.541210 -0.119249 -0.832389
v 0.040730 0.497612 -0.009115
vn -0.923360 -0.383927 0.002527
v 0.049796 0.442159 0.021922
vn -0.902617 -0.418489 -0.100745
v 0.059074 0.422777 0.007625
vn -0.863233 -0.193226 -0.466361
v 0.064534 0.421902 -0.019925
vn -0.629379 -0.002733 -0.777094
v 0.060406 0.436545 -0.018102
vn -0.384650 0.049633 -0.921727
v 0.056752 0.463837 -0.012113
vn -0.624221 0.053002 0.779448
v 0.077915 0.463886 0.043172
vn -0.741523 -0.022097 0.670564
v 0.059298 0.491376 0.024569
vn -0.776038 -0.628326 -0.054516
v 0.045025 0.534968 0.010721
vn 0.428783 0.823281 0.371958
v 0.084922 0.657704 0.161792
vn 0.383785 0.909452 -0.160018
v 0.086006 0.664060 0.097064
vn -0.644758 -0.652457 0.398230
v 0.088781 0.391324 0.053748
vn -0.485241 -0.107537 0.867742
v 0.087341 0.413441 0.066988
vn -0.133241 -0.354886 0.925366
v 0.088170 0.401995 0.064497
vn -0.391517 0.316165 0.864149
v 0.072576 0.455890 0.040685
vn -0.542921 0.324683 0.774479
v 0.086028 0.436529 0.055312
vn -0.347454 0.186585 0.918946
v 0.049179 0.512947 0.014539
vn -0.179809 -0.097647 0.978843
v 0.040428 0.536809 0.008295
vn 0.074813 0.380204 0.921872
v 0.049850 0.492460 0.020965
vn -0.757015 0.060728 -0.650569
v 0.030898 0.531773 -0.003932
vn -0.951021 -0.154507 -0.267744
v 0.026483 0.511464 0.007559
vn -0.980469 -0.188642 0.055629
v 0.029067 0.500107 0.015798
vn -0.908274 -0.384366 -0.165229
v 0.036836 0.480462 0.021523
vn -0.696468 0.021800 0.717257
v 0.034443 0.481057 0.031278
vn -0.796335 -0.106719 0.595366
v 0.044435 0.458796 0.037760
vn -0.832157 -0.204786 0.515342
v 0.059574 0.433286 0.052889
vn 0.886690 0.418297 0.196998
v 0.122680 0.617349 0.129230
vn 0.859651 0.296028 0.416374
v 0.117429 0.600394 0.166062
vn 0.929155 0.272282 0.250069
v 0.129422 0.590740 0.145906
vn 0.984398 0.120432 -0.128282
v 0.143146 0.507023 0.053680
vn 0.968176 0.163211 -0.189732
v 0.139726 0.510062 0.025230
vn 0.928978 0.225868 -0.293230
v 0.131160 0.525712 0.007073
vn 0.943937 0.193888 -0.267191
v 0.132764 0.562570 0.043569
vn 0.972951 0.169955 -0.156468
v 0.137329 0.565277 0.062624
vn 0.970393 0.230808 -0.071172
v 0.135151 0.586357 0.077831
vn 0.980344 0.171624 -0.097317
v 0.146692 0.532675 0.095782
vn 0.980319 0.187393 -0.062118
v 0.140039 0.555987 0.083846
vn 0.930853 0.364876 0.019437
v 0.129642 0.607089 0.100314
vn 0.911302 0.148947 0.383853
v 0.132421 0.570795 0.150566
vn 0.962965 0.267223 0.035926
v 0.141710 0.557191 0.117476
vn 0.971617 0.233409 0.038483
v 0.134623 0.585012 0.111745
vn 0.848155 0.376631 0.372535
v 0.112028 0.620999 0.159428
vn 0.983336 0.135623 -0.121067
v 0.141464 0.534587 0.064306
vn 0.993282 0.045019 -0.106598
v 0.150529 0.458584 0.060206
vn 0.991213 0.110359 -0.072923
v 0.149503 0.512150 0.100044
vn 0.458522 -0.817749 0.347913
v 0.115225 0.362900 0.006506
vn 0.005426 -0.945987 0.324158
v 0.106252 0.359242 0.004942
vn -0.581271 -0.788609 0.200548
v 0.096582 0.358585 -0.006271
vn 0.952197 -0.305477 0.002049
v 0.138116 0.398878 0.011106
vn 0.983800 -0.054363 -0.170829
v 0.138564 0.408153 -0.008304
vn 0.975170 0.068725 -0.210522
v 0.138966 0.465040 -0.004371
vn 0.974781 -0.006084 -0.223080
v 0.138498 0.435036 -0.008330
vn -0.965869 0.099504 -0.239155
v 0.080638 0.483493 -0.020288
vn 0.476116 -0.132561 -0.869334
v 0.104823 0.419480 -0.096736
vn 0.176245 -0.257847 -0.949975
v 0.097659 0.407751 -0.097488
vn 0.447846 0.055335 -0.892397
v 0.098296 0.446208 -0.099878
vn 0.067211 -0.033053 -0.997191
v 0.090941 0.437577 -0.102832
vn 0.342265 0.190116 -0.920169
v 0.092442 0.473287 -0.098428
vn -0.120751 0.145611 -0.981945
v 0.086229 0.467858 -0.100101
vn 0.829974 0.200244 -0.520621
v 0.111393 0.495236 -0.073025
vn 0.826964 0.139823 -0.544592
v 0.118876 0.452030 -0.080102
vn 0.634221 0.204531 -0.745607
v 0.105090 0.465413 -0.091187
vn 0.670296 0.040274 -0.741000
v 0.112461 0.435878 -0.090748
vn 0.987333 0.145431 0.063436
v 0.128482 0.484077 -0.038037
vn -0.985699 -0.164877 -0.034828
v 0.073693 0.405741 -0.067304
vn -0.949569 -0.284923 -0.130913
v 0.076300 0.394389 -0.071580
vn -0.868518 -0.254495 -0.425333
v 0.074300 0.414923 -0.088593
vn -0.795594 -0.477835 -0.372430
v 0.080841 0.386199 -0.077172
vn -0.035651 -0.744554 -0.666610
v 0.099322 0.372239 -0.075118
vn -0.079217 -0.561494 -0.823680
v 0.095357 0.383847 -0.085607
vn -0.473172 -0.673273 -0.568165
v 0.088178 0.380069 -0.079863
vn -0.388257 -0.375714 -0.841484
v 0.086400 0.403619 -0.095150
vn 0.944255 0.129387 -0.302725
v 0.123214 0.463298 -0.064407
vn 0.977304 -0.121633 -0.173442
v 0.132788 0.394689 -0.039283
vn 0.963441 -0.011568 -0.267669
v 0.126887 0.406422 -0.064451
vn -0.982165 0.019451 -0.187011
v 0.072184 0.414486 -0.032755
vn 0.856409 0.106711 0.505150
v 0.118165 0.482486 -0.029837
vn 0.953084 0.037310 -0.300398
v 0.129465 0.423926 -0.043515
vn 0.816159 0.289270 0.500208
v 0.121038 0.513609 -0.035641
vn 0.907172 0.013758 -0.420534
v 0.122400 0.429121 -0.077501
vn -0.931537 -0.362479 -0.029101
v 0.075688 0.394335 -0.016731
vn -0.892494 -0.446870 0.061331
v 0.078874 0.388294 -0.003538
vn -0.970058 -0.242186 -0.018266
v 0.075445 0.392821 -0.044222
vn -0.989434 0.002627 0.144962
v 0.074143 0.441496 -0.048718
vn -0.995569 -0.087817 0.033629
v 0.072144 0.427357 -0.063900
vn -0.856928 0.156466 -0.491113
v 0.076421 0.436294 -0.026908
vn 0.928431 -0.240645 -0.283030
v 0.128137 0.381694 -0.048959
vn 0.843829 -0.447873 -0.295572
v 0.123564 0.368606 -0.046974
vn 0.951575 -0.295203 -0.085791
v 0.132724 0.381462 -0.025811
vn 0.876703 -0.480451 -0.023645
v 0.129164 0.370744 -0.018204
vn -0.829318 -0.551176 0.091851
v 0.087262 0.365258 -0.022926
vn -0.661614 -0.738236 -0.131432
v 0.089590 0.362045 -0.045926
vn 0.294769 -0.458855 -0.838191
v 0.103072 0.388713 -0.087977
vn 0.599423 -0.252886 -0.759434
v 0.109919 0.400555 -0.089237
vn 0.414057 -0.570192 -0.709533
v 0.107157 0.376723 -0.077504
vn 0.697174 -0.440231 -0.565814
v 0.116056 0.381073 -0.073425
vn 0.771234 -0.086144 -0.630696
v 0.116390 0.417961 -0.086553
vn 0.861062 -0.212742 -0.461858
v 0.122316 0.394590 -0.071789
vn 0.356621 -0.924650 0.133579
v 0.114323 0.356141 -0.015452
vn -0.179175 -0.982501 0.050870
v 0.103467 0.354151 -0.019473
vn 0.700610 -0.703530 0.119127
v 0.123383 0.362890 -0.011272
vn 0.278321 -0.948292 -0.152574
v 0.110340 0.354966 -0.039677
vn 0.661655 -0.705916 -0.252776
v 0.118167 0.359836 -0.042693
vn -0.911185 0.007671 0.411926
v 0.076512 0.520854 -0.031237
vn -0.999500 -0.004594 -0.031290
v 0.062630 0.499358 -0.070504
vn -0.899422 0.013224 -0.436882
v 0.066909 0.474078 -0.088480
vn -0.792866 0.145937 -0.591664
v 0.066739 0.493842 -0.084694
vn -0.516995 0.120693 -0.847437
v 0.074930 0.467142 -0.096583
vn 0.034261 0.290521 -0.956255
v 0.087721 0.494375 -0.093683
vn 0.169170 0.268013 -0.948446
v 0.091680 0.518257 -0.084260
vn -0.489980 0.058698 0.869755
v 0.082624 0.516894 -0.019373
vn 0.675909 0.189625 -0.712172
v 0.101290 0.517654 -0.079962
vn 0.878602 0.128743 -0.459873
v 0.113724 0.522716 -0.056287
vn 0.956098 0.221385 -0.192006
v 0.119526 0.518923 -0.042668
vn 0.539380 0.233106 -0.809155
v 0.096519 0.501754 -0.087933
vn 0.922926 0.195701 0.331524
v 0.100391 0.613280 -0.026352
vn -0.152164 0.041301 0.987492
v 0.098638 0.592784 -0.019443
vn -0.926803 -0.058525 -0.370960
v 0.063378 0.535970 -0.068835
vn 0.974473 0.086686 0.207092
v 0.107185 0.595969 -0.052760
vn 0.978345 0.068242 0.195410
v 0.100878 0.610734 -0.040589
vn 0.889228 0.073590 0.451506
v 0.102693 0.573489 -0.046599
vn 0.995358 0.096169 0.003614
v 0.108040 0.593843 -0.063348
vn -0.738713 0.013227 0.673890
v 0.084991 0.613103 -0.033019
vn -0.476320 -0.088976 -0.874759
v 0.080340 0.434416 -0.100725
vn -0.935387 -0.097124 -0.340026
v 0.069658 0.448225 -0.091232
vn -0.995590 -0.093771 -0.002838
v 0.065461 0.475264 -0.071717
vn -0.931666 -0.340330 -0.127175
v 0.071970 0.404856 -0.019998
vn -0.993409 -0.108253 -0.037686
v 0.072751 0.408234 -0.045185
vn 0.996277 0.073543 0.044994
v 0.098179 0.570924 -0.036933
vn 0.915595 0.039189 0.400187
v 0.103340 0.576036 -0.023352
vn 0.054017 0.019212 0.998355
v 0.098878 0.545808 -0.022399
vn -0.568124 0.082444 0.818803
v 0.092044 0.578158 -0.031571
vn 0.504519 0.030018 -0.862878
v 0.096178 0.546342 -0.079410
vn -0.010623 0.096451 0.995281
v 0.087933 0.531209 -0.019838
vn -0.444969 0.126229 -0.886605
v 0.072704 0.531792 -0.076565
vn 0.952022 0.067382 -0.298520
v 0.109827 0.554815 -0.059642
vn 0.894329 -0.152886 -0.420477
v 0.105333 0.580363 -0.071658
vn 0.900978 0.276278 0.334527
v 0.110885 0.545409 -0.046238
vn 0.824631 0.302574 0.477947
v 0.103899 0.542005 -0.036153
vn 0.727005 0.125112 0.675138
v 0.106489 0.524781 -0.026021
vn -0.684729 0.124211 0.718135
v 0.074673 0.571053 -0.038845
vn -0.922020 -0.384427 -0.045768
v 0.080321 0.377739 -0.050219
vn -0.278434 -0.904539 -0.322930
v 0.097831 0.358572 -0.051193
vn 0.308980 -0.799901 -0.514479
v 0.108064 0.363993 -0.063632
vn -0.916138 0.301362 0.264334
v 0.022932 0.488252 -0.194362
vn -0.838816 0.514102 -0.179129
v 0.034594 0.518387 -0.186770
vn -0.259947 -0.473168 0.841748
v 0.036799 0.462033 -0.166094
vn 0.623670 -0.552941 0.552532
v 0.068991 0.452021 -0.180838
vn 0.967109 -0.163160 0.195138
v 0.074526 0.486386 -0.171133
vn 0.368301 -0.580082 0.726539
v 0.060662 0.450911 -0.172081
vn 0.502403 0.843584 -0.189625
v 0.091160 0.635453 -0.057793
vn 0.146331 0.776103 -0.613393
v 0.080004 0.628538 -0.080429
vn 0.927352 0.352182 -0.126432
v 0.099090 0.624864 -0.052996
vn 0.757517 0.616589 0.214444
v 0.098036 0.632863 -0.041151
vn -0.042059 0.986050 -0.161049
v 0.082797 0.637388 -0.060101
vn -0.795375 0.466735 0.386699
v 0.076751 0.632080 -0.044823
vn -0.785741 0.614132 -0.073837
v 0.069190 0.629390 -0.070165
vn -0.053661 0.417399 0.907138
v 0.092352 0.622802 -0.026077
vn -0.318132 0.801098 0.506986
v 0.082881 0.633274 -0.036187
vn -0.880259 0.180562 0.438795
v 0.068936 0.610206 -0.052755
vn -0.975750 0.129188 0.176699
v 0.060091 0.593108 -0.066728
vn 0.631362 0.588656 -0.504843
v 0.088080 0.626016 -0.075551
vn 0.875301 0.237724 -0.421113
v 0.105940 0.598970 -0.073309
vn -0.766773 0.072944 0.637761
v 0.068420 0.587305 -0.045990
vn -0.944922 -0.072316 0.319206
v 0.066200 0.566674 -0.051104
vn -0.940761 0.338848 0.012287
v 0.043205 0.541943 -0.152953
vn -0.551515 -0.465198 0.692404
v 0.056795 0.521073 -0.123843
vn 0.652644 0.461192 -0.601130
v 0.067232 0.536995 -0.167160
vn 0.894174 0.212696 -0.393970
v 0.078133 0.545156 -0.145434
vn 0.592107 0.483267 -0.644875
v 0.079854 0.601230 -0.100393
vn 0.180646 -0.649842 0.738291
v 0.063836 0.498122 -0.142231
vn -0.829441 -0.275977 0.485659
v 0.053757 0.540552 -0.115478
vn -0.425646 -0.377076 0.822581
v 0.042862 0.490267 -0.151828
vn -0.366152 0.717840 -0.592147
v 0.039829 0.521392 -0.189818
vn 0.169000 -0.532651 0.829290
v 0.057618 0.466558 -0.160266
vn -0.864453 -0.073635 0.497292
v 0.035936 0.497749 -0.159548
vn 0.984759 -0.165613 -0.053119
v 0.080658 0.527873 -0.142072
vn 0.236331 0.623227 -0.745477
v 0.051505 0.522016 -0.192038
vn 0.797744 -0.428651 0.424101
v 0.072179 0.495027 -0.157450
vn -0.962627 0.085284 0.257052
v 0.043859 0.538938 -0.140159
vn 0.881354 0.225011 -0.415433
v 0.068247 0.502911 -0.187912
vn 0.183412 -0.786458 -0.589783
v 0.082088 0.554724 -0.083581
vn -0.269728 -0.676792 0.684982
v 0.064303 0.534296 -0.107550
vn -0.745259 -0.611723 0.265298
v 0.065190 0.557348 -0.078317
vn -0.964595 -0.116871 0.236426
v 0.058086 0.567829 -0.093505
vn -0.769877 0.569917 -0.287201
v 0.056076 0.574608 -0.127354
vn 0.007134 0.736480 -0.676422
v 0.061660 0.564709 -0.146636
vn 0.559859 -0.687784 0.462072
v 0.080167 0.532230 -0.116045
vn -0.580297 0.654708 -0.484369
v 0.066405 0.602509 -0.104950
vn 0.927806 -0.373062 0.001250
v 0.091610 0.557598 -0.091165
vn 0.875369 0.089830 -0.475037
v 0.089596 0.578338 -0.100180
vn -0.963331 0.266484 0.031308
v 0.055393 0.576574 -0.112301
vn -0.841267 0.102634 -0.530788
v -0.006072 0.449032 -0.237083
vn -0.899768 0.435347 0.029845
v 0.011238 0.472737 -0.215999
vn -0.895853 0.314781 0.313624
v 0.002934 0.463588 -0.201515
vn -0.727442 -0.031403 0.685450
v 0.030442 0.473541 -0.167076
vn -0.773045 -0.517902 0.366304
v 0.006021 0.434610 -0.208815
vn -0.866784 0.046441 0.496517
v 0.016839 0.459247 -0.187723
vn -0.772815 -0.143534 0.618187
v 0.020255 0.452609 -0.174672
vn -0.695214 0.705041 -0.139980
v 0.026028 0.496312 -0.211239
vn -0.240924 -0.797320 0.553386
v 0.027959 0.436624 -0.197086
vn -0.768250 0.139786 -0.624702
v 0.013394 0.465018 -0.226878
vn -0.682173 -0.704340 0.196327
v 0.015243 0.429518 -0.219089
vn -0.287401 -0.719491 0.632245
v 0.023818 0.436382 -0.181217
vn 0.219329 0.480020 -0.849397
v 0.049246 0.468190 -0.235774
vn 0.936231 0.137301 -0.323450
v 0.069915 0.457407 -0.207867
vn 0.558483 -0.776362 0.292163
v 0.069820 0.434690 -0.198371
vn 0.130139 0.803699 -0.580631
v 0.041623 0.500376 -0.209386
vn 0.914007 0.225311 -0.337381
v 0.067160 0.477920 -0.205762
vn 0.664197 0.498580 -0.557011
v 0.061075 0.489348 -0.206795
vn 0.603285 0.453257 -0.656206
v 0.053622 0.484922 -0.229942
vn 0.649343 0.367374 -0.665875
v 0.056860 0.455796 -0.254507
vn 0.437173 -0.851579 -0.289297
v 0.064792 0.432310 -0.232666
vn 0.078971 -0.928105 0.363848
v 0.054378 0.423453 -0.197530
vn 0.753798 -0.557475 -0.347866
v 0.042580 0.418959 -0.237307
vn 0.343727 -0.749230 -0.566132
v 0.045330 0.439190 -0.243050
vn -0.020464 -0.855396 0.517570
v 0.044590 0.429852 -0.195239
vn -0.019296 -0.581368 0.813412
v 0.047850 0.460711 -0.166605
vn -0.187264 -0.954525 0.231978
v 0.028438 0.425838 -0.236827
vn -0.376782 0.396146 -0.837320
v 0.020267 0.456808 -0.242817
vn -0.207070 -0.978075 0.022164
v 0.018205 0.413111 -0.226976
vn -0.348256 -0.571194 -0.743273
v 0.016113 0.423408 -0.252858
vn 0.980868 -0.164791 0.103647
v 0.074561 0.448714 -0.189720
vn -0.186618 0.288139 -0.939228
v 0.028480 0.467155 -0.239872
vn 0.334300 0.027039 -0.942079
v 0.034696 0.431390 -0.257596
vn -0.239130 -0.763401 0.600030
v 0.033896 0.425994 -0.189782
vn -0.175306 0.749419 -0.638466
v 0.029703 0.493405 -0.231915
vn -0.955923 0.055823 -0.288261
v 0.004036 0.473585 -0.227053
vn -0.341854 -0.849553 -0.401740
v 0.025988 0.416329 -0.250677
vn -0.550716 -0.312669 -0.773918
v 0.046825 0.442510 -0.256765
vn -0.969291 0.025430 -0.244600
v 0.005410 0.439060 -0.243326
vn 0.391209 -0.919421 0.040270
v 0.059875 0.438576 -0.201998
vn 0.121073 -0.989227 0.082292
v 0.038904 0.428828 -0.212760
vn 0.986177 0.099113 0.132785
v 0.025644 0.681159 0.221943
vn 0.530567 0.235409 0.814298
v 0.018507 0.688046 0.232110
vn 0.409351 0.235304 0.881512
v 0.014355 0.668874 0.240617
vn -0.006080 0.234727 0.972042
v 0.004360 0.652884 0.247529
vn 0.825196 -0.027223 -0.564190
v 0.023956 0.662833 0.214763
vn 0.178472 -0.197302 -0.963960
v 0.010517 0.645909 0.206582
vn -0.936809 0.247458 0.247292
v -0.023243 0.629283 0.231676
vn -0.743130 0.206004 0.636647
v -0.013380 0.679425 0.231956
vn 0.801279 0.175006 0.572123
v 0.023712 0.677198 0.229766
vn 0.230164 -0.218945 -0.948202
v 0.008607 0.677184 0.202118
vn 0.167177 0.240600 0.956119
v 0.007511 0.720424 0.226347
vn -0.203217 0.251948 0.946163
v -0.000096 0.720810 0.225407
vn 0.699593 -0.146607 -0.699340
v 0.018699 0.705465 0.200242
vn 0.972548 -0.012531 -0.232366
v 0.024379 0.706678 0.210872
vn -0.990708 0.107371 0.083476
v -0.016780 0.685270 0.222991
vn -0.458105 0.236938 0.856738
v -0.006138 0.667380 0.240876
vn -0.366753 -0.156633 -0.917038
v -0.004464 0.671617 0.205067
vn -0.828662 -0.103208 -0.550152
v -0.014025 0.675887 0.211188
vn 0.693273 0.187387 0.695887
v 0.017236 0.730989 0.220688
vn 0.276136 -0.204626 -0.939083
v 0.008829 0.713176 0.192194
vn 0.954648 0.096108 0.281800
v 0.023453 0.721144 0.215081
vn 0.603231 -0.088938 -0.792593
v 0.015048 0.747160 0.189481
vn 0.869406 -0.065473 -0.489740
v 0.020116 0.747537 0.195654
vn 0.996195 -0.037153 -0.078831
v 0.022145 0.763595 0.200160
vn -0.572592 0.222569 0.789051
v -0.006974 0.718756 0.222834
vn -0.820662 -0.129894 -0.556454
v -0.013971 0.723264 0.197515
vn -0.999979 0.003167 -0.005576
v -0.016240 0.708990 0.210477
vn -0.334706 -0.226628 -0.914665
v -0.003302 0.716128 0.191568
vn -0.849904 0.159438 0.502238
v -0.012614 0.716532 0.218046
vn -0.968432 0.080601 0.235886
v -0.016223 0.751068 0.203289
vn -0.110102 -0.129610 -0.985433
v 0.000243 0.741469 0.185939
vn 0.491446 0.094383 0.865779
v 0.016158 0.762148 0.214713
vn 0.916412 0.049062 0.397217
v 0.021910 0.759222 0.207502
vn -0.104327 0.136824 0.985086
v 0.002210 0.763325 0.217186
vn 0.262078 -0.083993 -0.961384
v 0.008262 0.755987 0.184895
vn -0.953722 0.044992 -0.297304
v -0.016083 0.755931 0.195953
vn -0.563814 -0.063015 -0.823494
v -0.011114 0.756288 0.188617
vn -0.148429 0.002366 -0.988920
v 0.002203 0.778443 0.183599
vn 0.648666 -0.017171 -0.760879
v 0.022593 0.825920 0.191350
vn 0.892699 -0.091653 -0.441234
v 0.024094 0.807553 0.194917
vn 0.259598 -0.047411 0.964552
v 0.014017 0.800829 0.214712
vn -0.348464 0.040033 0.936467
v 0.002792 0.812204 0.213033
vn 0.981783 -0.173760 -0.076870
v 0.028508 0.819484 0.202247
vn 0.863414 -0.101629 0.494153
v 0.024063 0.798946 0.208470
vn -0.809232 0.135787 0.571581
v -0.012581 0.769096 0.206986
vn -0.526130 0.139925 0.838814
v -0.006863 0.775902 0.211253
vn -0.892664 0.217058 -0.395015
v -0.008955 0.805189 0.195432
vn -0.970221 0.168456 0.174053
v -0.011304 0.794973 0.200265
vn -0.584025 0.113851 -0.803712
v -0.007073 0.783092 0.186863
vn -0.765291 0.139264 0.628438
v 0.001469 0.837861 0.208921
vn -0.494356 0.214745 -0.842316
v -0.001781 0.815245 0.189730
vn 0.134794 0.078451 -0.987763
v 0.011046 0.805005 0.184987
vn 0.169484 -0.194931 0.966063
v 0.023602 0.844457 0.218356
vn -0.326958 -0.095119 0.940240
v 0.015370 0.856711 0.218434
vn 0.794255 -0.247952 0.554688
v 0.030175 0.832431 0.211549
vn 0.290643 0.167332 -0.942086
v 0.023971 0.853761 0.193883
vn 0.743454 -0.032202 -0.668011
v 0.046610 0.900528 0.212989
vn 0.748136 -0.361025 0.556735
v 0.035958 0.854944 0.215543
vn -0.955270 0.295069 -0.019822
v 0.000482 0.843753 0.202702
vn -0.638337 0.343443 -0.688892
v 0.007608 0.851217 0.195606
vn -0.910324 0.337068 0.240198
v 0.020213 0.896076 0.217942
vn -0.131342 0.242672 -0.961176
v 0.016003 0.848089 0.192057
vn 0.299647 -0.309634 0.902407
v 0.037550 0.877107 0.225565
vn 0.006660 -0.319228 0.947654
v 0.036849 0.891404 0.230339
vn 0.897049 -0.327958 -0.296221
v 0.053011 0.903412 0.220648
vn 0.958997 -0.259138 -0.114768
v 0.039657 0.865050 0.211027
vn 0.817551 -0.414707 0.399535
v 0.046943 0.884511 0.221784
vn -0.603059 -0.029837 0.797138
v 0.029425 0.905674 0.228634
vn -0.812271 0.439199 -0.383823
v 0.012132 0.875920 0.207825
vn -0.277239 0.416860 -0.865660
v 0.024201 0.889023 0.204897
vn -0.703399 0.552927 -0.446655
v 0.032339 0.919331 0.221963
vn -0.231718 -0.356066 0.905276
v 0.051037 0.923586 0.243650
vn 0.293269 0.257131 -0.920802
v 0.046082 0.910908 0.214176
vn 0.387888 0.307081 -0.869048
v 0.067482 0.947264 0.234170
vn 0.490866 -0.616623 0.615489
v 0.060879 0.916566 0.239368
vn -0.157056 0.526733 -0.835396
v 0.044699 0.926377 0.219926
vn -0.811781 0.241732 0.531580
v 0.056593 0.957081 0.252765
vn -0.447973 -0.257673 0.856110
v 0.061830 0.950373 0.256980
vn 0.761357 -0.097957 -0.640889
v 0.079128 0.949745 0.242910
vn 0.716497 -0.670921 0.191042
v 0.078514 0.939955 0.250772
vn 0.377105 -0.474018 0.795675
v 0.111642 0.985673 0.292667
vn -0.010654 -0.565548 0.824647
v 0.075206 0.947900 0.261003
vn 0.743692 0.146220 -0.652335
v 0.101637 0.975971 0.265842
vn -0.727809 0.644581 -0.234115
v 0.052683 0.953936 0.241524
vn -0.138844 0.670997 -0.728344
v 0.064571 0.961501 0.241905
vn -0.647109 0.761910 -0.027257
v 0.077832 0.984016 0.268024
vn -0.049766 0.782820 -0.620256
v 0.089083 0.987740 0.265376
vn 0.427468 0.428601 -0.795972
v 0.091428 0.977919 0.258689
# 2529 vertices, 0 vertices normals

f 21//21 19//19 50//50
f 22//22 20//20 21//21
f 76//76 1//1 1748//1748
f 2155//2155 50//50 76//76
f 85//85 2155//2155 83//83
f 62//62 104//104 14//14
f 2118//2118 2228//2228 62//62
f 111//111 28//28 8//8
f 34//34 33//33 35//35
f 126//126 98//98 71//71
f 87//87 68//68 18//18
f 131//131 129//129 2129//2129
f 157//157 154//154 155//155
f 136//136 156//156 157//157
f 187//187 169//169 186//186
f 202//202 136//136 1802//1802
f 1768//1768 137//137 202//202
f 180//180 209//209 208//208
f 191//191 1863//1863 1780//1780
f 149//149 224//224 191//191
f 226//226 225//225 143//143
f 248//248 247//247 1792//1792
f 1747//1747 1//1 205//205
f 1747//1747 1748//1748 1//1
f 3//3 5//5 4//4
f 3//3 4//4 2//2
f 114//114 91//91 5//5
f 114//114 5//5 3//3
f 5//5 6//6 4//4
f 106//106 10//10 9//9
f 106//106 9//9 7//7
f 8//8 11//11 10//10
f 8//8 10//10 106//106
f 10//10 13//13 12//12
f 10//10 12//12 9//9
f 11//11 14//14 13//13
f 11//11 13//13 10//10
f 7//7 9//9 15//15
f 254//254 18//18 17//17
f 17//17 69//69 66//66
f 17//17 66//66 16//16
f 18//18 69//69 17//17
f 20//20 19//19 21//21
f 23//23 24//24 4//4
f 23//23 4//4 6//6
f 2158//2158 2159//2159 24//24
f 2158//2158 24//24 23//23
f 24//24 25//25 2//2
f 24//24 2//2 4//4
f 2159//2159 2117//2117 25//25
f 2159//2159 25//25 24//24
f 11//11 27//27 26//26
f 11//11 26//26 14//14
f 8//8 28//28 27//27
f 8//8 27//27 11//11
f 27//27 3//3 2//2
f 27//27 2//2 26//26
f 28//28 114//114 3//3
f 28//28 3//3 27//27
f 60//60 36//36 31//31
f 264//264 36//36 60//60
f 264//264 29//29 36//36
f 31//31 35//35 32//32
f 31//31 32//32 30//30
f 31//31 36//36 35//35
f 33//33 34//34 42//42
f 33//33 42//42 82//82
f 34//34 2197//2197 42//42
f 29//29 2247//2247 36//36
f 263//263 29//29 264//264
f 37//37 29//29 263//263
f 37//37 38//38 29//29
f 125//125 29//29 38//38
f 125//125 2247//2247 29//29
f 39//39 41//41 2150//2150
f 39//39 2150//2150 2149//2149
f 40//40 49//49 41//41
f 40//40 41//41 39//39
f 41//41 42//42 2151//2151
f 41//41 2151//2151 2150//2150
f 49//49 82//82 42//42
f 49//49 42//42 41//41
f 43//43 1749//1749 44//44
f 1749//1749 1759//1759 44//44
f 255//255 45//45 54//54
f 258//258 46//46 45//45
f 258//258 45//45 255//255
f 91//91 47//47 5//5
f 19//19 20//20 47//47
f 19//19 47//47 91//91
f 47//47 48//48 6//6
f 47//47 6//6 5//5
f 20//20 22//22 48//48
f 20//20 48//48 47//47
f 49//49 1750//1750 80//80
f 40//40 1750//1750 49//49
f 1750//1750 1757//1757 78//78
f 1750//1750 78//78 80//80
f 1750//1750 1758//1758 1757//1757
f 2154//2154 50//50 2155//2155
f 2156//2156 51//51 2154//2154
f 2154//2154 21//21 50//50
f 51//51 22//22 21//21
f 51//51 21//21 2154//2154
f 39//39 53//53 40//40
f 2149//2149 2218//2218 53//53
f 2149//2149 53//53 39//39
f 2176//2176 2202//2202 2164//2164
f 2176//2176 2164//2164 54//54
f 33//33 32//32 35//35
f 2177//2177 55//55 51//51
f 2177//2177 51//51 2156//2156
f 2158//2158 23//23 55//55
f 2158//2158 55//55 2177//2177
f 55//55 48//48 22//22
f 55//55 22//22 51//51
f 23//23 6//6 48//48
f 23//23 48//48 55//55
f 205//205 1//1 56//56
f 56//56 89//89 57//57
f 1//1 50//50 56//56
f 42//42 2197//2197 2151//2151
f 37//37 277//277 59//59
f 2253//2253 38//38 58//58
f 2109//2109 59//59 2164//2164
f 59//59 255//255 2164//2164
f 277//277 255//255 59//59
f 59//59 58//58 37//37
f 59//59 2109//2109 58//58
f 58//58 38//38 37//37
f 263//263 277//277 37//37
f 263//263 265//265 277//277
f 31//31 30//30 60//60
f 30//30 32//32 61//61
f 61//61 33//33 81//81
f 61//61 81//81 134//134
f 32//32 33//33 61//61
f 26//26 63//63 62//62
f 26//26 62//62 14//14
f 2//2 25//25 63//63
f 2//2 63//63 26//26
f 63//63 2115//2115 2118//2118
f 63//63 2118//2118 62//62
f 25//25 2117//2117 2115//2115
f 25//25 2115//2115 63//63
f 15//15 64//64 86//86
f 64//64 65//65 86//86
f 2215//2215 70//70 2216//2216
f 70//70 66//66 2216//2216
f 45//45 2128//2128 2176//2176
f 45//45 2176//2176 54//54
f 46//46 67//67 2128//2128
f 46//46 2128//2128 45//45
f 2164//2164 255//255 54//54
f 68//68 69//69 18//18
f 68//68 2217//2217 69//69
f 2217//2217 2216//2216 66//66
f 2217//2217 66//66 69//69
f 70//70 16//16 66//66
f 70//70 267//267 16//16
f 70//70 269//269 267//267
f 72//72 18//18 254//254
f 72//72 254//254 71//71
f 73//73 18//18 72//72
f 79//79 75//75 260//260
f 261//261 133//133 79//79
f 133//133 74//74 79//79
f 50//50 1//1 76//76
f 78//78 1757//1757 1751//1751
f 1747//1747 204//204 1756//1756
f 205//205 56//56 57//57
f 204//204 1747//1747 205//205
f 204//204 205//205 57//57
f 2218//2218 77//77 53//53
f 77//77 44//44 53//53
f 2218//2218 85//85 77//77
f 82//82 49//49 80//80
f 52//52 78//78 1751//1751
f 52//52 79//79 74//74
f 52//52 74//74 78//78
f 79//79 52//52 75//75
f 81//81 80//80 78//78
f 81//81 78//78 74//74
f 80//80 81//81 33//33
f 80//80 33//33 82//82
f 40//40 44//44 1759//1759
f 40//40 53//53 44//44
f 83//83 84//84 1749//1749
f 83//83 1749//1749 43//43
f 2155//2155 76//76 84//84
f 2155//2155 84//84 83//83
f 84//84 1748//1748 1749//1749
f 76//76 1748//1748 84//84
f 83//83 43//43 85//85
f 43//43 44//44 77//77
f 43//43 77//77 85//85
f 73//73 87//87 18//18
f 88//88 87//87 73//73
f 86//86 128//128 88//88
f 128//128 87//87 88//88
f 15//15 9//9 64//64
f 9//9 12//12 64//64
f 89//89 19//19 90//90
f 56//56 50//50 19//19
f 56//56 19//19 89//89
f 19//19 91//91 90//90
f 114//114 92//92 90//90
f 114//114 90//90 91//91
f 15//15 93//93 239//239
f 93//93 15//15 86//86
f 93//93 86//86 94//94
f 94//94 86//86 88//88
f 94//94 88//88 95//95
f 95//95 88//88 96//96
f 95//95 96//96 97//97
f 88//88 73//73 72//72
f 88//88 72//72 96//96
f 97//97 98//98 127//127
f 97//97 96//96 98//98
f 96//96 72//72 71//71
f 96//96 71//71 98//98
f 86//86 99//99 128//128
f 65//65 99//99 86//86
f 99//99 2226//2226 128//128
f 99//99 2166//2166 2226//2226
f 100//100 101//101 64//64
f 2168//2168 2167//2167 101//101
f 2168//2168 101//101 100//100
f 101//101 99//99 65//65
f 101//101 65//65 64//64
f 2167//2167 2166//2166 99//99
f 2167//2167 99//99 101//101
f 2232//2232 100//100 102//102
f 2232//2232 102//102 2230//2230
f 2168//2168 100//100 2232//2232
f 100//100 64//64 12//12
f 100//100 12//12 102//102
f 13//13 103//103 102//102
f 13//13 102//102 12//12
f 14//14 104//104 103//103
f 14//14 103//103 13//13
f 103//103 2229//2229 2230//2230
f 103//103 2230//2230 102//102
f 104//104 2228//2228 2229//2229
f 104//104 2229//2229 103//103
f 2228//2228 104//104 62//62
f 115//115 113//113 7//7
f 115//115 7//7 15//15
f 105//105 106//106 7//7
f 105//105 7//7 113//113
f 107//107 106//106 105//105
f 107//107 8//8 106//106
f 109//109 110//110 108//108
f 109//109 111//111 110//110
f 111//111 8//8 107//107
f 111//111 107//107 110//110
f 120//120 112//112 121//121
f 120//120 118//118 112//112
f 112//112 116//116 113//113
f 118//118 117//117 116//116
f 118//118 116//116 112//112
f 28//28 111//111 109//109
f 28//28 109//109 114//114
f 112//112 115//115 121//121
f 113//113 115//115 112//112
f 116//116 105//105 113//113
f 117//117 107//107 105//105
f 117//117 105//105 116//116
f 108//108 118//118 120//120
f 108//108 110//110 118//118
f 110//110 107//107 117//117
f 110//110 117//117 118//118
f 109//109 238//238 119//119
f 108//108 238//238 109//109
f 120//120 238//238 108//108
f 120//120 122//122 238//238
f 121//121 122//122 120//120
f 115//115 123//123 121//121
f 115//115 239//239 123//123
f 123//123 122//122 121//121
f 109//109 119//119 114//114
f 239//239 115//115 15//15
f 2247//2247 2237//2237 124//124
f 124//124 2236//2236 2197//2197
f 124//124 2197//2197 34//34
f 2237//2237 2236//2236 124//124
f 36//36 124//124 34//34
f 36//36 34//34 35//35
f 2247//2247 124//124 36//36
f 125//125 2248//2248 2247//2247
f 126//126 127//127 98//98
f 127//127 281//281 270//270
f 127//127 126//126 281//281
f 281//281 71//71 254//254
f 126//126 71//71 281//281
f 128//128 68//68 87//87
f 2226//2226 68//68 128//128
f 269//269 70//70 130//130
f 70//70 129//129 130//130
f 130//130 131//131 46//46
f 130//130 46//46 258//258
f 129//129 2224//2224 2129//2129
f 129//129 2215//2215 2224//2224
f 129//129 70//70 2215//2215
f 132//132 131//131 2129//2129
f 2128//2128 67//67 132//132
f 67//67 46//46 131//131
f 67//67 131//131 132//132
f 131//131 130//130 129//129
f 130//130 284//284 269//269
f 134//134 81//81 133//133
f 81//81 74//74 133//133
f 135//135 137//137 57//57
f 136//136 137//137 135//135
f 139//139 142//142 141//141
f 139//139 141//141 138//138
f 140//140 142//142 139//139
f 142//142 92//92 141//141
f 150//150 145//145 228//228
f 150//150 228//228 143//143
f 144//144 146//146 145//145
f 144//144 145//145 150//150
f 145//145 148//148 147//147
f 145//145 147//147 228//228
f 146//146 149//149 148//148
f 146//146 148//148 145//145
f 150//150 143//143 93//93
f 1845//1845 309//309 318//318
f 1845//1845 151//151 309//309
f 309//309 152//152 310//310
f 151//151 196//196 152//152
f 151//151 152//152 309//309
f 156//156 153//153 154//154
f 156//156 154//154 157//157
f 139//139 160//160 159//159
f 139//139 159//159 140//140
f 138//138 161//161 160//160
f 138//138 160//160 139//139
f 160//160 1782//1782 1781//1781
f 160//160 1781//1781 159//159
f 161//161 1776//1776 1782//1782
f 161//161 1782//1782 160//160
f 162//162 163//163 148//148
f 162//162 148//148 149//149
f 138//138 141//141 163//163
f 138//138 163//163 162//162
f 163//163 240//240 147//147
f 163//163 147//147 148//148
f 141//141 92//92 240//240
f 141//141 240//240 163//163
f 164//164 165//165 190//190
f 186//186 164//164 333//333
f 164//164 190//190 333//333
f 167//167 168//168 169//169
f 167//167 169//169 166//166
f 168//168 241//241 164//164
f 241//241 242//242 165//165
f 241//241 165//165 164//164
f 165//165 170//170 315//315
f 165//165 315//315 190//190
f 170//170 1891//1891 158//158
f 170//170 158//158 315//315
f 170//170 1890//1890 1891//1891
f 165//165 242//242 1890//1890
f 165//165 1890//1890 170//170
f 1797//1797 171//171 183//183
f 1797//1797 183//183 1816//1816
f 1829//1829 171//171 1797//1797
f 171//171 1760//1760 183//183
f 171//171 166//166 1760//1760
f 206//206 174//174 172//172
f 1763//1763 1764//1764 174//174
f 1763//1763 174//174 206//206
f 174//174 173//173 172//172
f 184//184 175//175 311//311
f 184//184 176//176 175//175
f 176//176 250//250 177//177
f 176//176 177//177 175//175
f 142//142 178//178 153//153
f 142//142 153//153 92//92
f 140//140 179//179 178//178
f 140//140 178//178 142//142
f 178//178 154//154 153//153
f 179//179 155//155 154//154
f 179//179 154//154 178//178
f 208//208 1769//1769 180//180
f 136//136 181//181 1802//1802
f 136//136 157//157 181//181
f 181//181 182//182 1801//1801
f 157//157 155//155 182//182
f 157//157 182//182 181//181
f 203//203 75//75 52//52
f 183//183 1848//1848 1816//1816
f 164//164 186//186 169//169
f 164//164 169//169 168//168
f 182//182 185//185 1814//1814
f 182//182 1814//1814 1801//1801
f 155//155 179//179 185//185
f 155//155 185//185 182//182
f 185//185 159//159 1781//1781
f 185//185 1781//1781 1814//1814
f 179//179 140//140 159//159
f 179//179 159//159 185//185
f 89//89 135//135 57//57
f 1829//1829 167//167 171//171
f 167//167 166//166 171//171
f 311//311 326//326 189//189
f 189//189 188//188 158//158
f 189//189 158//158 1817//1817
f 326//326 332//332 188//188
f 326//326 188//188 189//189
f 1891//1891 1817//1817 158//158
f 188//188 315//315 158//158
f 332//332 315//315 188//188
f 315//315 316//316 190//190
f 187//187 186//186 201//201
f 191//191 192//192 162//162
f 191//191 162//162 149//149
f 1780//1780 1778//1778 192//192
f 1780//1780 192//192 191//191
f 192//192 161//161 138//138
f 192//192 138//138 162//162
f 1778//1778 1776//1776 161//161
f 1778//1778 161//161 192//192
f 212//212 194//194 94//94
f 193//193 194//194 212//212
f 1845//1845 319//319 1844//1844
f 319//319 197//197 1844//1844
f 1806//1806 195//195 176//176
f 1806//1806 176//176 184//184
f 1832//1832 195//195 1806//1806
f 195//195 250//250 176//176
f 1832//1832 1840//1840 195//195
f 311//311 189//189 184//184
f 189//189 1806//1806 184//184
f 196//196 151//151 245//245
f 318//318 319//319 1845//1845
f 319//319 317//317 197//197
f 310//310 152//152 199//199
f 310//310 199//199 198//198
f 152//152 196//196 214//214
f 152//152 214//214 199//199
f 75//75 200//200 260//260
f 186//186 333//333 201//201
f 200//200 252//252 313//313
f 202//202 137//137 136//136
f 203//203 1769//1769 208//208
f 204//204 57//57 137//137
f 204//204 137//137 1767//1767
f 206//206 207//207 183//183
f 207//207 1848//1848 183//183
f 207//207 1800//1800 1848//1848
f 180//180 1760//1760 209//209
f 252//252 200//200 208//208
f 75//75 208//208 200//200
f 203//203 208//208 75//75
f 208//208 209//209 252//252
f 169//169 187//187 209//209
f 166//166 169//169 209//209
f 1760//1760 166//166 209//209
f 206//206 1760//1760 1763//1763
f 206//206 183//183 1760//1760
f 174//174 211//211 210//210
f 174//174 210//210 173//173
f 174//174 1768//1768 211//211
f 211//211 202//202 1802//1802
f 211//211 1802//1802 210//210
f 1768//1768 202//202 211//211
f 1800//1800 173//173 210//210
f 1800//1800 210//210 1802//1802
f 1800//1800 207//207 173//173
f 207//207 206//206 172//172
f 207//207 172//172 173//173
f 213//213 193//193 212//212
f 196//196 215//215 214//214
f 215//215 216//216 214//214
f 215//215 212//212 216//216
f 194//194 93//93 94//94
f 194//194 150//150 93//93
f 144//144 150//150 194//194
f 90//90 135//135 89//89
f 153//153 156//156 135//135
f 153//153 135//135 90//90
f 156//156 136//136 135//135
f 90//90 92//92 153//153
f 93//93 143//143 239//239
f 216//216 212//212 94//94
f 216//216 94//94 95//95
f 199//199 214//214 217//217
f 217//217 216//216 95//95
f 217//217 95//95 97//97
f 214//214 216//216 217//217
f 243//243 217//217 97//97
f 243//243 97//97 127//127
f 198//198 199//199 217//217
f 198//198 217//217 243//243
f 1858//1858 1859//1859 218//218
f 1858//1858 218//218 213//213
f 218//218 193//193 213//213
f 194//194 219//219 220//220
f 193//193 218//218 219//219
f 193//193 219//219 194//194
f 219//219 1809//1809 1811//1811
f 219//219 1811//1811 220//220
f 218//218 1859//1859 1809//1809
f 218//218 1809//1809 219//219
f 220//220 1811//1811 1865//1865
f 144//144 194//194 220//220
f 221//221 222//222 1866//1866
f 221//221 1866//1866 1864//1864
f 144//144 222//222 221//221
f 222//222 220//220 1865//1865
f 222//222 1865//1865 1866//1866
f 144//144 220//220 222//222
f 221//221 223//223 146//146
f 221//221 146//146 144//144
f 1864//1864 223//223 221//221
f 223//223 224//224 149//149
f 223//223 149//149 146//146
f 1864//1864 1863//1863 224//224
f 1864//1864 224//224 223//223
f 224//224 1863//1863 191//191
f 226//226 228//228 227//227
f 143//143 228//228 226//226
f 228//228 229//229 227//227
f 228//228 147//147 229//229
f 231//231 119//119 230//230
f 231//231 147//147 119//119
f 229//229 147//147 231//231
f 236//236 233//233 234//234
f 236//236 234//234 232//232
f 233//233 237//237 234//234
f 119//119 147//147 240//240
f 235//235 236//236 232//232
f 225//225 236//236 235//235
f 236//236 226//226 233//233
f 225//225 226//226 236//236
f 226//226 227//227 233//233
f 227//227 237//237 233//233
f 227//227 229//229 237//237
f 237//237 230//230 234//234
f 237//237 231//231 230//230
f 237//237 229//229 231//231
f 238//238 230//230 119//119
f 238//238 234//234 230//230
f 238//238 122//122 234//234
f 122//122 232//232 234//234
f 232//232 123//123 235//235
f 122//122 123//123 232//232
f 123//123 239//239 225//225
f 123//123 225//225 235//235
f 92//92 114//114 240//240
f 114//114 119//119 240//240
f 225//225 239//239 143//143
f 167//167 1872//1872 241//241
f 167//167 241//241 168//168
f 241//241 1882//1882 242//242
f 1872//1872 1881//1881 1882//1882
f 1872//1872 1882//1882 241//241
f 242//242 1883//1883 1890//1890
f 1883//1883 1878//1878 1890//1890
f 243//243 244//244 198//198
f 127//127 244//244 243//243
f 244//244 310//310 198//198
f 127//127 270//270 244//244
f 215//215 196//196 245//245
f 215//215 245//245 213//213
f 215//215 213//213 212//212
f 245//245 1858//1858 213//213
f 248//248 246//246 247//247
f 248//248 197//197 249//249
f 197//197 317//317 249//249
f 250//250 246//246 177//177
f 1850//1850 1843//1843 248//248
f 1850//1850 248//248 1792//1792
f 1843//1843 197//197 248//248
f 1844//1844 197//197 1843//1843
f 247//247 251//251 1789//1789
f 247//247 1789//1789 1792//1792
f 246//246 250//250 251//251
f 246//246 251//251 247//247
f 251//251 195//195 1840//1840
f 251//251 1840//1840 1789//1789
f 250//250 195//195 251//251
f 246//246 248//248 249//249
f 252//252 201//201 313//313
f 252//252 209//209 187//187
f 252//252 187//187 201//201
f 262//262 281//281 254//254
f 244//244 270//270 320//320
f 310//310 244//244 336//336
f 256//256 272//272 257//257
f 259//259 261//261 260//260
f 261//261 79//79 260//260
f 303//303 266//266 301//301
f 303//303 262//262 266//266
f 263//263 273//273 274//274
f 263//263 274//274 265//265
f 264//264 273//273 263//263
f 16//16 267//267 266//266
f 267//267 269//269 268//268
f 344//344 270//270 303//303
f 270//270 262//262 303//303
f 299//299 301//301 267//267
f 299//299 267//267 268//268
f 301//301 266//266 267//267
f 271//271 257//257 272//272
f 271//271 258//258 255//255
f 271//271 255//255 257//257
f 272//272 256//256 293//293
f 256//256 257//257 278//278
f 278//278 255//255 277//277
f 257//257 255//255 278//278
f 293//293 256//256 275//275
f 288//288 276//276 306//306
f 288//288 253//253 276//276
f 265//265 278//278 277//277
f 278//278 275//275 256//256
f 265//265 274//274 275//275
f 265//265 275//275 278//278
f 60//60 279//279 264//264
f 279//279 273//273 264//264
f 30//30 279//279 60//60
f 30//30 253//253 279//279
f 61//61 276//276 253//253
f 61//61 253//253 30//30
f 134//134 276//276 61//61
f 271//271 272//272 295//295
f 261//261 280//280 133//133
f 259//259 280//280 261//261
f 260//260 335//335 259//259
f 266//266 17//17 16//16
f 266//266 262//262 254//254
f 266//266 254//254 17//17
f 262//262 270//270 281//281
f 282//282 299//299 268//268
f 283//283 284//284 271//271
f 284//284 130//130 258//258
f 284//284 258//258 271//271
f 283//283 271//271 295//295
f 268//268 285//285 282//282
f 269//269 285//285 268//268
f 285//285 286//286 282//282
f 283//283 286//286 285//285
f 285//285 284//284 283//283
f 285//285 269//269 284//284
f 287//287 288//288 393//393
f 394//394 287//287 393//393
f 287//287 253//253 288//288
f 289//289 287//287 394//394
f 289//289 253//253 287//287
f 289//289 279//279 253//253
f 289//289 273//273 279//279
f 291//291 274//274 290//290
f 290//290 273//273 289//289
f 274//274 273//273 290//290
f 291//291 292//292 274//274
f 292//292 275//275 274//274
f 386//386 294//294 292//292
f 294//294 293//293 292//292
f 293//293 275//275 292//292
f 294//294 272//272 293//293
f 388//388 295//295 294//294
f 388//388 294//294 386//386
f 295//295 272//272 294//294
f 296//296 295//295 388//388
f 296//296 283//283 295//295
f 297//297 286//286 283//283
f 297//297 283//283 296//296
f 297//297 282//282 286//286
f 298//298 297//297 402//402
f 298//298 299//299 282//282
f 298//298 282//282 297//297
f 399//399 302//302 300//300
f 300//300 301//301 299//299
f 300//300 299//299 298//298
f 302//302 301//301 300//300
f 303//303 301//301 302//302
f 304//304 303//303 302//302
f 344//344 303//303 304//304
f 366//366 358//358 397//397
f 358//358 259//259 335//335
f 395//395 305//305 358//358
f 395//395 358//358 366//366
f 396//396 305//305 395//395
f 305//305 280//280 259//259
f 305//305 259//259 358//358
f 288//288 396//396 393//393
f 396//396 406//406 393//393
f 306//306 396//396 288//288
f 306//306 305//305 396//396
f 306//306 280//280 305//305
f 276//276 280//280 306//306
f 133//133 280//280 276//276
f 134//134 133//133 276//276
f 307//307 308//308 356//356
f 307//307 316//316 308//308
f 331//331 307//307 356//356
f 312//312 324//324 323//323
f 200//200 335//335 260//260
f 200//200 313//313 335//335
f 347//347 314//314 345//345
f 314//314 320//320 345//345
f 329//329 315//315 332//332
f 329//329 327//327 315//315
f 327//327 316//316 315//315
f 317//317 319//319 318//318
f 345//345 320//320 344//344
f 320//320 270//270 344//344
f 318//318 321//321 317//317
f 318//318 347//347 321//321
f 312//312 322//322 324//324
f 311//311 175//175 322//322
f 311//311 322//322 312//312
f 322//322 339//339 340//340
f 322//322 340//340 324//324
f 175//175 177//177 339//339
f 175//175 339//339 322//322
f 332//332 326//326 325//325
f 325//325 312//312 323//323
f 326//326 311//311 312//312
f 326//326 312//312 325//325
f 316//316 327//327 308//308
f 327//327 329//329 328//328
f 329//329 330//330 328//328
f 331//331 356//356 363//363
f 323//323 330//330 325//325
f 325//325 329//329 332//332
f 330//330 329//329 325//325
f 307//307 190//190 316//316
f 307//307 333//333 190//190
f 307//307 331//331 333//333
f 331//331 201//201 333//333
f 331//331 363//363 201//201
f 334//334 335//335 313//313
f 309//309 314//314 318//318
f 310//310 336//336 314//314
f 310//310 314//314 309//309
f 314//314 347//347 318//318
f 336//336 320//320 314//314
f 244//244 320//320 336//336
f 317//317 321//321 337//337
f 337//337 321//321 338//338
f 337//337 338//338 343//343
f 339//339 341//341 340//340
f 177//177 246//246 339//339
f 246//246 341//341 339//339
f 340//340 341//341 342//342
f 337//337 249//249 317//317
f 343//343 249//249 337//337
f 342//342 343//343 338//338
f 341//341 343//343 342//342
f 249//249 343//343 341//341
f 249//249 341//341 246//246
f 346//346 344//344 304//304
f 346//346 345//345 344//344
f 346//346 347//347 345//345
f 442//442 348//348 346//346
f 442//442 346//346 444//444
f 348//348 347//347 346//346
f 321//321 347//347 348//348
f 349//349 348//348 442//442
f 349//349 321//321 348//348
f 349//349 338//338 321//321
f 350//350 342//342 338//338
f 350//350 338//338 349//349
f 438//438 342//342 350//350
f 439//439 342//342 438//438
f 340//340 342//342 439//439
f 351//351 340//340 439//439
f 351//351 323//323 324//324
f 351//351 324//324 340//340
f 434//434 352//352 351//351
f 352//352 330//330 323//323
f 352//352 323//323 351//351
f 433//433 352//352 434//434
f 431//431 328//328 352//352
f 431//431 352//352 433//433
f 328//328 330//330 352//352
f 432//432 353//353 431//431
f 432//432 354//354 353//353
f 353//353 328//328 431//431
f 353//353 327//327 328//328
f 354//354 308//308 327//327
f 354//354 327//327 353//353
f 429//429 354//354 432//432
f 429//429 355//355 354//354
f 355//355 356//356 354//354
f 356//356 308//308 354//354
f 428//428 355//355 429//429
f 360//360 356//356 355//355
f 362//362 356//356 360//360
f 362//362 363//363 356//356
f 426//426 357//357 427//427
f 357//357 361//361 427//427
f 357//357 335//335 334//334
f 357//357 334//334 361//361
f 426//426 397//397 357//357
f 397//397 358//358 357//357
f 358//358 335//335 357//357
f 427//427 361//361 359//359
f 361//361 360//360 359//359
f 361//361 362//362 360//360
f 361//361 363//363 362//362
f 334//334 363//363 361//361
f 313//313 201//201 363//363
f 313//313 363//363 334//334
f 474//474 364//364 384//384
f 475//475 364//364 474//474
f 364//364 407//407 384//384
f 407//407 447//447 401//401
f 407//407 401//401 384//384
f 447//447 398//398 401//401
f 365//365 366//366 532//532
f 531//531 405//405 367//367
f 367//367 366//366 365//365
f 530//530 391//391 541//541
f 391//391 406//406 405//405
f 523//523 368//368 391//391
f 523//523 391//391 530//530
f 529//529 368//368 523//523
f 529//529 369//369 368//368
f 483//483 370//370 529//529
f 370//370 369//369 529//529
f 370//370 371//371 369//369
f 373//373 370//370 483//483
f 373//373 371//371 370//370
f 373//373 390//390 371//371
f 372//372 375//375 390//390
f 372//372 390//390 373//373
f 374//374 375//375 372//372
f 459//459 376//376 374//374
f 457//457 376//376 459//459
f 376//376 375//375 374//374
f 376//376 377//377 375//375
f 457//457 378//378 376//376
f 456//456 378//378 457//457
f 378//378 377//377 376//376
f 379//379 377//377 378//378
f 452//452 378//378 456//456
f 452//452 380//380 379//379
f 452//452 379//379 378//378
f 380//380 389//389 379//379
f 381//381 404//404 389//389
f 381//381 389//389 380//380
f 450//450 381//381 380//380
f 450//450 380//380 452//452
f 460//460 382//382 381//381
f 460//460 381//381 450//450
f 382//382 404//404 381//381
f 382//382 403//403 404//404
f 460//460 384//384 382//382
f 383//383 384//384 460//460
f 382//382 401//401 403//403
f 384//384 401//401 382//382
f 474//474 384//384 383//383
f 375//375 385//385 390//390
f 375//375 377//377 385//385
f 385//385 291//291 390//390
f 385//385 386//386 292//292
f 385//385 292//292 291//291
f 387//387 385//385 377//377
f 387//387 386//386 385//385
f 379//379 387//387 377//377
f 387//387 388//388 386//386
f 389//389 387//387 379//379
f 389//389 388//388 387//387
f 389//389 296//296 388//388
f 390//390 290//290 371//371
f 390//390 291//291 290//290
f 290//290 289//289 371//371
f 369//369 394//394 368//368
f 371//371 394//394 369//369
f 371//371 289//289 394//394
f 368//368 394//394 392//392
f 368//368 392//392 391//391
f 392//392 394//394 393//393
f 391//391 392//392 406//406
f 392//392 393//393 406//406
f 367//367 395//395 366//366
f 405//405 396//396 395//395
f 405//405 395//395 367//367
f 366//366 397//397 532//532
f 302//302 446//446 304//304
f 398//398 447//447 446//446
f 399//399 446//446 302//302
f 399//399 398//398 446//446
f 399//399 401//401 398//398
f 300//300 400//400 399//399
f 298//298 400//400 300//300
f 400//400 401//401 399//399
f 403//403 401//401 400//400
f 402//402 400//400 298//298
f 402//402 403//403 400//400
f 402//402 404//404 403//403
f 402//402 296//296 389//389
f 402//402 389//389 404//404
f 296//296 402//402 297//297
f 391//391 405//405 541//541
f 405//405 531//531 541//541
f 406//406 396//396 405//405
f 425//425 571//571 558//558
f 425//425 407//407 571//571
f 571//571 364//364 475//475
f 407//407 364//364 571//571
f 445//445 447//447 407//407
f 445//445 407//407 425//425
f 532//532 426//426 408//408
f 408//408 575//575 574//574
f 426//426 575//575 408//408
f 625//625 410//410 631//631
f 409//409 410//410 625//625
f 410//410 411//411 632//632
f 410//410 632//632 631//631
f 411//411 412//412 632//632
f 411//411 413//413 412//412
f 413//413 414//414 412//412
f 413//413 576//576 414//414
f 413//413 430//430 576//576
f 576//576 416//416 415//415
f 430//430 416//416 576//576
f 550//550 435//435 417//417
f 416//416 435//435 550//550
f 416//416 550//550 415//415
f 435//435 418//418 417//417
f 435//435 420//420 418//418
f 420//420 419//419 418//418
f 420//420 422//422 419//419
f 422//422 421//421 419//419
f 421//421 423//423 545//545
f 422//422 423//423 421//421
f 423//423 440//440 424//424
f 423//423 424//424 547//547
f 423//423 547//547 545//545
f 424//424 546//546 547//547
f 440//440 441//441 424//424
f 441//441 443//443 425//425
f 441//441 425//425 424//424
f 424//424 425//425 546//546
f 425//425 558//558 546//546
f 443//443 445//445 425//425
f 532//532 397//397 426//426
f 575//575 427//427 409//409
f 426//426 427//427 575//575
f 428//428 360//360 355//355
f 410//410 428//428 411//411
f 428//428 429//429 411//411
f 411//411 429//429 413//413
f 429//429 432//432 413//413
f 413//413 432//432 431//431
f 413//413 431//431 430//430
f 430//430 433//433 416//416
f 433//433 434//434 416//416
f 430//430 431//431 433//433
f 435//435 436//436 420//420
f 435//435 434//434 436//436
f 416//416 434//434 435//435
f 434//434 351//351 436//436
f 420//420 436//436 422//422
f 422//422 436//436 437//437
f 436//436 439//439 437//437
f 436//436 351//351 439//439
f 423//423 437//437 440//440
f 422//422 437//437 423//423
f 437//437 439//439 438//438
f 442//442 441//441 349//349
f 441//441 440//440 349//349
f 442//442 444//444 441//441
f 444//444 443//443 441//441
f 445//445 443//443 444//444
f 304//304 446//446 444//444
f 304//304 444//444 346//346
f 446//446 447//447 445//445
f 446//446 445//445 444//444
f 349//349 440//440 350//350
f 440//440 437//437 438//438
f 440//440 438//438 350//350
f 427//427 359//359 409//409
f 359//359 428//428 409//409
f 428//428 410//410 409//409
f 359//359 360//360 428//428
f 473//473 481//481 475//475
f 579//579 617//617 610//610
f 460//460 450//450 448//448
f 448//448 451//451 449//449
f 450//450 452//452 451//451
f 450//450 451//451 448//448
f 453//453 374//374 455//455
f 455//455 372//372 454//454
f 374//374 372//372 455//455
f 457//457 496//496 456//456
f 554//554 458//458 534//534
f 453//453 494//494 459//459
f 453//453 459//459 374//374
f 494//494 496//496 457//457
f 494//494 457//457 459//459
f 460//460 448//448 461//461
f 460//460 461//461 383//383
f 448//448 462//462 461//461
f 448//448 449//449 462//462
f 504//504 461//461 462//462
f 504//504 463//463 461//461
f 463//463 474//474 383//383
f 463//463 383//383 461//461
f 456//456 451//451 452//452
f 498//498 451//451 456//456
f 521//521 533//533 534//534
f 536//536 534//534 533//533
f 536//536 533//533 535//535
f 563//563 554//554 536//536
f 554//554 534//534 536//536
f 464//464 1131//1131 1100//1100
f 465//465 1103//1103 1131//1131
f 465//465 1131//1131 464//464
f 486//486 467//467 466//466
f 486//486 466//466 479//479
f 466//466 467//467 1108//1108
f 469//469 468//468 1098//1098
f 464//464 1100//1100 476//476
f 465//465 471//471 1106//1106
f 465//465 1106//1106 1103//1103
f 471//471 466//466 1108//1108
f 471//471 1108//1108 1106//1106
f 471//471 479//479 466//466
f 468//468 470//470 1098//1098
f 472//472 473//473 463//463
f 472//472 463//463 504//504
f 473//473 474//474 463//463
f 473//473 475//475 474//474
f 470//470 468//468 1430//1430
f 569//569 476//476 470//470
f 564//564 476//476 569//569
f 564//564 464//464 476//476
f 478//478 465//465 477//477
f 477//477 464//464 564//564
f 465//465 464//464 477//477
f 478//478 471//471 465//465
f 479//479 471//471 478//478
f 480//480 486//486 479//479
f 472//472 481//481 473//473
f 468//468 469//469 573//573
f 469//469 482//482 573//573
f 482//482 469//469 1166//1166
f 1111//1111 517//517 640//640
f 486//486 485//485 484//484
f 486//486 487//487 485//485
f 480//480 487//487 486//486
f 480//480 581//581 487//487
f 491//491 488//488 505//505
f 506//506 490//490 489//489
f 489//489 492//492 491//491
f 489//489 491//491 505//505
f 490//490 492//492 489//489
f 490//490 453//453 492//492
f 492//492 455//455 454//454
f 492//492 454//454 491//491
f 453//453 455//455 492//492
f 508//508 493//493 490//490
f 508//508 490//490 506//506
f 493//493 494//494 490//490
f 493//493 495//495 494//494
f 494//494 453//453 490//490
f 495//495 496//496 494//494
f 509//509 495//495 493//493
f 509//509 493//493 508//508
f 509//509 497//497 495//495
f 495//495 497//497 496//496
f 497//497 456//456 496//496
f 510//510 498//498 497//497
f 510//510 497//497 509//509
f 510//510 499//499 498//498
f 498//498 456//456 497//497
f 499//499 451//451 498//498
f 500//500 499//499 510//510
f 500//500 501//501 499//499
f 502//502 501//501 500//500
f 502//502 503//503 501//501
f 501//501 449//449 451//451
f 501//501 451//451 499//499
f 503//503 449//449 501//501
f 503//503 462//462 449//449
f 504//504 462//462 503//503
f 472//472 504//504 522//522
f 1155//1155 506//506 1154//1154
f 1154//1154 489//489 505//505
f 506//506 489//489 1154//1154
f 507//507 506//506 1155//1155
f 507//507 508//508 506//506
f 507//507 509//509 508//508
f 1158//1158 509//509 507//507
f 1161//1161 510//510 509//509
f 1161//1161 509//509 1158//1158
f 1162//1162 510//510 1161//1161
f 1165//1165 500//500 510//510
f 1165//1165 510//510 1162//1162
f 511//511 488//488 528//528
f 505//505 488//488 511//511
f 1165//1165 1164//1164 484//484
f 500//500 484//484 512//512
f 500//500 1165//1165 484//484
f 521//521 534//534 458//458
f 520//520 1181//1181 513//513
f 1121//1121 1117//1117 520//520
f 516//516 514//514 1121//1121
f 515//515 514//514 516//516
f 517//517 515//515 516//516
f 517//517 1110//1110 515//515
f 1111//1111 1110//1110 517//517
f 518//518 1166//1166 1111//1111
f 469//469 1113//1113 1166//1166
f 1113//1113 1112//1112 1166//1166
f 681//681 641//641 518//518
f 641//641 519//519 518//518
f 519//519 482//482 1166//1166
f 519//519 1166//1166 518//518
f 641//641 482//482 519//519
f 1111//1111 640//640 518//518
f 520//520 642//642 1121//1121
f 516//516 1121//1121 642//642
f 516//516 642//642 653//653
f 472//472 487//487 622//622
f 472//472 622//622 583//583
f 622//622 487//487 581//581
f 522//522 485//485 487//487
f 522//522 487//487 472//472
f 503//503 512//512 522//522
f 503//503 522//522 504//504
f 512//512 484//484 522//522
f 522//522 484//484 485//485
f 500//500 512//512 502//502
f 502//502 512//512 503//503
f 454//454 372//372 373//373
f 454//454 373//373 483//483
f 529//529 525//525 524//524
f 523//523 1177//1177 525//525
f 523//523 525//525 529//529
f 530//530 1177//1177 523//523
f 530//530 1179//1179 1177//1177
f 541//541 1179//1179 530//530
f 531//531 540//540 541//541
f 526//526 540//540 531//531
f 532//532 527//527 526//526
f 488//488 524//524 528//528
f 488//488 483//483 524//524
f 491//491 454//454 483//483
f 491//491 483//483 488//488
f 527//527 540//540 526//526
f 1187//1187 528//528 525//525
f 1187//1187 525//525 1178//1178
f 511//511 528//528 1187//1187
f 528//528 524//524 525//525
f 365//365 526//526 367//367
f 526//526 531//531 367//367
f 532//532 526//526 365//365
f 483//483 529//529 524//524
f 539//539 536//536 535//535
f 563//563 536//536 539//539
f 535//535 537//537 541//541
f 533//533 537//537 535//535
f 537//537 1183//1183 1179//1179
f 533//533 538//538 537//537
f 538//538 1183//1183 537//537
f 521//521 538//538 533//533
f 538//538 657//657 513//513
f 521//521 663//663 538//538
f 663//663 657//657 538//538
f 540//540 535//535 541//541
f 540//540 539//539 535//535
f 1179//1179 541//541 537//537
f 542//542 544//544 557//557
f 543//543 545//545 544//544
f 543//543 544//544 542//542
f 544//544 547//547 546//546
f 545//545 547//547 544//544
f 548//548 549//549 594//594
f 415//415 550//550 549//549
f 415//415 549//549 548//548
f 549//549 417//417 593//593
f 549//549 593//593 594//594
f 550//550 417//417 549//549
f 552//552 419//419 551//551
f 552//552 418//418 419//419
f 419//419 421//421 551//551
f 418//418 555//555 593//593
f 418//418 593//593 417//417
f 418//418 552//552 555//555
f 556//556 546//546 558//558
f 621//621 557//557 556//556
f 556//556 544//544 546//546
f 557//557 544//544 556//556
f 556//556 559//559 621//621
f 558//558 559//559 556//556
f 421//421 560//560 551//551
f 545//545 560//560 421//421
f 545//545 543//543 560//560
f 553//553 561//561 562//562
f 561//561 633//633 634//634
f 561//561 553//553 633//633
f 565//565 566//566 477//477
f 565//565 477//477 564//564
f 566//566 567//567 477//477
f 566//566 1439//1439 567//567
f 1440//1440 1471//1471 572//572
f 1440//1440 572//572 568//568
f 573//573 577//577 1431//1431
f 573//573 580//580 577//577
f 1429//1429 1434//1434 569//569
f 569//569 565//565 564//564
f 1434//1434 565//565 569//569
f 1440//1440 570//570 567//567
f 1440//1440 567//567 1439//1439
f 1440//1440 568//568 570//570
f 1431//1431 1430//1430 573//573
f 559//559 481//481 583//583
f 558//558 571//571 559//559
f 571//571 475//475 481//481
f 571//571 481//481 559//559
f 1471//1471 581//581 572//572
f 573//573 1430//1430 468//468
f 1430//1430 1429//1429 470//470
f 1429//1429 569//569 470//470
f 477//477 567//567 478//478
f 567//567 570//570 478//478
f 570//570 568//568 479//479
f 570//570 479//479 478//478
f 568//568 572//572 480//480
f 568//568 480//480 479//479
f 482//482 580//580 573//573
f 577//577 1502//1502 1431//1431
f 577//577 578//578 1502//1502
f 1502//1502 1433//1433 1431//1431
f 572//572 581//581 480//480
f 1471//1471 582//582 581//581
f 582//582 622//622 581//581
f 1485//1485 605//605 582//582
f 583//583 481//481 472//472
f 621//621 559//559 583//583
f 623//623 621//621 584//584
f 623//623 557//557 621//621
f 604//604 586//586 623//623
f 585//585 587//587 586//586
f 585//585 586//586 604//604
f 586//586 542//542 557//557
f 586//586 557//557 623//623
f 587//587 543//543 542//542
f 587//587 542//542 586//586
f 602//602 588//588 585//585
f 600//600 588//588 602//602
f 588//588 589//589 587//587
f 588//588 587//587 585//585
f 589//589 560//560 543//543
f 589//589 543//543 587//587
f 589//589 551//551 560//560
f 599//599 591//591 588//588
f 599//599 588//588 600//600
f 590//590 591//591 599//599
f 591//591 589//589 588//588
f 591//591 552//552 551//551
f 591//591 551//551 589//589
f 590//590 552//552 591//591
f 592//592 555//555 590//590
f 597//597 555//555 592//592
f 597//597 593//593 555//555
f 555//555 552//552 590//590
f 596//596 594//594 593//593
f 596//596 593//593 597//597
f 1496//1496 548//548 594//594
f 1496//1496 594//594 596//596
f 595//595 624//624 1496//1496
f 596//596 1495//1495 1496//1496
f 597//597 1494//1494 1495//1495
f 597//597 1495//1495 596//596
f 592//592 598//598 597//597
f 590//590 598//598 592//592
f 598//598 1493//1493 1494//1494
f 598//598 1494//1494 597//597
f 599//599 598//598 590//590
f 599//599 601//601 598//598
f 600//600 601//601 599//599
f 600//600 1491//1491 601//601
f 585//585 603//603 602//602
f 602//602 1491//1491 600//600
f 604//604 603//603 585//585
f 584//584 605//605 604//604
f 604//604 606//606 603//603
f 605//605 606//606 604//604
f 578//578 607//607 1502//1502
f 607//607 1504//1504 1502//1502
f 608//608 609//609 607//607
f 608//608 607//607 578//578
f 579//579 609//609 608//608
f 609//609 1447//1447 607//607
f 579//579 610//610 609//609
f 610//610 611//611 609//609
f 611//611 1446//1446 609//609
f 612//612 1454//1454 611//611
f 612//612 611//611 610//610
f 613//613 1453//1453 1454//1454
f 613//613 1454//1454 612//612
f 1452//1452 1453//1453 613//613
f 618//618 553//553 562//562
f 618//618 554//554 553//553
f 458//458 554//554 618//618
f 665//665 615//615 641//641
f 666//666 616//616 615//615
f 666//666 617//617 616//616
f 615//615 580//580 641//641
f 580//580 482//482 641//641
f 616//616 608//608 580//580
f 579//579 608//608 616//616
f 608//608 578//578 577//577
f 608//608 577//577 580//580
f 615//615 616//616 580//580
f 616//616 617//617 579//579
f 614//614 637//637 636//636
f 614//614 619//619 637//637
f 1443//1443 1452//1452 619//619
f 1452//1452 683//683 619//619
f 613//613 683//683 1452//1452
f 683//683 613//613 620//620
f 620//620 613//613 612//612
f 621//621 622//622 584//584
f 583//583 622//622 621//621
f 622//622 582//582 605//605
f 622//622 605//605 584//584
f 623//623 584//584 604//604
f 414//414 576//576 624//624
f 576//576 415//415 548//548
f 576//576 548//548 624//624
f 574//574 527//527 532//532
f 626//626 629//629 574//574
f 1507//1507 635//635 631//631
f 627//627 1507//1507 631//631
f 628//628 624//624 595//595
f 624//624 548//548 1496//1496
f 574//574 629//629 527//527
f 629//629 540//540 527//527
f 626//626 630//630 629//629
f 628//628 1497//1497 627//627
f 408//408 574//574 532//532
f 575//575 626//626 574//574
f 409//409 625//625 626//626
f 409//409 626//626 575//575
f 632//632 627//627 631//631
f 412//412 628//628 632//632
f 628//628 627//627 632//632
f 628//628 414//414 624//624
f 628//628 412//412 414//414
f 563//563 553//553 554//554
f 633//633 553//553 563//563
f 633//633 563//563 539//539
f 630//630 634//634 633//633
f 1441//1441 634//634 635//635
f 1441//1441 561//561 634//634
f 636//636 561//561 1441//1441
f 1461//1461 636//636 1441//1441
f 636//636 562//562 561//561
f 636//636 637//637 562//562
f 629//629 539//539 540//540
f 629//629 633//633 539//539
f 630//630 633//633 629//629
f 626//626 635//635 630//630
f 626//626 625//625 635//635
f 625//625 631//631 635//635
f 635//635 634//634 630//630
f 676//676 669//669 719//719
f 662//662 638//638 640//640
f 639//639 517//517 516//516
f 640//640 639//639 662//662
f 640//640 517//517 639//639
f 638//638 518//518 640//640
f 681//681 518//518 638//638
f 653//653 639//639 516//516
f 653//653 662//662 639//639
f 648//648 643//643 701//701
f 648//648 701//701 699//699
f 654//654 704//704 646//646
f 644//644 704//704 652//652
f 710//710 704//704 644//644
f 650//650 649//649 698//698
f 698//698 710//710 650//650
f 702//702 649//649 699//699
f 649//649 648//648 699//699
f 705//705 647//647 645//645
f 704//704 654//654 652//652
f 660//660 659//659 648//648
f 660//660 648//648 649//649
f 659//659 656//656 648//648
f 675//675 645//645 655//655
f 656//656 643//643 648//648
f 664//664 643//643 656//656
f 710//710 644//644 650//650
f 650//650 658//658 660//660
f 650//650 660//660 649//649
f 655//655 645//645 647//647
f 655//655 647//647 661//661
f 654//654 646//646 651//651
f 650//650 644//644 653//653
f 644//644 662//662 653//653
f 654//654 638//638 652//652
f 681//681 638//638 654//654
f 681//681 654//654 651//651
f 618//618 655//655 458//458
f 656//656 657//657 664//664
f 658//658 650//650 653//653
f 658//658 659//659 660//660
f 644//644 652//652 662//662
f 661//661 458//458 655//655
f 661//661 521//521 458//458
f 662//662 652//652 638//638
f 658//658 653//653 642//642
f 520//520 658//658 642//642
f 513//513 659//659 520//520
f 659//659 658//658 520//520
f 657//657 659//659 513//513
f 657//657 656//656 659//659
f 664//664 657//657 663//663
f 661//661 663//663 521//521
f 661//661 664//664 663//663
f 661//661 647//647 664//664
f 647//647 643//643 664//664
f 647//647 706//706 643//643
f 706//706 701//701 643//643
f 667//667 676//676 680//680
f 666//666 676//676 667//667
f 665//665 641//641 681//681
f 678//678 666//666 665//665
f 676//676 666//666 678//678
f 666//666 615//615 665//665
f 667//667 617//617 666//666
f 667//667 610//610 617//617
f 667//667 612//612 610//610
f 612//612 667//667 620//620
f 678//678 646//646 724//724
f 700//700 645//645 670//670
f 721//721 674//674 722//722
f 719//719 671//671 672//672
f 671//671 722//722 672//672
f 720//720 674//674 721//721
f 720//720 668//668 674//674
f 724//724 669//669 678//678
f 668//668 685//685 674//674
f 685//685 682//682 674//674
f 670//670 645//645 675//675
f 668//668 686//686 685//685
f 668//668 687//687 686//686
f 680//680 719//719 672//672
f 719//719 680//680 676//676
f 651//651 646//646 678//678
f 672//672 722//722 677//677
f 682//682 677//677 674//674
f 677//677 722//722 674//674
f 673//673 670//670 675//675
f 673//673 675//675 684//684
f 680//680 672//672 679//679
f 676//676 678//678 669//669
f 678//678 681//681 651//651
f 678//678 665//665 681//681
f 675//675 618//618 562//562
f 675//675 655//655 618//618
f 677//677 683//683 679//679
f 679//679 672//672 677//677
f 682//682 685//685 619//619
f 677//677 682//682 683//683
f 675//675 562//562 684//684
f 637//637 684//684 562//562
f 619//619 685//685 637//637
f 619//619 683//683 682//682
f 620//620 679//679 683//683
f 667//667 680//680 679//679
f 667//667 679//679 620//620
f 685//685 684//684 637//637
f 686//686 684//684 685//685
f 686//686 673//673 684//684
f 686//686 725//725 673//673
f 687//687 725//725 686//686
f 791//791 688//688 760//760
f 688//688 791//791 689//689
f 688//688 689//689 707//707
f 791//791 693//693 689//689
f 791//791 792//792 693//693
f 691//691 804//804 690//690
f 691//691 1047//1047 804//804
f 692//692 1047//1047 691//691
f 688//688 707//707 690//690
f 693//693 792//792 703//703
f 695//695 696//696 782//782
f 709//709 696//696 695//695
f 696//696 911//911 782//782
f 782//782 697//697 695//695
f 712//712 697//697 793//793
f 697//697 782//782 793//793
f 701//701 706//706 707//707
f 699//699 701//701 708//708
f 702//702 699//699 708//708
f 702//702 698//698 649//649
f 702//702 703//703 698//698
f 703//703 694//694 698//698
f 704//704 710//710 711//711
f 704//704 712//712 646//646
f 700//700 691//691 705//705
f 700//700 705//705 645//645
f 694//694 710//710 698//698
f 706//706 705//705 690//690
f 707//707 706//706 690//690
f 708//708 701//701 689//689
f 708//708 689//689 693//693
f 701//701 707//707 689//689
f 708//708 703//703 702//702
f 693//693 703//703 708//708
f 709//709 710//710 694//694
f 711//711 710//710 709//709
f 695//695 711//711 709//709
f 695//695 697//697 711//711
f 712//712 704//704 697//697
f 646//646 712//712 713//713
f 691//691 690//690 705//705
f 711//711 697//697 704//704
f 705//705 706//706 647//647
f 714//714 1082//1082 1071//1071
f 714//714 1071//1071 726//726
f 727//727 1082//1082 714//714
f 1076//1076 715//715 1083//1083
f 715//715 1047//1047 692//692
f 726//726 1071//1071 1083//1083
f 692//692 1083//1083 715//715
f 1086//1086 727//727 730//730
f 1086//1086 1082//1082 727//727
f 731//731 1086//1086 730//730
f 718//718 1085//1085 732//732
f 1064//1064 1085//1085 718//718
f 1064//1064 1092//1092 1085//1085
f 716//716 718//718 732//732
f 718//718 1061//1061 1064//1064
f 1061//1061 718//718 713//713
f 718//718 717//717 713//713
f 718//718 716//716 717//717
f 668//668 728//728 687//687
f 668//668 720//720 728//728
f 728//728 720//720 729//729
f 729//729 720//720 721//721
f 671//671 721//721 722//722
f 671//671 732//732 731//731
f 719//719 732//732 671//671
f 723//723 719//719 669//669
f 646//646 717//717 724//724
f 692//692 670//670 673//673
f 724//724 723//723 669//669
f 700//700 670//670 692//692
f 691//691 700//700 692//692
f 692//692 725//725 1083//1083
f 692//692 673//673 725//725
f 1083//1083 725//725 726//726
f 725//725 687//687 726//726
f 714//714 728//728 729//729
f 714//714 729//729 727//727
f 726//726 728//728 714//714
f 687//687 728//728 726//726
f 727//727 729//729 730//730
f 721//721 730//730 729//729
f 731//731 730//730 671//671
f 671//671 730//730 721//721
f 732//732 719//719 723//723
f 723//723 716//716 732//732
f 717//717 646//646 713//713
f 724//724 717//717 723//723
f 717//717 716//716 723//723
f 824//824 759//759 809//809
f 915//915 798//798 802//802
f 822//822 827//827 757//757
f 745//745 833//833 834//834
f 745//745 835//835 833//833
f 840//840 838//838 839//839
f 803//803 783//783 911//911
f 1012//1012 1007//1007 988//988
f 1033//1033 1081//1081 1056//1056
f 991//991 1040//1040 1039//1039
f 1066//1066 1081//1081 1092//1092
f 914//914 802//802 910//910
f 734//734 733//733 909//909
f 779//779 736//736 739//739
f 794//794 784//784 739//739
f 794//794 739//739 737//737
f 740//740 1030//1030 786//786
f 737//737 740//740 786//786
f 736//736 779//779 798//798
f 739//739 738//738 737//737
f 739//739 736//736 738//738
f 738//738 741//741 740//740
f 737//737 738//738 740//740
f 1031//1031 740//740 741//741
f 1031//1031 1030//1030 740//740
f 733//733 743//743 744//744
f 744//744 1035//1035 742//742
f 767//767 1035//1035 744//744
f 1034//1034 742//742 1035//1035
f 743//743 799//799 755//755
f 744//744 743//743 755//755
f 831//831 745//745 834//834
f 835//835 832//832 833//833
f 746//746 748//748 747//747
f 748//748 809//809 747//747
f 747//747 749//749 746//746
f 749//749 807//807 746//746
f 759//759 749//749 747//747
f 750//750 749//749 759//759
f 751//751 753//753 754//754
f 752//752 753//753 751//751
f 753//753 762//762 754//754
f 832//832 754//754 762//762
f 833//833 832//832 763//763
f 810//810 830//830 755//755
f 767//767 744//744 755//755
f 756//756 757//757 825//825
f 756//756 758//758 757//757
f 799//799 824//824 809//809
f 759//759 824//824 758//758
f 809//809 759//759 747//747
f 759//759 761//761 750//750
f 769//769 828//828 762//762
f 763//763 832//832 762//762
f 764//764 765//765 763//763
f 833//833 763//763 765//765
f 833//833 765//765 834//834
f 766//766 834//834 765//765
f 766//766 755//755 830//830
f 765//765 764//764 766//766
f 767//767 766//766 764//764
f 768//768 1035//1035 767//767
f 768//768 767//767 764//764
f 768//768 1043//1043 1035//1035
f 752//752 751//751 829//829
f 760//760 688//688 790//790
f 688//688 769//769 790//790
f 1047//1047 828//828 804//804
f 775//775 771//771 772//772
f 772//772 1049//1049 842//842
f 772//772 842//842 773//773
f 777//777 774//774 773//773
f 774//774 772//772 773//773
f 777//777 776//776 774//774
f 774//774 775//775 772//772
f 774//774 776//776 775//775
f 776//776 784//784 775//775
f 777//777 773//773 778//778
f 783//783 777//777 778//778
f 912//912 776//776 777//777
f 912//912 826//826 798//798
f 798//798 779//779 912//912
f 912//912 779//779 776//776
f 794//794 771//771 775//775
f 771//771 794//794 795//795
f 736//736 798//798 780//780
f 798//798 915//915 780//780
f 780//780 741//741 736//736
f 736//736 741//741 738//738
f 781//781 793//793 805//805
f 782//782 805//805 793//793
f 781//781 805//805 797//797
f 805//805 806//806 797//797
f 778//778 806//806 783//783
f 783//783 803//803 912//912
f 785//785 795//795 786//786
f 737//737 786//786 794//794
f 786//786 1030//1030 1019//1019
f 1019//1019 785//785 786//786
f 785//785 787//787 795//795
f 771//771 795//795 785//785
f 806//806 796//796 797//797
f 816//816 801//801 796//796
f 801//801 800//800 796//796
f 789//789 801//801 817//817
f 788//788 801//801 789//789
f 790//790 753//753 752//752
f 770//770 764//764 828//828
f 768//768 764//764 770//770
f 1043//1043 768//768 1045//1045
f 768//768 770//770 1045//1045
f 769//769 753//753 790//790
f 762//762 753//753 769//769
f 742//742 733//733 744//744
f 743//743 734//734 823//823
f 763//763 828//828 764//764
f 828//828 763//763 762//762
f 712//712 793//793 713//713
f 785//785 795//795 787//787
f 786//786 795//795 794//794
f 758//758 761//761 759//759
f 758//758 756//756 761//761
f 761//761 756//756 760//760
f 750//750 829//829 749//749
f 739//739 784//784 779//779
f 823//823 799//799 743//743
f 794//794 775//775 784//784
f 797//797 796//796 800//800
f 1075//1075 800//800 788//788
f 913//913 800//800 1075//1075
f 798//798 826//826 802//802
f 788//788 800//800 801//801
f 772//772 771//771 1049//1049
f 758//758 910//910 757//757
f 758//758 823//823 910//910
f 823//823 824//824 799//799
f 826//826 822//822 802//802
f 910//910 802//802 822//822
f 792//792 825//825 703//703
f 911//911 696//696 827//827
f 827//827 696//696 694//694
f 791//791 760//760 792//792
f 792//792 756//756 825//825
f 792//792 760//760 756//756
f 804//804 688//688 690//690
f 804//804 769//769 688//688
f 783//783 806//806 805//805
f 912//912 777//777 783//783
f 771//771 785//785 1019//1019
f 746//746 808//808 748//748
f 746//746 807//807 808//808
f 808//808 809//809 748//748
f 808//808 836//836 809//809
f 809//809 836//836 810//810
f 836//836 837//837 810//810
f 837//837 838//838 810//810
f 838//838 830//830 810//810
f 745//745 831//831 811//811
f 817//817 931//931 789//789
f 796//796 806//806 812//812
f 778//778 813//813 806//806
f 778//778 814//814 813//813
f 778//778 846//846 814//814
f 773//773 846//846 778//778
f 842//842 846//846 773//773
f 813//813 812//812 806//806
f 813//813 815//815 812//812
f 796//796 812//812 816//816
f 801//801 816//816 817//817
f 821//821 847//847 845//845
f 818//818 821//821 845//845
f 818//818 845//845 844//844
f 819//819 818//818 844//844
f 819//819 844//844 843//843
f 853//853 821//821 818//818
f 820//820 819//819 843//843
f 853//853 818//818 819//819
f 819//819 820//820 852//852
f 820//820 925//925 852//852
f 847//847 821//821 855//855
f 694//694 696//696 709//709
f 694//694 703//703 825//825
f 694//694 825//825 827//827
f 758//758 824//824 823//823
f 822//822 911//911 827//827
f 803//803 911//911 822//822
f 827//827 825//825 757//757
f 822//822 826//826 803//803
f 1047//1047 770//770 828//828
f 828//828 769//769 804//804
f 752//752 829//829 750//750
f 799//799 810//810 755//755
f 755//755 766//766 767//767
f 810//810 799//799 809//809
f 807//807 829//829 840//840
f 749//749 829//829 807//807
f 835//835 840//840 829//829
f 751//751 835//835 829//829
f 838//838 811//811 830//830
f 830//830 811//811 834//834
f 811//811 831//831 834//834
f 830//830 834//834 766//766
f 754//754 835//835 751//751
f 832//832 835//835 754//754
f 752//752 761//761 790//790
f 750//750 761//761 752//752
f 761//761 760//760 790//790
f 835//835 811//811 840//840
f 835//835 745//745 811//811
f 807//807 839//839 808//808
f 808//808 839//839 836//836
f 837//837 839//839 838//838
f 836//836 839//839 837//837
f 811//811 838//838 840//840
f 839//839 807//807 840//840
f 820//820 842//842 841//841
f 843//843 842//842 820//820
f 843//843 846//846 842//842
f 844//844 846//846 843//843
f 845//845 814//814 846//846
f 845//845 846//846 844//844
f 847//847 814//814 845//845
f 847//847 813//813 814//814
f 855//855 848//848 847//847
f 847//847 848//848 813//813
f 848//848 815//815 813//813
f 815//815 849//849 850//850
f 815//815 850//850 812//812
f 812//812 850//850 851//851
f 812//812 851//851 816//816
f 816//816 851//851 817//817
f 858//858 819//819 852//852
f 858//858 853//853 819//819
f 858//858 855//855 853//853
f 855//855 821//821 853//853
f 854//854 855//855 858//858
f 855//855 854//854 892//892
f 849//849 856//856 850//850
f 850//850 856//856 851//851
f 851//851 856//856 857//857
f 851//851 857//857 817//817
f 852//852 860//860 858//858
f 936//936 860//860 852//852
f 860//860 859//859 854//854
f 860//860 854//854 858//858
f 854//854 859//859 893//893
f 854//854 893//893 892//892
f 937//937 860//860 936//936
f 937//937 861//861 860//860
f 939//939 861//861 937//937
f 939//939 862//862 861//861
f 942//942 862//862 939//939
f 862//862 859//859 861//861
f 859//859 860//860 861//861
f 862//862 893//893 859//859
f 817//817 944//944 931//931
f 857//857 944//944 817//817
f 856//856 863//863 857//857
f 869//869 968//968 874//874
f 869//869 874//874 888//888
f 856//856 865//865 863//863
f 869//869 949//949 968//968
f 864//864 949//949 869//869
f 849//849 906//906 856//856
f 906//906 865//865 856//856
f 906//906 905//905 865//865
f 905//905 876//876 865//865
f 905//905 866//866 868//868
f 905//905 868//868 876//876
f 869//869 867//867 864//864
f 869//869 868//868 867//867
f 869//869 887//887 868//868
f 887//887 876//876 868//868
f 887//887 957//957 876//876
f 888//888 887//887 869//869
f 871//871 870//870 873//873
f 871//871 955//955 870//870
f 873//873 888//888 874//874
f 870//870 889//889 873//873
f 874//874 871//871 873//873
f 889//889 870//870 872//872
f 870//870 955//955 872//872
f 957//957 887//887 889//889
f 875//875 876//876 957//957
f 875//875 865//865 876//876
f 863//863 865//865 875//875
f 944//944 857//857 863//863
f 877//877 907//907 886//886
f 879//879 880//880 878//878
f 879//879 884//884 880//880
f 881//881 883//883 882//882
f 904//904 884//884 879//879
f 877//877 884//884 904//904
f 880//880 885//885 881//881
f 884//884 885//885 880//880
f 885//885 883//883 881//881
f 886//886 885//885 884//884
f 886//886 884//884 877//877
f 888//888 873//873 887//887
f 889//889 956//956 957//957
f 887//887 873//873 889//889
f 848//848 891//891 890//890
f 848//848 890//890 815//815
f 855//855 892//892 848//848
f 892//892 891//891 848//848
f 893//893 891//891 892//892
f 893//893 895//895 894//894
f 893//893 894//894 891//891
f 895//895 885//885 894//894
f 862//862 896//896 893//893
f 896//896 897//897 893//893
f 897//897 898//898 895//895
f 897//897 895//895 893//893
f 895//895 883//883 885//885
f 898//898 883//883 895//895
f 942//942 896//896 862//862
f 896//896 899//899 897//897
f 899//899 900//900 898//898
f 899//899 898//898 897//897
f 900//900 882//882 883//883
f 900//900 883//883 898//898
f 864//864 902//902 901//901
f 864//864 901//901 949//949
f 902//902 903//903 901//901
f 903//903 879//879 878//878
f 903//903 878//878 901//901
f 867//867 902//902 864//864
f 868//868 866//866 867//867
f 867//867 904//904 903//903
f 867//867 903//903 902//902
f 866//866 904//904 867//867
f 904//904 879//879 903//903
f 866//866 877//877 904//904
f 905//905 907//907 877//877
f 905//905 877//877 866//866
f 906//906 907//907 905//905
f 849//849 908//908 906//906
f 908//908 907//907 906//906
f 908//908 886//886 907//907
f 815//815 890//890 849//849
f 890//890 908//908 849//849
f 890//890 894//894 908//908
f 890//890 891//891 894//894
f 894//894 886//886 908//908
f 886//886 894//894 885//885
f 914//914 734//734 909//909
f 735//735 916//916 909//909
f 741//741 735//735 1031//1031
f 910//910 822//822 757//757
f 911//911 805//805 782//782
f 805//805 911//911 783//783
f 803//803 826//826 912//912
f 776//776 779//779 784//784
f 797//797 913//913 781//781
f 913//913 797//797 800//800
f 733//733 742//742 735//735
f 734//734 743//743 733//733
f 914//914 823//823 734//734
f 910//910 823//823 914//914
f 915//915 802//802 914//914
f 916//916 780//780 915//915
f 916//916 741//741 780//780
f 916//916 735//735 741//741
f 733//733 735//735 909//909
f 919//919 1050//1050 918//918
f 921//921 917//917 1065//1065
f 927//927 922//922 923//923
f 922//922 924//924 923//923
f 926//926 923//923 924//924
f 924//924 925//925 926//926
f 926//926 925//925 841//841
f 925//925 820//820 841//841
f 924//924 922//922 934//934
f 925//925 924//924 932//932
f 934//934 922//922 927//927
f 842//842 920//920 841//841
f 920//920 926//926 841//841
f 920//920 919//919 926//926
f 919//919 923//923 926//926
f 918//918 923//923 919//919
f 918//918 927//927 923//923
f 918//918 917//917 927//927
f 917//917 928//928 927//927
f 928//928 934//934 927//927
f 917//917 921//921 928//928
f 930//930 929//929 921//921
f 930//930 921//921 1084//1084
f 852//852 925//925 932//932
f 924//924 933//933 932//932
f 924//924 934//934 933//933
f 971//971 933//933 934//934
f 935//935 929//929 930//930
f 945//945 935//935 930//930
f 945//945 930//930 1084//1084
f 931//931 945//945 1084//1084
f 932//932 936//936 852//852
f 933//933 940//940 932//932
f 971//971 941//941 940//940
f 971//971 940//940 933//933
f 936//936 938//938 937//937
f 936//936 940//940 938//938
f 932//932 940//940 936//936
f 938//938 939//939 937//937
f 940//940 939//939 938//938
f 940//940 941//941 939//939
f 941//941 942//942 939//939
f 941//941 943//943 942//942
f 944//944 945//945 931//931
f 945//945 958//958 935//935
f 944//944 958//958 945//945
f 958//958 946//946 935//935
f 958//958 947//947 946//946
f 968//968 949//949 951//951
f 951//951 949//949 948//948
f 950//950 979//979 947//947
f 953//953 952//952 950//950
f 978//978 952//952 948//948
f 952//952 951//951 948//948
f 952//952 953//953 951//951
f 953//953 968//968 951//951
f 955//955 871//871 954//954
f 956//956 889//889 872//872
f 954//954 871//871 874//874
f 954//954 874//874 969//969
f 955//955 954//954 872//872
f 872//872 969//969 956//956
f 954//954 969//969 872//872
f 957//957 953//953 875//875
f 953//953 950//950 875//875
f 950//950 947//947 875//875
f 947//947 863//863 875//875
f 958//958 944//944 863//863
f 947//947 958//958 863//863
f 959//959 961//961 960//960
f 880//880 967//967 962//962
f 880//880 962//962 878//878
f 881//881 965//965 880//880
f 882//882 963//963 965//965
f 882//882 965//965 881//881
f 965//965 967//967 880//880
f 967//967 959//959 964//964
f 967//967 964//964 962//962
f 959//959 960//960 964//964
f 963//963 966//966 965//965
f 966//966 967//967 965//965
f 966//966 983//983 967//967
f 967//967 983//983 959//959
f 956//956 969//969 968//968
f 956//956 968//968 953//953
f 969//969 874//874 968//968
f 957//957 956//956 953//953
f 970//970 928//928 921//921
f 970//970 987//987 928//928
f 928//928 987//987 934//934
f 987//987 971//971 934//934
f 987//987 986//986 971//971
f 986//986 972//972 971//971
f 972//972 941//941 971//971
f 986//986 973//973 972//972
f 983//983 966//966 973//973
f 983//983 973//973 986//986
f 972//972 943//943 941//941
f 972//972 974//974 943//943
f 973//973 975//975 974//974
f 973//973 974//974 972//972
f 966//966 963//963 975//975
f 966//966 975//975 973//973
f 943//943 974//974 942//942
f 974//974 896//896 942//942
f 974//974 899//899 896//896
f 975//975 900//900 899//899
f 975//975 899//899 974//974
f 963//963 882//882 900//900
f 963//963 900//900 975//975
f 901//901 976//976 949//949
f 976//976 948//948 949//949
f 878//878 962//962 976//976
f 878//878 976//976 901//901
f 976//976 977//977 948//948
f 977//977 978//978 948//948
f 976//976 964//964 977//977
f 962//962 964//964 976//976
f 964//964 978//978 977//977
f 964//964 960//960 978//978
f 978//978 960//960 952//952
f 952//952 979//979 950//950
f 960//960 979//979 952//952
f 960//960 961//961 979//979
f 979//979 946//946 947//947
f 980//980 946//946 979//979
f 979//979 961//961 980//980
f 980//980 982//982 935//935
f 980//980 935//935 946//946
f 961//961 981//981 980//980
f 961//961 959//959 981//981
f 981//981 982//982 980//980
f 982//982 984//984 929//929
f 982//982 929//929 935//935
f 981//981 983//983 984//984
f 981//981 984//984 982//982
f 959//959 983//983 981//981
f 984//984 970//970 921//921
f 984//984 921//921 929//929
f 985//985 970//970 984//984
f 985//985 987//987 970//970
f 983//983 985//985 984//984
f 986//986 985//985 983//983
f 986//986 987//987 985//985
f 1004//1004 1012//1012 988//988
f 1040//1040 991//991 989//989
f 989//989 990//990 992//992
f 991//991 990//990 989//989
f 992//992 993//993 989//989
f 989//989 1041//1041 1040//1040
f 989//989 993//993 1041//1041
f 995//995 994//994 1013//1013
f 1013//1013 1009//1009 995//995
f 995//995 996//996 1002//1002
f 995//995 1009//1009 996//996
f 996//996 998//998 997//997
f 998//998 1004//1004 997//997
f 1001//1001 1005//1005 991//991
f 996//996 997//997 1002//1002
f 997//997 1003//1003 1044//1044
f 1003//1003 997//997 1004//1004
f 1003//1003 1011//1011 1010//1010
f 999//999 1010//1010 1000//1000
f 1044//1044 1003//1003 1010//1010
f 1044//1044 1010//1010 999//999
f 996//996 1012//1012 998//998
f 1009//1009 1012//1012 996//996
f 1009//1009 1007//1007 1012//1012
f 988//988 1014//1014 1011//1011
f 1015//1015 990//990 991//991
f 1005//1005 1015//1015 991//991
f 1006//1006 1005//1005 1000//1000
f 999//999 1000//1000 1001//1001
f 1001//1001 1000//1000 1005//1005
f 1008//1008 1007//1007 993//993
f 1010//1010 1006//1006 1000//1000
f 1004//1004 1011//1011 1003//1003
f 1012//1012 1004//1004 998//998
f 1013//1013 993//993 1007//1007
f 1013//1013 1007//1007 1009//1009
f 994//994 1041//1041 993//993
f 994//994 993//993 1013//1013
f 1004//1004 988//988 1011//1011
f 1011//1011 1014//1014 1010//1010
f 1008//1008 988//988 1007//1007
f 1014//1014 988//988 1008//1008
f 1015//1015 992//992 990//990
f 1005//1005 1016//1016 1015//1015
f 1006//1006 1016//1016 1005//1005
f 992//992 1017//1017 993//993
f 1006//1006 1017//1017 1016//1016
f 1016//1016 1017//1017 1015//1015
f 1015//1015 1017//1017 992//992
f 1014//1014 1006//1006 1010//1010
f 1018//1018 1006//1006 1014//1014
f 1006//1006 1018//1018 1017//1017
f 1008//1008 1017//1017 1014//1014
f 1017//1017 1018//1018 1014//1014
f 1008//1008 993//993 1017//1017
f 1048//1048 771//771 1019//1019
f 1028//1028 1020//1020 1019//1019
f 1019//1019 1020//1020 1021//1021
f 1021//1021 1048//1048 1019//1019
f 1026//1026 1020//1020 1028//1028
f 1020//1020 1026//1026 1021//1021
f 1036//1036 1024//1024 1088//1088
f 1036//1036 1023//1023 1024//1024
f 1091//1091 1023//1023 1072//1072
f 1026//1026 1029//1029 1058//1058
f 1030//1030 1027//1027 1019//1019
f 1027//1027 1028//1028 1019//1019
f 1077//1077 1058//1058 1029//1029
f 1026//1026 1028//1028 1029//1029
f 1022//1022 1072//1072 1029//1029
f 1022//1022 1029//1029 1028//1028
f 1032//1032 1022//1022 1027//1027
f 1022//1022 1028//1028 1027//1027
f 1027//1027 1030//1030 1031//1031
f 1027//1027 1031//1031 1032//1032
f 1031//1031 735//735 1032//1032
f 1025//1025 735//735 742//742
f 1001//1001 1037//1037 1038//1038
f 1038//1038 1037//1037 1034//1034
f 1001//1001 1038//1038 999//999
f 1089//1089 1079//1079 1090//1090
f 1079//1079 1039//1039 1090//1090
f 1001//1001 991//991 1039//1039
f 1001//1001 1039//1039 1088//1088
f 1041//1041 1090//1090 1040//1040
f 1044//1044 999//999 1043//1043
f 1043//1043 999//999 1038//1038
f 1043//1043 1038//1038 1035//1035
f 1038//1038 1034//1034 1035//1035
f 735//735 1025//1025 1032//1032
f 1037//1037 1093//1093 1034//1034
f 1025//1025 742//742 1093//1093
f 1070//1070 1076//1076 1071//1071
f 1047//1047 1046//1046 770//770
f 770//770 1046//1046 1045//1045
f 771//771 1048//1048 1049//1049
f 1050//1050 842//842 1053//1053
f 842//842 1049//1049 1053//1053
f 1054//1054 1053//1053 1049//1049
f 1050//1050 1053//1053 1051//1051
f 1077//1077 1029//1029 1072//1072
f 1053//1053 1054//1054 1051//1051
f 1054//1054 1052//1052 1051//1051
f 1052//1052 1058//1058 1057//1057
f 1055//1055 1050//1050 1051//1051
f 1065//1065 1055//1055 1066//1066
f 1066//1066 1055//1055 1056//1056
f 1055//1055 1051//1051 1056//1056
f 1052//1052 1056//1056 1051//1051
f 1052//1052 1057//1057 1056//1056
f 1033//1033 1056//1056 1057//1057
f 1057//1057 1058//1058 1077//1077
f 1057//1057 1077//1077 1033//1033
f 1048//1048 1054//1054 1049//1049
f 1072//1072 1073//1073 1077//1077
f 1060//1060 793//793 781//781
f 1060//1060 781//781 1059//1059
f 1060//1060 1061//1061 713//713
f 1062//1062 1061//1061 1060//1060
f 1061//1061 1062//1062 1064//1064
f 1062//1062 1059//1059 1075//1075
f 1059//1059 1062//1062 1060//1060
f 1063//1063 1064//1064 1062//1062
f 1066//1066 1092//1092 1065//1065
f 1092//1092 1064//1064 1065//1065
f 1081//1081 1066//1066 1056//1056
f 1026//1026 1058//1058 1052//1052
f 1068//1068 789//789 1069//1069
f 789//789 1068//1068 788//788
f 1070//1070 1071//1071 994//994
f 995//995 1070//1070 994//994
f 1045//1045 1044//1044 1043//1043
f 1070//1070 1002//1002 1042//1042
f 1070//1070 995//995 1002//1002
f 1024//1024 1037//1037 1088//1088
f 1042//1042 1044//1044 1045//1045
f 1042//1042 1002//1002 1044//1044
f 1002//1002 997//997 1044//1044
f 793//793 1060//1060 713//713
f 1054//1054 1048//1048 1026//1026
f 1026//1026 1048//1048 1021//1021
f 1063//1063 1074//1074 1065//1065
f 1062//1062 1074//1074 1063//1063
f 1075//1075 1074//1074 1062//1062
f 1090//1090 1039//1039 1040//1040
f 1082//1082 1090//1090 1071//1071
f 1052//1052 1054//1054 1026//1026
f 1074//1074 1067//1067 1084//1084
f 1068//1068 1067//1067 1074//1074
f 1075//1075 1068//1068 1074//1074
f 1068//1068 1075//1075 788//788
f 1071//1071 1076//1076 1083//1083
f 1069//1069 931//931 1067//1067
f 1069//1069 1067//1067 1068//1068
f 1033//1033 1077//1077 1073//1073
f 1078//1078 1033//1033 1073//1073
f 1088//1088 1037//1037 1001//1001
f 1073//1073 1036//1036 1078//1078
f 1080//1080 1078//1078 1036//1036
f 1073//1073 1023//1023 1036//1036
f 1081//1081 1080//1080 1087//1087
f 1092//1092 1081//1081 731//731
f 1087//1087 731//731 1081//1081
f 1046//1046 1042//1042 1045//1045
f 1042//1042 1076//1076 1070//1070
f 1087//1087 1080//1080 1079//1079
f 1064//1064 1063//1063 1065//1065
f 789//789 931//931 1069//1069
f 1084//1084 921//921 1074//1074
f 921//921 1065//1065 1074//1074
f 917//917 1055//1055 1065//1065
f 917//917 918//918 1055//1055
f 918//918 1050//1050 1055//1055
f 919//919 920//920 1050//1050
f 920//920 842//842 1050//1050
f 931//931 1084//1084 1067//1067
f 1085//1085 731//731 732//732
f 1092//1092 731//731 1085//1085
f 1090//1090 1082//1082 1086//1086
f 1087//1087 1086//1086 731//731
f 1087//1087 1089//1089 1086//1086
f 1079//1079 1088//1088 1039//1039
f 1087//1087 1079//1079 1089//1089
f 1078//1078 1080//1080 1081//1081
f 1033//1033 1078//1078 1081//1081
f 1089//1089 1090//1090 1086//1086
f 1034//1034 1093//1093 742//742
f 1046//1046 1047//1047 715//715
f 1076//1076 1046//1046 715//715
f 1042//1042 1046//1046 1076//1076
f 994//994 1090//1090 1041//1041
f 1071//1071 1090//1090 994//994
f 1079//1079 1080//1080 1036//1036
f 1036//1036 1088//1088 1079//1079
f 913//913 1059//1059 781//781
f 913//913 1075//1075 1059//1059
f 1023//1023 1025//1025 1093//1093
f 1093//1093 1024//1024 1023//1023
f 1093//1093 1037//1037 1024//1024
f 1073//1073 1072//1072 1023//1023
f 1072//1072 1025//1025 1091//1091
f 1072//1072 1022//1022 1025//1025
f 1022//1022 1032//1032 1025//1025
f 1219//1219 1152//1152 1149//1149
f 1270//1270 1247//1247 1153//1153
f 1134//1134 1245//1245 1175//1175
f 1127//1127 1094//1094 1095//1095
f 1096//1096 1128//1128 1138//1138
f 1215//1215 1094//1094 1124//1124
f 1215//1215 1124//1124 1209//1209
f 1130//1130 1129//1129 1095//1095
f 1129//1129 1096//1096 1095//1095
f 513//513 1181//1181 1183//1183
f 1097//1097 470//470 476//476
f 1169//1169 1168//1168 1097//1097
f 1097//1097 1098//1098 470//470
f 1168//1168 1098//1098 1097//1097
f 1099//1099 1101//1101 1100//1100
f 1172//1172 1171//1171 1101//1101
f 1172//1172 1101//1101 1099//1099
f 1101//1101 1097//1097 476//476
f 1101//1101 476//476 1100//1100
f 1171//1171 1169//1169 1097//1097
f 1171//1171 1097//1097 1101//1101
f 1102//1102 1105//1105 1104//1104
f 1102//1102 1104//1104 1175//1175
f 1103//1103 1106//1106 1105//1105
f 1103//1103 1105//1105 1102//1102
f 1105//1105 1107//1107 1104//1104
f 1106//1106 1108//1108 1107//1107
f 1106//1106 1107//1107 1105//1105
f 513//513 1183//1183 538//538
f 1121//1121 1123//1123 1117//1117
f 1109//1109 1110//1110 1112//1112
f 1109//1109 1112//1112 1114//1114
f 1110//1110 1166//1166 1112//1112
f 1110//1110 1111//1111 1166//1166
f 1113//1113 1198//1198 1114//1114
f 1113//1113 1114//1114 1112//1112
f 1113//1113 1116//1116 1115//1115
f 1113//1113 1115//1115 1198//1198
f 1115//1115 1190//1190 1192//1192
f 1116//1116 1190//1190 1115//1115
f 1096//1096 1138//1138 1118//1118
f 1138//1138 1137//1137 1118//1118
f 515//515 1122//1122 514//514
f 1121//1121 514//514 1123//1123
f 1109//1109 515//515 1110//1110
f 1109//1109 1122//1122 515//515
f 1109//1109 1207//1207 1122//1122
f 1125//1125 1207//1207 1109//1109
f 1122//1122 1124//1124 1123//1123
f 1122//1122 1207//1207 1124//1124
f 1122//1122 1123//1123 514//514
f 1125//1125 1197//1197 1195//1195
f 1125//1125 1114//1114 1198//1198
f 1125//1125 1198//1198 1197//1197
f 1109//1109 1114//1114 1125//1125
f 1124//1124 1094//1094 1127//1127
f 1119//1119 1180//1180 1185//1185
f 1124//1124 1207//1207 1209//1209
f 1117//1117 1127//1127 1126//1126
f 1123//1123 1127//1127 1117//1117
f 1123//1123 1124//1124 1127//1127
f 1128//1128 1141//1141 1138//1138
f 1226//1226 1141//1141 1128//1128
f 1096//1096 1129//1129 1250//1250
f 1094//1094 1215//1215 1130//1130
f 1102//1102 1132//1132 1131//1131
f 1102//1102 1131//1131 1103//1103
f 1175//1175 1174//1174 1132//1132
f 1175//1175 1132//1132 1102//1102
f 1132//1132 1099//1099 1100//1100
f 1132//1132 1100//1100 1131//1131
f 1174//1174 1172//1172 1099//1099
f 1174//1174 1099//1099 1132//1132
f 1133//1133 1107//1107 1108//1108
f 1133//1133 1108//1108 467//467
f 1133//1133 1135//1135 1134//1134
f 1133//1133 1134//1134 1107//1107
f 1134//1134 1246//1246 1245//1245
f 1135//1135 1247//1247 1246//1246
f 1135//1135 1246//1246 1134//1134
f 486//486 1136//1136 1133//1133
f 486//486 1133//1133 467//467
f 1128//1128 1250//1250 1226//1226
f 1128//1128 1096//1096 1250//1250
f 1118//1118 1095//1095 1096//1096
f 1118//1118 1184//1184 1095//1095
f 1094//1094 1130//1130 1095//1095
f 1119//1119 1178//1178 1120//1120
f 1178//1178 1177//1177 1120//1120
f 1139//1139 1137//1137 1138//1138
f 1137//1137 1140//1140 1187//1187
f 1139//1139 1140//1140 1137//1137
f 1141//1141 1139//1139 1138//1138
f 1142//1142 1143//1143 1139//1139
f 1142//1142 1139//1139 1141//1141
f 1139//1139 1143//1143 1140//1140
f 1227//1227 1144//1144 1142//1142
f 1227//1227 1142//1142 1141//1141
f 1222//1222 1144//1144 1227//1227
f 1144//1144 1143//1143 1142//1142
f 1144//1144 1145//1145 1143//1143
f 1222//1222 1146//1146 1144//1144
f 1218//1218 1146//1146 1222//1222
f 1146//1146 1148//1148 1145//1145
f 1146//1146 1145//1145 1144//1144
f 1146//1146 1147//1147 1148//1148
f 1218//1218 1149//1149 1146//1146
f 1219//1219 1149//1149 1218//1218
f 1149//1149 1150//1150 1146//1146
f 1149//1149 1151//1151 1150//1150
f 1150//1150 1147//1147 1146//1146
f 1152//1152 1151//1151 1149//1149
f 1151//1151 1152//1152 1153//1153
f 1153//1153 1152//1152 1270//1270
f 1143//1143 1155//1155 1154//1154
f 1143//1143 1154//1154 1140//1140
f 1145//1145 1156//1156 1155//1155
f 1145//1145 1155//1155 1143//1143
f 1156//1156 507//507 1155//1155
f 1148//1148 1156//1156 1145//1145
f 1147//1147 1157//1157 1148//1148
f 1157//1157 1156//1156 1148//1148
f 1157//1157 1158//1158 1156//1156
f 1158//1158 507//507 1156//1156
f 1150//1150 1159//1159 1157//1157
f 1150//1150 1157//1157 1147//1147
f 1151//1151 1160//1160 1159//1159
f 1151//1151 1159//1159 1150//1150
f 1159//1159 1161//1161 1158//1158
f 1159//1159 1158//1158 1157//1157
f 1160//1160 1162//1162 1161//1161
f 1160//1160 1161//1161 1159//1159
f 1153//1153 1163//1163 1160//1160
f 1153//1153 1160//1160 1151//1151
f 1247//1247 1163//1163 1153//1153
f 1163//1163 1162//1162 1160//1160
f 1164//1164 1162//1162 1163//1163
f 1164//1164 1165//1165 1162//1162
f 1164//1164 1136//1136 484//484
f 1176//1176 1136//1136 1164//1164
f 486//486 484//484 1136//1136
f 1140//1140 511//511 1187//1187
f 1154//1154 505//505 511//511
f 1154//1154 511//511 1140//1140
f 1098//1098 1168//1168 1113//1113
f 1098//1098 1113//1113 469//469
f 1168//1168 1116//1116 1113//1113
f 1167//1167 1116//1116 1168//1168
f 1169//1169 1167//1167 1168//1168
f 1169//1169 1170//1170 1167//1167
f 1170//1170 1188//1188 1116//1116
f 1170//1170 1116//1116 1167//1167
f 1170//1170 1189//1189 1188//1188
f 1171//1171 1173//1173 1170//1170
f 1171//1171 1170//1170 1169//1169
f 1172//1172 1262//1262 1173//1173
f 1172//1172 1173//1173 1171//1171
f 1173//1173 1261//1261 1189//1189
f 1173//1173 1189//1189 1170//1170
f 1262//1262 1261//1261 1173//1173
f 1174//1174 1264//1264 1262//1262
f 1174//1174 1262//1262 1172//1172
f 1175//1175 1264//1264 1174//1174
f 1175//1175 1245//1245 1264//1264
f 1134//1134 1175//1175 1104//1104
f 1134//1134 1104//1104 1107//1107
f 1163//1163 1176//1176 1164//1164
f 1247//1247 1135//1135 1176//1176
f 1247//1247 1176//1176 1163//1163
f 1135//1135 1133//1133 1136//1136
f 1135//1135 1136//1136 1176//1176
f 1179//1179 1120//1120 1177//1177
f 1177//1177 1178//1178 525//525
f 520//520 1117//1117 1180//1180
f 1119//1119 1181//1181 1180//1180
f 1182//1182 1181//1181 1119//1119
f 1181//1181 520//520 1180//1180
f 1179//1179 1183//1183 1182//1182
f 1182//1182 1183//1183 1181//1181
f 1126//1126 1180//1180 1117//1117
f 1126//1126 1127//1127 1095//1095
f 1185//1185 1180//1180 1126//1126
f 1184//1184 1126//1126 1095//1095
f 1184//1184 1185//1185 1126//1126
f 1120//1120 1182//1182 1119//1119
f 1179//1179 1182//1182 1120//1120
f 1118//1118 1186//1186 1184//1184
f 1137//1137 1186//1186 1118//1118
f 1186//1186 1185//1185 1184//1184
f 1186//1186 1119//1119 1185//1185
f 1186//1186 1187//1187 1178//1178
f 1186//1186 1178//1178 1119//1119
f 1137//1137 1187//1187 1186//1186
f 1188//1188 1191//1191 1190//1190
f 1188//1188 1190//1190 1116//1116
f 1189//1189 1191//1191 1188//1188
f 1191//1191 1192//1192 1190//1190
f 1191//1191 1258//1258 1192//1192
f 1255//1255 1194//1194 1193//1193
f 1194//1194 1195//1195 1197//1197
f 1194//1194 1197//1197 1193//1193
f 1313//1313 1196//1196 1307//1307
f 1313//1313 1225//1225 1196//1196
f 1197//1197 1115//1115 1192//1192
f 1197//1197 1198//1198 1115//1115
f 1200//1200 1203//1203 1202//1202
f 1200//1200 1202//1202 1199//1199
f 1201//1201 1204//1204 1203//1203
f 1201//1201 1203//1203 1200//1200
f 1203//1203 1205//1205 1228//1228
f 1203//1203 1228//1228 1202//1202
f 1204//1204 1206//1206 1205//1205
f 1204//1204 1205//1205 1203//1203
f 1208//1208 1209//1209 1207//1207
f 1302//1302 1303//1303 1211//1211
f 1211//1211 1212//1212 1210//1210
f 1195//1195 1244//1244 1208//1208
f 1213//1213 1215//1215 1214//1214
f 1216//1216 1217//1217 1213//1213
f 1201//1201 1200//1200 1216//1216
f 1200//1200 1199//1199 1217//1217
f 1200//1200 1217//1217 1216//1216
f 1206//1206 1219//1219 1218//1218
f 1278//1278 1219//1219 1206//1206
f 1310//1310 1279//1279 1282//1282
f 1310//1310 1282//1282 1304//1304
f 1243//1243 1220//1220 1279//1279
f 1243//1243 1279//1279 1310//1310
f 1205//1205 1221//1221 1228//1228
f 1206//1206 1218//1218 1205//1205
f 1205//1205 1222//1222 1221//1221
f 1218//1218 1222//1222 1205//1205
f 1311//1311 1312//1312 1223//1223
f 1312//1312 1224//1224 1223//1223
f 1313//1313 1311//1311 1225//1225
f 1311//1311 1223//1223 1225//1225
f 1226//1226 1221//1221 1227//1227
f 1226//1226 1227//1227 1141//1141
f 1226//1226 1228//1228 1221//1221
f 1221//1221 1222//1222 1227//1227
f 1129//1129 1230//1230 1229//1229
f 1129//1129 1229//1229 1250//1250
f 1130//1130 1231//1231 1230//1230
f 1130//1130 1230//1230 1129//1129
f 1230//1230 1217//1217 1199//1199
f 1230//1230 1199//1199 1229//1229
f 1231//1231 1217//1217 1230//1230
f 1214//1214 1244//1244 1236//1236
f 1215//1215 1244//1244 1214//1214
f 1211//1211 1232//1232 1212//1212
f 1211//1211 1315//1315 1232//1232
f 1232//1232 1234//1234 1233//1233
f 1315//1315 1289//1289 1234//1234
f 1315//1315 1234//1234 1232//1232
f 1235//1235 1213//1213 1214//1214
f 1216//1216 1213//1213 1235//1235
f 1254//1254 1253//1253 1236//1236
f 1236//1236 1235//1235 1214//1214
f 1253//1253 1248//1248 1235//1235
f 1253//1253 1235//1235 1236//1236
f 1288//1288 1307//1307 1237//1237
f 1307//1307 1196//1196 1237//1237
f 1238//1238 1204//1204 1201//1201
f 1238//1238 1278//1278 1204//1204
f 1278//1278 1206//1206 1204//1204
f 1233//1233 1234//1234 1237//1237
f 1234//1234 1289//1289 1288//1288
f 1234//1234 1288//1288 1237//1237
f 1192//1192 1193//1193 1197//1197
f 1258//1258 1193//1193 1192//1192
f 1284//1284 1283//1283 1239//1239
f 1283//1283 1242//1242 1240//1240
f 1283//1283 1240//1240 1239//1239
f 1283//1283 1285//1285 1242//1242
f 1242//1242 1241//1241 1240//1240
f 1242//1242 1211//1211 1210//1210
f 1242//1242 1210//1210 1241//1241
f 1242//1242 1302//1302 1211//1211
f 1220//1220 1243//1243 1284//1284
f 1220//1220 1284//1284 1239//1239
f 1208//1208 1125//1125 1195//1195
f 1207//1207 1125//1125 1208//1208
f 1244//1244 1215//1215 1209//1209
f 1208//1208 1244//1244 1209//1209
f 1244//1244 1195//1195 1236//1236
f 1254//1254 1236//1236 1194//1194
f 1254//1254 1194//1194 1255//1255
f 1194//1194 1236//1236 1195//1195
f 1335//1335 1282//1282 1251//1251
f 1304//1304 1282//1282 1335//1335
f 1224//1224 1334//1334 1251//1251
f 1334//1334 1335//1335 1251//1251
f 1224//1224 1312//1312 1334//1334
f 1201//1201 1235//1235 1248//1248
f 1201//1201 1216//1216 1235//1235
f 1228//1228 1249//1249 1202//1202
f 1226//1226 1250//1250 1249//1249
f 1226//1226 1249//1249 1228//1228
f 1249//1249 1229//1229 1199//1199
f 1249//1249 1199//1199 1202//1202
f 1250//1250 1229//1229 1249//1249
f 1231//1231 1215//1215 1213//1213
f 1231//1231 1130//1130 1215//1215
f 1231//1231 1213//1213 1217//1217
f 1248//1248 1281//1281 1201//1201
f 1248//1248 1252//1252 1281//1281
f 1253//1253 1252//1252 1248//1248
f 1252//1252 1251//1251 1281//1281
f 1252//1252 1224//1224 1251//1251
f 1253//1253 1254//1254 1252//1252
f 1252//1252 1223//1223 1224//1224
f 1255//1255 1256//1256 1252//1252
f 1255//1255 1252//1252 1254//1254
f 1256//1256 1225//1225 1223//1223
f 1256//1256 1223//1223 1252//1252
f 1193//1193 1257//1257 1255//1255
f 1255//1255 1257//1257 1256//1256
f 1257//1257 1196//1196 1256//1256
f 1196//1196 1225//1225 1256//1256
f 1258//1258 1260//1260 1257//1257
f 1258//1258 1257//1257 1193//1193
f 1257//1257 1260//1260 1196//1196
f 1191//1191 1259//1259 1258//1258
f 1189//1189 1259//1259 1191//1191
f 1259//1259 1260//1260 1258//1258
f 1260//1260 1237//1237 1196//1196
f 1261//1261 1259//1259 1189//1189
f 1261//1261 1263//1263 1259//1259
f 1262//1262 1233//1233 1263//1263
f 1262//1262 1263//1263 1261//1261
f 1263//1263 1260//1260 1259//1259
f 1263//1263 1237//1237 1260//1260
f 1233//1233 1237//1237 1263//1263
f 1264//1264 1265//1265 1262//1262
f 1245//1245 1266//1266 1265//1265
f 1245//1245 1265//1265 1264//1264
f 1265//1265 1267//1267 1233//1233
f 1265//1265 1233//1233 1262//1262
f 1266//1266 1212//1212 1267//1267
f 1266//1266 1267//1267 1265//1265
f 1267//1267 1232//1232 1233//1233
f 1212//1212 1232//1232 1267//1267
f 1246//1246 1268//1268 1266//1266
f 1246//1246 1266//1266 1245//1245
f 1247//1247 1272//1272 1268//1268
f 1247//1247 1268//1268 1246//1246
f 1268//1268 1269//1269 1212//1212
f 1268//1268 1212//1212 1266//1266
f 1272//1272 1269//1269 1268//1268
f 1269//1269 1210//1210 1212//1212
f 1270//1270 1272//1272 1247//1247
f 1270//1270 1271//1271 1272//1272
f 1271//1271 1273//1273 1272//1272
f 1272//1272 1241//1241 1269//1269
f 1273//1273 1241//1241 1272//1272
f 1241//1241 1210//1210 1269//1269
f 1273//1273 1240//1240 1241//1241
f 1152//1152 1274//1274 1271//1271
f 1152//1152 1271//1271 1270//1270
f 1219//1219 1275//1275 1274//1274
f 1219//1219 1274//1274 1152//1152
f 1274//1274 1276//1276 1273//1273
f 1274//1274 1273//1273 1271//1271
f 1275//1275 1276//1276 1274//1274
f 1275//1275 1277//1277 1276//1276
f 1276//1276 1239//1239 1240//1240
f 1276//1276 1240//1240 1273//1273
f 1277//1277 1239//1239 1276//1276
f 1278//1278 1275//1275 1219//1219
f 1278//1278 1280//1280 1277//1277
f 1278//1278 1277//1277 1275//1275
f 1277//1277 1220//1220 1239//1239
f 1280//1280 1220//1220 1277//1277
f 1238//1238 1279//1279 1278//1278
f 1279//1279 1280//1280 1278//1278
f 1280//1280 1279//1279 1220//1220
f 1238//1238 1281//1281 1279//1279
f 1201//1201 1281//1281 1238//1238
f 1281//1281 1282//1282 1279//1279
f 1281//1281 1251//1251 1282//1282
f 1287//1287 1285//1285 1286//1286
f 1342//1342 1316//1316 1295//1295
f 1374//1374 1344//1344 1339//1339
f 1285//1285 1283//1283 1284//1284
f 1285//1285 1284//1284 1286//1286
f 1289//1289 1291//1291 1290//1290
f 1289//1289 1290//1290 1288//1288
f 1291//1291 1293//1293 1290//1290
f 1292//1292 1293//1293 1291//1291
f 1292//1292 1295//1295 1293//1293
f 1287//1287 1329//1329 1294//1294
f 1294//1294 1320//1320 1328//1328
f 1295//1295 1296//1296 1342//1342
f 1295//1295 1292//1292 1296//1296
f 1243//1243 1297//1297 1286//1286
f 1243//1243 1286//1286 1284//1284
f 1297//1297 1298//1298 1287//1287
f 1297//1297 1287//1287 1286//1286
f 1297//1297 1299//1299 1298//1298
f 1300//1300 1301//1301 1298//1298
f 1300//1300 1298//1298 1299//1299
f 1298//1298 1329//1329 1287//1287
f 1301//1301 1329//1329 1298//1298
f 1317//1317 1346//1346 1300//1300
f 1305//1305 1295//1295 1316//1316
f 1305//1305 1316//1316 1306//1306
f 1293//1293 1295//1295 1305//1305
f 1285//1285 1302//1302 1242//1242
f 1287//1287 1294//1294 1302//1302
f 1287//1287 1302//1302 1285//1285
f 1294//1294 1328//1328 1303//1303
f 1294//1294 1303//1303 1302//1302
f 1305//1305 1290//1290 1293//1293
f 1305//1305 1307//1307 1288//1288
f 1305//1305 1288//1288 1290//1290
f 1306//1306 1307//1307 1305//1305
f 1308//1308 1310//1310 1309//1309
f 1299//1299 1297//1297 1310//1310
f 1299//1299 1310//1310 1308//1308
f 1310//1310 1304//1304 1309//1309
f 1297//1297 1243//1243 1310//1310
f 1309//1309 1318//1318 1308//1308
f 1308//1308 1317//1317 1299//1299
f 1318//1318 1317//1317 1308//1308
f 1322//1322 1314//1314 1306//1306
f 1314//1314 1313//1313 1306//1306
f 1326//1326 1311//1311 1314//1314
f 1314//1314 1311//1311 1313//1313
f 1326//1326 1312//1312 1311//1311
f 1326//1326 1325//1325 1312//1312
f 1307//1307 1306//1306 1313//1313
f 1299//1299 1317//1317 1300//1300
f 1289//1289 1315//1315 1291//1291
f 1315//1315 1303//1303 1328//1328
f 1315//1315 1328//1328 1291//1291
f 1315//1315 1211//1211 1303//1303
f 1322//1322 1343//1343 1319//1319
f 1316//1316 1343//1343 1322//1322
f 1316//1316 1342//1342 1343//1343
f 1317//1317 1347//1347 1346//1346
f 1327//1327 1319//1319 1340//1340
f 1322//1322 1319//1319 1327//1327
f 1324//1324 1320//1320 1348//1348
f 1324//1324 1321//1321 1320//1320
f 1323//1323 1327//1327 1340//1340
f 1323//1323 1340//1340 1341//1341
f 1324//1324 1296//1296 1292//1292
f 1324//1324 1292//1292 1321//1321
f 1306//1306 1316//1316 1322//1322
f 1326//1326 1323//1323 1325//1325
f 1327//1327 1323//1323 1326//1326
f 1328//1328 1321//1321 1291//1291
f 1321//1321 1292//1292 1291//1291
f 1320//1320 1321//1321 1328//1328
f 1301//1301 1350//1350 1329//1329
f 1300//1300 1350//1350 1301//1301
f 1350//1350 1349//1349 1329//1329
f 1300//1300 1346//1346 1350//1350
f 1294//1294 1330//1330 1320//1320
f 1329//1329 1330//1330 1294//1294
f 1330//1330 1348//1348 1320//1320
f 1329//1329 1349//1349 1330//1330
f 1314//1314 1327//1327 1326//1326
f 1322//1322 1327//1327 1314//1314
f 1323//1323 1331//1331 1325//1325
f 1333//1333 1353//1353 1318//1318
f 1323//1323 1332//1332 1331//1331
f 1323//1323 1341//1341 1332//1332
f 1333//1333 1318//1318 1309//1309
f 1334//1334 1331//1331 1335//1335
f 1312//1312 1325//1325 1331//1331
f 1312//1312 1331//1331 1334//1334
f 1309//1309 1304//1304 1335//1335
f 1309//1309 1335//1335 1333//1333
f 1332//1332 1353//1353 1333//1333
f 1333//1333 1331//1331 1332//1332
f 1333//1333 1335//1335 1331//1331
f 1366//1366 1345//1345 1337//1337
f 1366//1366 1375//1375 1345//1345
f 1339//1339 1296//1296 1324//1324
f 1319//1319 1372//1372 1340//1340
f 1319//1319 1343//1343 1336//1336
f 1372//1372 1319//1319 1336//1336
f 1342//1342 1336//1336 1343//1343
f 1339//1339 1344//1344 1296//1296
f 1344//1344 1336//1336 1342//1342
f 1344//1344 1342//1342 1296//1296
f 1348//1348 1345//1345 1339//1339
f 1348//1348 1339//1339 1324//1324
f 1367//1367 1338//1338 1347//1347
f 1338//1338 1346//1346 1347//1347
f 1318//1318 1352//1352 1347//1347
f 1318//1318 1347//1347 1317//1317
f 1352//1352 1376//1376 1347//1347
f 1337//1337 1345//1345 1348//1348
f 1349//1349 1348//1348 1330//1330
f 1337//1337 1348//1348 1349//1349
f 1346//1346 1354//1354 1350//1350
f 1354//1354 1337//1337 1349//1349
f 1354//1354 1349//1349 1350//1350
f 1338//1338 1354//1354 1346//1346
f 1341//1341 1351//1351 1332//1332
f 1352//1352 1351//1351 1376//1376
f 1353//1353 1352//1352 1318//1318
f 1353//1353 1351//1351 1352//1352
f 1353//1353 1332//1332 1351//1351
f 1370//1370 1376//1376 1351//1351
f 1351//1351 1341//1341 1370//1370
f 1369//1369 1372//1372 1336//1336
f 1374//1374 1369//1369 1344//1344
f 1369//1369 1336//1336 1344//1344
f 1340//1340 1377//1377 1341//1341
f 1367//1367 1366//1366 1354//1354
f 1367//1367 1354//1354 1338//1338
f 1354//1354 1366//1366 1337//1337
f 1347//1347 1376//1376 1367//1367
f 1376//1376 1365//1365 1367//1367
f 1345//1345 1374//1374 1339//1339
f 1381//1381 1356//1356 1374//1374
f 1392//1392 1361//1361 1360//1360
f 1391//1391 1415//1415 1355//1355
f 1415//1415 1375//1375 1355//1355
f 1380//1380 1356//1356 1379//1379
f 1391//1391 1355//1355 1361//1361
f 1392//1392 1391//1391 1361//1361
f 1380//1380 1399//1399 1356//1356
f 1399//1399 1373//1373 1356//1356
f 1414//1414 1357//1357 1399//1399
f 1395//1395 1358//1358 1357//1357
f 1395//1395 1357//1357 1414//1414
f 1389//1389 1358//1358 1395//1395
f 1389//1389 1359//1359 1358//1358
f 1399//1399 1357//1357 1373//1373
f 1359//1359 1394//1394 1360//1360
f 1359//1359 1389//1389 1394//1394
f 1362//1362 1363//1363 1364//1364
f 1371//1371 1364//1364 1365//1365
f 1365//1365 1364//1364 1363//1363
f 1374//1374 1368//1368 1381//1381
f 1368//1368 1375//1375 1415//1415
f 1360//1360 1370//1370 1359//1359
f 1370//1370 1377//1377 1359//1359
f 1358//1358 1359//1359 1377//1377
f 1373//1373 1369//1369 1356//1356
f 1369//1369 1374//1374 1356//1356
f 1370//1370 1371//1371 1376//1376
f 1360//1360 1371//1371 1370//1370
f 1360//1360 1361//1361 1371//1371
f 1358//1358 1373//1373 1357//1357
f 1358//1358 1377//1377 1373//1373
f 1377//1377 1372//1372 1373//1373
f 1372//1372 1369//1369 1373//1373
f 1355//1355 1364//1364 1361//1361
f 1355//1355 1362//1362 1364//1364
f 1364//1364 1371//1371 1361//1361
f 1362//1362 1355//1355 1375//1375
f 1375//1375 1368//1368 1374//1374
f 1370//1370 1341//1341 1377//1377
f 1375//1375 1366//1366 1362//1362
f 1366//1366 1363//1363 1362//1362
f 1366//1366 1367//1367 1363//1363
f 1365//1365 1376//1376 1371//1371
f 1367//1367 1365//1365 1363//1363
f 1340//1340 1372//1372 1377//1377
f 1375//1375 1374//1374 1345//1345
f 1389//1389 1413//1413 1403//1403
f 1356//1356 1381//1381 1379//1379
f 1415//1415 1416//1416 1378//1378
f 1378//1378 1383//1383 1415//1415
f 1368//1368 1383//1383 1381//1381
f 1384//1384 1385//1385 1380//1380
f 1417//1417 1382//1382 1391//1391
f 1402//1402 1422//1422 1416//1416
f 1421//1421 1378//1378 1416//1416
f 1383//1383 1378//1378 1421//1421
f 1385//1385 1384//1384 1421//1421
f 1421//1421 1384//1384 1383//1383
f 1383//1383 1368//1368 1415//1415
f 1382//1382 1415//1415 1391//1391
f 1379//1379 1384//1384 1380//1380
f 1381//1381 1383//1383 1384//1384
f 1385//1385 1421//1421 1422//1422
f 1379//1379 1381//1381 1384//1384
f 1390//1390 1423//1423 1419//1419
f 1386//1386 1387//1387 1385//1385
f 1388//1388 1393//1393 1410//1410
f 1388//1388 1410//1410 1411//1411
f 1360//1360 1394//1394 1392//1392
f 1403//1403 1405//1405 1406//1406
f 1405//1405 1411//1411 1406//1406
f 1390//1390 1418//1418 1405//1405
f 1393//1393 1388//1388 1419//1419
f 1392//1392 1393//1393 1391//1391
f 1393//1393 1417//1417 1391//1391
f 1388//1388 1411//1411 1418//1418
f 1413//1413 1389//1389 1395//1395
f 1412//1412 1403//1403 1408//1408
f 1420//1420 1403//1403 1412//1412
f 1397//1397 1396//1396 1408//1408
f 1407//1407 1420//1420 1412//1412
f 1414//1414 1397//1397 1395//1395
f 1400//1400 1414//1414 1399//1399
f 1401//1401 1398//1398 1400//1400
f 1380//1380 1387//1387 1399//1399
f 1387//1387 1400//1400 1399//1399
f 1386//1386 1401//1401 1387//1387
f 1420//1420 1390//1390 1403//1403
f 1402//1402 1423//1423 1404//1404
f 1406//1406 1394//1394 1389//1389
f 1423//1423 1402//1402 1419//1419
f 1397//1397 1413//1413 1395//1395
f 1393//1393 1392//1392 1410//1410
f 1390//1390 1405//1405 1403//1403
f 1396//1396 1412//1412 1408//1408
f 1407//1407 1412//1412 1396//1396
f 1398//1398 1401//1401 1409//1409
f 1409//1409 1386//1386 1385//1385
f 1394//1394 1410//1410 1392//1392
f 1410//1410 1394//1394 1411//1411
f 1408//1408 1403//1403 1413//1413
f 1398//1398 1414//1414 1400//1400
f 1401//1401 1400//1400 1387//1387
f 1418//1418 1411//1411 1405//1405
f 1406//1406 1411//1411 1394//1394
f 1396//1396 1398//1398 1407//1407
f 1408//1408 1413//1413 1397//1397
f 1409//1409 1401//1401 1386//1386
f 1382//1382 1416//1416 1415//1415
f 1417//1417 1419//1419 1402//1402
f 1393//1393 1419//1419 1417//1417
f 1402//1402 1416//1416 1417//1417
f 1417//1417 1416//1416 1382//1382
f 1419//1419 1388//1388 1418//1418
f 1419//1419 1418//1418 1390//1390
f 1404//1404 1422//1422 1402//1402
f 1423//1423 1407//1407 1398//1398
f 1416//1416 1422//1422 1421//1421
f 1407//1407 1423//1423 1420//1420
f 1422//1422 1404//1404 1409//1409
f 1422//1422 1409//1409 1385//1385
f 1404//1404 1398//1398 1409//1409
f 1398//1398 1404//1404 1423//1423
f 1423//1423 1390//1390 1420//1420
f 1387//1387 1380//1380 1385//1385
f 1397//1397 1414//1414 1398//1398
f 1396//1396 1397//1397 1398//1398
f 1389//1389 1403//1403 1406//1406
f 1483//1483 1610//1610 1613//1613
f 1606//1606 1487//1487 1562//1562
f 1505//1505 1560//1560 1470//1470
f 1458//1458 1463//1463 1459//1459
f 1459//1459 1463//1463 1427//1427
f 1459//1459 1427//1427 1428//1428
f 1459//1459 1428//1428 1473//1473
f 1424//1424 1428//1428 1427//1427
f 1424//1424 1427//1427 1450//1450
f 1424//1424 1472//1472 1428//1428
f 1461//1461 1508//1508 614//614
f 1430//1430 1432//1432 1500//1500
f 1430//1430 1500//1500 1429//1429
f 1431//1431 1432//1432 1430//1430
f 1431//1431 1433//1433 1432//1432
f 1434//1434 1435//1435 565//565
f 1429//1429 1500//1500 1434//1434
f 1434//1434 1499//1499 1498//1498
f 1434//1434 1498//1498 1435//1435
f 1500//1500 1499//1499 1434//1434
f 1436//1436 1438//1438 1437//1437
f 1436//1436 1437//1437 1505//1505
f 1436//1436 1469//1469 1438//1438
f 1438//1438 1440//1440 1439//1439
f 1438//1438 1439//1439 1437//1437
f 1469//1469 1440//1440 1438//1438
f 1461//1461 614//614 636//636
f 1442//1442 1444//1444 1458//1458
f 1444//1444 1442//1442 1443//1443
f 1447//1447 609//609 1446//1446
f 1446//1446 1455//1455 1445//1445
f 1446//1446 1448//1448 1447//1447
f 1445//1445 1448//1448 1446//1446
f 1448//1448 1449//1449 1504//1504
f 1448//1448 1504//1504 1447//1447
f 1514//1514 1503//1503 1449//1449
f 1449//1449 1503//1503 1504//1504
f 1451//1451 1424//1424 1450//1450
f 1451//1451 1425//1425 1424//1424
f 1460//1460 1497//1497 1512//1512
f 1511//1511 1497//1497 1460//1460
f 1452//1452 1443//1443 1442//1442
f 1453//1453 1452//1452 1442//1442
f 611//611 1455//1455 1446//1446
f 1454//1454 1455//1455 611//611
f 1454//1454 1453//1453 1455//1455
f 1444//1444 1443//1443 1508//1508
f 1443//1443 619//619 614//614
f 1443//1443 614//614 1508//1508
f 1457//1457 1462//1462 1456//1456
f 1456//1456 1528//1528 1557//1557
f 1462//1462 1528//1528 1456//1456
f 1442//1442 1458//1458 1426//1426
f 1442//1442 1426//1426 1457//1457
f 1453//1453 1442//1442 1457//1457
f 1455//1455 1457//1457 1456//1456
f 1453//1453 1457//1457 1455//1455
f 1455//1455 1456//1456 1445//1445
f 1445//1445 1456//1456 1557//1557
f 1448//1448 1445//1445 1557//1557
f 1459//1459 1426//1426 1458//1458
f 1460//1460 1508//1508 1511//1511
f 1508//1508 1461//1461 1511//1511
f 1457//1457 1426//1426 1462//1462
f 1463//1463 1458//1458 1444//1444
f 1425//1425 1464//1464 1543//1543
f 1425//1425 1543//1543 1424//1424
f 1425//1425 1465//1465 1464//1464
f 1547//1547 1472//1472 1545//1545
f 1548//1548 1472//1472 1547//1547
f 1548//1548 1428//1428 1472//1472
f 1531//1531 1466//1466 1473//1473
f 1466//1466 1459//1459 1473//1473
f 1466//1466 1426//1426 1459//1459
f 1466//1466 1462//1462 1426//1426
f 1466//1466 1529//1529 1462//1462
f 1529//1529 1528//1528 1462//1462
f 566//566 1467//1467 1437//1437
f 566//566 1437//1437 1439//1439
f 565//565 1435//1435 1467//1467
f 565//565 1467//1467 566//566
f 1467//1467 1468//1468 1505//1505
f 1467//1467 1505//1505 1437//1437
f 1435//1435 1498//1498 1468//1468
f 1435//1435 1468//1468 1467//1467
f 1440//1440 1469//1469 1471//1471
f 1471//1471 1469//1469 1506//1506
f 1470//1470 1469//1469 1436//1436
f 1560//1560 1561//1561 1470//1470
f 1470//1470 1506//1506 1469//1469
f 1561//1561 1562//1562 1506//1506
f 1561//1561 1506//1506 1470//1470
f 1546//1546 1545//1545 1543//1543
f 1545//1545 1472//1472 1424//1424
f 1545//1545 1424//1424 1543//1543
f 1531//1531 1473//1473 1548//1548
f 1473//1473 1428//1428 1548//1548
f 1451//1451 1474//1474 1425//1425
f 1451//1451 1475//1475 1474//1474
f 1451//1451 1513//1513 1475//1475
f 1425//1425 1474//1474 1476//1476
f 1425//1425 1476//1476 1465//1465
f 1476//1476 1495//1495 1478//1478
f 1474//1474 1475//1475 1495//1495
f 1474//1474 1495//1495 1476//1476
f 1541//1541 1477//1477 1481//1481
f 1541//1541 1481//1481 1538//1538
f 1465//1465 1476//1476 1477//1477
f 1465//1465 1477//1477 1541//1541
f 1476//1476 1478//1478 1477//1477
f 1477//1477 1478//1478 1479//1479
f 1477//1477 1479//1479 1481//1481
f 1540//1540 1481//1481 1480//1480
f 1540//1540 1480//1480 1535//1535
f 1538//1538 1481//1481 1540//1540
f 1481//1481 1479//1479 1480//1480
f 1479//1479 1482//1482 1480//1480
f 1535//1535 1483//1483 1613//1613
f 1535//1535 1480//1480 1483//1483
f 1480//1480 1489//1489 1483//1483
f 1489//1489 1484//1484 1483//1483
f 1489//1489 1487//1487 1484//1484
f 1480//1480 1482//1482 1489//1489
f 1484//1484 1606//1606 1483//1483
f 1483//1483 1606//1606 1610//1610
f 1606//1606 1484//1484 1487//1487
f 1471//1471 1485//1485 582//582
f 1487//1487 1486//1486 1562//1562
f 1487//1487 606//606 1486//1486
f 1487//1487 1488//1488 606//606
f 606//606 1485//1485 1486//1486
f 606//606 605//605 1485//1485
f 1488//1488 603//603 606//606
f 1489//1489 1490//1490 1488//1488
f 1489//1489 1488//1488 1487//1487
f 1482//1482 1491//1491 1490//1490
f 1482//1482 1490//1490 1489//1489
f 1490//1490 602//602 603//603
f 1490//1490 603//603 1488//1488
f 1491//1491 602//602 1490//1490
f 1479//1479 1492//1492 1482//1482
f 1492//1492 601//601 1491//1491
f 1492//1492 1491//1491 1482//1482
f 1492//1492 1493//1493 601//601
f 1493//1493 598//598 601//601
f 1478//1478 1494//1494 1492//1492
f 1478//1478 1492//1492 1479//1479
f 1494//1494 1493//1493 1492//1492
f 1495//1495 1494//1494 1478//1478
f 1475//1475 1496//1496 1495//1495
f 1513//1513 595//595 1475//1475
f 1475//1475 595//595 1496//1496
f 1497//1497 628//628 1513//1513
f 628//628 595//595 1513//1513
f 1498//1498 1600//1600 1468//1468
f 1468//1468 1602//1602 1560//1560
f 1468//1468 1560//1560 1505//1505
f 1600//1600 1602//1602 1468//1468
f 1499//1499 1598//1598 1498//1498
f 1500//1500 1516//1516 1598//1598
f 1500//1500 1598//1598 1499//1499
f 1598//1598 1600//1600 1498//1498
f 1433//1433 1500//1500 1432//1432
f 1500//1500 1501//1501 1516//1516
f 1433//1433 1501//1501 1500//1500
f 1501//1501 1515//1515 1516//1516
f 1502//1502 1504//1504 1433//1433
f 1433//1433 1503//1503 1501//1501
f 1504//1504 1503//1503 1433//1433
f 607//607 1447//1447 1504//1504
f 1436//1436 1505//1505 1470//1470
f 1485//1485 1506//1506 1486//1486
f 1471//1471 1506//1506 1485//1485
f 1506//1506 1562//1562 1486//1486
f 627//627 1511//1511 1507//1507
f 627//627 1497//1497 1511//1511
f 1509//1509 1508//1508 1460//1460
f 1509//1509 1444//1444 1508//1508
f 1509//1509 1463//1463 1444//1444
f 1463//1463 1510//1510 1427//1427
f 1463//1463 1509//1509 1510//1510
f 1510//1510 1509//1509 1460//1460
f 1507//1507 1511//1511 1441//1441
f 1511//1511 1461//1461 1441//1441
f 1510//1510 1450//1450 1427//1427
f 1460//1460 1512//1512 1510//1510
f 1510//1510 1512//1512 1450//1450
f 1512//1512 1451//1451 1450//1450
f 1497//1497 1513//1513 1512//1512
f 1512//1512 1513//1513 1451//1451
f 1507//1507 1441//1441 635//635
f 1525//1525 1564//1564 1533//1533
f 1503//1503 1515//1515 1501//1501
f 1514//1514 1594//1594 1515//1515
f 1514//1514 1515//1515 1503//1503
f 1517//1517 1519//1519 1518//1518
f 1449//1449 1520//1520 1514//1514
f 1449//1449 1517//1517 1520//1520
f 1448//1448 1557//1557 1517//1517
f 1448//1448 1517//1517 1449//1449
f 1522//1522 1523//1523 1525//1525
f 1522//1522 1525//1525 1521//1521
f 1544//1544 1524//1524 1523//1523
f 1544//1544 1523//1523 1522//1522
f 1523//1523 1526//1526 1525//1525
f 1524//1524 1527//1527 1526//1526
f 1524//1524 1526//1526 1523//1523
f 1466//1466 1550//1550 1529//1529
f 1529//1529 1558//1558 1528//1528
f 1550//1550 1558//1558 1529//1529
f 1558//1558 1517//1517 1557//1557
f 1519//1519 1517//1517 1558//1558
f 1530//1530 1531//1531 1552//1552
f 1532//1532 1521//1521 1533//1533
f 1532//1532 1533//1533 1552//1552
f 1521//1521 1525//1525 1533//1533
f 1534//1534 1536//1536 1527//1527
f 1535//1535 1536//1536 1534//1534
f 1535//1535 1613//1613 1536//1536
f 1537//1537 1539//1539 1524//1524
f 1537//1537 1524//1524 1544//1544
f 1538//1538 1540//1540 1539//1539
f 1538//1538 1539//1539 1537//1537
f 1539//1539 1534//1534 1527//1527
f 1539//1539 1527//1527 1524//1524
f 1540//1540 1535//1535 1534//1534
f 1540//1540 1534//1534 1539//1539
f 1541//1541 1542//1542 1464//1464
f 1541//1541 1464//1464 1465//1465
f 1538//1538 1537//1537 1542//1542
f 1538//1538 1542//1542 1541//1541
f 1542//1542 1544//1544 1543//1543
f 1542//1542 1543//1543 1464//1464
f 1537//1537 1544//1544 1542//1542
f 1546//1546 1547//1547 1545//1545
f 1521//1521 1547//1547 1546//1546
f 1547//1547 1532//1532 1548//1548
f 1521//1521 1532//1532 1547//1547
f 1549//1549 1530//1530 1551//1551
f 1549//1549 1550//1550 1530//1530
f 1551//1551 1552//1552 1563//1563
f 1551//1551 1563//1563 1590//1590
f 1530//1530 1552//1552 1551//1551
f 1552//1552 1564//1564 1563//1563
f 1551//1551 1553//1553 1549//1549
f 1551//1551 1590//1590 1553//1553
f 1526//1526 1554//1554 1555//1555
f 1526//1526 1555//1555 1525//1525
f 1527//1527 1536//1536 1554//1554
f 1527//1527 1554//1554 1526//1526
f 1536//1536 1614//1614 1554//1554
f 1564//1564 1552//1552 1533//1533
f 1520//1520 1594//1594 1514//1514
f 1520//1520 1556//1556 1594//1594
f 1517//1517 1518//1518 1556//1556
f 1517//1517 1556//1556 1520//1520
f 1557//1557 1528//1528 1558//1558
f 1531//1531 1550//1550 1466//1466
f 1531//1531 1530//1530 1550//1550
f 1549//1549 1558//1558 1550//1550
f 1549//1549 1519//1519 1558//1558
f 1519//1519 1559//1559 1518//1518
f 1519//1519 1549//1549 1553//1553
f 1519//1519 1553//1553 1559//1559
f 1525//1525 1555//1555 1564//1564
f 1522//1522 1565//1565 1544//1544
f 1521//1521 1546//1546 1565//1565
f 1521//1521 1565//1565 1522//1522
f 1565//1565 1546//1546 1543//1543
f 1565//1565 1543//1543 1544//1544
f 1531//1531 1548//1548 1532//1532
f 1552//1552 1531//1531 1532//1532
f 1566//1566 1567//1567 1637//1637
f 1566//1566 1568//1568 1567//1567
f 1570//1570 1571//1571 1569//1569
f 1587//1587 1572//1572 1638//1638
f 1587//1587 1616//1616 1572//1572
f 1572//1572 1585//1585 1630//1630
f 1616//1616 1584//1584 1585//1585
f 1616//1616 1585//1585 1572//1572
f 1574//1574 1643//1643 1642//1642
f 1574//1574 1642//1642 1573//1573
f 1588//1588 1661//1661 1643//1643
f 1588//1588 1643//1643 1574//1574
f 1573//1573 1567//1567 1568//1568
f 1575//1575 1577//1577 1571//1571
f 1575//1575 1571//1571 1570//1570
f 1576//1576 1577//1577 1575//1575
f 1576//1576 1622//1622 1577//1577
f 1566//1566 1637//1637 1621//1621
f 1566//1566 1621//1621 1578//1578
f 1621//1621 1622//1622 1576//1576
f 1621//1621 1576//1576 1578//1578
f 1579//1579 1582//1582 1581//1581
f 1580//1580 1583//1583 1582//1582
f 1580//1580 1582//1582 1579//1579
f 1583//1583 1619//1619 1582//1582
f 1607//1607 1583//1583 1580//1580
f 1569//1569 1571//1571 1583//1583
f 1569//1569 1583//1583 1607//1607
f 1571//1571 1636//1636 1583//1583
f 1581//1581 1585//1585 1584//1584
f 1581//1581 1584//1584 1579//1579
f 1581//1581 1630//1630 1585//1585
f 1586//1586 1587//1587 1664//1664
f 1586//1586 1664//1664 1660//1660
f 1664//1664 1587//1587 1638//1638
f 1660//1660 1588//1588 1589//1589
f 1660//1660 1589//1589 1586//1586
f 1661//1661 1588//1588 1660//1660
f 1588//1588 1574//1574 1589//1589
f 1618//1618 1589//1589 1563//1563
f 1589//1589 1590//1590 1563//1563
f 1586//1586 1589//1589 1618//1618
f 1589//1589 1591//1591 1590//1590
f 1590//1590 1591//1591 1553//1553
f 1589//1589 1592//1592 1591//1591
f 1574//1574 1592//1592 1589//1589
f 1574//1574 1573//1573 1592//1592
f 1591//1591 1559//1559 1553//1553
f 1573//1573 1568//1568 1592//1592
f 1591//1591 1593//1593 1518//1518
f 1591//1591 1518//1518 1559//1559
f 1592//1592 1593//1593 1591//1591
f 1593//1593 1556//1556 1518//1518
f 1593//1593 1595//1595 1556//1556
f 1595//1595 1594//1594 1556//1556
f 1592//1592 1595//1595 1593//1593
f 1568//1568 1566//1566 1595//1595
f 1568//1568 1595//1595 1592//1592
f 1594//1594 1596//1596 1515//1515
f 1595//1595 1596//1596 1594//1594
f 1596//1596 1597//1597 1516//1516
f 1596//1596 1516//1516 1515//1515
f 1566//1566 1596//1596 1595//1595
f 1566//1566 1578//1578 1597//1597
f 1566//1566 1597//1597 1596//1596
f 1597//1597 1598//1598 1516//1516
f 1597//1597 1599//1599 1598//1598
f 1599//1599 1601//1601 1600//1600
f 1599//1599 1600//1600 1598//1598
f 1578//1578 1599//1599 1597//1597
f 1578//1578 1576//1576 1601//1601
f 1578//1578 1601//1601 1599//1599
f 1601//1601 1602//1602 1600//1600
f 1602//1602 1603//1603 1560//1560
f 1602//1602 1570//1570 1603//1603
f 1601//1601 1575//1575 1602//1602
f 1576//1576 1575//1575 1601//1601
f 1575//1575 1570//1570 1602//1602
f 1603//1603 1561//1561 1560//1560
f 1570//1570 1605//1605 1603//1603
f 1603//1603 1604//1604 1562//1562
f 1603//1603 1562//1562 1561//1561
f 1605//1605 1604//1604 1603//1603
f 1570//1570 1569//1569 1605//1605
f 1604//1604 1606//1606 1562//1562
f 1605//1605 1607//1607 1604//1604
f 1604//1604 1608//1608 1606//1606
f 1607//1607 1609//1609 1608//1608
f 1607//1607 1608//1608 1604//1604
f 1569//1569 1607//1607 1605//1605
f 1607//1607 1580//1580 1609//1609
f 1608//1608 1611//1611 1610//1610
f 1608//1608 1610//1610 1606//1606
f 1609//1609 1612//1612 1611//1611
f 1609//1609 1611//1611 1608//1608
f 1611//1611 1613//1613 1610//1610
f 1612//1612 1613//1613 1611//1611
f 1580//1580 1579//1579 1612//1612
f 1580//1580 1612//1612 1609//1609
f 1613//1613 1614//1614 1536//1536
f 1612//1612 1615//1615 1614//1614
f 1612//1612 1614//1614 1613//1613
f 1579//1579 1615//1615 1612//1612
f 1579//1579 1584//1584 1615//1615
f 1615//1615 1616//1616 1554//1554
f 1615//1615 1554//1554 1614//1614
f 1554//1554 1617//1617 1555//1555
f 1616//1616 1617//1617 1554//1554
f 1584//1584 1616//1616 1615//1615
f 1616//1616 1587//1587 1617//1617
f 1617//1617 1563//1563 1564//1564
f 1617//1617 1564//1564 1555//1555
f 1617//1617 1618//1618 1563//1563
f 1587//1587 1618//1618 1617//1617
f 1587//1587 1586//1586 1618//1618
f 1620//1620 1619//1619 1627//1627
f 1581//1581 1582//1582 1619//1619
f 1581//1581 1619//1619 1620//1620
f 1635//1635 1622//1622 1621//1621
f 1622//1622 1623//1623 1647//1647
f 1635//1635 1623//1623 1622//1622
f 1635//1635 1629//1629 1623//1623
f 1624//1624 1626//1626 1625//1625
f 1626//1626 1627//1627 1625//1625
f 1626//1626 1656//1656 1627//1627
f 1628//1628 1623//1623 1629//1629
f 1620//1620 1630//1630 1581//1581
f 1627//1627 1631//1631 1630//1630
f 1627//1627 1630//1630 1620//1620
f 1631//1631 1639//1639 1630//1630
f 1631//1631 1632//1632 1639//1639
f 1627//1627 1656//1656 1631//1631
f 1633//1633 1635//1635 1637//1637
f 1634//1634 1629//1629 1635//1635
f 1634//1634 1635//1635 1633//1633
f 1583//1583 1636//1636 1619//1619
f 1636//1636 1625//1625 1627//1627
f 1636//1636 1627//1627 1619//1619
f 1621//1621 1637//1637 1635//1635
f 1638//1638 1572//1572 1639//1639
f 1638//1638 1639//1639 1641//1641
f 1572//1572 1630//1630 1639//1639
f 1632//1632 1640//1640 1639//1639
f 1640//1640 1641//1641 1639//1639
f 1633//1633 1644//1644 1659//1659
f 1567//1567 1644//1644 1633//1633
f 1567//1567 1573//1573 1644//1644
f 1644//1644 1642//1642 1649//1649
f 1644//1644 1649//1649 1659//1659
f 1573//1573 1642//1642 1644//1644
f 1661//1661 1645//1645 1643//1643
f 1643//1643 1646//1646 1649//1649
f 1643//1643 1649//1649 1642//1642
f 1645//1645 1655//1655 1646//1646
f 1645//1645 1646//1646 1643//1643
f 1625//1625 1636//1636 1577//1577
f 1625//1625 1577//1577 1647//1647
f 1636//1636 1571//1571 1577//1577
f 1633//1633 1637//1637 1567//1567
f 1647//1647 1577//1577 1622//1622
f 1648//1648 1634//1634 1650//1650
f 1676//1676 1640//1640 1632//1632
f 1640//1640 1680//1680 1641//1641
f 1651//1651 1652//1652 1675//1675
f 1624//1624 1652//1652 1651//1651
f 1634//1634 1633//1633 1659//1659
f 1634//1634 1659//1659 1650//1650
f 1650//1650 1649//1649 1654//1654
f 1623//1623 1628//1628 1652//1652
f 1628//1628 1675//1675 1652//1652
f 1653//1653 1654//1654 1646//1646
f 1653//1653 1646//1646 1655//1655
f 1654//1654 1649//1649 1646//1646
f 1647//1647 1623//1623 1652//1652
f 1647//1647 1624//1624 1625//1625
f 1647//1647 1652//1652 1624//1624
f 1656//1656 1657//1657 1631//1631
f 1657//1657 1676//1676 1632//1632
f 1657//1657 1632//1632 1631//1631
f 1651//1651 1658//1658 1626//1626
f 1651//1651 1626//1626 1624//1624
f 1658//1658 1656//1656 1626//1626
f 1649//1649 1650//1650 1659//1659
f 1662//1662 1663//1663 1653//1653
f 1662//1662 1653//1653 1655//1655
f 1680//1680 1664//1664 1641//1641
f 1680//1680 1665//1665 1664//1664
f 1662//1662 1655//1655 1645//1645
f 1660//1660 1664//1664 1665//1665
f 1664//1664 1638//1638 1641//1641
f 1665//1665 1663//1663 1662//1662
f 1645//1645 1665//1665 1662//1662
f 1661//1661 1660//1660 1665//1665
f 1661//1661 1665//1665 1645//1645
f 1668//1668 1679//1679 1667//1667
f 1683//1683 1679//1679 1668//1668
f 1669//1669 1670//1670 1648//1648
f 1675//1675 1673//1673 1671//1671
f 1628//1628 1673//1673 1675//1675
f 1678//1678 1669//1669 1654//1654
f 1678//1678 1654//1654 1653//1653
f 1654//1654 1669//1669 1650//1650
f 1669//1669 1648//1648 1650//1650
f 1634//1634 1666//1666 1629//1629
f 1648//1648 1672//1672 1634//1634
f 1634//1634 1672//1672 1666//1666
f 1672//1672 1692//1692 1666//1666
f 1629//1629 1666//1666 1673//1673
f 1629//1629 1673//1673 1628//1628
f 1673//1673 1666//1666 1671//1671
f 1671//1671 1674//1674 1651//1651
f 1671//1671 1651//1651 1675//1675
f 1676//1676 1667//1667 1640//1640
f 1667//1667 1680//1680 1640//1640
f 1667//1667 1681//1681 1680//1680
f 1679//1679 1681//1681 1667//1667
f 1658//1658 1674//1674 1677//1677
f 1658//1658 1677//1677 1656//1656
f 1651//1651 1674//1674 1658//1658
f 1656//1656 1677//1677 1657//1657
f 1657//1657 1677//1677 1676//1676
f 1677//1677 1667//1667 1676//1676
f 1663//1663 1702//1702 1678//1678
f 1678//1678 1653//1653 1663//1663
f 1679//1679 1702//1702 1681//1681
f 1680//1680 1681//1681 1665//1665
f 1663//1663 1665//1665 1681//1681
f 1663//1663 1681//1681 1702//1702
f 1679//1679 1698//1698 1702//1702
f 1697//1697 1702//1702 1698//1698
f 1702//1702 1693//1693 1678//1678
f 1672//1672 1670//1670 1692//1692
f 1670//1670 1672//1672 1648//1648
f 1693//1693 1669//1669 1678//1678
f 1677//1677 1668//1668 1667//1667
f 1674//1674 1703//1703 1668//1668
f 1674//1674 1668//1668 1677//1677
f 1683//1683 1698//1698 1679//1679
f 1671//1671 1692//1692 1704//1704
f 1671//1671 1666//1666 1692//1692
f 1674//1674 1704//1704 1703//1703
f 1671//1671 1704//1704 1674//1674
f 1682//1682 1701//1701 1700//1700
f 1682//1682 1703//1703 1701//1701
f 1700//1700 1691//1691 1683//1683
f 1691//1691 1698//1698 1683//1683
f 1682//1682 1700//1700 1683//1683
f 1684//1684 1685//1685 1721//1721
f 1718//1718 1696//1696 1715//1715
f 1689//1689 1729//1729 1686//1686
f 1684//1684 1721//1721 1688//1688
f 1688//1688 1729//1729 1689//1689
f 1737//1737 1697//1697 1686//1686
f 1724//1724 1687//1687 1743//1743
f 1687//1687 1731//1731 1743//1743
f 1731//1731 1690//1690 1730//1730
f 1697//1697 1689//1689 1686//1686
f 1737//1737 1690//1690 1697//1697
f 1685//1685 1716//1716 1721//1721
f 1685//1685 1696//1696 1716//1716
f 1695//1695 1696//1696 1692//1692
f 1690//1690 1699//1699 1693//1693
f 1699//1699 1694//1694 1693//1693
f 1690//1690 1731//1731 1699//1699
f 1695//1695 1724//1724 1715//1715
f 1715//1715 1696//1696 1695//1695
f 1697//1697 1690//1690 1693//1693
f 1698//1698 1689//1689 1697//1697
f 1699//1699 1731//1731 1687//1687
f 1670//1670 1694//1694 1699//1699
f 1695//1695 1670//1670 1699//1699
f 1687//1687 1695//1695 1699//1699
f 1724//1724 1695//1695 1687//1687
f 1691//1691 1700//1700 1684//1684
f 1691//1691 1684//1684 1688//1688
f 1689//1689 1691//1691 1688//1688
f 1698//1698 1691//1691 1689//1689
f 1684//1684 1700//1700 1701//1701
f 1701//1701 1685//1685 1684//1684
f 1704//1704 1685//1685 1701//1701
f 1704//1704 1696//1696 1685//1685
f 1696//1696 1704//1704 1692//1692
f 1693//1693 1702//1702 1697//1697
f 1695//1695 1692//1692 1670//1670
f 1669//1669 1693//1693 1694//1694
f 1683//1683 1668//1668 1682//1682
f 1668//1668 1703//1703 1682//1682
f 1669//1669 1694//1694 1670//1670
f 1704//1704 1701//1701 1703//1703
f 1709//1709 1711//1711 1734//1734
f 1724//1724 1714//1714 1715//1715
f 1705//1705 1710//1710 1735//1735
f 1717//1717 1710//1710 1705//1705
f 1728//1728 1706//1706 1708//1708
f 1708//1708 1709//1709 1741//1741
f 1708//1708 1735//1735 1709//1709
f 1707//1707 1711//1711 1709//1709
f 1707//1707 1710//1710 1711//1711
f 1735//1735 1710//1710 1707//1707
f 1734//1734 1733//1733 1709//1709
f 1709//1709 1735//1735 1707//1707
f 1714//1714 1718//1718 1715//1715
f 1721//1721 1710//1710 1717//1717
f 1712//1712 1710//1710 1720//1720
f 1716//1716 1720//1720 1721//1721
f 1718//1718 1716//1716 1696//1696
f 1720//1720 1716//1716 1719//1719
f 1710//1710 1713//1713 1711//1711
f 1720//1720 1710//1710 1721//1721
f 1713//1713 1745//1745 1722//1722
f 1712//1712 1719//1719 1713//1713
f 1713//1713 1719//1719 1714//1714
f 1719//1719 1718//1718 1714//1714
f 1719//1719 1716//1716 1718//1718
f 1712//1712 1713//1713 1710//1710
f 1712//1712 1720//1720 1719//1719
f 1713//1713 1722//1722 1711//1711
f 1745//1745 1723//1723 1722//1722
f 1686//1686 1729//1729 1725//1725
f 1727//1727 1728//1728 1726//1726
f 1737//1737 1730//1730 1690//1690
f 1737//1737 1738//1738 1730//1730
f 1738//1738 1740//1740 1742//1742
f 1740//1740 1741//1741 1742//1742
f 1740//1740 1708//1708 1741//1741
f 1740//1740 1728//1728 1708//1708
f 1721//1721 1717//1717 1688//1688
f 1725//1725 1726//1726 1738//1738
f 1728//1728 1727//1727 1706//1706
f 1742//1742 1741//1741 1739//1739
f 1731//1731 1744//1744 1743//1743
f 1743//1743 1736//1736 1724//1724
f 1724//1724 1736//1736 1723//1723
f 1723//1723 1746//1746 1722//1722
f 1734//1734 1711//1711 1722//1722
f 1706//1706 1735//1735 1708//1708
f 1738//1738 1726//1726 1740//1740
f 1731//1731 1730//1730 1744//1744
f 1688//1688 1717//1717 1705//1705
f 1729//1729 1705//1705 1727//1727
f 1725//1725 1729//1729 1727//1727
f 1726//1726 1725//1725 1727//1727
f 1741//1741 1709//1709 1739//1739
f 1733//1733 1732//1732 1709//1709
f 1746//1746 1733//1733 1734//1734
f 1729//1729 1688//1688 1705//1705
f 1725//1725 1737//1737 1686//1686
f 1737//1737 1725//1725 1738//1738
f 1730//1730 1738//1738 1742//1742
f 1730//1730 1742//1742 1739//1739
f 1739//1739 1732//1732 1744//1744
f 1743//1743 1744//1744 1732//1732
f 1743//1743 1732//1732 1733//1733
f 1726//1726 1728//1728 1740//1740
f 1709//1709 1732//1732 1739//1739
f 1730//1730 1739//1739 1744//1744
f 1746//1746 1734//1734 1722//1722
f 1736//1736 1746//1746 1723//1723
f 1706//1706 1705//1705 1735//1735
f 1727//1727 1705//1705 1706//1706
f 1713//1713 1714//1714 1745//1745
f 1714//1714 1724//1724 1745//1745
f 1746//1746 1736//1736 1743//1743
f 1733//1733 1746//1746 1743//1743
f 1723//1723 1745//1745 1724//1724
f 1756//1756 1748//1748 1747//1747
f 1752//1752 1759//1759 1756//1756
f 1759//1759 1748//1748 1756//1756
f 1759//1759 1752//1752 1755//1755
f 1759//1759 1755//1755 1758//1758
f 1754//1754 2445//2445 1753//1753
f 1754//1754 2444//2444 2445//2445
f 1755//1755 2444//2444 1754//1754
f 2450//2450 2444//2444 1755//1755
f 2450//2450 1755//1755 1752//1752
f 2447//2447 2446//2446 1756//1756
f 1756//1756 2446//2446 1752//1752
f 1748//1748 1759//1759 1749//1749
f 1753//1753 1751//1751 1754//1754
f 52//52 1751//1751 1753//1753
f 1751//1751 1757//1757 1755//1755
f 1751//1751 1755//1755 1754//1754
f 1758//1758 1755//1755 1757//1757
f 1750//1750 1759//1759 1758//1758
f 40//40 1759//1759 1750//1750
f 1768//1768 1761//1761 1767//1767
f 1768//1768 1767//1767 137//137
f 1761//1761 1764//1764 2448//2448
f 1761//1761 2448//2448 1762//1762
f 1768//1768 1764//1764 1761//1761
f 1765//1765 2448//2448 1764//1764
f 1765//1765 1764//1764 1763//1763
f 1767//1767 1756//1756 204//204
f 1767//1767 2447//2447 1756//1756
f 2445//2445 1766//1766 1753//1753
f 2445//2445 2457//2457 1766//1766
f 2457//2457 1765//1765 1766//1766
f 1765//1765 2457//2457 2449//2449
f 1765//1765 2449//2449 2448//2448
f 1762//1762 1767//1767 1761//1761
f 1762//1762 2458//2458 1767//1767
f 2458//2458 2447//2447 1767//1767
f 174//174 1764//1764 1768//1768
f 1766//1766 1770//1770 1753//1753
f 1765//1765 1770//1770 1766//1766
f 1770//1770 203//203 52//52
f 1770//1770 52//52 1753//1753
f 1770//1770 1769//1769 203//203
f 1765//1765 1763//1763 1769//1769
f 1765//1765 1769//1769 1770//1770
f 1763//1763 180//180 1769//1769
f 1763//1763 1760//1760 180//180
f 1773//1773 2522//2522 1771//1771
f 2522//2522 1773//1773 2519//2519
f 2522//2522 2519//2519 2523//2523
f 1771//1771 2524//2524 2529//2529
f 1771//1771 1772//1772 2524//2524
f 2522//2522 1772//1772 1771//1771
f 2519//2519 1773//1773 2518//2518
f 2518//2518 1773//1773 2527//2527
f 1773//1773 1771//1771 2527//2527
f 2527//2527 1771//1771 2528//2528
f 2529//2529 2528//2528 1771//1771
f 1786//1786 1803//1803 1794//1794
f 1810//1810 1807//1807 1808//1808
f 1811//1811 1809//1809 1810//1810
f 1838//1838 1817//1817 1888//1888
f 1904//1904 1906//1906 1910//1910
f 1776//1776 1778//1778 1777//1777
f 1778//1778 1779//1779 1777//1777
f 1778//1778 1780//1780 1779//1779
f 1783//1783 1785//1785 1784//1784
f 1783//1783 1784//1784 1805//1805
f 1775//1775 1785//1785 1783//1783
f 1785//1785 1786//1786 1784//1784
f 1787//1787 1788//1788 1775//1775
f 1892//1892 1788//1788 1787//1787
f 1790//1790 1789//1789 1840//1840
f 1790//1790 1793//1793 1792//1792
f 1790//1790 1792//1792 1789//1789
f 1791//1791 1793//1793 1790//1790
f 1794//1794 1795//1795 1813//1813
f 1794//1794 1813//1813 1786//1786
f 1795//1795 1796//1796 1822//1822
f 1795//1795 1822//1822 1813//1813
f 1798//1798 1849//1849 1799//1799
f 1799//1799 1800//1800 1802//1802
f 1849//1849 1800//1800 1799//1799
f 1801//1801 1799//1799 181//181
f 1798//1798 1799//1799 1801//1801
f 1799//1799 1802//1802 181//181
f 1830//1830 1877//1877 1794//1794
f 1830//1830 1794//1794 1803//1803
f 1804//1804 1805//1805 1812//1812
f 1804//1804 1787//1787 1805//1805
f 1817//1817 1774//1774 189//189
f 1774//1774 1806//1806 189//189
f 1810//1810 1809//1809 1859//1859
f 1810//1810 1859//1859 1807//1807
f 1812//1812 1841//1841 1804//1804
f 1812//1812 1827//1827 1841//1841
f 1781//1781 1815//1815 1814//1814
f 1814//1814 1798//1798 1801//1801
f 1805//1805 1818//1818 1812//1812
f 1805//1805 1784//1784 1818//1818
f 1784//1784 1786//1786 1819//1819
f 1784//1784 1819//1819 1818//1818
f 1820//1820 1841//1841 1842//1842
f 1822//1822 1823//1823 1849//1849
f 1822//1822 1849//1849 1821//1821
f 1822//1822 1824//1824 1823//1823
f 1823//1823 1816//1816 1848//1848
f 1823//1823 1848//1848 1849//1849
f 1824//1824 1816//1816 1823//1823
f 1819//1819 1813//1813 1825//1825
f 1786//1786 1813//1813 1819//1819
f 1813//1813 1822//1822 1821//1821
f 1813//1813 1821//1821 1825//1825
f 1781//1781 1782//1782 1826//1826
f 1781//1781 1826//1826 1815//1815
f 1782//1782 1776//1776 1827//1827
f 1782//1782 1827//1827 1826//1826
f 1815//1815 1826//1826 1818//1818
f 1815//1815 1818//1818 1819//1819
f 1826//1826 1812//1812 1818//1818
f 1826//1826 1827//1827 1812//1812
f 1797//1797 1824//1824 1828//1828
f 1797//1797 1828//1828 1829//1829
f 1816//1816 1824//1824 1797//1797
f 1824//1824 1796//1796 1828//1828
f 1824//1824 1822//1822 1796//1796
f 1785//1785 1830//1830 1803//1803
f 1785//1785 1803//1803 1786//1786
f 1775//1775 1830//1830 1785//1785
f 1832//1832 1834//1834 1833//1833
f 1832//1832 1833//1833 1831//1831
f 1832//1832 1846//1846 1834//1834
f 1834//1834 1836//1836 1835//1835
f 1834//1834 1835//1835 1833//1833
f 1846//1846 1837//1837 1836//1836
f 1846//1846 1836//1836 1834//1834
f 1837//1837 1838//1838 1847//1847
f 1774//1774 1838//1838 1837//1837
f 1774//1774 1817//1817 1838//1838
f 1790//1790 1840//1840 1831//1831
f 1840//1840 1832//1832 1831//1831
f 1775//1775 1783//1783 1787//1787
f 1783//1783 1805//1805 1787//1787
f 1804//1804 1892//1892 1787//1787
f 1820//1820 1892//1892 1804//1804
f 1820//1820 1804//1804 1841//1841
f 1841//1841 1777//1777 1779//1779
f 1841//1841 1779//1779 1842//1842
f 1827//1827 1776//1776 1777//1777
f 1827//1827 1777//1777 1841//1841
f 1842//1842 1779//1779 1780//1780
f 1837//1837 1846//1846 1774//1774
f 1846//1846 1806//1806 1774//1774
f 1846//1846 1832//1832 1806//1806
f 1836//1836 1847//1847 1835//1835
f 1837//1837 1847//1847 1836//1836
f 1847//1847 1838//1838 1912//1912
f 1821//1821 1849//1849 1798//1798
f 1849//1849 1848//1848 1800//1800
f 1815//1815 1825//1825 1814//1814
f 1819//1819 1825//1825 1815//1815
f 1825//1825 1821//1821 1798//1798
f 1825//1825 1798//1798 1814//1814
f 1850//1850 1852//1852 1851//1851
f 1850//1850 1851//1851 1843//1843
f 1792//1792 1793//1793 1852//1852
f 1792//1792 1852//1852 1850//1850
f 1852//1852 1854//1854 1853//1853
f 1852//1852 1853//1853 1851//1851
f 1793//1793 1791//1791 1854//1854
f 1793//1793 1854//1854 1852//1852
f 1844//1844 1855//1855 1856//1856
f 1844//1844 1856//1856 1845//1845
f 1843//1843 1851//1851 1855//1855
f 1843//1843 1855//1855 1844//1844
f 1855//1855 1857//1857 1856//1856
f 1851//1851 1853//1853 1857//1857
f 1851//1851 1857//1857 1855//1855
f 1845//1845 1856//1856 151//151
f 151//151 1860//1860 1858//1858
f 151//151 1858//1858 245//245
f 1856//1856 1860//1860 151//151
f 1860//1860 1859//1859 1858//1858
f 1856//1856 1861//1861 1860//1860
f 1860//1860 1807//1807 1859//1859
f 1861//1861 1808//1808 1807//1807
f 1861//1861 1807//1807 1860//1860
f 1862//1862 1863//1863 1922//1922
f 1842//1842 1863//1863 1862//1862
f 1842//1842 1780//1780 1863//1863
f 1922//1922 1864//1864 1903//1903
f 1922//1922 1863//1863 1864//1864
f 1869//1869 1903//1903 1866//1866
f 1869//1869 1866//1866 1865//1865
f 1903//1903 1864//1864 1866//1866
f 1867//1867 1869//1869 1865//1865
f 1867//1867 1865//1865 1811//1811
f 1868//1868 1869//1869 1867//1867
f 1810//1810 1870//1870 1867//1867
f 1810//1810 1867//1867 1811//1811
f 1808//1808 1910//1910 1870//1870
f 1808//1808 1870//1870 1810//1810
f 1870//1870 1871//1871 1868//1868
f 1870//1870 1868//1868 1867//1867
f 1910//1910 1906//1906 1871//1871
f 1910//1910 1871//1871 1870//1870
f 1912//1912 1838//1838 1873//1873
f 1875//1875 1775//1775 1788//1788
f 1875//1875 1788//1788 1874//1874
f 1889//1889 1877//1877 1876//1876
f 1876//1876 1877//1877 1830//1830
f 1878//1878 1879//1879 1886//1886
f 1878//1878 1886//1886 1887//1887
f 1877//1877 1880//1880 1795//1795
f 1877//1877 1795//1795 1794//1794
f 1889//1889 1880//1880 1877//1877
f 1880//1880 1881//1881 1796//1796
f 1880//1880 1796//1796 1795//1795
f 1775//1775 1875//1875 1876//1876
f 1775//1775 1876//1876 1830//1830
f 1882//1882 1884//1884 1883//1883
f 1882//1882 1883//1883 242//242
f 1881//1881 1884//1884 1882//1882
f 1884//1884 1879//1879 1878//1878
f 1884//1884 1878//1878 1883//1883
f 1881//1881 1885//1885 1828//1828
f 1881//1881 1828//1828 1796//1796
f 1881//1881 1872//1872 1885//1885
f 1885//1885 1829//1829 1828//1828
f 1872//1872 167//167 1829//1829
f 1872//1872 1829//1829 1885//1885
f 1888//1888 1887//1887 1886//1886
f 1873//1873 1838//1838 1888//1888
f 1876//1876 1886//1886 1879//1879
f 1876//1876 1879//1879 1889//1889
f 1875//1875 1886//1886 1876//1876
f 1880//1880 1884//1884 1881//1881
f 1889//1889 1879//1879 1884//1884
f 1889//1889 1884//1884 1880//1880
f 1873//1873 1888//1888 1886//1886
f 1873//1873 1886//1886 1875//1875
f 1874//1874 1873//1873 1875//1875
f 1878//1878 1887//1887 1891//1891
f 1878//1878 1891//1891 1890//1890
f 1891//1891 1887//1887 1817//1817
f 1888//1888 1817//1817 1887//1887
f 1932//1932 1788//1788 1892//1892
f 1892//1892 1820//1820 1907//1907
f 1893//1893 1895//1895 1894//1894
f 1895//1895 1896//1896 1917//1917
f 1895//1895 1917//1917 1894//1894
f 1897//1897 1915//1915 1894//1894
f 1790//1790 1831//1831 1897//1897
f 1897//1897 1898//1898 1915//1915
f 1831//1831 1898//1898 1897//1897
f 1900//1900 1833//1833 1835//1835
f 1900//1900 1835//1835 1899//1899
f 1898//1898 1833//1833 1900//1900
f 1898//1898 1831//1831 1833//1833
f 1962//1962 1902//1902 1901//1901
f 1962//1962 1936//1936 1902//1902
f 1921//1921 1902//1902 1869//1869
f 1921//1921 1869//1869 1868//1868
f 1902//1902 1903//1903 1869//1869
f 1905//1905 1906//1906 1904//1904
f 1905//1905 1918//1918 1906//1906
f 1907//1907 1936//1936 1950//1950
f 1907//1907 1862//1862 1936//1936
f 1908//1908 1909//1909 1857//1857
f 1908//1908 1857//1857 1853//1853
f 1904//1904 1910//1910 1909//1909
f 1904//1904 1909//1909 1908//1908
f 1909//1909 1861//1861 1856//1856
f 1909//1909 1856//1856 1857//1857
f 1910//1910 1808//1808 1861//1861
f 1910//1910 1861//1861 1909//1909
f 1892//1892 1907//1907 1932//1932
f 1935//1935 1839//1839 1932//1932
f 1935//1935 1911//1911 1839//1839
f 1912//1912 1913//1913 1847//1847
f 1913//1913 1835//1835 1847//1847
f 1913//1913 1899//1899 1835//1835
f 1839//1839 1874//1874 1788//1788
f 1874//1874 1914//1914 1873//1873
f 1839//1839 1914//1914 1874//1874
f 1914//1914 1912//1912 1873//1873
f 1894//1894 1915//1915 1893//1893
f 1915//1915 1898//1898 1916//1916
f 1897//1897 1917//1917 1791//1791
f 1897//1897 1791//1791 1790//1790
f 1894//1894 1917//1917 1897//1897
f 1911//1911 1914//1914 1839//1839
f 1862//1862 1907//1907 1820//1820
f 1820//1820 1842//1842 1862//1862
f 1902//1902 1936//1936 1922//1922
f 1936//1936 1862//1862 1922//1922
f 1905//1905 1919//1919 1918//1918
f 1919//1919 1968//1968 1967//1967
f 1919//1919 1967//1967 1918//1918
f 1918//1918 1920//1920 1871//1871
f 1918//1918 1871//1871 1906//1906
f 1920//1920 1921//1921 1868//1868
f 1920//1920 1868//1868 1871//1871
f 1963//1963 1901//1901 1921//1921
f 1962//1962 1901//1901 1963//1963
f 1901//1901 1902//1902 1921//1921
f 1902//1902 1922//1922 1903//1903
f 1904//1904 1923//1923 1905//1905
f 1923//1923 1917//1917 1896//1896
f 1917//1917 1924//1924 1854//1854
f 1917//1917 1854//1854 1791//1791
f 1917//1917 1923//1923 1924//1924
f 1924//1924 1908//1908 1853//1853
f 1924//1924 1853//1853 1854//1854
f 1923//1923 1904//1904 1908//1908
f 1923//1923 1908//1908 1924//1924
f 1893//1893 1925//1925 1895//1895
f 1978//1978 1981//1981 1925//1925
f 1978//1978 1925//1925 1893//1893
f 1925//1925 1930//1930 1896//1896
f 1925//1925 1896//1896 1895//1895
f 1981//1981 1974//1974 1930//1930
f 1981//1981 1930//1930 1925//1925
f 1916//1916 1927//1927 1926//1926
f 1927//1927 1899//1899 1928//1928
f 1979//1979 1929//1929 1926//1926
f 1978//1978 1893//1893 1929//1929
f 1978//1978 1929//1929 1979//1979
f 1929//1929 1915//1915 1916//1916
f 1929//1929 1916//1916 1926//1926
f 1893//1893 1915//1915 1929//1929
f 1919//1919 1930//1930 1974//1974
f 1919//1919 1974//1974 1968//1968
f 1905//1905 1923//1923 1930//1930
f 1905//1905 1930//1930 1919//1919
f 1923//1923 1896//1896 1930//1930
f 2005//2005 1918//1918 1967//1967
f 1963//1963 1921//1921 2005//2005
f 2005//2005 1920//1920 1918//1918
f 1921//1921 1920//1920 2005//2005
f 1947//1947 1931//1931 1914//1914
f 1914//1914 1931//1931 1913//1913
f 1928//1928 1933//1933 1960//1960
f 1899//1899 1933//1933 1928//1928
f 1933//1933 1931//1931 1960//1960
f 1933//1933 1913//1913 1931//1931
f 1932//1932 1839//1839 1788//1788
f 1914//1914 1913//1913 1912//1912
f 1899//1899 1913//1913 1933//1933
f 1916//1916 1900//1900 1927//1927
f 1898//1898 1900//1900 1916//1916
f 1900//1900 1899//1899 1927//1927
f 1953//1953 1969//1969 2019//2019
f 1928//1928 1973//1973 1927//1927
f 1968//1968 1974//1974 1975//1975
f 2003//2003 2002//2002 1986//1986
f 1953//1953 1954//1954 2003//2003
f 1972//1972 1932//1932 1934//1934
f 1936//1936 1962//1962 1950//1950
f 1938//1938 1941//1941 1940//1940
f 1938//1938 1940//1940 1937//1937
f 1939//1939 1988//1988 1941//1941
f 1939//1939 1941//1941 1938//1938
f 1941//1941 1943//1943 1942//1942
f 1941//1941 1942//1942 1940//1940
f 1988//1988 1943//1943 1941//1941
f 1939//1939 1938//1938 1944//1944
f 1944//1944 1946//1946 1945//1945
f 1944//1944 1945//1945 1959//1959
f 1938//1938 1937//1937 1946//1946
f 1938//1938 1946//1946 1944//1944
f 1965//1965 1947//1947 1911//1911
f 1965//1965 1948//1948 1947//1947
f 1951//1951 1954//1954 1953//1953
f 1952//1952 1954//1954 1951//1951
f 1952//1952 1955//1955 1954//1954
f 1957//1957 1958//1958 1956//1956
f 1942//1942 1958//1958 1957//1957
f 1942//1942 1955//1955 1952//1952
f 1942//1942 1952//1952 1958//1958
f 1945//1945 1948//1948 1959//1959
f 1962//1962 1964//1964 1971//1971
f 1963//1963 1964//1964 1962//1962
f 1950//1950 1949//1949 1907//1907
f 1911//1911 1947//1947 1914//1914
f 1965//1965 1966//1966 2015//2015
f 1947//1947 1960//1960 1931//1931
f 1911//1911 1966//1966 1965//1965
f 2015//2015 1959//1959 1965//1965
f 1959//1959 1948//1948 1965//1965
f 1961//1961 1948//1948 1945//1945
f 1961//1961 1960//1960 1948//1948
f 1960//1960 1947//1947 1948//1948
f 1932//1932 1949//1949 1934//1934
f 1907//1907 1949//1949 1932//1932
f 1969//1969 1967//1967 1968//1968
f 1969//1969 1968//1968 2019//2019
f 1962//1962 1971//1971 1950//1950
f 1971//1971 2004//2004 1950//1950
f 1973//1973 1982//1982 1926//1926
f 1973//1973 1926//1926 1927//1927
f 1957//1957 1940//1940 1942//1942
f 1957//1957 1976//1976 1937//1937
f 1957//1957 1937//1937 1940//1940
f 1956//1956 2022//2022 1976//1976
f 1956//1956 1976//1976 1957//1957
f 1976//1976 1977//1977 1946//1946
f 1976//1976 1946//1946 1937//1937
f 2022//2022 1977//1977 1976//1976
f 1977//1977 1961//1961 1945//1945
f 1977//1977 1945//1945 1946//1946
f 1980//1980 1981//1981 1978//1978
f 1975//1975 1974//1974 1981//1981
f 1975//1975 1981//1981 1980//1980
f 1982//1982 1979//1979 1926//1926
f 1980//1980 1978//1978 1979//1979
f 1980//1980 1979//1979 1982//1982
f 1985//1985 1983//1983 1984//1984
f 2018//2018 1985//1985 1984//1984
f 2018//2018 1987//1987 1986//1986
f 2018//2018 1984//1984 1987//1987
f 1989//1989 2018//2018 1986//1986
f 1989//1989 1986//1986 1988//1988
f 2009//2009 2018//2018 1989//1989
f 1939//1939 1990//1990 1989//1989
f 1939//1939 1989//1989 1988//1988
f 1990//1990 2014//2014 2009//2009
f 1990//1990 2009//2009 1989//1989
f 1934//1934 1991//1991 2016//2016
f 1934//1934 2017//2017 1991//1991
f 1983//1983 2000//2000 1949//1949
f 2000//2000 1992//1992 1949//1949
f 1966//1966 1972//1972 1994//1994
f 1972//1972 1934//1934 1994//1994
f 1959//1959 2015//2015 1993//1993
f 2015//2015 1966//1966 1994//1994
f 1944//1944 1995//1995 1990//1990
f 1944//1944 1990//1990 1939//1939
f 1959//1959 1993//1993 1995//1995
f 1959//1959 1995//1995 1944//1944
f 1995//1995 2014//2014 1990//1990
f 1993//1993 2014//2014 1995//1995
f 2016//2016 1991//1991 1996//1996
f 1996//1996 1997//1997 2033//2033
f 1991//1991 1997//1997 1996//1996
f 1997//1997 2034//2034 2033//2033
f 1991//1991 2007//2007 1997//1997
f 1997//1997 2001//2001 2034//2034
f 2007//2007 2001//2001 1997//1997
f 2034//2034 2001//2001 2035//2035
f 2001//2001 2007//2007 2013//2013
f 1999//1999 1996//1996 2037//2037
f 2010//2010 2016//2016 1996//1996
f 2010//2010 1996//1996 1999//1999
f 1996//1996 2033//2033 2037//2037
f 2011//2011 2038//2038 2062//2062
f 2011//2011 2062//2062 2008//2008
f 2008//2008 2062//2062 2056//2056
f 2038//2038 1999//1999 2037//2037
f 2056//2056 2057//2057 2012//2012
f 1998//1998 2057//2057 2035//2035
f 2000//2000 2057//2057 1998//1998
f 2001//2001 1998//1998 2035//2035
f 2013//2013 1998//1998 2001//2001
f 2002//2002 1943//1943 1988//1988
f 2002//2002 1988//1988 1986//1986
f 1955//1955 1942//1942 1943//1943
f 1955//1955 1943//1943 2002//2002
f 2003//2003 1954//1954 1955//1955
f 2003//2003 1955//1955 2002//2002
f 2003//2003 1987//1987 1970//1970
f 2003//2003 1970//1970 1953//1953
f 1986//1986 1987//1987 2003//2003
f 1987//1987 2004//2004 1970//1970
f 1987//1987 1984//1984 2004//2004
f 2004//2004 1971//1971 1970//1970
f 1984//1984 1983//1983 2004//2004
f 2004//2004 1949//1949 1950//1950
f 1983//1983 1949//1949 2004//2004
f 1992//1992 1934//1934 1949//1949
f 2017//2017 1934//1934 1992//1992
f 1932//1932 1972//1972 1966//1966
f 2005//2005 2006//2006 1964//1964
f 2005//2005 1964//1964 1963//1963
f 1967//1967 1969//1969 2006//2006
f 1967//1967 2006//2006 2005//2005
f 2006//2006 1970//1970 1971//1971
f 2006//2006 1971//1971 1964//1964
f 1969//1969 1953//1953 1970//1970
f 1969//1969 1970//1970 2006//2006
f 2009//2009 2056//2056 2012//2012
f 2007//2007 2017//2017 2013//2013
f 2000//2000 1998//1998 1992//1992
f 2008//2008 2056//2056 2009//2009
f 1999//1999 2038//2038 2011//2011
f 1999//1999 2011//2011 2010//2010
f 2008//2008 2015//2015 2011//2011
f 2012//2012 1983//1983 1985//1985
f 2012//2012 2000//2000 1983//1983
f 2000//2000 2012//2012 2057//2057
f 2013//2013 1992//1992 1998//1998
f 2013//2013 2017//2017 1992//1992
f 2009//2009 2014//2014 2008//2008
f 2014//2014 1993//1993 2008//2008
f 2008//2008 1993//1993 2015//2015
f 2011//2011 2015//2015 1994//1994
f 2011//2011 1994//1994 2010//2010
f 2010//2010 1994//1994 1934//1934
f 2010//2010 1934//1934 2016//2016
f 1991//1991 2017//2017 2007//2007
f 2018//2018 2009//2009 1985//1985
f 2009//2009 2012//2012 1985//1985
f 2019//2019 1951//1951 1953//1953
f 1968//1968 1975//1975 2019//2019
f 2019//2019 2020//2020 1952//1952
f 2019//2019 1952//1952 1951//1951
f 1975//1975 2020//2020 2019//2019
f 2020//2020 2021//2021 1958//1958
f 2020//2020 1958//1958 1952//1952
f 1975//1975 1980//1980 2021//2021
f 1975//1975 2021//2021 2020//2020
f 2021//2021 1956//1956 1958//1958
f 2021//2021 1982//1982 1956//1956
f 1980//1980 1982//1982 2021//2021
f 1982//1982 2022//2022 1956//1956
f 2022//2022 2023//2023 1977//1977
f 1982//1982 1973//1973 2023//2023
f 1982//1982 2023//2023 2022//2022
f 2023//2023 1960//1960 1961//1961
f 2023//2023 1961//1961 1977//1977
f 1973//1973 1928//1928 1960//1960
f 1973//1973 1960//1960 2023//2023
f 1966//1966 1911//1911 1935//1935
f 1966//1966 1935//1935 1932//1932
f 2035//2035 2032//2032 2034//2034
f 2044//2044 2047//2047 2049//2049
f 2048//2048 2076//2076 2024//2024
f 2024//2024 2090//2090 2041//2041
f 2048//2048 2075//2075 2076//2076
f 2041//2041 2040//2040 2024//2024
f 2040//2040 2039//2039 2024//2024
f 2024//2024 2039//2039 2048//2048
f 2084//2084 2092//2092 2051//2051
f 2027//2027 2096//2096 2100//2100
f 2094//2094 2096//2096 2027//2027
f 2094//2094 2028//2028 2086//2086
f 2090//2090 2052//2052 2036//2036
f 2025//2025 2052//2052 2090//2090
f 2051//2051 2052//2052 2025//2025
f 2027//2027 2026//2026 2075//2075
f 2027//2027 2100//2100 2026//2026
f 2043//2043 2029//2029 2031//2031
f 2029//2029 2030//2030 2031//2031
f 2029//2029 2033//2033 2030//2030
f 2034//2034 2030//2030 2033//2033
f 2034//2034 2032//2032 2030//2030
f 2031//2031 2030//2030 2032//2032
f 2035//2035 2065//2065 2032//2032
f 2032//2032 2060//2060 2031//2031
f 2065//2065 2060//2060 2032//2032
f 2090//2090 2036//2036 2041//2041
f 2029//2029 2037//2037 2033//2033
f 2037//2037 2029//2029 2038//2038
f 2092//2092 2086//2086 2028//2028
f 2053//2053 2042//2042 2041//2041
f 2053//2053 2043//2043 2042//2042
f 2059//2059 2055//2055 2047//2047
f 2046//2046 2055//2055 2059//2059
f 2048//2048 2039//2039 2045//2045
f 2094//2094 2049//2049 2028//2028
f 2049//2049 2094//2094 2027//2027
f 2050//2050 2048//2048 2045//2045
f 2075//2075 2048//2048 2050//2050
f 2051//2051 2092//2092 2028//2028
f 2046//2046 2052//2052 2051//2051
f 2054//2054 2053//2053 2036//2036
f 2054//2054 2036//2036 2052//2052
f 2075//2075 2050//2050 2027//2027
f 2027//2027 2050//2050 2049//2049
f 2049//2049 2047//2047 2055//2055
f 2050//2050 2044//2044 2049//2049
f 2045//2045 2044//2044 2050//2050
f 2041//2041 2042//2042 2040//2040
f 2036//2036 2053//2053 2041//2041
f 2046//2046 2054//2054 2052//2052
f 2051//2051 2055//2055 2046//2046
f 2028//2028 2055//2055 2051//2051
f 2049//2049 2055//2055 2028//2028
f 2056//2056 2047//2047 2044//2044
f 2056//2056 2044//2044 2063//2063
f 2044//2044 2045//2045 2063//2063
f 2039//2039 2063//2063 2045//2045
f 2064//2064 2063//2063 2039//2039
f 2064//2064 2039//2039 2042//2042
f 2039//2039 2040//2040 2042//2042
f 2054//2054 2058//2058 2053//2053
f 2058//2058 2046//2046 2061//2061
f 2054//2054 2046//2046 2058//2058
f 2046//2046 2059//2059 2061//2061
f 2043//2043 2053//2053 2058//2058
f 2064//2064 2060//2060 2065//2065
f 2031//2031 2060//2060 2043//2043
f 2061//2061 2062//2062 2038//2038
f 2061//2061 2038//2038 2029//2029
f 2029//2029 2043//2043 2061//2061
f 2043//2043 2058//2058 2061//2061
f 2061//2061 2059//2059 2062//2062
f 2060//2060 2042//2042 2043//2043
f 2062//2062 2059//2059 2047//2047
f 2062//2062 2047//2047 2056//2056
f 2056//2056 2063//2063 2057//2057
f 2063//2063 2064//2064 2057//2057
f 2064//2064 2042//2042 2060//2060
f 2057//2057 2064//2064 2065//2065
f 2065//2065 2035//2035 2057//2057
f 2067//2067 2068//2068 2083//2083
f 2070//2070 2082//2082 2091//2091
f 2074//2074 2099//2099 2071//2071
f 2091//2091 2099//2099 2070//2070
f 2099//2099 2106//2106 2071//2071
f 2106//2106 2099//2099 2091//2091
f 2089//2089 2066//2066 2085//2085
f 2070//2070 2089//2089 2085//2085
f 2074//2074 2071//2071 2068//2068
f 2068//2068 2071//2071 2073//2073
f 2067//2067 2072//2072 2099//2099
f 2072//2072 2070//2070 2099//2099
f 2067//2067 2069//2069 2068//2068
f 2069//2069 2074//2074 2068//2068
f 2083//2083 2098//2098 2067//2067
f 2089//2089 2070//2070 2072//2072
f 2079//2079 2106//2106 2024//2024
f 2081//2081 2075//2075 2077//2077
f 2073//2073 2071//2071 2079//2079
f 2080//2080 2073//2073 2079//2079
f 2077//2077 2080//2080 2081//2081
f 2078//2078 2068//2068 2073//2073
f 2024//2024 2106//2106 2090//2090
f 2077//2077 2075//2075 2026//2026
f 2081//2081 2076//2076 2075//2075
f 2080//2080 2079//2079 2076//2076
f 2080//2080 2078//2078 2073//2073
f 2024//2024 2076//2076 2079//2079
f 2080//2080 2076//2076 2081//2081
f 2068//2068 2078//2078 2083//2083
f 2078//2078 2105//2105 2083//2083
f 2086//2086 2087//2087 2107//2107
f 2107//2107 2088//2088 2089//2089
f 2085//2085 2082//2082 2070//2070
f 2090//2090 2091//2091 2025//2025
f 2092//2092 2084//2084 2087//2087
f 2084//2084 2093//2093 2088//2088
f 2082//2082 2066//2066 2093//2093
f 2082//2082 2085//2085 2066//2066
f 2094//2094 2107//2107 2103//2103
f 2107//2107 2089//2089 2104//2104
f 2104//2104 2089//2089 2102//2102
f 2102//2102 2089//2089 2072//2072
f 2103//2103 2097//2097 2096//2096
f 2096//2096 2097//2097 2108//2108
f 2104//2104 2095//2095 2098//2098
f 2104//2104 2098//2098 2108//2108
f 2095//2095 2067//2067 2098//2098
f 2067//2067 2099//2099 2069//2069
f 2100//2100 2105//2105 2026//2026
f 2101//2101 2083//2083 2105//2105
f 2092//2092 2087//2087 2086//2086
f 2067//2067 2095//2095 2072//2072
f 2104//2104 2102//2102 2095//2095
f 2094//2094 2103//2103 2096//2096
f 2099//2099 2074//2074 2069//2069
f 2100//2100 2108//2108 2105//2105
f 2025//2025 2091//2091 2082//2082
f 2084//2084 2025//2025 2082//2082
f 2093//2093 2084//2084 2082//2082
f 2089//2089 2093//2093 2066//2066
f 2088//2088 2093//2093 2089//2089
f 2087//2087 2084//2084 2088//2088
f 2087//2087 2088//2088 2107//2107
f 2103//2103 2107//2107 2104//2104
f 2103//2103 2104//2104 2097//2097
f 2097//2097 2104//2104 2108//2108
f 2072//2072 2095//2095 2102//2102
f 2098//2098 2083//2083 2101//2101
f 2108//2108 2101//2101 2105//2105
f 2106//2106 2091//2091 2090//2090
f 2079//2079 2071//2071 2106//2106
f 2077//2077 2105//2105 2078//2078
f 2080//2080 2077//2077 2078//2078
f 2098//2098 2101//2101 2108//2108
f 2105//2105 2077//2077 2026//2026
f 2096//2096 2108//2108 2100//2100
f 2086//2086 2107//2107 2094//2094
f 2084//2084 2051//2051 2025//2025
f 2145//2145 2161//2161 2121//2121
f 2146//2146 2162//2162 2145//2145
f 2170//2170 2167//2167 2168//2168
f 2171//2171 2169//2169 2170//2170
f 2186//2186 2143//2143 2141//2141
f 2171//2171 2234//2234 2186//2186
f 2238//2238 2253//2253 2252//2252
f 2110//2110 2112//2112 2111//2111
f 2240//2240 2112//2112 2110//2110
f 2113//2113 2206//2206 2122//2122
f 2114//2114 2115//2115 2117//2117
f 2114//2114 2116//2116 2115//2115
f 2116//2116 2118//2118 2115//2115
f 2285//2285 2123//2123 2113//2113
f 2123//2123 2206//2206 2113//2113
f 2119//2119 2120//2120 2204//2204
f 2121//2121 2120//2120 2119//2119
f 2120//2120 2111//2111 2204//2204
f 2111//2111 2112//2112 2122//2122
f 2112//2112 2113//2113 2122//2122
f 2124//2124 2126//2126 2254//2254
f 2125//2125 2127//2127 2126//2126
f 2125//2125 2126//2126 2124//2124
f 132//132 2130//2130 2199//2199
f 132//132 2199//2199 2128//2128
f 2129//2129 2131//2131 2130//2130
f 2129//2129 2130//2130 132//132
f 2130//2130 2132//2132 2199//2199
f 2131//2131 2132//2132 2130//2130
f 2133//2133 2135//2135 2124//2124
f 2134//2134 2136//2136 2135//2135
f 2134//2134 2135//2135 2133//2133
f 2136//2136 2199//2199 2135//2135
f 2137//2137 2138//2138 2257//2257
f 2138//2138 2136//2136 2134//2134
f 2138//2138 2134//2134 2257//2257
f 2139//2139 2214//2214 2213//2213
f 2139//2139 2140//2140 2210//2210
f 2143//2143 2142//2142 2141//2141
f 2143//2143 2144//2144 2142//2142
f 2173//2173 2147//2147 2145//2145
f 2173//2173 2145//2145 2121//2121
f 2187//2187 2147//2147 2173//2173
f 2147//2147 2146//2146 2145//2145
f 2187//2187 2148//2148 2147//2147
f 2157//2157 2153//2153 2152//2152
f 2157//2157 2152//2152 2156//2156
f 85//85 2153//2153 2157//2157
f 2154//2154 2157//2157 2156//2156
f 2155//2155 85//85 2157//2157
f 2155//2155 2157//2157 2154//2154
f 2145//2145 2162//2162 2160//2160
f 2145//2145 2160//2160 2161//2161
f 2204//2204 2122//2122 2205//2205
f 2204//2204 2205//2205 2163//2163
f 2164//2164 2165//2165 2109//2109
f 2166//2166 2167//2167 2170//2170
f 2166//2166 2170//2170 2169//2169
f 2179//2179 2192//2192 2163//2163
f 2179//2179 2163//2163 2205//2205
f 2152//2152 2174//2174 2177//2177
f 2152//2152 2177//2177 2156//2156
f 2174//2174 2175//2175 2158//2158
f 2174//2174 2158//2158 2177//2177
f 2253//2253 58//58 2109//2109
f 2119//2119 2204//2204 2163//2163
f 2178//2178 2121//2121 2119//2119
f 2261//2261 2172//2172 2123//2123
f 2179//2179 2123//2123 2114//2114
f 2181//2181 2184//2184 2183//2183
f 2181//2181 2183//2183 2180//2180
f 2182//2182 2185//2185 2184//2184
f 2182//2182 2184//2184 2181//2181
f 2184//2184 2186//2186 2141//2141
f 2184//2184 2141//2141 2183//2183
f 2185//2185 2171//2171 2186//2186
f 2185//2185 2186//2186 2184//2184
f 2188//2188 2187//2187 2219//2219
f 2218//2218 2149//2149 2188//2188
f 2219//2219 2187//2187 2189//2189
f 2189//2189 2173//2173 2121//2121
f 2189//2189 2121//2121 2178//2178
f 2187//2187 2173//2173 2189//2189
f 2190//2190 2285//2285 2113//2113
f 2191//2191 2159//2159 2158//2158
f 2191//2191 2158//2158 2175//2175
f 2192//2192 2117//2117 2159//2159
f 2192//2192 2159//2159 2191//2191
f 2119//2119 2191//2191 2175//2175
f 2119//2119 2175//2175 2178//2178
f 2163//2163 2192//2192 2191//2191
f 2163//2163 2191//2191 2119//2119
f 2259//2259 2190//2190 2194//2194
f 2195//2195 2196//2196 2150//2150
f 2195//2195 2150//2150 2151//2151
f 2148//2148 2187//2187 2196//2196
f 2148//2148 2196//2196 2195//2195
f 2196//2196 2188//2188 2149//2149
f 2196//2196 2149//2149 2150//2150
f 2187//2187 2188//2188 2196//2196
f 2161//2161 2198//2198 2120//2120
f 2161//2161 2120//2120 2121//2121
f 2160//2160 2241//2241 2198//2198
f 2160//2160 2198//2198 2161//2161
f 2198//2198 2110//2110 2111//2111
f 2198//2198 2111//2111 2120//2120
f 2241//2241 2110//2110 2198//2198
f 2138//2138 2200//2200 2199//2199
f 2138//2138 2199//2199 2136//2136
f 2137//2137 2201//2201 2200//2200
f 2137//2137 2200//2200 2138//2138
f 2200//2200 2202//2202 2176//2176
f 2200//2200 2176//2176 2199//2199
f 2201//2201 2202//2202 2200//2200
f 2252//2252 2165//2165 2201//2201
f 2252//2252 2109//2109 2165//2165
f 2252//2252 2253//2253 2109//2109
f 2193//2193 2260//2260 2259//2259
f 2133//2133 2124//2124 2254//2254
f 2203//2203 2134//2134 2133//2133
f 2199//2199 2176//2176 2128//2128
f 2132//2132 2125//2125 2135//2135
f 2132//2132 2135//2135 2199//2199
f 2125//2125 2124//2124 2135//2135
f 2122//2122 2204//2204 2111//2111
f 2122//2122 2206//2206 2205//2205
f 2205//2205 2206//2206 2179//2179
f 2206//2206 2123//2123 2179//2179
f 2114//2114 2117//2117 2192//2192
f 2114//2114 2192//2192 2179//2179
f 2114//2114 2208//2208 2116//2116
f 2114//2114 2123//2123 2208//2208
f 2207//2207 2285//2285 2190//2190
f 2172//2172 2208//2208 2123//2123
f 2208//2208 2172//2172 2209//2209
f 2209//2209 2139//2139 2229//2229
f 2209//2209 2214//2214 2139//2139
f 2209//2209 2172//2172 2214//2214
f 2289//2289 2290//2290 2144//2144
f 2290//2290 2142//2142 2144//2144
f 2210//2210 2211//2211 2144//2144
f 2210//2210 2144//2144 2143//2143
f 2210//2210 2140//2140 2211//2211
f 2140//2140 2213//2213 2212//2212
f 2140//2140 2139//2139 2213//2213
f 2214//2214 2172//2172 2261//2261
f 2164//2164 2202//2202 2165//2165
f 2202//2202 2201//2201 2165//2165
f 2112//2112 2240//2240 2190//2190
f 2193//2193 2252//2252 2201//2201
f 2193//2193 2201//2201 2137//2137
f 2153//2153 2219//2219 2152//2152
f 85//85 2218//2218 2153//2153
f 2153//2153 2188//2188 2219//2219
f 2218//2218 2188//2188 2153//2153
f 2152//2152 2219//2219 2174//2174
f 2174//2174 2189//2189 2178//2178
f 2174//2174 2178//2178 2175//2175
f 2219//2219 2189//2189 2174//2174
f 2220//2220 2141//2141 2142//2142
f 2127//2127 2125//2125 2220//2220
f 2221//2221 2222//2222 2125//2125
f 2221//2221 2125//2125 2132//2132
f 2180//2180 2183//2183 2222//2222
f 2180//2180 2222//2222 2221//2221
f 2222//2222 2220//2220 2125//2125
f 2183//2183 2141//2141 2220//2220
f 2183//2183 2220//2220 2222//2222
f 2223//2223 2224//2224 2215//2215
f 2180//2180 2221//2221 2224//2224
f 2180//2180 2224//2224 2223//2223
f 2224//2224 2131//2131 2129//2129
f 2221//2221 2132//2132 2131//2131
f 2221//2221 2131//2131 2224//2224
f 2182//2182 2181//2181 2223//2223
f 2182//2182 2223//2223 2216//2216
f 2223//2223 2215//2215 2216//2216
f 2181//2181 2180//2180 2223//2223
f 2226//2226 2225//2225 2217//2217
f 2226//2226 2217//2217 68//68
f 2225//2225 2216//2216 2217//2217
f 2225//2225 2182//2182 2216//2216
f 2226//2226 2227//2227 2225//2225
f 2166//2166 2169//2169 2227//2227
f 2166//2166 2227//2227 2226//2226
f 2227//2227 2185//2185 2182//2182
f 2227//2227 2182//2182 2225//2225
f 2169//2169 2171//2171 2185//2185
f 2169//2169 2185//2185 2227//2227
f 2228//2228 2116//2116 2208//2208
f 2228//2228 2208//2208 2209//2209
f 2228//2228 2118//2118 2116//2116
f 2228//2228 2209//2209 2229//2229
f 2230//2230 2229//2229 2231//2231
f 2229//2229 2139//2139 2231//2231
f 2232//2232 2231//2231 2233//2233
f 2232//2232 2233//2233 2168//2168
f 2230//2230 2231//2231 2232//2232
f 2231//2231 2210//2210 2233//2233
f 2231//2231 2139//2139 2210//2210
f 2233//2233 2170//2170 2168//2168
f 2233//2233 2234//2234 2171//2171
f 2233//2233 2171//2171 2170//2170
f 2210//2210 2143//2143 2234//2234
f 2210//2210 2234//2234 2233//2233
f 2234//2234 2143//2143 2186//2186
f 2236//2236 2237//2237 2235//2235
f 2252//2252 2193//2193 2259//2259
f 2252//2252 2259//2259 2194//2194
f 2190//2190 2240//2240 2194//2194
f 2194//2194 2240//2240 2239//2239
f 2241//2241 2162//2162 2242//2242
f 2160//2160 2162//2162 2241//2241
f 2162//2162 2146//2146 2243//2243
f 2162//2162 2243//2243 2242//2242
f 2251//2251 2245//2245 2244//2244
f 2244//2244 2245//2245 2248//2248
f 2147//2147 2246//2246 2146//2146
f 2148//2148 2235//2235 2246//2246
f 2148//2148 2246//2246 2147//2147
f 2246//2246 2243//2243 2146//2146
f 2242//2242 2239//2239 2241//2241
f 2241//2241 2240//2240 2110//2110
f 2239//2239 2240//2240 2241//2241
f 2248//2248 2249//2249 2237//2237
f 2248//2248 2237//2237 2247//2247
f 2248//2248 2245//2245 2249//2249
f 2195//2195 2250//2250 2235//2235
f 2195//2195 2235//2235 2148//2148
f 2151//2151 2197//2197 2250//2250
f 2151//2151 2250//2250 2195//2195
f 2250//2250 2236//2236 2235//2235
f 2197//2197 2236//2236 2250//2250
f 2244//2244 2238//2238 2251//2251
f 2244//2244 2253//2253 2238//2238
f 2252//2252 2194//2194 2238//2238
f 2243//2243 2245//2245 2242//2242
f 2245//2245 2251//2251 2242//2242
f 2237//2237 2246//2246 2235//2235
f 2237//2237 2249//2249 2246//2246
f 2249//2249 2245//2245 2243//2243
f 2249//2249 2243//2243 2246//2246
f 2251//2251 2239//2239 2242//2242
f 2238//2238 2239//2239 2251//2251
f 2238//2238 2194//2194 2239//2239
f 38//38 2244//2244 2248//2248
f 38//38 2248//2248 125//125
f 2253//2253 2244//2244 38//38
f 2126//2126 2255//2255 2254//2254
f 2127//2127 2256//2256 2255//2255
f 2127//2127 2255//2255 2126//2126
f 2255//2255 2308//2308 2307//2307
f 2255//2255 2307//2307 2254//2254
f 2256//2256 2308//2308 2255//2255
f 2297//2297 2257//2257 2203//2203
f 2297//2297 2203//2203 2298//2298
f 2282//2282 2258//2258 2257//2257
f 2282//2282 2257//2257 2297//2297
f 2203//2203 2133//2133 2309//2309
f 2203//2203 2309//2309 2298//2298
f 2309//2309 2254//2254 2307//2307
f 2133//2133 2254//2254 2309//2309
f 2299//2299 2142//2142 2290//2290
f 2256//2256 2142//2142 2299//2299
f 2256//2256 2127//2127 2220//2220
f 2256//2256 2220//2220 2142//2142
f 2144//2144 2335//2335 2289//2289
f 2144//2144 2211//2211 2335//2335
f 2335//2335 2212//2212 2284//2284
f 2211//2211 2140//2140 2212//2212
f 2211//2211 2212//2212 2335//2335
f 2260//2260 2286//2286 2207//2207
f 2283//2283 2258//2258 2282//2282
f 2286//2286 2258//2258 2283//2283
f 2286//2286 2260//2260 2258//2258
f 2190//2190 2113//2113 2112//2112
f 2207//2207 2190//2190 2259//2259
f 2260//2260 2207//2207 2259//2259
f 2258//2258 2193//2193 2137//2137
f 2260//2260 2193//2193 2258//2258
f 2257//2257 2134//2134 2203//2203
f 2258//2258 2137//2137 2257//2257
f 2350//2350 2291//2291 2273//2273
f 2297//2297 2295//2295 2282//2282
f 2298//2298 2296//2296 2297//2297
f 2333//2333 2275//2275 2273//2273
f 2373//2373 2326//2326 2312//2312
f 2313//2313 2343//2343 2315//2315
f 2261//2261 2213//2213 2214//2214
f 2263//2263 2265//2265 2264//2264
f 2263//2263 2264//2264 2262//2262
f 2280//2280 2332//2332 2265//2265
f 2280//2280 2265//2265 2263//2263
f 2265//2265 2267//2267 2266//2266
f 2265//2265 2266//2266 2264//2264
f 2332//2332 2316//2316 2267//2267
f 2332//2332 2267//2267 2265//2265
f 2269//2269 2271//2271 2270//2270
f 2269//2269 2270//2270 2268//2268
f 2270//2270 2264//2264 2266//2266
f 2271//2271 2262//2262 2264//2264
f 2271//2271 2264//2264 2270//2270
f 2285//2285 2342//2342 2123//2123
f 2273//2273 2275//2275 2274//2274
f 2275//2275 2276//2276 2274//2274
f 2279//2279 2278//2278 2277//2277
f 2279//2279 2280//2280 2278//2278
f 2276//2276 2275//2275 2280//2280
f 2276//2276 2280//2280 2279//2279
f 2268//2268 2281//2281 2269//2269
f 2283//2283 2281//2281 2286//2286
f 2292//2292 2284//2284 2294//2294
f 2294//2294 2212//2212 2213//2213
f 2284//2284 2212//2212 2294//2294
f 2123//2123 2319//2319 2261//2261
f 2286//2286 2272//2272 2207//2207
f 2322//2322 2272//2272 2281//2281
f 2287//2287 2272//2272 2322//2322
f 2286//2286 2281//2281 2272//2272
f 2348//2348 2285//2285 2287//2287
f 2281//2281 2268//2268 2322//2322
f 2281//2281 2288//2288 2269//2269
f 2281//2281 2283//2283 2288//2288
f 2285//2285 2348//2348 2342//2342
f 2342//2342 2319//2319 2123//2123
f 2290//2290 2289//2289 2291//2291
f 2290//2290 2291//2291 2350//2350
f 2261//2261 2294//2294 2213//2213
f 2272//2272 2287//2287 2285//2285
f 2261//2261 2292//2292 2294//2294
f 2296//2296 2295//2295 2297//2297
f 2300//2300 2256//2256 2299//2299
f 2263//2263 2301//2301 2278//2278
f 2263//2263 2278//2278 2280//2280
f 2262//2262 2302//2302 2301//2301
f 2262//2262 2301//2301 2263//2263
f 2301//2301 2303//2303 2277//2277
f 2301//2301 2277//2277 2278//2278
f 2302//2302 2304//2304 2303//2303
f 2302//2302 2303//2303 2301//2301
f 2271//2271 2305//2305 2302//2302
f 2271//2271 2302//2302 2262//2262
f 2269//2269 2288//2288 2305//2305
f 2269//2269 2305//2305 2271//2271
f 2305//2305 2306//2306 2304//2304
f 2305//2305 2304//2304 2302//2302
f 2288//2288 2306//2306 2305//2305
f 2310//2310 2308//2308 2351//2351
f 2307//2307 2308//2308 2310//2310
f 2308//2308 2256//2256 2300//2300
f 2308//2308 2300//2300 2351//2351
f 2298//2298 2309//2309 2311//2311
f 2298//2298 2311//2311 2296//2296
f 2309//2309 2307//2307 2310//2310
f 2309//2309 2310//2310 2311//2311
f 2312//2312 2326//2326 2313//2313
f 2334//2334 2313//2313 2315//2315
f 2334//2334 2315//2315 2314//2314
f 2316//2316 2315//2315 2317//2317
f 2314//2314 2315//2315 2316//2316
f 2315//2315 2343//2343 2317//2317
f 2317//2317 2267//2267 2316//2316
f 2317//2317 2266//2266 2267//2267
f 2348//2348 2339//2339 2342//2342
f 2319//2319 2349//2349 2312//2312
f 2319//2319 2342//2342 2349//2349
f 2320//2320 2321//2321 2268//2268
f 2348//2348 2287//2287 2347//2347
f 2346//2346 2287//2287 2322//2322
f 2347//2347 2287//2287 2346//2346
f 2321//2321 2322//2322 2268//2268
f 2317//2317 2323//2323 2270//2270
f 2317//2317 2270//2270 2266//2266
f 2318//2318 2323//2323 2317//2317
f 2323//2323 2320//2320 2268//2268
f 2323//2323 2268//2268 2270//2270
f 2318//2318 2320//2320 2323//2323
f 2362//2362 2328//2328 2361//2361
f 2362//2362 2324//2324 2328//2328
f 2328//2328 2324//2324 2337//2337
f 2366//2366 2324//2324 2362//2362
f 2366//2366 2325//2325 2324//2324
f 2331//2331 2367//2367 2364//2364
f 2340//2340 2325//2325 2331//2331
f 2331//2331 2366//2366 2367//2367
f 2325//2325 2366//2366 2331//2331
f 2361//2361 2328//2328 2327//2327
f 2328//2328 2329//2329 2327//2327
f 2328//2328 2337//2337 2329//2329
f 2390//2390 2341//2341 2343//2343
f 2326//2326 2390//2390 2343//2343
f 2392//2392 2390//2390 2326//2326
f 2330//2330 2345//2345 2371//2371
f 2361//2361 2327//2327 2330//2330
f 2327//2327 2329//2329 2330//2330
f 2373//2373 2392//2392 2326//2326
f 2368//2368 2331//2331 2364//2364
f 2368//2368 2372//2372 2331//2331
f 2372//2372 2349//2349 2340//2340
f 2372//2372 2340//2340 2331//2331
f 2316//2316 2332//2332 2333//2333
f 2316//2316 2333//2333 2314//2314
f 2332//2332 2280//2280 2275//2275
f 2332//2332 2275//2275 2333//2333
f 2293//2293 2334//2334 2333//2333
f 2293//2293 2333//2333 2273//2273
f 2292//2292 2334//2334 2293//2293
f 2334//2334 2314//2314 2333//2333
f 2292//2292 2313//2313 2334//2334
f 2292//2292 2261//2261 2313//2313
f 2261//2261 2312//2312 2313//2313
f 2319//2319 2312//2312 2261//2261
f 2284//2284 2336//2336 2335//2335
f 2292//2292 2293//2293 2336//2336
f 2292//2292 2336//2336 2284//2284
f 2336//2336 2291//2291 2289//2289
f 2336//2336 2289//2289 2335//2335
f 2293//2293 2273//2273 2291//2291
f 2293//2293 2291//2291 2336//2336
f 2338//2338 2337//2337 2324//2324
f 2324//2324 2325//2325 2338//2338
f 2325//2325 2339//2339 2338//2338
f 2325//2325 2340//2340 2339//2339
f 2341//2341 2390//2390 2345//2345
f 2344//2344 2345//2345 2330//2330
f 2344//2344 2341//2341 2345//2345
f 2372//2372 2373//2373 2349//2349
f 2342//2342 2340//2340 2349//2349
f 2320//2320 2318//2318 2341//2341
f 2318//2318 2343//2343 2341//2341
f 2318//2318 2317//2317 2343//2343
f 2321//2321 2320//2320 2341//2341
f 2322//2322 2321//2321 2344//2344
f 2321//2321 2341//2341 2344//2344
f 2346//2346 2330//2330 2329//2329
f 2346//2346 2344//2344 2330//2330
f 2346//2346 2322//2322 2344//2344
f 2337//2337 2347//2347 2329//2329
f 2348//2348 2347//2347 2337//2337
f 2347//2347 2346//2346 2329//2329
f 2348//2348 2337//2337 2338//2338
f 2339//2339 2348//2348 2338//2338
f 2342//2342 2339//2339 2340//2340
f 2349//2349 2373//2373 2312//2312
f 2326//2326 2343//2343 2313//2313
f 2274//2274 2350//2350 2273//2273
f 2276//2276 2300//2300 2350//2350
f 2276//2276 2350//2350 2274//2274
f 2350//2350 2299//2299 2290//2290
f 2300//2300 2299//2299 2350//2350
f 2279//2279 2351//2351 2300//2300
f 2279//2279 2300//2300 2276//2276
f 2277//2277 2352//2352 2351//2351
f 2277//2277 2351//2351 2279//2279
f 2352//2352 2310//2310 2351//2351
f 2303//2303 2352//2352 2277//2277
f 2304//2304 2352//2352 2303//2303
f 2352//2352 2311//2311 2310//2310
f 2304//2304 2296//2296 2311//2311
f 2304//2304 2311//2311 2352//2352
f 2288//2288 2283//2283 2306//2306
f 2306//2306 2295//2295 2296//2296
f 2306//2306 2296//2296 2304//2304
f 2283//2283 2282//2282 2295//2295
f 2283//2283 2295//2295 2306//2306
f 2207//2207 2272//2272 2285//2285
f 2404//2404 2381//2381 2384//2384
f 2362//2362 2361//2361 2359//2359
f 2363//2363 2365//2365 2364//2364
f 2396//2396 2391//2391 2379//2379
f 2408//2408 2353//2353 2354//2354
f 2416//2416 2408//2408 2382//2382
f 2408//2408 2354//2354 2382//2382
f 2384//2384 2353//2353 2404//2404
f 2353//2353 2374//2374 2354//2354
f 2404//2404 2355//2355 2381//2381
f 2417//2417 2418//2418 2389//2389
f 2417//2417 2357//2357 2431//2431
f 2358//2358 2422//2422 2356//2356
f 2358//2358 2383//2383 2426//2426
f 2356//2356 2357//2357 2358//2358
f 2417//2417 2389//2389 2357//2357
f 2416//2416 2386//2386 2418//2418
f 2355//2355 2426//2426 2381//2381
f 2363//2363 2359//2359 2370//2370
f 2363//2363 2370//2370 2360//2360
f 2359//2359 2361//2361 2370//2370
f 2359//2359 2363//2363 2367//2367
f 2359//2359 2367//2367 2362//2362
f 2365//2365 2363//2363 2360//2360
f 2367//2367 2363//2363 2364//2364
f 2362//2362 2367//2367 2366//2366
f 2365//2365 2368//2368 2364//2364
f 2365//2365 2369//2369 2368//2368
f 2382//2382 2386//2386 2416//2416
f 2361//2361 2371//2371 2370//2370
f 2371//2371 2361//2361 2330//2330
f 2369//2369 2373//2373 2372//2372
f 2369//2369 2393//2393 2373//2373
f 2357//2357 2356//2356 2431//2431
f 2400//2400 2374//2374 2388//2388
f 2395//2395 2378//2378 2376//2376
f 2380//2380 2375//2375 2391//2391
f 2387//2387 2385//2385 2396//2396
f 2376//2376 2378//2378 2377//2377
f 2375//2375 2379//2379 2391//2391
f 2377//2377 2398//2398 2385//2385
f 2384//2384 2388//2388 2353//2353
f 2388//2388 2374//2374 2353//2353
f 2358//2358 2357//2357 2387//2387
f 2387//2387 2383//2383 2358//2358
f 2387//2387 2379//2379 2383//2383
f 2357//2357 2385//2385 2387//2387
f 2389//2389 2385//2385 2357//2357
f 2376//2376 2389//2389 2418//2418
f 2386//2386 2376//2376 2418//2418
f 2386//2386 2395//2395 2376//2376
f 2383//2383 2381//2381 2426//2426
f 2383//2383 2379//2379 2381//2381
f 2396//2396 2379//2379 2387//2387
f 2379//2379 2375//2375 2381//2381
f 2375//2375 2384//2384 2381//2381
f 2375//2375 2380//2380 2384//2384
f 2380//2380 2388//2388 2384//2384
f 2374//2374 2394//2394 2354//2354
f 2394//2394 2382//2382 2354//2354
f 2382//2382 2395//2395 2386//2386
f 2376//2376 2377//2377 2389//2389
f 2377//2377 2385//2385 2389//2389
f 2398//2398 2390//2390 2396//2396
f 2396//2396 2390//2390 2392//2392
f 2396//2396 2392//2392 2391//2391
f 2391//2391 2392//2392 2380//2380
f 2393//2393 2380//2380 2392//2392
f 2400//2400 2388//2388 2393//2393
f 2394//2394 2374//2374 2400//2400
f 2382//2382 2394//2394 2395//2395
f 2399//2399 2377//2377 2378//2378
f 2396//2396 2385//2385 2398//2398
f 2398//2398 2377//2377 2399//2399
f 2388//2388 2380//2380 2393//2393
f 2397//2397 2360//2360 2378//2378
f 2397//2397 2365//2365 2360//2360
f 2369//2369 2397//2397 2400//2400
f 2365//2365 2397//2397 2369//2369
f 2345//2345 2390//2390 2398//2398
f 2345//2345 2399//2399 2371//2371
f 2345//2345 2398//2398 2399//2399
f 2371//2371 2378//2378 2370//2370
f 2371//2371 2399//2399 2378//2378
f 2378//2378 2360//2360 2370//2370
f 2393//2393 2392//2392 2373//2373
f 2378//2378 2395//2395 2397//2397
f 2395//2395 2394//2394 2397//2397
f 2400//2400 2393//2393 2369//2369
f 2394//2394 2400//2400 2397//2397
f 2368//2368 2369//2369 2372//2372
f 2428//2428 2433//2433 2437//2437
f 2412//2412 2409//2409 2355//2355
f 2408//2408 2403//2403 2353//2353
f 2435//2435 2436//2436 2408//2408
f 2436//2436 2402//2402 2408//2408
f 2355//2355 2404//2404 2412//2412
f 2404//2404 2407//2407 2412//2412
f 2403//2403 2402//2402 2401//2401
f 2403//2403 2406//2406 2353//2353
f 2406//2406 2407//2407 2404//2404
f 2406//2406 2404//2404 2353//2353
f 2411//2411 2409//2409 2412//2412
f 2411//2411 2412//2412 2405//2405
f 2401//2401 2405//2405 2403//2403
f 2406//2406 2403//2403 2405//2405
f 2402//2402 2403//2403 2408//2408
f 2408//2408 2416//2416 2435//2435
f 2406//2406 2405//2405 2412//2412
f 2406//2406 2412//2412 2407//2407
f 2410//2410 2411//2411 2401//2401
f 2439//2439 2411//2411 2410//2410
f 2411//2411 2405//2405 2401//2401
f 2429//2429 2411//2411 2439//2439
f 2434//2434 2411//2411 2429//2429
f 2420//2420 2413//2413 2414//2414
f 2440//2440 2415//2415 2356//2356
f 2417//2417 2419//2419 2418//2418
f 2419//2419 2416//2416 2418//2418
f 2421//2421 2414//2414 2415//2415
f 2421//2421 2415//2415 2440//2440
f 2422//2422 2437//2437 2423//2423
f 2427//2427 2422//2422 2441//2441
f 2427//2427 2437//2437 2422//2422
f 2430//2430 2437//2437 2427//2427
f 2429//2429 2427//2427 2441//2441
f 2410//2410 2432//2432 2428//2428
f 2434//2434 2426//2426 2355//2355
f 2420//2420 2421//2421 2438//2438
f 2415//2415 2431//2431 2356//2356
f 2425//2425 2422//2422 2358//2358
f 2429//2429 2441//2441 2434//2434
f 2434//2434 2425//2425 2426//2426
f 2435//2435 2416//2416 2419//2419
f 2419//2419 2414//2414 2413//2413
f 2419//2419 2417//2417 2414//2414
f 2420//2420 2414//2414 2421//2421
f 2438//2438 2421//2421 2424//2424
f 2424//2424 2423//2423 2433//2433
f 2437//2437 2433//2433 2423//2423
f 2430//2430 2427//2427 2429//2429
f 2431//2431 2414//2414 2417//2417
f 2414//2414 2431//2431 2415//2415
f 2423//2423 2440//2440 2422//2422
f 2422//2422 2425//2425 2441//2441
f 2428//2428 2437//2437 2430//2430
f 2434//2434 2441//2441 2425//2425
f 2436//2436 2410//2410 2402//2402
f 2413//2413 2432//2432 2419//2419
f 2410//2410 2436//2436 2432//2432
f 2432//2432 2435//2435 2419//2419
f 2432//2432 2436//2436 2435//2435
f 2438//2438 2424//2424 2413//2413
f 2438//2438 2413//2413 2420//2420
f 2428//2428 2439//2439 2410//2410
f 2433//2433 2432//2432 2413//2413
f 2432//2432 2433//2433 2428//2428
f 2439//2439 2428//2428 2430//2430
f 2430//2430 2429//2429 2439//2439
f 2433//2433 2413//2413 2424//2424
f 2401//2401 2402//2402 2410//2410
f 2411//2411 2434//2434 2409//2409
f 2421//2421 2440//2440 2424//2424
f 2440//2440 2423//2423 2424//2424
f 2355//2355 2409//2409 2434//2434
f 2425//2425 2358//2358 2426//2426
f 2440//2440 2356//2356 2422//2422
f 2450//2450 1752//1752 2442//2442
f 2443//2443 2444//2444 2450//2450
f 2446//2446 2447//2447 2451//2451
f 2446//2446 2442//2442 1752//1752
f 2448//2448 2449//2449 2456//2456
f 2447//2447 2458//2458 2451//2451
f 2458//2458 1762//1762 2459//2459
f 2456//2456 2459//2459 1762//1762
f 2456//2456 1762//1762 2448//2448
f 2452//2452 2443//2443 2460//2460
f 2452//2452 2444//2444 2443//2443
f 2453//2453 2445//2445 2444//2444
f 2453//2453 2444//2444 2452//2452
f 2454//2454 2451//2451 2461//2461
f 2454//2454 2446//2446 2451//2451
f 2462//2462 2442//2442 2455//2455
f 2455//2455 2446//2446 2454//2454
f 2442//2442 2446//2446 2455//2455
f 2460//2460 2450//2450 2442//2442
f 2460//2460 2442//2442 2462//2462
f 2460//2460 2443//2443 2450//2450
f 2449//2449 2457//2457 2466//2466
f 2449//2449 2466//2466 2470//2470
f 2457//2457 2445//2445 2453//2453
f 2457//2457 2453//2453 2466//2466
f 2456//2456 2470//2470 2468//2468
f 2456//2456 2449//2449 2470//2470
f 2459//2459 2467//2467 2469//2469
f 2459//2459 2456//2456 2468//2468
f 2459//2459 2468//2468 2467//2467
f 2451//2451 2458//2458 2469//2469
f 2451//2451 2469//2469 2461//2461
f 2458//2458 2459//2459 2469//2469
f 2473//2473 2475//2475 2452//2452
f 2473//2473 2452//2452 2460//2460
f 2475//2475 2453//2453 2452//2452
f 2461//2461 2463//2463 2454//2454
f 2476//2476 2463//2463 2461//2461
f 2463//2463 2464//2464 2454//2454
f 2464//2464 2465//2465 2455//2455
f 2464//2464 2455//2455 2454//2454
f 2465//2465 2462//2462 2455//2455
f 2465//2465 2474//2474 2462//2462
f 2474//2474 2473//2473 2460//2460
f 2474//2474 2460//2460 2462//2462
f 2466//2466 2487//2487 2486//2486
f 2466//2466 2486//2486 2470//2470
f 2453//2453 2475//2475 2487//2487
f 2453//2453 2487//2487 2466//2466
f 2468//2468 2471//2471 2477//2477
f 2468//2468 2477//2477 2467//2467
f 2470//2470 2471//2471 2468//2468
f 2470//2470 2486//2486 2471//2471
f 2467//2467 2478//2478 2469//2469
f 2477//2477 2478//2478 2467//2467
f 2469//2469 2472//2472 2461//2461
f 2472//2472 2476//2476 2461//2461
f 2469//2469 2478//2478 2472//2472
f 2482//2482 2475//2475 2473//2473
f 2482//2482 2483//2483 2475//2475
f 2493//2493 2480//2480 2463//2463
f 2493//2493 2463//2463 2476//2476
f 2480//2480 2481//2481 2464//2464
f 2480//2480 2464//2464 2463//2463
f 2481//2481 2465//2465 2464//2464
f 2465//2465 2485//2485 2474//2474
f 2485//2485 2473//2473 2474//2474
f 2485//2485 2482//2482 2473//2473
f 2475//2475 2483//2483 2487//2487
f 2471//2471 2489//2489 2477//2477
f 2486//2486 2489//2489 2471//2471
f 2489//2489 2488//2488 2477//2477
f 2477//2477 2488//2488 2490//2490
f 2477//2477 2490//2490 2478//2478
f 2472//2472 2479//2479 2476//2476
f 2478//2478 2490//2490 2479//2479
f 2478//2478 2479//2479 2472//2472
f 2479//2479 2493//2493 2476//2476
f 2494//2494 2495//2495 2483//2483
f 2494//2494 2483//2483 2482//2482
f 2497//2497 2480//2480 2493//2493
f 2481//2481 2484//2484 2465//2465
f 2484//2484 2485//2485 2465//2465
f 2484//2484 2496//2496 2485//2485
f 2496//2496 2494//2494 2482//2482
f 2496//2496 2482//2482 2485//2485
f 2487//2487 2483//2483 2491//2491
f 2487//2487 2491//2491 2486//2486
f 2486//2486 2491//2491 2489//2489
f 2489//2489 2500//2500 2488//2488
f 2491//2491 2500//2500 2489//2489
f 2488//2488 2492//2492 2490//2490
f 2488//2488 2500//2500 2501//2501
f 2488//2488 2501//2501 2492//2492
f 2490//2490 2492//2492 2493//2493
f 2490//2490 2493//2493 2479//2479
f 2493//2493 2503//2503 2497//2497
f 2492//2492 2501//2501 2503//2503
f 2492//2492 2503//2503 2493//2493
f 2504//2504 2505//2505 2495//2495
f 2504//2504 2495//2495 2494//2494
f 2497//2497 2498//2498 2480//2480
f 2480//2480 2498//2498 2481//2481
f 2498//2498 2507//2507 2484//2484
f 2498//2498 2484//2484 2481//2481
f 2506//2506 2507//2507 2498//2498
f 2507//2507 2499//2499 2496//2496
f 2507//2507 2496//2496 2484//2484
f 2507//2507 2508//2508 2499//2499
f 2508//2508 2504//2504 2499//2499
f 2499//2499 2494//2494 2496//2496
f 2504//2504 2494//2494 2499//2499
f 2483//2483 2495//2495 2491//2491
f 2495//2495 2509//2509 2491//2491
f 2500//2500 2502//2502 2510//2510
f 2491//2491 2502//2502 2500//2500
f 2491//2491 2509//2509 2502//2502
f 2500//2500 2510//2510 2501//2501
f 2510//2510 2511//2511 2501//2501
f 2503//2503 2511//2511 2497//2497
f 2501//2501 2511//2511 2503//2503
f 2516//2516 2513//2513 2505//2505
f 2514//2514 2498//2498 2497//2497
f 2506//2506 2508//2508 2507//2507
f 2506//2506 2516//2516 2508//2508
f 2508//2508 2505//2505 2504//2504
f 2516//2516 2505//2505 2508//2508
f 2505//2505 2509//2509 2495//2495
f 2505//2505 2513//2513 2509//2509
f 2502//2502 2512//2512 2510//2510
f 2511//2511 2512//2512 2517//2517
f 2510//2510 2512//2512 2511//2511
f 2511//2511 2517//2517 2514//2514
f 2511//2511 2514//2514 2497//2497
f 2523//2523 2513//2513 2516//2516
f 2523//2523 2519//2519 2513//2513
f 2515//2515 2520//2520 2498//2498
f 2515//2515 2498//2498 2514//2514
f 2520//2520 2506//2506 2498//2498
f 2520//2520 2521//2521 2506//2506
f 2521//2521 2516//2516 2506//2506
f 2521//2521 2523//2523 2516//2516
f 2509//2509 2519//2519 2518//2518
f 2513//2513 2519//2519 2509//2509
f 2502//2502 2518//2518 2525//2525
f 2502//2502 2525//2525 2512//2512
f 2509//2509 2518//2518 2502//2502
f 2512//2512 2525//2525 2517//2517
f 2525//2525 2526//2526 2517//2517
f 2517//2517 2515//2515 2514//2514
f 2517//2517 2526//2526 2515//2515
f 2529//2529 2524//2524 2520//2520
f 2529//2529 2520//2520 2515//2515
f 2520//2520 1772//1772 2521//2521
f 2524//2524 1772//1772 2520//2520
f 1772//1772 2522//2522 2521//2521
f 2522//2522 2523//2523 2521//2521
f 2518//2518 2527//2527 2525//2525
f 2526//2526 2527//2527 2528//2528
f 2525//2525 2527//2527 2526//2526
f 2526//2526 2528//2528 2529//2529
f 2526//2526 2529//2529 2515//2515
# 5051 faces, 0 coords texture

# End of File
