####
#
# OBJ File Generated by Meshlab
#
####
# Object michael5.obj
#
# Vertices: 5255
# Faces: 10502
#
####
vn 0.036475 -0.012087 0.999261
v -0.046624 0.138723 0.274277
vn 0.117842 -0.090443 0.988905
v -0.035193 0.123333 0.274377
vn -0.337732 -0.224119 0.914171
v -0.108354 0.119609 0.265395
vn -0.978310 -0.061744 -0.197728
v -0.156944 0.147214 0.180395
vn -0.993895 -0.110122 -0.006777
v -0.158760 0.130449 0.202036
vn -0.964092 -0.116009 0.238890
v -0.155917 0.122602 0.221366
vn -0.872605 -0.196519 0.447148
v -0.150064 0.118849 0.235944
vn -0.400651 0.030034 -0.915738
v -0.061761 0.198648 0.076626
vn -0.739283 0.002359 -0.673391
v -0.120887 0.151416 0.113723
vn -0.508906 0.012471 -0.860732
v -0.087833 0.171868 0.089504
vn -0.579565 -0.005041 -0.814911
v -0.105040 0.154899 0.100316
vn -0.268766 0.025799 -0.962860
v -0.041254 0.208011 0.069111
vn 0.290376 0.922038 0.255984
v -0.009859 0.367671 0.157308
vn -0.257063 0.918058 0.301809
v -0.009184 0.386644 0.119301
vn 0.083637 -0.006681 0.996474
v -0.025423 0.158284 0.272729
vn 0.212371 -0.134369 0.967907
v -0.010293 0.146792 0.270145
vn -0.372707 0.079671 -0.924523
v -0.041927 0.275033 0.070305
vn -0.330833 0.017030 -0.943536
v -0.052041 0.231868 0.072033
vn -0.278693 -0.022502 -0.960116
v -0.039275 0.219648 0.067958
vn -0.266189 0.046828 -0.962783
v -0.031524 0.282699 0.067226
vn 0.233175 -0.263671 0.936006
v -0.017984 0.214130 0.282425
vn -0.376131 0.254149 -0.891029
v -0.021678 0.357226 0.073395
vn -0.424255 0.140611 -0.894559
v -0.031489 0.323678 0.070915
vn -0.334365 0.871701 -0.358241
v -0.016664 0.383883 0.090317
vn -0.452512 0.569440 -0.686273
v -0.021200 0.375200 0.082267
vn -0.263095 0.116346 -0.957729
v -0.022757 0.328588 0.068232
vn -0.199751 0.327473 -0.923505
v -0.011500 0.358449 0.070376
vn -0.057725 0.021948 -0.998091
v -0.006851 0.255651 0.063168
vn 0.108236 -0.178167 0.978029
v -0.000951 0.242010 0.282508
vn -0.106535 0.109769 -0.988231
v -0.009258 0.333470 0.066224
vn -0.002262 -0.027731 -0.999613
v -0.000946 0.223862 0.062339
vn -0.121453 0.043088 -0.991661
v -0.015845 0.300528 0.064936
vn -0.142656 -0.016691 -0.989632
v -0.017959 0.223324 0.063444
vn -0.767160 0.636645 -0.078411
v -0.024016 0.382264 0.097581
vn -0.707552 0.321068 -0.629512
v -0.035440 0.348253 0.080070
vn -0.835385 0.447364 -0.319369
v -0.028229 0.373634 0.088172
vn -0.502153 -0.050609 -0.863297
v -0.096513 0.217557 0.090216
vn -0.401191 0.002510 -0.915991
v -0.085713 0.236908 0.084066
vn -0.362644 0.072907 -0.929072
v -0.064978 0.252286 0.077754
vn -0.581658 -0.060831 -0.811156
v -0.111361 0.181471 0.103245
vn -0.791040 -0.114337 -0.600985
v -0.136004 0.180002 0.127624
vn -0.960008 -0.068751 0.271400
v -0.157966 0.173451 0.220298
vn -0.709652 -0.131850 -0.692106
v -0.129893 0.203069 0.116381
vn -0.250693 -0.125784 0.959860
v -0.094380 0.186029 0.276939
vn -0.215683 -0.077565 0.973378
v -0.097959 0.151134 0.274525
vn -0.417498 -0.066458 0.906244
v -0.112355 0.180046 0.270430
vn -0.019482 -0.114191 0.993268
v -0.079341 0.172950 0.278725
vn -0.078064 -0.182095 0.980177
v -0.072449 0.178911 0.279502
vn -0.854279 -0.040454 0.518238
v -0.150675 0.172649 0.236996
vn -0.867508 -0.126886 -0.480968
v -0.145053 0.172127 0.142769
vn -0.997985 -0.061638 0.015088
v -0.159667 0.158055 0.198959
vn -0.968287 -0.034875 0.247394
v -0.156661 0.155066 0.219130
vn -0.880821 -0.006042 0.473410
v -0.150706 0.149259 0.236122
vn -0.710945 -0.012023 0.703145
v -0.139892 0.160845 0.249781
vn -0.563153 -0.023761 0.826011
v -0.125842 0.159929 0.261528
vn -0.603529 0.226526 -0.764486
v -0.045488 0.319160 0.079934
vn -0.854709 -0.110991 0.507103
v -0.027887 0.367584 0.091326
vn 0.465821 0.877701 -0.112476
v -0.002445 0.362071 0.183393
vn 0.968383 0.094794 0.230758
v -0.001550 0.331537 0.274006
vn -0.482179 0.140084 -0.864801
v -0.048086 0.288401 0.075058
vn -0.631095 0.207057 -0.747561
v -0.039875 0.320120 0.075023
vn -0.362394 -0.029963 -0.931543
v -0.062528 0.212803 0.076225
vn -0.823116 0.535866 0.187956
v -0.020769 0.383050 0.111373
vn -0.589196 0.304187 -0.748544
v -0.031793 0.350157 0.077365
vn -0.237429 0.966406 -0.098422
v -0.000829 0.362099 0.198195
vn -0.765993 0.503972 0.399081
v -0.000950 0.340836 0.260018
vn 0.076884 -0.104448 0.991554
v -0.038854 0.164400 0.273442
vn -0.004265 -0.084339 0.996428
v -0.078263 0.149466 0.276476
vn 0.055851 -0.221235 0.973620
v -0.059916 0.177284 0.278137
vn -0.112054 0.077485 -0.990676
v -0.020031 0.210003 0.064579
vn -0.446062 -0.063599 -0.892739
v -0.089255 0.192539 0.089934
vn -0.836702 -0.059775 -0.544387
v -0.137026 0.150549 0.136277
vn -0.730550 -0.106826 -0.674452
v -0.125231 0.167250 0.117460
vn -0.922613 -0.085314 -0.376175
v -0.150783 0.154965 0.160154
vn -0.705938 -0.059310 0.705786
v -0.140925 0.132017 0.250286
vn -0.027939 -0.138589 0.989956
v -0.071955 0.125931 0.273626
vn -0.381566 -0.111379 0.917607
v -0.111729 0.143522 0.269522
vn -0.504353 -0.156028 0.849284
v -0.127134 0.129714 0.259801
vn -0.170309 -0.155178 0.973096
v -0.087622 0.132220 0.273996
vn 0.086745 -0.210238 0.973794
v 0.072150 0.114774 0.271841
vn 0.331280 -0.211605 0.919498
v 0.107054 0.125221 0.266717
vn 0.701944 -0.054165 0.710170
v 0.139032 0.132045 0.250289
vn 0.509180 -0.146634 0.848077
v 0.125236 0.129729 0.259805
vn 0.444507 0.061786 -0.893642
v 0.056613 0.175970 0.071768
vn 0.507079 0.012491 -0.861809
v 0.087047 0.172709 0.090122
vn -0.195866 -0.100439 0.975474
v 0.015558 0.141120 0.271687
vn 0.049015 0.065573 -0.996643
v 0.009393 0.189644 0.059078
vn 0.182044 0.039468 -0.982498
v 0.024852 0.182611 0.061470
vn 0.331517 0.045240 -0.942364
v 0.043294 0.178328 0.066356
vn 0.294002 0.061353 -0.953834
v 0.040674 0.205888 0.069522
vn -0.436087 0.888425 0.143278
v 0.008031 0.367678 0.157776
vn 0.133537 0.946965 0.292275
v 0.006651 0.387259 0.119150
vn 0.265933 0.963772 0.020550
v 0.011282 0.387554 0.105351
vn -0.826983 0.551055 -0.111525
v 0.003219 0.366087 0.180046
vn 0.373038 0.077805 -0.924548
v 0.040030 0.275033 0.070302
vn 0.415318 0.130126 -0.900321
v 0.029605 0.323673 0.070916
vn 0.261420 0.046282 -0.964115
v 0.029641 0.282670 0.067226
vn 0.334304 0.867753 -0.367757
v 0.014887 0.383788 0.090279
vn 0.406668 0.570768 -0.713334
v 0.017681 0.375284 0.081558
vn 0.314619 0.271155 -0.909665
v 0.016405 0.357847 0.072421
vn 0.287269 0.128330 -0.949214
v 0.020865 0.328588 0.068232
vn 0.118281 0.105374 -0.987373
v 0.010536 0.330996 0.066460
vn -0.069830 -0.053714 0.996112
v 0.023720 0.157088 0.272742
vn -0.015150 0.632187 -0.774668
v -0.000849 0.377600 0.078218
vn 0.055820 0.021739 -0.998204
v 0.004961 0.255704 0.063170
vn 0.098509 0.299125 -0.949116
v 0.003476 0.359784 0.069547
vn -0.005308 -0.121469 0.992581
v 0.000469 0.161597 0.270915
vn 0.223666 -0.019645 -0.974468
v 0.031917 0.221685 0.066520
vn 0.328447 0.004592 -0.944511
v 0.050705 0.226617 0.072137
vn 0.121342 0.043317 -0.991665
v 0.013732 0.299840 0.064838
vn 0.122641 -0.000812 -0.992451
v 0.013956 0.224796 0.063292
vn 0.803576 0.568786 0.175353
v 0.019666 0.383259 0.111676
vn 0.797221 0.502904 -0.333957
v 0.025745 0.373759 0.087043
vn 0.358630 -0.047437 -0.932274
v 0.068987 0.219742 0.079212
vn 0.453477 -0.074105 -0.888182
v 0.087365 0.192545 0.089933
vn 0.399757 0.022764 -0.916339
v 0.083608 0.238997 0.083882
vn 0.601394 -0.091275 -0.793722
v 0.112283 0.184973 0.104972
vn 0.743052 -0.052490 -0.667172
v 0.121556 0.163886 0.115795
vn 0.951589 -0.129061 0.278967
v 0.158293 0.194282 0.217546
vn 0.609291 -0.117747 -0.784156
v 0.117936 0.192681 0.107377
vn 0.274934 -0.044899 0.960414
v 0.097289 0.170431 0.274998
vn 0.431289 -0.088783 0.897835
v 0.109042 0.185603 0.270947
vn 0.202296 -0.110931 0.973021
v 0.093558 0.146891 0.274561
vn 0.387604 -0.088910 0.917528
v 0.110062 0.146651 0.269696
vn 0.454058 -0.018023 0.890790
v 0.110658 0.165186 0.270291
vn -0.001000 -0.091624 0.995793
v 0.076278 0.149309 0.276501
vn 0.106015 -0.057318 0.992711
v 0.078581 0.173295 0.278578
vn 0.854382 -0.036942 0.518331
v 0.148782 0.172650 0.236996
vn 0.707463 -0.030242 0.706103
v 0.138024 0.171686 0.250144
vn 0.576809 -0.023460 0.816542
v 0.124096 0.168715 0.261619
vn 0.777491 -0.146206 -0.611663
v 0.134645 0.180473 0.128154
vn 0.921848 -0.144928 -0.359432
v 0.150617 0.168248 0.159799
vn 0.869072 -0.150168 -0.471342
v 0.143346 0.172543 0.142505
vn 0.699827 0.015542 0.714143
v 0.138017 0.150893 0.250021
vn 0.570659 -0.014388 0.821061
v 0.124842 0.148677 0.260746
vn 0.406876 0.136750 -0.903189
v 0.076814 0.254893 0.082384
vn 0.430719 0.177379 -0.884883
v 0.058309 0.279665 0.079459
vn 0.604640 0.227485 -0.763322
v 0.043613 0.319145 0.079935
vn 0.618446 0.238810 -0.748662
v 0.038112 0.342765 0.083997
vn 0.975328 -0.082642 -0.204707
v 0.155754 0.159028 0.180269
vn 0.482265 0.138054 -0.865079
v 0.046194 0.288401 0.075057
vn 0.609536 0.203600 -0.766168
v 0.038000 0.320102 0.075025
vn 0.354752 0.055548 -0.933309
v 0.062629 0.250366 0.077520
vn 0.736724 0.657574 -0.157587
v 0.022654 0.382258 0.097750
vn 0.556915 0.294381 -0.776650
v 0.027890 0.351704 0.076109
vn 0.802152 0.509390 0.311567
v 0.016822 0.377350 0.132565
vn -0.989380 0.143250 -0.024630
v 0.000259 0.366299 0.219708
vn -0.085465 -0.207939 0.974401
v 0.030435 0.185158 0.276661
vn 0.008676 -0.138664 0.990301
v 0.068240 0.176760 0.279069
vn -0.079668 -0.097110 0.992080
v 0.041764 0.161643 0.273674
vn 0.122649 0.039127 -0.991679
v 0.014050 0.210850 0.063858
vn 0.395121 0.014283 -0.918518
v 0.053414 0.203398 0.073796
vn 0.588572 -0.012413 -0.808349
v 0.104209 0.156763 0.101068
vn 0.842844 -0.128649 -0.522555
v 0.137724 0.157784 0.139216
vn 0.997955 -0.061125 0.018686
v 0.157776 0.158067 0.198958
vn 0.969538 -0.030806 0.242996
v 0.154769 0.155071 0.219129
vn 0.866931 0.000072 0.498428
v 0.148815 0.149259 0.236122
vn 0.008262 -0.106730 0.994254
v 0.062674 0.126716 0.273749
vn 0.159679 -0.202837 0.966105
v 0.086338 0.123162 0.272418
vn -0.063390 -0.022057 0.997745
v 0.041780 0.142671 0.274115
vn -0.225120 0.973677 0.035703
v -0.011075 0.388348 0.105541
vn 0.009027 0.921037 -0.389370
v -0.000808 0.385907 0.087412
vn 0.001353 0.040187 -0.999191
v -0.000946 0.297016 0.064181
vn 0.000032 0.021781 -0.999763
v -0.000946 0.242951 0.062619
vn 0.040279 0.145291 0.988569
v -0.000900 0.286236 0.282209
vn 0.017302 -0.179177 0.983665
v -0.000438 0.196032 0.276785
vn -0.245337 0.604365 -0.757993
v -0.045512 0.110339 0.054416
vn -0.299153 0.517586 -0.801631
v -0.040165 0.123969 0.058073
vn -0.499183 -0.183901 0.846756
v -0.096091 0.018711 0.239501
vn -0.740054 -0.007319 0.672508
v -0.126659 0.007027 0.213277
vn -0.577601 -0.137809 0.804603
v -0.112260 0.000639 0.225706
vn -0.161952 -0.322999 0.932439
v -0.075867 -0.002105 0.240373
vn 0.026601 -0.325223 0.945263
v -0.059627 -0.000994 0.241635
vn -0.424624 -0.242983 0.872155
v -0.099771 -0.001605 0.231988
vn -0.492775 -0.273256 0.826138
v -0.114129 -0.026177 0.218994
vn -0.693973 -0.158322 0.702379
v -0.129243 -0.019648 0.208887
vn -0.115290 -0.406807 0.906210
v -0.075264 -0.030833 0.230099
vn 0.120436 -0.427600 0.895909
v -0.059252 -0.030757 0.230561
vn 0.242415 -0.345145 0.906703
v -0.041614 0.008801 0.241913
vn 0.341739 -0.425755 0.837823
v -0.042276 -0.028347 0.226856
vn 0.449529 -0.365834 0.814916
v -0.023667 0.016434 0.237441
vn 0.471364 -0.413259 0.779123
v -0.027379 -0.023960 0.220770
vn -0.658637 -0.104034 0.745234
v -0.110556 0.019521 0.229442
vn 0.414613 -0.346424 0.841479
v -0.022419 0.041082 0.247490
vn -0.286904 0.247468 -0.925444
v -0.035159 0.135436 0.066787
vn -0.395715 -0.082076 -0.914698
v -0.051201 0.138926 0.071945
vn -0.486632 0.403889 -0.774637
v -0.053650 0.130037 0.072696
vn -0.097787 -0.087876 -0.991320
v -0.021089 0.148894 0.062545
vn 0.031953 -0.333983 0.942037
v -0.057705 0.034800 0.252937
vn 0.219503 -0.370843 0.902382
v -0.041421 0.039108 0.252865
vn 0.377239 -0.287583 0.880333
v -0.024261 0.070562 0.261115
vn -0.174098 -0.265770 0.948186
v -0.069636 0.040735 0.253972
vn -0.421507 -0.216711 0.880550
v -0.090613 0.047024 0.247784
vn -0.132450 -0.289412 0.947997
v -0.074098 0.018877 0.247321
vn -0.485803 -0.322579 0.812366
v -0.106307 0.056844 0.243141
vn -0.699699 -0.392550 0.596930
v -0.124003 0.060327 0.230284
vn 0.185956 -0.189889 0.964034
v -0.036748 0.094012 0.270530
vn -0.052773 -0.148273 0.987537
v -0.046761 0.096216 0.271571
vn -0.274835 -0.067312 -0.959132
v -0.043974 0.161371 0.065988
vn -0.232934 -0.281938 0.930727
v -0.082941 0.093604 0.264431
vn -0.337141 -0.322539 0.884480
v -0.107939 0.100631 0.259821
vn -0.386590 -0.349858 0.853316
v -0.105457 0.078061 0.252137
vn -0.907504 0.033657 -0.418693
v -0.148100 0.137232 0.155336
vn -0.831632 0.104255 -0.545453
v -0.134489 0.137644 0.130543
vn -0.968637 -0.073500 -0.237362
v -0.154964 0.127170 0.176521
vn -0.989516 -0.131307 -0.060132
v -0.150176 0.095857 0.179818
vn -0.948271 -0.280067 0.149478
v -0.152181 0.103242 0.211323
vn -0.840702 -0.350937 0.412387
v -0.147096 0.102295 0.229469
vn -0.848887 -0.376206 0.371296
v -0.138527 0.069891 0.214853
vn -0.693390 -0.384200 0.609590
v -0.138014 0.096493 0.239482
vn -0.746022 -0.415505 0.520391
v -0.134950 0.074254 0.225916
vn -0.682114 -0.277996 0.676343
v -0.139990 0.111555 0.245679
vn -0.547393 -0.404729 0.732500
v -0.124125 0.080942 0.243341
vn -0.265508 0.073855 -0.961276
v -0.031413 0.183923 0.062339
vn -0.075504 0.029904 -0.996697
v -0.015034 0.188148 0.059525
vn -0.093805 -0.043334 -0.994647
v -0.015370 0.166107 0.060754
vn -0.006800 -0.088178 -0.996082
v -0.004282 0.156611 0.060401
vn 0.509402 -0.396206 0.763891
v -0.013179 -0.016675 0.214689
vn 0.001555 -0.280289 0.959914
v -0.000988 0.114112 0.256930
vn -0.007892 -0.284079 0.958768
v -0.000864 0.083433 0.250299
vn -0.290635 -0.361956 0.885731
v -0.096077 -0.028700 0.225353
vn -0.298600 -0.295259 0.907557
v -0.088181 -0.002434 0.237171
vn -0.334373 -0.232000 0.913439
v -0.085646 0.019096 0.244843
vn -0.296483 -0.225379 0.928064
v -0.075077 0.052252 0.255262
vn -0.212657 -0.212285 0.953788
v -0.061669 0.086145 0.267639
vn -0.111536 -0.180747 0.977185
v -0.068961 0.105863 0.269857
vn -0.069248 0.585422 -0.807766
v -0.011888 0.107296 0.046190
vn -0.073706 0.542529 -0.836798
v -0.011986 0.128637 0.054198
vn -0.137003 0.318200 -0.938072
v -0.020292 0.137007 0.063769
vn -0.488052 -0.313253 0.814664
v -0.126288 0.103947 0.253162
vn -0.184209 -0.239330 0.953304
v -0.090217 0.117783 0.270916
vn -0.524441 0.629867 -0.572913
v -0.078341 0.116987 0.082056
vn -0.979012 0.140737 -0.147407
v -0.148218 0.065648 0.140662
vn -0.911063 0.079002 -0.404626
v -0.141226 0.105410 0.135362
vn -0.799420 0.105922 -0.591361
v -0.134406 0.121573 0.125893
vn -0.685823 0.050857 -0.725989
v -0.118962 0.131768 0.110358
vn -0.648487 0.518385 -0.557442
v -0.111041 0.098585 0.088484
vn -0.474207 -0.055250 -0.878678
v -0.104195 0.125758 0.102492
vn -0.487806 -0.108686 -0.866160
v -0.084514 0.145601 0.087098
vn -0.446866 0.591838 -0.670850
v -0.061105 0.119047 0.065434
vn -0.525438 0.297630 -0.797077
v -0.082215 0.123790 0.089871
vn -0.540531 0.598194 -0.591600
v -0.101057 0.111007 0.094643
vn -0.776552 0.204877 -0.595813
v -0.131683 0.102943 0.119577
vn -0.592074 0.022463 -0.805571
v -0.121079 0.115270 0.111840
vn -0.517585 -0.078865 -0.851989
v -0.107781 0.134573 0.102321
vn -0.577836 0.288615 -0.763418
v -0.110402 0.114638 0.104480
vn -0.914576 0.210091 -0.345561
v -0.141015 0.081758 0.127580
vn -0.476452 -0.094133 -0.874147
v -0.078790 0.132744 0.088411
vn -0.691721 0.449534 -0.565192
v -0.122762 0.097201 0.103935
vn -0.440579 0.043956 -0.896637
v -0.059485 0.174268 0.072027
vn -0.417660 -0.129555 -0.899319
v -0.058653 0.156318 0.071960
vn -0.920720 0.049628 -0.387055
v -0.146685 0.127190 0.149711
vn -0.973333 -0.031247 -0.227257
v -0.148028 0.104976 0.158143
vn -0.996265 0.033739 0.079482
v -0.150013 0.055365 0.160168
vn -0.999182 -0.028364 0.028829
v -0.148709 0.075565 0.167207
vn 0.403418 -0.181353 0.896864
v -0.024597 0.105782 0.268590
vn 0.069953 -0.399181 0.914200
v -0.000942 0.038399 0.233205
vn -0.761167 -0.333062 0.556503
v -0.122978 0.048029 0.222688
vn -0.871210 -0.253898 0.420154
v -0.137154 0.056686 0.206189
vn -0.866753 -0.045868 0.496625
v -0.137514 0.034019 0.196665
vn -0.772495 -0.137041 0.620057
v -0.124577 0.035517 0.215829
vn -0.622132 -0.247419 0.742789
v -0.107664 0.041319 0.236785
vn -0.961093 -0.118219 0.249650
v -0.144696 0.064247 0.188374
vn -0.978455 0.070742 -0.193962
v -0.147002 0.087376 0.147512
vn -0.600805 -0.400779 0.691671
v -0.123389 0.068868 0.236360
vn -0.958313 -0.237638 0.158633
v -0.146574 0.078169 0.196042
vn -0.315796 -0.275428 0.907972
v -0.083670 0.073139 0.258073
vn -0.084129 -0.257968 0.962484
v -0.052259 0.068719 0.265967
vn 0.167757 -0.325340 0.930598
v -0.038332 0.066099 0.264163
vn -0.007329 0.781371 -0.624024
v 0.023971 0.095842 0.033608
vn 0.184571 0.537621 -0.822737
v 0.025726 0.126608 0.056178
vn 0.417675 0.653056 -0.631717
v 0.062704 0.116794 0.065864
vn 0.216854 0.525796 -0.822504
v 0.042055 0.110197 0.053830
vn 0.739365 -0.005571 0.673282
v 0.124787 0.007057 0.213288
vn 0.577588 -0.137574 0.804652
v 0.110388 0.000663 0.225717
vn 0.161723 -0.322943 0.932499
v 0.073995 -0.002092 0.240373
vn -0.026602 -0.325194 0.945273
v 0.057755 -0.000984 0.241635
vn 0.424595 -0.242891 0.872194
v 0.097898 -0.001584 0.231998
vn 0.492662 -0.273049 0.826274
v 0.112264 -0.026145 0.219015
vn 0.693936 -0.157989 0.702490
v 0.127379 -0.019612 0.208904
vn 0.115196 -0.406636 0.906298
v 0.073397 -0.030816 0.230109
vn -0.120448 -0.427519 0.895946
v 0.057384 -0.030745 0.230561
vn -0.339746 -0.425916 0.838551
v 0.040409 -0.028339 0.226866
vn -0.421045 -0.366331 0.829772
v 0.022504 0.020439 0.239646
vn -0.477808 -0.408498 0.777707
v 0.025512 -0.023956 0.220770
vn -0.200820 -0.425572 0.882360
v -0.000628 0.011900 0.220798
vn -0.520664 -0.407286 0.750351
v 0.010750 -0.018028 0.213544
vn 0.348743 0.550509 -0.758497
v 0.045676 0.122657 0.060206
vn 0.128915 -0.097507 -0.986850
v 0.022736 0.145347 0.063425
vn 0.366985 -0.106821 -0.924073
v 0.046068 0.148224 0.069469
vn 0.344953 0.426718 -0.836014
v 0.038751 0.132189 0.067560
vn 0.070179 0.353734 -0.932709
v 0.007779 0.137161 0.062297
vn -0.184799 -0.320211 0.929147
v 0.036444 0.066061 0.264146
vn -0.419387 -0.324267 0.847918
v 0.021703 0.060572 0.256916
vn 0.417299 -0.214153 0.883176
v 0.088703 0.046986 0.247792
vn 0.957069 -0.247112 0.151510
v 0.144688 0.078183 0.196047
vn 0.132426 -0.290348 0.947714
v 0.072222 0.018889 0.247321
vn 0.622264 -0.247217 0.742746
v 0.105785 0.041313 0.236776
vn -0.231922 -0.342914 0.910287
v 0.039736 0.008886 0.241941
vn 0.699066 -0.388613 0.600239
v 0.122120 0.060346 0.230284
vn 0.764247 -0.315216 0.562642
v 0.121096 0.048042 0.222698
vn -0.070563 -0.173037 0.982384
v 0.039707 0.093458 0.271321
vn -0.351569 -0.213295 0.911540
v 0.024881 0.084064 0.265700
vn 0.382839 -0.347852 0.855823
v 0.103861 0.080067 0.252718
vn 0.330289 -0.309544 0.891679
v 0.106837 0.104489 0.260835
vn 0.838151 0.048334 -0.543292
v 0.131929 0.141848 0.130558
vn 0.918799 0.029320 -0.393635
v 0.145096 0.128465 0.150774
vn 0.975093 -0.057958 -0.214089
v 0.155183 0.139054 0.181871
vn 0.993410 -0.114571 -0.003091
v 0.156787 0.129845 0.201851
vn 0.955171 -0.261366 0.139050
v 0.152240 0.112267 0.215868
vn 0.855308 -0.320742 0.406906
v 0.146013 0.106727 0.231875
vn 0.679727 -0.384227 0.624773
v 0.136132 0.096515 0.239487
vn 0.540902 -0.396076 0.741990
v 0.122340 0.083696 0.244776
vn 0.250762 -0.073950 -0.965220
v 0.037424 0.161174 0.064869
vn 0.081042 -0.047161 -0.995594
v 0.010938 0.159131 0.060738
vn 0.023991 -0.046176 -0.998645
v 0.006900 0.176069 0.060975
vn 0.290508 -0.361852 0.885815
v 0.094192 -0.028666 0.225373
vn 0.298233 -0.295359 0.907645
v 0.086309 -0.002418 0.237181
vn 0.148920 -0.202177 0.967960
v 0.066359 0.100296 0.268758
vn 0.051646 0.584975 -0.809405
v 0.008424 0.107323 0.046227
vn 0.959502 -0.114165 0.257531
v 0.154058 0.125344 0.221970
vn 0.915343 -0.049924 -0.399567
v 0.148482 0.151307 0.160143
vn 0.856283 -0.142769 0.496383
v 0.148031 0.122377 0.236940
vn 0.679996 -0.264659 0.683784
v 0.138109 0.111622 0.245701
vn 0.485318 -0.298460 0.821820
v 0.124709 0.109443 0.254936
vn 0.219003 -0.286049 0.932852
v 0.083601 0.094673 0.264070
vn -0.088194 -0.111811 0.989808
v 0.033312 0.108125 0.272467
vn -0.427690 -0.199922 0.881540
v 0.014072 0.113899 0.265802
vn 0.978712 0.114673 -0.170216
v 0.146307 0.067161 0.141133
vn 0.790316 0.114875 -0.601834
v 0.130497 0.110042 0.121351
vn 0.900017 0.124212 -0.417781
v 0.139154 0.097359 0.132451
vn 0.982279 0.059725 -0.177654
v 0.145245 0.088202 0.149319
vn 0.800604 0.090165 -0.592372
v 0.132516 0.121584 0.125895
vn 0.604321 -0.025969 -0.796317
v 0.118338 0.123660 0.110536
vn 0.502133 0.021669 -0.864519
v 0.097988 0.125704 0.100139
vn 0.490456 -0.099645 -0.865750
v 0.083257 0.145394 0.087547
vn 0.511721 0.653905 -0.557270
v 0.074802 0.108530 0.067725
vn 0.543644 -0.051726 -0.837720
v 0.102206 0.139984 0.099519
vn 0.768291 0.222507 -0.600183
v 0.129466 0.100834 0.118702
vn 0.615543 0.065279 -0.785395
v 0.119191 0.115288 0.111843
vn 0.914876 0.207647 -0.346245
v 0.140328 0.079380 0.128660
vn 0.602815 0.284986 -0.745249
v 0.108510 0.114658 0.104481
vn 0.455188 -0.147505 -0.878092
v 0.075922 0.133763 0.087717
vn 0.395168 -0.123551 -0.910262
v 0.058100 0.154906 0.072663
vn 0.552086 0.562786 -0.615201
v 0.094588 0.112662 0.092808
vn 0.515502 0.305548 -0.800561
v 0.061806 0.127588 0.078746
vn 0.702299 0.053493 -0.709870
v 0.116945 0.140331 0.111128
vn 0.969328 -0.096587 -0.225996
v 0.150871 0.122319 0.170378
vn 0.996271 0.031903 0.080161
v 0.148135 0.055396 0.160178
vn 0.999195 -0.026966 0.029695
v 0.146826 0.075583 0.167211
vn 0.990357 -0.124567 -0.060625
v 0.148095 0.094696 0.178580
vn 0.158097 -0.133307 0.978384
v 0.054634 0.091568 0.269639
vn 0.854660 -0.337452 0.394567
v 0.135000 0.062595 0.211419
vn 0.868160 -0.172027 0.465517
v 0.135193 0.045432 0.200707
vn 0.776365 -0.119756 0.618802
v 0.122699 0.035510 0.215830
vn 0.658682 -0.103760 0.745233
v 0.108667 0.019588 0.229469
vn -0.236228 -0.370182 0.898422
v 0.034417 0.039574 0.252061
vn -0.032115 -0.333204 0.942308
v 0.055834 0.034806 0.252937
vn 0.499249 -0.183706 0.846760
v 0.094231 0.018719 0.239500
vn 0.960756 -0.127951 0.246121
v 0.142813 0.064273 0.188384
vn 0.344958 -0.234472 0.908860
v 0.083777 0.019033 0.244828
vn 0.289187 -0.253513 0.923094
v 0.078024 0.074411 0.259826
vn -0.494019 -0.228598 0.838861
v 0.014844 0.077119 0.258390
vn 0.599350 -0.398321 0.694349
v 0.121505 0.068884 0.236370
vn 0.485327 -0.320672 0.813405
v 0.104451 0.056879 0.243138
vn 0.757703 -0.407957 0.509370
v 0.133059 0.074264 0.225916
vn 0.882918 -0.359870 0.301578
v 0.140659 0.081290 0.217216
vn 0.099095 -0.261933 0.959985
v 0.050388 0.068621 0.265937
vn 0.226760 -0.255597 0.939814
v 0.068215 0.047054 0.255740
vn 0.978672 -0.024758 -0.203931
v 0.145981 0.103818 0.157505
vn 0.926418 0.046457 -0.373618
v 0.140741 0.110944 0.139841
vn 0.059257 -0.230525 0.971260
v -0.003090 0.138427 0.265975
vn 0.000920 -0.475305 0.879821
v -0.000934 -0.014619 0.207756
vn -0.030995 -0.700380 0.713097
v -0.000906 -0.121251 0.126357
vn -0.093046 -0.973022 0.211117
v 0.000181 -0.217692 -0.028442
vn -0.026934 -0.819065 0.573069
v -0.000888 -0.171741 0.071714
vn 0.124980 -0.940843 0.314950
v -0.002945 -0.211732 -0.006425
vn -0.568524 0.435396 -0.698006
v -0.056222 -0.125059 -0.101438
vn -0.522618 -0.682595 -0.510817
v -0.074229 -0.212018 -0.088938
vn -0.059472 -0.960183 -0.272967
v -0.062707 -0.225757 -0.065845
vn -0.097385 -0.742854 0.662332
v -0.000077 -0.157912 0.089186
vn -0.312681 0.750153 -0.582667
v -0.061830 0.102509 0.050763
vn -0.313502 0.832779 -0.456284
v -0.070638 0.090572 0.039470
vn 0.014922 0.773563 -0.633544
v -0.028105 0.096021 0.033714
vn -0.248232 -0.126564 -0.960397
v -0.113946 -0.174282 -0.064476
vn -0.412040 -0.179217 -0.893367
v -0.118905 -0.193196 -0.061235
vn -0.514480 -0.390031 -0.763667
v -0.116990 -0.205986 -0.058906
vn -0.835905 0.152184 -0.527355
v -0.066880 -0.137897 -0.095872
vn -0.654186 0.097143 -0.750069
v -0.074420 -0.133934 -0.084411
vn -0.532232 0.094260 -0.841335
v -0.088382 -0.160918 -0.079631
vn -0.241716 -0.875688 -0.418023
v -0.074882 -0.220910 -0.074590
vn 0.204532 0.457300 -0.865473
v -0.007411 -0.005350 -0.060617
vn 0.256719 0.407476 -0.876390
v -0.021665 -0.004439 -0.065377
vn 0.240076 0.551409 -0.798944
v -0.006872 0.012400 -0.049581
vn 0.296118 0.506983 -0.809495
v -0.027370 0.027110 -0.050684
vn 0.272016 0.620856 -0.735218
v -0.005009 0.042529 -0.026587
vn 0.293566 0.614229 -0.732490
v -0.027004 0.042484 -0.039010
vn 0.096852 -0.914582 -0.392632
v -0.126782 -0.232838 -0.015785
vn -0.039853 -0.966447 -0.253756
v -0.111937 -0.232662 -0.017103
vn -0.261205 -0.742203 -0.617177
v -0.129968 -0.218701 -0.040579
vn -0.051813 -0.852221 -0.520610
v -0.130919 -0.227075 -0.027455
vn -0.203034 -0.890973 -0.406134
v -0.117840 -0.227188 -0.032572
vn -0.738337 -0.284545 0.611467
v -0.155506 -0.057793 0.162235
vn -0.210296 -0.924655 -0.317473
v -0.108715 -0.227938 -0.037355
vn -0.310146 -0.566086 0.763778
v -0.103527 -0.088777 0.187338
vn -0.098828 -0.589051 0.802030
v -0.082727 -0.088545 0.190970
vn 0.015089 -0.619937 0.784506
v -0.081638 -0.108480 0.176898
vn 0.132668 -0.636921 0.759428
v -0.064369 -0.087229 0.191747
vn 0.249445 -0.740724 0.623782
v -0.065620 -0.134354 0.148081
vn 0.205590 -0.710512 0.672983
v -0.049344 -0.157503 0.115348
vn 0.292428 -0.638718 0.711706
v -0.050249 -0.085043 0.188922
vn 0.366708 -0.629952 0.684606
v -0.042020 -0.104725 0.166378
vn 0.420243 -0.616121 0.666176
v -0.036908 -0.082684 0.184439
vn 0.346710 -0.714255 0.607974
v -0.027108 -0.168851 0.096694
vn 0.321018 -0.774451 0.545135
v -0.031615 -0.184374 0.079078
vn 0.445474 -0.588806 0.674433
v -0.025920 -0.077634 0.180667
vn 0.344288 -0.599437 0.722593
v -0.026216 -0.097868 0.163799
vn 0.290537 -0.665230 0.687792
v -0.031664 -0.135000 0.133213
vn 0.369700 -0.662909 0.651055
v -0.023181 -0.150559 0.114346
vn 0.430825 -0.751396 0.499794
v -0.019625 -0.184041 0.071706
vn 0.473063 -0.540784 0.695531
v -0.014802 -0.072988 0.178549
vn 0.507929 -0.552187 0.661134
v -0.014163 -0.095738 0.160975
vn 0.496689 -0.597769 0.629263
v -0.013966 -0.115368 0.142286
vn 0.490324 -0.619286 0.613243
v -0.015383 -0.149512 0.109717
vn 0.449183 -0.677992 0.581860
v -0.015411 -0.165192 0.094367
vn -0.698623 -0.382443 0.604701
v -0.137805 -0.071759 0.173082
vn 0.076684 0.570766 -0.817524
v -0.047657 0.028589 -0.054481
vn 0.122094 0.436890 -0.891191
v -0.043228 0.016266 -0.061148
vn -0.315751 -0.103082 -0.943226
v -0.096029 -0.145885 -0.075184
vn -0.378990 0.737389 -0.559127
v -0.108097 0.059298 -0.020012
vn -0.493682 0.520603 -0.696600
v -0.112241 0.045004 -0.027820
vn -0.331291 0.449432 -0.829613
v -0.101705 0.024069 -0.045131
vn -0.485853 0.409282 -0.772292
v -0.128730 0.007373 -0.040526
vn -0.589097 0.456889 -0.666496
v -0.130156 0.023225 -0.030382
vn -0.683321 0.362818 -0.633590
v -0.149634 -0.008901 -0.032055
vn -0.755252 0.432449 -0.492526
v -0.148868 0.008229 -0.020983
vn -0.662938 0.708239 -0.242716
v -0.118615 0.055800 -0.007654
vn -0.686251 0.553443 -0.471976
v -0.136581 0.029141 -0.019045
vn -0.823100 0.484656 -0.295998
v -0.148245 0.016795 -0.012937
vn -0.895394 0.393409 -0.208564
v -0.163304 -0.010650 -0.009462
vn -0.809100 0.576781 -0.112611
v -0.142124 0.031107 -0.001559
vn -0.900204 0.435198 -0.015352
v -0.158282 0.002873 0.000006
vn -0.937263 0.339676 0.078482
v -0.166578 -0.017159 0.003867
vn -0.929860 0.328150 0.166369
v -0.159020 -0.009559 0.031641
vn -0.890593 0.445852 0.089781
v -0.150160 0.016022 0.020389
vn 0.193637 0.834375 -0.516065
v -0.022560 0.071795 0.001732
vn 0.073670 0.817334 -0.571435
v -0.027129 0.083730 0.018155
vn -0.724043 0.689360 -0.023335
v -0.127507 0.048714 0.005524
vn -0.263116 0.926890 -0.267664
v -0.090307 0.069805 -0.008568
vn -0.089084 0.889250 -0.448662
v -0.067533 0.072356 -0.012401
vn 0.087359 0.894623 -0.438199
v -0.052904 0.072645 -0.012271
vn 0.041948 0.716940 -0.695871
v -0.055894 0.058161 -0.031383
vn -0.068239 0.474841 -0.877422
v -0.055842 0.021048 -0.058871
vn -0.133519 0.591729 -0.795003
v -0.070996 0.043701 -0.042153
vn -0.147523 0.762252 -0.630245
v -0.087227 0.062014 -0.022515
vn -0.862910 0.086410 0.497916
v -0.139255 0.016855 0.196725
vn -0.954509 0.025426 0.297096
v -0.146397 0.038524 0.177918
vn -0.938657 0.106043 0.328143
v -0.147406 0.026131 0.177157
vn -0.864670 0.085271 0.495049
v -0.150759 -0.003397 0.179829
vn -0.804203 -0.167578 0.570242
v -0.153165 -0.032677 0.174449
vn -0.218838 -0.521748 0.824554
v -0.095678 -0.060116 0.210200
vn -0.414181 -0.454785 0.788432
v -0.112623 -0.057712 0.205467
vn -0.648729 -0.354329 0.673500
v -0.130583 -0.049749 0.196412
vn -0.000143 -0.564037 0.825749
v -0.071722 -0.060952 0.213729
vn 0.208431 -0.567019 0.796898
v -0.056618 -0.060215 0.212528
vn 0.366845 -0.544148 0.754538
v -0.040705 -0.057693 0.208598
vn 0.495175 -0.509959 0.703380
v -0.026768 -0.053369 0.203804
vn -0.805675 -0.051803 0.590089
v -0.141588 -0.009989 0.196114
vn -0.772559 -0.251985 0.582800
v -0.144735 -0.039088 0.183301
vn -0.412399 0.849278 -0.329626
v -0.088124 0.079720 0.032185
vn -0.791882 0.535758 -0.293063
v -0.133819 0.050124 0.064996
vn -0.115590 0.840979 -0.528577
v -0.049157 0.090522 0.028571
vn -0.157032 0.789701 -0.593054
v -0.043461 0.099274 0.039958
vn -0.484021 0.869455 -0.098851
v -0.107933 0.063820 0.000817
vn -0.622496 0.775757 -0.103446
v -0.116186 0.058233 0.026902
vn -0.299090 0.907043 -0.296340
v -0.080524 0.076586 0.017843
vn -0.450201 0.875738 -0.174361
v -0.098162 0.069786 0.016677
vn -0.763293 0.628382 -0.150069
v -0.126634 0.049952 0.038413
vn -0.625841 -0.384497 -0.678591
v -0.088985 -0.202618 -0.085340
vn -0.395565 -0.734245 -0.551736
v -0.106560 -0.218321 -0.056544
vn -0.410106 -0.739121 -0.534334
v -0.088948 -0.216443 -0.071434
vn -0.197945 -0.958384 -0.205712
v -0.086828 -0.234035 -0.031191
vn 0.067731 -0.993282 -0.093832
v -0.068915 -0.238485 -0.017364
vn -0.105676 -0.959219 -0.262165
v -0.078142 -0.233045 -0.042745
vn 0.134368 -0.971450 -0.195523
v -0.060457 -0.233884 -0.035150
vn -0.004097 -0.955784 -0.294042
v -0.070277 -0.229724 -0.053508
vn 0.099801 -0.983627 -0.150062
v -0.047985 -0.228460 -0.054410
vn -0.274756 -0.895807 -0.349341
v -0.093023 -0.228302 -0.048578
vn -0.248864 -0.887745 -0.387268
v -0.085061 -0.225829 -0.059424
vn 0.258022 -0.965555 -0.033597
v -0.058234 -0.236460 -0.014082
vn 0.265034 -0.961131 -0.077355
v -0.045820 -0.230442 -0.035798
vn 0.325682 -0.944689 0.038640
v -0.032236 -0.226169 -0.030467
vn 0.205482 -0.965675 0.158900
v -0.010009 -0.219399 -0.030275
vn 0.403276 -0.909276 0.102884
v -0.045911 -0.231880 -0.004257
vn 0.377155 -0.904437 0.199366
v -0.017570 -0.218508 -0.013335
vn 0.440797 -0.791500 0.423351
v -0.020282 -0.196516 0.050383
vn 0.188736 0.186139 -0.964226
v -0.010611 -0.063911 -0.087921
vn -0.343004 -0.046317 -0.938191
v -0.081787 -0.130718 -0.079324
vn -0.550860 0.032677 -0.833958
v -0.100428 -0.175413 -0.071737
vn 0.085274 -0.994770 0.056230
v -0.013346 -0.223203 -0.053135
vn -0.390813 -0.873832 -0.289279
v -0.051930 -0.213243 -0.109434
vn -0.717010 0.116890 -0.687192
v -0.081293 -0.192720 -0.093935
vn -0.920371 0.126248 -0.370106
v -0.062559 -0.151447 -0.107064
vn -0.882844 0.088563 -0.461240
v -0.064615 -0.155917 -0.100139
vn 0.003993 -0.987449 -0.157886
v -0.039346 -0.226005 -0.071304
vn -0.775364 -0.277290 -0.567380
v -0.067306 -0.200685 -0.108867
vn -0.351191 -0.934885 -0.051527
v -0.041066 -0.218047 -0.109752
vn -0.005900 -0.999061 0.042919
v -0.000193 -0.224414 -0.070237
vn -0.179426 -0.961349 -0.208840
v -0.038624 -0.221231 -0.090877
vn 0.194856 -0.980576 -0.022390
v -0.030996 -0.226095 -0.051968
vn 0.469650 -0.812852 0.344529
v -0.028035 -0.209347 0.031447
vn 0.318920 -0.834461 0.449404
v -0.045740 -0.216408 0.039596
vn 0.274167 -0.780954 0.561198
v -0.044805 -0.198577 0.066944
vn 0.469551 -0.843308 0.261445
v -0.029944 -0.219160 0.007376
vn 0.215143 -0.723389 0.656065
v -0.036120 -0.166779 0.103282
vn 0.467850 -0.820867 0.327557
v -0.015433 -0.206509 0.023734
vn 0.416483 -0.861924 0.289186
v -0.012685 -0.212126 0.001783
vn 0.212252 -0.847279 0.486895
v -0.003790 -0.184141 0.053495
vn 0.504137 -0.532902 0.679604
v -0.009307 -0.070619 0.174504
vn 0.506993 -0.497424 0.703937
v -0.011774 -0.047918 0.195515
vn 0.454360 -0.692268 0.560644
v -0.005286 -0.163362 0.086223
vn 0.464760 -0.619513 0.632615
v -0.006182 -0.132596 0.117895
vn 0.498697 -0.573748 0.649703
v -0.009213 -0.094710 0.155512
vn 0.358073 -0.850820 0.384563
v -0.006333 -0.198275 0.028184
vn 0.358125 -0.627474 0.691392
v -0.024096 -0.112482 0.150556
vn 0.249465 -0.703652 0.665312
v -0.051398 -0.140567 0.132725
vn 0.313956 -0.648656 0.693309
v -0.032052 -0.115791 0.152059
vn 0.327587 -0.657835 0.678188
v -0.041843 -0.116144 0.156106
vn -0.053137 -0.638963 0.767400
v -0.000919 -0.082073 0.163159
vn 0.225395 -0.687439 0.690381
v -0.065784 -0.121636 0.162110
vn 0.204922 -0.642264 0.738583
v -0.067212 -0.102846 0.178973
vn 0.010239 -0.617428 0.786561
v -0.073925 -0.087755 0.191799
vn -0.138334 -0.536501 0.832485
v -0.083740 -0.060649 0.212456
vn 0.252253 -0.698761 0.669404
v -0.066651 -0.146675 0.133151
vn -0.674318 0.183314 -0.715326
v -0.081327 -0.178101 -0.088172
vn -0.785636 0.179391 -0.592111
v -0.070009 -0.180266 -0.101617
vn -0.630994 0.314785 -0.709053
v -0.060202 -0.122481 -0.097228
vn -0.791858 0.332128 -0.512497
v -0.059513 -0.142651 -0.108166
vn -0.993162 0.115282 0.018420
v -0.168645 -0.025842 0.137501
vn -0.814776 0.513540 -0.269104
v -0.139430 0.050763 0.077871
vn -0.643587 0.700042 -0.309414
v -0.110558 0.073520 0.057485
vn -0.933761 0.309648 -0.179468
v -0.145512 0.053769 0.114753
vn -0.960707 0.274042 -0.044072
v -0.162072 0.011269 0.134989
vn -0.958561 0.244006 -0.147041
v -0.153842 0.007874 0.069589
vn -0.913035 0.359077 -0.193471
v -0.147788 0.035791 0.083858
vn -0.966127 0.207408 -0.153560
v -0.156115 0.015363 0.100102
vn -0.968367 0.217825 0.121727
v -0.153678 0.035580 0.146559
vn -0.963076 0.221631 0.152853
v -0.164657 0.001278 0.147742
vn -0.976908 0.162381 -0.138862
v -0.164443 -0.007428 0.126510
vn -0.490985 0.749868 -0.443432
v -0.089566 0.086917 0.051997
vn -0.599223 0.599887 -0.530157
v -0.100047 0.094581 0.076355
vn -0.510255 0.650922 -0.562085
v -0.077143 0.108113 0.067703
vn -0.933384 0.245636 -0.261643
v -0.143191 0.071292 0.123926
vn -0.985019 0.150850 -0.083557
v -0.149783 0.053671 0.140115
vn -0.833203 0.488776 -0.258596
v -0.136349 0.059666 0.092360
vn -0.720534 0.541581 -0.433038
v -0.120246 0.077003 0.082757
vn -0.840587 0.341197 -0.420712
v -0.135873 0.079565 0.112629
vn -0.934933 0.318747 -0.155886
v -0.152947 0.034677 0.104967
vn -0.373404 0.642656 -0.669001
v -0.066811 0.109421 0.061720
vn -0.550055 0.791702 -0.265797
v -0.099667 0.075078 0.038726
vn -0.988293 0.088576 0.124222
v -0.150209 0.044222 0.158026
vn -0.905451 0.205211 0.371548
v -0.150438 0.016804 0.173135
vn -0.889536 0.214920 0.403157
v -0.158401 0.003304 0.163316
vn -0.934131 -0.065013 0.350960
v -0.167289 -0.040309 0.149641
vn -0.919004 0.061173 0.389474
v -0.163641 -0.016572 0.161420
vn 0.239249 0.344497 -0.907789
v -0.019624 -0.089410 -0.094982
vn -0.150863 0.932215 -0.328961
v -0.065812 0.078231 0.012119
vn -0.878868 0.424060 -0.218548
v -0.143158 0.031383 0.061601
vn -0.725829 0.624652 -0.288065
v -0.120094 0.064853 0.059826
vn 0.015716 0.897070 -0.441608
v -0.046742 0.079052 0.008632
vn 0.273371 0.732218 -0.623799
v -0.025290 0.055863 -0.024891
vn -0.255626 0.521659 -0.813958
v -0.087209 0.038912 -0.041686
vn -0.193068 0.451840 -0.870957
v -0.069450 0.016088 -0.059293
vn -0.633410 0.015144 -0.773668
v -0.107512 -0.193188 -0.068328
vn -0.054372 -0.385341 -0.921171
v -0.130863 -0.194223 -0.058190
vn 0.604703 0.361152 -0.709862
v 0.056826 -0.124984 -0.099456
vn 0.630940 -0.378359 -0.677317
v 0.087190 -0.202594 -0.085209
vn 0.322812 -0.860150 -0.394886
v 0.062778 -0.217677 -0.088537
vn 0.401578 0.701914 -0.588262
v 0.070536 0.098400 0.053020
vn 0.330267 0.813590 -0.478534
v 0.064114 0.092421 0.039521
vn 0.032579 0.790032 -0.612200
v -0.002835 0.072853 0.009475
vn -0.002130 0.721171 -0.692753
v -0.000936 0.091279 0.031765
vn 0.184674 0.768883 -0.612139
v 0.045946 0.103228 0.046268
vn 0.562656 -0.028479 -0.826200
v 0.108329 -0.191012 -0.065620
vn 0.184638 -0.088187 -0.978842
v 0.126238 -0.166996 -0.063404
vn 0.539046 -0.333707 -0.773349
v 0.115266 -0.205976 -0.058558
vn 0.402523 -0.733319 -0.547922
v 0.104779 -0.218313 -0.056278
vn 0.880953 0.188145 -0.434193
v 0.061097 -0.143897 -0.103441
vn 0.421518 -0.731564 -0.535851
v 0.087139 -0.216419 -0.071290
vn 0.228399 -0.897806 -0.376535
v 0.083547 -0.225705 -0.059013
vn -0.214658 0.376378 -0.901255
v 0.013564 -0.029446 -0.074268
vn -0.206935 0.444326 -0.871638
v 0.005618 -0.005357 -0.060619
vn -0.258585 0.511005 -0.819761
v 0.005298 0.006506 -0.053737
vn -0.298873 0.698390 -0.650328
v 0.021890 0.052703 -0.028312
vn 0.040290 -0.966384 -0.253926
v 0.110014 -0.232661 -0.016752
vn 0.331080 -0.732829 -0.594431
v 0.120542 -0.218671 -0.044693
vn 0.129796 -0.861211 -0.491395
v 0.125692 -0.226813 -0.028476
vn 0.212761 -0.891319 -0.400353
v 0.115997 -0.227186 -0.032197
vn -0.162001 0.819661 -0.549464
v 0.015739 0.072309 0.004842
vn 0.737198 -0.284795 0.612724
v 0.153585 -0.057856 0.162362
vn 0.211761 -0.924681 -0.316421
v 0.106871 -0.227932 -0.037063
vn 0.309426 -0.565749 0.764319
v 0.101626 -0.088770 0.187393
vn 0.098228 -0.588711 0.802353
v 0.080851 -0.088529 0.191005
vn -0.016005 -0.619679 0.784692
v 0.079759 -0.108469 0.176938
vn -0.133064 -0.636703 0.759541
v 0.062509 -0.087210 0.191770
vn -0.205685 -0.642031 0.738573
v 0.065345 -0.102842 0.178989
vn -0.250521 -0.740408 0.623726
v 0.063759 -0.134344 0.148112
vn -0.254733 -0.699324 0.667875
v 0.064803 -0.146681 0.133178
vn -0.238932 -0.710459 0.661936
v 0.050548 -0.168568 0.103765
vn -0.292730 -0.638598 0.711689
v 0.048396 -0.085027 0.188938
vn -0.420359 -0.616146 0.666080
v 0.035062 -0.082670 0.184450
vn -0.367074 -0.629911 0.684448
v 0.040159 -0.104687 0.166402
vn -0.314256 -0.648617 0.693209
v 0.030221 -0.115776 0.152071
vn -0.210941 -0.697161 0.685179
v 0.034381 -0.158854 0.111450
vn -0.340309 -0.717707 0.607525
v 0.025320 -0.168842 0.096702
vn -0.324600 -0.771990 0.546503
v 0.029804 -0.184333 0.079119
vn -0.445537 -0.588897 0.674313
v 0.024076 -0.077625 0.180674
vn -0.347408 -0.599227 0.721273
v 0.024384 -0.097858 0.163807
vn -0.379795 -0.650540 0.657688
v 0.019024 -0.139871 0.123480
vn -0.365540 -0.671897 0.644155
v 0.022446 -0.155288 0.110034
vn -0.414999 -0.758247 0.502830
v 0.017855 -0.184033 0.071714
vn -0.475008 -0.542413 0.692932
v 0.012957 -0.072982 0.178553
vn -0.503555 -0.593710 0.627647
v 0.010902 -0.122017 0.135680
vn -0.525639 -0.605815 0.597237
v 0.005477 -0.142442 0.108648
vn 0.697809 -0.382414 0.605658
v 0.135874 -0.071799 0.173184
vn -0.103501 0.663130 -0.741314
v 0.047285 0.052750 -0.035804
vn -0.259469 0.414346 -0.872349
v 0.019872 -0.004429 -0.065370
vn 0.327708 -0.072851 -0.941966
v 0.111108 -0.173373 -0.064489
vn 0.194109 0.584547 -0.787799
v 0.080340 0.047012 -0.037849
vn 0.306330 0.455392 -0.835931
v 0.095152 0.019266 -0.049835
vn 0.566762 0.447656 -0.691653
v 0.129228 0.020849 -0.031106
vn 0.542629 0.371023 -0.753588
v 0.130409 0.003646 -0.039782
vn 0.645083 0.387311 -0.658679
v 0.143904 -0.001326 -0.031539
vn 0.536210 0.530806 -0.656295
v 0.118847 0.039241 -0.026286
vn 0.759289 0.422917 -0.494591
v 0.148873 0.005453 -0.020560
vn 0.681897 0.544830 -0.488034
v 0.133612 0.030151 -0.019570
vn 0.824630 0.492581 -0.278118
v 0.146839 0.016838 -0.012246
vn 0.898845 0.389097 -0.201698
v 0.162361 -0.012505 -0.008786
vn 0.858746 0.511028 -0.037488
v 0.147122 0.020993 0.000946
vn 0.906992 0.420878 -0.015055
v 0.157567 0.000042 -0.000917
vn 0.934291 0.352694 0.052035
v 0.164553 -0.016089 0.003051
vn 0.930090 0.325021 0.171153
v 0.161563 -0.017045 0.022957
vn 0.934033 0.342747 0.100534
v 0.151176 0.003373 0.040453
vn 0.900230 0.423085 0.102885
v 0.152490 0.008502 0.016581
vn -0.128917 0.849692 -0.511276
v 0.048090 0.071479 -0.013514
vn 0.059780 0.729107 -0.681784
v 0.063997 0.061691 -0.027255
vn 0.853797 0.088558 0.513019
v 0.137383 0.016890 0.196738
vn 0.847833 -0.002662 0.530256
v 0.135739 0.031499 0.196634
vn 0.735627 0.656827 -0.165624
v 0.130903 0.043594 -0.000389
vn 0.949770 0.018754 0.312385
v 0.144521 0.038555 0.177928
vn 0.864820 0.085269 0.494788
v 0.148890 -0.003376 0.179865
vn 0.803438 -0.167600 0.571312
v 0.151274 -0.032700 0.174535
vn 0.218781 -0.521339 0.824828
v 0.093821 -0.060084 0.210220
vn 0.413901 -0.454428 0.788785
v 0.110766 -0.057676 0.205490
vn 0.648557 -0.354002 0.673838
v 0.128726 -0.049707 0.196439
vn -0.000102 -0.563856 0.825873
v 0.069864 -0.060927 0.213749
vn -0.208467 -0.566937 0.796947
v 0.054760 -0.060195 0.212538
vn -0.366897 -0.544197 0.754477
v 0.038847 -0.057678 0.208607
vn -0.495040 -0.510287 0.703237
v 0.024909 -0.053359 0.203810
vn -0.507089 -0.497748 0.703639
v 0.009912 -0.047915 0.195515
vn 0.805412 -0.051583 0.590466
v 0.139724 -0.009948 0.196132
vn 0.772090 -0.251860 0.583476
v 0.142879 -0.039042 0.183331
vn 0.005511 0.828954 -0.559289
v 0.034273 0.088874 0.024587
vn 0.294273 0.897373 -0.328824
v 0.077097 0.077346 0.017938
vn 0.479027 0.767762 -0.425529
v 0.087201 0.087322 0.051839
vn 0.460085 0.864022 -0.204421
v 0.091011 0.073286 0.022316
vn 0.623520 0.709524 -0.328327
v 0.103148 0.077721 0.054847
vn 0.602120 0.762238 -0.237582
v 0.106243 0.067285 0.035313
vn 0.722757 0.663165 -0.194513
v 0.119098 0.058446 0.045410
vn 0.341172 0.924592 -0.169502
v 0.099657 0.067239 -0.004450
vn 0.098412 0.920554 -0.378015
v 0.063157 0.073284 -0.010865
vn 0.839787 0.542856 0.008062
v 0.136915 0.033616 0.029796
vn 0.710398 0.700502 -0.068058
v 0.124624 0.049025 0.026545
vn 0.150505 -0.978026 -0.144268
v 0.096463 -0.232998 -0.017135
vn 0.197894 -0.958151 -0.206843
v 0.085034 -0.234016 -0.031004
vn -0.079783 -0.993264 -0.084027
v 0.067153 -0.238482 -0.017252
vn 0.110950 -0.963833 -0.242314
v 0.076381 -0.233027 -0.042607
vn -0.110542 -0.980417 -0.162981
v 0.048149 -0.228904 -0.052568
vn 0.057150 -0.957969 -0.281122
v 0.060449 -0.226067 -0.065162
vn 0.271949 -0.896622 -0.349446
v 0.091234 -0.228291 -0.048361
vn -0.465785 -0.830837 0.304556
v 0.040066 -0.222989 0.021723
vn -0.270670 -0.959537 -0.077631
v 0.051050 -0.234104 -0.022922
vn -0.234753 -0.970524 -0.054542
v 0.039062 -0.228046 -0.046179
vn -0.373820 -0.927440 0.010664
v 0.045569 -0.232499 -0.010362
vn -0.362644 -0.931743 0.018558
v 0.030517 -0.226161 -0.030459
vn -0.437755 -0.883099 0.168839
v 0.040876 -0.229248 0.000187
vn -0.274849 -0.780821 0.561049
v 0.042989 -0.198564 0.066972
vn -0.320423 -0.837384 0.442851
v 0.043951 -0.216411 0.039624
vn -0.129595 0.348145 -0.928440
v 0.011339 -0.044143 -0.079389
vn -0.133037 0.261451 -0.956004
v 0.010928 -0.067267 -0.088745
vn 0.668951 0.051886 -0.741493
v 0.072043 -0.125145 -0.085291
vn 0.441843 0.100519 -0.891443
v 0.062832 -0.111749 -0.090272
vn 0.624024 0.101317 -0.774809
v 0.073262 -0.138808 -0.084746
vn 0.425107 0.751476 -0.504547
v 0.108423 0.060065 -0.018203
vn -0.209254 -0.975393 0.069441
v 0.023034 -0.223930 -0.041599
vn 0.771112 -0.254510 -0.583619
v 0.065555 -0.200680 -0.108843
vn 0.721976 0.099210 -0.684769
v 0.072857 -0.192236 -0.100585
vn 0.340535 -0.938023 -0.064418
v 0.039366 -0.218032 -0.109736
vn 0.206655 -0.953422 -0.219727
v 0.042664 -0.219084 -0.095351
vn 0.031834 -0.992793 -0.115536
v 0.026719 -0.223118 -0.086657
vn 0.545343 -0.651814 -0.527010
v 0.072484 -0.212019 -0.088823
vn -0.345841 -0.891423 0.292848
v 0.008135 -0.211105 0.000697
vn -0.373716 -0.911813 0.170099
v 0.016427 -0.219415 -0.015855
vn -0.478383 -0.837716 0.263403
v 0.028200 -0.219153 0.007387
vn -0.268981 -0.902314 0.336867
v 0.048816 -0.227784 0.018311
vn -0.286104 -0.951705 0.111361
v 0.055536 -0.235859 -0.002181
vn -0.213230 -0.737335 0.640991
v 0.035703 -0.170404 0.099421
vn -0.084958 -0.996313 -0.011950
v 0.019672 -0.224483 -0.062519
vn -0.465943 -0.821355 0.329047
v 0.013680 -0.206502 0.023736
vn -0.247640 -0.886447 0.391006
v 0.002901 -0.196849 0.029449
vn -0.387958 -0.814173 0.431984
v 0.003863 -0.190601 0.044927
vn -0.497622 -0.536012 0.681956
v 0.007462 -0.070615 0.174506
vn -0.457571 -0.743320 0.487960
v 0.005481 -0.179802 0.064375
vn -0.503285 -0.604068 0.617905
v 0.005115 -0.128803 0.122531
vn -0.473105 -0.807454 0.352405
v 0.026259 -0.209309 0.031490
vn -0.432626 -0.788418 0.437302
v 0.022608 -0.199123 0.049516
vn -0.478626 -0.627996 0.613627
v 0.013700 -0.150865 0.108662
vn -0.485066 -0.664212 0.568801
v 0.013624 -0.165185 0.094373
vn -0.529272 -0.608183 0.591595
v 0.010471 -0.134989 0.121783
vn -0.527534 -0.550565 0.646983
v 0.007263 -0.093514 0.156459
vn -0.499636 -0.552290 0.667337
v 0.012619 -0.095994 0.160695
vn -0.355957 -0.625772 0.694049
v 0.022273 -0.112473 0.150563
vn -0.291304 -0.662020 0.690559
v 0.029848 -0.134990 0.133222
vn -0.328150 -0.657677 0.678070
v 0.040002 -0.116119 0.156126
vn -0.226476 -0.687121 0.690343
v 0.063908 -0.121620 0.162137
vn -0.255689 -0.706634 0.659767
v 0.049557 -0.140559 0.132740
vn -0.063557 -0.748450 0.660139
v 0.078311 -0.136628 0.149491
vn -0.010779 -0.617178 0.786750
v 0.072058 -0.087736 0.191828
vn 0.138357 -0.536245 0.832645
v 0.081883 -0.060621 0.212477
vn 0.598826 0.112465 -0.792943
v 0.085124 -0.166842 -0.081323
vn 0.275224 -0.119439 -0.953932
v 0.094352 -0.145855 -0.074972
vn 0.492614 0.081867 -0.866389
v 0.085420 -0.154434 -0.079600
vn 0.798238 0.126890 -0.588825
v 0.064164 -0.154554 -0.097257
vn 0.377731 -0.031638 -0.925375
v 0.080085 -0.130694 -0.079171
vn -0.058756 0.216091 -0.974604
v -0.000841 -0.066150 -0.086340
vn -0.052323 0.401757 -0.914250
v 0.002411 -0.037260 -0.075254
vn 0.993857 0.109117 0.018465
v 0.166772 -0.025921 0.137646
vn 0.972982 0.190099 0.131030
v 0.163180 -0.001165 0.147395
vn 0.964303 0.261605 -0.041019
v 0.161056 0.008965 0.137563
vn 0.911575 0.379944 -0.157079
v 0.146618 0.041224 0.099811
vn 0.818509 0.501831 -0.279660
v 0.133028 0.061194 0.090629
vn 0.984097 0.149307 -0.096234
v 0.147907 0.053702 0.140130
vn 0.967989 0.227658 0.105686
v 0.151805 0.035622 0.146574
vn 0.827550 0.498735 -0.257728
v 0.137600 0.050768 0.077944
vn 0.734299 0.602891 -0.311973
v 0.124356 0.061951 0.068231
vn 0.923696 0.328140 -0.197760
v 0.147427 0.029717 0.079503
vn 0.930246 0.286395 0.229391
v 0.158531 0.014065 0.149473
vn 0.965780 0.218701 -0.139426
v 0.155547 0.012656 0.105869
vn 0.950767 0.287306 -0.116179
v 0.155391 0.022036 0.118520
vn 0.690963 0.481028 -0.539614
v 0.120310 0.098039 0.104084
vn 0.600398 0.582529 -0.547890
v 0.104384 0.102459 0.086848
vn 0.726911 0.486317 -0.484867
v 0.116241 0.083343 0.086574
vn 0.979914 0.151319 -0.129889
v 0.163805 -0.012657 0.127896
vn 0.612225 0.607881 -0.505629
v 0.099229 0.092895 0.075477
vn 0.833088 0.355876 -0.423459
v 0.132067 0.081510 0.109992
vn 0.932922 0.314310 -0.175688
v 0.143634 0.053812 0.114780
vn 0.859936 0.437880 -0.262241
v 0.138988 0.038856 0.065704
vn 0.952308 0.267433 -0.146929
v 0.150870 0.008598 0.065221
vn 0.988260 0.088829 0.124305
v 0.148333 0.044257 0.158038
vn 0.912256 0.180590 0.367663
v 0.146974 0.019815 0.175238
vn 0.897002 0.215098 0.386161
v 0.156535 0.003318 0.163364
vn 0.933696 -0.065695 0.351988
v 0.165393 -0.040387 0.149785
vn 0.919808 0.060589 0.387662
v 0.161763 -0.016604 0.161516
vn -0.291686 0.258968 -0.920790
v 0.014808 -0.084282 -0.090699
vn 0.594476 0.800087 -0.080363
v 0.109584 0.061840 0.022164
vn 0.172929 0.932189 -0.317993
v 0.066036 0.077663 0.011237
vn 0.820662 0.546314 -0.167495
v 0.129944 0.045304 0.046321
vn 0.168203 0.845817 -0.506262
v 0.052527 0.092205 0.033027
vn -0.010094 0.913373 -0.406998
v 0.046108 0.078526 0.007587
vn -0.127216 0.490986 -0.861829
v 0.039453 0.020043 -0.058734
vn -0.297651 0.539444 -0.787658
v 0.026559 0.027851 -0.050498
vn 0.845901 0.136281 -0.515634
v 0.063212 -0.182389 -0.108644
vn 0.685259 0.066528 -0.725254
v 0.098759 -0.193339 -0.074645
vn 0.365966 -0.220277 -0.904183
v 0.117192 -0.193190 -0.060875
vn 0.024748 0.752581 -0.658034
v 0.000081 0.054059 -0.014489
vn -0.153140 0.605106 -0.781278
v 0.002805 0.031489 -0.034750
vn -0.015271 0.511681 -0.859040
v -0.000898 0.000029 -0.057095
vn 0.000038 -0.575782 0.817604
v -0.000930 -0.042155 0.192717
vn 0.058572 -0.829599 0.555279
v 0.005982 -0.246848 -0.167991
vn -0.217013 0.362719 -0.906278
v -0.027258 -0.094463 -0.095872
vn -0.439399 0.540404 -0.717560
v -0.046783 -0.121445 -0.105819
vn -0.050743 0.972559 -0.227054
v -0.005675 -0.109987 -0.110786
vn -0.266470 -0.879026 0.395358
v -0.026895 -0.230572 -0.146551
vn -0.000419 -0.992494 0.122292
v 0.003587 -0.224755 -0.111780
vn -0.950626 0.019974 -0.309696
v -0.058932 -0.178648 -0.120948
vn -0.602860 -0.797706 -0.014979
v -0.046547 -0.212645 -0.126321
vn -0.909872 0.392164 -0.135425
v -0.057681 -0.169240 -0.164868
vn -0.657142 0.720971 -0.219920
v -0.034005 -0.141674 -0.161037
vn -0.732644 0.652433 0.193813
v -0.025139 -0.135905 -0.174651
vn -0.579992 0.805156 -0.123828
v -0.012648 -0.118269 -0.158258
vn -0.438794 -0.679944 0.587483
v -0.038189 -0.241395 -0.173635
vn -0.763407 0.644622 -0.040895
v -0.043533 -0.156917 -0.177326
vn -0.703761 -0.663881 -0.252948
v -0.054379 -0.205097 -0.125226
vn -0.055290 -0.997581 -0.042142
v -0.024548 -0.222197 -0.096088
vn -0.035050 -0.944697 0.326067
v -0.007771 -0.229427 -0.138042
vn -0.172549 -0.969358 0.174848
v -0.020414 -0.224886 -0.123747
vn -0.456291 -0.875616 0.158412
v -0.034287 -0.221957 -0.128619
vn -0.697432 -0.679376 0.228114
v -0.043009 -0.219776 -0.142985
vn -0.949718 -0.250222 -0.188212
v -0.054886 -0.199906 -0.135667
vn -0.999328 -0.011021 0.034971
v -0.059356 -0.170385 -0.140550
vn -0.836779 0.106840 -0.537017
v -0.063668 -0.190797 -0.112180
vn -0.377844 0.904630 -0.197175
v -0.012673 -0.113995 -0.123753
vn -0.983968 0.059740 -0.168043
v -0.059225 -0.159495 -0.122354
vn -0.892919 0.387765 -0.228764
v -0.057302 -0.151847 -0.123569
vn -0.657734 0.595673 -0.461042
v -0.047217 -0.135546 -0.119071
vn -0.311325 0.667284 -0.676615
v -0.027803 -0.112251 -0.110954
vn -0.413553 0.791299 -0.450354
v -0.030932 -0.123291 -0.124961
vn -0.541282 0.789314 -0.289823
v -0.029155 -0.133903 -0.145692
vn 0.053011 0.828062 -0.558124
v -0.017074 -0.110083 -0.108076
vn -0.659368 0.690468 -0.297469
v -0.045071 -0.143647 -0.146207
vn 0.463148 0.280472 -0.840732
v -0.013271 -0.092346 -0.088395
vn -0.989183 -0.014809 0.145940
v -0.060441 -0.188634 -0.168132
vn -0.983118 -0.171557 0.063621
v -0.056049 -0.182158 -0.142448
vn 0.266971 0.175530 -0.947584
v 0.045798 -0.099855 -0.093777
vn -0.235335 0.217435 -0.947280
v 0.008224 -0.093571 -0.086017
vn 0.108192 0.379678 -0.918771
v 0.024378 -0.092742 -0.095705
vn 0.200888 0.609879 -0.766611
v 0.023502 -0.101685 -0.102610
vn 0.277619 0.937918 -0.207936
v 0.009805 -0.113635 -0.121465
vn 0.999645 -0.026246 0.004574
v 0.057615 -0.172169 -0.141881
vn 0.849276 -0.527949 0.000008
v 0.053219 -0.203650 -0.133861
vn 0.326525 -0.845840 0.421824
v 0.029072 -0.229070 -0.146714
vn 0.157615 -0.904676 0.395878
v 0.013356 -0.233139 -0.146577
vn 0.616960 0.738351 -0.272393
v 0.032307 -0.141201 -0.159102
vn 0.980214 -0.020766 -0.196851
v 0.056996 -0.173423 -0.120382
vn 0.954045 -0.158913 -0.254058
v 0.055321 -0.197919 -0.130190
vn 0.700516 -0.641765 -0.312114
v 0.053852 -0.205364 -0.122008
vn 0.489622 -0.850497 -0.192158
v 0.045401 -0.213370 -0.119044
vn 0.688211 -0.661796 0.297308
v 0.040891 -0.222513 -0.147271
vn 0.974845 -0.116462 0.190039
v 0.058173 -0.187183 -0.163637
vn 0.847445 -0.368850 0.381819
v 0.053842 -0.219112 -0.175135
vn 0.127660 -0.970781 0.203190
v 0.016076 -0.226300 -0.127443
vn 0.478034 -0.869525 0.124134
v 0.033947 -0.221694 -0.130231
vn 0.744543 0.657079 -0.117914
v 0.043278 -0.157381 -0.174389
vn 0.692351 0.720239 -0.043652
v 0.015777 -0.126401 -0.172047
vn 0.147159 -0.988427 0.036826
v 0.021956 -0.222239 -0.100766
vn 0.004550 -0.999968 -0.006648
v -0.000849 -0.223379 -0.090790
vn 0.720628 0.633221 -0.282360
v 0.044634 -0.145578 -0.147186
vn 0.988457 0.066260 -0.136243
v 0.057673 -0.159701 -0.122321
vn 0.947875 -0.309918 0.074052
v 0.051423 -0.206285 -0.146959
vn 0.692957 0.549980 -0.466189
v 0.048049 -0.137811 -0.118152
vn 0.983592 -0.177558 0.031928
v 0.054153 -0.183016 -0.142615
vn 0.899420 0.372726 -0.228298
v 0.055204 -0.153525 -0.127799
vn 0.456497 0.540037 -0.707086
v 0.045044 -0.121423 -0.105802
vn 0.500862 0.844996 -0.187402
v 0.009106 -0.116457 -0.162569
vn 0.050017 0.981876 -0.182806
v -0.000588 -0.113781 -0.163738
vn 0.479418 0.823479 -0.303381
v 0.021003 -0.123603 -0.129671
vn 0.416211 0.743983 -0.522740
v 0.030433 -0.119833 -0.116943
vn 0.943427 0.314561 -0.104869
v 0.056229 -0.169530 -0.164861
vn 0.040350 0.810997 -0.583657
v -0.000392 -0.102522 -0.089682
vn -0.060188 0.772832 -0.631750
v 0.016253 -0.111247 -0.109457
vn -0.042647 0.995537 -0.084181
v -0.001179 -0.112546 -0.136151
vn -0.954506 0.294754 -0.045155
v -0.060243 -0.183489 -0.180526
vn -0.900199 -0.228028 0.371005
v -0.061951 -0.215375 -0.186085
vn -0.140573 -0.729460 0.669423
v -0.020681 -0.246758 -0.170338
vn -0.949260 0.307536 0.065777
v -0.064496 -0.198886 -0.206466
vn 0.297152 0.834451 0.464104
v 0.012389 -0.118994 -0.182456
vn -0.625541 0.400128 0.669773
v -0.039472 -0.143375 -0.187405
vn 0.917061 -0.188503 0.351376
v 0.059714 -0.212521 -0.182835
vn 0.980215 0.054585 0.190263
v 0.067902 -0.216717 -0.212448
vn 0.973207 0.121919 0.194947
v 0.061280 -0.193577 -0.210339
vn 0.723303 0.493334 0.483171
v 0.037685 -0.148346 -0.182011
vn 0.835978 0.540233 -0.096382
v 0.051556 -0.169648 -0.179619
vn 0.989934 0.088272 0.110630
v 0.060837 -0.195599 -0.180492
vn 0.483530 -0.691470 0.536720
v 0.037188 -0.241025 -0.173937
vn 0.263459 -0.728952 0.631838
v 0.025069 -0.246245 -0.172956
vn -0.728620 -0.463051 0.504675
v -0.048938 -0.232322 -0.176262
vn -0.917629 -0.317925 0.238496
v -0.053757 -0.210729 -0.160824
vn -0.885414 0.389243 0.254030
v -0.052673 -0.168373 -0.187515
vn -0.428371 0.901184 0.066073
v -0.012672 -0.122003 -0.177770
vn -0.010323 -0.885806 -0.463940
v -0.000793 -0.307564 -0.324376
vn -0.793918 0.571765 -0.206830
v -0.060686 -0.150215 -0.296989
vn -0.615843 0.536412 -0.577060
v -0.022583 -0.117158 -0.287373
vn -0.744436 0.588177 0.316012
v -0.027744 -0.086191 -0.200758
vn -0.989632 -0.118408 0.081295
v -0.074232 -0.260155 -0.257479
vn -0.987575 0.030229 -0.154215
v -0.072001 -0.220252 -0.321410
vn -0.128651 -0.776498 0.616847
v -0.010441 -0.296542 -0.214829
vn -0.232544 -0.881360 -0.411251
v -0.024467 -0.306686 -0.319679
vn -0.319305 -0.920792 -0.224024
v -0.031719 -0.309734 -0.304536
vn -0.594729 -0.221167 -0.772905
v -0.047318 -0.227996 -0.366212
vn -0.575567 -0.541628 -0.612668
v -0.048143 -0.283081 -0.335081
vn -0.516067 -0.788176 -0.335340
v -0.046191 -0.300462 -0.312734
vn -0.800887 -0.220678 -0.556669
v -0.059930 -0.237314 -0.350211
vn -0.751291 -0.633186 -0.186110
v -0.059285 -0.294031 -0.294606
vn -0.892866 -0.398289 -0.210132
v -0.066880 -0.278858 -0.304615
vn -0.848178 -0.528405 -0.037187
v -0.066215 -0.286685 -0.279363
vn -0.664257 -0.745292 0.057464
v -0.053607 -0.301671 -0.268457
vn -0.565299 -0.811413 -0.148479
v -0.050245 -0.303250 -0.294228
vn -0.986071 0.157050 0.054765
v -0.067289 -0.164784 -0.243378
vn -0.963354 -0.121101 0.239342
v -0.070136 -0.243082 -0.222478
vn -0.268066 -0.826058 0.495751
v -0.024616 -0.304281 -0.230394
vn -0.244159 -0.764561 0.596517
v -0.022008 -0.292635 -0.213846
vn -0.247747 -0.684541 0.685584
v -0.021437 -0.272984 -0.190498
vn -0.460828 -0.834531 0.301987
v -0.037882 -0.306336 -0.246611
vn -0.422360 -0.777905 0.465269
v -0.036683 -0.299172 -0.231142
vn -0.359393 -0.720619 0.592912
v -0.034978 -0.289112 -0.216176
vn -0.501324 -0.664831 0.553782
v -0.044982 -0.284286 -0.217087
vn -0.427222 -0.572387 0.699896
v -0.041653 -0.261369 -0.190787
vn -0.651700 -0.707968 0.272154
v -0.054928 -0.295657 -0.248839
vn -0.595607 -0.686406 0.417252
v -0.051797 -0.289844 -0.232843
vn -0.660212 -0.555146 0.505899
v -0.053934 -0.277941 -0.219095
vn -0.631950 -0.503733 0.588976
v -0.049340 -0.257300 -0.194346
vn -0.788191 -0.477277 0.388537
v -0.062683 -0.272658 -0.226643
vn -0.769802 -0.382298 0.511129
v -0.058532 -0.251305 -0.201926
vn -0.933501 -0.261329 0.245525
v -0.070118 -0.268406 -0.242156
vn -0.886771 -0.272739 0.373163
v -0.066647 -0.252348 -0.216885
vn -0.971145 -0.119130 -0.206606
v -0.075841 -0.225673 -0.274503
vn -0.302689 0.037571 -0.952349
v -0.018462 -0.196182 -0.382482
vn -0.747028 -0.556570 0.363565
v -0.074380 -0.228530 -0.246277
vn -0.986337 -0.038965 0.160064
v -0.072369 -0.225287 -0.227647
vn -0.976851 0.037048 0.210688
v -0.067850 -0.212584 -0.205020
vn -0.951741 -0.271713 0.142695
v -0.089641 -0.242055 -0.249935
vn -0.966149 0.226862 -0.122842
v -0.073947 -0.206664 -0.250180
vn -0.966703 0.218249 -0.133617
v -0.073519 -0.198999 -0.241328
vn -0.419338 0.864220 -0.277992
v -0.033902 -0.129122 -0.329030
vn -0.285597 -0.904022 0.318086
v -0.026012 -0.311225 -0.245833
vn -0.306086 -0.613447 -0.728007
v -0.029194 -0.287613 -0.343734
vn -0.370681 -0.298350 -0.879536
v -0.034980 -0.232185 -0.372078
vn -0.117019 -0.985583 0.122201
v -0.013667 -0.317562 -0.262981
vn -0.167057 -0.368201 -0.914615
v -0.014444 -0.245501 -0.372908
vn -0.139870 -0.952260 -0.271361
v -0.014741 -0.313281 -0.306433
vn -0.101604 -0.846700 0.522280
v -0.010080 -0.306990 -0.229556
vn -0.024246 -0.684838 0.728292
v -0.002655 -0.276573 -0.190604
vn 0.138911 -0.645246 0.751240
v 0.012824 -0.253418 -0.176101
vn 0.072490 -0.789138 0.609924
v 0.005289 -0.296495 -0.213712
vn -0.065892 -0.940638 0.332954
v -0.008908 -0.314381 -0.245049
vn 0.000235 -0.956725 -0.290993
v -0.000795 -0.313937 -0.308266
vn 0.067828 -0.543938 0.836379
v 0.009941 -0.262786 -0.181183
vn -0.212005 -0.577100 0.788676
v -0.021317 -0.256566 -0.179687
vn -0.947073 0.238614 -0.214747
v -0.066138 -0.181092 -0.330489
vn -0.735117 0.617345 -0.280157
v -0.057760 -0.129233 -0.276874
vn -0.004067 -0.431330 -0.902185
v -0.000795 -0.256715 -0.369511
vn -0.157903 -0.540458 0.826421
v -0.014959 -0.266683 -0.183824
vn -0.919373 -0.158060 -0.360236
v -0.066350 -0.239347 -0.336210
vn -0.628267 -0.383164 -0.677101
v -0.049275 -0.259752 -0.349635
vn -0.474888 -0.440177 -0.762054
v -0.038452 -0.265055 -0.354923
vn -0.301054 -0.453523 -0.838859
v -0.028456 -0.260709 -0.362230
vn -0.180731 -0.493012 -0.851044
v -0.014219 -0.266263 -0.362793
vn -0.056271 -0.591852 -0.804080
v -0.006430 -0.280015 -0.355654
vn -0.992227 -0.084533 -0.091325
v -0.074668 -0.248971 -0.299379
vn -0.830755 -0.323665 -0.452866
v -0.062504 -0.265427 -0.331289
vn -0.771435 -0.509273 -0.381483
v -0.061034 -0.280932 -0.319882
vn -0.616651 -0.655558 -0.435872
v -0.050240 -0.289756 -0.325461
vn -0.367134 -0.760978 -0.534907
v -0.032614 -0.299442 -0.328079
vn -0.143519 -0.767758 -0.624460
v -0.015824 -0.296897 -0.338019
vn -0.804348 -0.034209 -0.593173
v -0.059473 -0.218777 -0.355831
vn -0.186855 -0.195241 -0.962791
v -0.014291 -0.223840 -0.380120
vn -0.000689 -0.260263 -0.965538
v -0.000798 -0.225405 -0.381008
vn -0.402554 -0.100338 -0.909881
v -0.035168 -0.211986 -0.375982
vn -0.038323 0.050290 -0.997999
v -0.004022 -0.195478 -0.384754
vn -0.294094 0.370607 -0.880999
v -0.027112 -0.174319 -0.376366
vn -0.957116 -0.172451 -0.232787
v -0.071572 -0.259394 -0.308591
vn -0.940882 -0.017955 -0.338258
v -0.067928 -0.216905 -0.339202
vn -0.432780 -0.899997 -0.052021
v -0.040186 -0.309874 -0.284681
vn -0.327387 -0.943216 -0.056227
v -0.028457 -0.314554 -0.282369
vn -0.957396 -0.281343 -0.065112
v -0.071556 -0.274503 -0.285280
vn -0.177465 -0.980708 -0.081961
v -0.014195 -0.318068 -0.281769
vn -0.882116 -0.446285 0.150666
v -0.069334 -0.278918 -0.253594
vn -0.463649 -0.877905 0.119633
v -0.039183 -0.309154 -0.261969
vn -0.312221 -0.943457 0.111384
v -0.027345 -0.314944 -0.263680
vn 0.071077 -0.989698 0.124278
v 0.007244 -0.318113 -0.262242
vn -0.212728 0.616221 0.758300
v -0.011186 -0.073831 -0.197196
vn -0.620515 0.722241 -0.305498
v -0.029810 -0.108505 -0.266872
vn -0.356988 0.484922 0.798380
v -0.021435 -0.119163 -0.187299
vn -0.622102 0.332026 0.709047
v -0.059524 -0.138761 -0.198677
vn -0.986472 -0.055035 0.154416
v -0.067981 -0.173543 -0.220105
vn -0.818569 0.113170 0.563149
v -0.062754 -0.150639 -0.197389
vn -0.930125 0.348579 0.115590
v -0.062082 -0.135298 -0.208065
vn -0.928438 0.371468 0.003781
v -0.059685 -0.134606 -0.240159
vn -0.978492 0.203072 -0.036279
v -0.069798 -0.162266 -0.270927
vn -0.859390 0.222904 -0.460176
v -0.060367 -0.182496 -0.348167
vn -0.976748 0.119331 0.178112
v -0.060499 -0.187784 -0.202109
vn -0.942927 0.111336 0.313837
v -0.067029 -0.184431 -0.224336
vn -0.472414 0.845109 -0.250230
v -0.015936 -0.084034 -0.230127
vn -0.242084 0.945574 -0.217450
v -0.015584 -0.071516 -0.216195
vn -0.716530 0.684111 -0.136293
v -0.043118 -0.106392 -0.238051
vn -0.059457 0.996102 -0.065164
v -0.005588 -0.079418 -0.252866
vn -0.863463 0.429108 -0.265138
v -0.084866 -0.217323 -0.236148
vn 0.589793 -0.775316 0.225896
v -0.082236 -0.241436 -0.244755
vn -0.917894 0.385695 0.093327
v -0.080749 -0.219723 -0.268800
vn -0.343848 -0.351584 0.870722
v -0.083375 -0.218595 -0.224969
vn -0.657995 -0.111086 0.744783
v -0.073078 -0.208470 -0.231485
vn -0.846233 0.437511 -0.304093
v -0.076749 -0.220572 -0.241692
vn -0.505397 -0.492686 -0.708402
v -0.087145 -0.235650 -0.271184
vn -0.860086 0.492351 -0.133577
v -0.087049 -0.234713 -0.258295
vn -0.714012 0.680183 -0.165947
v -0.053380 -0.141944 -0.319090
vn -0.426214 0.860018 -0.280553
v -0.045773 -0.138103 -0.299745
vn 0.523518 -0.495403 0.693185
v -0.008174 -0.090459 -0.248323
vn 0.674856 0.734895 -0.067076
v 0.003867 -0.075952 -0.287069
vn 0.400717 0.795937 -0.453773
v 0.002478 -0.121327 -0.315258
vn -0.593400 0.657248 -0.464651
v -0.004869 -0.081199 -0.293248
vn -0.042507 0.476157 -0.878332
v -0.005324 -0.165965 -0.377661
vn -0.133824 0.715540 -0.685634
v -0.012050 -0.143656 -0.358343
vn -0.513885 0.776117 -0.365464
v -0.005805 -0.121894 -0.313053
vn -0.713278 0.417637 -0.562862
v -0.050721 -0.169438 -0.355012
vn -0.966195 0.094802 0.239750
v -0.062252 -0.192430 -0.214660
vn -0.484135 0.566154 -0.667146
v -0.036991 -0.155710 -0.358820
vn -0.525620 0.272045 -0.806049
v -0.036152 -0.176977 -0.372531
vn -0.624208 0.088250 -0.776258
v -0.044961 -0.195892 -0.370680
vn -0.555638 0.651365 -0.516711
v -0.017779 -0.133635 -0.296236
vn -0.237851 0.964301 -0.116403
v -0.008658 -0.092286 -0.268721
vn 0.000000 0.447214 -0.894427
v -0.008171 -0.107478 -0.275638
vn 0.000000 0.447214 -0.894427
v -0.004420 -0.092568 -0.281258
vn -0.371141 0.903202 0.215593
v -0.031659 -0.135198 -0.309085
vn 0.604623 -0.476059 0.638591
v -0.023473 -0.103979 -0.253280
vn 0.675734 -0.458747 -0.577004
v -0.016711 -0.100101 -0.227691
vn 0.014587 -0.568732 0.822394
v 0.000385 -0.095060 -0.258512
vn 0.324209 -0.759586 -0.563842
v -0.010013 -0.095542 -0.224347
vn 0.607916 -0.763657 -0.217407
v -0.019662 -0.093422 -0.237946
vn 0.888476 -0.388857 0.243723
v -0.028141 -0.109020 -0.247918
vn 0.296910 -0.349980 -0.888458
v -0.012055 -0.110830 -0.215679
vn 0.301199 -0.028520 0.953135
v -0.010952 -0.115737 -0.262522
vn 0.286739 0.634119 0.718104
v -0.014511 -0.145806 -0.254995
vn 0.820531 0.567842 0.065447
v -0.028015 -0.145161 -0.244064
vn 0.836961 0.130938 0.531368
v -0.030715 -0.134594 -0.247974
vn -0.073621 0.300432 0.950958
v 0.000094 -0.133361 -0.261478
vn 0.910164 -0.171926 -0.376886
v -0.030083 -0.120603 -0.229443
vn 0.688791 -0.083101 0.720181
v -0.024588 -0.113597 -0.254696
vn 0.468584 0.877128 0.105240
v -0.012921 -0.155578 -0.232634
vn 0.860179 -0.124688 -0.494514
v -0.017105 -0.141813 -0.210379
vn 0.604507 0.785239 -0.134056
v -0.014090 -0.154312 -0.212884
vn 0.708182 -0.704896 -0.039997
v -0.014267 -0.139507 -0.200769
vn 0.825895 0.503702 -0.253339
v -0.012181 -0.151172 -0.195533
vn 0.100445 0.967262 -0.233057
v -0.002732 -0.152692 -0.194913
vn 0.563665 0.695840 -0.445071
v 0.050832 -0.126986 -0.281933
vn 0.768270 0.595148 -0.235712
v 0.050497 -0.140460 -0.320946
vn 0.715581 0.671921 -0.190960
v 0.047543 -0.116681 -0.255011
vn 0.655336 -0.516690 0.550969
v 0.044726 -0.235787 -0.176843
vn 0.949002 0.121543 -0.290898
v 0.073334 -0.216675 -0.272708
vn 0.915480 -0.092014 -0.391701
v 0.063998 -0.226274 -0.343220
vn 0.348845 -0.566460 0.746613
v 0.035155 -0.251317 -0.181507
vn 0.121536 -0.860451 0.494826
v 0.010616 -0.306958 -0.230070
vn 0.318362 -0.680911 -0.659550
v 0.027568 -0.290619 -0.340575
vn 0.299131 -0.921080 -0.249262
v 0.030119 -0.309724 -0.304527
vn 0.576584 -0.543372 -0.610162
v 0.046552 -0.283064 -0.335064
vn 0.540278 -0.778249 -0.320045
v 0.044604 -0.300442 -0.312715
vn 0.555113 -0.819371 -0.143112
v 0.048645 -0.303231 -0.294216
vn 0.791743 -0.275237 -0.545333
v 0.058585 -0.251718 -0.342600
vn 0.769411 -0.521228 -0.369226
v 0.059257 -0.282771 -0.317168
vn 0.752830 -0.636953 -0.165944
v 0.057683 -0.294009 -0.294586
vn 0.900244 -0.429548 -0.071061
v 0.066990 -0.281601 -0.287579
vn 0.590931 -0.803392 0.073219
v 0.047420 -0.305019 -0.268029
vn 0.312843 -0.943478 0.109442
v 0.025738 -0.314934 -0.263663
vn 0.367137 -0.927392 -0.071796
v 0.032392 -0.312697 -0.283747
vn 0.984775 -0.051552 0.166015
v 0.070336 -0.245889 -0.231878
vn 0.990033 -0.117967 0.076934
v 0.072693 -0.259685 -0.257701
vn 0.350054 -0.802387 0.483361
v 0.026845 -0.303328 -0.230933
vn 0.253709 -0.760861 0.597262
v 0.020376 -0.292627 -0.213838
vn 0.437751 -0.697698 0.567090
v 0.040397 -0.286482 -0.217236
vn 0.593136 -0.684892 0.423217
v 0.050170 -0.289826 -0.232824
vn 0.648466 -0.564492 0.510725
v 0.052298 -0.277920 -0.219076
vn 0.929894 -0.343326 0.132001
v 0.070060 -0.272484 -0.255423
vn 0.918438 -0.263977 0.294598
v 0.067361 -0.261853 -0.230986
vn 0.954945 -0.013530 0.296474
v 0.064434 -0.171859 -0.208708
vn 0.501754 0.176430 -0.846827
v 0.035348 -0.184952 -0.375082
vn 0.966189 0.206279 -0.154686
v 0.065337 -0.178181 -0.320574
vn 0.830464 0.106169 -0.546862
v 0.058957 -0.202287 -0.353166
vn 0.789952 -0.145453 -0.595667
v 0.057954 -0.224203 -0.355130
vn 0.376675 -0.063430 -0.924171
v 0.031617 -0.204279 -0.377627
vn 0.754051 -0.208827 0.622735
v 0.084016 -0.224369 -0.228677
vn 0.703031 -0.651017 0.286223
v 0.073521 -0.229535 -0.255522
vn -0.812725 -0.475703 0.336429
v 0.078273 -0.227668 -0.241051
vn 0.676606 0.556812 -0.481835
v 0.070297 -0.201351 -0.238641
vn 0.906000 0.366405 -0.211922
v 0.085023 -0.226358 -0.243749
vn 0.789398 0.462641 -0.403503
v 0.017531 -0.110840 -0.284348
vn 0.340321 -0.537176 -0.771767
v 0.027206 -0.275080 -0.353492
vn 0.383785 -0.235489 -0.892891
v 0.034167 -0.227060 -0.373090
vn 0.181114 -0.979997 -0.082482
v 0.012595 -0.318065 -0.281758
vn 0.216971 -0.924041 0.314757
v 0.019776 -0.312791 -0.245924
vn 0.146869 -0.610045 -0.778636
v 0.012381 -0.280724 -0.353493
vn 0.145766 -0.745229 -0.650681
v 0.013058 -0.292338 -0.342955
vn 0.136751 -0.869159 -0.475249
v 0.013101 -0.306330 -0.323981
vn 0.137945 -0.949971 -0.280227
v 0.013150 -0.313276 -0.306427
vn 0.336700 0.922449 -0.188998
v 0.030314 -0.127978 -0.328312
vn 0.014632 0.887206 -0.461141
v 0.010433 -0.128628 -0.336136
vn 0.947862 0.317420 -0.028331
v 0.059112 -0.184936 -0.182702
vn 0.917924 -0.196714 0.344557
v 0.064785 -0.240815 -0.209129
vn 0.525390 -0.542110 0.655807
v 0.043218 -0.259553 -0.191326
vn 0.240393 -0.656823 0.714699
v 0.017640 -0.273212 -0.189721
vn 0.998311 0.011247 -0.056994
v 0.074103 -0.236362 -0.292447
vn 0.586610 -0.310349 -0.748046
v 0.045915 -0.235896 -0.362617
vn 0.382809 -0.328067 -0.863614
v 0.032089 -0.238683 -0.370215
vn 0.183991 -0.350536 -0.918298
v 0.013355 -0.243268 -0.373770
vn 0.374726 -0.415983 -0.828576
v 0.031635 -0.255285 -0.363152
vn 0.972684 -0.201678 -0.114940
v 0.070985 -0.267053 -0.294627
vn 0.803883 -0.366465 -0.468481
v 0.059460 -0.268071 -0.331457
vn 0.577909 -0.424645 -0.696920
v 0.044863 -0.266843 -0.348309
vn 0.160609 -0.488287 -0.857777
v 0.012631 -0.266247 -0.362795
vn 0.891952 -0.383971 -0.238721
v 0.065276 -0.278836 -0.304586
vn 0.572624 -0.679551 -0.458597
v 0.047145 -0.291210 -0.325575
vn 0.295368 -0.828667 -0.475467
v 0.027438 -0.304498 -0.321859
vn 0.174665 -0.179261 -0.968172
v 0.012590 -0.222436 -0.380404
vn 0.627769 -0.090497 -0.773122
v 0.047828 -0.219649 -0.366791
vn 0.193408 0.053022 -0.979685
v 0.011985 -0.195584 -0.383410
vn 0.970722 -0.081396 -0.225992
v 0.070206 -0.232540 -0.323180
vn 0.966610 0.073401 -0.245515
v 0.068388 -0.210799 -0.330886
vn 0.777942 -0.376854 0.502780
v 0.056881 -0.251290 -0.201911
vn 0.794398 -0.472343 0.381869
v 0.061051 -0.272626 -0.226617
vn 0.807364 -0.587023 0.059731
v 0.062308 -0.290147 -0.264279
vn 0.922210 -0.217508 -0.319717
v 0.066135 -0.258313 -0.321923
vn 0.736538 -0.624640 0.259491
v 0.059396 -0.289926 -0.249934
vn 0.491034 -0.818838 0.297304
v 0.042101 -0.303708 -0.247855
vn 0.471589 0.862917 -0.181595
v 0.015836 -0.073949 -0.215788
vn 0.982434 0.185809 -0.017269
v 0.068332 -0.162929 -0.270452
vn 0.729142 0.486936 0.480880
v 0.046183 -0.119674 -0.199379
vn 0.433334 0.740187 0.514145
v 0.015250 -0.077410 -0.197371
vn 0.233339 0.331850 0.914018
v 0.015620 -0.106113 -0.188529
vn 0.871199 0.451356 -0.193107
v 0.063488 -0.155781 -0.293500
vn 0.724208 0.219804 0.653612
v 0.057806 -0.143521 -0.196657
vn 0.983434 0.168473 0.066888
v 0.065581 -0.163621 -0.239712
vn 0.896599 0.209972 0.389900
v 0.053392 -0.170001 -0.192236
vn 0.324407 0.872694 -0.364919
v 0.016421 -0.084254 -0.229773
vn 0.927850 0.343766 0.144634
v 0.059491 -0.134307 -0.208636
vn 0.778085 0.628098 -0.008710
v 0.035324 -0.097094 -0.210609
vn 0.881298 0.266434 -0.390292
v 0.060187 -0.180771 -0.343373
vn 0.587956 0.464461 -0.662256
v 0.038199 -0.163535 -0.363530
vn 0.388303 0.887995 -0.246343
v 0.011921 -0.085201 -0.254420
vn -0.282000 -0.798927 0.531217
v 0.002662 -0.087983 -0.248557
vn 0.844598 0.526762 -0.095790
v 0.074787 -0.217620 -0.249720
vn 0.653713 0.725193 -0.216226
v 0.074504 -0.193369 -0.233541
vn -0.255670 -0.878184 -0.404260
v 0.082283 -0.241490 -0.266246
vn 0.868799 0.304482 -0.390485
v 0.084519 -0.225717 -0.273060
vn 0.975034 -0.100280 -0.198123
v 0.085651 -0.236764 -0.261923
vn 0.924199 -0.381617 0.014990
v 0.086886 -0.241691 -0.253265
vn -0.374983 -0.857833 0.351441
v 0.082841 -0.241809 -0.244964
vn 0.935176 0.226046 0.272669
v 0.065773 -0.192207 -0.226518
vn 0.982352 0.173691 0.069392
v 0.071068 -0.199375 -0.253601
vn -0.137466 0.115777 0.983717
v 0.071547 -0.198264 -0.221131
vn 0.376045 0.911538 -0.166400
v 0.044125 -0.137116 -0.300610
vn 0.653729 0.732402 -0.190330
v 0.012998 -0.100736 -0.270511
vn 0.219891 0.673987 -0.705258
v 0.022881 -0.151481 -0.361983
vn 0.908354 0.415681 -0.045860
v 0.060134 -0.135168 -0.262916
vn 0.185970 0.363430 -0.912871
v 0.007946 -0.170560 -0.378787
vn 0.443860 0.762869 -0.470127
v 0.014766 -0.130632 -0.297158
vn 0.929405 0.367260 0.036411
v 0.009833 -0.091512 -0.281980
vn 0.229440 0.961024 0.154243
v 0.028951 -0.137247 -0.308029
vn -0.707107 0.707107 0.000000
v 0.001801 -0.105110 -0.275994
vn -0.210503 -0.937504 -0.277082
v 0.009670 -0.090692 -0.238118
vn -0.695665 -0.702257 -0.151281
v 0.022509 -0.097905 -0.237147
vn -0.349039 -0.307572 -0.885196
v 0.011708 -0.113132 -0.215747
vn -0.806161 0.030300 -0.590920
v 0.017447 -0.141075 -0.213701
vn -0.550981 0.517993 0.654296
v 0.021063 -0.144108 -0.251639
vn -0.850226 0.024207 0.525861
v 0.027946 -0.123131 -0.250141
vn -0.421607 0.155171 0.893403
v 0.016350 -0.130734 -0.258412
vn -0.922309 0.385719 -0.023828
v 0.028692 -0.139964 -0.236926
vn -0.902908 -0.218320 -0.370261
v 0.027843 -0.117448 -0.229158
vn -0.748648 -0.435324 0.500019
v 0.024816 -0.105583 -0.251691
vn -0.555391 -0.594113 -0.581868
v 0.013995 -0.099537 -0.226914
vn -0.205403 -0.686698 -0.697320
v 0.004616 -0.095209 -0.223409
vn -0.297463 -0.082759 0.951140
v 0.008992 -0.112733 -0.262212
vn -0.084202 -0.512588 -0.854496
v 0.004812 -0.137549 -0.212660
vn -0.146336 0.776252 0.613204
v 0.006222 -0.149837 -0.251125
vn -0.592302 -0.740777 -0.316902
v 0.012412 -0.141084 -0.204898
vn -0.575783 0.812927 0.087314
v 0.018456 -0.150132 -0.241329
vn -0.082655 0.963701 0.253867
v 0.004100 -0.157195 -0.233956
vn -0.807754 0.552451 -0.205744
v 0.013619 -0.152953 -0.213020
vn -0.104228 0.990610 -0.088480
v 0.000262 -0.158531 -0.216449
vn -0.583989 0.776467 -0.236763
v 0.010563 -0.151514 -0.195290
vn 0.880330 0.473705 0.024929
v 0.055389 -0.128334 -0.231622
vn 0.029986 -0.734633 -0.677802
v -0.000791 -0.290635 -0.346391
vn -0.003503 -0.994873 -0.101073
v -0.000797 -0.319049 -0.284741
vn 0.008777 -0.596186 0.802798
v -0.113422 -0.174579 0.118967
vn 0.208927 -0.637862 0.741270
v -0.080430 -0.159311 0.126564
vn 0.335983 -0.667970 0.664027
v -0.062438 -0.167833 0.109996
vn 0.076315 -0.751447 0.655366
v -0.080168 -0.136633 0.149436
vn 0.104701 -0.692361 0.713914
v -0.111359 -0.186450 0.108502
vn 0.155080 -0.708344 0.688621
v -0.094976 -0.181784 0.109345
vn 0.403571 -0.867553 0.290658
v -0.159276 -0.249561 0.060474
vn -0.414309 0.891329 0.184068
v -0.223816 -0.140628 0.013679
vn -0.257214 0.829657 0.495489
v -0.207658 -0.137325 0.018819
vn -0.623549 0.768533 -0.143327
v -0.211005 -0.130877 -0.014345
vn -0.595504 0.779099 0.195910
v -0.204639 -0.126223 -0.001417
vn -0.595877 0.607387 -0.525369
v -0.191579 -0.125637 -0.040238
vn -0.629689 0.687735 -0.361266
v -0.213797 -0.136919 -0.025385
vn -0.584106 0.809859 -0.054304
v -0.236712 -0.145931 0.009739
vn -0.619437 0.758924 -0.200829
v -0.227601 -0.142286 -0.007893
vn -0.859349 0.507404 0.063721
v -0.190781 -0.110377 -0.008271
vn -0.672555 0.526986 0.519572
v -0.191146 -0.117209 0.004994
vn -0.434023 0.701841 0.564839
v -0.197000 -0.125968 0.010301
vn -0.155809 0.879566 0.449542
v -0.178658 -0.151905 0.047420
vn -0.727498 0.276127 -0.628092
v -0.162618 -0.038139 -0.032552
vn 0.297060 0.555288 0.776795
v -0.163084 -0.175719 0.086219
vn -0.461442 -0.227088 0.857614
v -0.154928 -0.184465 0.086297
vn -0.806090 -0.156454 0.570737
v -0.160889 -0.171468 0.085728
vn -0.558106 0.672992 0.485386
v -0.173671 -0.157890 0.064649
vn -0.650844 0.628868 -0.425354
v -0.218911 -0.145803 -0.030957
vn 0.022510 -0.038978 -0.998986
v -0.161382 -0.158913 -0.067673
vn -0.292011 0.262653 -0.919643
v -0.155255 -0.121270 -0.058814
vn -0.434583 0.405421 -0.804221
v -0.170336 -0.122863 -0.053581
vn -0.990099 0.089547 -0.108101
v -0.172701 -0.110408 0.100163
vn -0.155277 -0.485965 0.860074
v -0.120466 -0.151474 0.132366
vn -0.993887 0.074820 -0.081178
v -0.159927 -0.072445 0.078305
vn -0.992171 0.111430 0.056388
v -0.161230 -0.087045 0.065717
vn -0.981056 0.111735 -0.158255
v -0.169777 -0.124634 0.078647
vn -0.998226 0.047905 0.035361
v -0.170218 -0.140160 0.064967
vn -0.970255 -0.231548 0.070649
v -0.168293 -0.151858 0.079786
vn -0.918434 -0.171523 0.356454
v -0.173258 -0.122401 0.111736
vn -0.885116 -0.337103 0.320828
v -0.167431 -0.148671 0.106862
vn -0.925996 -0.357824 0.120386
v -0.166987 -0.153876 0.094056
vn -0.618769 -0.329184 0.713276
v -0.160461 -0.120487 0.129729
vn -0.449747 -0.405425 0.795838
v -0.144094 -0.134009 0.132830
vn -0.426198 -0.424340 0.798931
v -0.145669 -0.144329 0.127119
vn -0.714811 -0.495997 0.492983
v -0.159243 -0.168645 0.102168
vn -0.771270 -0.524582 0.360494
v -0.152853 -0.183567 0.094207
vn -0.556066 -0.621310 0.552055
v -0.144171 -0.198424 0.088085
vn 0.861091 -0.164439 0.481126
v -0.142730 -0.216989 0.079222
vn 0.594960 -0.223801 0.771968
v -0.145495 -0.202822 0.082550
vn -0.223725 -0.700563 0.677612
v -0.127780 -0.215979 0.079848
vn 0.318823 -0.587144 0.744052
v -0.139104 -0.221059 0.070535
vn -0.058785 -0.845262 -0.531109
v -0.172357 -0.248948 -0.000950
vn 0.073446 -0.823636 -0.562343
v -0.159721 -0.242956 -0.009076
vn 0.303970 -0.915949 -0.261992
v -0.128174 -0.241840 0.005398
vn 0.161354 -0.967858 -0.192915
v -0.116963 -0.238967 0.005669
vn 0.035548 -0.988981 -0.143711
v -0.101463 -0.235277 -0.004549
vn 0.450007 -0.811262 0.373292
v -0.125872 -0.239914 0.049292
vn 0.411287 -0.875344 0.254195
v -0.132599 -0.246835 0.039163
vn 0.425916 -0.728976 0.535901
v -0.140063 -0.240671 0.056433
vn 0.301953 -0.712249 0.633660
v -0.118488 -0.220286 0.075293
vn 0.391419 -0.788288 0.474756
v -0.105284 -0.226325 0.054748
vn 0.037198 -0.760456 0.648323
v -0.123435 -0.224242 0.071627
vn 0.373539 -0.827152 0.419867
v -0.112881 -0.230803 0.057548
vn 0.298406 -0.920758 0.251312
v -0.104586 -0.236892 0.027543
vn 0.421185 -0.862339 0.281022
v -0.119784 -0.237760 0.041751
vn 0.281409 -0.949568 0.138311
v -0.168325 -0.255042 0.050938
vn 0.283503 -0.949623 0.133577
v -0.113151 -0.240501 0.028281
vn 0.294431 -0.945873 -0.136511
v -0.142502 -0.250955 0.018799
vn 0.183338 -0.982696 -0.026365
v -0.165201 -0.256208 0.027462
vn -0.219832 -0.846516 -0.484855
v -0.179522 -0.252553 0.007502
vn -0.300889 -0.785513 -0.540773
v -0.191314 -0.243285 0.000275
vn -0.335658 -0.743676 -0.578169
v -0.204337 -0.231954 -0.008173
vn -0.270090 -0.728984 -0.628994
v -0.186316 -0.224536 -0.027038
vn -0.326845 -0.634891 -0.700061
v -0.193627 -0.208354 -0.040671
vn -0.104569 -0.724288 -0.681522
v -0.168989 -0.219465 -0.038698
vn -0.086175 -0.471545 -0.877621
v -0.164302 -0.196936 -0.056861
vn -0.144411 -0.615170 -0.775056
v -0.133503 -0.208790 -0.048843
vn -0.210956 -0.774711 -0.596087
v -0.179704 -0.235049 -0.015930
vn -0.044062 -0.771714 -0.634442
v -0.166721 -0.229475 -0.025868
vn -0.048588 -0.761663 -0.646149
v -0.139956 -0.220107 -0.036875
vn 0.840041 0.393404 0.373583
v -0.153193 -0.195657 0.094719
vn -0.272306 0.067638 -0.959830
v -0.139880 -0.116636 -0.062761
vn -0.470645 0.262817 -0.842271
v -0.158264 -0.110537 -0.053751
vn -0.418325 0.133569 -0.898423
v -0.145556 -0.102559 -0.059210
vn -0.599966 0.295235 -0.743557
v -0.167545 -0.102307 -0.044579
vn -0.635413 0.498209 -0.589948
v -0.179343 -0.114703 -0.042609
vn -0.595653 0.437128 0.673882
v -0.187522 -0.121614 0.009987
vn -0.810765 0.413234 -0.414605
v -0.186765 -0.109898 -0.027806
vn -0.779185 0.229236 -0.583371
v -0.180087 -0.097178 -0.031450
vn -0.718050 0.651147 -0.245789
v -0.197926 -0.119670 -0.019863
vn -0.729547 0.081761 -0.679026
v -0.226290 -0.168927 -0.039146
vn -0.591967 0.066456 -0.803218
v -0.209852 -0.164060 -0.052355
vn -0.942097 0.192471 -0.274604
v -0.182285 -0.078559 -0.015920
vn -0.979684 0.180177 0.088061
v -0.186284 -0.088552 -0.001760
vn -0.931537 0.125891 0.341159
v -0.185209 -0.100585 0.011303
vn -0.577022 0.684684 0.445256
v -0.182809 -0.139719 0.022385
vn -0.689003 0.565060 0.453852
v -0.179576 -0.141936 0.031452
vn -0.927644 0.255030 0.272831
v -0.171740 -0.143358 0.056850
vn -0.900278 0.283818 -0.330072
v -0.176420 -0.050350 -0.016709
vn -0.956128 0.193386 0.220046
v -0.176510 -0.051902 0.007219
vn -0.924220 0.104286 0.367346
v -0.173748 -0.073107 0.025869
vn -0.960580 0.075216 0.267634
v -0.164253 -0.087169 0.050314
vn -0.851439 0.368003 -0.373666
v -0.164240 -0.020518 -0.019457
vn -0.951071 0.265026 0.158824
v -0.172773 -0.037747 0.006825
vn -0.946244 0.226319 0.231088
v -0.170334 -0.038388 0.019835
vn -0.963058 0.066595 0.260930
v -0.162820 -0.058525 0.052853
vn -0.119519 -0.270607 -0.955242
v -0.167673 -0.186368 -0.060222
vn -0.503100 -0.488844 -0.712686
v -0.220363 -0.199617 -0.032977
vn -0.291140 -0.228994 -0.928870
v -0.189239 -0.168824 -0.062003
vn -0.459100 -0.184030 -0.869115
v -0.207099 -0.172971 -0.053332
vn -0.427389 0.098131 -0.898726
v -0.195540 -0.156458 -0.060195
vn -0.184930 0.022174 -0.982502
v -0.175707 -0.157501 -0.066857
vn -0.509743 0.155694 -0.846122
v -0.142317 -0.075799 -0.057079
vn 0.034641 -0.123824 -0.991699
v -0.151917 -0.173623 -0.064435
vn -0.018478 -0.117506 -0.992900
v -0.132996 -0.175034 -0.063505
vn 0.122077 0.347533 -0.929687
v -0.035303 -0.019764 -0.074780
vn 0.005132 0.274271 -0.961639
v -0.045597 -0.033171 -0.079862
vn -0.986890 0.075664 -0.142556
v -0.170570 -0.072702 0.114245
vn -0.947194 -0.083436 0.309616
v -0.170704 -0.087017 0.127223
vn -0.712615 -0.284053 0.641477
v -0.156820 -0.081137 0.149686
vn -0.669776 -0.287281 0.684741
v -0.159150 -0.102649 0.137995
vn -0.482644 -0.382486 0.787883
v -0.148837 -0.110301 0.141262
vn -0.442272 -0.446002 0.778124
v -0.130321 -0.120544 0.146787
vn 0.274984 -0.750578 0.600846
v -0.110029 -0.210146 0.078502
vn 0.178640 -0.983193 -0.037684
v -0.102008 -0.237452 0.012482
vn 0.141883 -0.774335 0.616664
v -0.086903 -0.202150 0.085906
vn 0.351366 -0.725431 0.591854
v -0.074201 -0.195413 0.090000
vn 0.336374 -0.719690 0.607370
v -0.056091 -0.186355 0.085070
vn -0.205033 -0.616632 0.760083
v -0.098671 -0.112193 0.172037
vn -0.536806 -0.505171 0.675753
v -0.121133 -0.077638 0.185640
vn -0.420551 -0.552082 0.719960
v -0.113708 -0.114846 0.160638
vn -0.993130 0.025668 -0.114168
v -0.159439 -0.052033 0.084184
vn -0.998487 0.050826 0.020997
v -0.158925 -0.036250 0.067797
vn -0.993813 0.046706 0.100767
v -0.159690 -0.061203 0.067602
vn -0.556363 -0.429356 0.711416
v -0.135724 -0.097126 0.156910
vn -0.257135 -0.024024 -0.966077
v -0.117888 -0.109247 -0.069268
vn -0.369843 0.050907 -0.927698
v -0.119069 -0.081421 -0.068785
vn -0.065344 0.357798 -0.931510
v -0.055808 -0.006714 -0.071153
vn -0.245897 0.299563 -0.921844
v -0.083210 -0.019584 -0.070663
vn -0.446776 0.221539 -0.866783
v -0.119208 -0.030729 -0.061302
vn -0.180466 0.150272 -0.972034
v -0.074032 -0.055965 -0.081851
vn -0.354204 0.100491 -0.929753
v -0.101170 -0.064095 -0.075097
vn -0.423149 0.139745 -0.895219
v -0.119434 -0.050815 -0.065220
vn -0.342245 0.055560 -0.937967
v -0.097566 -0.108777 -0.073090
vn -0.362768 0.005138 -0.931865
v -0.124640 -0.139455 -0.066284
vn -0.307846 0.053659 -0.949922
v -0.113374 -0.121876 -0.069958
vn -0.148384 0.281070 -0.948146
v -0.065272 -0.024028 -0.075581
vn -0.249427 0.198578 -0.947815
v -0.084877 -0.046094 -0.077705
vn -0.100306 0.208622 -0.972839
v -0.058977 -0.048868 -0.082814
vn -0.328440 0.015846 -0.944392
v -0.107671 -0.135337 -0.075553
vn -0.971576 0.155097 0.178843
v -0.161193 -0.034170 0.049408
vn -0.955627 0.293595 -0.024053
v -0.152517 0.003351 0.049658
vn -0.867115 0.498087 0.004532
v -0.140809 0.029803 0.039631
vn -0.143482 -0.977583 -0.154093
v -0.098323 -0.233030 -0.017337
vn -0.149534 -0.985983 -0.074002
v -0.080092 -0.237508 -0.012979
vn 0.164100 -0.898371 0.407433
v -0.096278 -0.229923 0.041061
vn 0.279688 -0.881582 0.380247
v -0.076511 -0.229880 0.037410
vn 0.071596 -0.986235 0.149043
v -0.089748 -0.236594 0.021324
vn -0.072736 -0.997348 0.002628
v -0.080397 -0.237551 0.005018
vn 0.199102 -0.959442 0.199575
v -0.075926 -0.236093 0.017946
vn 0.275960 -0.891330 0.359690
v -0.061155 -0.228402 0.021095
vn 0.226411 -0.954396 0.194594
v -0.057118 -0.234831 0.002711
vn 0.389384 -0.863789 0.319764
v -0.045141 -0.225027 0.021562
vn 0.299891 -0.806844 0.508987
v -0.074578 -0.216114 0.061294
vn 0.091549 -0.989023 0.115985
v -0.072859 -0.238369 -0.001270
vn -0.303471 -0.049177 -0.951571
v -0.104531 -0.086876 -0.074420
vn 0.122120 0.357227 -0.926000
v -0.012551 -0.043863 -0.079518
vn -0.013118 0.229096 -0.973315
v -0.037221 -0.056293 -0.085452
vn -0.344217 0.148558 -0.927062
v -0.069301 -0.078613 -0.084393
vn -0.378169 0.184007 -0.907265
v -0.068219 -0.091029 -0.089246
vn -0.419284 0.035968 -0.907142
v -0.082250 -0.093860 -0.080274
vn -0.261311 0.037721 -0.964517
v -0.085339 -0.071340 -0.081133
vn 0.004543 0.337161 -0.941436
v -0.020314 -0.068287 -0.088666
vn -0.399055 0.066025 -0.914547
v -0.064122 -0.110272 -0.090300
vn -0.206395 0.207895 -0.956128
v -0.049429 -0.084432 -0.093909
vn 0.328779 -0.799132 0.503281
v -0.058818 -0.206224 0.061308
vn -0.108460 -0.611577 0.783715
v -0.112980 -0.149168 0.134068
vn -0.300719 -0.496545 0.814255
v -0.123422 -0.136176 0.140589
vn 0.047520 -0.685699 0.726333
v -0.081409 -0.123909 0.163252
vn -0.178001 -0.679851 0.711420
v -0.096829 -0.127310 0.158825
vn 0.105410 -0.686800 0.719163
v -0.079962 -0.146935 0.136249
vn -0.442999 -0.609003 0.657927
v -0.141590 -0.192502 0.097120
vn -0.316254 -0.526884 0.788909
v -0.129509 -0.167910 0.121583
vn -0.094662 -0.718199 0.689369
v -0.125189 -0.211798 0.085347
vn -0.987047 0.160188 0.008840
v -0.165170 -0.111957 0.065008
vn -0.154527 -0.643963 0.749288
v -0.128275 -0.191666 0.102849
vn -0.586746 -0.440880 0.679230
v -0.160987 -0.156460 0.109343
vn -0.704350 -0.340264 0.622986
v -0.165609 -0.139489 0.114725
vn -0.969997 -0.180536 0.162824
v -0.171731 -0.134139 0.105484
vn -0.985687 -0.167984 -0.014251
v -0.170804 -0.140702 0.087568
vn -0.993801 0.022526 -0.108869
v -0.173553 -0.124306 0.094708
vn 0.300418 -0.673651 0.675236
v -0.076212 -0.181682 0.105860
vn 0.302638 -0.709904 0.635961
v -0.116571 -0.205284 0.088928
vn 0.165297 -0.839738 0.517220
v -0.097499 -0.217880 0.065480
vn -0.011590 -0.967609 -0.252189
v -0.173963 -0.257052 0.016866
vn 0.191045 -0.919219 -0.344293
v -0.153724 -0.250099 0.004524
vn 0.356943 -0.934006 0.014987
v -0.123013 -0.243273 0.026851
vn 0.288445 -0.954127 0.080250
v -0.144957 -0.251957 0.030597
vn 0.580626 -0.714208 0.390873
v -0.149963 -0.240946 0.067306
vn 0.239755 -0.788811 0.565946
v -0.126048 -0.233223 0.061362
vn -0.187800 -0.627107 -0.755955
v -0.174729 -0.210817 -0.045029
vn -0.041562 -0.597419 -0.800852
v -0.160428 -0.205733 -0.050824
vn -0.029358 -0.268542 -0.962820
v -0.154242 -0.184125 -0.062467
vn -0.230456 -0.457546 -0.858803
v -0.180977 -0.195565 -0.054623
vn -0.580327 -0.215867 -0.785253
v -0.220838 -0.177287 -0.043371
vn -0.390521 -0.427276 -0.815431
v -0.199702 -0.195165 -0.047744
vn -0.303596 0.233094 -0.923849
v -0.047534 -0.099862 -0.093793
vn -0.413742 0.061731 -0.908299
v -0.087447 -0.114098 -0.080172
vn -0.897920 0.134051 0.419250
v -0.179006 -0.089628 0.021033
vn -0.945357 0.096084 0.311559
v -0.167232 -0.112689 0.047673
vn -0.954054 0.202816 0.220559
v -0.181948 -0.079710 0.009062
vn -0.967648 0.246646 0.053138
v -0.180197 -0.062530 -0.003785
vn -0.929462 0.215057 -0.299752
v -0.180096 -0.064628 -0.016009
vn -0.491194 0.044610 -0.869907
v -0.078700 -0.101784 -0.084655
vn -0.542717 0.237078 -0.805762
v -0.139294 -0.032043 -0.049749
vn -0.639934 0.199061 -0.742199
v -0.159271 -0.053234 -0.040792
vn -0.605108 0.165843 -0.778678
v -0.154911 -0.076302 -0.049092
vn -0.802992 0.195390 -0.563051
v -0.175327 -0.075244 -0.030433
vn -0.942321 0.270288 0.197424
v -0.189189 -0.105606 -0.000381
vn -0.944877 0.250976 -0.210283
v -0.188223 -0.101697 -0.013964
vn -0.240451 0.882970 0.403172
v -0.190880 -0.144545 0.028287
vn -0.114745 0.971814 0.205938
v -0.187883 -0.141298 0.033559
vn -0.184330 0.346757 -0.919664
v -0.155837 -0.132477 -0.063296
vn -0.366919 0.423145 -0.828444
v -0.186844 -0.147692 -0.061278
vn -0.566762 0.460228 -0.683353
v -0.209772 -0.151983 -0.049814
vn -0.738266 0.385476 -0.553508
v -0.224462 -0.156086 -0.037196
vn -0.446194 0.552427 -0.704085
v -0.191866 -0.140967 -0.052348
vn -0.579958 0.610625 -0.539246
v -0.207081 -0.141160 -0.040554
vn -0.714086 0.622404 -0.320459
v -0.231509 -0.148850 -0.013335
vn -0.943752 0.152005 0.293645
v -0.169208 -0.123215 0.044104
vn -0.803330 0.225262 -0.551288
v -0.168063 -0.052064 -0.032075
vn -0.964945 0.192830 -0.178038
v -0.167092 -0.112679 0.077403
vn -0.965958 0.160984 -0.202507
v -0.162187 -0.087283 0.083545
vn -0.961190 0.088769 -0.261218
v -0.162000 -0.060299 0.093579
vn -0.981654 0.129003 -0.140406
v -0.159787 -0.007935 0.096186
vn -0.971771 0.096361 -0.215351
v -0.164367 -0.030752 0.109197
vn -0.968118 0.168911 -0.184979
v -0.166508 -0.031137 0.118574
vn -0.989350 0.137576 -0.047533
v -0.156623 -0.014827 0.062568
vn -0.990537 0.042488 -0.130504
v -0.160467 -0.028828 0.089991
vn -0.940843 -0.109431 0.320687
v -0.169489 -0.063185 0.138140
vn -0.991943 0.085549 -0.093438
v -0.171194 -0.048128 0.125171
vn -0.338100 0.221756 -0.914611
v -0.100787 -0.037641 -0.070654
vn -0.023864 0.223764 -0.974351
v -0.033150 -0.080729 -0.095660
vn -0.010960 0.099921 -0.994935
v -0.144562 -0.134064 -0.063520
vn -0.948840 0.163299 0.270251
v -0.168070 -0.041947 0.031530
vn -0.390705 0.332933 -0.858199
v -0.112068 -0.010865 -0.058158
vn -0.566619 0.307669 -0.764384
v -0.137272 -0.015510 -0.045452
vn -0.234988 0.375406 -0.896578
v -0.087098 -0.000492 -0.062628
vn -0.948054 0.163587 0.272823
v -0.174128 -0.055813 0.019585
vn -0.956225 0.291603 -0.024503
v -0.174462 -0.040061 -0.006050
vn -0.886616 0.320789 -0.333176
v -0.171102 -0.035659 -0.017855
vn -0.736245 0.310798 -0.601122
v -0.157635 -0.026207 -0.032316
vn -0.941283 0.097898 0.323114
v -0.168905 -0.056980 0.033816
vn -0.104021 0.367453 -0.924207
v -0.038921 -0.068600 -0.087696
vn -0.180573 0.245978 -0.952307
v -0.053701 -0.072084 -0.087231
vn -0.210497 -0.107968 -0.971614
v -0.126938 -0.164336 -0.064518
vn -0.182361 -0.013503 -0.983139
v -0.135882 -0.130391 -0.064138
vn -0.858175 0.173254 0.483238
v -0.168518 -0.155126 0.074339
vn -0.304878 -0.929381 -0.208085
v -0.204366 -0.257650 0.041137
vn -0.760259 0.639917 -0.111855
v -0.247016 -0.154578 0.013947
vn -0.448101 0.861722 0.237993
v -0.242513 -0.152203 0.029192
vn -0.872128 0.138472 -0.469274
v -0.247828 -0.176464 -0.009707
vn -0.644255 -0.462197 -0.609351
v -0.236429 -0.205875 -0.014581
vn -0.015280 -0.999250 -0.035578
v -0.196580 -0.260082 0.049516
vn -0.435680 -0.886909 -0.153540
v -0.262820 -0.234118 0.109582
vn -0.470875 -0.881740 -0.028494
v -0.252658 -0.238823 0.100387
vn 0.378239 -0.811876 0.444739
v -0.179265 -0.244728 0.103166
vn 0.177345 -0.873957 0.452491
v -0.198895 -0.246657 0.110150
vn 0.613301 -0.573358 0.543251
v -0.176671 -0.235284 0.113010
vn 0.697599 -0.457584 0.551337
v -0.174479 -0.225244 0.119699
vn 0.798016 -0.215632 0.562738
v -0.162157 -0.209934 0.111919
vn -0.884526 -0.076552 -0.460168
v -0.273353 -0.197257 0.069803
vn -0.730262 0.658757 -0.180986
v -0.263833 -0.175341 0.062359
vn -0.225982 0.899538 0.373850
v -0.223078 -0.147608 0.033998
vn 0.634740 -0.625122 0.454233
v -0.165355 -0.241238 0.093096
vn 0.030709 -0.984184 0.174466
v -0.200677 -0.257636 0.080775
vn -0.947720 0.184336 -0.260476
v -0.261008 -0.182605 0.024767
vn -0.921876 0.323694 -0.212994
v -0.267239 -0.183157 0.054952
vn 0.141242 0.982505 0.121389
v -0.196593 -0.157671 0.081327
vn 0.237790 0.928735 0.284444
v -0.186464 -0.156515 0.068685
vn -0.468490 0.864677 -0.181247
v -0.251770 -0.167602 0.058987
vn -0.259436 0.927176 -0.270254
v -0.240200 -0.156952 0.073892
vn -0.387190 0.823892 -0.413868
v -0.265361 -0.160396 0.084382
vn -0.280827 0.959589 -0.018051
v -0.230976 -0.158850 0.060023
vn -0.070481 0.996586 0.043001
v -0.221048 -0.152085 0.069537
vn -0.332276 0.935738 0.118267
v -0.236060 -0.159924 0.053937
vn -0.009796 -0.952872 0.303214
v -0.208075 -0.254712 0.094712
vn 0.801032 0.448700 0.396252
v -0.169544 -0.181660 0.121313
vn 0.605388 0.772631 0.191171
v -0.179260 -0.167776 0.115958
vn -0.442827 -0.889847 -0.109894
v -0.220919 -0.253419 0.060529
vn -0.448329 -0.893716 -0.016533
v -0.235244 -0.247453 0.077723
vn -0.501705 -0.819753 -0.276219
v -0.237723 -0.239475 0.041145
vn -0.550984 -0.821605 -0.146228
v -0.246296 -0.239869 0.067656
vn -0.676844 -0.654826 -0.336281
v -0.250173 -0.222379 0.023847
vn -0.744423 -0.622972 -0.240295
v -0.258167 -0.224137 0.047611
vn 0.869117 0.166052 0.465899
v -0.157841 -0.196309 0.108878
vn 0.893439 -0.013654 0.448977
v -0.150418 -0.208984 0.096024
vn 0.800459 -0.318439 0.507802
v -0.149540 -0.221871 0.088378
vn 0.803500 0.198498 0.561236
v -0.184175 -0.189780 0.147552
vn -0.887938 -0.403193 -0.221364
v -0.268490 -0.217218 0.074013
vn 0.801807 -0.164897 0.574382
v -0.183591 -0.204379 0.146496
vn -0.778538 -0.601165 -0.180221
v -0.262921 -0.224660 0.067762
vn -0.869518 -0.422632 -0.255580
v -0.263789 -0.216558 0.048344
vn 0.177235 0.983891 0.023387
v -0.198759 -0.158124 0.101737
vn 0.123273 -0.985872 0.113399
v -0.192070 -0.258908 0.066868
vn -0.402994 -0.849522 -0.340453
v -0.204173 -0.253528 0.029168
vn -0.398766 -0.802591 -0.443659
v -0.212564 -0.240501 0.009846
vn -0.640999 -0.582613 -0.499682
v -0.243363 -0.214242 0.000493
vn -0.181532 -0.983300 0.012917
v -0.209082 -0.258896 0.066945
vn 0.441357 -0.849928 0.287796
v -0.171390 -0.250167 0.083352
vn 0.179919 -0.932014 0.314608
v -0.191954 -0.253063 0.093699
vn 0.257359 -0.935725 0.241216
v -0.182836 -0.255374 0.079496
vn -0.431211 -0.734954 -0.523355
v -0.218987 -0.229072 -0.002929
vn -0.524433 -0.750546 -0.402057
v -0.235111 -0.228966 0.013317
vn -0.599789 -0.750976 -0.276202
v -0.247373 -0.231184 0.037781
vn -0.658493 -0.720241 -0.218264
v -0.253173 -0.232153 0.056305
vn -0.653829 -0.742400 -0.146120
v -0.257749 -0.232725 0.076926
vn -0.805430 -0.474605 -0.355011
v -0.255575 -0.214821 0.023228
vn -0.969826 -0.053770 -0.237797
v -0.269469 -0.197639 0.051958
vn -0.812096 -0.433467 -0.390648
v -0.273302 -0.211022 0.078000
vn -0.901105 0.406449 -0.151029
v -0.259165 -0.171427 0.032402
vn -0.860717 0.391421 -0.325509
v -0.248567 -0.164679 -0.001207
vn 0.841258 0.130522 0.524642
v -0.168338 -0.193511 0.124276
vn 0.746203 0.441416 0.498330
v -0.184886 -0.177443 0.141132
vn 0.402381 0.901186 0.161101
v -0.196244 -0.160401 0.129696
vn 0.107249 0.991758 0.070103
v -0.230436 -0.156171 0.101560
vn -0.051492 0.995659 -0.077539
v -0.241533 -0.153524 0.090339
vn -0.956142 -0.135855 -0.259492
v -0.265364 -0.199081 0.033875
vn -0.877786 -0.202552 -0.434125
v -0.255639 -0.194652 0.005477
vn -0.004280 -0.963643 0.267160
v -0.225769 -0.242422 0.123331
vn 0.223508 -0.916076 0.332940
v -0.200702 -0.238095 0.126327
vn 0.446510 -0.742274 0.499657
v -0.191914 -0.233091 0.129909
vn -0.239831 -0.970740 -0.012027
v -0.245004 -0.240214 0.123780
vn -0.260537 -0.947708 0.184311
v -0.226292 -0.251457 0.096620
vn -0.261257 -0.961832 0.081389
v -0.216525 -0.255988 0.083297
vn 0.390013 0.912368 0.124396
v -0.186622 -0.161783 0.109806
vn 0.264924 0.961771 0.069362
v -0.199948 -0.158473 0.117375
vn 0.397496 0.912936 0.092432
v -0.185160 -0.161905 0.099814
vn 0.608606 0.709097 0.356063
v -0.187059 -0.167646 0.132910
vn 0.358960 -0.888961 0.284421
v -0.209643 -0.236759 0.138287
vn 0.676083 -0.507078 0.534588
v -0.193931 -0.218818 0.150075
vn 0.030757 0.999428 -0.014065
v -0.222589 -0.155775 0.123189
vn 0.291760 0.932944 0.210932
v -0.212919 -0.157099 0.144672
vn 0.499140 0.783307 0.370526
v -0.206138 -0.162602 0.152636
vn 0.678691 0.539141 0.498704
v -0.199755 -0.172666 0.158743
vn -0.572230 0.633031 -0.521368
v -0.268536 -0.169535 0.073595
vn -0.778240 0.378399 -0.501155
v -0.269212 -0.180446 0.064322
vn -0.606494 -0.717246 -0.343109
v -0.268967 -0.224847 0.093137
vn -0.711519 -0.399910 -0.577766
v -0.282407 -0.203708 0.085371
vn 0.144283 0.989077 0.030149
v -0.214358 -0.155652 0.132375
vn -0.310062 0.950687 0.007512
v -0.203848 -0.148566 0.047965
vn 0.795902 0.520149 0.309813
v -0.163394 -0.185264 0.108871
vn 0.124150 0.937227 0.325873
v -0.194039 -0.149643 0.055182
vn -0.431085 -0.662499 -0.612585
v -0.219443 -0.216747 -0.017851
vn -0.285403 -0.878345 -0.383479
v -0.190446 -0.254174 0.017576
vn 0.742483 -0.471421 0.475901
v -0.147198 -0.231993 0.074725
vn -0.740537 -0.192197 -0.643945
v -0.235932 -0.183689 -0.027999
vn 0.306839 0.835722 0.455432
v -0.169018 -0.170407 0.082896
vn 0.088139 0.991321 0.097539
v -0.246361 -0.155865 0.125020
vn -0.617814 -0.601309 -0.506688
v -0.283425 -0.214534 0.096955
vn -0.781259 -0.127455 -0.611056
v -0.289441 -0.195385 0.089593
vn -0.794896 0.144065 -0.589395
v -0.288478 -0.182253 0.087761
vn -0.713926 0.513334 -0.476232
v -0.285328 -0.169523 0.092625
vn -0.540091 0.749414 -0.382989
v -0.281326 -0.161457 0.098919
vn -0.553375 0.755100 -0.351567
v -0.303177 -0.161869 0.136230
vn 0.139907 0.985203 0.099003
v -0.260181 -0.152012 0.120968
vn -0.041903 0.998729 0.027997
v -0.245079 -0.156694 0.135874
vn 0.537708 -0.707063 0.459274
v -0.200658 -0.227857 0.146334
vn 0.668874 -0.520975 0.530276
v -0.207421 -0.215894 0.171229
vn 0.377347 -0.884861 0.273187
v -0.234835 -0.241283 0.163530
vn 0.459461 -0.657870 0.596743
v -0.226182 -0.224036 0.183030
vn 0.615498 -0.449728 0.647230
v -0.220171 -0.212806 0.188895
vn 0.768947 -0.042151 0.637922
v -0.214144 -0.197193 0.189288
vn -0.071028 -0.986873 -0.145042
v -0.254905 -0.244477 0.153231
vn -0.299898 0.945201 -0.129063
v -0.294620 -0.154845 0.143119
vn 0.018848 0.994895 0.099144
v -0.277001 -0.152458 0.141041
vn 0.044137 0.968308 0.245829
v -0.250447 -0.158721 0.182313
vn 0.593247 0.648614 0.476821
v -0.220124 -0.169992 0.181774
vn -0.804675 0.234756 -0.545333
v -0.301308 -0.186434 0.106015
vn -0.758857 -0.272938 -0.591304
v -0.315777 -0.204221 0.123664
vn 0.638715 -0.618511 0.457698
v -0.301970 -0.212984 0.252484
vn 0.812853 0.076085 0.577478
v -0.303536 -0.193740 0.269046
vn 0.475038 0.821901 0.314352
v -0.324431 -0.161524 0.260392
vn 0.237138 0.971196 0.023343
v -0.331007 -0.157792 0.244586
vn -0.766214 0.418391 -0.487715
v -0.368328 -0.189248 0.209130
vn -0.676274 0.518828 -0.522944
v -0.366346 -0.168092 0.225543
vn 0.590972 -0.741815 0.316959
v -0.319553 -0.226344 0.257606
vn -0.816994 0.443234 -0.368870
v -0.357696 -0.182158 0.196732
vn -0.526999 -0.343050 -0.777553
v -0.370708 -0.223493 0.209476
vn -0.283098 -0.717223 -0.636747
v -0.363138 -0.238699 0.216688
vn -0.719730 -0.274451 -0.637703
v -0.361410 -0.213792 0.198056
vn 0.302998 -0.882550 0.359579
v -0.306885 -0.233873 0.229607
vn 0.449671 -0.716473 0.533350
v -0.302598 -0.226993 0.236348
vn -0.005363 -0.915746 -0.401721
v -0.350668 -0.242305 0.216855
vn 0.566100 -0.296050 0.769341
v -0.270620 -0.201168 0.237367
vn 0.632286 0.142317 0.761552
v -0.291783 -0.187412 0.253057
vn 0.502835 0.524867 0.686783
v -0.264471 -0.179082 0.232104
vn 0.390668 0.845661 0.363643
v -0.309136 -0.163902 0.246401
vn 0.352134 0.839319 0.414180
v -0.290175 -0.167538 0.235848
vn -0.411480 0.867381 -0.279882
v -0.344521 -0.165489 0.202938
vn -0.170013 0.978032 -0.120615
v -0.330334 -0.160603 0.205006
vn -0.177508 0.939552 -0.292801
v -0.344091 -0.160790 0.214810
vn -0.471385 0.769199 -0.431426
v -0.354902 -0.165175 0.213198
vn 0.614447 0.558721 0.557033
v -0.310644 -0.175681 0.265081
vn 0.298779 0.950808 0.081826
v -0.342243 -0.152794 0.258915
vn 0.054715 0.981623 -0.182819
v -0.344463 -0.155633 0.234543
vn -0.636489 0.341104 -0.691758
v -0.383451 -0.203634 0.218725
vn 0.004399 0.997313 0.073120
v -0.275886 -0.159385 0.178276
vn 0.612951 -0.007345 0.790087
v -0.262591 -0.190623 0.234688
vn 0.577674 0.486469 0.655470
v -0.235096 -0.178903 0.206785
vn 0.275976 0.837484 0.471653
v -0.245526 -0.165808 0.199194
vn 0.115431 0.983577 0.138748
v -0.276590 -0.161227 0.202442
vn 0.052523 0.975714 0.212657
v -0.263127 -0.160192 0.188034
vn -0.416912 0.882536 -0.217518
v -0.312677 -0.159849 0.158244
vn -0.520897 0.799504 -0.299099
v -0.330887 -0.165121 0.171481
vn 0.015682 0.999246 0.035522
v -0.304025 -0.158796 0.203126
vn -0.747319 -0.387695 -0.539636
v -0.331928 -0.210604 0.148787
vn -0.766530 -0.423285 -0.482972
v -0.343256 -0.212470 0.167264
vn -0.799275 0.000819 -0.600964
v -0.336223 -0.198149 0.150620
vn -0.837420 -0.042888 -0.544875
v -0.346833 -0.200374 0.165658
vn -0.717749 0.437832 -0.541424
v -0.327776 -0.180150 0.147715
vn -0.806901 0.247685 -0.536249
v -0.346163 -0.186638 0.166936
vn -0.329488 -0.931640 -0.153248
v -0.307815 -0.234393 0.171348
vn -0.231605 -0.962201 -0.143278
v -0.310366 -0.235373 0.185000
vn -0.732050 0.537635 -0.418390
v -0.344882 -0.176110 0.173512
vn -0.614249 0.649094 -0.448748
v -0.324423 -0.169123 0.154901
vn -0.678604 0.626053 -0.384128
v -0.351108 -0.172215 0.198372
vn -0.820673 0.107035 -0.561284
v -0.363488 -0.196736 0.199478
vn -0.879926 0.198037 -0.431869
v -0.351632 -0.188681 0.175465
vn -0.863619 -0.189755 -0.467071
v -0.355481 -0.203292 0.182908
vn -0.698998 -0.513134 -0.498091
v -0.352630 -0.215333 0.187608
vn -0.745144 0.331210 -0.578844
v -0.337954 -0.184163 0.157286
vn -0.717900 0.504790 -0.479382
v -0.311738 -0.174140 0.130702
vn -0.798791 0.148980 -0.582870
v -0.321830 -0.192377 0.132392
vn -0.164427 0.986055 0.025674
v -0.298364 -0.155352 0.161848
vn -0.298589 0.949779 -0.093620
v -0.328006 -0.161484 0.183203
vn -0.625683 0.737628 -0.253821
v -0.343301 -0.169523 0.183996
vn -0.113893 0.993431 -0.011122
v -0.316458 -0.158962 0.191061
vn 0.012155 0.996222 0.085990
v -0.298270 -0.157283 0.176280
vn 0.025753 0.997617 -0.064010
v -0.327600 -0.157784 0.222320
vn 0.256820 -0.964882 0.055190
v -0.319408 -0.237762 0.227456
vn -0.217306 -0.944120 -0.247822
v -0.280689 -0.236303 0.133547
vn -0.235451 -0.870904 -0.431381
v -0.339695 -0.233272 0.199652
vn 0.085550 -0.987815 0.130012
v -0.309682 -0.236661 0.222372
vn 0.205862 0.967305 0.148125
v -0.313185 -0.159029 0.231888
vn 0.513248 0.584131 0.628783
v -0.296626 -0.175742 0.251338
vn 0.456220 -0.679002 0.575169
v -0.276291 -0.218311 0.227849
vn 0.253793 -0.872548 0.417432
v -0.259461 -0.242183 0.181049
vn 0.458093 -0.654616 0.601356
v -0.244532 -0.214509 0.202798
vn 0.574038 -0.440976 0.689942
v -0.251311 -0.202326 0.220296
vn 0.680760 -0.025037 0.732079
v -0.229851 -0.193347 0.206281
vn 0.571585 0.489342 0.658661
v -0.244138 -0.178522 0.214899
vn -0.208789 -0.977825 -0.016303
v -0.277492 -0.243051 0.178213
vn 0.045606 -0.976808 0.209205
v -0.267747 -0.244255 0.180091
vn 0.249547 -0.885700 0.391487
v -0.276017 -0.239666 0.195234
vn -0.077227 -0.992174 0.098115
v -0.287469 -0.240020 0.197364
vn -0.084138 -0.992931 -0.083719
v -0.311313 -0.237148 0.203186
vn 0.172988 0.971588 0.161531
v -0.293598 -0.161258 0.217865
vn 0.300563 0.870653 0.389391
v -0.266411 -0.167634 0.218312
vn 0.369123 -0.782960 0.500721
v -0.240707 -0.238516 0.176124
vn -0.040832 -0.998983 0.019103
v -0.263769 -0.245630 0.166962
vn -0.205179 -0.965790 -0.158590
v -0.278278 -0.240727 0.154064
vn -0.399949 -0.868172 -0.293799
v -0.293837 -0.234200 0.139614
vn 0.701841 0.359508 0.614958
v -0.222306 -0.181065 0.195458
vn 0.484455 0.693629 0.533087
v -0.233529 -0.168154 0.194694
vn 0.500561 -0.689584 0.523368
v -0.261986 -0.219471 0.213489
vn 0.404062 -0.707620 0.579661
v -0.250328 -0.224923 0.193188
vn 0.423800 -0.759298 0.493822
v -0.281900 -0.233130 0.212953
vn 0.161138 -0.975281 0.151197
v -0.248584 -0.245111 0.165021
vn -0.584796 -0.667329 -0.461179
v -0.315579 -0.217350 0.134502
vn -0.449541 -0.839754 -0.304508
v -0.316414 -0.226013 0.154407
vn 0.277124 -0.956995 -0.085803
v -0.335838 -0.243536 0.229302
vn -0.472560 -0.583079 -0.660837
v -0.356262 -0.227789 0.203035
vn 0.684931 -0.324184 0.652514
v -0.295203 -0.203327 0.253815
vn 0.418638 -0.873327 0.249083
v -0.324078 -0.238063 0.237718
vn 0.101076 -0.976008 -0.192852
v -0.328616 -0.237963 0.212595
vn -0.520243 -0.704056 -0.483376
v -0.346006 -0.225427 0.191558
vn -0.521006 -0.770943 -0.366334
v -0.340606 -0.222857 0.179561
vn -0.601054 -0.663825 -0.445050
v -0.327856 -0.219798 0.154471
vn -0.616434 -0.559214 -0.554337
v -0.306886 -0.212066 0.118801
vn 0.085925 -0.996231 0.011824
v -0.230810 -0.242435 0.135035
vn -0.038751 0.995440 0.087161
v -0.258666 -0.158036 0.175774
vn 0.009897 0.998777 0.048435
v -0.233064 -0.155471 0.147733
vn 0.288541 0.887057 0.360381
v -0.240719 -0.162114 0.189917
vn -0.647645 0.671012 -0.360970
v -0.293084 -0.166015 0.113192
vn -0.745896 0.490572 -0.450530
v -0.296294 -0.172893 0.108918
vn 0.163913 0.967212 0.193996
v -0.233543 -0.157409 0.164218
vn 0.423298 0.830111 0.362952
v -0.223824 -0.161657 0.170673
vn 0.783617 0.230415 0.576934
v -0.201915 -0.184830 0.170202
vn 0.788262 -0.190329 0.585165
v -0.200323 -0.200052 0.170285
vn 0.112575 0.983422 0.142157
v -0.272562 -0.158602 0.163683
vn -0.186003 0.975347 -0.118747
v -0.273092 -0.152061 0.120483
vn -0.350973 0.898151 -0.264844
v -0.273563 -0.154851 0.105884
vn 0.177864 -0.983740 0.024908
v -0.237095 -0.243767 0.149771
vn -0.149475 -0.969028 -0.196577
v -0.266704 -0.237787 0.134797
vn -0.528219 -0.706313 -0.471282
v -0.296246 -0.224260 0.123739
vn 0.535974 -0.722589 0.436574
v -0.215083 -0.226655 0.167487
vn -0.622816 0.477616 -0.619664
v -0.379737 -0.191132 0.226709
vn -0.522378 0.784939 -0.333153
v -0.377933 -0.158502 0.255021
vn -0.569101 0.640808 -0.515256
v -0.384354 -0.168137 0.246881
vn -0.537844 0.496094 -0.681626
v -0.388593 -0.182112 0.238474
vn -0.617861 -0.038557 -0.785341
v -0.372732 -0.214682 0.208820
vn 0.056232 0.969713 0.237686
v -0.356286 -0.152389 0.275436
vn 0.013560 0.994936 -0.099596
v -0.354541 -0.151102 0.250438
vn -0.282708 0.910519 -0.301716
v -0.361776 -0.153689 0.243089
vn -0.549830 0.721890 -0.420193
v -0.367360 -0.158562 0.239364
vn -0.416397 -0.531113 -0.737925
v -0.380129 -0.235685 0.221977
vn 0.575396 0.597916 0.558046
v -0.328918 -0.167815 0.274529
vn 0.390745 0.813285 0.431146
v -0.348177 -0.156230 0.281242
vn 0.514938 -0.570609 0.639722
v -0.272030 -0.211633 0.231647
vn 0.154585 -0.980289 -0.123033
v -0.355758 -0.249793 0.242077
vn 0.451959 -0.882124 0.132626
v -0.340087 -0.244439 0.251558
vn 0.816619 -0.332005 0.472129
v -0.306534 -0.205625 0.270111
vn 0.675156 0.371680 0.637196
v -0.311533 -0.188591 0.277912
vn 0.741740 -0.545435 0.390285
v -0.319526 -0.216889 0.285176
vn 0.608718 -0.749944 0.258934
v -0.321538 -0.223780 0.269486
vn 0.458604 -0.487279 0.743130
v -0.530309 -0.240351 0.418691
vn 0.412634 -0.727316 0.548401
v -0.546248 -0.242707 0.427039
vn 0.545224 -0.171313 0.820599
v -0.534409 -0.233444 0.424965
vn -0.590300 -0.575556 -0.565933
v -0.581110 -0.239286 0.405300
vn -0.352655 -0.855215 -0.379792
v -0.562054 -0.247538 0.399251
vn 0.106282 -0.984224 -0.141445
v -0.372956 -0.253613 0.261341
vn 0.350302 -0.924635 0.149461
v -0.369624 -0.253076 0.278098
vn 0.512456 0.245539 0.822861
v -0.529172 -0.218834 0.419319
vn -0.301508 -0.945539 -0.122677
v -0.575700 -0.248908 0.416626
vn 0.017495 0.968475 -0.248496
v -0.572890 -0.183682 0.400710
vn -0.297245 0.806849 -0.510530
v -0.577731 -0.186331 0.396870
vn 0.204813 0.978418 0.027404
v -0.558701 -0.185374 0.400084
vn 0.320896 0.910151 0.262013
v -0.548220 -0.188795 0.401904
vn 0.163609 0.950391 0.264554
v -0.510329 -0.192435 0.378130
vn 0.324585 0.775501 0.541519
v -0.510455 -0.198011 0.393096
vn -0.335071 0.775118 -0.535649
v -0.541636 -0.192670 0.367256
vn -0.102864 0.960325 -0.259220
v -0.538239 -0.189674 0.373430
vn 0.097563 0.994193 0.045400
v -0.531931 -0.189156 0.379968
vn 0.456246 -0.013114 0.889757
v -0.502203 -0.229009 0.406253
vn 0.409497 -0.431928 0.803586
v -0.508549 -0.238706 0.407104
vn -0.405594 0.752057 -0.519523
v -0.514451 -0.194482 0.345348
vn -0.007318 0.998326 0.057375
v -0.504868 -0.189308 0.359337
vn 0.162625 0.893068 0.419504
v -0.492001 -0.195842 0.378267
vn 0.231317 0.753405 0.615527
v -0.485978 -0.201838 0.384729
vn 0.256685 0.612583 0.747566
v -0.481905 -0.207488 0.388938
vn 0.317697 0.369893 0.873068
v -0.478025 -0.215706 0.393156
vn 0.401420 -0.006230 0.915873
v -0.476169 -0.226186 0.394860
vn 0.426147 -0.359242 0.830267
v -0.476600 -0.235710 0.393135
vn -0.544922 0.674049 -0.498716
v -0.496915 -0.193431 0.330722
vn -0.227375 0.956035 -0.185196
v -0.500082 -0.190019 0.343404
vn -0.101014 0.991385 0.083376
v -0.488098 -0.187539 0.347586
vn -0.009842 0.963674 0.266898
v -0.480723 -0.189428 0.357131
vn 0.062253 0.885949 0.459585
v -0.471485 -0.192823 0.368160
vn 0.114944 0.787747 0.605179
v -0.465910 -0.198510 0.376170
vn -0.223477 -0.961227 -0.161556
v -0.479245 -0.256859 0.350100
vn -0.257658 -0.930722 -0.259554
v -0.504447 -0.253661 0.364577
vn -0.478935 -0.657767 -0.581347
v -0.554411 -0.243910 0.386479
vn -0.306269 -0.882001 -0.358153
v -0.548680 -0.248410 0.390610
vn -0.650829 -0.229626 -0.723666
v -0.589738 -0.216786 0.402147
vn 0.133739 -0.930164 0.341918
v -0.546514 -0.249061 0.412326
vn -0.143841 -0.987384 -0.066200
v -0.550187 -0.251771 0.404192
vn -0.610846 -0.320122 -0.724147
v -0.496345 -0.228111 0.328424
vn -0.601525 -0.370804 -0.707582
v -0.515727 -0.232048 0.345565
vn -0.601421 -0.338589 -0.723636
v -0.534924 -0.226450 0.359478
vn -0.637763 -0.180814 -0.748709
v -0.500241 -0.214847 0.326125
vn -0.630180 -0.073551 -0.772957
v -0.528812 -0.211030 0.349800
vn -0.627432 0.002525 -0.778667
v -0.553934 -0.206488 0.369017
vn -0.659719 0.032131 -0.750825
v -0.584273 -0.200812 0.394886
vn -0.679655 0.127126 -0.722432
v -0.500326 -0.203414 0.325975
vn -0.589898 0.372769 -0.716284
v -0.517478 -0.201907 0.341612
vn -0.549474 0.371742 -0.748255
v -0.538246 -0.199151 0.358394
vn -0.556505 0.404683 -0.725626
v -0.570105 -0.194418 0.383672
vn -0.003897 -0.989825 0.142239
v -0.515212 -0.255380 0.384360
vn 0.014229 -0.987422 0.157467
v -0.491653 -0.256972 0.372649
vn 0.054235 -0.970469 0.235051
v -0.471241 -0.257955 0.361749
vn 0.199387 -0.865167 0.460142
v -0.512131 -0.250348 0.395480
vn 0.248131 -0.818938 0.517466
v -0.483946 -0.250838 0.382379
vn 0.277690 -0.785690 0.552793
v -0.464626 -0.250919 0.372187
vn 0.319589 -0.755128 0.572402
v -0.528381 -0.244541 0.412991
vn 0.321856 -0.694255 0.643754
v -0.500770 -0.243910 0.399150
vn 0.360671 -0.633014 0.684989
v -0.478640 -0.242737 0.389204
vn -0.385325 0.922715 -0.010992
v -0.398532 -0.166248 0.282912
vn -0.384043 0.916042 -0.115660
v -0.373081 -0.154088 0.261400
vn -0.506631 0.646159 -0.570791
v -0.406514 -0.182558 0.250324
vn 0.616292 0.437298 0.654947
v -0.330957 -0.188352 0.294473
vn 0.783845 -0.175039 0.595775
v -0.320510 -0.209160 0.292348
vn 0.569800 0.518676 0.637419
v -0.346732 -0.175338 0.299848
vn 0.339617 0.749612 0.568104
v -0.363207 -0.167840 0.305878
vn 0.496401 0.544659 0.675968
v -0.376233 -0.182945 0.331002
vn 0.619840 0.342618 0.705982
v -0.346857 -0.192583 0.312289
vn 0.609184 0.305583 0.731789
v -0.361183 -0.195731 0.325868
vn 0.660805 0.137776 0.737804
v -0.341944 -0.207296 0.313467
vn 0.622569 0.059980 0.780263
v -0.358213 -0.210101 0.327223
vn 0.469445 0.665836 0.579899
v -0.347028 -0.164671 0.290414
vn 0.145227 0.872989 0.465616
v -0.364417 -0.160833 0.295180
vn -0.127499 0.948706 0.289311
v -0.383483 -0.164046 0.302601
vn -0.226848 0.969226 0.095611
v -0.366274 -0.151949 0.266962
vn -0.230564 0.956329 0.179651
v -0.398938 -0.167864 0.304171
vn 0.514888 -0.820366 0.248778
v -0.353873 -0.243262 0.281109
vn 0.614342 -0.675652 0.407526
v -0.344365 -0.231898 0.305181
vn 0.217191 -0.969799 0.110986
v -0.399704 -0.259585 0.298622
vn 0.377721 -0.906031 0.190880
v -0.375176 -0.250340 0.293221
vn 0.009870 -0.985458 -0.169635
v -0.394347 -0.258428 0.280070
vn -0.140465 -0.963522 -0.227805
v -0.414828 -0.259572 0.292091
vn -0.357350 -0.721601 -0.592953
v -0.389192 -0.243905 0.233950
vn -0.474216 -0.697430 -0.537318
v -0.417642 -0.241840 0.253106
vn -0.542954 -0.287719 -0.788935
v -0.402065 -0.228334 0.230972
vn -0.661737 -0.263078 -0.702064
v -0.433122 -0.224355 0.254327
vn -0.578259 0.244047 -0.778497
v -0.411444 -0.207779 0.236969
vn 0.678555 -0.307592 0.667046
v -0.342406 -0.222075 0.313365
vn 0.606084 -0.301386 0.736090
v -0.358154 -0.223703 0.325748
vn 0.457463 -0.843615 0.281142
v -0.365694 -0.242729 0.310139
vn 0.545620 -0.620445 0.563335
v -0.362368 -0.236812 0.319895
vn -0.340842 0.934937 -0.098591
v -0.416328 -0.173735 0.287113
vn 0.568083 0.231440 0.789758
v -0.379918 -0.197731 0.342349
vn 0.582244 -0.280974 0.762919
v -0.372058 -0.223220 0.335824
vn -0.027076 0.932333 0.360585
v -0.382104 -0.165358 0.307468
vn -0.002015 0.919335 0.393470
v -0.453688 -0.187968 0.357158
vn 0.218944 0.603990 0.766328
v -0.438139 -0.199482 0.371732
vn 0.345553 0.269843 0.898765
v -0.449529 -0.210224 0.381486
vn 0.439196 -0.075287 0.895231
v -0.447011 -0.220901 0.381456
vn 0.458725 -0.326509 0.826416
v -0.445378 -0.231781 0.377909
vn -0.158042 0.987428 0.002880
v -0.448218 -0.177980 0.315933
vn 0.343453 0.581619 0.737400
v -0.399946 -0.189905 0.351619
vn -0.185598 0.981202 -0.052883
v -0.433067 -0.176363 0.303980
vn 0.511143 -0.104793 0.853084
v -0.406518 -0.214144 0.361161
vn -0.343113 0.886183 -0.311372
v -0.445687 -0.180480 0.290985
vn -0.535039 0.650016 -0.539640
v -0.453463 -0.189604 0.283552
vn 0.113625 -0.992745 -0.039318
v -0.414671 -0.260264 0.317298
vn -0.017999 -0.997323 -0.070876
v -0.433853 -0.261942 0.326187
vn -0.154231 -0.984331 -0.085470
v -0.457143 -0.260569 0.336616
vn -0.504610 -0.689406 -0.519700
v -0.472110 -0.251682 0.323210
vn -0.583961 -0.431058 -0.687880
v -0.490374 -0.237022 0.327030
vn -0.747647 -0.124437 -0.652334
v -0.486176 -0.207654 0.311920
vn -0.640706 0.213949 -0.737375
v -0.440624 -0.208043 0.260188
vn 0.191231 -0.951337 0.241639
v -0.423575 -0.260998 0.333566
vn 0.289658 -0.926709 0.239393
v -0.407832 -0.258786 0.324903
vn 0.303892 -0.948687 0.087426
v -0.390650 -0.255434 0.313320
vn 0.342840 -0.777792 0.526784
v -0.415648 -0.253169 0.344250
vn 0.403159 -0.748513 0.526489
v -0.400577 -0.251869 0.335711
vn 0.407806 -0.559611 0.721478
v -0.452267 -0.240189 0.376524
vn 0.421168 -0.554234 0.717943
v -0.411819 -0.239855 0.353660
vn 0.543866 -0.588719 0.598013
v -0.375403 -0.238895 0.329902
vn -0.405072 0.848032 -0.341701
v -0.425950 -0.179773 0.272668
vn -0.335554 0.922407 -0.191229
v -0.458191 -0.180756 0.307994
vn -0.514226 0.487611 -0.705555
v -0.407275 -0.195986 0.240377
vn -0.530403 0.579257 -0.618978
v -0.436098 -0.192047 0.266722
vn -0.544698 0.687522 -0.480226
v -0.464131 -0.187894 0.296393
vn -0.718518 0.290194 -0.632075
v -0.468813 -0.198769 0.293169
vn -0.774857 -0.137355 -0.617033
v -0.473823 -0.209389 0.296625
vn -0.751811 -0.056727 -0.656934
v -0.459112 -0.212214 0.278278
vn -0.660034 0.343697 -0.668002
v -0.454822 -0.201454 0.276116
vn -0.607186 -0.024438 -0.794184
v -0.413601 -0.217286 0.237344
vn -0.483783 0.783290 -0.390399
v -0.404683 -0.175271 0.259612
vn -0.151808 0.981615 0.115696
v -0.466000 -0.182597 0.331051
vn -0.105133 0.978139 0.179416
v -0.440249 -0.178910 0.327546
vn -0.207962 0.972643 0.103523
v -0.419560 -0.173830 0.315670
vn -0.462254 0.865367 -0.193550
v -0.401241 -0.169415 0.270360
vn -0.062010 0.943598 0.325235
v -0.434585 -0.182479 0.343931
vn 0.584707 0.177394 0.791612
v -0.553051 -0.218659 0.435413
vn 0.467869 -0.800707 0.374123
v -0.564810 -0.244041 0.443251
vn 0.156558 -0.965661 0.207337
v -0.560702 -0.246680 0.427118
vn -0.075102 -0.968571 -0.237127
v -0.385383 -0.253990 0.259497
vn -0.146232 -0.902937 -0.404131
v -0.377830 -0.248820 0.235746
vn -0.292812 -0.879556 -0.375024
v -0.400758 -0.249400 0.251951
vn -0.501606 -0.762267 -0.409073
v -0.424512 -0.245563 0.265630
vn 0.149765 -0.985320 -0.081942
v -0.382224 -0.256609 0.272084
vn -0.520885 -0.504176 -0.688829
v -0.406352 -0.236209 0.238135
vn 0.228107 -0.965876 0.122679
v -0.402903 -0.258231 0.306234
vn 0.029908 -0.999393 0.017870
v -0.428035 -0.260514 0.317855
vn -0.076830 -0.994167 -0.075694
v -0.435851 -0.261477 0.316239
vn -0.260533 -0.903302 -0.340833
v -0.429911 -0.258532 0.299963
vn -0.287261 -0.901275 -0.324320
v -0.416676 -0.252240 0.274884
vn -0.574976 -0.635930 -0.514777
v -0.451072 -0.241009 0.296336
vn -0.702568 -0.467558 -0.536458
v -0.451385 -0.228700 0.278984
vn -0.726243 -0.363426 -0.583518
v -0.469926 -0.220496 0.297315
vn -0.677966 -0.311461 -0.665849
v -0.483319 -0.220095 0.312454
vn -0.510052 -0.662999 -0.547977
v -0.496879 -0.245558 0.340384
vn -0.347169 -0.900513 -0.261822
v -0.465898 -0.257461 0.329748
vn -0.266076 -0.953905 -0.138812
v -0.469299 -0.256971 0.338165
vn -0.530615 -0.565880 -0.631053
v -0.452823 -0.246633 0.301813
vn -0.637868 -0.590084 -0.494899
v -0.460080 -0.234352 0.297762
vn -0.610919 -0.455829 -0.647300
v -0.467056 -0.235606 0.307618
vn -0.355291 -0.830062 -0.429843
v -0.453509 -0.255647 0.311652
vn -0.170852 -0.980818 -0.093836
v -0.450704 -0.260357 0.322204
vn 0.099400 -0.958859 0.265913
v -0.441696 -0.261083 0.343318
vn 0.304903 -0.755532 0.579832
v -0.441548 -0.252633 0.359034
vn 0.476307 -0.365031 0.799928
v -0.410712 -0.226221 0.360406
vn 0.435518 0.228474 0.870703
v -0.409659 -0.203064 0.363092
vn 0.071564 0.833788 0.547427
v -0.433449 -0.191433 0.361393
vn -0.418596 -0.765016 -0.489416
v -0.528973 -0.246026 0.369158
vn -0.343062 -0.883210 -0.319762
v -0.503469 -0.249740 0.353187
vn -0.558429 -0.499088 -0.662622
v -0.532599 -0.238413 0.365131
vn -0.614401 -0.293419 -0.732404
v -0.561246 -0.221886 0.378451
vn 0.412582 0.372693 0.831189
v -0.500462 -0.216706 0.402889
vn 0.369694 0.596505 0.712396
v -0.503774 -0.208003 0.399274
vn 0.465257 0.516311 0.718999
v -0.534876 -0.207833 0.417837
vn 0.563893 0.417679 0.712439
v -0.552852 -0.207979 0.431442
vn 0.450981 0.711770 0.538515
v -0.543776 -0.195387 0.412759
vn 0.637631 0.637062 0.433103
v -0.565325 -0.192571 0.430361
vn -0.096965 0.943048 0.318211
v -0.414825 -0.176892 0.333196
vn 0.168781 0.822988 0.542405
v -0.394905 -0.177415 0.336126
vn 0.593864 -0.015056 0.804424
v -0.379343 -0.212283 0.343565
vn 0.545449 -0.292590 0.785415
v -0.383876 -0.224568 0.344265
vn 0.483192 -0.546349 0.684126
v -0.391139 -0.240697 0.340799
vn 0.465521 -0.812705 0.350431
v -0.381800 -0.248965 0.322139
vn -0.418826 -0.803518 -0.423017
v -0.423621 -0.252038 0.281504
vn -0.617305 -0.545504 -0.566887
v -0.432496 -0.235168 0.260872
vn 0.077665 -0.995087 0.061405
v -0.410264 -0.260690 0.304397
vn 0.261369 0.962727 -0.069588
v -0.574709 -0.181471 0.412984
vn 0.471307 0.857604 0.205875
v -0.569264 -0.184979 0.419047
vn 0.552715 -0.792170 0.258793
v -0.338571 -0.241119 0.261601
vn 0.719464 0.253044 0.646792
v -0.569112 -0.208745 0.446532
vn -0.518608 0.372760 -0.769477
v -0.631846 -0.167037 0.439573
vn -0.003875 0.877031 -0.480418
v -0.590245 -0.177594 0.419672
vn -0.580217 0.107318 -0.807360
v -0.635576 -0.186342 0.437609
vn 0.347339 0.254859 0.902443
v -0.653255 -0.199305 0.489181
vn 0.486975 0.070217 0.870589
v -0.624697 -0.242792 0.495774
vn 0.409625 0.390667 0.824371
v -0.642943 -0.235296 0.499280
vn -0.459736 0.471167 -0.752758
v -0.601495 -0.186113 0.415190
vn -0.487840 0.268911 -0.830481
v -0.618284 -0.180256 0.428887
vn -0.354340 -0.817315 -0.454357
v -0.598559 -0.246550 0.436151
vn -0.618018 0.081299 -0.781949
v -0.611783 -0.198404 0.419453
vn -0.581376 -0.602130 -0.547212
v -0.592789 -0.233180 0.413957
vn 0.146169 0.795237 -0.588416
v -0.604100 -0.156841 0.438239
vn -0.599974 -0.289694 -0.745727
v -0.633744 -0.215572 0.439305
vn 0.483127 0.843102 -0.236151
v -0.584164 -0.176931 0.424472
vn 0.242770 -0.891504 0.382471
v -0.628276 -0.254767 0.492511
vn 0.375375 0.391518 0.840123
v -0.603673 -0.229152 0.478089
vn -0.889453 -0.447304 0.093767
v -0.664206 -0.219467 0.487990
vn -0.352824 -0.893051 -0.279242
v -0.639242 -0.254311 0.482426
vn -0.728365 0.067959 -0.681810
v -0.657805 -0.194965 0.454227
vn 0.511197 -0.344013 0.787612
v -0.636956 -0.252208 0.499869
vn -0.163519 -0.951602 -0.260220
v -0.603486 -0.252744 0.454398
vn -0.629827 0.561390 -0.536804
v -0.639418 -0.164027 0.448907
vn 0.580275 0.073217 0.811123
v -0.582345 -0.205738 0.460700
vn 0.669660 0.709454 -0.219615
v -0.587522 -0.164799 0.440709
vn 0.297561 0.114714 0.947786
v -0.616984 -0.207248 0.472546
vn 0.519686 0.313220 0.794871
v -0.663663 -0.175525 0.490050
vn 0.377948 0.351900 0.856342
v -0.640169 -0.227919 0.495376
vn 0.580358 -0.005532 0.814342
v -0.587784 -0.236815 0.471996
vn 0.480617 0.250035 0.840530
v -0.584718 -0.217372 0.464533
vn 0.728776 -0.108019 0.676179
v -0.564533 -0.235960 0.451482
vn 0.475100 -0.768956 0.427769
v -0.585801 -0.251348 0.462224
vn 0.426632 0.431582 0.794810
v -0.629426 -0.222124 0.483414
vn 0.828280 0.518960 0.211266
v -0.583812 -0.169627 0.452713
vn 0.788281 0.220617 0.574405
v -0.573301 -0.200514 0.451957
vn 0.217649 0.053299 0.974571
v -0.637778 -0.180292 0.478094
vn -0.661151 -0.512429 -0.547993
v -0.653867 -0.231482 0.469494
vn -0.545383 -0.646575 -0.533384
v -0.637017 -0.232249 0.455305
vn -0.417175 -0.837698 -0.352457
v -0.585311 -0.244787 0.425335
vn 0.678069 -0.204807 0.705887
v -0.557790 -0.237669 0.441509
vn -0.029073 -0.994119 -0.104319
v -0.579398 -0.248549 0.430952
vn 0.769567 0.623296 0.138813
v -0.574846 -0.185136 0.434340
vn -0.181362 0.969379 -0.165566
v -0.634425 -0.138202 0.472844
vn -0.360214 0.604318 -0.710666
v -0.618660 -0.159868 0.437689
vn 0.438871 -0.053022 0.896984
v -0.606865 -0.173251 0.476960
vn 0.322336 -0.686991 0.651263
v -0.627795 -0.166856 0.480956
vn 0.745846 0.282290 0.603346
v -0.617172 -0.153730 0.483010
vn 0.532219 0.843870 0.068014
v -0.605478 -0.148370 0.457498
vn 0.695004 0.420351 0.583331
v -0.601553 -0.156356 0.470228
vn 0.426647 0.840559 0.333816
v -0.625613 -0.142449 0.479962
vn -0.289498 -0.930981 -0.222406
v -0.636790 -0.168994 0.491714
vn -0.905326 0.349166 -0.241801
v -0.644860 -0.150628 0.466620
vn -0.700408 0.639107 0.317759
v -0.640191 -0.151310 0.494653
vn -0.889108 0.007758 0.457631
v -0.640968 -0.163016 0.477053
vn 0.961001 -0.191832 0.199193
v -0.618895 -0.172598 0.521554
vn 0.321301 0.690822 0.647712
v -0.625227 -0.157219 0.520566
vn 0.660504 -0.689934 -0.296185
v -0.624377 -0.167661 0.503134
vn -0.393653 0.117477 0.911721
v -0.635001 -0.175532 0.535464
vn -0.980807 0.003248 0.194953
v -0.642321 -0.162757 0.513696
vn 0.996905 0.067418 0.040435
v -0.620192 -0.157795 0.505143
vn 0.156297 -0.959511 0.234329
v -0.630659 -0.183975 0.525770
vn -0.944493 0.279337 -0.172925
v -0.671525 -0.194589 0.484171
vn -0.513553 -0.807249 -0.290883
v -0.688242 -0.189686 0.494454
vn -0.241624 0.970117 0.022140
v -0.665926 -0.166933 0.476153
vn -0.012249 -0.634614 0.772732
v -0.671266 -0.192647 0.490780
vn -0.745237 0.104521 -0.658557
v -0.670033 -0.176642 0.461524
vn 0.531320 -0.757153 0.380023
v -0.681819 -0.190866 0.512131
vn 0.724635 0.273662 0.632466
v -0.688236 -0.181092 0.522220
vn -0.654271 -0.730621 -0.195251
v -0.710626 -0.192817 0.530610
vn 0.473279 -0.161069 0.866062
v -0.710220 -0.189020 0.549411
vn -0.818199 0.561588 0.123164
v -0.716432 -0.181569 0.545732
vn 0.249957 0.884595 0.393717
v -0.692812 -0.174373 0.519507
vn -0.779683 0.488143 -0.392187
v -0.697559 -0.177205 0.505911
vn -0.732203 -0.425564 -0.531766
v -0.666974 -0.211848 0.461199
vn -0.548801 -0.734646 -0.398889
v -0.674390 -0.215349 0.481159
vn 0.265384 0.089749 0.959957
v -0.665770 -0.204334 0.494757
vn 0.284910 -0.872099 0.397831
v -0.668409 -0.216249 0.493423
vn -0.752606 0.356665 -0.553510
v -0.677903 -0.200778 0.480583
vn -0.757110 -0.072803 -0.649218
v -0.700381 -0.207829 0.499463
vn 0.428474 0.720812 0.544831
v -0.701943 -0.201578 0.525700
vn -0.543007 0.792236 -0.278399
v -0.710657 -0.200211 0.520156
vn -0.830414 -0.512946 -0.217482
v -0.738380 -0.209021 0.545333
vn 0.187864 0.644411 0.741244
v -0.729167 -0.208386 0.554108
vn 0.422174 -0.681438 0.597839
v -0.709281 -0.216662 0.536258
vn -0.509332 -0.769067 -0.386158
v -0.700956 -0.218525 0.507229
vn 0.249906 0.511526 0.822124
v -0.651448 -0.226867 0.497667
vn 0.611807 0.193862 0.766883
v -0.672970 -0.230116 0.520506
vn 0.199981 -0.912402 0.357115
v -0.674422 -0.239277 0.511251
vn -0.750654 0.207785 -0.627172
v -0.669153 -0.228101 0.488684
vn -0.018465 0.999789 0.008968
v -0.672401 -0.218753 0.504737
vn -0.344792 0.909709 0.231405
v -0.722705 -0.220187 0.547685
vn -0.706849 0.044765 -0.705946
v -0.693354 -0.226383 0.511013
vn -0.525798 -0.725326 -0.444340
v -0.677892 -0.237578 0.503135
vn 0.480066 0.591045 0.648230
v -0.703016 -0.221932 0.539888
vn 0.567364 -0.394158 0.723006
v -0.697189 -0.232407 0.538777
vn -0.849105 -0.525260 -0.055884
v -0.727524 -0.230362 0.546884
vn 0.205437 -0.223982 0.952695
v -0.715774 -0.231591 0.553962
vn -0.150142 -0.988658 0.003501
v -0.702057 -0.237691 0.534426
vn -0.559395 -0.727030 -0.398127
v -0.650916 -0.242777 0.489818
vn -0.862436 0.217342 -0.457128
v -0.684843 -0.248720 0.528219
vn 0.503865 0.593624 0.627479
v -0.665921 -0.243005 0.528757
vn 0.286413 -0.848421 0.445140
v -0.657147 -0.254861 0.517713
vn 0.306051 -0.367260 0.878324
v -0.687261 -0.242529 0.545939
vn 0.129867 -0.541844 0.830385
v 0.116525 -0.150750 0.133107
vn 0.002358 -0.658661 0.752436
v 0.106590 -0.150702 0.132941
vn -0.215909 -0.635679 0.741145
v 0.078595 -0.159361 0.126609
vn -0.359078 -0.658491 0.661402
v 0.059393 -0.165761 0.111373
vn -0.010723 -0.582830 0.812523
v 0.107945 -0.171975 0.120619
vn -0.445114 -0.676736 0.586432
v 0.060928 -0.187278 0.089596
vn -0.389655 -0.640995 0.661283
v 0.070330 -0.177104 0.108118
vn -0.277334 -0.895146 0.348998
v 0.157665 -0.249323 0.053085
vn -0.686991 -0.342250 0.641021
v 0.149415 -0.219743 0.080656
vn 0.004588 0.986374 0.164454
v 0.214075 -0.132211 0.017653
vn 0.023447 0.916873 0.398491
v 0.198753 -0.134043 0.019256
vn 0.547766 0.645805 -0.531872
v 0.200586 -0.139595 -0.041706
vn 0.528977 0.832924 -0.162544
v 0.201291 -0.126989 -0.017334
vn 0.351854 0.927122 -0.129009
v 0.216743 -0.131946 0.001088
vn 0.575534 0.750487 -0.324854
v 0.211774 -0.133316 -0.017785
vn -0.183907 0.975060 0.124243
v 0.180957 -0.138839 0.030645
vn 0.616474 0.758120 0.212634
v 0.192140 -0.119286 -0.007237
vn 0.878798 0.474383 0.051716
v 0.185294 -0.110685 -0.010980
vn 0.530673 0.640288 0.555354
v 0.186986 -0.120583 0.003984
vn 0.364769 0.814993 0.450255
v 0.177547 -0.139702 0.020070
vn 0.642022 0.647373 0.410751
v 0.174391 -0.142138 0.030188
vn 0.556664 0.718592 0.416834
v 0.173776 -0.150786 0.047639
vn -0.111465 0.852241 0.511136
v 0.171247 -0.160530 0.069851
vn 0.746595 0.273678 -0.606380
v 0.160826 -0.038188 -0.032202
vn 0.568477 0.291137 -0.769463
v 0.135615 -0.017186 -0.045851
vn -0.066308 0.997719 0.012663
v 0.195284 -0.141079 0.046418
vn -0.440230 0.863611 0.245711
v 0.183604 -0.144697 0.052291
vn -0.136425 -0.151371 0.979017
v 0.154450 -0.191528 0.087201
vn 0.017554 0.972423 0.232564
v 0.191311 -0.142605 0.029722
vn -0.098653 0.989545 0.105205
v 0.201668 -0.142602 0.040192
vn 0.087876 0.239663 -0.966871
v 0.151313 -0.132567 -0.062865
vn 0.341472 0.297292 -0.891636
v 0.154646 -0.116731 -0.056701
vn 0.431928 0.421751 -0.797223
v 0.167608 -0.122929 -0.053197
vn 0.989138 0.083038 -0.121288
v 0.170050 -0.110053 0.100626
vn 0.992334 0.072711 -0.099936
v 0.158343 -0.075108 0.081422
vn 0.065382 -0.285154 -0.956249
v 0.158654 -0.181361 -0.062048
vn 0.337947 0.004623 -0.941154
v 0.188093 -0.162225 -0.062265
vn 0.058050 -0.003597 -0.998307
v 0.136580 -0.147119 -0.062859
vn 0.313118 -0.449250 0.836739
v 0.130118 -0.148020 0.130671
vn 0.993946 0.042341 0.101381
v 0.157805 -0.060048 0.067879
vn 0.995068 0.090729 0.040110
v 0.159154 -0.087223 0.066060
vn 0.974533 0.127474 -0.184490
v 0.165697 -0.121495 0.076660
vn 0.991178 0.129382 -0.028748
v 0.161848 -0.109861 0.065599
vn 0.996988 0.039414 -0.066799
v 0.167315 -0.138113 0.072311
vn 0.992394 -0.103735 -0.066282
v 0.168288 -0.140244 0.087557
vn 0.966659 0.028981 0.254423
v 0.165485 -0.154471 0.076029
vn 0.909213 -0.174461 0.378015
v 0.170824 -0.122888 0.111735
vn 0.812034 -0.261757 0.521617
v 0.158849 -0.173617 0.089928
vn 0.621830 -0.334905 0.707931
v 0.158364 -0.120604 0.129981
vn 0.638955 -0.329180 0.695253
v 0.161090 -0.133167 0.120334
vn 0.433164 -0.415229 0.799971
v 0.142060 -0.134082 0.133006
vn 0.491515 -0.423853 0.760764
v 0.147393 -0.144114 0.125228
vn 0.698773 -0.457469 0.549944
v 0.158922 -0.166250 0.103783
vn 0.667942 -0.444770 0.596686
v 0.152156 -0.188453 0.089776
vn 0.312383 -0.640234 0.701796
v 0.136029 -0.198903 0.094455
vn 0.442888 -0.573260 0.689364
v 0.144934 -0.201692 0.086249
vn -0.229614 -0.507134 0.830718
v 0.143885 -0.217816 0.074298
vn -0.826888 -0.050636 0.560083
v 0.152832 -0.204899 0.087931
vn -0.425241 -0.521509 0.739729
v 0.142586 -0.224866 0.070164
vn -0.072984 -0.917785 -0.390313
v 0.124817 -0.232841 -0.015380
vn -0.444572 -0.802137 0.398663
v 0.127014 -0.239424 0.049744
vn -0.083368 -0.704190 0.705100
v 0.132277 -0.227707 0.067199
vn -0.199067 -0.733177 0.650249
v 0.120737 -0.222254 0.074275
vn -0.337426 -0.810271 0.479171
v 0.112983 -0.229014 0.061029
vn -0.298229 -0.816014 0.495157
v 0.125427 -0.231871 0.060596
vn -0.410292 -0.858070 0.308832
v 0.119889 -0.237815 0.041662
vn -0.290345 -0.911033 0.292779
v 0.101334 -0.235947 0.028972
vn -0.271426 -0.944930 0.182853
v 0.111717 -0.240428 0.029472
vn -0.378625 -0.887888 0.261340
v 0.132912 -0.246334 0.039696
vn -0.331820 -0.943311 -0.007709
v 0.123643 -0.244098 0.023942
vn -0.255093 -0.965958 0.043048
v 0.144235 -0.252010 0.025204
vn -0.102318 -0.994721 0.007754
v 0.170974 -0.256156 0.029759
vn -0.170837 -0.966079 -0.193665
v 0.115103 -0.239105 0.006425
vn -0.266159 -0.917848 -0.294473
v 0.126513 -0.241992 0.006042
vn -0.242349 -0.941943 -0.232400
v 0.149428 -0.250147 0.008351
vn 0.348054 -0.768454 -0.536970
v 0.195673 -0.240345 0.001157
vn 0.253927 -0.774623 -0.579206
v 0.180987 -0.237806 -0.010544
vn 0.601143 -0.576650 -0.553265
v 0.225142 -0.208155 -0.014618
vn 0.377626 -0.726267 -0.574399
v 0.199383 -0.226631 -0.014857
vn 0.276831 -0.722603 -0.633412
v 0.183956 -0.224248 -0.026739
vn 0.363362 -0.493603 -0.790142
v 0.194119 -0.198493 -0.046887
vn 0.110409 -0.724770 -0.680087
v 0.167206 -0.219520 -0.038035
vn 0.072671 -0.487347 -0.870179
v 0.162268 -0.197013 -0.056256
vn 0.174368 -0.608045 -0.774517
v 0.131750 -0.208785 -0.048394
vn 0.060795 -0.378900 -0.923439
v 0.129160 -0.194157 -0.057773
vn 0.047216 -0.773839 -0.631620
v 0.164927 -0.229598 -0.025123
vn 0.136486 -0.765173 -0.629192
v 0.133063 -0.218587 -0.038381
vn 0.167786 -0.839509 -0.516790
v 0.172917 -0.248420 -0.000167
vn -0.047739 -0.821435 -0.568300
v 0.137851 -0.230235 -0.023194
vn 0.555209 0.548401 -0.625300
v 0.185823 -0.128116 -0.043912
vn 0.434790 0.135303 -0.890310
v 0.144330 -0.104315 -0.058701
vn 0.602567 0.308958 -0.735838
v 0.165632 -0.102296 -0.043983
vn 0.649583 0.498035 -0.574458
v 0.175989 -0.114692 -0.042359
vn 0.621239 0.660921 -0.421005
v 0.192413 -0.128020 -0.035752
vn 0.900927 0.108589 0.420165
v 0.180346 -0.119706 0.010701
vn 0.831424 0.404083 -0.381380
v 0.182681 -0.110436 -0.028901
vn 0.720763 0.663149 -0.201826
v 0.192638 -0.119998 -0.022119
vn 0.368218 0.920890 0.127972
v 0.203072 -0.128507 0.001270
vn 0.561721 0.432698 -0.705154
v 0.205360 -0.151088 -0.050216
vn 0.840742 0.188956 -0.507394
v 0.171071 -0.065925 -0.030622
vn 0.959244 0.142947 -0.243756
v 0.179909 -0.078552 -0.015458
vn 0.992748 0.109461 0.049693
v 0.182156 -0.088231 -0.001747
vn 0.963036 0.052566 0.264196
v 0.181008 -0.099808 0.007962
vn 0.938859 0.143860 0.312806
v 0.172502 -0.135710 0.033854
vn 0.921157 0.040560 0.387072
v 0.176677 -0.117780 0.021406
vn 0.919198 0.259882 -0.295866
v 0.174602 -0.050419 -0.016279
vn 0.974309 0.224257 0.020763
v 0.177865 -0.059604 -0.003148
vn 0.933640 0.092132 0.346163
v 0.173191 -0.073630 0.022796
vn 0.924727 0.050447 0.377272
v 0.164954 -0.096856 0.043204
vn 0.972854 0.048491 0.226282
v 0.161174 -0.084873 0.053978
vn 0.860478 0.365753 -0.354686
v 0.163139 -0.021844 -0.018747
vn 0.951921 0.302792 -0.046512
v 0.172640 -0.040087 -0.005690
vn 0.952541 0.260964 0.156724
v 0.170968 -0.037834 0.007145
vn 0.944124 0.196958 0.264268
v 0.167730 -0.039388 0.024432
vn 0.966432 0.074902 0.245762
v 0.161339 -0.053660 0.050847
vn 0.636839 0.196991 -0.745407
v 0.157465 -0.053268 -0.040399
vn 0.526221 0.221141 -0.821089
v 0.137163 -0.036008 -0.050657
vn 0.153516 0.124952 -0.980214
v 0.143552 -0.130747 -0.062495
vn 0.262020 0.015621 -0.964936
v 0.131845 -0.118480 -0.064444
vn 0.403801 0.380147 -0.832126
v 0.190942 -0.150785 -0.059287
vn 0.446755 0.555246 -0.701507
v 0.187257 -0.139681 -0.051960
vn 0.496070 0.155909 -0.854170
v 0.135049 -0.064870 -0.057971
vn -0.144739 0.325972 -0.934234
v 0.028127 -0.030652 -0.077737
vn -0.107333 0.361584 -0.926141
v 0.036810 -0.007400 -0.070452
vn -0.012560 0.283870 -0.958780
v 0.043847 -0.033185 -0.079828
vn 0.987345 0.067701 -0.143407
v 0.168628 -0.072872 0.114493
vn 0.948570 -0.089172 0.303749
v 0.168710 -0.087179 0.127475
vn 0.711273 -0.284439 0.642795
v 0.154865 -0.081240 0.149854
vn 0.671212 -0.288902 0.682650
v 0.157143 -0.102803 0.138214
vn 0.480679 -0.383552 0.788566
v 0.146859 -0.110424 0.141438
vn 0.440236 -0.446708 0.778874
v 0.128356 -0.120614 0.146914
vn -0.013080 -0.990808 -0.134642
v 0.099628 -0.235259 -0.004294
vn -0.135023 -0.990841 0.001853
v 0.100350 -0.237424 0.012857
vn -0.112571 -0.766040 0.632859
v 0.086934 -0.197148 0.091970
vn -0.412672 -0.704829 0.576990
v 0.069487 -0.194351 0.089047
vn -0.224089 -0.695807 0.682376
v 0.077311 -0.183084 0.105255
vn -0.227836 -0.764085 0.603544
v 0.076754 -0.199427 0.087030
vn -0.270280 -0.809981 0.520462
v 0.075770 -0.216144 0.062584
vn 0.204050 -0.616491 0.760462
v 0.096763 -0.112193 0.172096
vn 0.535981 -0.505000 0.676535
v 0.119213 -0.077649 0.185714
vn 0.421482 -0.551881 0.719569
v 0.111764 -0.114873 0.160724
vn -0.255596 -0.743425 0.618053
v 0.052093 -0.185580 0.085331
vn 0.992544 0.022535 -0.119782
v 0.157597 -0.052194 0.084397
vn 0.554701 -0.429447 0.712659
v 0.133754 -0.097196 0.157041
vn 0.322076 -0.014566 -0.946602
v 0.098539 -0.078131 -0.076037
vn 0.370724 0.056738 -0.927008
v 0.117409 -0.081675 -0.068409
vn 0.341236 0.219405 -0.914013
v 0.099041 -0.037645 -0.070481
vn 0.435263 0.367065 -0.822076
v 0.116508 -0.005706 -0.052617
vn 0.088269 0.545152 -0.833678
v 0.061016 0.028625 -0.053767
vn 0.221601 0.220455 -0.949891
v 0.055975 -0.071590 -0.086391
vn 0.343701 0.129538 -0.930102
v 0.093643 -0.054324 -0.075771
vn 0.326586 0.017472 -0.945006
v 0.097172 -0.108020 -0.072566
vn 0.254770 -0.043457 -0.966025
v 0.116139 -0.109261 -0.068929
vn 0.351266 0.002076 -0.936273
v 0.123730 -0.144223 -0.065633
vn 0.405411 0.156248 -0.900682
v 0.107304 -0.123734 -0.071831
vn 0.259474 -0.000303 -0.965750
v 0.120996 -0.125027 -0.067025
vn 0.223047 0.210928 -0.951714
v 0.079127 -0.041218 -0.077520
vn 0.420749 0.138700 -0.896511
v 0.117641 -0.050860 -0.064960
vn 0.105335 0.210839 -0.971829
v 0.058128 -0.047181 -0.082386
vn 0.977973 0.106911 0.179276
v 0.159024 -0.041358 0.056249
vn 0.997769 0.063125 0.021711
v 0.157127 -0.036374 0.067984
vn 0.955219 0.205984 0.212432
v 0.159987 -0.029071 0.043865
vn 0.160761 -0.984573 -0.069087
v 0.078299 -0.237488 -0.012826
vn -0.132165 -0.888063 0.440314
v 0.094830 -0.227435 0.046438
vn -0.086094 -0.953783 0.287898
v 0.085826 -0.235637 0.025814
vn -0.099934 -0.987161 0.124608
v 0.075461 -0.236767 0.016388
vn -0.308473 -0.895025 0.322141
v 0.073933 -0.232027 0.030855
vn -0.232640 -0.946955 0.221710
v 0.064662 -0.236493 0.003848
vn -0.284104 -0.854368 0.435134
v 0.073872 -0.224719 0.047970
vn -0.358019 -0.775405 0.520163
v 0.057236 -0.206960 0.060461
vn -0.308449 -0.861138 0.404105
v 0.057865 -0.222925 0.031276
vn 0.030603 -0.999275 0.022655
v 0.072578 -0.237923 0.002535
vn 0.270540 0.006696 -0.962685
v 0.084521 -0.074733 -0.081014
vn 0.026819 0.325227 -0.945256
v 0.028638 -0.062032 -0.086758
vn -0.040015 0.186142 -0.981708
v 0.031825 -0.080726 -0.095463
vn 0.207150 0.232622 -0.950250
v 0.048368 -0.084099 -0.093650
vn 0.372379 0.123812 -0.919785
v 0.066318 -0.091896 -0.089463
vn 0.157646 -0.657342 0.736919
v 0.105707 -0.142987 0.141213
vn 0.322617 -0.506399 0.799674
v 0.121487 -0.136213 0.140689
vn -0.048649 -0.685397 0.726543
v 0.079525 -0.123903 0.163296
vn 0.177792 -0.680745 0.710617
v 0.094914 -0.127318 0.158887
vn 0.282201 -0.504817 0.815795
v 0.127212 -0.166707 0.122487
vn 0.038641 -0.704695 0.708458
v 0.125399 -0.212960 0.084698
vn 0.991926 0.126785 -0.002842
v 0.166080 -0.135867 0.063211
vn 0.981703 0.103220 0.160016
v 0.163469 -0.115921 0.051835
vn 0.138670 -0.628226 0.765574
v 0.125531 -0.189518 0.105366
vn 0.483001 -0.555565 0.676799
v 0.146440 -0.185946 0.100156
vn 0.888641 -0.336919 0.311130
v 0.166025 -0.149367 0.106079
vn 0.755622 -0.329366 0.566175
v 0.164172 -0.142094 0.113433
vn 0.981244 -0.149897 0.121205
v 0.169571 -0.133749 0.105512
vn 0.994116 -0.002892 -0.108284
v 0.170765 -0.123974 0.094779
vn -0.124194 -0.706195 0.697040
v 0.105937 -0.186710 0.107523
vn -0.234645 -0.744814 0.624655
v 0.108200 -0.207454 0.081303
vn -0.136533 -0.819881 0.556016
v 0.095645 -0.214672 0.070578
vn -0.356694 -0.776875 0.518879
v 0.106256 -0.222639 0.061839
vn -0.106824 -0.684881 0.720782
v 0.078153 -0.146913 0.136342
vn -0.114638 -0.858214 -0.500327
v 0.157449 -0.246349 -0.004577
vn -0.048532 -0.954630 -0.293813
v 0.166632 -0.253854 0.009079
vn -0.303462 -0.768588 0.563190
v 0.142085 -0.242871 0.054362
vn 0.042601 -0.598071 -0.800310
v 0.158314 -0.205760 -0.050242
vn 0.188044 -0.630783 -0.752830
v 0.172431 -0.210899 -0.044444
vn 0.311416 -0.658334 -0.685285
v 0.188128 -0.213750 -0.036245
vn 0.431905 -0.656785 -0.618136
v 0.203800 -0.214067 -0.026836
vn 0.213201 -0.460168 -0.861853
v 0.174735 -0.195513 -0.055266
vn 0.518150 -0.479378 -0.708320
v 0.207323 -0.199819 -0.038360
vn 0.691226 -0.382812 -0.612912
v 0.228193 -0.193746 -0.024075
vn 0.248861 -0.297073 -0.921855
v 0.182435 -0.179453 -0.058610
vn -0.024791 -0.123272 -0.992063
v 0.143054 -0.175135 -0.063197
vn 0.456868 0.000965 -0.889534
v 0.079445 -0.110015 -0.082637
vn 0.920626 0.086928 0.380645
v 0.176058 -0.089604 0.020449
vn 0.963593 0.127744 0.234882
v 0.179880 -0.082892 0.009066
vn 0.986551 0.151201 0.062100
v 0.180289 -0.074764 -0.001981
vn 0.942796 0.190041 -0.273897
v 0.178256 -0.064696 -0.015507
vn 0.408055 0.030220 -0.912457
v 0.080493 -0.093867 -0.080110
vn 0.396400 0.104853 -0.912071
v 0.071422 -0.083099 -0.083785
vn 0.588036 0.160374 -0.792776
v 0.152379 -0.079775 -0.049886
vn 0.783450 0.204527 -0.586835
v 0.176845 -0.095578 -0.030787
vn 0.966839 0.189728 0.170954
v 0.183617 -0.107809 -0.001260
vn 0.963116 0.207156 -0.171739
v 0.182965 -0.101336 -0.015475
vn 0.246710 0.337215 -0.908526
v 0.164517 -0.141287 -0.064023
vn 0.559824 0.715403 -0.418086
v 0.216703 -0.142326 -0.027001
vn 0.531041 0.797923 -0.285158
v 0.231437 -0.136919 0.002494
vn 0.948361 0.167715 0.269226
v 0.166437 -0.127601 0.044031
vn 0.810030 0.231844 -0.538608
v 0.166253 -0.052109 -0.031657
vn 0.965847 0.148685 -0.212207
v 0.160125 -0.088244 0.083395
vn 0.958186 0.085988 -0.272920
v 0.160130 -0.060449 0.093824
vn 0.981383 0.125745 -0.145175
v 0.159182 -0.011271 0.103439
vn 0.969695 0.203795 -0.134755
v 0.153950 0.007714 0.081306
vn 0.990037 0.122251 -0.069874
v 0.154841 -0.014920 0.062737
vn 0.989823 0.046155 -0.134614
v 0.158645 -0.028933 0.090169
vn 0.940341 -0.110935 0.321639
v 0.167565 -0.063309 0.138329
vn 0.994778 0.069351 -0.074878
v 0.169305 -0.048256 0.125365
vn 0.972910 0.099330 -0.208757
v 0.163581 -0.032413 0.112768
vn 0.661426 -0.130020 -0.738654
v 0.215989 -0.170921 -0.045306
vn 0.512114 -0.123174 -0.850040
v 0.204340 -0.168788 -0.054160
vn 0.035363 -0.055783 -0.997816
v 0.162883 -0.160632 -0.067261
vn 0.089556 0.414785 -0.905502
v 0.054267 0.009434 -0.064900
vn 0.949282 0.158179 0.271741
v 0.172311 -0.055963 0.019863
vn 0.957504 0.191158 0.215975
v 0.175438 -0.054812 0.005767
vn 0.902963 0.309001 -0.298623
v 0.169307 -0.035727 -0.017498
vn 0.717811 0.322525 -0.617029
v 0.153155 -0.020770 -0.032440
vn 0.935897 0.080400 0.342975
v 0.167101 -0.057706 0.034225
vn 0.922609 0.376338 -0.084628
v 0.146444 0.016528 0.052525
vn 0.437830 0.234975 -0.867809
v 0.117453 -0.030795 -0.061097
vn 0.100703 0.319038 -0.942377
v 0.057672 -0.008285 -0.071517
vn 0.290588 0.338033 -0.895149
v 0.096406 -0.009356 -0.062777
vn 0.977693 0.201145 0.060480
v 0.155314 -0.015446 0.053003
vn 0.361701 0.085308 -0.928383
v 0.091621 -0.119890 -0.077955
vn 0.318393 -0.011668 -0.947887
v 0.106005 -0.135315 -0.075276
vn 0.986850 0.099786 0.127162
v 0.167034 -0.148405 0.068580
vn -0.534869 -0.601846 0.593040
v 0.171900 -0.229616 0.093977
vn -0.400001 -0.774884 0.489443
v 0.180964 -0.241939 0.085855
vn 0.195761 -0.970465 0.140980
v 0.209586 -0.251632 0.059370
vn 0.359958 -0.930590 -0.066577
v 0.217291 -0.250654 0.048529
vn 0.784748 -0.424489 -0.451642
v 0.249385 -0.198595 0.009400
vn 0.224975 0.973490 0.041271
v 0.228541 -0.131941 0.018115
vn 0.515052 -0.686411 -0.513383
v 0.215730 -0.227048 -0.001431
vn 0.453892 -0.747156 -0.485531
v 0.207771 -0.239292 0.008702
vn 0.050707 -0.992557 0.110724
v 0.196841 -0.254050 0.049924
vn 0.795882 -0.518693 -0.312297
v 0.275625 -0.204537 0.091644
vn 0.083438 -0.949637 0.302041
v 0.212971 -0.244886 0.085883
vn -0.751171 -0.261078 0.606284
v 0.176662 -0.201605 0.120222
vn 0.340529 0.891783 -0.297931
v 0.252064 -0.141210 0.059205
vn 0.351897 -0.920797 0.168230
v 0.227257 -0.244780 0.073589
vn 0.652813 0.621555 -0.433018
v 0.260310 -0.147258 0.057733
vn 0.231890 0.972379 0.026583
v 0.242546 -0.138791 0.042806
vn -0.849829 0.314123 0.423222
v 0.163555 -0.187836 0.099001
vn -0.841307 0.198368 0.502844
v 0.170439 -0.187708 0.112476
vn -0.751426 0.523709 0.401357
v 0.180072 -0.171090 0.116147
vn -0.405658 0.874404 0.266193
v 0.195672 -0.148911 0.078512
vn -0.004516 0.979134 -0.203164
v 0.239374 -0.139831 0.058641
vn -0.168089 0.966641 -0.193266
v 0.227358 -0.135966 0.075762
vn -0.440727 0.892482 0.096099
v 0.228549 -0.134055 0.093636
vn -0.511861 0.823927 0.243193
v 0.216870 -0.142543 0.096173
vn -0.393833 0.897681 0.197649
v 0.208031 -0.140729 0.073315
vn -0.094715 0.992299 0.079822
v 0.226091 -0.140749 0.051855
vn -0.068094 0.984000 -0.164640
v 0.220518 -0.141064 0.059335
vn -0.115989 0.989775 -0.083012
v 0.210527 -0.138868 0.066591
vn -0.802930 -0.074915 0.591346
v 0.164969 -0.201082 0.107342
vn -0.630772 -0.482218 0.607941
v 0.173678 -0.214250 0.108315
vn -0.463171 -0.678078 0.570686
v 0.187061 -0.228083 0.107266
vn -0.089806 -0.965428 0.244713
v 0.222051 -0.232200 0.122082
vn 0.465366 -0.884722 0.026493
v 0.234275 -0.242864 0.063927
vn 0.688951 -0.653826 -0.312823
v 0.242820 -0.228748 0.042193
vn 0.784509 -0.570697 -0.242593
v 0.257832 -0.215199 0.052037
vn 0.579665 -0.813472 0.047451
v 0.250111 -0.230742 0.081920
vn -0.694064 -0.366123 0.619862
v 0.163184 -0.211857 0.100418
vn -0.710395 -0.333002 0.620040
v 0.191194 -0.203226 0.136735
vn -0.343074 -0.821986 0.454576
v 0.204461 -0.227882 0.121512
vn 0.000707 -0.971143 0.238495
v 0.197909 -0.250248 0.070842
vn 0.156333 -0.973275 -0.168211
v 0.184954 -0.256575 0.024257
vn 0.597156 -0.693403 -0.403234
v 0.225985 -0.234860 0.023459
vn 0.435843 -0.844820 -0.310355
v 0.211196 -0.249865 0.030904
vn 0.655178 -0.738579 -0.158880
v 0.241545 -0.236760 0.058846
vn 0.577487 -0.770722 -0.269252
v 0.226579 -0.243992 0.041935
vn -0.170999 -0.919116 0.354945
v 0.189223 -0.246910 0.079733
vn 0.654117 -0.727714 -0.206308
v 0.266605 -0.216419 0.094976
vn 0.653728 -0.609255 -0.448829
v 0.235324 -0.217771 0.009766
vn 0.749740 -0.557962 -0.355763
v 0.251083 -0.213799 0.031538
vn 0.890223 -0.331103 -0.312847
v 0.266313 -0.195836 0.046332
vn 0.879992 -0.342475 -0.329128
v 0.276376 -0.192547 0.076115
vn 0.824154 -0.229966 -0.517578
v 0.245846 -0.190959 -0.001832
vn 0.937974 -0.018504 -0.346211
v 0.271118 -0.178778 0.053377
vn 0.908406 -0.131048 -0.397020
v 0.260814 -0.184798 0.024768
vn 0.917054 0.149970 -0.369488
v 0.260268 -0.169759 0.023599
vn 0.651310 0.731792 -0.200690
v 0.246320 -0.143742 0.026554
vn 0.738923 0.553701 -0.383938
v 0.238181 -0.146603 -0.002714
vn -0.570474 -0.618704 0.540153
v 0.191664 -0.216983 0.125940
vn -0.797956 0.019959 0.602385
v 0.175405 -0.189102 0.121573
vn -0.626874 0.633042 0.454188
v 0.191942 -0.167353 0.130905
vn 0.846546 0.419627 -0.327526
v 0.266072 -0.159522 0.049324
vn 0.851699 0.332024 -0.405424
v 0.251261 -0.162875 0.008003
vn 0.868212 0.066609 -0.491703
v 0.245921 -0.170838 -0.006434
vn 0.792887 -0.031634 -0.608546
v 0.231105 -0.173048 -0.028311
vn 0.446474 -0.879965 0.162246
v 0.243281 -0.234347 0.088861
vn 0.447930 -0.890981 -0.074243
v 0.253800 -0.226156 0.102194
vn 0.213228 -0.966057 0.145835
v 0.230010 -0.234089 0.109176
vn -0.119303 -0.896346 0.427002
v 0.209052 -0.236956 0.108058
vn -0.241378 -0.832936 0.497950
v 0.196447 -0.239232 0.099763
vn -0.517581 0.785759 0.338662
v 0.200049 -0.159475 0.127517
vn -0.635775 0.703290 0.318078
v 0.182820 -0.163354 0.108283
vn -0.441006 0.862447 0.248392
v 0.190624 -0.156660 0.103108
vn -0.567851 0.779960 0.263073
v 0.181186 -0.157666 0.089941
vn -0.752355 0.368683 0.545926
v 0.186411 -0.177238 0.132013
vn 0.079703 -0.996516 -0.024566
v 0.243936 -0.232052 0.119344
vn 0.257095 -0.930573 -0.260645
v 0.252544 -0.229660 0.113537
vn -0.333822 -0.879853 0.338263
v 0.220074 -0.227472 0.136259
vn -0.662410 -0.417983 0.621694
v 0.214522 -0.205475 0.161483
vn -0.637274 0.699661 0.323041
v 0.239505 -0.134303 0.127196
vn -0.497393 0.799139 0.337604
v 0.226527 -0.145538 0.123287
vn -0.338821 0.939674 -0.047053
v 0.240357 -0.128805 0.096069
vn 0.789524 -0.402987 -0.462875
v 0.281887 -0.191021 0.086684
vn -0.595231 0.553720 0.582317
v 0.206845 -0.166499 0.147452
vn -0.705247 0.262801 0.658455
v 0.203046 -0.177107 0.151434
vn -0.719574 -0.062002 0.691642
v 0.208481 -0.190768 0.159602
vn -0.138270 0.963637 -0.228661
v 0.248662 -0.128022 0.089056
vn 0.107133 0.917704 -0.382546
v 0.256836 -0.130892 0.080598
vn 0.668832 0.451688 -0.590459
v 0.270234 -0.143812 0.071989
vn 0.595901 -0.626634 -0.502226
v 0.278509 -0.212730 0.107888
vn 0.815052 0.295469 -0.498386
v 0.271943 -0.156859 0.065094
vn 0.435827 -0.816659 -0.378315
v 0.264075 -0.223225 0.108195
vn -0.445037 0.782641 0.435217
v 0.212365 -0.158745 0.141405
vn -0.120105 0.946324 0.300077
v 0.214437 -0.135592 0.031717
vn 0.798058 0.308725 -0.517486
v 0.232794 -0.157320 -0.021464
vn 0.715656 0.223123 -0.661855
v 0.222192 -0.158135 -0.036568
vn -0.460154 0.517753 0.721242
v 0.162271 -0.179628 0.087428
vn -0.337998 0.920396 0.196540
v 0.189089 -0.143179 0.055404
vn -0.826692 0.149377 0.542464
v 0.158587 -0.197790 0.095780
vn 0.324180 -0.834572 -0.445417
v 0.195359 -0.251692 0.018252
vn -0.766485 -0.237493 0.596739
v 0.156520 -0.209326 0.093585
vn -0.644424 -0.475705 0.598684
v 0.157346 -0.223457 0.086333
vn -0.461749 -0.705974 0.537018
v 0.158747 -0.239038 0.071714
vn -0.140137 -0.968641 0.205175
v 0.164385 -0.253544 0.044077
vn 0.660262 0.529226 -0.532893
v 0.217897 -0.149620 -0.036478
vn -0.626307 0.610092 0.485311
v 0.241045 -0.145456 0.143401
vn 0.814737 -0.049662 -0.577700
v 0.279273 -0.172073 0.075331
vn 0.469925 0.728661 -0.498220
v 0.271780 -0.134124 0.083126
vn 0.235213 0.935766 -0.262711
v 0.266161 -0.126354 0.095711
vn -0.004108 0.987400 -0.158194
v 0.259610 -0.123641 0.104715
vn -0.216975 0.975759 0.028563
v 0.252558 -0.124289 0.114922
vn -0.488264 0.851741 0.190093
v 0.245317 -0.128403 0.122548
vn -0.078839 -0.990070 0.116387
v 0.247228 -0.231828 0.143264
vn -0.264989 -0.926517 0.267108
v 0.237991 -0.228752 0.152401
vn -0.541799 -0.679212 0.495101
v 0.214914 -0.217446 0.150900
vn 0.083629 -0.984013 0.157239
v 0.265177 -0.230515 0.158896
vn -0.473482 -0.735043 0.485311
v 0.239717 -0.220565 0.173150
vn 0.555849 -0.622414 -0.551029
v 0.300994 -0.217105 0.130370
vn -0.629115 0.661186 0.408714
v 0.254316 -0.133632 0.151758
vn -0.476929 0.616702 0.626273
v 0.235120 -0.169332 0.174006
vn -0.619089 -0.419452 0.663919
v 0.234823 -0.208982 0.180359
vn -0.667509 -0.093145 0.738753
v 0.232799 -0.195026 0.182982
vn 0.701648 -0.412808 -0.580758
v 0.311704 -0.190520 0.121516
vn -0.024472 0.992844 -0.116887
v 0.374524 -0.132893 0.219047
vn 0.223515 -0.948836 -0.223048
v 0.363695 -0.201024 0.220209
vn 0.321379 -0.847450 -0.422544
v 0.382967 -0.192171 0.204631
vn 0.144497 -0.980946 -0.129865
v 0.349473 -0.203785 0.222241
vn -0.523614 -0.548208 0.652148
v 0.330108 -0.191406 0.254300
vn -0.458774 0.855979 0.238384
v 0.338944 -0.133193 0.252279
vn -0.024347 0.999537 -0.018245
v 0.350425 -0.131242 0.231317
vn -0.264990 0.960100 0.089378
v 0.338171 -0.131496 0.238079
vn 0.488503 -0.248874 -0.836317
v 0.381632 -0.173993 0.185610
vn 0.082252 0.982304 0.168267
v 0.326240 -0.124278 0.191551
vn -0.169546 0.921264 0.350039
v 0.317358 -0.126770 0.199286
vn 0.430878 0.349893 -0.831817
v 0.398710 -0.152754 0.196011
vn 0.269730 0.938958 -0.213549
v 0.354810 -0.133088 0.200043
vn 0.628696 -0.639663 -0.442236
v 0.354202 -0.195466 0.183029
vn 0.371322 -0.922434 -0.105997
v 0.350925 -0.202262 0.198599
vn 0.057930 -0.956142 0.287119
v 0.330961 -0.206229 0.224986
vn -0.730845 0.256604 0.632471
v 0.305987 -0.165653 0.237138
vn 0.134361 0.990012 0.042697
v 0.343187 -0.130199 0.206821
vn -0.707765 -0.207516 0.675282
v 0.329194 -0.169817 0.266709
vn -0.677432 0.601387 0.423580
v 0.334747 -0.141310 0.263017
vn 0.090132 0.951931 -0.292751
v 0.383589 -0.133793 0.211849
vn -0.547523 0.565002 0.617245
v 0.264911 -0.159229 0.185511
vn -0.526712 -0.390117 0.755237
v 0.250928 -0.209832 0.193414
vn -0.617470 0.018172 0.786385
v 0.279014 -0.194343 0.215077
vn -0.687744 0.269535 0.674062
v 0.282287 -0.176122 0.213899
vn -0.483819 0.460536 0.744195
v 0.255844 -0.171805 0.189842
vn -0.094185 0.980178 0.174299
v 0.310270 -0.122758 0.182241
vn -0.453636 0.722544 0.521674
v 0.305945 -0.134487 0.205891
vn 0.646810 0.568543 -0.508326
v 0.346335 -0.137810 0.168984
vn 0.459926 0.845902 -0.270033
v 0.335237 -0.128397 0.168459
vn 0.146325 0.985970 -0.080322
v 0.316751 -0.122314 0.170233
vn 0.337656 -0.940889 0.026744
v 0.290388 -0.227251 0.143991
vn -0.110851 0.990729 0.078537
v 0.277285 -0.123322 0.149802
vn -0.041229 0.967770 0.248437
v 0.328912 -0.129895 0.210439
vn 0.257237 0.832471 -0.490736
v 0.368754 -0.138266 0.196024
vn 0.459213 0.625035 -0.631232
v 0.366754 -0.145505 0.185641
vn 0.480035 0.810529 -0.335572
v 0.360049 -0.138065 0.189269
vn 0.324357 0.944980 -0.042494
v 0.335555 -0.125876 0.185408
vn 0.631308 0.610047 -0.478845
v 0.327124 -0.135025 0.144664
vn 0.427980 0.842474 -0.327218
v 0.321941 -0.126422 0.154930
vn 0.137788 0.978138 -0.155758
v 0.284620 -0.123606 0.133091
vn 0.331929 0.884350 -0.328251
v 0.298173 -0.128645 0.123340
vn 0.602009 0.594155 -0.533447
v 0.308517 -0.137595 0.118334
vn -0.406458 0.856943 0.316923
v 0.265065 -0.127093 0.154179
vn -0.640943 0.548746 0.536722
v 0.265015 -0.135131 0.167617
vn -0.309037 0.880383 0.359753
v 0.299463 -0.126787 0.187748
vn -0.531165 0.656230 0.535934
v 0.284043 -0.135096 0.186911
vn -0.271362 0.910424 0.312234
v 0.322435 -0.132836 0.215989
vn -0.555069 0.738720 0.382348
v 0.316268 -0.139931 0.223041
vn -0.592408 0.538099 0.599586
v 0.289037 -0.144433 0.200497
vn -0.660247 0.498878 0.561422
v 0.295862 -0.156892 0.218064
vn -0.717684 0.531858 0.449506
v 0.319390 -0.147061 0.240539
vn -0.656987 0.453604 0.602172
v 0.275913 -0.152071 0.192464
vn -0.591635 0.597456 0.541308
v 0.259274 -0.154490 0.174208
vn 0.577986 -0.436386 -0.689564
v 0.356278 -0.184320 0.176120
vn 0.714495 -0.334950 -0.614252
v 0.286954 -0.183786 0.088019
vn 0.585728 -0.083245 -0.806222
v 0.360514 -0.169497 0.173094
vn -0.650236 -0.086471 0.754795
v 0.297689 -0.186961 0.230808
vn -0.107085 -0.785295 0.609790
v 0.309392 -0.207485 0.224228
vn 0.379658 -0.925121 0.003280
v 0.311906 -0.216226 0.154963
vn 0.226180 -0.968283 0.106164
v 0.283120 -0.223851 0.167919
vn 0.011840 -0.967851 0.251245
v 0.272287 -0.224809 0.181143
vn -0.242818 -0.834867 0.494001
v 0.265852 -0.220435 0.192097
vn -0.534430 0.071690 0.842167
v 0.259119 -0.193162 0.201237
vn -0.593521 0.369864 0.714796
v 0.269670 -0.175425 0.202221
vn 0.761127 -0.310858 -0.569257
v 0.335615 -0.184463 0.152247
vn 0.660420 -0.663128 -0.352289
v 0.325231 -0.209261 0.154208
vn 0.686318 0.180825 -0.704464
v 0.354477 -0.150893 0.169719
vn -0.435372 -0.471594 0.766844
v 0.286625 -0.208694 0.215745
vn -0.086263 -0.853783 0.513433
v 0.294377 -0.216129 0.210992
vn 0.073677 -0.972362 0.221549
v 0.297993 -0.220142 0.200036
vn 0.685375 -0.464624 -0.560701
v 0.312874 -0.207939 0.135003
vn 0.783761 -0.215199 -0.582588
v 0.315563 -0.178522 0.119600
vn -0.172044 -0.938366 0.299783
v 0.254468 -0.229003 0.165873
vn -0.352864 -0.790019 0.501356
v 0.250930 -0.221150 0.181735
vn -0.557665 0.178204 0.810712
v 0.243798 -0.190339 0.192922
vn 0.470606 -0.872702 -0.130078
v 0.334024 -0.209549 0.174551
vn 0.559112 -0.796690 -0.229520
v 0.313176 -0.216326 0.144990
vn 0.444527 -0.850232 -0.281959
v 0.296495 -0.223893 0.136827
vn 0.535064 0.238163 -0.810546
v 0.367952 -0.155770 0.179193
vn 0.734913 -0.109854 -0.669204
v 0.344882 -0.170707 0.158951
vn 0.809139 -0.077486 -0.582486
v 0.334485 -0.170763 0.146011
vn 0.737547 0.212598 -0.640958
v 0.306939 -0.149453 0.108836
vn 0.740097 0.225739 -0.633481
v 0.288566 -0.152762 0.087420
vn 0.494655 -0.049329 -0.867688
v 0.397013 -0.165893 0.192678
vn -0.801020 0.262736 0.537901
v 0.321165 -0.158839 0.251332
vn -0.701473 -0.097676 0.705971
v 0.311335 -0.176861 0.244869
vn -0.460787 -0.506551 0.728753
v 0.312473 -0.192508 0.239282
vn -0.310346 -0.826961 0.468850
v 0.321635 -0.197821 0.238714
vn 0.195576 -0.980658 0.007677
v 0.338642 -0.205660 0.221277
vn 0.416380 -0.803093 -0.426227
v 0.368611 -0.193240 0.195070
vn 0.444288 -0.633603 -0.633368
v 0.383569 -0.183534 0.192858
vn 0.777428 0.211983 -0.592173
v 0.337335 -0.146466 0.149840
vn 0.778388 0.219493 -0.588163
v 0.319240 -0.147958 0.124203
vn 0.257059 -0.965613 0.038895
v 0.308741 -0.219664 0.188641
vn -0.428963 0.759552 0.488949
v 0.245470 -0.155209 0.162164
vn -0.412125 0.811569 0.414136
v 0.232278 -0.151979 0.144677
vn -0.628970 0.322085 0.707572
v 0.224466 -0.179861 0.172946
vn 0.075438 0.994699 -0.069881
v 0.270708 -0.123931 0.120390
vn 0.248628 0.949225 -0.192761
v 0.276285 -0.125726 0.113672
vn 0.416397 0.831329 -0.368110
v 0.285334 -0.131724 0.104256
vn 0.644294 0.495419 -0.582620
v 0.281711 -0.143263 0.084976
vn -0.507494 0.622492 0.595779
v 0.220608 -0.168152 0.161158
vn -0.404318 0.766262 0.499368
v 0.224212 -0.159906 0.153640
vn 0.384323 -0.829013 -0.406244
v 0.286950 -0.225099 0.128570
vn 0.629535 -0.503129 -0.592070
v 0.291912 -0.201231 0.110830
vn 0.784447 -0.052484 -0.617972
v 0.313899 -0.169557 0.115781
vn 0.175974 -0.979481 -0.098235
v 0.276300 -0.231284 0.136211
vn 0.449452 -0.665279 -0.596152
v 0.415577 -0.183657 0.217982
vn 0.517549 -0.455780 -0.724160
v 0.402314 -0.175768 0.199987
vn 0.464598 0.545358 -0.697663
v 0.427566 -0.140592 0.218883
vn 0.584141 -0.223302 -0.780331
v 0.415606 -0.164861 0.204097
vn 0.367133 0.593852 -0.715928
v 0.417155 -0.142068 0.211503
vn -0.744498 0.305262 0.593749
v 0.333638 -0.152247 0.272248
vn -0.089778 0.984501 -0.150657
v 0.374531 -0.132178 0.229085
vn -0.155338 0.985490 -0.068411
v 0.372292 -0.126660 0.253203
vn 0.554423 0.181577 -0.812185
v 0.420218 -0.155193 0.207118
vn 0.219944 0.813949 -0.537692
v 0.407869 -0.134700 0.215813
vn 0.322626 -0.941189 0.100382
v 0.319259 -0.215720 0.194637
vn 0.178182 -0.936457 0.302159
v 0.317874 -0.213226 0.212108
vn -0.366861 -0.828074 0.423917
v 0.343268 -0.203971 0.250765
vn -0.078022 -0.995374 0.056071
v 0.350040 -0.206432 0.240864
vn 0.694127 -0.387755 -0.606492
v 0.587654 -0.143762 0.378772
vn 0.245017 -0.934296 -0.258953
v 0.412432 -0.194818 0.236872
vn 0.208680 -0.943533 -0.257291
v 0.388189 -0.196254 0.219173
vn 0.310767 -0.881062 -0.356586
v 0.418916 -0.192281 0.232772
vn -0.042009 -0.922769 0.383056
v 0.559818 -0.155517 0.398355
vn -0.467200 0.880828 -0.076590
v 0.579308 -0.084989 0.400239
vn -0.472494 -0.400197 0.785234
v 0.537754 -0.149265 0.395545
vn -0.200905 0.964969 -0.168734
v 0.573520 -0.088709 0.385156
vn -0.456776 0.877953 0.143370
v 0.560048 -0.093804 0.385051
vn -0.565740 0.710910 0.417787
v 0.553166 -0.100812 0.391603
vn -0.416601 0.880617 0.225737
v 0.529788 -0.104378 0.363087
vn -0.492147 0.773182 0.399977
v 0.519868 -0.111678 0.366849
vn 0.025027 0.924318 -0.380801
v 0.546997 -0.100287 0.355636
vn -0.234941 0.970153 -0.060057
v 0.540132 -0.100516 0.359870
vn -0.570704 0.281629 0.771351
v 0.513646 -0.131641 0.379872
vn -0.520387 0.011966 0.853847
v 0.515422 -0.142192 0.383189
vn -0.417018 -0.314845 0.852625
v 0.518965 -0.153134 0.383241
vn -0.257253 -0.679714 0.686884
v 0.528864 -0.159624 0.383133
vn 0.041122 0.949655 -0.310587
v 0.516593 -0.107581 0.332601
vn -0.198776 0.977586 0.069385
v 0.501556 -0.109024 0.332253
vn -0.389981 0.868560 0.305808
v 0.506774 -0.110062 0.346919
vn -0.482589 0.362734 0.797203
v 0.496112 -0.136883 0.369929
vn -0.433812 -0.003780 0.900996
v 0.496234 -0.149423 0.373008
vn -0.345778 -0.396190 0.850571
v 0.499205 -0.159223 0.372290
vn -0.193588 -0.731231 0.654083
v 0.503653 -0.166643 0.368482
vn 0.111316 0.965351 -0.236023
v 0.496367 -0.110180 0.318184
vn -0.310847 0.887709 0.339626
v 0.489130 -0.113322 0.336368
vn -0.417564 0.779089 0.467612
v 0.489280 -0.118856 0.346484
vn -0.390160 -0.156298 0.907384
v 0.477294 -0.154463 0.364582
vn -0.304001 -0.510341 0.804447
v 0.480588 -0.164095 0.362068
vn -0.164603 -0.766354 0.620973
v 0.486113 -0.171494 0.357244
vn 0.607225 -0.704216 -0.367911
v 0.518973 -0.170383 0.323839
vn 0.687435 -0.536519 -0.489470
v 0.524808 -0.161019 0.320252
vn 0.688372 -0.395171 -0.608263
v 0.551350 -0.152303 0.345114
vn 0.607596 -0.647987 -0.459283
v 0.558306 -0.156623 0.358681
vn 0.553320 -0.739981 -0.382446
v 0.584218 -0.149881 0.381726
vn 0.672682 0.141383 -0.726299
v 0.519338 -0.143532 0.310051
vn 0.644423 0.113232 -0.756239
v 0.551793 -0.129725 0.341800
vn 0.670374 0.022323 -0.741687
v 0.573235 -0.121956 0.360576
vn 0.564521 0.396596 -0.723897
v 0.512987 -0.123280 0.311504
vn 0.533704 0.381713 -0.754623
v 0.544616 -0.114646 0.340001
vn 0.584850 0.270501 -0.764709
v 0.568971 -0.107788 0.359788
vn 0.349547 0.717340 -0.602693
v 0.522297 -0.111701 0.327408
vn 0.334827 0.681128 -0.651118
v 0.548544 -0.104553 0.348744
vn 0.384367 0.636253 -0.668912
v 0.573977 -0.097290 0.368804
vn 0.433950 -0.885842 -0.164228
v 0.562267 -0.161150 0.374557
vn 0.393426 -0.918279 -0.044504
v 0.510505 -0.179131 0.331746
vn 0.127540 -0.959626 0.250703
v 0.546537 -0.163686 0.376764
vn 0.130013 -0.953523 0.271827
v 0.503234 -0.178417 0.344882
vn -0.049977 -0.881558 0.469422
v 0.515031 -0.169030 0.367004
vn -0.037581 -0.888586 0.457169
v 0.491906 -0.176100 0.350757
vn -0.318399 0.893449 0.316814
v 0.354948 -0.131398 0.269041
vn -0.235827 0.902105 0.361375
v 0.385207 -0.127743 0.279141
vn -0.231303 0.961523 0.148227
v 0.396409 -0.122119 0.266626
vn -0.280399 -0.877815 0.388352
v 0.364565 -0.203590 0.265027
vn -0.611178 0.032663 0.790819
v 0.378086 -0.159171 0.307384
vn -0.590023 -0.065307 0.804741
v 0.362718 -0.162268 0.296412
vn -0.549129 -0.401083 0.733205
v 0.365713 -0.173121 0.293938
vn -0.580398 -0.318124 0.749623
v 0.380361 -0.170340 0.306501
vn -0.500153 -0.573866 0.648479
v 0.371787 -0.187815 0.289041
vn -0.489541 -0.543800 0.681639
v 0.391660 -0.182980 0.307454
vn -0.348373 -0.745944 0.567630
v 0.383589 -0.198128 0.286760
vn -0.197902 -0.887711 0.415696
v 0.386478 -0.204320 0.278058
vn -0.576677 -0.327464 0.748473
v 0.348243 -0.168070 0.283877
vn -0.627215 0.015545 0.778691
v 0.343499 -0.158573 0.283694
vn -0.553547 0.231593 0.799969
v 0.361448 -0.153476 0.294482
vn -0.521570 0.451620 0.723881
v 0.351546 -0.147639 0.285606
vn -0.546159 0.388377 0.742209
v 0.378372 -0.149102 0.303997
vn -0.501555 0.639671 0.582463
v 0.349875 -0.139315 0.278258
vn 0.209703 -0.943476 -0.256666
v 0.391462 -0.198409 0.233324
vn 0.279396 -0.912617 -0.298444
v 0.430850 -0.193048 0.251540
vn 0.496057 -0.646194 -0.579966
v 0.432157 -0.183887 0.229706
vn 0.598424 -0.419338 -0.682675
v 0.431597 -0.175386 0.223199
vn 0.728174 -0.161582 -0.666073
v 0.455177 -0.167491 0.242793
vn 0.667341 0.200656 -0.717212
v 0.444543 -0.149296 0.228447
vn 0.063784 0.922874 -0.379783
v 0.410891 -0.127912 0.228424
vn -0.049451 -0.982937 0.177171
v 0.391197 -0.206911 0.272307
vn -0.016608 -0.954542 0.297614
v 0.402940 -0.202648 0.287041
vn 0.062054 -0.992611 -0.104275
v 0.380961 -0.207262 0.253465
vn 0.255615 -0.912430 -0.319582
v 0.426238 -0.197671 0.258488
vn 0.188471 -0.966531 -0.174061
v 0.419666 -0.202497 0.268341
vn 0.220623 -0.944719 -0.242551
v 0.407716 -0.202404 0.258468
vn 0.107084 -0.991406 0.075148
v 0.411732 -0.205033 0.277640
vn 0.153365 -0.985416 -0.073714
v 0.400471 -0.206515 0.266101
vn -0.571611 0.226973 0.788508
v 0.392736 -0.156165 0.318191
vn -0.580084 -0.258961 0.772297
v 0.393812 -0.168448 0.318766
vn -0.133694 -0.888267 0.439440
v 0.412405 -0.197053 0.301133
vn -0.460705 0.607071 0.647469
v 0.391129 -0.143748 0.308325
vn -0.429124 0.660571 0.616035
v 0.473208 -0.130209 0.350974
vn -0.454451 0.492467 0.742261
v 0.456970 -0.143119 0.351514
vn -0.443608 0.201940 0.873174
v 0.464362 -0.148531 0.358117
vn -0.376353 -0.235808 0.895965
v 0.457652 -0.159860 0.355294
vn -0.252088 -0.601011 0.758444
v 0.461398 -0.169482 0.351363
vn -0.136754 -0.798891 0.585723
v 0.458672 -0.178977 0.340852
vn -0.193182 0.969303 0.152091
v 0.456342 -0.111613 0.303928
vn -0.362091 0.856494 0.367842
v 0.439875 -0.119164 0.308462
vn -0.377369 -0.413973 0.828384
v 0.432559 -0.169178 0.341771
vn -0.123991 -0.856497 0.501037
v 0.423901 -0.192846 0.312827
vn -0.391728 0.765738 0.510093
v 0.434218 -0.128560 0.319883
vn -0.425833 0.660223 0.618686
v 0.417061 -0.141044 0.324093
vn 0.518297 -0.752975 -0.405459
v 0.473435 -0.188279 0.282867
vn 0.610947 -0.679312 -0.406545
v 0.492833 -0.177698 0.293122
vn 0.694587 0.034129 -0.718598
v 0.480710 -0.160471 0.270227
vn 0.584726 0.535536 -0.609341
v 0.492312 -0.119983 0.297551
vn 0.237503 0.880116 -0.411082
v 0.452560 -0.117450 0.265303
vn 0.445959 0.665353 -0.598687
v 0.505766 -0.115175 0.312609
vn 0.392928 -0.916759 -0.071845
v 0.487465 -0.188214 0.307602
vn 0.328162 -0.937242 -0.117844
v 0.468167 -0.194044 0.290319
vn 0.149441 -0.959813 0.237541
v 0.479690 -0.188661 0.321916
vn 0.143367 -0.972854 0.181662
v 0.456354 -0.197225 0.300457
vn -0.017968 -0.897533 0.440581
v 0.464140 -0.185496 0.331092
vn -0.007748 -0.915670 0.401856
v 0.445878 -0.194367 0.312152
vn 0.034663 -0.977119 0.209848
v 0.424787 -0.202035 0.290758
vn -0.156979 0.981790 -0.106984
v 0.397356 -0.121713 0.253799
vn -0.115706 0.964915 -0.235692
v 0.401125 -0.125431 0.236420
vn -0.008568 0.979350 -0.201989
v 0.447508 -0.113164 0.276810
vn 0.032425 0.988246 -0.149395
v 0.459261 -0.110717 0.289492
vn 0.318420 0.854213 -0.411010
v 0.469032 -0.115010 0.283232
vn 0.547573 0.621924 -0.559799
v 0.469530 -0.122358 0.270833
vn 0.332896 0.766903 -0.548671
v 0.443077 -0.126444 0.244201
vn -0.242290 0.961750 0.127796
v 0.437403 -0.113418 0.287093
vn -0.357762 0.815117 0.455622
v 0.457728 -0.117583 0.320887
vn -0.313558 0.885791 0.342134
v 0.407939 -0.124346 0.285880
vn -0.339456 0.767943 0.543170
v 0.380365 -0.137588 0.293922
vn -0.382631 0.788122 0.482139
v 0.409938 -0.132926 0.307535
vn 0.763196 0.108991 -0.636909
v 0.482483 -0.144919 0.275140
vn 0.286586 -0.958054 0.001357
v 0.588673 -0.152588 0.398776
vn 0.705409 -0.102093 -0.701410
v 0.589851 -0.128965 0.377213
vn -0.700623 0.635143 0.325147
v 0.572769 -0.093632 0.409829
vn -0.774614 0.034645 0.631485
v 0.576841 -0.118404 0.429500
vn -0.637060 -0.377406 0.672101
v 0.569828 -0.145875 0.419532
vn 0.686555 -0.617873 -0.383243
v 0.600902 -0.145840 0.398069
vn -0.274095 -0.817045 0.507256
v 0.562153 -0.151563 0.406882
vn 0.594404 0.274610 -0.755826
v 0.605609 -0.096950 0.393896
vn 0.684324 -0.132253 -0.717084
v 0.441725 -0.158989 0.225154
vn 0.500559 -0.802323 -0.325145
v 0.473034 -0.184947 0.278437
vn 0.405158 -0.851995 -0.331590
v 0.452674 -0.189303 0.258137
vn 0.601012 -0.663623 -0.445410
v 0.479183 -0.181540 0.277636
vn 0.699090 -0.269596 -0.662262
v 0.482946 -0.171107 0.272282
vn 0.581243 0.485586 -0.652964
v 0.448595 -0.134996 0.238744
vn 0.731469 0.253326 -0.633071
v 0.461867 -0.141713 0.249373
vn 0.702889 0.331925 -0.629105
v 0.483134 -0.130980 0.280218
vn 0.643929 0.326201 -0.692061
v 0.496110 -0.130646 0.293908
vn 0.737183 -0.187006 -0.649300
v 0.524218 -0.153618 0.315561
vn 0.673136 0.233599 -0.701655
v 0.493928 -0.143807 0.288254
vn 0.680495 0.159920 -0.715088
v 0.497155 -0.151852 0.286835
vn 0.724588 -0.207816 -0.657104
v 0.495531 -0.166061 0.284167
vn 0.658353 -0.617632 -0.430234
v 0.494762 -0.174814 0.289207
vn 0.610671 -0.707418 -0.355866
v 0.496457 -0.180327 0.301620
vn -0.240211 -0.695650 0.677030
v 0.436893 -0.177699 0.336276
vn -0.469802 0.071066 0.879907
v 0.431863 -0.158957 0.343447
vn -0.460104 0.452329 0.764004
v 0.440395 -0.147889 0.343940
vn -0.423130 0.666373 0.613928
v 0.442250 -0.135139 0.334725
vn 0.699333 -0.124649 -0.703843
v 0.557348 -0.142269 0.348075
vn -0.594124 -0.007124 0.804342
v 0.549344 -0.133113 0.405758
vn -0.648245 0.366028 0.667683
v 0.540509 -0.121612 0.397390
vn -0.531083 0.589137 0.608990
v 0.504771 -0.123509 0.366994
vn -0.508333 0.365000 0.779982
v 0.408158 -0.152561 0.327935
vn -0.525238 -0.129542 0.841037
v 0.410036 -0.164941 0.330566
vn -0.424903 -0.536211 0.729339
v 0.407753 -0.177764 0.322964
vn -0.294497 -0.737777 0.607418
v 0.414174 -0.187659 0.316566
vn 0.174988 -0.978562 -0.108607
v 0.431863 -0.202246 0.278078
vn 0.314729 -0.886283 -0.339778
v 0.441198 -0.198057 0.268686
vn 0.386232 -0.853936 -0.348738
v 0.451439 -0.190670 0.263530
vn 0.657485 -0.405766 -0.634876
v 0.465954 -0.177629 0.257843
vn 0.768239 -0.021075 -0.639817
v 0.456111 -0.154181 0.240302
vn 0.731421 0.091075 -0.675817
v 0.475412 -0.155426 0.266322
vn 0.020560 0.904427 -0.426132
v 0.583701 -0.087846 0.386100
vn -0.483829 -0.582160 0.653452
v 0.352258 -0.194228 0.267128
vn 0.390357 -0.907938 -0.152543
v 0.599721 -0.149325 0.414587
vn 0.675777 0.058768 -0.734760
v 0.600605 -0.109357 0.387127
vn 0.500859 0.461917 -0.731965
v 0.643323 -0.063197 0.430136
vn 0.653619 -0.260319 0.710645
v 0.634923 -0.060916 0.458420
vn -0.844923 0.532428 -0.051243
v 0.580945 -0.082445 0.414505
vn -0.864851 0.295962 0.405511
v 0.574396 -0.100677 0.421193
vn -0.955755 0.193232 0.221795
v 0.580307 -0.081541 0.432478
vn -0.524410 0.277422 0.805004
v 0.637277 -0.108143 0.465698
vn 0.127985 -0.966211 0.223733
v 0.648284 -0.143943 0.476369
vn -0.270005 -0.902652 0.335136
v 0.584994 -0.149793 0.428130
vn 0.631606 0.067211 -0.772370
v 0.635315 -0.093331 0.419101
vn -0.725237 -0.012597 0.688384
v 0.582439 -0.126463 0.438451
vn 0.580189 -0.640811 -0.502734
v 0.631153 -0.138990 0.437302
vn 0.341425 0.593739 -0.728631
v 0.604347 -0.084440 0.399921
vn 0.664331 -0.210278 -0.717250
v 0.640722 -0.105366 0.423049
vn 0.788671 -0.049621 -0.612809
v 0.671625 -0.092970 0.444974
vn -0.800093 0.535283 -0.270781
v 0.585261 -0.063575 0.428006
vn -0.338496 0.792438 -0.507408
v 0.590189 -0.078893 0.403479
vn 0.510250 0.260454 -0.819640
v 0.628296 -0.084073 0.415110
vn -0.006076 0.596695 -0.802445
v 0.604405 -0.063864 0.412198
vn -0.389018 -0.380519 0.838970
v 0.654403 -0.135134 0.485962
vn 0.712151 -0.486009 -0.506592
v 0.656675 -0.121836 0.450603
vn 0.811130 -0.465482 -0.354111
v 0.664274 -0.108352 0.448775
vn -0.500212 0.162561 0.850507
v 0.654379 -0.120183 0.484026
vn -0.221426 -0.793106 0.567410
v 0.636480 -0.143151 0.473882
vn 0.317414 -0.927181 -0.198958
v 0.631244 -0.145072 0.446547
vn -0.045736 -0.983919 0.172662
v 0.606572 -0.151920 0.443024
vn 0.037336 0.968815 0.244956
v 0.646900 -0.047869 0.453168
vn -0.658458 0.318336 0.681979
v 0.654975 -0.058153 0.472273
vn -0.228138 -0.079515 0.970377
v 0.662535 -0.068485 0.474792
vn -0.496715 0.302184 0.813608
v 0.649284 -0.114154 0.478974
vn -0.484088 0.085819 0.870801
v 0.640432 -0.131845 0.481265
vn -0.617977 0.023633 0.785841
v 0.599221 -0.129660 0.453581
vn -0.499381 -0.522876 0.690810
v 0.603246 -0.142927 0.454722
vn -0.452481 0.101684 0.885958
v 0.600043 -0.111481 0.449382
vn -0.737483 -0.024830 0.674909
v 0.584866 -0.093163 0.444139
vn -0.745774 -0.034461 0.665307
v 0.588204 -0.074701 0.447943
vn 0.423973 0.905663 0.004587
v 0.674423 -0.073640 0.470703
vn 0.641538 0.151946 -0.751892
v 0.649765 -0.073635 0.431054
vn -0.644091 -0.388784 0.658782
v 0.584111 -0.142809 0.438460
vn -0.331850 0.091580 0.938876
v 0.632930 -0.085277 0.460608
vn 0.017319 -0.981724 0.189519
v 0.581513 -0.151517 0.415334
vn 0.720308 -0.484707 -0.496201
v 0.609607 -0.133403 0.401671
vn 0.716848 -0.163897 -0.677692
v 0.602727 -0.125681 0.390200
vn 0.438096 0.363037 -0.822360
v 0.632181 -0.058022 0.424111
vn -0.461849 0.816546 -0.346334
v 0.594880 -0.049922 0.433439
vn 0.278818 0.759761 -0.587388
v 0.628007 -0.046534 0.429091
vn 0.260380 0.944630 -0.199688
v 0.623952 -0.043429 0.436942
vn -0.715027 -0.047732 0.697465
v 0.604010 -0.057175 0.465948
vn 0.603532 -0.791498 0.096335
v 0.631198 -0.059539 0.466386
vn 0.494039 -0.707830 0.504878
v 0.622868 -0.072418 0.464144
vn -0.870295 0.373031 0.321613
v 0.591118 -0.055775 0.448281
vn -0.505887 0.826109 0.248238
v 0.612359 -0.035020 0.464342
vn -0.281963 -0.361328 0.888785
v 0.603186 -0.082889 0.453504
vn 0.466207 0.884348 -0.024060
v 0.624803 -0.036050 0.462433
vn -0.755822 0.126824 0.642378
v 0.612389 -0.049100 0.475706
vn 0.893931 0.418464 -0.160548
v 0.637637 -0.050363 0.472949
vn -0.344122 -0.651088 0.676509
v 0.616225 -0.061567 0.472996
vn -0.039230 0.834583 0.549484
v 0.631356 -0.045753 0.489462
vn 0.532831 -0.430054 0.728796
v 0.651920 -0.082578 0.509167
vn -0.103836 -0.646411 -0.755891
v 0.649146 -0.079499 0.492135
vn 0.845376 -0.104001 -0.523950
v 0.647484 -0.059219 0.482107
vn 0.476485 0.725682 0.496334
v 0.645072 -0.053866 0.500598
vn -0.786499 -0.503570 0.357543
v 0.630310 -0.068630 0.501050
vn -0.605845 -0.788170 -0.108351
v 0.635949 -0.078627 0.500113
vn -0.790356 -0.072337 0.608363
v 0.673714 -0.054410 0.495702
vn -0.296411 0.947452 0.120316
v 0.663060 -0.049018 0.466996
vn 0.866924 -0.006574 -0.498397
v 0.690807 -0.051751 0.485934
vn 0.769813 -0.027590 -0.637673
v 0.666960 -0.064839 0.442904
vn 0.525978 0.680886 -0.509648
v 0.666876 -0.053028 0.452323
vn 0.945391 -0.156993 -0.285639
v 0.673469 -0.066298 0.458846
vn 0.324445 -0.943787 0.063257
v 0.687829 -0.063542 0.490399
vn 0.401680 0.831690 -0.383334
v 0.684091 -0.045056 0.483878
vn -0.438466 0.891870 0.110978
v 0.681379 -0.042589 0.494540
vn -0.780830 0.310689 0.542011
v 0.688066 -0.044045 0.513989
vn -0.370876 -0.796603 0.477362
v 0.693301 -0.058524 0.514510
vn 0.707663 -0.705084 -0.045495
v 0.704934 -0.054868 0.518512
vn 0.238953 0.963977 0.116831
v 0.709229 -0.037449 0.531730
vn 0.969313 -0.003443 -0.245807
v 0.706859 -0.049012 0.514329
vn 0.272090 -0.595990 0.755489
v 0.703843 -0.049644 0.534880
vn 0.734855 -0.661165 0.151156
v 0.671610 -0.096987 0.473742
vn 0.624454 -0.775693 -0.091424
v 0.673971 -0.096468 0.465268
vn -0.199834 -0.171693 0.964670
v 0.671425 -0.091214 0.480390
vn 0.594615 -0.726642 -0.344128
v 0.703619 -0.086044 0.487631
vn 0.616089 0.525723 -0.586557
v 0.676866 -0.079464 0.461137
vn 0.824149 -0.268623 -0.498618
v 0.679704 -0.088503 0.461360
vn -0.743355 0.217644 0.632498
v 0.682598 -0.076002 0.493206
vn 0.847592 -0.183938 -0.497749
v 0.707196 -0.082429 0.489765
vn 0.499371 0.695724 -0.516330
v 0.700964 -0.071231 0.485787
vn 0.463038 -0.885586 -0.036516
v 0.717076 -0.081693 0.511237
vn -0.183468 -0.835839 0.517409
v 0.687239 -0.090927 0.490272
vn -0.357307 0.915238 0.186202
v 0.708516 -0.063614 0.511174
vn 0.310292 0.946249 -0.091282
v 0.727698 -0.060390 0.521506
vn 0.747878 0.167257 -0.642420
v 0.702954 -0.075491 0.484341
vn 0.817145 -0.087666 -0.569726
v 0.727265 -0.071882 0.513219
vn 0.964060 -0.257082 0.067054
v 0.740767 -0.070897 0.535762
vn -0.461576 -0.031157 0.886553
v 0.726468 -0.070763 0.536150
vn 0.791958 -0.226468 -0.567023
v 0.673082 -0.114315 0.468399
vn -0.440492 0.858119 0.263816
v 0.682786 -0.093800 0.495116
vn -0.350437 0.382802 0.854784
v 0.658941 -0.101168 0.481197
vn 0.611893 -0.735734 -0.290315
v 0.692715 -0.111558 0.493099
vn 0.257845 0.850971 -0.457563
v 0.683345 -0.097444 0.484799
vn -0.540756 0.270223 0.796595
v 0.663848 -0.106864 0.483813
vn 0.059039 -0.916479 0.395703
v 0.671907 -0.118799 0.486100
vn -0.617184 -0.068848 0.783801
v 0.688792 -0.105919 0.509927
vn 0.809107 -0.376777 -0.450981
v 0.721669 -0.097081 0.518826
vn 0.496593 -0.705065 0.506240
v 0.728021 -0.095777 0.540020
vn -0.258049 0.792252 0.552944
v 0.718945 -0.083760 0.532085
vn 0.703521 0.497393 -0.507601
v 0.726573 -0.086447 0.525004
vn 0.772249 -0.447942 -0.450533
v 0.666368 -0.123661 0.475985
vn -0.628618 0.056852 0.775634
v 0.671316 -0.126538 0.501225
vn 0.648097 -0.611435 -0.454002
v 0.654520 -0.139936 0.461956
vn 0.063453 -0.893609 0.444339
v 0.682052 -0.130467 0.501702
vn 0.337402 -0.780103 0.526878
v 0.699695 -0.117372 0.524570
vn 0.014697 0.979697 -0.199945
v 0.683670 -0.112397 0.499698
vn 0.807488 -0.329609 -0.489204
v 0.688308 -0.124868 0.495546
vn 0.176277 0.977497 0.115874
v 0.702048 -0.107586 0.520050
vn -0.909988 0.352449 0.218406
v -0.174309 0.409696 0.120243
vn -0.939594 0.296199 0.171550
v -0.181676 0.398218 0.104412
vn -0.975016 0.195122 0.106167
v -0.186891 0.385472 0.088843
vn -0.934129 0.332898 0.128769
v -0.182366 0.407999 0.080858
vn -0.993650 -0.027453 0.109114
v -0.183333 0.299302 0.152179
vn -0.996141 -0.067503 0.056093
v -0.189946 0.339992 0.111676
vn -0.949237 0.163650 0.268640
v -0.179355 0.364387 0.147983
vn -0.394190 0.821683 0.411645
v -0.117564 0.442964 0.170221
vn -0.014855 -0.836688 -0.547478
v -0.105697 0.297771 0.032824
vn 0.192159 -0.823797 -0.533323
v -0.085965 0.295437 0.040132
vn -0.170036 -0.806633 -0.566066
v -0.114853 0.280247 0.059922
vn -0.515990 -0.699315 -0.494685
v -0.146988 0.279837 0.076569
vn -0.968565 -0.240797 -0.062432
v -0.182546 0.288540 0.133880
vn -0.810457 -0.473302 -0.345173
v -0.171507 0.272562 0.124276
vn 0.873614 0.286049 0.393668
v -0.031072 0.433557 0.122488
vn 0.907340 0.173971 0.382711
v -0.019793 0.421468 0.103924
vn 0.986783 0.040610 0.156875
v -0.003823 0.393557 0.071516
vn 0.974478 -0.197217 -0.107227
v -0.005773 0.375081 0.052671
vn 0.970162 -0.237400 -0.049265
v -0.007426 0.364849 0.065916
vn 0.988142 -0.028690 0.150837
v -0.005989 0.379732 0.084969
vn 0.888813 -0.338440 -0.308981
v -0.014430 0.357102 0.038174
vn 0.924279 0.152316 0.350011
v -0.010122 0.407624 0.086089
vn 0.882641 0.304270 0.358279
v -0.020316 0.438058 0.095420
vn 0.817213 0.462235 0.344241
v -0.044042 0.434976 0.150788
vn 0.749920 0.502260 0.430528
v -0.044598 0.444209 0.142219
vn 0.517572 0.754018 0.404447
v -0.059293 0.442234 0.167166
vn -0.496373 -0.701586 -0.511264
v -0.149265 0.318728 0.021694
vn -0.242197 -0.796449 -0.554085
v -0.131788 0.316543 0.012142
vn -0.694868 -0.575834 -0.430783
v -0.167666 0.324813 0.037771
vn -0.855411 -0.350820 -0.381047
v -0.178827 0.345330 0.034168
vn -0.865263 -0.390581 -0.314271
v -0.180987 0.332093 0.053962
vn -0.189970 -0.791509 -0.580883
v -0.115855 0.316301 0.007159
vn 0.034427 -0.817606 -0.574748
v -0.104763 0.316382 0.004985
vn 0.232652 -0.762849 -0.603270
v -0.085602 0.330532 -0.010285
vn 0.342397 -0.744620 -0.572979
v -0.073235 0.320122 0.010491
vn 0.769415 -0.418104 -0.482897
v -0.025318 0.359794 0.014785
vn 0.564787 -0.591862 -0.575077
v -0.042420 0.333616 0.020663
vn 0.990503 0.102153 0.092026
v -0.003046 0.406778 0.059252
vn -0.976194 -0.165709 -0.139952
v -0.188964 0.344747 0.074088
vn -0.996155 0.086109 -0.016120
v -0.189461 0.373348 0.073197
vn -0.993035 0.092417 -0.073076
v -0.187483 0.385615 0.054566
vn -0.477890 -0.726215 -0.494200
v -0.150298 0.304042 0.043582
vn -0.264261 -0.805157 -0.530931
v -0.135205 0.300087 0.039409
vn -0.684631 -0.609805 -0.399272
v -0.167220 0.309800 0.058609
vn -0.686014 -0.595103 -0.418614
v -0.160809 0.281510 0.093686
vn -0.870725 -0.419436 -0.256731
v -0.180099 0.316042 0.074651
vn -0.818867 -0.487660 -0.302731
v -0.177382 0.300233 0.094983
vn -0.819808 -0.489411 -0.297308
v -0.174968 0.284370 0.113298
vn -0.210256 -0.813128 -0.542784
v -0.118231 0.295525 0.038418
vn -0.962807 -0.239267 -0.125514
v -0.186760 0.326338 0.092391
vn 0.912156 0.166842 0.374346
v -0.020443 0.404961 0.109136
vn 0.905184 0.221618 0.362666
v -0.030525 0.420620 0.128455
vn 0.896004 -0.411056 -0.167959
v -0.015070 0.345753 0.049011
vn 0.736675 -0.517923 -0.434817
v -0.026984 0.334376 0.037048
vn -0.566676 0.710839 0.416638
v -0.138450 0.448891 0.138129
vn -0.732327 -0.488268 -0.474648
v -0.165018 0.340494 0.013495
vn -0.923171 0.356463 0.143836
v -0.175070 0.419086 0.093842
vn -0.866427 0.440773 0.234569
v -0.168853 0.429242 0.107371
vn 0.180763 0.839069 0.513116
v -0.076105 0.461200 0.148706
vn 0.636416 0.614682 0.465983
v -0.046161 0.456458 0.129452
vn 0.802899 0.435404 0.407156
v -0.032552 0.448970 0.113168
vn 0.471196 -0.667679 -0.576350
v -0.070310 0.338999 -0.011055
vn -0.037634 -0.756668 -0.652716
v -0.102266 0.330623 -0.014146
vn -0.965290 -0.123179 -0.230311
v -0.186245 0.370874 0.040005
vn -0.982022 0.187235 0.023984
v -0.185693 0.397265 0.068461
vn -0.939746 -0.316005 -0.130457
v -0.179796 0.277324 0.145660
vn -0.673594 -0.576021 -0.463109
v -0.159008 0.271236 0.103726
vn 0.092799 -0.833694 -0.544374
v -0.100794 0.281814 0.058224
vn 0.918529 0.157772 0.362509
v -0.011814 0.392771 0.096727
vn 0.239356 0.874234 0.422402
v -0.076049 0.444455 0.175868
vn -0.006594 0.895798 0.444413
v -0.089578 0.446772 0.175954
vn -0.213578 0.900357 0.379132
v -0.103855 0.445176 0.175955
vn -0.851787 -0.390450 0.349295
v -0.018803 0.365718 0.111370
vn -0.114019 -0.971268 0.208898
v -0.015905 0.366377 0.127096
vn 0.977601 -0.178865 -0.110918
v -0.005817 0.376028 0.173750
vn 0.676453 -0.377590 0.632327
v -0.034708 0.331424 0.070248
vn -0.714009 -0.337522 0.613409
v -0.025056 0.337318 0.075772
vn -0.106041 -0.432566 0.895344
v -0.029826 0.329606 0.067142
vn -0.798002 -0.376469 0.470599
v -0.021275 0.349424 0.089568
vn -0.433379 0.165955 -0.885800
v -0.081322 0.255163 0.083751
vn 0.116567 -0.156408 -0.980790
v -0.053313 0.308008 0.082611
vn 0.994989 0.099164 -0.012777
v -0.001801 0.368829 0.221840
vn -0.564033 -0.122321 -0.816642
v -0.124988 0.223044 0.109678
vn -0.371306 -0.351072 -0.859581
v -0.119482 0.240550 0.103330
vn 0.486815 -0.839531 0.241246
v -0.014257 0.369604 0.107705
vn 0.675706 -0.675259 0.295713
v -0.020039 0.336243 0.075419
vn -0.082443 -0.791695 0.605328
v -0.019002 0.351020 0.094058
vn 0.739724 -0.658055 0.140613
v -0.015016 0.371615 0.125600
vn -0.930090 0.217578 0.295960
v -0.169383 0.378560 0.172199
vn -0.421360 0.829963 0.365536
v -0.115855 0.431548 0.201307
vn 0.922703 0.332776 0.194626
v -0.029658 0.413180 0.132840
vn 0.928591 0.204283 0.309819
v -0.020952 0.394541 0.115315
vn 0.950538 0.070201 0.302571
v -0.008490 0.374376 0.095515
vn 0.304366 -0.934611 0.184018
v -0.011715 0.356250 0.103128
vn 0.972149 0.102530 0.210744
v -0.011687 0.364496 0.108304
vn -0.945067 -0.173289 0.277163
v -0.160615 0.195738 0.216353
vn -0.769693 -0.285039 -0.571248
v -0.145495 0.200013 0.135479
vn -0.837301 -0.294475 -0.460664
v -0.153587 0.197155 0.150556
vn -0.902768 -0.280850 -0.325780
v -0.159555 0.194664 0.166683
vn -0.954015 -0.258417 -0.151910
v -0.163598 0.196276 0.181397
vn -0.974758 -0.214893 0.060559
v -0.163471 0.193450 0.200317
vn 0.522453 -0.802493 -0.288181
v -0.057524 0.291577 0.064609
vn 0.721212 -0.687459 0.085163
v -0.043968 0.304303 0.059977
vn 0.628679 -0.485947 0.607139
v -0.039374 0.312302 0.064855
vn 0.757926 -0.452457 0.469927
v -0.048163 0.307767 0.073617
vn 0.514732 -0.777072 -0.362229
v -0.050230 0.301670 0.051253
vn -0.975322 -0.175886 0.133459
v -0.169813 0.220430 0.199190
vn -0.988402 -0.118525 0.094938
v -0.177221 0.253811 0.181220
vn -0.643294 -0.529411 -0.553079
v -0.156734 0.261123 0.112708
vn -0.804641 -0.393065 -0.445031
v -0.168623 0.261219 0.131826
vn -0.977004 -0.176791 -0.119195
v -0.175922 0.248779 0.163073
vn -0.933393 -0.047267 0.355729
v -0.166516 0.250926 0.224128
vn -0.928850 -0.312635 -0.198738
v -0.166925 0.214002 0.165685
vn -0.962899 -0.267352 -0.036718
v -0.169138 0.214500 0.182118
vn -0.795528 -0.183541 -0.577450
v -0.139568 0.190424 0.130876
vn 0.457795 -0.124309 0.880324
v -0.018603 0.281307 0.301375
vn 0.123980 -0.350882 0.928176
v -0.040165 0.215826 0.287333
vn 0.728763 -0.664062 0.167111
v -0.010130 0.355441 0.074960
vn 0.892634 -0.436688 0.111838
v -0.009039 0.361176 0.093923
vn 0.840112 -0.542375 0.006446
v -0.016850 0.341286 0.057816
vn 0.969025 -0.240415 -0.056482
v -0.008366 0.369694 0.140230
vn 0.985456 0.142181 -0.093069
v -0.006051 0.383079 0.171814
vn 0.856419 0.510336 -0.078124
v -0.012483 0.401668 0.171979
vn 0.806272 0.552532 -0.211266
v -0.017295 0.404948 0.152607
vn 0.982603 0.185285 0.012642
v -0.002521 0.378727 0.228925
vn 0.824691 0.511425 0.241517
v -0.004549 0.380461 0.240845
vn 0.659248 0.674771 0.331778
v -0.010017 0.392057 0.227677
vn 0.728596 0.684938 -0.002715
v -0.020333 0.412825 0.176966
vn 0.657083 0.740688 -0.140084
v -0.023834 0.414908 0.160040
vn 0.507550 0.610807 0.607707
v -0.019824 0.380412 0.262316
vn 0.561860 0.700392 0.440186
v -0.023550 0.399740 0.240301
vn 0.558647 0.821839 0.111777
v -0.032484 0.422310 0.188342
vn 0.389880 0.215505 0.895294
v -0.027151 0.321510 0.304746
vn 0.612906 0.182395 0.768816
v -0.013391 0.320376 0.296586
vn 0.371753 0.457913 0.807537
v -0.031824 0.353779 0.293435
vn 0.525410 0.426155 0.736435
v -0.016715 0.345995 0.289679
vn 0.382421 0.627009 0.678686
v -0.036652 0.382086 0.274930
vn 0.329504 0.748293 0.575746
v -0.041220 0.402983 0.253408
vn 0.207162 0.234708 0.949735
v -0.043347 0.321806 0.309529
vn 0.154308 0.419586 0.894504
v -0.049075 0.348994 0.301277
vn 0.141772 0.594618 0.791411
v -0.054499 0.377103 0.285317
vn 0.785601 -0.589250 -0.188719
v -0.027970 0.325208 0.046316
vn 0.724488 -0.645163 -0.242655
v -0.039496 0.311064 0.048453
vn 0.789571 -0.605702 -0.098502
v -0.028666 0.323902 0.052770
vn 0.779369 -0.596443 -0.191934
v -0.035975 0.313311 0.056890
vn 0.810106 -0.586283 0.000165
v -0.027651 0.324978 0.061753
vn 0.511367 -0.683884 0.520390
v -0.032714 0.316326 0.061604
vn 0.524106 -0.755620 0.392875
v -0.026584 0.325426 0.067582
vn 0.298907 -0.933517 0.197991
v -0.012442 0.361684 0.088759
vn 0.178230 -0.784102 0.594489
v -0.021571 0.338711 0.079976
vn 0.878904 -0.471695 0.070932
v -0.018879 0.338140 0.064914
vn -0.279546 0.943763 -0.176536
v -0.011578 0.361694 0.117160
vn -0.621514 -0.101430 -0.776809
v -0.118481 0.191002 0.106739
vn -0.242604 -0.628250 -0.739219
v -0.123640 0.253646 0.096549
vn -0.446639 -0.527190 -0.722900
v -0.138696 0.249114 0.107305
vn -0.488469 -0.312254 -0.814798
v -0.133973 0.234018 0.112922
vn -0.631138 -0.374713 -0.679158
v -0.153234 0.243957 0.120641
vn -0.634035 -0.296685 -0.714127
v -0.145203 0.226260 0.122748
vn -0.684954 -0.209497 -0.697817
v -0.136326 0.206303 0.121506
vn -0.797574 -0.312878 -0.515736
v -0.164058 0.241425 0.134243
vn -0.773315 -0.346594 -0.530902
v -0.154599 0.218756 0.136496
vn -0.150825 -0.212238 -0.965509
v -0.091692 0.258459 0.090926
vn -0.444468 -0.036992 -0.895031
v -0.103019 0.246189 0.094641
vn -0.131362 -0.468643 -0.873566
v -0.107493 0.250308 0.095171
vn 0.465476 -0.675009 -0.572446
v -0.080377 0.271026 0.086739
vn -0.102059 -0.134190 -0.985686
v -0.075126 0.274865 0.085598
vn -0.322834 -0.290478 0.900778
v -0.101028 0.205158 0.280368
vn -0.525086 -0.194892 0.828433
v -0.115477 0.241920 0.285965
vn -0.346736 -0.279566 0.895331
v -0.107034 0.233848 0.288208
vn -0.529098 -0.180290 0.829187
v -0.118889 0.272399 0.290587
vn -0.330003 -0.194655 0.923692
v -0.098001 0.273228 0.300602
vn -0.291058 -0.226911 0.929406
v -0.091812 0.251237 0.298061
vn -0.121998 -0.261967 0.957335
v -0.072470 0.250694 0.302253
vn -0.938608 -0.275943 -0.207052
v -0.172115 0.230180 0.165252
vn -0.892276 -0.291308 -0.344939
v -0.169327 0.235367 0.150402
vn -0.859622 -0.340546 -0.380891
v -0.162231 0.215168 0.151820
vn -0.927229 -0.148724 -0.343696
v -0.152804 0.172906 0.159252
vn -0.870882 -0.140867 -0.470872
v -0.148228 0.183545 0.146259
vn -0.976462 -0.126378 -0.174787
v -0.158684 0.174825 0.178244
vn -0.973374 -0.228058 -0.023064
v -0.173397 0.229941 0.181525
vn -0.993019 -0.105570 0.052619
v -0.161082 0.176239 0.199715
vn 0.531113 0.846769 0.030024
v -0.036003 0.426057 0.174528
vn 0.347743 0.913120 0.212807
v -0.052185 0.433052 0.192152
vn 0.117354 0.706991 0.697418
v -0.058957 0.398459 0.266268
vn 0.215576 -0.706119 -0.674480
v -0.095053 0.259356 0.089599
vn 0.258902 -0.819122 -0.511868
v -0.081602 0.283692 0.063032
vn 0.735412 -0.654452 0.175672
v -0.056206 0.292196 0.071220
vn 0.807084 -0.510880 0.296004
v -0.060443 0.294913 0.081718
vn 0.449063 -0.818811 -0.357618
v -0.074090 0.277618 0.074675
vn -0.466542 0.349331 0.812592
v -0.108192 0.352380 0.288468
vn -0.503919 0.553270 0.663293
v -0.112488 0.381732 0.268475
vn -0.471379 0.728023 0.497780
v -0.116909 0.415841 0.229098
vn -0.184525 0.405757 0.895160
v -0.084121 0.356209 0.296330
vn -0.194736 0.522072 0.830373
v -0.087931 0.375272 0.285317
vn -0.291044 0.768580 0.569717
v -0.101972 0.415445 0.239676
vn -0.271470 0.877515 0.395312
v -0.105142 0.434701 0.204922
vn -0.048360 0.336469 0.940452
v -0.065434 0.340205 0.305280
vn -0.034861 0.507437 0.860983
v -0.070426 0.367158 0.292543
vn -0.035083 0.607271 0.793720
v -0.075047 0.386952 0.278317
vn -0.074742 0.796481 0.600026
v -0.082033 0.409348 0.253916
vn -0.048175 0.864849 0.499715
v -0.086112 0.422290 0.233489
vn 0.840969 0.123816 0.526727
v -0.005071 0.318081 0.288565
vn 0.803075 0.276675 0.527751
v -0.005875 0.342670 0.280913
vn -0.441307 0.170945 -0.880923
v -0.060241 0.279582 0.079465
vn -0.691514 0.239298 -0.681575
v -0.039692 0.344208 0.084300
vn -0.709482 -0.130331 0.692567
v -0.032658 0.362582 0.085698
vn -0.913874 -0.181118 0.363361
v -0.023798 0.371047 0.102312
vn -0.962365 -0.125074 0.241266
v -0.020383 0.377435 0.119647
vn -0.827652 0.476122 0.297154
v -0.018820 0.378124 0.128075
vn 0.940082 -0.321971 -0.112167
v -0.013205 0.372959 0.151426
vn -0.719012 0.603051 0.345473
v -0.155912 0.439620 0.123651
vn -0.419683 0.777241 0.468788
v -0.122066 0.454480 0.145336
vn 0.475822 0.731663 0.488122
v -0.059727 0.451094 0.153542
vn 0.936109 0.213918 0.279174
v -0.010070 0.423310 0.076750
vn 0.886505 -0.291520 -0.359339
v -0.013528 0.373750 0.026054
vn 0.625453 -0.550980 -0.552476
v -0.039494 0.352953 0.003879
vn -0.234296 -0.746209 -0.623120
v -0.127615 0.332042 -0.009862
vn -0.490328 -0.655075 -0.574852
v -0.145599 0.334472 -0.001911
vn -0.873419 -0.280379 -0.398154
v -0.175868 0.356585 0.020581
vn 0.465402 -0.664008 -0.585230
v -0.057436 0.321052 0.020684
vn -0.160291 -0.752425 -0.638877
v -0.117464 0.332166 -0.011879
vn -0.222931 -0.795637 -0.563261
v -0.122279 0.316940 0.009984
vn -0.228183 -0.812028 -0.537162
v -0.126094 0.297422 0.041497
vn -0.039123 0.864656 0.500839
v -0.092744 0.454823 0.160954
vn -0.236435 0.836987 0.493510
v -0.107023 0.458589 0.149954
vn 0.102100 -0.244850 0.964170
v -0.027865 0.194639 0.278744
vn 0.408229 -0.259497 0.875220
v -0.012004 0.233014 0.285197
vn 0.585512 -0.655686 -0.476709
v -0.041377 0.315249 0.039998
vn 0.362750 -0.763044 -0.534955
v -0.060172 0.307158 0.034733
vn -0.272153 -0.781119 -0.561948
v -0.131754 0.281471 0.066104
vn -0.425807 -0.696539 -0.577513
v -0.143275 0.265742 0.092755
vn -0.221615 -0.760794 -0.609983
v -0.127501 0.266064 0.084213
vn -0.022669 -0.744459 -0.667283
v -0.109938 0.261144 0.087291
vn 0.163072 -0.792588 -0.587547
v -0.093401 0.273733 0.072839
vn 0.933489 0.354166 -0.056254
v -0.019863 0.386699 0.122447
vn 0.797307 0.563433 -0.216436
v -0.027802 0.408934 0.136716
vn -0.976612 0.169134 0.132749
v -0.187100 0.372176 0.106634
vn -0.999338 0.018249 0.031474
v -0.191188 0.356906 0.093154
vn -0.951402 0.223684 0.211659
v -0.180706 0.382030 0.129672
vn -0.673627 0.650063 0.351631
v -0.143745 0.420650 0.177919
vn 0.225977 0.924975 0.305540
v -0.075988 0.438726 0.192088
vn 0.015559 0.926125 0.376897
v -0.090920 0.436300 0.204251
vn 0.490915 0.848912 0.195833
v -0.058335 0.437085 0.177932
vn 0.702785 0.711174 0.018015
v -0.042192 0.427724 0.160236
vn 0.235336 -0.892807 0.384073
v -0.012057 0.378630 0.133491
vn 0.094043 -0.995007 0.033424
v -0.010231 0.374554 0.140876
vn -0.219373 0.851294 0.476628
v -0.104107 0.426486 0.221573
vn -0.955236 -0.266943 -0.127534
v -0.184981 0.307408 0.110763
vn -0.955056 0.122965 0.269719
v -0.178089 0.349949 0.157931
vn -0.993380 -0.047939 0.104398
v -0.185577 0.317336 0.133943
vn -0.956139 0.138699 0.257994
v -0.173716 0.345267 0.176998
vn -0.901788 0.233596 0.363609
v -0.158421 0.361940 0.214028
vn 0.171714 0.920380 0.351304
v -0.069590 0.431334 0.210618
vn 0.406628 0.880369 0.244139
v -0.050179 0.429280 0.201434
vn 0.902076 0.360037 -0.237976
v -0.012159 0.392454 0.148941
vn -0.938922 0.166257 0.301303
v -0.166243 0.338027 0.207035
vn -0.734145 0.448264 0.509991
v -0.134795 0.387807 0.237860
vn -0.993288 -0.079860 0.083677
v -0.180515 0.283457 0.169440
vn -0.958129 0.129290 0.255485
v -0.171930 0.325478 0.193810
vn -0.824935 0.276258 0.493116
v -0.143545 0.351148 0.251753
vn 0.127326 0.884914 0.448013
v -0.066574 0.423317 0.228662
vn -0.311266 0.731226 0.606978
v -0.099884 0.403513 0.255696
vn -0.504820 0.609711 0.611073
v -0.113655 0.394707 0.256058
vn -0.646850 0.504501 0.571895
v -0.123712 0.385618 0.254620
vn 0.324882 0.885571 0.331986
v -0.045686 0.420763 0.222068
vn 0.557226 0.804594 0.205250
v -0.028932 0.416088 0.208989
vn 0.747648 0.658745 0.084133
v -0.015377 0.405921 0.198759
vn 0.921060 0.386587 -0.046892
v -0.007747 0.395000 0.186476
vn -0.948391 0.102049 0.300235
v -0.168281 0.302035 0.217759
vn -0.745745 0.319157 0.584811
v -0.132491 0.354921 0.265714
vn -0.912434 0.047095 0.406504
v -0.163888 0.291301 0.231774
vn -0.738322 0.222524 0.636682
v -0.130154 0.338814 0.276039
vn 0.135466 0.835569 0.532422
v -0.061658 0.409753 0.252108
vn -0.039868 0.735699 0.676135
v -0.078312 0.397493 0.268280
vn -0.186624 0.642759 0.742989
v -0.091208 0.387082 0.275936
vn -0.506857 0.442622 0.739718
v -0.110471 0.367847 0.279200
vn 0.376307 0.834782 0.401911
v -0.043771 0.413257 0.238156
vn -0.992111 -0.122980 0.024322
v -0.178956 0.268199 0.177427
vn 0.600465 0.750051 0.277245
v -0.026186 0.408957 0.225481
vn 0.772323 0.617985 0.147007
v -0.011993 0.399402 0.214375
vn 0.911455 0.409329 0.041215
v -0.005852 0.391320 0.204494
vn -0.953852 -0.001208 0.300274
v -0.172248 0.279792 0.209528
vn -0.931950 -0.270027 -0.241981
v -0.176593 0.266688 0.148083
vn -0.702707 0.152155 0.695019
v -0.127450 0.322781 0.283880
vn -0.287675 0.154763 0.945141
v -0.091928 0.321977 0.304766
vn 0.039832 -0.052319 0.997836
v -0.050826 0.296153 0.312136
vn -0.460282 -0.141225 0.876468
v -0.110561 0.281253 0.297278
vn 0.229102 0.012152 0.973327
v -0.038088 0.298831 0.310463
vn 0.443501 0.013642 0.896170
v -0.022837 0.300380 0.304807
vn 0.887252 0.007236 0.461227
v -0.002475 0.285407 0.288073
vn -0.713429 -0.122635 0.689913
v -0.138935 0.247555 0.267364
vn 0.325204 -0.156059 0.932678
v -0.032056 0.281094 0.307221
vn 0.137656 -0.177068 0.974525
v -0.044468 0.278577 0.309932
vn 0.438420 -0.227435 0.869518
v -0.016796 0.253562 0.294422
vn -0.169095 -0.319952 0.932222
v -0.079330 0.233237 0.295503
vn 0.053760 -0.288049 0.956106
v -0.053667 0.261072 0.306136
vn 0.597777 -0.155300 0.786476
v -0.005624 0.259410 0.288695
vn -0.510300 -0.272928 0.815539
v -0.120189 0.226050 0.278176
vn -0.645522 -0.201194 0.736764
v -0.136639 0.230043 0.266136
vn -0.793303 -0.170922 0.584342
v -0.152511 0.215550 0.245398
vn -0.951442 -0.185359 0.245767
v -0.165975 0.214569 0.215664
vn -0.910572 -0.155755 0.382883
v -0.161646 0.216117 0.228134
vn 0.007335 -0.351627 0.936112
v -0.065070 0.227672 0.294933
vn -0.428802 -0.224265 0.875119
v -0.111137 0.198130 0.273436
vn -0.567444 -0.155496 0.808596
v -0.122013 0.197109 0.266391
vn -0.684480 -0.146762 0.714107
v -0.136833 0.194921 0.254914
vn -0.781775 -0.146443 0.606120
v -0.145756 0.193852 0.245298
vn -0.147257 -0.288248 0.946165
v -0.087018 0.208524 0.285226
vn -0.973805 0.099237 0.204586
v -0.186607 0.352730 0.126106
vn -0.978430 -0.006485 0.206475
v -0.177329 0.281439 0.191576
vn -0.976941 0.066470 0.202898
v -0.178710 0.298108 0.181168
vn -0.973881 0.083922 0.210980
v -0.180371 0.313462 0.165245
vn -0.972758 -0.079527 0.217755
v -0.174389 0.253963 0.197926
vn -0.958658 -0.081323 0.272694
v -0.170370 0.246807 0.211566
vn -0.884623 -0.133540 0.446777
v -0.152643 0.192256 0.233855
vn -0.881638 -0.051930 0.469060
v -0.160033 0.249209 0.238797
vn -0.809793 -0.061119 0.583524
v -0.149904 0.250567 0.254814
vn -0.913227 0.301105 0.274504
v -0.172441 0.391161 0.151176
vn -0.834277 0.465004 0.296232
v -0.165516 0.419081 0.134891
vn -0.846912 0.427120 0.316716
v -0.163219 0.404833 0.162592
vn -0.905607 0.166767 0.389955
v -0.162018 0.323576 0.226568
vn -0.871090 0.126127 0.474652
v -0.155409 0.310917 0.244263
vn -0.853626 0.026877 0.520193
v -0.154835 0.289458 0.248612
vn -0.869959 0.352566 0.344774
v -0.159623 0.388855 0.192600
vn -0.811244 0.226692 0.538974
v -0.140494 0.339279 0.261790
vn -0.787397 -0.028816 0.615773
v -0.141956 0.287365 0.268027
vn -0.707164 0.607414 0.361893
v -0.151902 0.425216 0.156583
vn -0.810998 0.414553 0.412828
v -0.151418 0.389997 0.209595
vn -0.852538 0.295338 0.431225
v -0.149732 0.361187 0.234286
vn -0.766052 0.534043 0.357718
v -0.151770 0.403218 0.191604
vn -0.685524 0.049697 0.726352
v -0.125248 0.304747 0.288605
vn -0.777038 0.082080 0.624079
v -0.133609 0.309788 0.278697
vn -0.653425 -0.092259 0.751348
v -0.124689 0.282023 0.287760
vn -0.813238 0.128396 0.567590
v -0.137138 0.320251 0.272528
vn -0.678249 -0.144495 0.720485
v -0.126535 0.264113 0.282547
vn -0.792079 0.375538 0.481230
v -0.143482 0.373580 0.236800
vn -0.727437 0.574181 0.375701
v -0.144746 0.409578 0.196600
vn -0.758619 0.367517 0.537986
v -0.134146 0.369401 0.254311
vn -0.749467 0.489113 0.446170
v -0.142087 0.397588 0.217452
vn -0.613543 0.686777 0.389745
v -0.130406 0.420461 0.204565
vn -0.568903 0.732377 0.374130
v -0.133612 0.434170 0.169260
vn -0.635040 0.595521 0.492015
v -0.126001 0.410475 0.226426
vn -0.629887 0.446033 0.635843
v -0.122952 0.370010 0.267530
vn -0.631475 0.347829 0.693004
v -0.120971 0.354858 0.278369
vn -0.595018 0.258013 0.761172
v -0.118738 0.338364 0.287247
vn -0.537496 0.167602 0.826442
v -0.116570 0.319572 0.293949
vn -0.513465 -0.016404 0.857954
v -0.114296 0.299836 0.297069
vn -0.378036 0.107262 0.919556
v -0.102853 0.310960 0.302180
vn -0.417883 0.261047 0.870189
v -0.105947 0.332917 0.296709
vn -0.330734 -0.064894 0.941490
v -0.100003 0.292237 0.303001
vn -0.010142 -0.330300 0.943821
v -0.072183 0.205600 0.285946
vn -0.345770 0.638420 0.687650
v -0.097815 0.395194 0.266941
vn -0.359912 0.407951 0.839071
v -0.098078 0.364237 0.288078
vn -0.391884 0.504121 0.769603
v -0.100585 0.378102 0.278594
vn -0.328846 0.283803 0.900731
v -0.095253 0.344967 0.297561
vn -0.231371 -0.155355 0.960381
v -0.083617 0.281697 0.306353
vn -0.260931 -0.006214 0.965337
v -0.088078 0.300850 0.307250
vn -0.186274 0.240351 0.952646
v -0.080307 0.331513 0.305998
vn -0.182914 0.084088 0.979526
v -0.076912 0.307520 0.310247
vn -0.070317 -0.177711 0.981567
v -0.060188 0.277226 0.309902
vn 0.107929 -0.342030 0.933470
v -0.048326 0.237476 0.297233
vn -0.132020 -0.081266 0.987910
v -0.065958 0.291086 0.311259
vn -0.001701 0.129674 0.991555
v -0.060420 0.315515 0.312078
vn 0.956507 0.207780 0.204748
v -0.002739 0.362059 0.259388
vn 0.249173 -0.292865 0.923116
v -0.035069 0.253172 0.300500
vn 0.658943 0.562060 0.499883
v -0.008532 0.367105 0.266360
vn 0.645912 -0.032387 0.762725
v -0.008131 0.289234 0.296027
vn -0.070172 -0.699218 -0.711457
v -0.106444 0.351762 -0.034434
vn -0.203729 -0.690441 -0.694108
v -0.121495 0.350230 -0.031557
vn 0.093190 -0.706229 -0.701823
v -0.091485 0.351670 -0.035285
vn 0.489009 -0.654102 -0.577080
v -0.068571 0.356319 -0.030104
vn 0.308953 -0.704181 -0.639279
v -0.079000 0.353548 -0.033609
vn 0.597629 -0.597454 -0.534685
v -0.053343 0.361870 -0.019499
vn 0.829908 -0.330748 -0.449287
v -0.023250 0.383151 0.001190
vn 0.682093 -0.516095 -0.518069
v -0.038041 0.370788 -0.011738
vn 0.763438 -0.428702 -0.483091
v -0.032382 0.374400 -0.007277
vn -0.483401 -0.589267 -0.647371
v -0.140525 0.352423 -0.024065
vn -0.708715 -0.441364 -0.550382
v -0.159902 0.358711 -0.010848
vn 0.981123 -0.108696 -0.159949
v -0.004917 0.389410 0.041502
vn 0.992626 0.121170 -0.003351
v -0.004930 0.426523 0.045968
vn 0.947732 0.261404 0.182954
v -0.011025 0.441534 0.062349
vn 0.903230 -0.229873 -0.362400
v -0.013396 0.394519 0.011073
vn 0.870989 0.392135 0.295987
v -0.021244 0.455953 0.079842
vn -0.982623 0.182609 -0.033241
v -0.182632 0.412571 0.043208
vn -0.987684 0.097065 -0.122713
v -0.184042 0.399304 0.030633
vn -0.939308 0.334020 0.078296
v -0.180900 0.422083 0.052381
vn -0.890515 -0.239134 -0.387038
v -0.173553 0.372021 0.003556
vn -0.971422 -0.033891 -0.234928
v -0.182792 0.389157 0.020613
vn -0.925952 0.341842 0.160491
v -0.170649 0.440909 0.074737
vn -0.775875 0.545473 0.316981
v -0.160310 0.452336 0.090778
vn -0.939373 0.326238 0.105578
v -0.174302 0.430274 0.061356
vn -0.540957 0.691418 0.478860
v -0.126537 0.468641 0.118048
vn -0.630492 0.659014 0.410098
v -0.143000 0.462763 0.107972
vn -0.057130 0.831625 0.552391
v -0.097614 0.474692 0.127240
vn 0.077727 0.834538 0.545441
v -0.078777 0.475348 0.126228
vn 0.359577 0.768348 0.529478
v -0.063862 0.475066 0.121218
vn -0.304158 0.771542 0.558759
v -0.110593 0.473323 0.125556
vn 0.032768 0.832310 0.553341
v -0.090068 0.474366 0.126245
vn 0.761188 0.515125 0.394003
v -0.034463 0.467054 0.097337
vn 0.582869 0.653543 0.482851
v -0.048588 0.472693 0.111762
vn 0.973769 0.127614 -0.188385
v -0.046585 0.610185 -0.175357
vn 0.946307 0.323253 -0.003111
v -0.041184 0.627757 -0.146124
vn -0.972126 0.144728 0.184457
v -0.150454 0.615437 -0.165947
vn -0.986089 -0.102652 -0.130735
v -0.152358 0.609894 -0.179425
vn -0.612655 -0.548118 -0.569403
v -0.142360 0.587118 -0.174591
vn -0.632264 0.520619 0.573757
v -0.132078 0.637263 -0.137252
vn -0.594771 0.566287 0.570584
v -0.132157 0.673772 -0.168516
vn -0.382189 0.658121 0.648697
v -0.124296 0.691966 -0.181657
vn 0.422388 0.768831 0.480092
v -0.064225 0.651453 -0.138486
vn 0.254337 0.780053 0.571690
v -0.073813 0.662455 -0.147897
vn 0.098058 0.710817 0.696509
v -0.091437 0.676319 -0.158879
vn -0.156176 0.675235 0.720880
v -0.109351 0.681631 -0.164528
vn 0.975649 0.198191 -0.093961
v -0.049486 0.646374 -0.175961
vn 0.988614 0.049728 -0.142017
v -0.048744 0.635771 -0.180985
vn 0.905779 0.421239 0.046066
v -0.051535 0.652873 -0.171197
vn -0.029065 0.751830 0.658716
v -0.085172 0.661065 -0.144320
vn 0.691416 0.660283 0.293207
v -0.057313 0.657842 -0.158645
vn 0.415024 0.661284 0.624867
v -0.083877 0.694696 -0.181763
vn 0.933032 0.347379 0.093694
v -0.055435 0.663584 -0.189369
vn 0.787169 0.554036 0.270942
v -0.060626 0.670893 -0.181706
vn -0.955206 0.132704 0.264521
v -0.148758 0.643016 -0.178247
vn -0.690569 -0.592327 -0.415047
v -0.142136 0.606030 -0.194367
vn -0.579266 -0.609727 -0.541003
v -0.132306 0.593127 -0.190332
vn -0.900250 -0.347860 -0.261808
v -0.148303 0.621499 -0.199756
vn -0.788522 -0.432929 -0.436813
v -0.150081 0.601699 -0.179098
vn -0.927449 0.166717 0.334729
v -0.153472 0.659671 -0.197717
vn -0.616107 0.523661 0.588380
v -0.133059 0.661716 -0.157310
vn -0.356334 0.625655 0.693961
v -0.121275 0.666929 -0.154318
vn -0.210414 0.723735 0.657216
v -0.107949 0.645923 -0.133032
vn -0.829921 0.349713 0.434662
v -0.141619 0.659102 -0.168813
vn 0.388500 0.712460 0.584352
v -0.078826 0.678410 -0.167834
vn 0.566992 0.689436 0.450776
v -0.069558 0.676572 -0.174620
vn -0.995599 -0.083224 0.043094
v -0.152408 0.632091 -0.189959
vn 0.813155 0.552792 0.182208
v -0.051466 0.648854 -0.155356
vn -0.403821 0.659855 0.633656
v -0.123441 0.641554 -0.134639
vn -0.874140 0.324063 0.361749
v -0.141802 0.627794 -0.144026
vn 0.595014 0.653528 0.467824
v -0.051757 0.577692 -0.060182
vn -0.264545 0.810914 0.521952
v -0.112026 0.593281 -0.057015
vn -0.978822 -0.067192 -0.193370
v -0.151534 0.547668 -0.111246
vn -0.586167 0.686528 0.430218
v -0.133227 0.565490 -0.032772
vn -0.366416 0.778357 0.509804
v -0.121690 0.571958 -0.031165
vn -0.106152 0.814752 0.570010
v -0.100643 0.572123 -0.022609
vn 0.283838 0.813522 0.507561
v -0.071559 0.565519 -0.016804
vn 0.520815 0.723346 0.453345
v -0.062735 0.575368 -0.042739
vn -0.327488 0.813383 0.480791
v -0.119205 0.561374 -0.012863
vn -0.978383 0.206765 0.003742
v -0.159491 0.529323 -0.052533
vn -0.968155 -0.104669 -0.227421
v -0.158537 0.501839 -0.054728
vn -0.991959 0.121569 -0.035182
v -0.163813 0.500556 -0.027271
vn -0.940871 0.308293 0.140420
v -0.163222 0.492892 0.003155
vn -0.896035 0.398725 0.195294
v -0.156098 0.516725 -0.005046
vn -0.882750 0.401633 0.243808
v -0.157951 0.501956 0.015396
vn -0.559394 0.716116 0.417440
v -0.134516 0.535174 0.019062
vn -0.600490 0.655930 0.457348
v -0.135561 0.520248 0.040468
vn -0.089637 0.843850 0.529040
v -0.109821 0.526356 0.050756
vn -0.012933 0.860972 0.508487
v -0.091507 0.541181 0.030851
vn -0.014305 0.830762 0.556444
v -0.089335 0.527024 0.052309
vn 0.470904 0.768446 0.433291
v -0.060908 0.535498 0.024767
vn 0.494839 0.749229 0.440217
v -0.056409 0.520987 0.046004
vn 0.683386 0.631473 0.366368
v -0.040948 0.511472 0.035681
vn 0.838181 0.483061 0.253189
v -0.027880 0.500564 0.023889
vn -0.969643 -0.019792 -0.243722
v -0.175774 0.419203 -0.005741
vn -0.984378 0.150707 -0.091031
v -0.176838 0.434357 0.008048
vn -0.955808 0.293815 0.010207
v -0.175409 0.441824 0.014356
vn -0.970787 0.239681 0.011193
v -0.171671 0.449517 0.021388
vn -0.932862 0.332030 0.139727
v -0.168522 0.464498 0.036468
vn -0.984333 0.174453 0.025585
v -0.171532 0.457618 0.029055
vn 0.028899 -0.678253 -0.734260
v -0.092106 0.374527 -0.056456
vn 0.978683 0.205253 0.007179
v -0.008977 0.449957 0.021838
vn 0.979316 -0.012251 -0.201964
v -0.008900 0.435645 0.005696
vn -0.663504 0.584986 0.466426
v -0.132590 0.493317 0.078931
vn -0.004326 0.820881 0.571083
v -0.104650 0.500725 0.092474
vn 0.744128 0.572138 0.344865
v -0.037320 0.488545 0.068751
vn 0.555292 0.702026 0.445881
v -0.051473 0.495363 0.080397
vn 0.834350 -0.403667 -0.375385
v -0.031567 0.401009 -0.030817
vn 0.680553 -0.552180 -0.481607
v -0.044254 0.390103 -0.040626
vn -0.152276 -0.655087 -0.740050
v -0.114295 0.373497 -0.054435
vn -0.444818 -0.555609 -0.702449
v -0.134359 0.375252 -0.048026
vn 0.900562 -0.223529 -0.372858
v -0.019778 0.415599 -0.014343
vn 0.924215 0.344397 0.164975
v -0.014077 0.464183 0.038518
vn 0.851519 0.457056 0.256935
v -0.024721 0.478107 0.054726
vn 0.012148 0.817786 0.575395
v -0.085215 0.500206 0.092138
vn 0.273000 0.797059 0.538672
v -0.068004 0.499134 0.089055
vn -0.865345 0.437218 0.244987
v -0.161061 0.474811 0.050454
vn -0.850383 -0.257295 -0.458964
v -0.168143 0.399143 -0.023813
vn -0.665679 -0.420375 -0.616569
v -0.153115 0.384838 -0.036153
vn 0.801687 -0.325891 -0.501091
v -0.023895 0.498483 -0.118407
vn 0.645605 -0.313488 -0.696361
v -0.027003 0.507407 -0.127670
vn 0.536837 -0.439386 -0.720240
v -0.034194 0.488215 -0.122451
vn 0.897709 -0.116554 -0.424892
v -0.033771 0.543122 -0.147649
vn 0.875793 0.072270 -0.477246
v -0.030401 0.550607 -0.138676
vn 0.367152 -0.533702 -0.761815
v -0.051187 0.485689 -0.129556
vn 0.678680 -0.379176 -0.628982
v -0.036301 0.513293 -0.137522
vn 0.765309 -0.157896 -0.623996
v -0.031291 0.534340 -0.139331
vn -0.974475 0.014567 -0.224021
v -0.155504 0.495171 -0.061597
vn -0.665370 -0.222933 -0.712449
v -0.134514 0.483410 -0.111769
vn -0.821270 -0.125053 -0.556667
v -0.148438 0.475902 -0.093795
vn -0.587701 -0.351261 -0.728850
v -0.135861 0.463334 -0.102540
vn -0.912453 -0.007559 -0.409111
v -0.146977 0.496221 -0.096196
vn -0.949111 0.104003 -0.297274
v -0.155653 0.480800 -0.079086
vn 0.267548 -0.526627 -0.806896
v -0.057631 0.475111 -0.124874
vn 0.111116 -0.547626 -0.829312
v -0.068936 0.478019 -0.129472
vn 0.096875 -0.545531 -0.832473
v -0.075178 0.451136 -0.113313
vn 0.264992 -0.548575 -0.792998
v -0.062975 0.448561 -0.109112
vn 0.935895 0.247074 -0.251108
v -0.031501 0.567287 -0.131357
vn 0.766814 -0.116332 -0.631239
v -0.024419 0.524979 -0.131548
vn 0.955784 -0.129848 -0.263849
v -0.016910 0.510516 -0.109516
vn 0.980258 -0.171008 -0.099250
v -0.018187 0.476238 -0.081229
vn 0.997451 0.047328 -0.053396
v -0.015172 0.520394 -0.100867
vn 0.883636 0.451136 0.125154
v -0.024942 0.557462 -0.101149
vn 0.898026 0.416002 0.143153
v -0.030764 0.564587 -0.094168
vn 0.927505 0.373528 0.014536
v -0.031363 0.571512 -0.118731
vn 0.943985 0.302447 -0.131977
v -0.021951 0.551963 -0.120516
vn 0.874853 0.414197 0.251143
v -0.031729 0.556865 -0.068239
vn 0.520422 -0.535448 -0.665174
v -0.039949 0.449191 -0.099772
vn 0.188634 -0.611276 -0.768608
v -0.066222 0.494935 -0.142117
vn -0.141612 -0.480996 -0.865210
v -0.084135 0.477360 -0.129146
vn 0.934772 0.272627 0.227763
v -0.022007 0.535543 -0.075946
vn 0.968890 0.198785 0.147434
v -0.017211 0.529154 -0.087762
vn 0.998274 -0.001387 0.058712
v -0.017166 0.486917 -0.066923
vn 0.812796 0.490832 0.313763
v -0.034607 0.550505 -0.052641
vn 0.817099 -0.412701 -0.402526
v -0.027982 0.459454 -0.093879
vn -0.361125 -0.452001 -0.815649
v -0.116262 0.451495 -0.107559
vn 0.379735 0.796201 0.471025
v -0.065160 0.547886 0.007370
vn -0.060687 0.854729 0.515515
v -0.095194 0.561199 -0.006441
vn -0.169832 0.851305 0.496424
v -0.113186 0.540975 0.026201
vn -0.560340 0.723745 0.402755
v -0.133518 0.550740 -0.009783
vn -0.902626 0.396386 0.167763
v -0.153011 0.541856 -0.042300
vn -0.966713 0.244163 0.076492
v -0.161046 0.518125 -0.034040
vn -0.143634 -0.606737 -0.781818
v -0.076825 0.509279 -0.152242
vn -0.445395 -0.541009 -0.713395
v -0.092792 0.514519 -0.149729
vn 0.978159 0.203418 0.042736
v -0.036113 0.591004 -0.119698
vn 0.911050 0.359768 0.201381
v -0.036975 0.583226 -0.095904
vn 0.581412 0.607180 0.541565
v -0.055883 0.600229 -0.083822
vn 0.385518 0.735137 0.557629
v -0.067701 0.599133 -0.073459
vn 0.888942 0.122206 -0.441415
v -0.021959 0.540134 -0.128890
vn 0.303283 0.807907 0.505277
v -0.078864 0.586269 -0.046140
vn -0.801291 0.521631 0.292974
v -0.138033 0.601317 -0.105232
vn -0.696746 0.557025 0.451960
v -0.132244 0.620228 -0.117575
vn -0.984119 0.161798 0.073012
v -0.148974 0.576053 -0.129325
vn -0.935633 0.282602 0.211488
v -0.143421 0.594191 -0.117202
vn -0.948199 0.305005 0.088828
v -0.148575 0.565731 -0.085615
vn -0.682516 0.632641 0.365974
v -0.136320 0.582964 -0.065564
vn -0.928078 0.363198 0.082207
v -0.151138 0.555447 -0.065940
vn -0.964348 0.264584 -0.005381
v -0.155361 0.545105 -0.077886
vn -0.975042 -0.175252 -0.136306
v -0.150105 0.559612 -0.128566
vn -0.984610 -0.006156 -0.174658
v -0.156602 0.528987 -0.085608
vn -0.371595 -0.385234 -0.844696
v -0.103454 0.492987 -0.131727
vn -0.474335 -0.362199 -0.802383
v -0.114084 0.509723 -0.132158
vn -0.647362 -0.552703 -0.524826
v -0.106866 0.535234 -0.155373
vn -0.619681 -0.568847 -0.540748
v -0.141725 0.561544 -0.149920
vn -0.807196 -0.438536 -0.395121
v -0.147682 0.567956 -0.149275
vn -0.800413 -0.424793 -0.422954
v -0.145069 0.545263 -0.126821
vn -0.590489 0.666028 0.455773
v -0.129270 0.609590 -0.099723
vn -0.534218 0.723133 0.437824
v -0.126941 0.591515 -0.066063
vn -0.353599 0.779985 0.516324
v -0.115956 0.609050 -0.086101
vn -0.398314 0.737507 0.545371
v -0.115318 0.627592 -0.111607
vn -0.121479 0.811951 0.570945
v -0.097185 0.614812 -0.086114
vn -0.098729 0.799997 0.591825
v -0.089690 0.649610 -0.129456
vn 0.972329 0.074400 -0.221453
v -0.042971 0.604124 -0.158156
vn 0.978085 0.103832 -0.180467
v -0.042246 0.596465 -0.158609
vn 0.972736 0.045891 -0.227328
v -0.045942 0.618086 -0.168255
vn 0.184660 0.774123 0.605503
v -0.074790 0.645802 -0.123859
vn 0.452378 0.714826 0.533271
v -0.057585 0.636786 -0.121149
vn 0.958164 0.028193 -0.284829
v -0.039827 0.609564 -0.150683
vn 0.929661 0.333668 0.156192
v -0.040187 0.623220 -0.133927
vn 0.588469 0.709107 0.388421
v -0.056350 0.645738 -0.136294
vn -0.040341 0.779777 0.624756
v -0.084130 0.633527 -0.108224
vn -0.998424 -0.054870 -0.011799
v -0.152489 0.588656 -0.156164
vn -0.524364 -0.642668 -0.558588
v -0.117736 0.577073 -0.183715
vn -0.470873 -0.601664 -0.645197
v -0.125307 0.558275 -0.162346
vn -0.234652 0.779584 0.580678
v -0.103943 0.625899 -0.102700
vn -0.971258 0.233418 -0.046618
v -0.165421 0.471976 -0.022671
vn -0.961403 -0.017600 -0.274579
v -0.168451 0.450114 -0.041995
vn -0.970692 0.214477 -0.108426
v -0.169252 0.461988 -0.028896
vn 0.034808 -0.627099 -0.778162
v -0.092368 0.397966 -0.077902
vn 0.167015 -0.626967 -0.760933
v -0.081474 0.399359 -0.077940
vn 0.308874 -0.616052 -0.724622
v -0.069769 0.401259 -0.076356
vn 0.437486 -0.607520 -0.662967
v -0.059837 0.404469 -0.073785
vn 0.926607 -0.314336 -0.206379
v -0.024924 0.433669 -0.051573
vn 0.970678 0.238535 -0.029762
v -0.015333 0.476835 -0.003305
vn -0.190166 -0.591214 -0.783775
v -0.105935 0.397679 -0.077669
vn 0.768900 -0.489349 -0.411497
v -0.037556 0.418086 -0.063706
vn 0.590170 -0.593375 -0.547362
v -0.050423 0.408100 -0.070319
vn -0.461393 -0.511022 -0.725240
v -0.126696 0.404684 -0.073690
vn -0.862119 -0.233740 -0.449573
v -0.161529 0.433691 -0.054623
vn -0.668430 -0.402435 -0.625498
v -0.146502 0.418209 -0.066114
vn -0.498084 -0.530239 -0.686118
v -0.114443 0.528386 -0.141191
vn 0.477728 -0.560387 -0.676567
v -0.048191 0.500290 -0.139706
vn -0.928405 -0.357554 -0.101086
v -0.151451 0.629456 -0.201051
vn -0.568846 -0.579156 -0.583946
v -0.115080 0.559272 -0.168136
vn -0.669678 -0.458023 -0.584591
v -0.134225 0.535616 -0.130669
vn -0.978159 0.205817 -0.029039
v -0.151933 0.554018 -0.094014
vn -0.860846 -0.266649 -0.433408
v -0.150007 0.525837 -0.104616
vn -0.738824 -0.243152 -0.628503
v -0.136784 0.513209 -0.117489
vn -0.989216 -0.045089 -0.139354
v -0.160307 0.513972 -0.057025
vn -0.935559 -0.219255 -0.276868
v -0.154032 0.513757 -0.083901
vn -0.958010 -0.035611 -0.284514
v -0.150435 0.501028 -0.084644
vn -0.883647 -0.190622 -0.427588
v -0.145662 0.510931 -0.103267
vn -0.790234 -0.136360 -0.597441
v -0.139594 0.497051 -0.109456
vn -0.568061 -0.246410 -0.785232
v -0.129370 0.497971 -0.119899
vn -0.472474 -0.316470 -0.822566
v -0.124129 0.479868 -0.118287
vn -0.307195 -0.419376 -0.854257
v -0.108980 0.467991 -0.119266
vn -0.989376 0.042768 -0.138947
v -0.166727 0.479967 -0.013270
vn -0.974934 0.129913 -0.180625
v -0.160565 0.484747 -0.044766
vn -0.959268 0.225384 -0.170313
v -0.161169 0.476546 -0.051409
vn -0.961160 0.111479 -0.252476
v -0.161860 0.466777 -0.061829
vn -0.857647 -0.172622 -0.484400
v -0.156175 0.454304 -0.075026
vn -0.629653 -0.387465 -0.673355
v -0.141483 0.442089 -0.086504
vn -0.413337 -0.479953 -0.773820
v -0.121871 0.429973 -0.093034
vn -0.104748 -0.540721 -0.834655
v -0.100469 0.423090 -0.095725
vn 0.063514 -0.569755 -0.819357
v -0.084801 0.421193 -0.094413
vn 0.582623 -0.609043 -0.538161
v -0.057422 0.382654 -0.048517
vn 0.463258 -0.637401 -0.615720
v -0.063795 0.379842 -0.052178
vn 0.253288 -0.675248 -0.692738
v -0.076471 0.375047 -0.054733
vn 0.318251 -0.577924 -0.751479
v -0.061702 0.426149 -0.091414
vn 0.625695 0.676670 0.388102
v -0.046571 0.530519 0.014427
vn 0.809783 0.522848 0.266237
v -0.033843 0.527878 -0.008323
vn 0.992845 0.089403 -0.079156
v -0.021151 0.484887 -0.035341
vn 0.988118 -0.148390 -0.040040
v -0.018660 0.462580 -0.058494
vn 0.916119 -0.328777 -0.229416
v -0.021017 0.454825 -0.067670
vn 0.780252 -0.475230 -0.406648
v -0.032169 0.439928 -0.080295
vn 0.560008 -0.565547 -0.605432
v -0.045134 0.430112 -0.087082
vn 0.192749 -0.581731 -0.790213
v -0.072790 0.422532 -0.093517
vn 0.497447 -0.494832 -0.712522
v -0.036403 0.466894 -0.110270
vn 0.803976 -0.375081 -0.461452
v -0.025158 0.478076 -0.105577
vn 0.951490 -0.212928 -0.222100
v -0.017255 0.491983 -0.096382
vn 0.999084 -0.042783 -0.000353
v -0.015137 0.499785 -0.089323
vn 0.988001 0.070672 0.137330
v -0.016285 0.509567 -0.076194
vn 0.966111 0.163309 0.199901
v -0.019787 0.517679 -0.064708
vn 0.865725 0.449579 0.219995
v -0.030546 0.534548 -0.037563
vn 0.740628 0.592340 0.317180
v -0.043802 0.555023 -0.037730
vn 0.546469 0.728385 0.413311
v -0.057120 0.559938 -0.021971
vn -0.095199 -0.495062 -0.863627
v -0.090160 0.458538 -0.119131
vn -0.417925 0.734004 0.535329
v -0.118730 0.499430 0.089403
vn -0.371124 0.785260 0.495614
v -0.122114 0.525093 0.046787
vn -0.386163 0.791379 0.473917
v -0.123310 0.539393 0.022909
vn 0.029237 0.833409 0.551883
v -0.097118 0.499630 0.091185
vn -0.037416 0.833765 0.550850
v -0.102345 0.525749 0.050623
vn -0.093398 0.849438 0.519357
v -0.103666 0.540122 0.029140
vn -0.136859 0.845674 0.515854
v -0.107344 0.560865 -0.009131
vn -0.727168 0.558202 0.399547
v -0.146598 0.485758 0.066770
vn -0.783653 0.504334 0.362677
v -0.147601 0.513553 0.030913
vn -0.761660 0.566498 0.314570
v -0.146898 0.528011 0.009517
vn -0.769270 0.561733 0.304434
v -0.144653 0.542631 -0.014896
vn -0.837752 0.486340 0.248283
v -0.142421 0.570197 -0.057896
vn -0.908054 0.382585 0.170491
v -0.143993 0.580704 -0.084515
vn 0.277900 0.806288 0.522180
v -0.073447 0.525974 0.051184
vn 0.236133 0.838876 0.490437
v -0.077186 0.540320 0.029852
vn 0.180757 0.861160 0.475111
v -0.080799 0.551435 0.010296
vn 0.105494 0.841069 0.530541
v -0.083139 0.561556 -0.007115
vn 0.099694 0.823987 0.557769
v -0.088339 0.580165 -0.034389
vn 0.063623 0.828833 0.555867
v -0.094500 0.595379 -0.055183
vn 0.168195 0.767846 0.618161
v -0.080316 0.612106 -0.083344
vn 0.928779 0.349796 0.122526
v -0.019371 0.488321 0.009783
vn 0.938015 0.329033 0.108926
v -0.025119 0.510427 -0.012325
vn -0.534367 -0.415513 -0.736071
v -0.124101 0.524200 -0.133751
vn 0.719540 0.576917 0.386561
v -0.046950 0.633903 -0.130834
vn 0.977118 0.141464 -0.158832
v -0.040452 0.619837 -0.150708
vn 0.473280 0.651855 0.592529
v -0.056516 0.622959 -0.106431
vn 0.762253 0.483452 0.430401
v -0.047261 0.610498 -0.104997
vn 0.924477 0.301606 0.233187
v -0.039800 0.600333 -0.110162
vn 0.973523 0.090121 -0.210073
v -0.035986 0.586452 -0.141115
vn 0.990973 0.131861 -0.024174
v -0.036994 0.606755 -0.137050
vn 0.985781 0.134779 -0.100349
v -0.018182 0.539072 -0.112382
vn 0.950771 -0.033438 -0.308085
v -0.018708 0.528133 -0.120966
vn 0.679600 0.624574 0.384773
v -0.047493 0.564558 -0.046928
vn 0.907868 0.360751 0.213622
v -0.027053 0.549474 -0.076387
vn 0.949929 0.297263 0.096279
v -0.020167 0.545226 -0.097034
vn 0.840737 -0.217820 -0.495698
v -0.022636 0.514709 -0.125932
vn 0.747540 0.536081 0.392174
v -0.039904 0.574129 -0.074235
vn 0.933699 -0.124273 -0.335800
v -0.013402 0.424486 -0.005643
vn 0.962436 -0.001005 -0.271505
v -0.016981 0.460953 -0.021652
vn 0.926029 0.324236 0.193242
v -0.027571 0.532647 -0.048415
vn 0.981683 -0.038833 -0.186522
v -0.018740 0.453623 -0.028608
vn 0.978921 0.169497 0.113950
v -0.023736 0.513660 -0.043727
vn 0.979658 0.117762 -0.162489
v -0.014823 0.468181 -0.013337
vn 0.979474 0.193167 -0.057596
v -0.020809 0.494087 -0.019251
vn 0.894156 -0.289647 -0.341454
v -0.025447 0.407907 -0.022497
vn 0.994057 0.049999 0.096698
v -0.019200 0.476395 -0.042867
vn 0.941532 0.246299 0.229900
v -0.023161 0.523046 -0.057690
vn 0.985502 -0.118193 -0.121721
v -0.020255 0.447535 -0.035793
vn 0.969996 -0.208840 -0.124474
v -0.021900 0.440866 -0.043219
vn 0.981823 0.103124 0.159339
v -0.018401 0.495474 -0.055602
vn 0.997807 -0.043961 0.049482
v -0.018372 0.470015 -0.049699
vn -0.732947 -0.587602 -0.342800
v -0.061081 0.850448 -0.553794
vn -0.836763 -0.319669 -0.444567
v -0.087002 0.864155 -0.528122
vn -0.994273 0.051721 -0.093522
v -0.091342 0.862468 -0.492858
vn -0.850356 0.515686 0.104702
v -0.087354 0.874990 -0.496364
vn -0.815387 0.576579 0.051968
v -0.081895 0.879984 -0.481245
vn -0.911773 0.227971 0.341612
v -0.076215 0.890570 -0.502694
vn -0.845846 0.466646 0.258429
v -0.070428 0.894416 -0.481730
vn 0.291562 0.700022 0.651890
v -0.058119 0.896219 -0.474987
vn 0.723606 0.504165 0.471395
v -0.034426 0.872656 -0.488763
vn 0.757345 0.352560 0.549664
v -0.017616 0.862515 -0.498192
vn 0.897029 0.049241 0.439221
v -0.012258 0.854324 -0.504619
vn 0.951817 -0.269401 0.146520
v -0.007851 0.850809 -0.515825
vn 0.863354 -0.481116 -0.152140
v -0.010009 0.844185 -0.527928
vn 0.750120 -0.596029 -0.286476
v -0.016946 0.844233 -0.550658
vn 0.470607 -0.805576 -0.359967
v -0.025182 0.839130 -0.556608
vn -0.132101 -0.875438 -0.464927
v -0.036101 0.837200 -0.553426
vn -0.414311 -0.795545 -0.442103
v -0.050634 0.843042 -0.556455
vn -0.669832 -0.565337 -0.481372
v -0.063769 0.841746 -0.538943
vn -0.444355 -0.728817 -0.520936
v -0.057572 0.837797 -0.540955
vn -0.799220 -0.484677 -0.355438
v -0.078412 0.841873 -0.515631
vn -0.897698 -0.337366 -0.283412
v -0.088519 0.850915 -0.496016
vn -0.386033 0.704249 0.595828
v -0.066238 0.895222 -0.475701
vn -0.653136 0.730998 0.197623
v -0.077994 0.884922 -0.467001
vn -0.932720 0.358679 -0.037199
v -0.092054 0.862922 -0.479187
vn -0.480240 -0.667934 -0.568536
v -0.060915 0.831185 -0.530528
vn -0.182431 -0.790152 -0.585132
v -0.050723 0.830228 -0.533466
vn 0.126126 -0.880093 -0.457743
v -0.034779 0.825857 -0.530246
vn 0.581443 -0.764589 -0.278079
v -0.023316 0.831779 -0.530371
vn 0.808041 -0.589110 0.004329
v -0.018448 0.830055 -0.513086
vn 0.886847 -0.297340 0.353681
v -0.016325 0.840011 -0.500889
vn 0.877066 0.033765 0.479182
v -0.029324 0.842499 -0.477599
vn -0.318701 0.849936 0.419569
v -0.071843 0.885595 -0.458463
vn 0.554296 0.660515 0.506436
v -0.058790 0.883198 -0.457258
vn -0.830700 -0.425498 -0.359010
v -0.078665 0.833644 -0.501797
vn -0.946435 -0.269453 -0.177924
v -0.091607 0.866335 -0.517241
vn 0.670496 0.462960 0.579744
v -0.020941 0.880824 -0.512728
vn 0.991143 0.071966 0.111607
v -0.004486 0.862301 -0.528090
vn 0.831972 0.343211 0.435922
v -0.010987 0.868312 -0.513958
vn -0.831386 0.399491 0.386270
v -0.080345 0.885424 -0.507553
vn -0.726157 -0.528428 -0.439840
v -0.069272 0.825919 -0.514467
vn 0.554872 -0.436964 -0.707940
v -0.061270 0.574654 -0.205915
vn 0.942472 0.043499 -0.331444
v -0.045093 0.592628 -0.190894
vn -0.538317 0.766262 0.350796
v -0.126768 0.790441 -0.299739
vn -0.951594 0.304496 0.041852
v -0.157559 0.750705 -0.300944
vn -0.983582 0.053848 -0.172238
v -0.158937 0.735209 -0.312900
vn -0.923336 0.383993 -0.000744
v -0.152232 0.764226 -0.315824
vn -0.753311 0.619825 0.219863
v -0.139707 0.782637 -0.308748
vn -0.786721 0.564541 0.249726
v -0.146418 0.765691 -0.287666
vn -0.554423 0.713497 0.428412
v -0.132686 0.773058 -0.275986
vn -0.281776 0.791316 0.542606
v -0.115748 0.775904 -0.269398
vn -0.810642 -0.266301 -0.521481
v -0.148201 0.736598 -0.338010
vn -0.962712 0.115880 -0.244454
v -0.154098 0.749435 -0.331476
vn -0.971601 0.171328 0.163210
v -0.163155 0.711562 -0.259565
vn -0.988996 -0.122860 -0.082409
v -0.163629 0.694188 -0.270568
vn -0.716288 -0.393962 -0.575956
v -0.137561 0.733668 -0.350650
vn -0.021187 0.814496 0.579781
v -0.092010 0.783456 -0.270052
vn 0.302136 0.763296 0.571045
v -0.074061 0.782272 -0.273072
vn 0.576015 0.635357 0.514323
v -0.055206 0.775416 -0.279491
vn 0.830576 0.419393 0.366405
v -0.040500 0.763479 -0.287642
vn 0.999573 0.028629 0.005927
v -0.033484 0.762316 -0.320879
vn 0.991652 0.049068 0.119244
v -0.033882 0.746881 -0.298805
vn 0.947507 -0.247783 -0.202074
v -0.034680 0.752403 -0.326096
vn 0.938144 -0.308399 -0.157403
v -0.036727 0.734146 -0.308202
vn 0.877474 -0.409238 -0.250127
v -0.043643 0.724870 -0.314985
vn -0.325248 0.887738 0.325784
v -0.109894 0.813538 -0.336332
vn 0.149251 0.889153 0.432587
v -0.079504 0.816862 -0.335405
vn -0.943545 0.097091 -0.316695
v -0.145109 0.771412 -0.356406
vn -0.880295 0.474421 0.002171
v -0.139303 0.790647 -0.349815
vn -0.486261 0.819183 0.304120
v -0.121379 0.800176 -0.316015
vn -0.223485 0.880790 0.417448
v -0.108358 0.806932 -0.319511
vn 0.098686 0.907141 0.409091
v -0.083118 0.805915 -0.313865
vn 0.384163 0.829363 0.405680
v -0.064934 0.810706 -0.331141
vn -0.673998 -0.454138 -0.582654
v -0.142533 0.704530 -0.324117
vn -0.772015 -0.374624 -0.513469
v -0.153686 0.716129 -0.317975
vn -0.729255 -0.518835 -0.446091
v -0.146728 0.667781 -0.284528
vn -0.881924 0.471312 0.008662
v -0.146606 0.775594 -0.330226
vn -0.724162 0.673405 0.148710
v -0.132279 0.795492 -0.328169
vn 0.366632 0.850871 0.376296
v -0.066094 0.805292 -0.319505
vn 0.493605 0.786925 0.370273
v -0.063319 0.817429 -0.347351
vn 0.007290 0.712046 0.702095
v -0.100565 0.730880 -0.210366
vn 0.955162 -0.187611 -0.229059
v -0.037955 0.767565 -0.351728
vn 0.989882 0.090044 -0.109663
v -0.037231 0.777109 -0.344813
vn 0.887889 -0.419346 -0.189215
v -0.047713 0.703360 -0.287750
vn 0.952449 0.012868 0.304425
v -0.041304 0.715165 -0.256616
vn 0.712676 0.648546 0.267360
v -0.050041 0.805856 -0.344039
vn 0.656651 0.692203 0.299439
v -0.050535 0.799142 -0.327739
vn 0.898225 0.426145 0.107663
v -0.041056 0.791439 -0.341200
vn 0.998637 -0.048051 0.020369
v -0.043080 0.807841 -0.412823
vn 0.991741 -0.013056 0.127593
v -0.040711 0.823550 -0.436854
vn 0.182113 0.857412 0.481332
v -0.075397 0.838142 -0.380627
vn 0.439857 0.780838 0.443642
v -0.065357 0.836251 -0.383452
vn 0.286724 0.804849 0.519622
v -0.067904 0.856699 -0.412803
vn 0.503572 0.715391 0.484387
v -0.060104 0.853273 -0.414135
vn 0.789964 0.557663 0.254891
v -0.049757 0.816138 -0.371981
vn 0.847503 0.455273 0.272883
v -0.049380 0.827215 -0.395798
vn 0.857639 0.410237 0.310098
v -0.047336 0.841300 -0.421991
vn 0.937356 0.334329 0.097915
v -0.043820 0.806825 -0.378175
vn 0.400499 -0.658251 -0.637421
v -0.074867 0.710399 -0.367978
vn 0.224549 -0.734852 -0.639976
v -0.073497 0.726522 -0.385177
vn -0.235941 -0.686340 -0.687945
v -0.090366 0.727819 -0.387310
vn 0.281406 -0.775573 -0.565063
v -0.068927 0.755475 -0.419643
vn -0.257668 -0.710915 -0.654375
v -0.084630 0.755132 -0.418282
vn 0.221299 -0.831567 -0.509434
v -0.064396 0.774105 -0.445776
vn -0.339919 -0.720245 -0.604734
v -0.078496 0.774969 -0.443968
vn 0.094000 -0.874978 -0.474950
v -0.057805 0.789985 -0.472702
vn -0.411333 -0.718219 -0.561219
v -0.070729 0.792108 -0.469957
vn 0.702609 -0.523321 -0.482158
v -0.063935 0.715443 -0.361075
vn 0.654183 -0.603492 -0.455896
v -0.060957 0.739202 -0.386217
vn 0.701713 -0.607430 -0.372327
v -0.058575 0.761377 -0.414995
vn 0.706648 -0.653037 -0.272383
v -0.055359 0.778940 -0.441440
vn 0.616960 -0.752278 -0.231167
v -0.048538 0.792904 -0.469475
vn 0.844698 -0.434050 -0.313187
v -0.051885 0.750683 -0.384102
vn 0.893639 -0.381627 -0.236157
v -0.051246 0.769397 -0.407709
vn 0.902773 -0.416479 -0.107454
v -0.049457 0.787447 -0.432272
vn 0.887015 -0.461738 0.001555
v -0.042459 0.800938 -0.459579
vn 0.905689 -0.338987 -0.254589
v -0.045345 0.748849 -0.355566
vn 0.937316 -0.266572 -0.224450
v -0.045687 0.764955 -0.378079
vn 0.958679 -0.231495 -0.165361
v -0.045807 0.780328 -0.398687
vn 0.971200 -0.235415 -0.036755
v -0.044975 0.797808 -0.422948
vn 0.976385 -0.177151 0.123650
v -0.040557 0.812797 -0.446351
vn 0.992579 -0.075990 -0.094930
v -0.042836 0.791848 -0.389222
vn -0.347118 0.870954 0.347777
v -0.105398 0.820147 -0.351646
vn -0.321601 0.852157 0.412797
v -0.095066 0.841613 -0.389776
vn -0.622119 0.754701 0.208313
v -0.122855 0.810627 -0.352253
vn -0.611406 0.753648 0.241242
v -0.113843 0.824902 -0.375535
vn -0.622312 0.746046 0.236947
v -0.097092 0.853955 -0.420041
vn -0.856546 0.515833 -0.015662
v -0.132926 0.801357 -0.363073
vn -0.852931 0.521904 -0.011182
v -0.123527 0.815685 -0.383070
vn -0.858436 0.511973 -0.031174
v -0.104139 0.846678 -0.427899
vn -0.934781 0.151753 -0.321178
v -0.135557 0.788730 -0.375512
vn -0.939960 0.203807 -0.273749
v -0.117923 0.818472 -0.412631
vn -0.941182 0.240421 -0.237431
v -0.106845 0.835912 -0.437828
vn -0.808749 -0.250529 -0.532129
v -0.121912 0.782356 -0.400424
vn -0.850537 -0.202990 -0.485162
v -0.112356 0.802714 -0.424963
vn -0.871823 -0.191560 -0.450809
v -0.103255 0.820394 -0.449224
vn -0.744307 -0.380356 -0.548941
v -0.104053 0.792885 -0.431107
vn -0.533262 -0.545201 -0.646829
v -0.103622 0.741454 -0.393530
vn -0.558295 -0.537789 -0.631735
v -0.098865 0.760542 -0.413639
vn -0.631368 -0.512286 -0.582183
v -0.092027 0.781831 -0.438087
vn -0.679392 -0.497036 -0.539798
v -0.083280 0.798398 -0.463681
vn 0.358457 0.762667 0.538375
v -0.063197 0.870666 -0.437012
vn 0.618651 0.642729 0.451851
v -0.056099 0.866784 -0.439241
vn 0.022130 -0.876219 -0.481405
v -0.052001 0.805675 -0.500373
vn -0.420041 -0.742513 -0.521766
v -0.063653 0.808039 -0.496563
vn 0.572680 -0.790548 -0.216958
v -0.042049 0.806092 -0.497045
vn 0.870141 -0.485064 0.086991
v -0.034649 0.812618 -0.484931
vn -0.952312 0.255968 -0.166076
v -0.097925 0.849784 -0.460070
vn -0.480480 -0.658662 -0.579054
v -0.114103 0.650932 -0.299096
vn -0.088868 -0.699209 -0.709372
v -0.091670 0.676715 -0.338039
vn -0.430881 -0.639042 -0.637155
v -0.109723 0.676236 -0.329194
vn 0.368718 -0.601809 -0.708430
v -0.072218 0.596026 -0.224481
vn -0.009588 -0.670710 -0.741657
v -0.084458 0.592839 -0.225663
vn 0.721510 -0.347346 -0.598977
v -0.064420 0.600035 -0.220535
vn 0.776432 -0.251910 -0.577663
v -0.051319 0.581449 -0.200424
vn 0.891195 -0.186673 -0.413431
v -0.057370 0.605885 -0.211441
vn 0.968210 0.008179 -0.250004
v -0.052637 0.612274 -0.198061
vn 0.985251 -0.054230 -0.162296
v -0.053814 0.631231 -0.217802
vn 0.089747 0.680424 0.727302
v -0.099388 0.710652 -0.191876
vn 0.290125 0.673515 0.679856
v -0.082529 0.743954 -0.227245
vn 0.417635 0.594365 0.687249
v -0.084967 0.708427 -0.194345
vn 0.652991 0.487082 0.579960
v -0.071356 0.702550 -0.199723
vn 0.822323 0.314493 0.474214
v -0.060038 0.693959 -0.208859
vn 0.777489 0.337791 0.530479
v -0.050115 0.728544 -0.242627
vn 0.983051 0.146737 0.109908
v -0.054280 0.668945 -0.206296
vn 0.968621 0.048706 0.243722
v -0.052957 0.683084 -0.222683
vn 0.051488 -0.823789 -0.564553
v -0.089771 0.604649 -0.241342
vn 0.455720 -0.708070 -0.539403
v -0.076154 0.614959 -0.249440
vn 0.143821 -0.828085 -0.541839
v -0.089527 0.617892 -0.261534
vn 0.521095 -0.715426 -0.465431
v -0.075179 0.630096 -0.271484
vn 0.632192 -0.640221 -0.436405
v -0.072998 0.653142 -0.305874
vn 0.154535 -0.800435 -0.579156
v -0.086258 0.647660 -0.306167
vn 0.753637 -0.506189 -0.419289
v -0.065946 0.623118 -0.246082
vn 0.803978 -0.492390 -0.333422
v -0.065397 0.641545 -0.270623
vn 0.847900 -0.437737 -0.299085
v -0.064737 0.662892 -0.302608
vn 0.793963 -0.455352 -0.402835
v -0.064795 0.691236 -0.338894
vn 0.923576 -0.274326 -0.267866
v -0.058683 0.631869 -0.239633
vn 0.894514 -0.369153 -0.252134
v -0.057404 0.700656 -0.332942
vn 0.989360 -0.071156 -0.126898
v -0.055762 0.643835 -0.233909
vn 0.985229 -0.149331 -0.083812
v -0.056538 0.657819 -0.252140
vn 0.972768 -0.224592 -0.057272
v -0.054943 0.667241 -0.242625
vn -0.584692 -0.615779 -0.528158
v -0.111093 0.591192 -0.212253
vn -0.358076 -0.734170 -0.576867
v -0.105604 0.596022 -0.223123
vn -0.535254 -0.730876 -0.423467
v -0.118952 0.601070 -0.216665
vn -0.294214 -0.830581 -0.472835
v -0.105056 0.605888 -0.240716
vn -0.491583 -0.760928 -0.423479
v -0.118688 0.610724 -0.237655
vn -0.597376 -0.688085 -0.411924
v -0.135793 0.626779 -0.240925
vn -0.598106 -0.699606 -0.390923
v -0.134390 0.609328 -0.211424
vn -0.850315 -0.466687 -0.243244
v -0.148750 0.634286 -0.221705
vn -0.548835 0.605474 0.576351
v -0.137241 0.736258 -0.233320
vn -0.821487 0.344896 0.454099
v -0.148130 0.693891 -0.209515
vn -0.803513 0.433233 0.408261
v -0.152830 0.727794 -0.245394
vn -0.966774 0.085723 0.240833
v -0.158693 0.678738 -0.221097
vn -0.986906 -0.158778 0.028386
v -0.159870 0.664161 -0.231770
vn -0.558008 -0.592853 -0.580648
v -0.134039 0.672720 -0.304638
vn -0.465952 -0.607839 -0.642978
v -0.109479 0.694846 -0.347526
vn -0.988189 -0.114306 0.102061
v -0.156365 0.649404 -0.211086
vn -0.962193 0.138120 0.234749
v -0.161695 0.695796 -0.240705
vn -0.988939 -0.148274 -0.003749
v -0.162378 0.679423 -0.251896
vn -0.796218 0.390184 0.462377
v -0.151257 0.711406 -0.227356
vn -0.790381 0.401103 0.463049
v -0.144436 0.676068 -0.188267
vn -0.575418 0.553216 0.602368
v -0.134521 0.703688 -0.200911
vn -0.596349 0.545296 0.589084
v -0.136348 0.719293 -0.216395
vn -0.780560 0.517612 0.350434
v -0.151701 0.745934 -0.265205
vn -0.522439 0.675376 0.520504
v -0.136591 0.754221 -0.252759
vn -0.294203 0.741675 0.602796
v -0.118973 0.756107 -0.245570
vn 0.002091 0.749957 0.661483
v -0.097318 0.763289 -0.245089
vn 0.125788 0.701356 0.701625
v -0.096958 0.693527 -0.174812
vn 0.297753 0.636760 0.711252
v -0.084116 0.725778 -0.208657
vn 0.241440 0.722111 0.648277
v -0.079889 0.762954 -0.247419
vn 0.597576 0.491861 0.633226
v -0.069054 0.720596 -0.215147
vn 0.531420 0.589716 0.608134
v -0.060889 0.756991 -0.253759
vn 0.633707 0.579729 0.512182
v -0.071157 0.685172 -0.183899
vn -0.960618 0.249866 0.121570
v -0.162050 0.729749 -0.279578
vn -0.992832 -0.006719 -0.119331
v -0.162590 0.711442 -0.290340
vn 0.962286 0.043140 -0.268597
v -0.037489 0.554543 -0.156328
vn 0.919813 -0.135994 -0.368035
v -0.037837 0.550026 -0.164969
vn -0.175773 -0.758407 -0.627633
v -0.077792 0.522193 -0.164997
vn 0.129652 -0.691225 -0.710913
v -0.059358 0.511704 -0.154685
vn -0.481268 -0.695094 -0.534065
v -0.092544 0.526793 -0.162375
vn -0.193104 -0.749428 -0.633300
v -0.079075 0.529995 -0.177137
vn -0.601743 -0.615704 -0.508738
v -0.095705 0.533979 -0.169453
vn 0.509979 -0.564281 -0.649237
v -0.046604 0.514117 -0.149864
vn 0.611866 -0.463655 -0.640815
v -0.051485 0.534612 -0.172269
vn 0.845467 -0.288989 -0.449078
v -0.039800 0.533191 -0.155675
vn -0.400729 -0.657328 -0.638229
v -0.089086 0.532330 -0.174119
vn -0.054106 -0.612063 -0.788956
v -0.078026 0.555481 -0.196403
vn 0.227213 -0.570088 -0.789540
v -0.069569 0.566701 -0.204063
vn 0.223140 -0.656355 -0.720699
v -0.064232 0.529927 -0.175994
vn 0.577895 -0.431704 -0.692582
v -0.055078 0.555096 -0.187558
vn 0.839540 -0.237477 -0.488648
v -0.047218 0.565885 -0.183758
vn 0.979556 0.039792 -0.197198
v -0.042341 0.582201 -0.172212
vn -0.565542 -0.587744 -0.578550
v -0.098237 0.555163 -0.186710
vn -0.501195 -0.634024 -0.588911
v -0.098909 0.569605 -0.203646
vn -0.153957 -0.642749 -0.750447
v -0.085045 0.566380 -0.205122
vn -0.773656 -0.348395 -0.529223
v -0.097433 0.809015 -0.452251
vn -0.898128 -0.197624 -0.392824
v -0.086500 0.881202 -0.535950
vn -0.869096 -0.022517 0.494130
v -0.085279 0.893128 -0.515555
vn 0.720737 0.461787 0.517002
v -0.051851 0.896783 -0.483303
vn 0.788691 0.372659 0.488969
v -0.044243 0.890065 -0.492515
vn -0.716909 -0.514858 -0.470066
v -0.069000 0.832662 -0.522573
vn -0.750778 -0.394040 -0.530156
v -0.090629 0.805280 -0.458043
vn -0.715701 -0.388067 -0.580669
v -0.110795 0.776869 -0.412067
vn -0.531161 -0.601365 -0.596848
v -0.121129 0.671515 -0.313358
vn -0.528827 -0.634244 -0.563983
v -0.124970 0.656354 -0.293578
vn -0.602457 -0.684827 -0.409949
v -0.127977 0.624547 -0.246932
vn -0.869575 -0.234907 -0.434347
v -0.094728 0.836553 -0.472220
vn -0.802503 -0.366950 -0.470465
v -0.086184 0.826284 -0.479021
vn -0.808764 -0.390131 -0.440111
v -0.081274 0.824197 -0.486412
vn -0.681423 -0.555995 -0.475954
v -0.073385 0.814791 -0.492239
vn -0.452386 -0.707121 -0.543440
v -0.060781 0.821995 -0.519806
vn -0.159438 -0.791930 -0.589429
v -0.049436 0.818002 -0.520262
vn 0.280923 -0.835377 -0.472469
v -0.036913 0.816913 -0.517470
vn 0.764135 -0.645046 0.003793
v -0.027076 0.820503 -0.501613
vn 0.929237 -0.233595 0.286273
v -0.032448 0.824639 -0.475786
vn 0.809601 0.443331 0.384712
v -0.043687 0.864697 -0.461661
vn -0.345991 0.838577 0.420806
v -0.077529 0.873883 -0.441181
vn -0.676880 0.711987 0.186834
v -0.087362 0.868955 -0.443602
vn -0.866795 0.498114 -0.023438
v -0.092538 0.863729 -0.454892
vn -0.962337 0.049109 -0.267386
v -0.098284 0.842337 -0.466050
vn -0.942415 0.037028 -0.332391
v -0.105809 0.827730 -0.444057
vn -0.916558 -0.017613 -0.399515
v -0.115883 0.810214 -0.419052
vn -0.881255 -0.096998 -0.462580
v -0.132179 0.778676 -0.381672
vn -0.840183 -0.198112 -0.504821
v -0.141535 0.756464 -0.358656
vn -0.774817 -0.301658 -0.555573
v -0.131054 0.759659 -0.376017
vn -0.674058 -0.434466 -0.597398
v -0.122297 0.744049 -0.376255
vn -0.470640 -0.588933 -0.657006
v -0.107445 0.721858 -0.373303
vn -0.592356 -0.525205 -0.610962
v -0.126680 0.702630 -0.338066
vn -0.131227 -0.688325 -0.713434
v -0.092319 0.704769 -0.363904
vn 0.437354 -0.635630 -0.636158
v -0.074361 0.681847 -0.342220
vn 0.853332 -0.405066 -0.328246
v -0.056281 0.719100 -0.351297
vn 0.901437 -0.370475 -0.223963
v -0.050386 0.714656 -0.324479
vn 0.890511 -0.354800 -0.284794
v -0.040711 0.748817 -0.340953
vn -0.704124 -0.482564 -0.520904
v -0.145030 0.682855 -0.302323
vn -0.228502 -0.730999 -0.642983
v -0.096288 0.655883 -0.315312
vn 0.047798 -0.735649 -0.675674
v -0.086829 0.661544 -0.323327
vn 0.403148 -0.690748 -0.600282
v -0.073322 0.667107 -0.325051
vn 0.798664 -0.467827 -0.378516
v -0.064964 0.676594 -0.321652
vn 0.915765 -0.333020 -0.224662
v -0.059709 0.679910 -0.308818
vn 0.925028 -0.340573 -0.168323
v -0.053623 0.698692 -0.306759
vn 0.940474 -0.323949 -0.102789
v -0.039457 0.718838 -0.288881
vn 0.988641 -0.049984 0.141738
v -0.036401 0.731009 -0.276042
vn 0.832821 0.344289 0.433444
v -0.044922 0.746292 -0.262619
vn -0.812441 -0.493223 -0.310920
v -0.151997 0.661580 -0.263171
vn -0.570806 -0.653833 -0.496672
v -0.137037 0.648232 -0.272951
vn -0.565687 -0.659008 -0.495689
v -0.127211 0.643963 -0.276550
vn -0.486178 -0.691723 -0.533994
v -0.117010 0.638739 -0.282145
vn -0.230647 -0.787429 -0.571626
v -0.101747 0.635210 -0.287507
vn 0.943802 -0.267532 -0.194074
v -0.059245 0.652658 -0.266717
vn 0.947822 -0.282545 -0.147657
v -0.054200 0.683874 -0.280954
vn 0.952362 -0.289348 -0.096351
v -0.051539 0.682793 -0.260804
vn 0.967483 -0.104874 0.230169
v -0.047391 0.699645 -0.240700
vn 0.855362 0.205925 0.475343
v -0.055303 0.711859 -0.226030
vn -0.496120 -0.722323 -0.481782
v -0.119168 0.625132 -0.260747
vn -0.772103 -0.536373 -0.340823
v -0.147200 0.655265 -0.267471
vn -0.760098 -0.564727 -0.321458
v -0.144335 0.627203 -0.224765
vn -0.922866 -0.362305 -0.130587
v -0.155432 0.649680 -0.231129
vn -0.893675 -0.397497 -0.208185
v -0.158648 0.668660 -0.258376
vn -0.871407 -0.389573 -0.298132
v -0.160029 0.682914 -0.276800
vn -0.892052 -0.285911 -0.349998
v -0.159187 0.700229 -0.295626
vn -0.905868 -0.171554 -0.387264
v -0.156874 0.729352 -0.321113
vn -0.421854 0.612939 0.668090
v -0.126279 0.717221 -0.207151
vn -0.301486 0.832754 0.464356
v -0.118087 0.793681 -0.297849
vn -0.336464 0.772652 0.538331
v -0.123133 0.774307 -0.270422
vn -0.314264 0.730719 0.606043
v -0.126377 0.755144 -0.246784
vn -0.360680 0.687414 0.630374
v -0.125630 0.735571 -0.224531
vn -0.392590 0.628588 0.671379
v -0.124220 0.708228 -0.198345
vn -0.206759 0.861430 0.463884
v -0.110962 0.794148 -0.296338
vn 0.037841 0.896907 0.440596
v -0.085477 0.800367 -0.297869
vn 0.320419 0.840558 0.436799
v -0.067891 0.798803 -0.301693
vn 0.621051 0.688192 0.375084
v -0.050895 0.790726 -0.306143
vn 0.895775 0.401684 0.190359
v -0.038203 0.778411 -0.314616
vn 0.989552 0.094374 -0.108999
v -0.034571 0.769820 -0.335980
vn 0.947585 -0.185559 -0.260097
v -0.037320 0.757125 -0.340398
vn -0.705199 0.685291 0.181852
v -0.136661 0.789095 -0.318162
vn -0.244430 0.678795 0.692453
v -0.111563 0.732218 -0.213300
vn -0.248688 0.750413 0.612401
v -0.109434 0.760709 -0.244998
vn -0.255023 0.806226 0.533820
v -0.105462 0.780799 -0.269587
vn -0.219936 0.865914 0.449245
v -0.099605 0.797942 -0.296565
vn -0.124649 0.904739 0.407320
v -0.096866 0.804203 -0.310650
vn -0.085820 0.902762 0.421493
v -0.093994 0.813938 -0.328945
vn -0.108670 0.910199 0.399661
v -0.092138 0.820774 -0.344723
vn -0.068269 0.878829 0.472227
v -0.086253 0.838402 -0.379801
vn -0.004255 0.856551 0.516045
v -0.074808 0.863393 -0.421848
vn 0.051669 0.845543 0.531402
v -0.064109 0.887291 -0.459919
vn -0.219153 0.678888 0.700773
v -0.110761 0.705702 -0.188165
vn 0.844239 0.406262 0.349589
v -0.062498 0.680702 -0.192775
vn -0.220571 -0.821001 -0.526598
v -0.104555 0.619752 -0.263325
vn 0.990776 -0.134192 0.018856
v -0.052761 0.673616 -0.234820
vn 0.955758 -0.293788 -0.014686
v -0.048256 0.689649 -0.253246
vn 0.997408 -0.042750 -0.057868
v -0.053833 0.656653 -0.211972
vn 0.992639 0.103671 -0.062616
v -0.052764 0.653194 -0.199922
vn 0.943602 -0.330427 -0.020828
v -0.043082 0.704396 -0.269877
vn 0.809213 0.322845 0.490862
v -0.033671 0.858050 -0.476522
vn 0.996822 0.069089 -0.039655
v -0.042551 0.798646 -0.383986
vn 0.966550 0.218173 0.134841
v -0.044338 0.819349 -0.402644
vn 0.983849 -0.073392 -0.163261
v -0.040340 0.779939 -0.367879
vn 0.956333 0.200730 0.212448
v -0.042338 0.832709 -0.429045
vn 0.912256 0.228629 0.339879
v -0.037974 0.849127 -0.461959
vn 0.966116 -0.012356 0.257814
v -0.035832 0.830421 -0.462306
vn 0.714277 0.573476 0.401165
v -0.052860 0.851057 -0.422266
vn 0.681392 0.634908 0.364139
v -0.057543 0.831483 -0.384840
vn 0.918051 0.346339 0.192953
v -0.008185 0.876611 -0.529170
vn 0.935999 -0.238906 -0.258515
v -0.010334 0.856122 -0.549340
vn -0.987446 0.146234 0.059707
v -0.091679 0.877883 -0.521099
vn 0.871496 -0.426892 -0.241368
v -0.017808 0.855868 -0.570540
vn 0.933620 -0.358210 -0.006259
v -0.014073 0.870565 -0.587432
vn -0.700410 -0.689578 -0.184140
v -0.062532 0.861580 -0.575053
vn -0.825624 -0.531147 -0.190336
v -0.074872 0.872977 -0.552248
vn -0.881293 -0.467531 -0.068822
v -0.082615 0.887898 -0.560565
vn -0.051820 -0.935045 -0.350723
v -0.035244 0.852408 -0.581413
vn -0.195751 -0.944127 -0.265153
v -0.042081 0.857416 -0.597679
vn 0.173165 -0.962441 -0.209094
v -0.028646 0.858384 -0.599851
vn -0.442844 -0.847089 -0.293820
v -0.053818 0.858954 -0.588267
vn -0.649448 -0.074695 0.756728
v -0.072000 0.912615 -0.486868
vn -0.817379 -0.349718 0.457809
v -0.085414 0.921978 -0.496801
vn -0.906783 -0.254369 0.336217
v -0.087319 0.910624 -0.513355
vn -0.808016 -0.295832 0.509503
v -0.078131 0.906749 -0.498625
vn -0.911171 -0.370265 -0.180751
v -0.084053 0.885146 -0.546609
vn 0.975097 -0.183255 -0.124913
v -0.012847 0.869203 -0.564475
vn 0.570848 -0.791229 -0.219293
v -0.020211 0.860348 -0.595234
vn 0.989241 -0.135632 0.054824
v -0.010652 0.883308 -0.583975
vn 0.998574 0.023369 0.048007
v -0.011740 0.889206 -0.563317
vn 0.992272 -0.013485 -0.123346
v -0.011210 0.879917 -0.553855
vn 0.973429 0.176504 0.145882
v -0.012945 0.895778 -0.554043
vn 0.983869 0.170559 -0.053952
v -0.010056 0.882752 -0.546435
vn 0.862626 0.184375 0.471045
v -0.028222 0.913954 -0.522215
vn 0.812327 0.397749 0.426520
v -0.018282 0.895080 -0.526889
vn 0.973178 -0.140191 -0.182403
v -0.006899 0.860054 -0.538565
vn 0.683533 0.150428 0.714250
v -0.053967 0.914825 -0.489488
vn 0.747535 0.160724 0.644484
v -0.043987 0.903803 -0.499657
vn 0.742896 0.031507 0.668665
v -0.044505 0.919396 -0.499199
vn 0.212991 0.263644 0.940812
v -0.060896 0.915680 -0.486061
vn -0.104607 -0.983535 -0.147367
v -0.049343 0.876350 -0.671789
vn -0.045020 -0.971629 -0.232185
v -0.026746 0.872153 -0.658496
vn -0.086614 -0.980015 -0.179074
v -0.010625 0.876730 -0.678975
vn -0.551645 -0.832066 0.057907
v -0.088263 0.889706 -0.640132
vn -0.367354 -0.929639 -0.028678
v -0.072400 0.881549 -0.647900
vn 0.966634 0.014714 0.255737
v 0.011445 0.895110 -0.672421
vn 0.949571 -0.013109 0.313277
v 0.004437 0.895332 -0.655047
vn 0.393090 0.908231 0.143517
v -0.001707 0.918184 -0.674508
vn -0.587419 -0.797147 0.139628
v -0.093584 0.889650 -0.661206
vn -0.286708 -0.952985 -0.098066
v -0.060351 0.877302 -0.654289
vn -0.176129 -0.972109 -0.154862
v -0.045703 0.873932 -0.657744
vn -0.138756 0.965179 -0.221757
v -0.081833 0.912728 -0.672127
vn -0.121053 0.970620 -0.207949
v -0.070298 0.915831 -0.661335
vn -0.446016 0.855039 -0.264532
v -0.089808 0.910912 -0.671395
vn -0.019680 0.980368 -0.196192
v -0.063845 0.916097 -0.664289
vn 0.008949 0.999410 0.033171
v -0.022425 0.918259 -0.661214
vn -0.052803 0.998580 0.007018
v -0.017630 0.920009 -0.671167
vn -0.412422 0.869730 -0.271067
v -0.092683 0.916022 -0.648206
vn -0.086370 0.993247 -0.077465
v -0.042489 0.915344 -0.661977
vn 0.795888 0.524910 0.301716
v 0.000434 0.909456 -0.657069
vn -0.073158 0.950672 -0.301447
v -0.074917 0.923602 -0.635573
vn -0.352484 0.902144 -0.248778
v -0.088700 0.925509 -0.622876
vn 0.991172 0.003505 0.132532
v -0.006474 0.895893 -0.610367
vn 0.936563 0.339425 0.087406
v -0.007016 0.905227 -0.612003
vn 0.889156 0.457554 -0.006738
v -0.010098 0.913909 -0.594584
vn 0.707991 0.706211 0.003832
v -0.011693 0.912338 -0.612698
vn 0.968629 -0.206602 0.138106
v -0.007700 0.882806 -0.609141
vn 0.334225 0.864645 -0.375077
v -0.040907 0.936974 -0.580648
vn 0.293204 0.906847 -0.302754
v -0.033436 0.927637 -0.600168
vn 0.140339 0.911864 -0.385759
v -0.058910 0.938594 -0.586380
vn 0.199271 0.925041 -0.323403
v -0.059134 0.930715 -0.604649
vn 0.144087 0.989374 -0.019448
v -0.021698 0.918917 -0.638879
vn 0.026987 0.990211 -0.136943
v -0.033977 0.918696 -0.640530
vn 0.144030 0.958093 -0.247613
v -0.042083 0.922908 -0.621302
vn 0.853517 0.520991 -0.008806
v -0.023955 0.933639 -0.555017
vn 0.635514 0.719050 -0.281227
v -0.030893 0.940486 -0.559879
vn 0.576058 0.800017 -0.167721
v -0.019836 0.924648 -0.586174
vn 0.501803 0.861106 -0.081792
v -0.020387 0.918344 -0.615366
vn 0.257376 0.955961 -0.141053
v -0.029430 0.921419 -0.616834
vn 0.516486 0.817331 -0.255368
v -0.029607 0.932391 -0.579245
vn 0.967789 0.123207 0.219557
v -0.001383 0.897979 -0.636933
vn 0.952203 -0.216678 0.215313
v -0.002262 0.885104 -0.639075
vn 0.864873 -0.457755 0.206046
v 0.001292 0.882859 -0.656834
vn 0.889928 -0.443501 0.106464
v -0.009424 0.875019 -0.618411
vn 0.993964 0.012254 0.109024
v -0.009236 0.898892 -0.576737
vn 0.917162 0.324193 0.231759
v -0.018990 0.921495 -0.552470
vn 0.964452 0.184318 0.189363
v -0.012250 0.910082 -0.563487
vn 0.871167 0.485259 0.074782
v -0.015113 0.920487 -0.569457
vn 0.777621 0.607972 0.160233
v -0.006073 0.909015 -0.636127
vn 0.399398 0.902884 0.159000
v -0.007744 0.916408 -0.660207
vn 0.474989 0.877197 0.070078
v -0.014162 0.916476 -0.637424
vn -0.764105 -0.640181 -0.079447
v -0.073382 0.873757 -0.584091
vn -0.111127 -0.961912 -0.249754
v -0.033585 0.861659 -0.614602
vn -0.204370 -0.958787 -0.197385
v -0.042310 0.869792 -0.639523
vn -0.012875 -0.971872 -0.235158
v -0.026497 0.868032 -0.640892
vn 0.053411 0.982308 -0.179494
v -0.050313 0.917909 -0.642350
vn 0.156159 0.952253 -0.262352
v -0.056461 0.923118 -0.625422
vn 0.092250 0.909731 -0.404820
v -0.052184 0.947421 -0.566371
vn 0.005218 0.925733 -0.378142
v -0.058677 0.954583 -0.548728
vn 0.391428 0.849486 -0.353777
v -0.039917 0.957815 -0.537778
vn 0.086606 0.996068 -0.018640
v -0.057018 0.966873 -0.510726
vn -0.178216 0.929691 -0.322357
v -0.075087 0.958801 -0.534511
vn -0.105679 0.923293 -0.369272
v -0.074412 0.944628 -0.572468
vn -0.067051 0.933504 -0.352242
v -0.071930 0.937808 -0.589408
vn -0.007687 0.954280 -0.298815
v -0.072346 0.932478 -0.607035
vn 0.142173 0.956287 -0.255543
v -0.063513 0.921727 -0.639591
vn -0.904877 0.370988 -0.208724
v -0.099558 0.904207 -0.662341
vn -0.745858 0.646726 -0.159503
v -0.096398 0.917704 -0.632980
vn -0.646388 0.735935 -0.201450
v -0.092683 0.929316 -0.594812
vn -0.324966 0.895202 -0.304976
v -0.085157 0.934996 -0.589830
vn -0.750639 0.599886 -0.276908
v -0.095485 0.935202 -0.571893
vn -0.400752 0.859990 -0.315936
v -0.092015 0.955496 -0.530988
vn -0.167378 0.974124 -0.151877
v -0.077743 0.963834 -0.515551
vn -0.441889 0.885476 -0.143760
v -0.090723 0.961178 -0.513518
vn -0.844526 -0.535301 -0.015119
v -0.081199 0.885167 -0.594941
vn -0.541131 -0.818036 -0.194920
v -0.065201 0.872496 -0.614400
vn -0.343446 -0.921040 -0.183656
v -0.053526 0.872829 -0.636072
vn -0.555011 0.306233 0.773424
v -0.086874 0.948640 -0.490969
vn -0.811661 0.395868 0.429529
v -0.094470 0.952913 -0.502202
vn -0.879867 -0.109904 0.462336
v -0.094387 0.939896 -0.500866
vn -0.977890 -0.205279 0.039898
v -0.100684 0.929801 -0.538641
vn -0.933081 -0.359266 0.016977
v -0.097256 0.917420 -0.562657
vn -0.908754 -0.417303 -0.004994
v -0.091710 0.907486 -0.554860
vn -0.995988 -0.016044 -0.088039
v -0.098920 0.925956 -0.567073
vn -0.824139 0.556673 0.104452
v -0.094900 0.957116 -0.511547
vn -0.523889 0.836734 0.159424
v -0.090801 0.961067 -0.508985
vn -0.284166 0.862785 0.418153
v -0.078435 0.964781 -0.499693
vn -0.921991 -0.355794 0.152784
v -0.094805 0.919395 -0.530124
vn 0.576164 -0.816463 -0.037716
v -0.013446 0.868406 -0.627782
vn 0.158927 -0.972211 -0.171896
v -0.010469 0.873346 -0.658051
vn -0.691418 -0.712960 0.116744
v -0.094818 0.894661 -0.644158
vn -0.987033 -0.153861 0.045752
v -0.099823 0.905492 -0.628154
vn -0.946158 -0.323031 -0.020885
v -0.098451 0.896928 -0.660489
vn -0.975318 0.218319 -0.033035
v -0.098421 0.913886 -0.631790
vn -0.823068 -0.549998 0.141637
v -0.096005 0.899113 -0.622627
vn -0.992055 -0.118414 0.042489
v -0.097550 0.918481 -0.589170
vn -0.929092 0.356874 -0.097101
v -0.095677 0.925742 -0.592103
vn -0.911004 -0.408495 0.056608
v -0.094751 0.912617 -0.579608
vn -0.704751 -0.708313 -0.040247
v -0.078617 0.885036 -0.618840
vn -0.630411 -0.768278 0.111046
v -0.087693 0.892288 -0.620595
vn -0.535463 -0.842572 -0.057887
v -0.071971 0.879946 -0.628086
vn -0.891837 -0.451243 0.031735
v -0.089565 0.903092 -0.572410
vn 0.926445 0.278072 0.253725
v -0.017730 0.903293 -0.542755
vn 0.303039 0.750880 0.586811
v -0.058162 0.964151 -0.497905
vn 0.624192 0.729986 0.278398
v -0.044961 0.962444 -0.509096
vn 0.762626 0.302619 0.571684
v -0.042159 0.952487 -0.503578
vn 0.912406 0.301324 0.276983
v -0.031021 0.946717 -0.523057
vn 0.002812 0.445561 0.895247
v -0.070180 0.952515 -0.487443
vn 0.492039 0.339878 0.801487
v -0.055935 0.954227 -0.492107
vn 0.920538 0.155784 0.358247
v -0.028700 0.929516 -0.524830
vn -0.787145 -0.608397 0.101273
v -0.089338 0.897928 -0.600695
vn 0.678134 0.384990 0.626032
v -0.030612 0.886923 -0.507940
vn -0.777363 -0.444749 -0.444864
v -0.073295 0.865386 -0.544894
vn -0.623565 -0.103014 0.774955
v -0.084184 0.940719 -0.488224
vn -0.145622 0.091124 0.985135
v -0.076965 0.941933 -0.485084
vn 0.447956 0.086047 0.889905
v -0.056508 0.939333 -0.487822
vn 0.765560 0.072789 0.639233
v -0.043238 0.937172 -0.499231
vn -0.991722 -0.108127 0.069253
v -0.089886 0.903960 -0.528531
vn 0.740350 0.241655 0.627284
v -0.028995 0.901522 -0.514832
vn 0.310034 0.927380 -0.209392
v -0.041273 0.961207 -0.530301
vn -0.032626 0.951366 -0.306331
v -0.056554 0.961533 -0.532269
vn -0.758392 0.631109 -0.162919
v -0.098761 0.951857 -0.530535
vn -0.986120 0.115011 0.119747
v -0.101275 0.944882 -0.524355
vn -0.931844 -0.283280 0.226757
v -0.099583 0.934219 -0.521235
vn -0.969088 0.205742 -0.136160
v -0.100822 0.941785 -0.544111
vn 0.766729 0.640230 -0.047251
v -0.034910 0.956474 -0.527431
vn -0.217988 -0.975951 -0.001246
v -0.063913 0.879419 -0.674129
vn 0.044793 -0.986800 -0.155627
v -0.024838 0.880564 -0.683003
vn -0.746126 0.551046 -0.373690
v -0.092125 0.903317 -0.681900
vn -0.309555 -0.940276 0.141622
v -0.083367 0.884899 -0.668950
vn 0.047107 0.983811 -0.172905
v -0.005753 0.919174 -0.683279
vn -0.142911 0.962606 -0.230143
v -0.034486 0.913828 -0.685327
vn 0.815960 0.562618 0.132927
v 0.007834 0.910277 -0.676795
vn 0.425923 -0.904699 -0.010488
v -0.003775 0.875596 -0.665704
vn -0.443863 0.207806 -0.871667
v -0.082129 0.896125 -0.725449
vn -0.570265 0.716010 -0.402650
v -0.083467 0.896430 -0.707831
vn -0.565621 0.697334 -0.440224
v -0.068423 0.890031 -0.723185
vn -0.690806 -0.638187 -0.339859
v -0.070048 0.883174 -0.721188
vn -0.055732 0.067301 -0.996175
v -0.048323 0.889729 -0.754610
vn -0.965108 0.169044 -0.199977
v -0.056445 0.886801 -0.745368
vn 0.850097 -0.032315 -0.525634
v -0.038209 0.883010 -0.747162
vn 0.012198 0.934224 -0.356479
v -0.044269 0.890930 -0.738424
vn 0.021365 -0.979970 -0.197995
v -0.041389 0.873984 -0.734837
vn 0.245494 -0.969252 -0.016807
v -0.033674 0.882079 -0.711455
vn 0.075523 0.550600 -0.831346
v -0.015078 0.894617 -0.725456
vn 0.971643 -0.118870 -0.204401
v -0.015995 0.886161 -0.730829
vn 0.260387 -0.961016 -0.092990
v -0.023176 0.874888 -0.736527
vn -0.197537 0.819944 -0.537281
v -0.033867 0.889890 -0.735098
vn -0.136171 -0.989355 0.051322
v -0.003117 0.879021 -0.742592
vn 0.998887 0.016987 0.044007
v 0.013834 0.892002 -0.688236
vn 0.580450 -0.813956 0.023529
v 0.008933 0.880371 -0.714749
vn 0.504005 0.843564 -0.185416
v 0.004374 0.912563 -0.703897
vn 0.036842 0.809374 -0.586136
v -0.010632 0.908223 -0.718132
vn -0.188162 0.850557 -0.491069
v -0.043475 0.899457 -0.725465
vn -0.226899 0.888281 -0.399341
v -0.063286 0.898241 -0.714750
vn -0.864528 -0.192918 -0.464083
v -0.039078 0.886813 -0.754005
vn -0.122927 0.933084 -0.338000
v -0.055394 0.904090 -0.705215
vn 0.314434 0.842520 -0.437370
v -0.024862 0.894342 -0.751103
vn 0.403554 0.827018 -0.391389
v 0.006727 0.905013 -0.718246
vn -0.392584 0.908278 -0.144598
v -0.008207 0.898614 -0.746341
vn 0.105168 0.172624 -0.979357
v 0.002594 0.892924 -0.761353
vn 0.530006 0.832541 -0.161151
v 0.010800 0.901427 -0.733134
vn -0.175005 -0.983708 -0.041141
v -0.050406 0.879230 -0.717672
vn 0.223313 -0.962971 -0.151058
v -0.013776 0.883871 -0.704969
vn 0.059085 -0.991797 0.113348
v -0.021869 0.881383 -0.702164
vn -0.267287 -0.861378 -0.431956
v -0.010455 0.877956 -0.754684
vn -0.069140 -0.995028 0.071680
v -0.080162 0.878563 -0.693709
vn 0.088890 -0.996031 0.004570
v -0.054782 0.879038 -0.692001
vn -0.655782 -0.747433 0.106271
v -0.031256 0.877176 -0.728240
vn -0.690558 -0.606983 -0.393321
v -0.070516 0.884264 -0.735120
vn 0.288814 -0.919765 -0.265743
v -0.057910 0.875538 -0.721134
vn 0.959184 -0.266570 -0.094372
v 0.014518 0.888994 -0.739000
vn 0.635027 -0.261938 -0.726725
v -0.022133 0.882635 -0.757011
vn 0.170519 0.749071 -0.640169
v -0.052261 0.890301 -0.730036
vn -0.751090 0.540439 -0.379196
v -0.069052 0.893129 -0.738845
vn 0.409286 -0.178876 -0.894700
v -0.057528 0.885983 -0.742245
vn -0.302157 0.852274 -0.427001
v -0.077273 0.903706 -0.702134
vn -0.700505 -0.712162 0.046035
v -0.089560 0.883931 -0.685780
vn -0.968479 0.021044 -0.248204
v -0.092773 0.894120 -0.687246
vn -0.227819 -0.972403 0.050312
v -0.072938 0.882198 -0.683447
vn -0.415455 -0.909504 -0.014144
v -0.066002 0.875787 -0.713344
vn 0.121355 -0.991239 0.052131
v -0.040694 0.879619 -0.707655
vn 0.818660 -0.553728 0.152253
v 0.010020 0.884127 -0.685240
vn 0.919480 0.391559 -0.035194
v 0.010134 0.906467 -0.693718
vn -0.396075 -0.917220 -0.042804
v -0.004371 0.879620 -0.714090
vn 0.464384 -0.885038 -0.032475
v 0.010690 0.880256 -0.726345
vn -0.979829 0.197290 0.031801
v -0.016994 0.889704 -0.739598
vn -0.716673 0.300859 -0.629177
v -0.012863 0.889799 -0.758683
vn 0.305121 -0.899040 -0.314050
v 0.004173 0.881225 -0.749288
vn 0.761942 -0.261455 -0.592524
v 0.007750 0.884645 -0.757737
vn 0.419871 0.809213 -0.410952
v -0.057742 0.893615 -0.735611
vn -0.839166 -0.462563 -0.286069
v -0.089184 0.882066 -0.709659
vn 0.905826 0.359781 0.223690
v 0.170851 0.412401 0.125535
vn 0.937237 0.302511 0.173420
v 0.178055 0.401951 0.109506
vn 0.974552 0.201153 0.098919
v 0.183077 0.390205 0.093454
vn 0.928907 0.344401 0.136085
v 0.177963 0.413499 0.087195
vn 0.977987 0.169030 0.122356
v 0.183894 0.375283 0.110493
vn 0.957631 0.132153 0.255887
v 0.170530 0.334978 0.188407
vn 0.994841 -0.045173 0.090835
v 0.180538 0.294094 0.158202
vn 0.386350 0.810989 0.439353
v 0.113957 0.443046 0.176336
vn -0.017669 -0.804305 -0.593953
v 0.100703 0.302182 0.035284
vn -0.181672 -0.771732 -0.609447
v 0.083514 0.321563 0.012892
vn -0.352149 -0.722653 -0.594781
v 0.069075 0.324694 0.015505
vn 0.180238 -0.770215 -0.611787
v 0.111358 0.286979 0.056194
vn 0.209134 -0.777581 -0.592985
v 0.113386 0.300413 0.039599
vn 0.520785 -0.662109 -0.538883
v 0.143604 0.283183 0.076243
vn 0.964358 -0.242078 -0.106831
v 0.180213 0.290370 0.133344
vn 0.813670 -0.444091 -0.375131
v 0.169202 0.274057 0.123515
vn -0.907902 0.126674 0.399584
v 0.018430 0.424655 0.111291
vn -0.985760 0.010086 0.167856
v 0.002808 0.398300 0.077210
vn -0.974188 -0.199368 -0.105878
v 0.004639 0.381025 0.057756
vn -0.975136 -0.212747 -0.062037
v 0.006389 0.369902 0.070191
vn -0.986886 -0.032783 0.158055
v 0.005355 0.383917 0.089683
vn -0.894472 -0.324458 -0.307646
v 0.013020 0.364019 0.042642
vn -0.925261 0.110749 0.362804
v 0.008947 0.411881 0.093058
vn -0.882732 0.255416 0.394393
v 0.018213 0.440296 0.103832
vn -0.827007 0.412144 0.382357
v 0.042745 0.435868 0.157723
vn -0.769470 0.438134 0.464710
v 0.042501 0.445144 0.149663
vn -0.565361 0.694204 0.445474
v 0.056962 0.442039 0.174245
vn 0.504740 -0.657448 -0.559463
v 0.144469 0.325738 0.023216
vn 0.241937 -0.756344 -0.607792
v 0.126802 0.323691 0.013847
vn 0.700475 -0.534544 -0.472861
v 0.163194 0.331454 0.039323
vn 0.857085 -0.314240 -0.408238
v 0.174431 0.353140 0.037128
vn 0.865142 -0.359615 -0.349581
v 0.176684 0.338287 0.055650
vn 0.206296 -0.752584 -0.625347
v 0.110926 0.323440 0.009121
vn 0.008723 -0.775036 -0.631857
v 0.099875 0.323459 0.007123
vn -0.456739 -0.639181 -0.618738
v 0.066166 0.357544 -0.019342
vn -0.487988 -0.656956 -0.574697
v 0.050222 0.321968 0.032382
vn -0.790549 -0.402339 -0.461687
v 0.023245 0.367163 0.019255
vn -0.652304 -0.527376 -0.544403
v 0.036394 0.355463 0.012649
vn -0.768809 -0.474986 -0.428160
v 0.025161 0.341859 0.040390
vn -0.995568 0.059683 0.072679
v 0.001576 0.411953 0.065796
vn 0.973883 -0.151763 -0.168878
v 0.185046 0.349977 0.076234
vn 0.994980 0.095765 -0.029044
v 0.185443 0.378985 0.077218
vn 0.990766 0.111757 -0.076773
v 0.183046 0.392661 0.059776
vn 0.255003 -0.773552 -0.580165
v 0.129339 0.309474 0.033879
vn 0.482337 -0.688412 -0.541701
v 0.145844 0.309349 0.044398
vn 0.254183 -0.758407 -0.600175
v 0.128369 0.290206 0.060088
vn 0.690911 -0.572216 -0.441827
v 0.163137 0.314906 0.059392
vn 0.691869 -0.558105 -0.458079
v 0.157788 0.284402 0.093206
vn 0.871535 -0.392255 -0.294216
v 0.176330 0.320953 0.075423
vn 0.822840 -0.455410 -0.339905
v 0.174181 0.303878 0.095001
vn 0.825069 -0.457261 -0.331924
v 0.172303 0.286749 0.112716
vn 0.961638 -0.224699 -0.157364
v 0.183337 0.330641 0.093645
vn -0.910838 0.128273 0.392326
v 0.019594 0.408345 0.116021
vn -0.902514 0.188418 0.387257
v 0.029504 0.422723 0.135343
vn -0.905291 -0.367926 -0.212316
v 0.013774 0.352289 0.052935
vn 0.552153 0.705508 0.444280
v 0.133659 0.450533 0.145305
vn -0.982885 -0.124375 -0.135895
v 0.003492 0.395480 0.047048
vn 0.738189 -0.442733 -0.508984
v 0.160544 0.349052 0.016354
vn 0.914733 0.374452 0.151821
v 0.170666 0.423620 0.100486
vn 0.853938 0.457245 0.248429
v 0.164376 0.432875 0.114148
vn -0.210937 0.805732 0.553446
v 0.070703 0.458565 0.160714
vn -0.668207 0.548144 0.503028
v 0.042837 0.457534 0.137615
vn -0.809925 0.387825 0.440015
v 0.030145 0.451069 0.121066
vn -0.594853 -0.573382 -0.563367
v 0.052111 0.363961 -0.012031
vn -0.045190 -0.721910 -0.690510
v 0.095045 0.339756 -0.011768
vn 0.153875 -0.696505 -0.700859
v 0.105565 0.339877 -0.010786
vn 0.963357 -0.100841 -0.248543
v 0.181812 0.378329 0.044619
vn 0.979090 0.202295 0.021429
v 0.181271 0.403503 0.074243
vn 0.954383 0.082159 0.287060
v 0.169549 0.301960 0.208997
vn 0.941152 -0.300774 -0.154167
v 0.177776 0.278317 0.144909
vn 0.677298 -0.541396 -0.498155
v 0.156352 0.273333 0.103036
vn -0.270476 -0.785652 -0.556412
v 0.076083 0.302423 0.040559
vn -0.921989 0.114922 0.369768
v 0.011107 0.396659 0.102676
vn -0.316788 0.716672 0.621310
v 0.071419 0.443162 0.182971
vn 0.212892 0.876678 0.431409
v 0.100300 0.444771 0.182457
vn 0.483848 -0.055369 -0.873399
v 0.094612 0.217519 0.090211
vn 0.097086 -0.983406 0.153256
v 0.014889 0.368300 0.129839
vn 0.861125 -0.392440 0.323193
v 0.017614 0.368334 0.114976
vn -0.405589 -0.907528 -0.109041
v 0.004946 0.376898 0.173033
vn -0.988026 0.088907 -0.126099
v 0.003437 0.373263 0.190904
vn -0.624552 -0.363409 0.691281
v 0.032512 0.331227 0.070931
vn -0.599384 -0.366650 -0.711553
v 0.048431 0.316629 0.083070
vn 0.741816 -0.338981 0.578619
v 0.022995 0.341034 0.078813
vn 0.146448 -0.428675 0.891511
v 0.027375 0.333508 0.069964
vn 0.818853 -0.373908 0.435513
v 0.019653 0.352680 0.092872
vn 0.221598 -0.970491 0.095086
v 0.008031 0.376976 0.154615
vn 0.366872 -0.341288 -0.865406
v 0.117406 0.241100 0.103021
vn -0.492136 -0.841853 0.221552
v 0.013052 0.372478 0.111839
vn -0.688551 -0.673881 0.267923
v 0.018255 0.340316 0.078554
vn 0.056646 -0.812195 0.580629
v 0.017596 0.354261 0.097409
vn -0.774066 -0.625341 0.098845
v 0.014057 0.373849 0.129314
vn -0.983616 0.166682 -0.068684
v 0.003269 0.379448 0.197044
vn -0.722713 0.680576 0.120421
v 0.041696 0.429405 0.164946
vn -0.715502 0.662990 -0.220230
v 0.026527 0.411315 0.145707
vn -0.948471 0.056908 0.311711
v 0.007766 0.379285 0.099259
vn -0.297916 -0.947043 0.119812
v 0.010739 0.359272 0.106424
vn -0.967977 0.088442 0.234945
v 0.011041 0.366772 0.111893
vn -0.898989 -0.424154 0.109142
v 0.007789 0.364777 0.096533
vn 0.877902 -0.149917 0.454766
v 0.150749 0.192257 0.233857
vn 0.933017 -0.178858 0.312233
v 0.163223 0.214790 0.219510
vn 0.781467 -0.245204 -0.573746
v 0.141443 0.196215 0.134661
vn 0.847323 -0.246147 -0.470590
v 0.149836 0.193590 0.149724
vn 0.951407 -0.275743 -0.137080
v 0.161710 0.196225 0.181448
vn 0.981249 -0.189877 0.033115
v 0.160578 0.189315 0.199877
vn -0.477549 -0.784654 -0.395304
v 0.059724 0.291251 0.068779
vn -0.734279 -0.672691 0.091223
v 0.051104 0.297246 0.069822
vn -0.718270 -0.695523 -0.018319
v 0.041339 0.308924 0.061903
vn -0.617576 -0.511983 0.597054
v 0.036834 0.316185 0.066907
vn -0.761942 -0.470151 0.445424
v 0.045936 0.310658 0.074962
vn -0.284446 -0.795003 -0.535781
v 0.079207 0.286826 0.064603
vn 0.974010 -0.177517 0.140687
v 0.168075 0.220342 0.199177
vn 0.210132 -0.732355 -0.647689
v 0.122400 0.268192 0.083705
vn 0.401067 -0.674819 -0.619488
v 0.140456 0.268072 0.091946
vn 0.643033 -0.502190 -0.578198
v 0.154418 0.262462 0.111997
vn 0.803539 -0.373515 -0.463477
v 0.166599 0.261988 0.131169
vn 0.695518 -0.167694 0.698666
v 0.138640 0.230987 0.262857
vn 0.927658 -0.315497 -0.199781
v 0.165190 0.214122 0.165635
vn 0.961582 -0.271553 -0.040239
v 0.167421 0.214629 0.182061
vn -0.410957 -0.241803 0.879002
v 0.007880 0.235217 0.284912
vn 0.073040 -0.173347 0.982149
v 0.058303 0.277269 0.309911
vn -0.760368 -0.637568 0.123889
v 0.008561 0.359651 0.078913
vn -0.854451 -0.517254 -0.048597
v 0.014876 0.346726 0.061612
vn -0.966626 0.231784 -0.109136
v 0.005862 0.384325 0.167856
vn -0.897602 0.380574 -0.222427
v 0.011800 0.393648 0.154780
vn -0.906620 0.418586 -0.053164
v 0.007317 0.395469 0.189396
vn -0.835875 0.503302 0.219088
v 0.003437 0.380075 0.242508
vn -0.939086 0.245449 0.240568
v 0.001094 0.361603 0.260244
vn -0.652259 0.679293 0.336330
v 0.009234 0.391988 0.229463
vn -0.683008 0.722947 -0.104156
v 0.023368 0.416036 0.167544
vn -0.502398 0.609340 0.613433
v 0.018697 0.379934 0.263569
vn -0.551359 0.702082 0.450648
v 0.023535 0.399576 0.242528
vn -0.517674 0.814177 0.262927
v 0.028772 0.414563 0.216120
vn -0.553486 0.823559 0.124110
v 0.033658 0.423587 0.191664
vn -0.640907 0.040277 0.766561
v 0.006187 0.291464 0.295815
vn -0.391721 0.210383 0.895708
v 0.025342 0.321321 0.304869
vn -0.613362 0.181161 0.768744
v 0.011532 0.320370 0.296617
vn -0.369649 0.452578 0.811500
v 0.030200 0.353132 0.294031
vn -0.524387 0.422140 0.739470
v 0.015018 0.345566 0.290110
vn -0.376300 0.621324 0.687281
v 0.036114 0.381498 0.276377
vn -0.323852 0.736571 0.593787
v 0.041533 0.402139 0.256210
vn -0.292235 0.865128 0.407617
v 0.045934 0.418319 0.230079
vn -0.208050 0.228432 0.951070
v 0.041573 0.321463 0.309703
vn -0.155263 0.408908 0.899271
v 0.047567 0.348191 0.301913
vn -0.140733 0.580388 0.802087
v 0.054380 0.376323 0.286744
vn -0.794801 -0.551438 -0.253392
v 0.026032 0.331901 0.049504
vn -0.731744 -0.605724 -0.312489
v 0.036995 0.317107 0.050935
vn -0.806983 -0.566553 -0.166720
v 0.026319 0.329844 0.055972
vn -0.786472 -0.553695 -0.273647
v 0.033403 0.318380 0.059369
vn -0.829088 -0.556357 -0.055496
v 0.025351 0.329940 0.064763
vn -0.539821 -0.707363 0.456324
v 0.030222 0.320764 0.064049
vn -0.556408 -0.758364 0.339551
v 0.024393 0.329747 0.070377
vn -0.295605 -0.942184 0.157817
v 0.010928 0.365306 0.092939
vn -0.190405 -0.801329 0.567113
v 0.019815 0.342469 0.083077
vn -0.885248 -0.463578 0.037840
v 0.016789 0.343052 0.068552
vn 0.351216 0.809311 -0.470810
v 0.010234 0.366462 0.126369
vn 0.675173 -0.157070 -0.720743
v 0.131691 0.203320 0.119781
vn 0.540425 -0.088368 -0.836739
v 0.112710 0.232345 0.101975
vn 0.244448 -0.601376 -0.760653
v 0.120953 0.255181 0.096010
vn 0.442461 -0.502557 -0.742742
v 0.136464 0.250121 0.106729
vn 0.490647 -0.282024 -0.824456
v 0.130217 0.232401 0.112428
vn 0.627832 -0.367315 -0.686226
v 0.151230 0.244433 0.120190
vn 0.644538 -0.307207 -0.700139
v 0.143361 0.226269 0.122741
vn 0.772240 -0.345355 -0.533268
v 0.152798 0.218811 0.136475
vn 0.006878 -0.441714 -0.897130
v 0.091491 0.259393 0.091117
vn 0.405825 -0.074832 -0.910882
v 0.101341 0.246560 0.094641
vn 0.081019 -0.597427 -0.797820
v 0.105209 0.258843 0.090939
vn -0.247630 -0.445662 -0.860270
v 0.074640 0.275837 0.086288
vn 0.252895 -0.163894 0.953511
v 0.092629 0.187867 0.277342
vn 0.547120 -0.184899 0.816377
v 0.117501 0.247592 0.284457
vn 0.669660 -0.002519 0.742663
v 0.122680 0.303164 0.290572
vn 0.332027 -0.192029 0.923517
v 0.095673 0.265307 0.299047
vn 0.027285 -0.357667 0.933450
v 0.070291 0.205601 0.285946
vn 0.117926 -0.339081 0.933337
v 0.075775 0.227346 0.293630
vn 0.321604 -0.088928 0.942689
v 0.097878 0.289610 0.303021
vn 0.128550 -0.255304 0.958277
v 0.070578 0.250695 0.302253
vn 0.938061 -0.276511 -0.208765
v 0.170395 0.230317 0.165145
vn 0.858619 -0.340389 -0.383286
v 0.160470 0.215263 0.151783
vn 0.913964 -0.247521 -0.321563
v 0.156374 0.191977 0.165870
vn 0.969561 -0.157455 -0.187509
v 0.157459 0.178537 0.179134
vn 0.973140 -0.228894 -0.024599
v 0.171704 0.230074 0.181413
vn 0.782611 -0.157676 0.602211
v 0.143865 0.193855 0.245298
vn 0.684211 -0.148951 0.713911
v 0.134940 0.194927 0.254914
vn 0.573557 -0.170961 0.801127
v 0.120137 0.197083 0.266376
vn 0.600869 -0.223152 0.767568
v 0.128908 0.229849 0.271251
vn -0.343383 0.890164 0.299493
v 0.049492 0.426787 0.211816
vn -0.108452 0.689121 0.716485
v 0.059291 0.396946 0.269234
vn -0.089141 0.841995 0.532070
v 0.063792 0.413221 0.248553
vn -0.127241 0.887364 0.443165
v 0.066249 0.422831 0.231285
vn -0.107869 -0.805670 -0.582460
v 0.096403 0.285545 0.058937
vn -0.727316 -0.673597 0.131449
v 0.064298 0.286526 0.079230
vn -0.766481 -0.550245 -0.331266
v 0.057958 0.297874 0.083214
vn 0.479678 0.337402 0.809981
v 0.107782 0.350622 0.289597
vn 0.517698 0.537959 0.665274
v 0.111611 0.379701 0.270568
vn 0.187684 0.384873 0.903686
v 0.084126 0.354903 0.297510
vn 0.216966 0.512373 0.830903
v 0.087830 0.373263 0.287329
vn 0.044677 0.321273 0.945932
v 0.064116 0.339467 0.305824
vn 0.034533 0.488384 0.871945
v 0.070354 0.366062 0.293887
vn 0.054101 0.598145 0.799560
v 0.075363 0.385200 0.280750
vn -0.963077 0.098218 0.250670
v 0.000017 0.333568 0.274505
vn -0.833969 0.124737 0.537527
v 0.003190 0.318054 0.288582
vn 0.961928 -0.262929 0.074580
v 0.007787 0.368752 0.139740
vn 0.779185 -0.051666 0.624661
v 0.031289 0.362565 0.085601
vn 0.896589 -0.057246 0.439147
v 0.026912 0.367779 0.091157
vn 0.921627 -0.175022 0.346367
v 0.022989 0.371417 0.102185
vn 0.966533 -0.099488 0.236464
v 0.019548 0.377802 0.119574
vn -0.936382 -0.332697 -0.111810
v 0.011675 0.373490 0.152418
vn 0.705516 0.605791 0.367784
v 0.151254 0.442220 0.130573
vn 0.407001 0.764966 0.499177
v 0.117224 0.455530 0.152794
vn -0.505989 0.679650 0.531085
v 0.056269 0.451946 0.160112
vn -0.938979 0.174405 0.296481
v 0.008315 0.427555 0.084243
vn -0.253146 -0.711388 -0.655625
v 0.079818 0.341939 -0.010548
vn 0.248996 -0.698788 -0.670594
v 0.123044 0.340749 -0.007088
vn 0.503106 -0.604682 -0.617449
v 0.140981 0.343261 0.000831
vn 0.873875 -0.244573 -0.420150
v 0.171448 0.365396 0.024517
vn 0.190844 -0.704250 -0.683821
v 0.112949 0.340758 -0.009008
vn 0.230175 -0.756705 -0.611896
v 0.117331 0.324082 0.011878
vn 0.228237 -0.774036 -0.590573
v 0.121319 0.301498 0.043702
vn 0.243790 0.813542 0.527935
v 0.102109 0.459183 0.157665
vn 0.033030 0.848256 0.528555
v 0.087279 0.452682 0.171860
vn -0.628127 -0.606016 -0.488059
v 0.039103 0.321704 0.042854
vn 0.279776 -0.735802 -0.616702
v 0.120864 0.285397 0.063017
vn -0.505662 -0.740192 -0.443195
v 0.047460 0.307130 0.053590
vn -0.002844 -0.787962 -0.615718
v 0.108004 0.272531 0.074956
vn -0.176949 -0.751710 -0.635311
v 0.090688 0.276515 0.073385
vn -0.502427 -0.771277 -0.390767
v 0.080496 0.272211 0.080655
vn 0.231466 0.876070 0.422996
v 0.102928 0.433430 0.210256
vn 0.421547 0.820015 0.387134
v 0.113607 0.430611 0.206057
vn -0.943745 0.211807 0.253935
v 0.020299 0.393913 0.122779
vn -0.916355 0.371956 0.148133
v 0.029258 0.414217 0.141202
vn 0.723658 0.582083 0.370806
v 0.146936 0.415693 0.181845
vn 0.999742 0.020648 0.009443
v 0.187691 0.361048 0.095903
vn 0.619147 0.669854 0.409820
v 0.128266 0.419211 0.209048
vn -0.777148 0.562252 -0.282692
v 0.020760 0.407286 0.149529
vn 0.501647 -0.793629 0.344242
v 0.011378 0.380709 0.137427
vn -0.732825 0.677726 0.060455
v 0.011301 0.364866 0.116771
vn -0.883089 0.418665 -0.211835
v 0.018540 0.388893 0.130169
vn 0.976426 0.097162 0.192749
v 0.183890 0.355281 0.128638
vn 0.997398 -0.065742 0.029585
v 0.186943 0.343315 0.113532
vn -0.486981 0.750879 0.446129
v 0.057839 0.440269 0.179815
vn -0.071327 0.849303 0.523065
v 0.085700 0.444358 0.186602
vn -0.211308 -0.977242 -0.018633
v 0.009531 0.375395 0.142547
vn -0.208271 0.912606 0.351814
v 0.070927 0.435738 0.202519
vn 0.004897 0.901364 0.433035
v 0.088522 0.434284 0.211296
vn 0.263503 0.790663 0.552647
v 0.101527 0.417595 0.237823
vn 0.484104 0.707423 0.514972
v 0.115192 0.414112 0.233010
vn -0.437875 0.877675 0.194812
v 0.055724 0.435692 0.189048
vn -0.554750 0.830494 -0.050312
v 0.039869 0.428590 0.173499
vn 0.778330 0.471973 0.414058
v 0.147180 0.394826 0.211515
vn 0.955451 -0.248965 -0.158522
v 0.182057 0.310773 0.111046
vn 0.955258 0.123622 0.268699
v 0.175714 0.351409 0.160465
vn 0.995443 -0.051289 0.080386
v 0.183132 0.319365 0.134857
vn 0.919751 0.164398 0.356415
v 0.162409 0.322251 0.223067
vn 0.074091 0.839296 0.538603
v 0.084482 0.420200 0.238138
vn 0.842152 0.240007 0.482884
v 0.142511 0.349974 0.252570
vn 0.066961 0.816567 0.573354
v 0.082633 0.410542 0.252433
vn 0.308510 0.715176 0.627172
v 0.098722 0.401266 0.259001
vn 0.509549 0.596736 0.619892
v 0.112510 0.392621 0.258800
vn 0.653110 0.495312 0.572813
v 0.122574 0.383714 0.256858
vn -0.720242 0.687563 0.092242
v 0.016152 0.407202 0.200373
vn -0.831593 0.545213 -0.105810
v 0.014650 0.405065 0.169712
vn 0.925049 0.090645 0.368873
v 0.164422 0.305002 0.223969
vn 0.754779 0.309953 0.578132
v 0.131723 0.353450 0.266648
vn 0.817535 0.218540 0.532801
v 0.139561 0.338163 0.262324
vn 0.746382 0.209015 0.631844
v 0.129551 0.337558 0.276531
vn -0.137152 0.816796 0.560387
v 0.061847 0.406243 0.258693
vn 0.073266 0.750498 0.656799
v 0.079489 0.398416 0.268056
vn 0.245556 0.636352 0.731272
v 0.092290 0.390248 0.273537
vn 0.516547 0.425480 0.743065
v 0.109831 0.365906 0.280780
vn -0.361413 0.830105 0.424624
v 0.044143 0.412233 0.242067
vn 0.991886 -0.126456 0.013104
v 0.177209 0.267191 0.177588
vn -0.587366 0.755107 0.291229
v 0.026563 0.408764 0.228621
vn -0.757575 0.635146 0.150565
v 0.011769 0.399638 0.216716
vn -0.910997 0.410932 0.034920
v 0.005073 0.391525 0.206530
vn 0.911245 0.019321 0.411411
v 0.161933 0.284719 0.233009
vn 0.979083 -0.022694 0.202192
v 0.175187 0.275813 0.193681
vn 0.932198 -0.258165 -0.253687
v 0.174877 0.267433 0.147708
vn 0.722770 0.105087 0.683052
v 0.126944 0.321794 0.284085
vn 0.280999 0.131857 0.950607
v 0.090894 0.321419 0.305054
vn 0.891415 -0.291453 -0.347036
v 0.167572 0.235464 0.150319
vn 0.795746 -0.311605 -0.519318
v 0.162256 0.241612 0.134081
vn 0.698408 -0.128799 0.704015
v 0.133499 0.254084 0.272010
vn 0.971351 -0.087342 0.221018
v 0.172772 0.254034 0.197742
vn 0.988246 -0.122910 0.090901
v 0.175611 0.254278 0.180975
vn 0.976653 -0.177011 -0.121717
v 0.174302 0.249555 0.162737
vn 0.635271 -0.132931 0.760762
v 0.121833 0.276759 0.287949
vn -0.041096 -0.055865 0.997592
v 0.048954 0.296068 0.312166
vn 0.131216 -0.087279 0.987504
v 0.064032 0.291049 0.311280
vn 0.481262 -0.167932 0.860340
v 0.108250 0.279915 0.297189
vn -0.229883 0.008173 0.973184
v 0.036207 0.298784 0.310473
vn -0.458871 -0.026253 0.888115
v 0.020143 0.297989 0.304552
vn -0.739729 -0.056494 0.670529
v 0.002875 0.283028 0.292827
vn 0.949769 -0.067712 0.305538
v 0.166967 0.248016 0.218086
vn -0.320144 -0.154941 0.934613
v 0.030154 0.281081 0.307215
vn -0.131854 -0.171433 0.976333
v 0.042555 0.278533 0.309918
vn -0.412677 -0.223772 0.882963
v 0.017138 0.259961 0.297291
vn 0.238295 -0.261025 0.935458
v 0.087106 0.245557 0.297615
vn -0.214322 -0.294467 0.931319
v 0.034076 0.255346 0.301698
vn 0.446075 -0.243725 0.861171
v 0.111064 0.235504 0.285870
vn 0.756164 -0.175788 0.630329
v 0.146884 0.222357 0.251609
vn 0.294588 -0.295175 0.908895
v 0.103078 0.231924 0.288242
vn 0.150397 -0.296041 0.943260
v 0.083213 0.201831 0.283396
vn 0.460303 -0.265820 0.847031
v 0.110558 0.204087 0.274713
vn 0.334297 -0.298169 0.894059
v 0.099134 0.205151 0.280366
vn 0.975890 0.066693 0.207823
v 0.180259 0.330345 0.153386
vn 0.976826 0.067762 0.203023
v 0.176872 0.293528 0.184850
vn 0.976589 0.079774 0.199774
v 0.177866 0.312869 0.168804
vn 0.951853 0.224523 0.208722
v 0.177881 0.384543 0.132998
vn 0.950623 0.161009 0.265316
v 0.176974 0.365645 0.150614
vn 0.955303 -0.002048 0.295622
v 0.171476 0.278188 0.207093
vn 0.885957 -0.055943 0.460381
v 0.158381 0.249354 0.238678
vn 0.846480 -0.165589 0.506015
v 0.153887 0.216160 0.240012
vn 0.811252 -0.068079 0.580719
v 0.149963 0.247628 0.252119
vn 0.845957 -0.015817 0.533016
v 0.154381 0.267752 0.245551
vn 0.930080 0.218133 0.295582
v 0.167267 0.378802 0.174902
vn 0.912954 0.299733 0.276903
v 0.169931 0.392734 0.154247
vn 0.827492 0.469842 0.307416
v 0.162197 0.420936 0.140334
vn 0.856237 0.388745 0.340200
v 0.159319 0.394870 0.183815
vn 0.885031 0.277129 0.374058
v 0.156110 0.377039 0.207784
vn 0.854391 0.408968 0.320564
v 0.160684 0.405927 0.166366
vn 0.790132 -0.057353 0.610247
v 0.143306 0.259254 0.261411
vn 0.880122 0.118293 0.459774
v 0.154201 0.310392 0.244150
vn 0.852141 0.019030 0.522965
v 0.151821 0.293069 0.251398
vn 0.814187 0.136245 0.564391
v 0.136124 0.319796 0.272830
vn 0.867400 0.255569 0.426968
v 0.147971 0.356056 0.238548
vn 0.806993 0.363903 0.465120
v 0.145401 0.380945 0.226737
vn 0.746028 -0.052297 0.663858
v 0.130689 0.290808 0.280710
vn 0.783104 0.037637 0.620751
v 0.133928 0.305455 0.277665
vn 0.797206 0.354943 0.488342
v 0.141954 0.366684 0.242826
vn 0.721447 0.490956 0.488341
v 0.134218 0.398134 0.227924
vn 0.760992 0.366642 0.535224
v 0.133326 0.369446 0.254330
vn 0.556068 0.731349 0.394863
v 0.130089 0.434231 0.175375
vn 0.637298 0.434805 0.636236
v 0.122094 0.368256 0.269049
vn 0.622056 0.601946 0.500706
v 0.124287 0.408977 0.229885
vn 0.641212 0.337834 0.688996
v 0.120363 0.353254 0.279385
vn 0.613765 0.247893 0.749561
v 0.118370 0.337005 0.287852
vn 0.543396 0.154125 0.825207
v 0.116438 0.318566 0.294215
vn 0.496221 -0.044333 0.867064
v 0.113987 0.299269 0.297141
vn 0.363660 0.085752 0.927576
v 0.101768 0.310405 0.302354
vn 0.423406 0.242863 0.872780
v 0.105764 0.331508 0.297387
vn 0.013904 -0.349089 0.936986
v 0.061329 0.229662 0.295764
vn 0.435807 0.576982 0.690771
v 0.101239 0.388651 0.270548
vn 0.374778 0.392314 0.840018
v 0.097695 0.362211 0.289710
vn 0.402593 0.490868 0.772637
v 0.099898 0.375905 0.280698
vn 0.329146 0.262578 0.907037
v 0.095123 0.343533 0.298526
vn 0.226607 -0.162494 0.960336
v 0.081611 0.281406 0.306328
vn 0.257322 -0.019325 0.966132
v 0.086271 0.300500 0.307332
vn -0.098853 -0.325736 0.940279
v 0.050529 0.251595 0.302761
vn 0.180301 0.221117 0.958436
v 0.079182 0.330861 0.306419
vn 0.180802 0.071792 0.980896
v 0.075130 0.307085 0.310381
vn -0.037115 -0.267242 0.962914
v 0.052698 0.266889 0.307746
vn -0.000049 0.121353 0.992609
v 0.058680 0.315080 0.312255
vn -0.253830 -0.309067 0.916541
v 0.026387 0.230067 0.290005
vn -0.047932 -0.285370 0.957218
v 0.064843 0.197089 0.282624
vn -0.041651 -0.374925 0.926119
v 0.056893 0.213687 0.288604
vn -0.964916 0.262128 -0.015043
v 0.002320 0.381304 0.224868
vn -0.978872 0.202109 0.031003
v 0.001193 0.377677 0.231052
vn -0.142643 -0.334106 0.931679
v 0.034287 0.221532 0.288971
vn -0.227089 -0.244610 0.942654
v 0.017637 0.205208 0.280611
vn -0.654059 0.563180 0.505011
v 0.006951 0.366467 0.267366
vn -0.798838 0.278550 0.533167
v 0.004096 0.342450 0.281180
vn 0.094950 -0.641962 -0.760835
v 0.098209 0.360937 -0.030559
vn 0.218826 -0.637589 -0.738644
v 0.117311 0.360428 -0.027569
vn 0.126342 -0.643099 -0.755289
v 0.106513 0.360832 -0.028682
vn -0.088311 -0.664262 -0.742265
v 0.087473 0.361183 -0.031231
vn -0.281086 -0.665405 -0.691539
v 0.074960 0.362672 -0.029449
vn -0.846717 -0.330147 -0.417220
v 0.020385 0.390371 0.006668
vn -0.692534 -0.504210 -0.515916
v 0.033967 0.378466 -0.006477
vn -0.787140 -0.417328 -0.454145
v 0.028775 0.382005 -0.001909
vn 0.504300 -0.530842 -0.681093
v 0.136091 0.362905 -0.019961
vn 0.717587 -0.388252 -0.578213
v 0.155412 0.369268 -0.006357
vn -0.984551 -0.069759 -0.160602
v 0.004797 0.414950 0.032409
vn -0.996180 0.085816 0.016186
v 0.002767 0.431625 0.053022
vn -0.955190 0.217656 0.200595
v 0.008439 0.445833 0.070290
vn -0.912738 -0.245933 -0.326231
v 0.011026 0.394929 0.021716
vn -0.887323 0.330698 0.321399
v 0.018175 0.459337 0.088416
vn 0.977098 0.210969 -0.027780
v 0.177509 0.420665 0.050470
vn 0.984230 0.129732 -0.120253
v 0.179188 0.408098 0.037209
vn 0.929608 0.356629 0.092976
v 0.175570 0.429653 0.060135
vn 0.891986 -0.198344 -0.406227
v 0.169007 0.382137 0.008748
vn 0.969590 -0.002184 -0.244725
v 0.178097 0.398480 0.026672
vn 0.912092 0.371213 0.174039
v 0.164892 0.446892 0.083134
vn 0.756674 0.556814 0.342641
v 0.154253 0.457082 0.099296
vn 0.928568 0.352208 0.117095
v 0.168713 0.437241 0.069525
vn 0.611332 0.657031 0.441115
v 0.136802 0.466137 0.116621
vn 0.044836 0.802971 0.594330
v 0.091281 0.476061 0.136251
vn -0.096807 0.802421 0.588853
v 0.072365 0.476337 0.135413
vn -0.390799 0.720426 0.572942
v 0.057615 0.476002 0.130528
vn 0.286801 0.751001 0.594762
v 0.104301 0.475064 0.134460
vn -0.050495 0.800421 0.597307
v 0.083719 0.475615 0.135318
vn -0.787481 0.443908 0.427575
v 0.030387 0.469261 0.106236
vn -0.618568 0.587971 0.521214
v 0.043513 0.474088 0.120893
vn -0.957079 0.034489 -0.287766
v 0.026906 0.629864 -0.134792
vn -0.076272 0.711398 0.698638
v 0.067448 0.675930 -0.123200
vn -0.689299 0.623569 0.368821
v 0.039713 0.657739 -0.117819
vn -0.514450 0.698589 0.497308
v 0.047161 0.664238 -0.119214
vn -0.353402 0.719519 0.597829
v 0.056225 0.676558 -0.127362
vn -0.480910 0.635598 0.603938
v 0.060862 0.694075 -0.145997
vn -0.649865 0.608809 0.455003
v 0.052181 0.691882 -0.153427
vn -0.253992 0.638619 0.726398
v 0.078510 0.716947 -0.155719
vn -0.185186 0.647764 0.738991
v 0.074320 0.695175 -0.138702
vn -0.934188 0.352549 0.054786
v 0.037014 0.669983 -0.157280
vn -0.984447 0.099635 -0.144695
v 0.034980 0.660170 -0.157629
vn -0.961810 0.271508 -0.034697
v 0.034516 0.660507 -0.148372
vn -0.771618 0.568377 0.285574
v 0.040814 0.671215 -0.139308
vn -0.870639 0.465164 0.160028
v 0.036625 0.664909 -0.142751
vn 0.268748 0.611163 0.744482
v 0.103415 0.685321 -0.130442
vn -0.979253 0.202169 0.013845
v 0.039261 0.676422 -0.170956
vn -0.848702 0.467079 0.248078
v 0.044190 0.685911 -0.161340
vn 0.797722 0.363787 0.480934
v 0.125149 0.667845 -0.135386
vn 0.920301 0.197169 0.337890
v 0.134978 0.667125 -0.157397
vn 0.922847 0.250722 0.292388
v 0.135153 0.642045 -0.137688
vn 0.996085 0.027796 0.083921
v 0.139376 0.655729 -0.166352
vn 0.996574 -0.018233 -0.080666
v 0.140748 0.632996 -0.157094
vn 0.900787 -0.256375 -0.350507
v 0.137540 0.634454 -0.168755
vn 0.861176 -0.327110 -0.389070
v 0.138979 0.620770 -0.154373
vn 0.785645 -0.446598 -0.428150
v 0.131791 0.629058 -0.172472
vn 0.873391 -0.342114 -0.346621
v 0.135233 0.641678 -0.177623
vn 0.987581 -0.035549 0.153038
v 0.142901 0.674584 -0.186190
vn 0.575793 0.514381 0.635511
v 0.115710 0.681497 -0.133258
vn 0.546463 0.540961 0.639327
v 0.115828 0.655880 -0.114729
vn 0.268352 0.641755 0.718428
v 0.106713 0.659223 -0.112382
vn 0.784264 0.377187 0.492605
v 0.125922 0.683239 -0.147885
vn 0.502749 0.583767 0.637542
v 0.114351 0.694110 -0.143808
vn 0.045469 0.624302 0.779858
v 0.088914 0.688214 -0.131070
vn -0.964544 -0.005268 -0.263870
v 0.033573 0.631328 -0.151850
vn -0.868760 0.473700 0.144445
v 0.033386 0.655772 -0.129790
vn 0.630396 -0.532477 -0.564862
v 0.108496 0.595304 -0.164111
vn 0.147907 0.796449 0.586338
v 0.094811 0.611353 -0.046734
vn 0.390382 0.753377 0.529173
v 0.109024 0.598499 -0.035150
vn 0.563917 0.676675 0.473401
v 0.119757 0.589757 -0.033116
vn 0.952003 0.305848 0.012155
v 0.141982 0.567912 -0.070061
vn 0.984822 0.061057 -0.162476
v 0.145911 0.549766 -0.073752
vn 0.052937 0.787654 0.613839
v 0.087644 0.588289 -0.014750
vn -0.407776 0.742698 0.531148
v 0.059996 0.581411 -0.012901
vn -0.642701 0.637412 0.425019
v 0.045546 0.574976 -0.017902
vn -0.783146 0.523139 0.336166
v 0.031991 0.564010 -0.025976
vn -0.820938 0.488807 0.295175
v 0.024102 0.537722 -0.000250
vn 0.863016 0.452766 0.224067
v 0.141397 0.555055 -0.024706
vn 0.960399 0.274507 0.047747
v 0.148894 0.544111 -0.035784
vn 0.974699 -0.055154 -0.216610
v 0.149807 0.516762 -0.040201
vn 0.985823 0.164949 -0.030734
v 0.154616 0.513349 -0.013097
vn 0.987549 0.106934 -0.115374
v 0.158429 0.492323 -0.000834
vn 0.942365 0.308950 0.128442
v 0.151328 0.528825 -0.015028
vn 0.927325 0.336828 0.163140
v 0.154125 0.503884 0.016097
vn 0.854950 0.457560 0.244334
v 0.145543 0.528261 0.009712
vn 0.863398 0.426729 0.269159
v 0.148296 0.512091 0.028855
vn 0.507783 0.719803 0.473329
v 0.122770 0.543914 0.033781
vn 0.558429 0.659494 0.503214
v 0.125001 0.527611 0.053848
vn 0.115507 0.822563 0.556819
v 0.100906 0.547844 0.041119
vn 0.047655 0.811166 0.582871
v 0.098942 0.531960 0.063805
vn -0.036815 0.826890 0.561158
v 0.079337 0.547063 0.044746
vn -0.025229 0.796092 0.604650
v 0.078395 0.531677 0.065094
vn -0.521938 0.707184 0.476940
v 0.049018 0.540364 0.038050
vn -0.532018 0.692556 0.487159
v 0.045726 0.524702 0.058329
vn -0.719347 0.563995 0.405525
v 0.031435 0.515402 0.047493
vn 0.970411 0.027279 -0.239912
v 0.170254 0.430611 0.002737
vn 0.978309 0.191253 -0.079590
v 0.170714 0.445041 0.017337
vn 0.943293 0.330238 0.033794
v 0.168945 0.452131 0.024037
vn 0.959498 0.280239 0.028807
v 0.164808 0.459331 0.031447
vn 0.914700 0.369142 0.164496
v 0.160964 0.473373 0.047276
vn 0.975527 0.217052 0.035161
v 0.164321 0.467004 0.039538
vn 0.023284 -0.627065 -0.778619
v 0.088442 0.385564 -0.051112
vn -0.988416 0.147994 0.033651
v 0.005275 0.455113 0.029624
vn -0.984444 -0.047312 -0.169210
v 0.005450 0.441531 0.012825
vn 0.519504 0.685226 0.510472
v 0.120615 0.471038 0.126617
vn -0.017837 0.785108 0.619101
v 0.096087 0.503894 0.103354
vn -0.782080 0.493594 0.380416
v 0.030723 0.491426 0.079061
vn -0.594112 0.637603 0.490401
v 0.043633 0.497677 0.091033
vn -0.828539 -0.409470 -0.381913
v 0.026722 0.408850 -0.024356
vn -0.663317 -0.544436 -0.513419
v 0.039835 0.398944 -0.034635
vn -0.561173 -0.590751 -0.579739
v 0.053369 0.392355 -0.043110
vn 0.183441 -0.600890 -0.777998
v 0.110742 0.384836 -0.048487
vn 0.473054 -0.494658 -0.729063
v 0.130208 0.387601 -0.042205
vn -0.910532 -0.237991 -0.338070
v 0.015771 0.422512 -0.007648
vn -0.942141 0.275786 0.190559
v 0.009735 0.468593 0.047197
vn -0.881672 0.377330 0.283330
v 0.019287 0.481788 0.064522
vn -0.035790 0.784169 0.619514
v 0.076654 0.502787 0.102957
vn -0.302812 0.752481 0.584874
v 0.059424 0.501337 0.099850
vn 0.844617 0.460625 0.272849
v 0.153177 0.482439 0.061399
vn 0.858618 -0.206932 -0.468994
v 0.163293 0.411327 -0.016461
vn 0.682586 -0.363954 -0.633730
v 0.148546 0.397265 -0.029674
vn -0.480571 -0.438320 -0.759557
v 0.029547 0.499096 -0.113310
vn -0.753015 -0.354323 -0.554459
v 0.018468 0.508319 -0.109296
vn -0.586996 -0.326024 -0.741043
v 0.021527 0.517775 -0.118132
vn -0.616500 -0.375115 -0.692254
v 0.031037 0.524699 -0.127315
vn -0.347920 -0.501285 -0.792253
v 0.042281 0.504658 -0.121911
vn -0.032822 -0.635243 -0.771614
v 0.055849 0.523455 -0.141265
vn -0.478191 -0.548628 -0.685814
v 0.042792 0.533047 -0.144810
vn -0.767964 -0.332577 -0.547379
v 0.032684 0.541900 -0.140772
vn -0.862969 -0.164060 -0.477880
v 0.026973 0.554492 -0.136337
vn 0.978011 0.084501 -0.190669
v 0.147382 0.510356 -0.047524
vn 0.606823 -0.245371 -0.756015
v 0.120523 0.533234 -0.113222
vn 0.802574 -0.067426 -0.592730
v 0.133297 0.514520 -0.095202
vn 0.631857 -0.273887 -0.725081
v 0.131069 0.479909 -0.090683
vn 0.790971 -0.161292 -0.590212
v 0.129857 0.531131 -0.102246
vn 0.951542 0.170886 -0.255666
v 0.148929 0.497072 -0.065719
vn -0.172146 -0.523655 -0.834357
v 0.056163 0.494077 -0.119275
vn -0.034054 -0.518888 -0.854164
v 0.066674 0.494383 -0.120806
vn -0.715635 -0.184860 -0.673568
v 0.024669 0.545108 -0.128506
vn -0.967441 0.118502 -0.223642
v 0.023259 0.585567 -0.120111
vn -0.928762 0.240818 -0.281794
v 0.020098 0.572232 -0.118192
vn -0.850574 0.022408 -0.525378
v 0.022433 0.561058 -0.127148
vn -0.723102 -0.142272 -0.675930
v 0.018024 0.535036 -0.121455
vn -0.938138 -0.017786 -0.345806
v 0.030140 0.566718 -0.144111
vn -0.931101 -0.180605 -0.316912
v 0.010269 0.519228 -0.100130
vn -0.964378 -0.220325 -0.146398
v 0.012202 0.484387 -0.072762
vn -0.994860 -0.015226 -0.100107
v 0.007434 0.528408 -0.091045
vn -0.938362 0.337231 0.075845
v 0.019516 0.574140 -0.082588
vn -0.945949 0.274860 -0.172142
v 0.013407 0.563309 -0.109514
vn -0.175031 -0.543865 -0.820716
v 0.068255 0.438123 -0.087766
vn -0.949802 0.240777 0.199758
v 0.012514 0.548828 -0.068504
vn -0.990673 0.098660 0.093988
v 0.008231 0.536571 -0.077310
vn -0.998108 -0.058039 0.020294
v 0.010047 0.494201 -0.057862
vn -0.778558 -0.435846 -0.451537
v 0.023338 0.469038 -0.085922
vn -0.464879 -0.533765 -0.706386
v 0.035979 0.459897 -0.091891
vn 0.189466 -0.438384 -0.878591
v 0.087254 0.473534 -0.109025
vn 0.431955 -0.377340 -0.819164
v 0.112318 0.467180 -0.097050
vn -0.616350 0.661760 0.426833
v 0.040283 0.555050 0.004900
vn -0.401683 0.759045 0.512349
v 0.052912 0.557120 0.017252
vn 0.510772 0.722236 0.466356
v 0.120592 0.562725 0.004396
vn 0.531090 -0.520597 -0.668522
v 0.087122 0.535404 -0.140276
vn 0.663272 -0.414949 -0.622806
v 0.098623 0.543285 -0.134076
vn 0.237296 -0.447215 -0.862374
v 0.081984 0.497141 -0.120292
vn 0.470583 -0.423064 -0.774318
v 0.088929 0.522515 -0.130938
vn -0.990519 0.136278 -0.017356
v 0.023310 0.596479 -0.105447
vn -0.811560 0.427294 0.398485
v 0.029786 0.593917 -0.068565
vn -0.650764 0.525384 0.548160
v 0.040444 0.609306 -0.068080
vn -0.475040 0.636734 0.607377
v 0.051069 0.614633 -0.064004
vn -0.312631 0.732975 0.604160
v 0.065192 0.618857 -0.059731
vn -0.043883 0.781771 0.622019
v 0.077531 0.627468 -0.067314
vn 0.990505 0.044200 -0.130177
v 0.141645 0.566521 -0.093205
vn 0.968146 0.241365 0.066603
v 0.139454 0.577130 -0.084990
vn -0.871107 0.079427 -0.484629
v 0.014291 0.549603 -0.118265
vn 0.432728 -0.299678 -0.850258
v 0.095972 0.507404 -0.119669
vn -0.555908 0.659525 0.505958
v 0.049122 0.594110 -0.041805
vn 0.756690 0.533115 0.378430
v 0.123160 0.618633 -0.084499
vn 0.924813 0.319563 0.206399
v 0.132145 0.607835 -0.098090
vn 0.851966 0.459481 0.251061
v 0.130054 0.597546 -0.065295
vn 0.921117 0.364818 0.135834
v 0.136090 0.582542 -0.066892
vn 0.640833 0.646044 0.414681
v 0.122226 0.599617 -0.050577
vn 0.881326 0.441155 0.169252
v 0.138830 0.571074 -0.048042
vn 0.941066 0.335049 0.046222
v 0.144251 0.561852 -0.060356
vn 0.960493 0.200842 0.192652
v 0.138029 0.598312 -0.112898
vn 0.997310 -0.037813 -0.062795
v 0.140134 0.579420 -0.109177
vn 0.591997 -0.314100 -0.742213
v 0.100574 0.529789 -0.124682
vn 0.571072 -0.170462 -0.803007
v 0.120287 0.514666 -0.108062
vn 0.537963 -0.319444 -0.780097
v 0.109207 0.534845 -0.119341
vn 0.648347 -0.490722 -0.582098
v 0.129433 0.605916 -0.155444
vn 0.834692 -0.371621 -0.406433
v 0.137558 0.587072 -0.129560
vn 0.602893 0.584243 0.543304
v 0.116398 0.637713 -0.096032
vn 0.490889 0.688146 0.534306
v 0.113368 0.625819 -0.079046
vn 0.497357 0.722512 0.480222
v 0.112197 0.613317 -0.059831
vn 0.278123 0.768913 0.575691
v 0.107175 0.583428 -0.013911
vn 0.298416 0.778341 0.552388
v 0.098437 0.619789 -0.060493
vn 0.289489 0.745213 0.600711
v 0.100105 0.635294 -0.081574
vn 0.109270 0.773728 0.624024
v 0.085382 0.635814 -0.077732
vn -0.826943 0.446276 0.342056
v 0.030055 0.644139 -0.114792
vn -0.985647 0.166828 -0.025859
v 0.024715 0.631892 -0.125669
vn -0.943421 0.243723 0.224846
v 0.025576 0.608358 -0.094846
vn -0.798582 0.407354 0.443091
v 0.031285 0.626196 -0.095382
vn -0.517604 0.640939 0.566818
v 0.041005 0.647784 -0.102788
vn -0.283753 0.731311 0.620216
v 0.057525 0.659613 -0.105484
vn 0.887447 0.316778 0.334798
v 0.132553 0.634431 -0.123017
vn 0.786086 0.412530 0.460313
v 0.124005 0.650484 -0.119976
vn 0.998689 0.026441 0.043828
v 0.141486 0.610410 -0.135042
vn 0.544966 -0.533832 -0.646557
v 0.108756 0.581081 -0.151732
vn 0.553572 -0.530132 -0.642276
v 0.117470 0.583493 -0.148985
vn 0.085370 0.691651 0.717168
v 0.091136 0.663520 -0.112671
vn 0.288642 0.737498 0.610559
v 0.099323 0.647331 -0.096181
vn 0.139941 0.756738 0.638564
v 0.086231 0.647125 -0.090559
vn 0.025092 0.768955 0.638811
v 0.072965 0.662389 -0.106679
vn 0.959856 0.279969 -0.017131
v 0.157670 0.484795 -0.010484
vn 0.966272 0.042934 -0.253920
v 0.162146 0.464169 -0.030939
vn 0.961602 0.263520 -0.076671
v 0.162104 0.475305 -0.017223
vn 0.008871 -0.579259 -0.815096
v 0.088928 0.410565 -0.071132
vn -0.125514 -0.585884 -0.800616
v 0.078052 0.411438 -0.071307
vn -0.275228 -0.583322 -0.764190
v 0.066275 0.412718 -0.069836
vn -0.402640 -0.586131 -0.703087
v 0.056163 0.415383 -0.067240
vn -0.906620 -0.342889 -0.245901
v 0.019687 0.441614 -0.044188
vn -0.985914 0.167250 -0.000647
v 0.009076 0.482085 0.005738
vn 0.233727 -0.534752 -0.812042
v 0.102414 0.410947 -0.070637
vn -0.737832 -0.499272 -0.454238
v 0.033187 0.427385 -0.056861
vn -0.558321 -0.584159 -0.589098
v 0.046532 0.418421 -0.063727
vn 0.492909 -0.450753 -0.744219
v 0.122809 0.418641 -0.065926
vn 0.878118 -0.171000 -0.446841
v 0.156148 0.448144 -0.044618
vn 0.694171 -0.340152 -0.634368
v 0.141943 0.432638 -0.057245
vn 0.287330 -0.571309 -0.768796
v 0.072560 0.526023 -0.140985
vn -0.390341 -0.559180 -0.731404
v 0.043943 0.519538 -0.134399
vn 0.959660 -0.244162 -0.139416
v 0.139261 0.653737 -0.177640
vn 0.646226 -0.462558 -0.606986
v 0.107278 0.551526 -0.129441
vn 0.568311 -0.413122 -0.711585
v 0.116923 0.552866 -0.124231
vn 0.731664 -0.360128 -0.578771
v 0.130595 0.553282 -0.107669
vn 0.894549 -0.212992 -0.392959
v 0.137164 0.559717 -0.102316
vn 0.992777 0.036449 -0.114301
v 0.150118 0.533473 -0.047899
vn 0.958288 -0.138333 -0.250095
v 0.145443 0.530622 -0.068540
vn 0.968095 0.040687 -0.247259
v 0.142776 0.517491 -0.069975
vn 0.926402 0.072158 -0.369557
v 0.140127 0.513197 -0.081796
vn 0.846879 -0.044309 -0.529936
v 0.142531 0.492867 -0.080878
vn 0.698044 -0.132061 -0.703772
v 0.129175 0.500510 -0.098541
vn 0.517738 -0.236559 -0.822185
v 0.119310 0.496899 -0.105726
vn 0.370016 -0.353086 -0.859313
v 0.104901 0.484174 -0.108066
vn 0.918213 -0.139682 -0.370639
v 0.142864 0.540523 -0.083574
vn 0.911642 -0.103009 -0.397866
v 0.138147 0.528464 -0.087968
vn 0.973023 0.174200 -0.151264
v 0.152578 0.498955 -0.031486
vn 0.950797 0.282588 -0.127005
v 0.153785 0.491173 -0.038571
vn 0.960679 0.172221 -0.217798
v 0.155256 0.482072 -0.049482
vn 0.878286 -0.100319 -0.467494
v 0.150593 0.470100 -0.063477
vn 0.665869 -0.316973 -0.675387
v 0.136884 0.457791 -0.075997
vn 0.432700 -0.420061 -0.797696
v 0.118053 0.445004 -0.083732
vn 0.131812 -0.496793 -0.857801
v 0.097331 0.436688 -0.087100
vn -0.015532 -0.527315 -0.849528
v 0.081444 0.434365 -0.086546
vn -0.439969 -0.610781 -0.658311
v 0.059971 0.389695 -0.046780
vn -0.232033 -0.636739 -0.735339
v 0.072486 0.386546 -0.050416
vn -0.273730 -0.555788 -0.784966
v 0.056646 0.439734 -0.084653
vn -0.717057 0.569597 0.401732
v 0.033984 0.532745 0.029135
vn -0.864206 0.412960 0.287423
v 0.020516 0.513046 0.025250
vn -0.991496 0.125925 -0.032853
v 0.012702 0.499525 -0.009330
vn -0.977920 -0.192982 -0.080188
v 0.012485 0.470021 -0.050219
vn -0.891363 -0.360060 -0.275369
v 0.015505 0.462917 -0.059769
vn -0.743337 -0.490984 -0.454297
v 0.027722 0.449414 -0.072855
vn -0.515851 -0.560965 -0.647469
v 0.041287 0.440740 -0.079784
vn -0.048878 -0.500610 -0.864292
v 0.069598 0.472926 -0.109041
vn -0.201882 -0.509010 -0.836751
v 0.056591 0.472657 -0.107072
vn -0.437618 -0.491547 -0.752909
v 0.032193 0.477655 -0.101863
vn -0.759692 -0.400116 -0.512617
v 0.020187 0.487732 -0.097098
vn -0.925999 -0.259734 -0.273979
v 0.011090 0.500462 -0.087540
vn -0.993307 -0.104466 -0.049265
v 0.008190 0.507670 -0.080158
vn -0.994532 0.006328 0.104239
v 0.008161 0.516779 -0.066405
vn -0.898327 0.380018 0.220444
v 0.019420 0.540564 -0.025684
vn 0.345531 0.735125 0.583266
v 0.110201 0.503211 0.100337
vn 0.324873 0.771942 0.546409
v 0.111291 0.531464 0.060043
vn 0.332322 0.779730 0.530644
v 0.111272 0.547254 0.037596
vn -0.060342 0.797340 0.600506
v 0.088586 0.502638 0.102032
vn -0.004097 0.798567 0.601892
v 0.091491 0.531056 0.063558
vn 0.038948 0.812807 0.581229
v 0.091725 0.546702 0.043226
vn 0.018576 0.824861 0.565030
v 0.082246 0.568794 0.010095
vn 0.235666 0.807704 0.540440
v 0.105422 0.571565 0.003396
vn 0.704544 0.567321 0.426338
v 0.138432 0.491803 0.077741
vn 0.749674 0.525830 0.401861
v 0.137379 0.522093 0.044393
vn 0.723922 0.590141 0.357310
v 0.135605 0.538046 0.024377
vn 0.743601 0.580442 0.331881
v 0.133422 0.549416 0.007410
vn 0.730625 0.580391 0.359630
v 0.130298 0.567293 -0.015172
vn 0.796908 0.520230 0.307080
v 0.128962 0.586136 -0.042879
vn -0.311838 0.759639 0.570707
v 0.062534 0.530038 0.063766
vn -0.275964 0.793607 0.542247
v 0.065037 0.545593 0.043483
vn -0.225979 0.819098 0.527269
v 0.067699 0.557921 0.024850
vn -0.170983 0.798678 0.576956
v 0.069468 0.570351 0.006316
vn -0.112197 0.795941 0.594887
v 0.076901 0.607932 -0.040194
vn -0.951768 0.269266 0.147086
v 0.012429 0.493034 0.019544
vn -0.958994 0.254565 0.124609
v 0.015921 0.516348 -0.001553
vn -0.184292 0.717584 0.671647
v 0.063467 0.644905 -0.087784
vn -0.965979 0.011446 -0.258365
v 0.031106 0.612117 -0.142084
vn -0.581362 0.560848 0.589464
v 0.039976 0.632918 -0.089347
vn -0.969930 0.014581 -0.242947
v 0.025300 0.597149 -0.128178
vn -0.986197 0.071861 -0.149170
v 0.009668 0.547488 -0.101806
vn -0.928705 -0.083378 -0.361325
v 0.011482 0.537185 -0.110924
vn -0.721907 0.564847 0.399747
v 0.034367 0.573196 -0.034886
vn -0.838831 0.436287 0.325602
v 0.024639 0.564218 -0.044052
vn -0.966510 0.248369 0.064583
v 0.010920 0.555908 -0.086861
vn -0.796256 -0.252278 -0.549848
v 0.016618 0.524533 -0.116300
vn -0.928164 0.300334 0.219797
v 0.019171 0.560488 -0.054162
vn -0.679792 0.556360 0.477856
v 0.037820 0.589442 -0.049855
vn -0.930367 0.306502 0.201182
v 0.023103 0.586792 -0.077737
vn -0.942780 -0.147935 -0.298799
v 0.009782 0.430930 0.001186
vn -0.971458 -0.040722 -0.233689
v 0.011035 0.467096 -0.013243
vn -0.997811 0.032593 -0.057545
v 0.013302 0.491322 -0.025946
vn -0.987955 0.103525 0.115009
v 0.014229 0.521881 -0.034087
vn -0.947403 0.263393 0.181803
v 0.016904 0.539157 -0.036886
vn -0.984148 -0.079968 -0.158296
v 0.012876 0.460163 -0.020440
vn -0.989892 0.062874 -0.127124
v 0.008860 0.473887 -0.004710
vn -0.901991 -0.298125 -0.312303
v 0.021064 0.415271 -0.015934
vn -0.996175 -0.009084 0.086910
v 0.011878 0.482972 -0.033805
vn -0.979038 0.124960 0.160840
v 0.010919 0.524025 -0.053509
vn -0.982157 -0.154283 -0.107540
v 0.014430 0.454453 -0.027829
vn -0.961660 -0.238826 -0.134807
v 0.016166 0.448199 -0.035493
vn -0.994195 0.021033 0.105513
v 0.010404 0.502212 -0.045975
vn -0.995184 -0.095158 0.023514
v 0.011566 0.476944 -0.041011
vn -0.955060 -0.186446 -0.230429
v -0.007183 0.891703 -0.509104
vn -0.899388 -0.297436 -0.320364
v -0.002924 0.888710 -0.519876
vn -0.682962 -0.636242 -0.358831
v 0.004732 0.877478 -0.521526
vn 0.906517 -0.264478 -0.329056
v 0.067371 0.919351 -0.507613
vn 0.876969 -0.264124 -0.401452
v 0.071711 0.901607 -0.494217
vn 0.965244 0.235442 0.113453
v 0.074121 0.905904 -0.466855
vn 0.747974 0.640577 0.173770
v 0.059580 0.919170 -0.455697
vn 0.699556 0.574065 0.425524
v 0.049517 0.927954 -0.445328
vn -0.811683 -0.539198 -0.224580
v -0.003259 0.875497 -0.499246
vn -0.501039 -0.790871 -0.351401
v 0.011146 0.864374 -0.501668
vn 0.528794 -0.657257 -0.537019
v 0.045243 0.873799 -0.510050
vn 0.737294 -0.478911 -0.476490
v 0.050986 0.878087 -0.507464
vn 0.822257 -0.405629 -0.399197
v 0.062474 0.878364 -0.488244
vn 0.893755 -0.364771 -0.261043
v 0.066082 0.878567 -0.478156
vn 0.980262 -0.159358 -0.117010
v 0.075576 0.903464 -0.482971
vn 0.975675 -0.176523 -0.129994
v 0.073128 0.889432 -0.465419
vn 0.776632 -0.425168 -0.464839
v 0.056171 0.868483 -0.491380
vn 0.561620 -0.590919 -0.579135
v 0.048622 0.866846 -0.499844
vn 0.276617 -0.735529 -0.618450
v 0.038687 0.865244 -0.503368
vn -0.029170 -0.857923 -0.512950
v 0.023043 0.859407 -0.501268
vn -0.755110 -0.651612 -0.072183
v 0.005614 0.861216 -0.484801
vn -0.872686 -0.397528 0.283534
v 0.002053 0.870226 -0.472209
vn -0.808429 0.389525 0.441262
v 0.016551 0.901634 -0.455721
vn -0.867576 0.142648 0.476407
v 0.015792 0.883509 -0.445186
vn -0.703305 -0.706893 -0.075264
v 0.014437 0.851716 -0.473449
vn 0.588624 0.762614 0.268219
v 0.057982 0.917810 -0.432542
vn 0.221582 0.808276 0.545519
v 0.048164 0.922783 -0.432639
vn 0.881744 0.464794 0.080588
v 0.073357 0.900019 -0.447266
vn 0.797143 0.597210 0.088898
v 0.070391 0.902678 -0.428982
vn -0.185999 -0.825079 -0.533524
v 0.025303 0.849915 -0.488942
vn -0.893841 0.285481 0.345758
v 0.024268 0.893047 -0.431573
vn -0.732299 0.316545 0.602941
v 0.012727 0.917665 -0.475321
vn -0.838428 0.282995 0.465782
v 0.025251 0.921729 -0.459480
vn -0.771381 0.402895 0.492591
v 0.031818 0.928465 -0.449502
vn 0.821885 -0.357594 -0.443432
v 0.058743 0.902754 -0.511625
vn -0.588527 0.612400 0.527827
v 0.039741 0.912260 -0.420705
vn 0.254477 -0.738857 -0.623965
v 0.037815 0.852175 -0.490971
vn 0.788911 -0.440006 -0.428969
v 0.056608 0.861308 -0.483677
vn -0.975329 0.061881 -0.211904
v 0.033838 0.621329 -0.155047
vn 0.450504 0.785816 0.423721
v 0.105814 0.817696 -0.268339
vn 0.396993 0.836803 0.377038
v 0.100498 0.827896 -0.284304
vn 0.106441 0.845815 0.522750
v 0.089595 0.819849 -0.265646
vn -0.138672 0.861883 0.487779
v 0.063788 0.823989 -0.268274
vn 0.917567 0.380837 0.114162
v 0.139949 0.780873 -0.269994
vn 0.982787 0.147130 -0.111720
v 0.143308 0.766313 -0.282713
vn 0.885031 0.459597 0.074096
v 0.134265 0.794753 -0.284393
vn 0.683863 0.666238 0.297420
v 0.119838 0.811571 -0.277021
vn 0.719900 0.612666 0.326167
v 0.126851 0.794019 -0.256551
vn 0.466297 0.730286 0.499249
v 0.111922 0.799470 -0.245283
vn 0.182102 0.777592 0.601822
v 0.094472 0.800464 -0.239534
vn 0.936570 -0.070819 -0.343250
v 0.142197 0.760817 -0.291368
vn 0.857103 -0.165291 -0.487907
v 0.133825 0.768297 -0.308311
vn 0.942458 0.243208 0.229398
v 0.146741 0.739938 -0.230594
vn 0.998984 -0.032694 -0.031025
v 0.149342 0.723383 -0.242519
vn 0.946849 0.194283 -0.256380
v 0.128687 0.803742 -0.324890
vn -0.081088 0.776230 0.625213
v 0.070244 0.806008 -0.241134
vn -0.414574 0.782456 0.464641
v 0.046635 0.821203 -0.273186
vn -0.397521 0.698618 0.594903
v 0.052660 0.803504 -0.245250
vn -0.697105 0.609649 0.377323
v 0.030664 0.812024 -0.279045
vn -0.655642 0.551828 0.515383
v 0.034847 0.795493 -0.253123
vn -0.935908 0.313174 0.161243
v 0.019546 0.799239 -0.288915
vn -0.882113 0.324954 0.341000
v 0.021691 0.782888 -0.262773
vn -0.997226 -0.055261 -0.049871
v 0.016571 0.783219 -0.296348
vn -0.997069 -0.041826 0.064069
v 0.017147 0.766510 -0.275223
vn -0.910623 -0.312828 -0.270008
v 0.018892 0.773778 -0.302044
vn -0.898039 -0.375669 -0.228910
v 0.021583 0.754663 -0.285148
vn -0.824094 -0.465116 -0.323322
v 0.029631 0.746438 -0.292039
vn -0.840376 -0.409493 -0.355083
v 0.025978 0.771622 -0.316700
vn -0.247105 0.845703 0.472996
v 0.058433 0.842215 -0.305108
vn 0.253002 0.873813 0.415259
v 0.084763 0.848611 -0.319649
vn 0.834715 0.544992 0.078959
v 0.120909 0.821989 -0.317571
vn 0.543285 0.789531 0.285450
v 0.102968 0.840628 -0.319804
vn 0.654481 0.721065 0.227421
v 0.112383 0.824896 -0.296095
vn 0.230341 0.890127 0.393213
v 0.088990 0.841484 -0.304501
vn 0.124352 0.869269 0.478443
v 0.087143 0.833758 -0.288183
vn -0.197775 0.869031 0.453509
v 0.061829 0.830299 -0.284042
vn -0.474609 0.768290 0.429508
v 0.044234 0.834620 -0.302029
vn 0.741211 -0.359200 -0.567082
v 0.130273 0.735100 -0.296569
vn 0.828126 -0.276104 -0.487825
v 0.140027 0.747217 -0.289152
vn 0.466040 0.570109 0.676597
v 0.115798 0.726046 -0.174250
vn -0.457846 0.792727 0.402445
v 0.045239 0.828612 -0.290673
vn -0.577552 0.719475 0.385733
v 0.042901 0.842173 -0.317895
vn -0.093934 0.681922 0.725368
v 0.078373 0.764656 -0.197467
vn -0.964240 -0.144121 -0.222419
v 0.024310 0.804242 -0.341783
vn -0.986952 0.014431 -0.160366
v 0.020270 0.799755 -0.319139
vn -0.935925 0.342881 0.080480
v 0.022658 0.814108 -0.314523
vn -0.964796 -0.087032 0.248183
v 0.025070 0.732935 -0.234590
vn -0.728529 0.615664 0.300340
v 0.030721 0.821710 -0.300110
vn -0.990705 -0.130600 -0.038055
v 0.026950 0.834996 -0.384824
vn -0.987196 0.129814 0.092697
v 0.026708 0.845927 -0.373967
vn -0.976286 0.133349 0.170539
v 0.024932 0.860676 -0.399632
vn -0.992953 -0.085191 0.082383
v 0.024481 0.851910 -0.408013
vn -0.278759 0.808709 0.517960
v 0.054883 0.865829 -0.349241
vn -0.526795 0.713701 0.461647
v 0.045204 0.863291 -0.352712
vn -0.379622 0.745847 0.547356
v 0.047531 0.885627 -0.380657
vn -0.586053 0.641414 0.495106
v 0.040125 0.881668 -0.382612
vn -0.778551 0.569873 0.262874
v 0.030508 0.829360 -0.316006
vn -0.846677 0.474325 0.241150
v 0.030797 0.841288 -0.343277
vn -0.895852 0.367109 0.250360
v 0.030710 0.853743 -0.366407
vn -0.905976 0.316135 0.281541
v 0.028827 0.869199 -0.391826
vn -0.966302 0.249419 0.063651
v 0.026003 0.831914 -0.350312
vn 0.227685 -0.629804 -0.742635
v 0.082350 0.733540 -0.339135
vn -0.308166 -0.649271 -0.695328
v 0.064693 0.737931 -0.343875
vn -0.184806 -0.760180 -0.622875
v 0.057497 0.785434 -0.393147
vn 0.350675 -0.645945 -0.678072
v 0.073079 0.786301 -0.390929
vn -0.123687 -0.814256 -0.567177
v 0.052714 0.805190 -0.418392
vn 0.430248 -0.651701 -0.624638
v 0.066575 0.807091 -0.415757
vn 0.004329 -0.849111 -0.528197
v 0.046159 0.822090 -0.444696
vn 0.498412 -0.646729 -0.577345
v 0.058697 0.825087 -0.441129
vn -0.627163 -0.639380 -0.444814
v 0.046450 0.790172 -0.388759
vn -0.633574 -0.691058 -0.347883
v 0.043086 0.808997 -0.414299
vn -0.538500 -0.784617 -0.307235
v 0.036525 0.824044 -0.441825
vn -0.844403 -0.438970 -0.307064
v 0.038095 0.797101 -0.381455
vn -0.857347 -0.481844 -0.181062
v 0.036013 0.816416 -0.405009
vn -0.843582 -0.531896 -0.073864
v 0.029287 0.830940 -0.431843
vn -0.898218 -0.328886 -0.291614
v 0.031439 0.790402 -0.352493
vn -0.925728 -0.298988 -0.231590
v 0.031290 0.806975 -0.372148
vn -0.944555 -0.311427 -0.104064
v 0.030201 0.825789 -0.395378
vn -0.963188 -0.262069 0.059902
v 0.025712 0.841780 -0.418096
vn -0.976347 -0.151217 -0.154529
v 0.026867 0.817611 -0.362227
vn 0.226801 0.848894 0.477430
v 0.074710 0.871307 -0.356853
vn 0.531668 0.785270 0.317302
v 0.093950 0.855585 -0.342873
vn 0.544304 0.778366 0.312856
v 0.077175 0.885711 -0.386410
vn 0.808796 0.584831 0.061820
v 0.114344 0.832900 -0.330547
vn 0.804899 0.589725 0.066051
v 0.104806 0.847580 -0.350234
vn 0.812894 0.580747 0.044012
v 0.085200 0.879521 -0.394266
vn 0.933675 0.247768 -0.258577
v 0.118645 0.821379 -0.343599
vn 0.932019 0.296286 -0.208697
v 0.100514 0.851675 -0.379858
vn 0.928238 0.330182 -0.171329
v 0.089302 0.869634 -0.404624
vn 0.825709 -0.202006 -0.526686
v 0.116741 0.792048 -0.345884
vn 0.853499 -0.150244 -0.498965
v 0.106935 0.815355 -0.369492
vn 0.888282 -0.102976 -0.447606
v 0.096939 0.836294 -0.393354
vn 0.906531 -0.092488 -0.411883
v 0.087613 0.854597 -0.417061
vn 0.739060 -0.339702 -0.581716
v 0.109389 0.775842 -0.347510
vn 0.775034 -0.291725 -0.560553
v 0.096935 0.809724 -0.382053
vn 0.633820 -0.450368 -0.628841
v 0.086541 0.792568 -0.385195
vn 0.701497 -0.422280 -0.574092
v 0.079147 0.814661 -0.408753
vn 0.745629 -0.405984 -0.528407
v 0.070328 0.831978 -0.433823
vn -0.437112 0.701648 0.562693
v 0.042917 0.900619 -0.404262
vn -0.663414 0.580470 0.472162
v 0.036290 0.896320 -0.407094
vn 0.075746 -0.844105 -0.530801
v 0.040434 0.838911 -0.471706
vn 0.506637 -0.672695 -0.539260
v 0.051639 0.841978 -0.467141
vn -0.492456 -0.819738 -0.292433
v 0.030330 0.838316 -0.468908
vn -0.836867 -0.546294 0.034870
v 0.021804 0.843474 -0.456872
vn -0.937597 -0.275290 0.212431
v 0.019405 0.852951 -0.442791
vn 0.249820 0.840254 0.481210
v 0.057129 0.905217 -0.407428
vn 0.839100 0.542953 0.033362
v 0.075427 0.894230 -0.416468
vn 0.937595 0.333330 -0.099027
v 0.080387 0.884049 -0.426519
vn 0.903133 -0.139416 -0.406096
v 0.078919 0.871372 -0.439566
vn 0.748879 -0.468716 -0.468493
v 0.060532 0.849211 -0.461914
vn 0.584775 -0.649774 -0.485625
v 0.110738 0.650320 -0.239264
vn 0.567287 -0.578141 -0.586462
v 0.105445 0.677901 -0.276318
vn 0.187306 -0.644087 -0.741666
v 0.082856 0.704013 -0.314982
vn -0.913069 -0.020253 -0.407301
v 0.036978 0.608159 -0.177995
vn 0.022698 -0.554548 -0.831842
v 0.074152 0.597322 -0.198635
vn -0.400703 -0.452027 -0.796937
v 0.055108 0.592953 -0.191851
vn -0.217450 -0.613236 -0.759379
v 0.066692 0.616594 -0.209987
vn -0.684342 -0.404687 -0.606551
v 0.055901 0.618092 -0.203220
vn -0.703248 -0.296805 -0.646026
v 0.043776 0.596748 -0.184919
vn -0.824055 -0.440615 -0.356077
v 0.048352 0.622820 -0.194868
vn -0.932943 -0.146766 -0.328752
v 0.042521 0.625404 -0.182499
vn -0.958624 -0.146513 -0.244078
v 0.042560 0.645891 -0.196880
vn -0.979069 -0.040552 -0.199447
v 0.035912 0.643652 -0.162294
vn -0.985430 -0.020065 -0.168895
v 0.036535 0.652919 -0.170563
vn -0.198626 0.624395 0.755433
v 0.079754 0.729402 -0.166919
vn -0.381997 0.604360 0.699161
v 0.061949 0.763266 -0.201265
vn -0.505174 0.512866 0.694095
v 0.065742 0.726107 -0.170355
vn -0.723971 0.392673 0.567162
v 0.053017 0.719430 -0.176850
vn -0.871328 0.213171 0.441980
v 0.043016 0.710484 -0.187112
vn -0.831592 0.236964 0.502297
v 0.031900 0.746127 -0.219371
vn -0.980817 -0.049387 0.188573
v 0.037684 0.699919 -0.201923
vn -0.995926 0.045699 0.077741
v 0.039374 0.684955 -0.186324
vn 0.068175 -0.788236 -0.611585
v 0.082000 0.628315 -0.225577
vn -0.366657 -0.709785 -0.601471
v 0.068262 0.635815 -0.231107
vn -0.548724 -0.663898 -0.508076
v 0.064725 0.677007 -0.285358
vn -0.050702 -0.771881 -0.633743
v 0.078418 0.672706 -0.285185
vn -0.683103 -0.541153 -0.490432
v 0.057197 0.642838 -0.227888
vn -0.796550 -0.482728 -0.363981
v 0.055466 0.685796 -0.282031
vn -0.724959 -0.499051 -0.474745
v 0.054873 0.716238 -0.316561
vn -0.871613 -0.350648 -0.342545
v 0.048847 0.650527 -0.221401
vn -0.908415 -0.322260 -0.266327
v 0.049234 0.667030 -0.241257
vn -0.843609 -0.429378 -0.322427
v 0.046382 0.724618 -0.310520
vn -0.970167 -0.149085 -0.191180
v 0.044569 0.661821 -0.215184
vn -0.962655 -0.226471 -0.148347
v 0.045072 0.676925 -0.232508
vn -0.852667 -0.430527 -0.295982
v 0.037752 0.737377 -0.301672
vn -0.989612 -0.104314 -0.098931
v 0.040330 0.673051 -0.192718
vn -0.944488 -0.302945 -0.127149
v 0.042138 0.685570 -0.222584
vn 0.651290 -0.514534 -0.557741
v 0.099585 0.599556 -0.186602
vn 0.282748 -0.606365 -0.743219
v 0.085502 0.613977 -0.207098
vn 0.471259 -0.677953 -0.564176
v 0.098859 0.615533 -0.199818
vn 0.600138 -0.678377 -0.423839
v 0.109130 0.631208 -0.212674
vn 0.328377 -0.772937 -0.542897
v 0.097396 0.634027 -0.229281
vn 0.674989 -0.609531 -0.415766
v 0.126064 0.652206 -0.218497
vn 0.645438 -0.611171 -0.458126
v 0.112826 0.622904 -0.191417
vn 0.381506 -0.558269 -0.736743
v 0.085786 0.593663 -0.193651
vn 0.671334 -0.570742 -0.472826
v 0.123303 0.623682 -0.178035
vn 0.461368 0.613393 0.641006
v 0.117371 0.760661 -0.204551
vn 0.751123 0.403370 0.522597
v 0.129835 0.711060 -0.176217
vn 0.738923 0.474248 0.478625
v 0.134274 0.754321 -0.216152
vn 0.940926 0.153156 0.301995
v 0.143145 0.704557 -0.194365
vn 0.994153 -0.075137 0.077557
v 0.146187 0.690823 -0.205762
vn 0.667324 -0.435051 -0.604491
v 0.115413 0.732716 -0.311486
vn 0.550531 -0.525621 -0.648566
v 0.099455 0.724120 -0.322383
vn 0.900019 0.200703 0.386890
v 0.138382 0.683697 -0.172430
vn 0.931727 0.206655 0.298626
v 0.145672 0.722979 -0.212770
vn 0.996969 -0.062643 0.046131
v 0.148407 0.707449 -0.224815
vn 0.731672 0.429646 0.529208
v 0.133189 0.736784 -0.199191
vn 0.513071 0.556909 0.653154
v 0.117070 0.742673 -0.188693
vn 0.712061 0.559580 0.424075
v 0.132616 0.773474 -0.234945
vn 0.432232 0.684128 0.587490
v 0.116185 0.779664 -0.222948
vn 0.194819 0.725558 0.660009
v 0.098108 0.779594 -0.216705
vn -0.104555 0.705421 0.701035
v 0.075917 0.784860 -0.217085
vn 0.077385 0.647598 0.758043
v 0.090537 0.717299 -0.155766
vn -0.508459 0.584256 0.632546
v 0.065195 0.711606 -0.158684
vn -0.367379 0.578322 0.728407
v 0.064132 0.744177 -0.183681
vn -0.125302 0.643874 0.754802
v 0.079423 0.745800 -0.179892
vn -0.338350 0.657790 0.672928
v 0.058742 0.783188 -0.220445
vn -0.671994 0.399010 0.623870
v 0.049961 0.738136 -0.191329
vn -0.612996 0.503910 0.608531
v 0.040709 0.776032 -0.228209
vn -0.709514 0.490351 0.506109
v 0.053506 0.701161 -0.162092
vn 0.926888 0.322773 0.191564
v 0.145108 0.759145 -0.249588
vn 0.994497 0.085024 -0.061214
v 0.147836 0.741653 -0.261322
vn -0.946444 -0.047198 -0.319399
v 0.031351 0.576776 -0.153223
vn 0.590995 -0.594451 -0.545301
v 0.088694 0.544430 -0.147694
vn 0.317878 -0.694361 -0.645613
v 0.073803 0.538782 -0.152480
vn -0.096368 -0.650973 -0.752960
v 0.060559 0.545369 -0.163142
vn -0.789615 -0.285004 -0.543398
v 0.034241 0.560809 -0.154617
vn 0.606422 -0.574712 -0.549508
v 0.088640 0.550037 -0.155593
vn 0.412206 -0.596479 -0.688694
v 0.080584 0.553304 -0.164758
vn 0.192053 -0.621286 -0.759684
v 0.071472 0.550280 -0.166359
vn 0.264612 -0.569889 -0.777950
v 0.079078 0.571636 -0.178161
vn -0.139458 -0.538987 -0.830689
v 0.062752 0.576178 -0.183554
vn -0.470051 -0.485486 -0.737127
v 0.046720 0.549044 -0.160268
vn -0.547595 -0.424519 -0.721057
v 0.049323 0.570636 -0.174114
vn -0.963456 -0.021005 -0.267042
v 0.033363 0.595201 -0.158634
vn -0.824670 -0.223795 -0.519457
v 0.040072 0.577490 -0.168547
vn 0.588754 -0.522457 -0.616772
v 0.090232 0.574299 -0.173330
vn 0.752177 -0.444846 -0.486149
v 0.101963 0.580235 -0.160294
vn 0.825934 -0.251727 -0.504447
v 0.082935 0.842979 -0.421028
vn 0.853368 -0.269180 -0.446436
v 0.071632 0.860916 -0.447386
vn 0.927906 -0.221280 -0.300043
v 0.073425 0.882720 -0.458119
vn 0.878218 -0.341192 -0.335144
v 0.064682 0.868980 -0.470073
vn 0.860114 -0.295286 -0.415945
v 0.067300 0.858851 -0.455121
vn 0.807375 -0.298433 -0.509003
v 0.076765 0.839075 -0.427406
vn 0.800779 -0.284175 -0.527254
v 0.089823 0.826215 -0.400496
vn 0.610811 -0.458575 -0.645461
v 0.091898 0.772765 -0.365961
vn 0.612244 -0.550872 -0.567183
v 0.115478 0.683879 -0.269872
vn 0.536373 -0.633637 -0.557502
v 0.048754 0.857049 -0.489682
vn -0.882582 -0.394034 0.256490
v 0.014060 0.858822 -0.454155
vn -0.926664 0.143885 0.347261
v 0.019196 0.878599 -0.435805
vn -0.800239 0.441213 0.406139
v 0.031761 0.905862 -0.426765
vn 0.628449 0.738376 0.244648
v 0.067450 0.901255 -0.409581
vn 0.918927 0.394219 -0.012816
v 0.077423 0.891222 -0.436649
vn 0.987793 0.076943 -0.135444
v 0.074926 0.895719 -0.456443
vn 0.966736 0.130388 -0.220045
v 0.081671 0.877027 -0.432878
vn 0.951557 0.133494 -0.276981
v 0.089275 0.861788 -0.411354
vn 0.933933 0.081645 -0.348000
v 0.099513 0.843683 -0.386840
vn 0.909018 0.004342 -0.416735
v 0.116515 0.811395 -0.350396
vn 0.879358 -0.096476 -0.466285
v 0.126533 0.788740 -0.328195
vn 0.553444 -0.506186 -0.661419
v 0.096401 0.752295 -0.346600
vn 0.329342 -0.621071 -0.711199
v 0.079566 0.757745 -0.361297
vn -0.127074 -0.710547 -0.692081
v 0.062791 0.754927 -0.360197
vn -0.575413 -0.626831 -0.525341
v 0.049267 0.766564 -0.361228
vn -0.786931 -0.482740 -0.384320
v 0.039144 0.777083 -0.358961
vn -0.858621 -0.396920 -0.324385
v 0.031351 0.772938 -0.331010
vn -0.922318 -0.251667 -0.293247
v 0.022173 0.790741 -0.326547
vn 0.777020 -0.296886 -0.555066
v 0.124156 0.765260 -0.321697
vn -0.346006 -0.630208 -0.695067
v 0.065390 0.707896 -0.319840
vn -0.628455 -0.550014 -0.550027
v 0.053019 0.741631 -0.337354
vn -0.796651 -0.454400 -0.398581
v 0.044585 0.744003 -0.327813
vn 0.770854 -0.388088 -0.505146
v 0.133543 0.712470 -0.275903
vn 0.638498 -0.506384 -0.579565
v 0.123631 0.701589 -0.279425
vn 0.612977 -0.516217 -0.598146
v 0.111372 0.699812 -0.288917
vn 0.518608 -0.559617 -0.646432
v 0.100411 0.704545 -0.305161
vn 0.326156 -0.667725 -0.669153
v 0.088135 0.682289 -0.293233
vn 0.053279 -0.694022 -0.717980
v 0.078636 0.687615 -0.301463
vn -0.308246 -0.684459 -0.660682
v 0.064790 0.692107 -0.303649
vn -0.727329 -0.514846 -0.453790
v 0.055453 0.700623 -0.300209
vn -0.854219 -0.415800 -0.312123
v 0.048382 0.709635 -0.294530
vn -0.887034 -0.395268 -0.238606
v 0.041437 0.720720 -0.284765
vn -0.836225 -0.480524 -0.264243
v 0.034168 0.723613 -0.265852
vn -0.901621 -0.395148 -0.175891
v 0.024627 0.738451 -0.266626
vn -0.986550 -0.142224 0.080573
v 0.019835 0.749500 -0.253318
vn -0.881730 0.245165 0.403047
v 0.026248 0.764590 -0.238576
vn 0.868520 -0.401914 -0.290067
v 0.140272 0.689514 -0.237676
vn 0.652435 -0.570770 -0.498548
v 0.127104 0.675566 -0.249063
vn 0.647764 -0.576324 -0.498250
v 0.117902 0.670701 -0.253471
vn 0.573627 -0.613272 -0.543001
v 0.108520 0.664981 -0.259944
vn 0.329777 -0.728039 -0.601005
v 0.093939 0.660496 -0.266386
vn -0.045976 -0.801927 -0.595651
v 0.080975 0.655022 -0.261968
vn -0.438011 -0.723918 -0.533000
v 0.067115 0.652142 -0.252259
vn -0.753730 -0.522768 -0.398251
v 0.056320 0.662662 -0.251359
vn -0.883001 -0.380706 -0.274540
v 0.049553 0.690614 -0.271325
vn -0.912829 -0.346437 -0.216160
v 0.041964 0.704426 -0.259854
vn -0.916411 -0.363068 -0.168440
v 0.038344 0.701872 -0.240011
vn -0.965321 -0.201055 0.166533
v 0.031646 0.717032 -0.219258
vn -0.894519 0.102392 0.435146
v 0.037645 0.728945 -0.203479
vn 0.899817 -0.377430 -0.218805
v 0.137246 0.659537 -0.198059
vn 0.669003 -0.613702 -0.419290
v 0.118809 0.649634 -0.225005
vn 0.795251 -0.426217 -0.431178
v 0.135621 0.696548 -0.258931
vn 0.833933 -0.446282 -0.324636
v 0.136292 0.683090 -0.242604
vn 0.817519 -0.483222 -0.313303
v 0.133655 0.652348 -0.201835
vn 0.957153 -0.273149 -0.096162
v 0.143025 0.675992 -0.206189
vn 0.935336 -0.306069 -0.177396
v 0.146001 0.696827 -0.232104
vn 0.917243 -0.294681 -0.268009
v 0.147094 0.712249 -0.249583
vn 0.931213 -0.187090 -0.312793
v 0.145726 0.730543 -0.267424
vn 0.960491 0.210745 -0.181779
v 0.138226 0.781165 -0.300753
vn 0.836028 0.541929 0.085843
v 0.128447 0.806448 -0.298449
vn 0.251238 0.652522 0.714909
v 0.103112 0.699126 -0.143277
vn 0.301650 0.613668 0.729671
v 0.105006 0.729533 -0.172052
vn 0.202847 0.825284 0.527029
v 0.096793 0.820072 -0.266764
vn 0.238159 0.764070 0.599564
v 0.102011 0.799564 -0.240218
vn 0.215618 0.716233 0.663716
v 0.105622 0.779343 -0.217537
vn 0.259320 0.677681 0.688115
v 0.105409 0.758445 -0.196511
vn 0.321171 0.611809 0.722869
v 0.106744 0.739189 -0.180197
vn -0.986972 0.018379 -0.159839
v 0.017791 0.791718 -0.310897
vn -0.913226 -0.247072 -0.323995
v 0.021853 0.779588 -0.315869
vn 0.632645 0.729375 0.260330
v 0.116755 0.818304 -0.286225
vn 0.116365 0.648672 0.752119
v 0.091419 0.745362 -0.179531
vn 0.153782 0.684662 0.712453
v 0.090481 0.763847 -0.196567
vn 0.153174 0.731527 0.664384
v 0.088186 0.783322 -0.216432
vn 0.154732 0.790552 0.592525
v 0.083828 0.804473 -0.240042
vn 0.119674 0.852131 0.509461
v 0.077976 0.822691 -0.266320
vn 0.024421 0.885371 0.464244
v 0.075474 0.829545 -0.280156
vn -0.014203 0.879365 0.475936
v 0.072753 0.840114 -0.298020
vn 0.009525 0.890002 0.455856
v 0.071150 0.847719 -0.313458
vn -0.030817 0.851127 0.524054
v 0.065619 0.866923 -0.347789
vn -0.095672 0.821158 0.562624
v 0.054251 0.893524 -0.389107
vn -0.169187 0.795659 0.581638
v 0.045418 0.913594 -0.418897
vn -0.430202 0.660348 0.615522
v 0.038111 0.925744 -0.438138
vn -0.895468 0.308016 0.321347
v 0.045772 0.696512 -0.171694
vn -0.974498 -0.219359 -0.047278
v 0.038982 0.691238 -0.214570
vn -0.923782 -0.372771 -0.087572
v 0.034066 0.707941 -0.232281
vn -0.989129 0.022662 -0.145296
v 0.039470 0.666347 -0.183981
vn -0.908307 -0.407386 -0.094948
v 0.028502 0.723199 -0.248315
vn 0.973608 0.225977 0.031977
v 0.074876 0.915209 -0.486208
vn -0.924412 0.257785 0.281086
v -0.008322 0.903851 -0.494957
vn -0.999365 -0.024363 0.026015
v -0.010235 0.894823 -0.499407
vn -0.937224 -0.338197 0.085047
v -0.006560 0.881206 -0.486943
vn -0.792582 0.325099 0.515873
v 0.000737 0.893838 -0.469399
vn -0.995735 -0.010684 -0.091634
v 0.025736 0.824031 -0.356640
vn -0.966712 0.080889 0.242743
v 0.021189 0.873400 -0.426640
vn -0.913104 -0.042393 0.405517
v -0.003035 0.884402 -0.475373
vn -0.965659 -0.146797 0.214368
v 0.019959 0.858495 -0.436535
vn -0.920359 -0.113165 0.374344
v 0.014141 0.868349 -0.448260
vn -0.783336 0.481503 0.393115
v 0.033517 0.879374 -0.391246
vn -0.750614 0.553642 0.360638
v 0.037901 0.858009 -0.354838
vn -0.779096 0.079404 0.621856
v 0.024257 0.935885 -0.465843
vn -0.820229 -0.480289 -0.310720
v 0.005539 0.890343 -0.540620
vn -0.949415 -0.252953 -0.186082
v -0.000802 0.902858 -0.534081
vn -0.899262 -0.430830 -0.075587
v 0.001398 0.905718 -0.556834
vn 0.763219 -0.618878 -0.185707
v 0.049784 0.899915 -0.542457
vn 0.817663 -0.570638 -0.076158
v 0.060014 0.913452 -0.550234
vn 0.525511 -0.789306 -0.317544
v 0.041961 0.897394 -0.556207
vn 0.500629 -0.730822 -0.463972
v 0.038620 0.879431 -0.525650
vn -0.491766 -0.819697 -0.293705
v 0.008728 0.896526 -0.564871
vn 0.146335 -0.904654 -0.400234
v 0.023692 0.888979 -0.550744
vn 0.872823 -0.453562 -0.180172
v 0.060035 0.910874 -0.518431
vn 0.982742 -0.167788 -0.077882
v 0.069844 0.932048 -0.508694
vn 0.918398 -0.390244 -0.065232
v 0.065376 0.923690 -0.526150
vn 0.285911 -0.907544 -0.307602
v 0.030855 0.895496 -0.566305
vn 0.540712 -0.097500 0.835538
v 0.051049 0.946622 -0.451191
vn 0.879766 -0.218095 0.422429
v 0.065599 0.945950 -0.473167
vn 0.977475 -0.156402 0.141706
v 0.071893 0.945283 -0.493439
vn -0.998712 -0.049470 0.011305
v -0.003621 0.922617 -0.531853
vn -0.985593 -0.068200 -0.154773
v -0.003830 0.912751 -0.522972
vn -0.990599 0.087564 0.105103
v -0.003409 0.928690 -0.522172
vn -0.990821 0.116788 -0.068081
v -0.004984 0.918066 -0.515604
vn -0.956138 0.188307 0.224369
v 0.000192 0.935865 -0.510242
vn -0.774955 -0.069790 0.628152
v 0.023433 0.951386 -0.464500
vn -0.796153 0.151259 0.585884
v 0.010219 0.933303 -0.481917
vn -0.896385 0.085757 0.434902
v 0.008775 0.946067 -0.488605
vn 0.314098 -0.948508 -0.040918
v 0.054401 0.923785 -0.640159
vn 0.168325 -0.964108 -0.205335
v 0.040042 0.919423 -0.638759
vn -0.369638 -0.926643 -0.068556
v -0.005547 0.914657 -0.635132
vn 0.204414 -0.941265 -0.268766
v 0.005764 0.917210 -0.644902
vn 0.478482 -0.877229 -0.039034
v 0.069175 0.929069 -0.614086
vn 0.591549 -0.801901 -0.083807
v 0.060188 0.922160 -0.593795
vn -0.782055 -0.620563 0.057371
v -0.019053 0.923222 -0.654834
vn 0.908348 0.407666 -0.093335
v 0.087263 0.950585 -0.625129
vn -0.981381 -0.074450 0.177058
v -0.022431 0.933150 -0.643250
vn -0.483736 0.858074 0.172361
v -0.010722 0.957395 -0.641599
vn 0.717908 -0.689501 0.095896
v 0.082472 0.939604 -0.607789
vn 0.371541 -0.918403 -0.135993
v 0.050087 0.920188 -0.620680
vn 0.263393 -0.943677 -0.200244
v 0.035951 0.915872 -0.625083
vn 0.136654 -0.946444 -0.292523
v 0.017261 0.912630 -0.626927
vn -0.073775 0.989556 -0.123836
v 0.053042 0.959791 -0.625247
vn 0.055313 0.993130 -0.103117
v 0.029108 0.957567 -0.642822
vn -0.175021 0.976726 0.123993
v 0.002815 0.957299 -0.624654
vn -0.063677 0.994346 0.084975
v 0.004826 0.960282 -0.637325
vn 0.017145 0.999300 0.033236
v 0.014484 0.958433 -0.625752
vn -0.044235 0.999021 -0.000420
v 0.030028 0.956985 -0.625675
vn 0.287200 0.941131 -0.178292
v 0.072812 0.968511 -0.585161
vn -0.018742 0.974425 -0.223930
v 0.056073 0.972652 -0.572075
vn -0.013160 0.969817 -0.243479
v 0.059852 0.966286 -0.598632
vn 0.385361 0.900496 -0.201506
v 0.079214 0.960023 -0.614490
vn -0.993224 -0.083949 0.080366
v -0.007177 0.931704 -0.578656
vn -0.964605 0.257408 0.057265
v -0.007335 0.941134 -0.579736
vn -0.763576 0.645683 0.006695
v -0.003237 0.948626 -0.579780
vn -0.976055 -0.217468 -0.004928
v -0.003229 0.917914 -0.552837
vn -0.953610 -0.291491 0.075240
v -0.004930 0.918708 -0.578121
vn -0.352703 0.897159 -0.265905
v 0.016544 0.964830 -0.565281
vn -0.199387 0.917640 -0.343775
v 0.040330 0.976933 -0.549580
vn -0.256677 0.925442 -0.278702
v 0.042077 0.970220 -0.568227
vn -0.235868 0.971310 0.030389
v 0.007422 0.957562 -0.604987
vn -0.101751 0.992300 -0.070616
v 0.019742 0.958426 -0.606000
vn -0.211102 0.956747 -0.200179
v 0.026546 0.962098 -0.586167
vn -0.892434 0.450537 -0.024045
v 0.004454 0.967300 -0.520423
vn -0.631843 0.760022 -0.152122
v 0.002583 0.959915 -0.552215
vn -0.569831 0.787314 -0.235432
v 0.011339 0.967983 -0.544350
vn -0.678937 0.681560 -0.272984
v 0.011022 0.974963 -0.524519
vn -0.567075 0.821543 -0.059099
v 0.005045 0.955460 -0.581645
vn -0.328782 0.939095 -0.100011
v 0.013867 0.959333 -0.582465
vn -0.959770 -0.108078 0.259155
v -0.015867 0.932983 -0.623820
vn -0.984029 0.031770 0.175153
v -0.011153 0.934988 -0.605296
vn -0.940086 -0.304935 0.152489
v -0.009108 0.922376 -0.608116
vn -0.832171 -0.538269 0.133256
v -0.011610 0.920933 -0.626129
vn -0.854039 -0.519070 0.034403
v -0.002128 0.911663 -0.587720
vn -0.911017 0.408500 0.056352
v -0.002568 0.954382 -0.536027
vn -0.922746 0.384432 -0.027411
v -0.005818 0.948961 -0.561714
vn -0.995608 -0.074040 0.057296
v -0.006279 0.932867 -0.544818
vn -0.984346 0.094663 0.148664
v -0.004838 0.943440 -0.530814
vn -0.851280 0.438799 0.287711
v -0.012959 0.947481 -0.624827
vn -0.832169 0.532876 0.153419
v -0.007440 0.946291 -0.603622
vn -0.504235 0.840373 0.198795
v -0.005243 0.955243 -0.627121
vn -0.548962 0.830473 0.094630
v 0.000054 0.954442 -0.604069
vn 0.615858 -0.758739 -0.212212
v 0.053415 0.913375 -0.580924
vn 0.292417 -0.925588 -0.240374
v 0.032049 0.910375 -0.607329
vn 0.104589 -0.951660 -0.288798
v 0.016512 0.907444 -0.609636
vn 0.202306 -0.932993 -0.297651
v 0.022858 0.900070 -0.583391
vn -0.031908 0.967748 -0.249890
v 0.033506 0.996282 -0.494458
vn 0.115562 0.958818 -0.259449
v 0.052283 0.995181 -0.495883
vn -0.115854 0.983081 -0.141880
v 0.036155 0.959062 -0.607003
vn -0.242446 0.945698 -0.216505
v 0.041036 0.963709 -0.589510
vn -0.386640 0.856261 -0.342531
v 0.022270 0.973532 -0.544896
vn -0.148079 0.922318 -0.356934
v 0.031950 0.983962 -0.529483
vn -0.064046 0.943577 -0.324901
v 0.036977 0.990536 -0.511146
vn -0.168001 0.985225 0.033269
v 0.032500 1.000325 -0.472650
vn 0.046104 0.949503 -0.310352
v 0.054597 0.983333 -0.534555
vn -0.024275 0.956675 -0.290144
v 0.053499 0.977377 -0.551961
vn -0.182590 0.949460 -0.255316
v 0.052038 0.972647 -0.569292
vn -0.230791 0.944141 -0.235231
v 0.050373 0.967649 -0.590384
vn -0.248964 0.944106 -0.216058
v 0.047313 0.962333 -0.607529
vn 0.699712 0.709742 -0.081666
v 0.081600 0.961980 -0.595257
vn 0.591900 0.796214 -0.125295
v 0.075120 0.970917 -0.556745
vn 0.263706 0.935335 -0.235812
v 0.066920 0.975662 -0.551854
vn 0.727482 0.683191 -0.063407
v 0.076238 0.989932 -0.491055
vn 0.342529 0.906926 -0.245274
v 0.069240 0.993039 -0.491654
vn 0.093031 0.991809 -0.087521
v 0.053614 0.999253 -0.476546
vn 0.432410 0.900128 -0.052839
v 0.066651 0.997526 -0.473989
vn 0.477196 0.835360 0.272870
v 0.066523 0.997147 -0.469470
vn 0.136826 0.886486 0.442064
v 0.053461 0.999289 -0.460644
vn 0.923387 -0.382408 0.033477
v 0.071515 0.939179 -0.536751
vn 0.884466 -0.466599 -0.002239
v 0.067360 0.926081 -0.559970
vn -0.082634 -0.958717 -0.272089
v 0.017509 0.895524 -0.569139
vn 0.502431 0.388705 0.772315
v 0.063993 0.985895 -0.454054
vn 0.836819 0.451754 0.309278
v 0.072016 0.989720 -0.467805
vn 0.819892 -0.313897 0.478796
v 0.063820 0.957071 -0.459815
vn 0.512829 -0.046553 0.857227
v 0.059071 0.974648 -0.448940
vn 0.869168 -0.039843 0.492910
v 0.071464 0.975879 -0.462386
vn 0.943697 -0.193131 0.268581
v 0.077043 0.973261 -0.478741
vn 0.967070 0.183542 0.176320
v 0.078576 0.983781 -0.484286
vn 0.953027 -0.298138 0.053423
v 0.079128 0.957496 -0.525115
vn 0.946305 -0.317973 0.058302
v 0.074060 0.946696 -0.518196
vn 0.998364 0.047510 -0.031802
v 0.080286 0.966390 -0.528948
vn 0.946777 0.312772 -0.076070
v 0.079773 0.980897 -0.505061
vn 0.710551 0.673795 -0.202774
v 0.076328 0.975608 -0.533412
vn -0.116615 0.386309 0.914968
v 0.045676 0.985681 -0.449559
vn -0.503932 -0.856192 -0.113965
v 0.002867 0.905980 -0.597242
vn -0.039355 -0.973579 -0.224935
v 0.000944 0.912484 -0.627257
vn 0.659972 -0.748561 0.063974
v 0.076247 0.934168 -0.601116
vn 0.853301 -0.499514 0.149546
v 0.082259 0.942822 -0.586011
vn 0.993098 -0.076814 0.088637
v 0.085792 0.949810 -0.590958
vn 0.954313 0.297242 0.030567
v 0.083874 0.958271 -0.594182
vn 0.995213 -0.041814 0.088329
v 0.080594 0.960188 -0.551463
vn 0.899838 0.435332 -0.027884
v 0.078269 0.967436 -0.554093
vn 0.754146 -0.655867 -0.033200
v 0.065937 0.927193 -0.583941
vn 0.427185 -0.877768 -0.216880
v 0.042797 0.914085 -0.603129
vn 0.933040 -0.350096 0.082884
v 0.077136 0.950809 -0.542494
vn -0.390212 0.688407 0.611417
v 0.033249 0.996928 -0.459959
vn -0.695184 0.659398 0.286205
v 0.020784 0.994853 -0.471905
vn -0.814135 0.578430 -0.051030
v 0.012148 0.989221 -0.491047
vn -0.375635 0.910564 -0.172543
v 0.018226 0.994614 -0.493314
vn -0.810844 0.205444 0.548019
v 0.018560 0.984388 -0.467116
vn -0.946428 0.209882 0.245406
v 0.008879 0.978938 -0.487448
vn -0.552728 0.241320 0.797657
v 0.031825 0.986802 -0.454799
vn -0.511457 0.002377 0.859306
v 0.032623 0.969525 -0.452084
vn -0.950905 0.235068 0.201303
v 0.000398 0.954666 -0.518832
vn 0.821151 -0.561947 0.099630
v 0.074677 0.939778 -0.564561
vn -0.703307 0.076623 0.706744
v 0.033215 0.946636 -0.454143
vn 0.865169 0.220093 0.450602
v 0.058414 0.925175 -0.469120
vn -0.868695 0.288303 0.402803
v 0.000679 0.926795 -0.494845
vn -0.709211 0.167992 0.684689
v 0.012191 0.925172 -0.477316
vn -0.154941 0.443152 0.882955
v 0.040646 0.937683 -0.445670
vn 0.795125 -0.504616 -0.336361
v 0.048264 0.887482 -0.522021
vn 0.227671 -0.831727 -0.506357
v 0.024490 0.872253 -0.523756
vn -0.383384 -0.817645 -0.429503
v 0.013634 0.873446 -0.527333
vn -0.189142 0.008549 0.981913
v 0.042638 0.960194 -0.449814
vn -0.049848 0.078644 0.995656
v 0.045509 0.976697 -0.447662
vn -0.797356 -0.028639 0.602830
v 0.020697 0.968976 -0.463593
vn -0.750735 0.313858 0.581283
v 0.003372 0.911794 -0.482036
vn 0.952938 0.059809 0.297206
v 0.070399 0.929672 -0.486114
vn 0.997105 -0.012445 0.075016
v 0.080618 0.973404 -0.499235
vn 0.964053 -0.234792 0.124395
v 0.079381 0.965680 -0.496110
vn 0.922302 -0.320279 0.216288
v 0.074197 0.957024 -0.490232
vn -0.443337 0.835309 -0.325132
v 0.017514 0.991585 -0.501028
vn -0.946305 0.059545 0.317744
v 0.008081 0.961747 -0.490311
vn 0.491432 -0.870617 -0.022806
v 0.062083 0.927434 -0.649751
vn -0.006728 -0.998050 -0.062050
v 0.046196 0.923759 -0.658474
vn 0.869803 0.423561 -0.253059
v 0.084798 0.948930 -0.639352
vn 0.976229 -0.216669 -0.005641
v 0.086678 0.943141 -0.623756
vn -0.011978 -0.993146 0.116262
v 0.072342 0.929607 -0.640447
vn 0.234501 -0.923426 -0.303800
v 0.015273 0.921019 -0.647353
vn -0.032962 0.995601 -0.087703
v 0.043811 0.959490 -0.631292
vn -0.662941 0.741830 -0.100986
v -0.016649 0.952984 -0.664564
vn -0.127553 0.984326 -0.121786
v -0.006355 0.959237 -0.650075
vn -0.876019 0.462847 0.135512
v -0.019450 0.948903 -0.644827
vn 0.136232 0.844209 -0.518412
v 0.072241 0.946927 -0.685719
vn 0.872708 -0.047639 -0.485913
v 0.078862 0.937375 -0.682694
vn -0.159671 -0.208530 -0.964894
v 0.063161 0.935722 -0.691174
vn 0.989178 -0.016933 -0.145740
v 0.082438 0.938639 -0.650396
vn -0.251286 -0.634778 -0.730693
v 0.035490 0.924917 -0.713410
vn 0.188582 -0.969843 -0.154406
v 0.043898 0.926371 -0.683740
vn 0.613976 0.326557 -0.718606
v 0.047439 0.940239 -0.716694
vn 0.031841 -0.999314 0.018909
v 0.025099 0.926313 -0.679769
vn -0.198428 0.979580 0.032396
v 0.018703 0.938843 -0.710692
vn -0.490654 -0.863135 -0.119401
v -0.017442 0.921813 -0.696083
vn 0.197500 -0.962888 -0.183958
v -0.003821 0.918864 -0.664599
vn -0.221202 0.918930 -0.326553
v -0.009173 0.953027 -0.678648
vn -0.004934 0.753307 -0.657651
v 0.009126 0.948840 -0.688206
vn 0.012097 0.891440 -0.452978
v 0.043399 0.944242 -0.690874
vn 0.230110 0.883996 -0.406941
v 0.067016 0.950716 -0.666006
vn 0.096541 0.966996 -0.235793
v 0.019322 0.951935 -0.671326
vn 0.129726 0.929573 -0.345059
v 0.048732 0.948232 -0.674737
vn 0.950604 -0.309620 -0.022093
v 0.062360 0.931835 -0.686029
vn -0.482270 0.634782 -0.603711
v 0.021445 0.939040 -0.725250
vn -0.954917 0.143521 -0.259875
v 0.011226 0.930579 -0.713030
vn -0.389403 0.332755 -0.858859
v 0.011274 0.938047 -0.694067
vn 0.657957 0.281779 -0.698350
v 0.006251 0.939507 -0.694055
vn -0.353208 0.748409 -0.561363
v -0.008670 0.940682 -0.724635
vn -0.025908 0.953707 -0.299620
v -0.012255 0.944467 -0.691171
vn 0.768813 0.449709 -0.454629
v 0.061461 0.941765 -0.703632
vn 0.208628 -0.975903 -0.063943
v -0.005313 0.921125 -0.684403
vn -0.313404 -0.945426 -0.089144
v 0.014563 0.920316 -0.697443
vn -0.220977 -0.634768 -0.740431
v 0.015976 0.927330 -0.722088
vn 0.673342 -0.733070 0.096015
v 0.082126 0.934589 -0.629172
vn -0.251724 -0.937092 -0.241856
v 0.007416 0.925388 -0.669621
vn 0.761669 -0.516818 -0.390844
v 0.063477 0.932837 -0.700344
vn -0.941059 -0.232161 -0.245984
v -0.020887 0.933874 -0.711264
vn -0.393494 -0.559942 -0.729128
v -0.008598 0.922357 -0.727836
vn 0.817622 0.381084 -0.431589
v 0.030254 0.939404 -0.720622
vn 0.149015 0.946220 -0.287164
v 0.059688 0.939223 -0.684889
vn -0.372286 -0.411938 -0.831691
v 0.050244 0.933329 -0.707419
vn -0.170334 0.840246 -0.514756
v 0.050634 0.941114 -0.706356
vn 0.507709 0.806460 -0.303074
v 0.073628 0.944672 -0.671220
vn 0.477948 -0.840028 -0.256745
v 0.001096 0.924039 -0.674247
vn 0.257702 0.938009 -0.231794
v 0.074150 0.957258 -0.638408
vn -0.746032 0.639940 -0.184155
v -0.019136 0.944586 -0.682689
vn -0.539328 -0.840335 -0.054431
v -0.016254 0.921363 -0.684420
vn -0.993626 -0.108269 -0.031385
v -0.022612 0.930372 -0.674683
vn -0.954393 0.296497 -0.034974
v -0.020618 0.945954 -0.662035
vn 0.726678 -0.681747 0.084621
v 0.004745 0.925228 -0.699525
vn 0.915747 0.399952 -0.038024
v 0.008548 0.935686 -0.708203
vn -0.716107 0.677346 -0.168505
v -0.020145 0.941700 -0.703350
vn 0.412182 0.899662 -0.143927
v 0.000795 0.942805 -0.713978
vn 0.649976 -0.712350 -0.264741
v 0.005147 0.922939 -0.723355
vn -0.142197 -0.987429 -0.069019
v -0.007267 0.922264 -0.711637
vn 0.563933 0.354441 -0.745889
v 0.003441 0.934346 -0.728902
vn 0.051189 -0.996921 -0.059393
v 0.014095 0.924654 -0.661915
vn 0.084780 -0.996224 0.018730
v 0.037315 0.923774 -0.678057
vn -0.641504 0.510707 -0.572407
v 0.032006 0.933916 -0.710358
vn 0.887096 0.461150 -0.020028
v 0.044659 0.934919 -0.700029
vn 0.029509 -0.994359 0.101881
v 0.071580 0.925423 -0.658876
vn -0.112040 -0.958705 -0.261401
v 0.050987 0.922295 -0.687554
vn 0.518105 -0.854727 -0.031762
v 0.058650 0.922719 -0.679348
vn 0.312211 0.836022 -0.451211
v 0.028260 0.933535 -0.702909
vn 0.642165 -0.756181 0.125757
v 0.025528 0.922027 -0.699019
vn 0.677759 -0.704253 -0.211352
v 0.028665 0.923545 -0.711591
vn -0.555067 -0.811427 -0.182996
v 0.030436 0.921517 -0.696039
vn 0.693450 -0.717766 -0.062768
v 0.044821 0.923700 -0.701954
vn 0.720994 -0.678341 -0.141496
v 0.078807 0.928290 -0.668844
vn -0.116691 -0.922116 -0.368896
v 0.067124 0.926864 -0.679766
# 5255 vertices, 0 vertices normals

f 203//203 74//74 72//72
f 10//10 8//8 250//250
f 29//29 3038//3038 3045//3045
f 23//23 17//17 60//60
f 12//12 8//8 19//19
f 73//73 2901//2901 40//40
f 37//37 38//38 71//71
f 46//46 3052//3052 3053//3053
f 47//47 68//68 67//67
f 2863//2863 2907//2907 43//43
f 42//42 3063//3063 2844//2844
f 49//49 3055//3055 3063//3063
f 94//94 91//91 58//58
f 95//95 96//96 141//141
f 152//152 90//90 109//109
f 114//114 4072//4072 115//115
f 143//143 136//136 116//116
f 4177//4177 128//128 4095//4095
f 4349//4349 148//148 150//150
f 66//66 147//147 65//65
f 9//9 72//72 73//73
f 230//230 201//201 3//3
f 230//230 3//3 78//78
f 212//212 230//230 78//78
f 212//212 78//78 75//75
f 7//7 212//212 75//75
f 5//5 4//4 205//205
f 74//74 203//203 205//205
f 74//74 205//205 4//4
f 226//226 76//76 231//231
f 201//201 231//231 3//3
f 2//2 372//372 16//16
f 78//78 3//3 77//77
f 7//7 75//75 53//53
f 6//6 7//7 53//53
f 6//6 53//53 52//52
f 5//5 6//6 52//52
f 5//5 52//52 51//51
f 51//51 4//4 5//5
f 76//76 79//79 231//231
f 3//3 231//231 79//79
f 3//3 79//79 77//77
f 9//9 204//204 72//72
f 11//11 10//10 239//239
f 40//40 10//10 11//11
f 40//40 71//71 10//10
f 9//9 11//11 236//236
f 9//9 40//40 11//11
f 40//40 9//9 73//73
f 250//250 8//8 214//214
f 226//226 2//2 76//76
f 1//1 76//76 2//2
f 70//70 151//151 87//87
f 70//70 87//87 215//215
f 250//250 214//214 199//199
f 12//12 214//214 8//8
f 70//70 214//214 12//12
f 71//71 8//8 10//10
f 70//70 215//215 214//214
f 16//16 107//107 15//15
f 15//15 107//107 67//67
f 32//32 163//163 28//28
f 30//30 163//163 32//32
f 165//165 66//66 59//59
f 24//24 162//162 104//104
f 24//24 104//104 25//25
f 161//161 162//162 24//24
f 27//27 106//106 30//30
f 104//104 106//106 27//27
f 14//14 92//92 161//161
f 21//21 166//166 29//29
f 2974//2974 166//166 21//21
f 67//67 166//166 2974//2974
f 67//67 107//107 166//166
f 2975//2975 21//21 29//29
f 70//70 33//33 31//31
f 70//70 31//31 151//151
f 28//28 164//164 31//31
f 28//28 31//31 33//33
f 28//28 163//163 164//164
f 28//28 33//33 32//32
f 67//67 1//1 15//15
f 68//68 79//79 76//76
f 68//68 76//76 1//1
f 2//2 16//16 15//15
f 61//61 23//23 60//60
f 18//18 17//17 20//20
f 18//18 20//20 19//19
f 62//62 19//19 8//8
f 62//62 8//8 71//71
f 19//19 62//62 18//18
f 39//39 18//18 62//62
f 39//39 62//62 38//38
f 26//26 30//30 32//32
f 26//26 32//32 20//20
f 22//22 27//27 30//30
f 22//22 30//30 26//26
f 25//25 104//104 27//27
f 25//25 27//27 22//22
f 23//23 26//26 20//20
f 22//22 26//26 23//23
f 64//64 22//22 23//23
f 64//64 23//23 61//61
f 25//25 22//22 64//64
f 34//34 24//24 25//25
f 63//63 161//161 24//24
f 63//63 24//24 34//34
f 2957//2957 14//14 161//161
f 2957//2957 161//161 63//63
f 20//20 32//32 33//33
f 20//20 33//33 19//19
f 17//17 23//23 20//20
f 33//33 70//70 12//12
f 33//33 12//12 19//19
f 17//17 18//18 39//39
f 1//1 2//2 15//15
f 14//14 13//13 92//92
f 91//91 13//13 58//58
f 2957//2957 13//13 14//14
f 16//16 372//372 107//107
f 67//67 68//68 1//1
f 61//61 35//35 64//64
f 64//64 35//35 36//36
f 64//64 36//36 25//25
f 25//25 36//36 34//34
f 13//13 2957//2957 2958//2958
f 56//56 61//61 60//60
f 56//56 60//60 2952//2952
f 2953//2953 35//35 61//61
f 2953//2953 61//61 56//56
f 2952//2952 60//60 39//39
f 2901//2901 71//71 40//40
f 62//62 71//71 38//38
f 57//57 34//34 36//36
f 57//57 36//36 2954//2954
f 63//63 34//34 57//57
f 2954//2954 36//36 35//35
f 2954//2954 35//35 2953//2953
f 37//37 71//71 2901//2901
f 65//65 2823//2823 2830//2830
f 2958//2958 58//58 13//13
f 17//17 39//39 60//60
f 2955//2955 63//63 57//57
f 2956//2956 2957//2957 63//63
f 2956//2956 63//63 2955//2955
f 2823//2823 58//58 2958//2958
f 2823//2823 65//65 58//58
f 2953//2953 56//56 2829//2829
f 2829//2829 56//56 2952//2952
f 41//41 50//50 2926//2926
f 41//41 2926//2926 2863//2863
f 41//41 72//72 50//50
f 55//55 77//77 46//46
f 78//78 77//77 55//55
f 75//75 78//78 55//55
f 75//75 55//55 54//54
f 53//53 54//54 49//49
f 53//53 75//75 54//54
f 52//52 53//53 49//49
f 52//52 49//49 42//42
f 51//51 52//52 42//42
f 51//51 42//42 2929//2929
f 2929//2929 2927//2927 51//51
f 74//74 50//50 72//72
f 2925//2925 50//50 74//74
f 2925//2925 2926//2926 50//50
f 79//79 68//68 45//45
f 77//77 79//79 45//45
f 55//55 46//46 3053//3053
f 54//54 55//55 3053//3053
f 54//54 3053//3053 3054//3054
f 49//49 54//54 3054//3054
f 49//49 3054//3054 3055//3055
f 42//42 49//49 3063//3063
f 2929//2929 42//42 2844//2844
f 2929//2929 2844//2844 2849//2849
f 69//69 48//48 47//47
f 47//47 44//44 45//45
f 48//48 44//44 47//47
f 47//47 45//45 68//68
f 46//46 45//45 44//44
f 77//77 45//45 46//46
f 46//46 44//44 3052//3052
f 69//69 67//67 2974//2974
f 43//43 2901//2901 41//41
f 43//43 41//41 2863//2863
f 3038//3038 29//29 165//165
f 3038//3038 165//165 59//59
f 66//66 65//65 2830//2830
f 51//51 2927//2927 4//4
f 74//74 4//4 2927//2927
f 74//74 2927//2927 2925//2925
f 73//73 72//72 41//41
f 41//41 2901//2901 73//73
f 67//67 69//69 47//47
f 154//154 306//306 118//118
f 81//81 305//305 325//325
f 81//81 325//325 83//83
f 83//83 325//325 324//324
f 83//83 324//324 82//82
f 82//82 324//324 323//323
f 306//306 154//154 322//322
f 306//306 322//322 307//307
f 159//159 80//80 326//326
f 159//159 326//326 305//305
f 159//159 305//305 81//81
f 158//158 160//160 327//327
f 86//86 327//327 160//160
f 82//82 323//323 157//157
f 157//157 323//323 321//321
f 157//157 321//321 156//156
f 156//156 321//321 309//309
f 156//156 309//309 155//155
f 308//308 155//155 309//309
f 159//159 158//158 80//80
f 306//306 347//347 118//118
f 336//336 85//85 153//153
f 85//85 115//115 117//117
f 117//117 153//153 85//85
f 153//153 118//118 347//347
f 336//336 84//84 85//85
f 85//85 84//84 152//152
f 158//158 327//327 80//80
f 372//372 328//328 86//86
f 88//88 151//151 90//90
f 88//88 90//90 89//89
f 89//89 90//90 84//84
f 84//84 90//90 152//152
f 152//152 115//115 85//85
f 88//88 87//87 151//151
f 103//103 107//107 86//86
f 166//166 107//107 148//148
f 163//163 110//110 105//105
f 163//163 30//30 102//102
f 163//163 102//102 110//110
f 30//30 106//106 102//102
f 94//94 58//58 65//65
f 104//104 162//162 98//98
f 104//104 98//98 99//99
f 162//162 93//93 98//98
f 110//110 111//111 105//105
f 29//29 166//166 4354//4354
f 29//29 4354//4354 4115//4115
f 166//166 148//148 4354//4354
f 31//31 111//111 151//151
f 31//31 164//164 105//105
f 31//31 105//105 111//111
f 164//164 163//163 105//105
f 161//161 93//93 162//162
f 103//103 160//160 150//150
f 158//158 159//159 126//126
f 158//158 126//126 160//160
f 96//96 142//142 141//141
f 148//148 103//103 150//150
f 148//148 107//107 103//103
f 97//97 95//95 109//109
f 97//97 109//109 108//108
f 152//152 109//109 143//143
f 152//152 143//143 114//114
f 110//110 102//102 101//101
f 110//110 101//101 97//97
f 102//102 106//106 100//100
f 102//102 100//100 101//101
f 106//106 104//104 99//99
f 106//106 99//99 100//100
f 97//97 101//101 96//96
f 101//101 100//100 145//145
f 101//101 145//145 96//96
f 100//100 99//99 145//145
f 96//96 145//145 142//142
f 145//145 99//99 113//113
f 99//99 98//98 144//144
f 99//99 144//144 113//113
f 98//98 93//93 112//112
f 98//98 112//112 144//144
f 93//93 92//92 146//146
f 93//93 146//146 112//112
f 146//146 92//92 91//91
f 108//108 111//111 97//97
f 97//97 111//111 110//110
f 96//96 95//95 97//97
f 109//109 90//90 108//108
f 90//90 151//151 108//108
f 143//143 109//109 95//95
f 103//103 86//86 160//160
f 13//13 91//91 92//92
f 92//92 93//93 161//161
f 91//91 94//94 4202//4202
f 372//372 86//86 107//107
f 108//108 151//151 111//111
f 91//91 4202//4202 146//146
f 4076//4076 65//65 147//147
f 141//141 142//142 138//138
f 141//141 138//138 137//137
f 142//142 145//145 139//139
f 142//142 139//139 138//138
f 143//143 141//141 137//137
f 143//143 137//137 136//136
f 117//117 115//115 120//120
f 115//115 152//152 114//114
f 4072//4072 114//114 116//116
f 114//114 143//143 116//116
f 113//113 144//144 4199//4199
f 113//113 4199//4199 4198//4198
f 144//144 112//112 4199//4199
f 145//145 113//113 4198//4198
f 145//145 4198//4198 139//139
f 120//120 115//115 4072//4072
f 143//143 95//95 141//141
f 4199//4199 112//112 4200//4200
f 112//112 4201//4201 4200//4200
f 112//112 146//146 4201//4201
f 94//94 4076//4076 4202//4202
f 94//94 65//65 4076//4076
f 138//138 139//139 4078//4078
f 137//137 138//138 4078//4078
f 4098//4098 133//133 131//131
f 4098//4098 131//131 4097//4097
f 133//133 154//154 131//131
f 154//154 118//118 131//131
f 125//125 124//124 135//135
f 125//125 135//135 130//130
f 124//124 81//81 83//83
f 124//124 83//83 135//135
f 130//130 135//135 134//134
f 130//130 134//134 129//129
f 135//135 83//83 82//82
f 135//135 82//82 134//134
f 129//129 134//134 157//157
f 129//129 157//157 128//128
f 134//134 82//82 157//157
f 128//128 157//157 156//156
f 128//128 156//156 119//119
f 119//119 156//156 155//155
f 119//119 155//155 4100//4100
f 308//308 140//140 155//155
f 140//140 4175//4175 4100//4100
f 140//140 4100//4100 155//155
f 4175//4175 140//140 132//132
f 4175//4175 132//132 4174//4174
f 308//308 322//322 140//140
f 154//154 133//133 132//132
f 154//154 132//132 322//322
f 133//133 4098//4098 4174//4174
f 133//133 4174//4174 132//132
f 126//126 159//159 123//123
f 123//123 159//159 81//81
f 123//123 81//81 124//124
f 117//117 120//120 131//131
f 117//117 131//131 118//118
f 122//122 125//125 130//130
f 122//122 130//130 4179//4179
f 4179//4179 130//130 129//129
f 4179//4179 129//129 4178//4178
f 4178//4178 129//129 128//128
f 4178//4178 128//128 4177//4177
f 4095//4095 128//128 119//119
f 150//150 126//126 149//149
f 126//126 127//127 149//149
f 121//121 4164//4164 127//127
f 4164//4164 4297//4297 149//149
f 4164//4164 149//149 127//127
f 4297//4297 4349//4349 149//149
f 123//123 121//121 127//127
f 123//123 127//127 126//126
f 121//121 125//125 122//122
f 121//121 123//123 124//124
f 121//121 124//124 125//125
f 4164//4164 121//121 122//122
f 131//131 120//120 4152//4152
f 131//131 4152//4152 4097//4097
f 66//66 165//165 4195//4195
f 140//140 322//322 132//132
f 118//118 153//153 117//117
f 126//126 150//150 160//160
f 4349//4349 150//150 149//149
f 226//226 231//231 200//200
f 216//216 214//214 215//215
f 216//216 217//217 188//188
f 244//244 236//236 245//245
f 236//236 11//11 245//245
f 245//245 11//11 239//239
f 247//247 243//243 557//557
f 241//241 242//242 246//246
f 248//248 241//241 238//238
f 242//242 241//241 232//232
f 88//88 316//316 87//87
f 315//315 217//217 316//316
f 329//329 331//331 332//332
f 153//153 347//347 338//338
f 153//153 338//338 336//336
f 339//339 341//341 755//755
f 335//335 343//343 336//336
f 345//345 335//335 342//342
f 353//353 367//367 366//366
f 257//257 181//181 218//218
f 218//218 182//182 467//467
f 218//218 467//467 520//520
f 227//227 168//168 228//228
f 167//167 227//227 473//473
f 167//167 473//473 382//382
f 384//384 473//473 227//227
f 176//176 468//468 469//469
f 176//176 469//469 463//463
f 170//170 456//456 468//468
f 170//170 468//468 176//176
f 218//218 181//181 182//182
f 182//182 180//180 466//466
f 182//182 466//466 467//467
f 181//181 179//179 180//180
f 181//181 180//180 182//182
f 184//184 179//179 181//181
f 180//180 178//178 465//465
f 180//180 465//465 466//466
f 179//179 173//173 178//178
f 179//179 178//178 180//180
f 179//179 189//189 173//173
f 178//178 177//177 464//464
f 178//178 464//464 465//465
f 173//173 172//172 177//177
f 173//173 177//177 178//178
f 175//175 176//176 463//463
f 175//175 463//463 462//462
f 171//171 170//170 176//176
f 171//171 176//176 175//175
f 221//221 175//175 462//462
f 221//221 462//462 461//461
f 174//174 171//171 175//175
f 174//174 175//175 221//221
f 169//169 183//183 171//171
f 169//169 171//171 174//174
f 457//457 254//254 561//561
f 194//194 172//172 173//173
f 194//194 173//173 189//189
f 183//183 261//261 170//170
f 183//183 170//170 171//171
f 170//170 261//261 260//260
f 170//170 260//260 456//456
f 167//167 168//168 227//227
f 559//559 552//552 240//240
f 167//167 559//559 240//240
f 167//167 240//240 168//168
f 382//382 559//559 167//167
f 289//289 188//188 217//217
f 289//289 292//292 188//188
f 185//185 199//199 188//188
f 185//185 188//188 229//229
f 186//186 251//251 199//199
f 185//185 186//186 199//199
f 248//248 251//251 186//186
f 168//168 187//187 185//185
f 185//185 229//229 228//228
f 185//185 228//228 168//168
f 186//186 187//187 248//248
f 185//185 187//187 186//186
f 240//240 187//187 168//168
f 219//219 372//372 256//256
f 210//210 230//230 212//212
f 208//208 210//210 212//212
f 208//208 212//212 7//7
f 207//207 208//208 7//7
f 207//207 7//7 6//6
f 5//5 207//207 6//6
f 201//201 200//200 231//231
f 215//215 87//87 316//316
f 316//316 216//216 215//215
f 316//316 217//217 216//216
f 220//220 219//219 256//256
f 257//257 184//184 181//181
f 257//257 220//220 184//184
f 265//265 195//195 202//202
f 265//265 202//202 213//213
f 211//211 265//265 213//213
f 195//195 267//267 202//202
f 199//199 216//216 188//188
f 214//214 216//216 199//199
f 250//250 199//199 251//251
f 268//268 198//198 225//225
f 236//236 235//235 204//204
f 236//236 204//204 9//9
f 213//213 202//202 201//201
f 213//213 201//201 230//230
f 210//210 213//213 230//230
f 207//207 5//5 206//206
f 206//206 205//205 253//253
f 5//5 205//205 206//206
f 252//252 205//205 203//203
f 252//252 253//253 205//205
f 252//252 204//204 235//235
f 203//203 72//72 204//204
f 203//203 204//204 252//252
f 202//202 267//267 200//200
f 202//202 200//200 201//201
f 191//191 256//256 197//197
f 191//191 197//197 269//269
f 268//268 269//269 197//197
f 268//268 197//197 198//198
f 260//260 259//259 263//263
f 260//260 263//263 457//457
f 261//261 258//258 259//259
f 261//261 259//259 260//260
f 261//261 183//183 262//262
f 261//261 262//262 258//258
f 169//169 193//193 262//262
f 169//169 262//262 183//183
f 263//263 255//255 254//254
f 263//263 254//254 457//457
f 184//184 191//191 190//190
f 373//373 218//218 520//520
f 373//373 520//520 778//778
f 286//286 218//218 373//373
f 257//257 218//218 286//286
f 177//177 221//221 533//533
f 177//177 533//533 464//464
f 221//221 461//461 533//533
f 172//172 222//222 221//221
f 172//172 221//221 177//177
f 222//222 174//174 221//221
f 194//194 223//223 222//222
f 194//194 222//222 172//172
f 223//223 169//169 174//174
f 223//223 174//174 222//222
f 192//192 224//224 223//223
f 223//223 224//224 193//193
f 223//223 193//193 169//169
f 268//268 225//225 224//224
f 224//224 225//225 267//267
f 225//225 200//200 267//267
f 198//198 226//226 225//225
f 226//226 200//200 225//225
f 227//227 228//228 320//320
f 229//229 292//292 228//228
f 188//188 292//292 229//229
f 2//2 226//226 198//198
f 2//2 198//198 197//197
f 2//2 197//197 256//256
f 2//2 256//256 372//372
f 254//254 233//233 554//554
f 254//254 554//554 561//561
f 233//233 247//247 553//553
f 233//233 553//553 554//554
f 240//240 232//232 187//187
f 232//232 240//240 552//552
f 187//187 241//241 248//248
f 187//187 232//232 241//241
f 244//244 243//243 235//235
f 244//244 235//235 236//236
f 234//234 253//253 252//252
f 252//252 235//235 234//234
f 239//239 250//250 251//251
f 250//250 239//239 10//10
f 239//239 251//251 248//248
f 264//264 234//234 247//247
f 264//264 247//247 233//233
f 255//255 264//264 233//233
f 255//255 233//233 254//254
f 243//243 247//247 234//234
f 249//249 557//557 243//243
f 242//242 237//237 249//249
f 552//552 551//551 237//237
f 552//552 237//237 242//242
f 247//247 557//557 553//553
f 232//232 552//552 242//242
f 246//246 249//249 243//243
f 246//246 243//243 244//244
f 239//239 248//248 238//238
f 245//245 239//239 238//238
f 244//244 245//245 238//238
f 244//244 238//238 246//246
f 238//238 241//241 246//246
f 246//246 242//242 249//249
f 220//220 256//256 191//191
f 220//220 191//191 184//184
f 210//210 211//211 213//213
f 208//208 209//209 211//211
f 208//208 211//211 210//210
f 207//207 266//266 209//209
f 207//207 209//209 208//208
f 207//207 206//206 266//266
f 258//258 196//196 209//209
f 258//258 209//209 259//259
f 262//262 195//195 196//196
f 262//262 196//196 258//258
f 184//184 190//190 179//179
f 179//179 190//190 189//189
f 189//189 192//192 194//194
f 193//193 195//195 262//262
f 259//259 209//209 266//266
f 259//259 266//266 263//263
f 263//263 266//266 255//255
f 189//189 268//268 192//192
f 191//191 269//269 190//190
f 189//189 190//190 269//269
f 189//189 269//269 268//268
f 192//192 223//223 194//194
f 265//265 196//196 195//195
f 211//211 209//209 196//196
f 211//211 196//196 265//265
f 206//206 255//255 266//266
f 195//195 193//193 267//267
f 268//268 224//224 192//192
f 224//224 267//267 193//193
f 206//206 253//253 264//264
f 206//206 264//264 255//255
f 234//234 264//264 253//253
f 234//234 235//235 243//243
f 286//286 284//284 257//257
f 659//659 285//285 287//287
f 659//659 287//287 660//660
f 271//271 228//228 292//292
f 271//271 273//273 320//320
f 228//228 271//271 320//320
f 583//583 320//320 273//273
f 271//271 288//288 273//273
f 662//662 661//661 280//280
f 662//662 280//280 655//655
f 661//661 647//647 274//274
f 661//661 274//274 280//280
f 285//285 284//284 286//286
f 285//285 286//286 287//287
f 658//658 283//283 285//285
f 658//658 285//285 659//659
f 283//283 299//299 284//284
f 283//283 284//284 285//285
f 657//657 282//282 283//283
f 657//657 283//283 658//658
f 282//282 277//277 299//299
f 282//282 299//299 283//283
f 277//277 358//358 299//299
f 656//656 281//281 282//282
f 656//656 282//282 657//657
f 281//281 276//276 277//277
f 281//281 277//277 282//282
f 655//655 280//280 279//279
f 655//655 279//279 654//654
f 280//280 274//274 275//275
f 280//280 275//275 279//279
f 654//654 279//279 317//317
f 654//654 317//317 653//653
f 279//279 275//275 278//278
f 279//279 278//278 317//317
f 275//275 356//356 359//359
f 275//275 359//359 278//278
f 759//759 349//349 650//650
f 277//277 276//276 297//297
f 277//277 297//297 358//358
f 274//274 355//355 356//356
f 274//274 356//356 275//275
f 648//648 355//355 274//274
f 648//648 274//274 647//647
f 320//320 583//583 270//270
f 272//272 273//273 288//288
f 272//272 583//583 273//273
f 579//579 272//272 337//337
f 579//579 583//583 272//272
f 290//290 289//289 314//314
f 344//344 343//343 290//290
f 272//272 291//291 346//346
f 292//292 291//291 271//271
f 346//346 290//290 343//343
f 346//346 291//291 290//290
f 291//291 289//289 290//290
f 291//291 292//292 289//289
f 291//291 272//272 288//288
f 305//305 304//304 313//313
f 305//305 313//313 325//325
f 325//325 313//313 312//312
f 325//325 312//312 324//324
f 324//324 312//312 311//311
f 348//348 308//308 309//309
f 308//308 348//348 307//307
f 308//308 307//307 322//322
f 326//326 304//304 305//305
f 328//328 327//327 86//86
f 316//316 88//88 315//315
f 294//294 257//257 284//284
f 304//304 365//365 364//364
f 304//304 364//364 313//313
f 313//313 364//364 366//366
f 362//362 365//365 304//304
f 315//315 314//314 289//289
f 314//314 88//88 89//89
f 344//344 290//290 314//314
f 89//89 84//84 344//344
f 352//352 302//302 368//368
f 306//306 333//333 347//347
f 348//348 309//309 351//351
f 333//333 306//306 307//307
f 326//326 362//362 304//304
f 328//328 303//303 327//327
f 88//88 314//314 315//315
f 89//89 344//344 314//314
f 302//302 303//303 293//293
f 327//327 303//303 302//302
f 302//302 293//293 368//368
f 354//354 353//353 301//301
f 360//360 354//354 650//650
f 354//354 301//301 355//355
f 298//298 356//356 355//355
f 298//298 355//355 301//301
f 357//357 294//294 284//284
f 298//298 295//295 359//359
f 298//298 359//359 356//356
f 349//349 350//350 360//360
f 349//349 360//360 650//650
f 360//360 353//353 354//354
f 660//660 287//287 373//373
f 660//660 373//373 778//778
f 287//287 286//286 373//373
f 219//219 328//328 372//372
f 328//328 219//219 220//220
f 257//257 294//294 220//220
f 729//729 317//317 281//281
f 729//729 281//281 656//656
f 653//653 317//317 729//729
f 317//317 318//318 276//276
f 317//317 276//276 281//281
f 317//317 278//278 318//318
f 318//318 361//361 297//297
f 318//318 297//297 276//276
f 278//278 359//359 361//361
f 278//278 361//361 318//318
f 295//295 369//369 361//361
f 295//295 361//361 359//359
f 362//362 352//352 368//368
f 362//362 368//368 369//369
f 319//319 352//352 362//362
f 326//326 319//319 362//362
f 326//326 80//80 319//319
f 315//315 289//289 217//217
f 291//291 288//288 271//271
f 310//310 309//309 321//321
f 311//311 310//310 321//321
f 311//311 321//321 323//323
f 324//324 311//311 323//323
f 319//319 80//80 327//327
f 319//319 327//327 352//352
f 352//352 327//327 302//302
f 742//742 329//329 349//349
f 742//742 349//349 759//759
f 341//341 329//329 742//742
f 345//345 272//272 346//346
f 337//337 272//272 345//345
f 333//333 330//330 340//340
f 333//333 340//340 334//334
f 348//348 351//351 370//370
f 348//348 370//370 371//371
f 348//348 371//371 307//307
f 333//333 307//307 371//371
f 336//336 338//338 335//335
f 84//84 336//336 344//344
f 329//329 332//332 350//350
f 341//341 331//331 329//329
f 339//339 330//330 331//331
f 329//329 350//350 349//349
f 341//341 339//339 331//331
f 333//333 334//334 347//347
f 347//347 334//334 338//338
f 340//340 330//330 339//339
f 755//755 750//750 339//339
f 751//751 345//345 750//750
f 751//751 754//754 337//337
f 751//751 337//337 345//345
f 339//339 750//750 342//342
f 339//339 342//342 340//340
f 335//335 338//338 334//334
f 335//335 334//334 340//340
f 335//335 340//340 342//342
f 345//345 346//346 335//335
f 335//335 346//346 343//343
f 343//343 344//344 336//336
f 750//750 345//345 342//342
f 363//363 328//328 220//220
f 363//363 220//220 294//294
f 313//313 366//366 312//312
f 366//366 367//367 311//311
f 366//366 311//311 312//312
f 367//367 296//296 310//310
f 367//367 310//310 311//311
f 351//351 309//309 310//310
f 351//351 310//310 296//296
f 363//363 303//303 328//328
f 353//353 300//300 301//301
f 648//648 650//650 354//354
f 648//648 354//354 355//355
f 300//300 365//365 298//298
f 300//300 298//298 301//301
f 299//299 357//357 284//284
f 358//358 357//357 299//299
f 297//297 369//369 358//358
f 365//365 295//295 298//298
f 296//296 353//353 360//360
f 350//350 296//296 360//360
f 369//369 368//368 358//358
f 293//293 294//294 357//357
f 293//293 357//357 358//358
f 293//293 358//358 368//368
f 361//361 369//369 297//297
f 365//365 300//300 364//364
f 300//300 353//353 366//366
f 300//300 366//366 364//364
f 296//296 350//350 351//351
f 295//295 365//365 362//362
f 363//363 294//294 303//303
f 296//296 367//367 353//353
f 293//293 303//303 294//294
f 295//295 362//362 369//369
f 332//332 370//370 351//351
f 332//332 351//351 350//350
f 332//332 331//331 371//371
f 332//332 371//371 370//370
f 330//330 333//333 371//371
f 330//330 371//371 331//331
f 417//417 422//422 421//421
f 499//499 385//385 429//429
f 1322//1322 483//483 1319//1319
f 490//490 1319//1319 483//483
f 559//559 550//550 552//552
f 384//384 472//472 473//473
f 456//456 458//458 562//562
f 520//520 416//416 421//421
f 1324//1324 1273//1273 393//393
f 385//385 575//575 1272//1272
f 516//516 524//524 496//496
f 423//423 419//419 424//424
f 423//423 422//422 525//525
f 416//416 413//413 412//412
f 520//520 467//467 416//416
f 549//549 543//543 558//558
f 550//550 560//560 541//541
f 542//542 553//553 557//557
f 540//540 569//569 471//471
f 547//547 543//543 548//548
f 721//721 618//618 622//622
f 683//683 685//685 695//695
f 676//676 2140//2140 2136//2136
f 2136//2136 706//706 676//676
f 665//665 579//579 337//337
f 663//663 599//599 270//270
f 617//617 660//660 622//622
f 2082//2082 642//642 2130//2130
f 2091//2091 591//591 627//627
f 2053//2053 628//628 2176//2176
f 710//710 709//709 711//711
f 619//619 623//623 719//719
f 624//624 717//717 719//719
f 611//611 617//617 612//612
f 659//659 660//660 617//617
f 757//757 745//745 744//744
f 341//341 756//756 755//755
f 739//739 743//743 747//747
f 538//538 378//378 805//805
f 380//380 505//505 487//487
f 487//487 505//505 510//510
f 538//538 537//537 378//378
f 504//504 389//389 388//388
f 504//504 388//388 503//503
f 536//536 502//502 535//535
f 506//506 479//479 502//502
f 506//506 502//502 801//801
f 379//379 479//479 506//506
f 501//501 391//391 379//379
f 380//380 391//391 501//501
f 508//508 493//493 500//500
f 430//430 431//431 437//437
f 815//815 811//811 497//497
f 1324//1324 735//735 497//497
f 518//518 496//496 524//524
f 518//518 420//420 496//496
f 495//495 377//377 517//517
f 377//377 495//495 493//493
f 520//520 421//421 519//519
f 581//581 384//384 582//582
f 775//775 571//571 446//446
f 775//775 446//446 581//581
f 1324//1324 393//393 392//392
f 394//394 777//777 392//392
f 396//396 775//775 776//776
f 521//521 522//522 424//424
f 521//521 424//424 425//425
f 519//519 421//421 422//422
f 519//519 422//422 523//523
f 521//521 420//420 518//518
f 525//525 418//418 423//423
f 394//394 396//396 776//776
f 394//394 776//776 777//777
f 396//396 571//571 775//775
f 396//396 397//397 571//571
f 394//394 395//395 397//397
f 394//394 397//397 396//396
f 392//392 393//393 395//395
f 392//392 395//395 394//394
f 390//390 535//535 499//499
f 389//389 390//390 498//498
f 498//498 1371//1371 389//389
f 537//537 1331//1331 1364//1364
f 497//497 1330//1330 1324//1324
f 496//496 511//511 516//516
f 512//512 1333//1333 1318//1318
f 513//513 1333//1333 512//512
f 495//495 517//517 514//514
f 495//495 492//492 493//493
f 494//494 492//492 495//495
f 493//493 492//492 510//510
f 494//494 491//491 492//492
f 494//494 490//490 491//491
f 491//491 487//487 510//510
f 491//491 510//510 492//492
f 491//491 490//490 485//485
f 491//491 485//485 487//487
f 1322//1322 1312//1312 483//483
f 1320//1320 512//512 1318//1318
f 516//516 511//511 514//514
f 516//516 514//514 517//517
f 486//486 391//391 380//380
f 484//484 489//489 391//391
f 484//484 391//391 486//486
f 482//482 488//488 489//489
f 482//482 489//489 484//484
f 1311//1311 404//404 488//488
f 1311//1311 488//488 482//482
f 489//489 481//481 391//391
f 488//488 480//480 481//481
f 488//488 481//481 489//489
f 404//404 480//480 488//488
f 485//485 486//486 380//380
f 485//485 380//380 487//487
f 483//483 484//484 486//486
f 483//483 486//486 485//485
f 1312//1312 482//482 484//484
f 1312//1312 484//484 483//483
f 1311//1311 482//482 1312//1312
f 480//480 479//479 481//481
f 480//480 387//387 479//479
f 387//387 574//574 479//479
f 451//451 567//567 570//570
f 478//478 448//448 1310//1310
f 475//475 448//448 478//478
f 477//477 474//474 475//475
f 476//476 449//449 477//477
f 567//567 449//449 476//476
f 451//451 450//450 567//567
f 475//475 437//437 448//448
f 474//474 437//437 475//475
f 449//449 474//474 477//477
f 450//450 449//449 567//567
f 1310//1310 448//448 441//441
f 473//473 472//472 383//383
f 473//473 383//383 382//382
f 447//447 472//472 384//384
f 568//568 1309//1309 544//544
f 550//550 470//470 560//560
f 383//383 470//470 550//550
f 472//472 567//567 383//383
f 447//447 570//570 472//472
f 446//446 570//570 447//447
f 478//478 1310//1310 568//568
f 541//541 475//475 478//478
f 541//541 478//478 569//569
f 560//560 475//475 541//541
f 581//581 447//447 384//384
f 463//463 469//469 426//426
f 463//463 426//426 1287//1287
f 460//460 403//403 426//426
f 460//460 426//426 469//469
f 468//468 459//459 460//460
f 468//468 460//460 469//469
f 456//456 562//562 459//459
f 456//456 459//459 468//468
f 456//456 260//260 457//457
f 456//456 457//457 458//458
f 467//467 466//466 413//413
f 467//467 413//413 416//416
f 466//466 465//465 411//411
f 466//466 411//411 413//413
f 465//465 464//464 408//408
f 465//465 408//408 411//411
f 462//462 463//463 1287//1287
f 462//462 1287//1287 405//405
f 461//461 462//462 405//405
f 461//461 405//405 406//406
f 460//460 565//565 564//564
f 460//460 564//564 403//403
f 459//459 563//563 565//565
f 459//459 565//565 460//460
f 562//562 563//563 459//459
f 458//458 547//547 562//562
f 457//457 561//561 547//547
f 457//457 547//547 458//458
f 582//582 384//384 227//227
f 430//430 454//454 572//572
f 455//455 452//452 454//454
f 455//455 454//454 430//430
f 452//452 427//427 454//454
f 454//454 427//427 453//453
f 452//452 397//397 427//427
f 450//450 452//452 455//455
f 451//451 452//452 450//450
f 571//571 452//452 451//451
f 571//571 397//397 452//452
f 571//571 451//451 446//446
f 1310//1310 445//445 444//444
f 1310//1310 441//441 445//445
f 450//450 455//455 449//449
f 449//449 430//430 474//474
f 437//437 441//441 448//448
f 581//581 446//446 447//447
f 568//568 1310//1310 1309//1309
f 445//445 442//442 444//444
f 441//441 442//442 445//445
f 1262//1262 1402//1402 444//444
f 1262//1262 444//444 443//443
f 443//443 1261//1261 1262//1262
f 444//444 442//442 443//443
f 443//443 440//440 1407//1407
f 443//443 1407//1407 1261//1261
f 442//442 440//440 443//443
f 442//442 439//439 440//440
f 441//441 438//438 439//439
f 441//441 439//439 442//442
f 437//437 438//438 441//441
f 440//440 1260//1260 1407//1407
f 440//440 436//436 1260//1260
f 439//439 438//438 436//436
f 439//439 436//436 440//440
f 436//436 434//434 435//435
f 436//436 435//435 1260//1260
f 438//438 434//434 436//436
f 431//431 434//434 438//438
f 434//434 433//433 435//435
f 433//433 1404//1404 435//435
f 433//433 1403//1403 1404//1404
f 434//434 431//431 433//433
f 433//433 432//432 1403//1403
f 431//431 432//432 433//433
f 432//432 1405//1405 1403//1403
f 432//432 572//572 573//573
f 432//432 573//573 1405//1405
f 431//431 430//430 572//572
f 431//431 572//572 432//432
f 573//573 572//572 454//454
f 573//573 454//454 453//453
f 385//385 1413//1413 429//429
f 428//428 393//393 1273//1273
f 395//395 393//393 428//428
f 397//397 395//395 427//427
f 427//427 428//428 453//453
f 395//395 428//428 427//427
f 1287//1287 426//426 1292//1292
f 403//403 1277//1277 1292//1292
f 403//403 1292//1292 426//426
f 420//420 425//425 414//414
f 420//420 414//414 415//415
f 419//419 418//418 515//515
f 526//526 418//418 527//527
f 415//415 515//515 513//513
f 515//515 410//410 1285//1285
f 526//526 409//409 534//534
f 413//413 411//411 412//412
f 528//528 530//530 409//409
f 528//528 409//409 526//526
f 411//411 408//408 531//531
f 411//411 531//531 412//412
f 410//410 1163//1163 1285//1285
f 1163//1163 410//410 526//526
f 1163//1163 526//526 534//534
f 405//405 1287//1287 1288//1288
f 405//405 1288//1288 1286//1286
f 406//406 405//405 1286//1286
f 406//406 1286//1286 407//407
f 399//399 402//402 404//404
f 399//399 404//404 1311//1311
f 402//402 400//400 480//480
f 402//402 480//480 404//404
f 400//400 1234//1234 387//387
f 400//400 387//387 480//480
f 387//387 1234//1234 386//386
f 1213//1213 399//399 1311//1311
f 403//403 564//564 1397//1397
f 403//403 1397//1397 1277//1277
f 385//385 1272//1272 1413//1413
f 398//398 401//401 402//402
f 398//398 402//402 399//399
f 401//401 400//400 402//402
f 401//401 1237//1237 400//400
f 1237//1237 1234//1234 400//400
f 1234//1234 575//575 386//386
f 1234//1234 1359//1359 575//575
f 1212//1212 398//398 399//399
f 1212//1212 399//399 1213//1213
f 1211//1211 398//398 1212//1212
f 481//481 379//379 391//391
f 479//479 379//379 481//481
f 574//574 502//502 479//479
f 535//535 502//502 574//574
f 1364//1364 781//781 378//378
f 1364//1364 378//378 537//537
f 386//386 574//574 387//387
f 550//550 559//559 382//382
f 382//382 383//383 550//550
f 505//505 794//794 510//510
f 794//794 500//500 510//510
f 509//509 501//501 507//507
f 509//509 507//507 794//794
f 794//794 507//507 796//796
f 501//501 786//786 507//507
f 380//380 509//509 505//505
f 501//501 509//509 380//380
f 379//379 793//793 501//501
f 506//506 793//793 379//379
f 504//504 785//785 536//536
f 503//503 803//803 504//504
f 505//505 509//509 794//794
f 508//508 375//375 493//493
f 377//377 493//493 375//375
f 524//524 517//517 377//377
f 525//525 527//527 418//418
f 1320//1320 511//511 512//512
f 496//496 513//513 512//512
f 415//415 513//513 496//496
f 514//514 1320//1320 494//494
f 514//514 494//494 495//495
f 1320//1320 1319//1319 494//494
f 493//493 510//510 500//500
f 1319//1319 490//490 494//494
f 483//483 485//485 490//490
f 418//418 419//419 423//423
f 1285//1285 513//513 515//515
f 414//414 515//515 415//415
f 424//424 419//419 414//414
f 424//424 414//414 425//425
f 794//794 508//508 500//500
f 794//794 836//836 508//508
f 516//516 517//517 524//524
f 518//518 524//524 710//710
f 778//778 520//520 519//519
f 778//778 519//519 529//529
f 521//521 381//381 522//522
f 376//376 521//521 518//518
f 381//381 521//521 376//376
f 374//374 522//522 381//381
f 374//374 523//523 522//522
f 529//529 523//523 374//374
f 529//529 519//519 523//523
f 511//511 1320//1320 514//514
f 524//524 377//377 710//710
f 1285//1285 1333//1333 513//513
f 419//419 515//515 414//414
f 496//496 512//512 511//511
f 420//420 415//415 496//496
f 416//416 412//412 417//417
f 416//416 417//417 421//421
f 420//420 521//521 425//425
f 515//515 418//418 526//526
f 515//515 526//526 410//410
f 527//527 528//528 526//526
f 423//423 424//424 522//522
f 423//423 522//522 523//523
f 523//523 422//422 423//423
f 528//528 412//412 531//531
f 528//528 531//531 530//530
f 1336//1336 407//407 1286//1286
f 1336//1336 1286//1286 1337//1337
f 417//417 527//527 525//525
f 417//417 525//525 422//422
f 528//528 527//527 417//417
f 528//528 417//417 412//412
f 530//530 1164//1164 409//409
f 530//530 1336//1336 1164//1164
f 531//531 407//407 1336//1336
f 531//531 1336//1336 530//530
f 408//408 532//532 531//531
f 532//532 406//406 407//407
f 532//532 407//407 531//531
f 464//464 533//533 532//532
f 464//464 532//532 408//408
f 533//533 461//461 406//406
f 533//533 406//406 532//532
f 409//409 1164//1164 1338//1338
f 409//409 1338//1338 534//534
f 390//390 499//499 429//429
f 390//390 429//429 498//498
f 389//389 535//535 390//390
f 504//504 536//536 535//535
f 504//504 535//535 389//389
f 1371//1371 1331//1331 389//389
f 537//537 388//388 389//389
f 537//537 389//389 1331//1331
f 538//538 503//503 388//388
f 538//538 388//388 537//537
f 538//538 804//804 803//803
f 538//538 803//803 503//503
f 1324//1324 736//736 735//735
f 392//392 777//777 736//736
f 392//392 736//736 1324//1324
f 548//548 543//543 549//549
f 548//548 549//549 539//539
f 565//565 548//548 539//539
f 565//565 539//539 564//564
f 563//563 548//548 565//565
f 562//562 547//547 548//548
f 562//562 548//548 563//563
f 561//561 554//554 547//547
f 539//539 549//549 1394//1394
f 539//539 1394//1394 1398//1398
f 549//549 546//546 1392//1392
f 549//549 1392//1392 1393//1393
f 564//564 539//539 1398//1398
f 564//564 1398//1398 1397//1397
f 545//545 568//568 544//544
f 540//540 471//471 568//568
f 540//540 568//568 545//545
f 554//554 553//553 542//542
f 554//554 542//542 547//547
f 547//547 542//542 543//543
f 541//541 551//551 550//550
f 555//555 540//540 545//545
f 540//540 555//555 569//569
f 556//556 541//541 569//569
f 556//556 569//569 555//555
f 545//545 558//558 555//555
f 558//558 545//545 546//546
f 555//555 542//542 557//557
f 556//556 557//557 237//237
f 558//558 542//542 555//555
f 237//237 551//551 556//556
f 249//249 237//237 557//557
f 551//551 552//552 550//550
f 549//549 1393//1393 1394//1394
f 546//546 544//544 1392//1392
f 546//546 545//545 544//544
f 558//558 546//546 549//549
f 556//556 551//551 541//541
f 555//555 557//557 556//556
f 504//504 803//803 785//785
f 815//815 497//497 735//735
f 811//811 566//566 497//497
f 566//566 1330//1330 497//497
f 560//560 477//477 475//475
f 470//470 477//477 560//560
f 476//476 477//477 470//470
f 446//446 451//451 570//570
f 471//471 478//478 568//568
f 569//569 478//478 471//471
f 383//383 476//476 470//470
f 567//567 476//476 383//383
f 472//472 570//570 567//567
f 535//535 574//574 499//499
f 386//386 575//575 385//385
f 386//386 385//385 499//499
f 386//386 499//499 574//574
f 536//536 785//785 801//801
f 543//543 542//542 558//558
f 502//502 536//536 801//801
f 840//840 576//576 588//588
f 700//700 679//679 678//678
f 708//708 700//700 683//683
f 700//700 678//678 683//683
f 697//697 577//577 696//696
f 577//577 701//701 696//696
f 695//695 708//708 683//683
f 695//695 375//375 508//508
f 695//695 508//508 708//708
f 764//764 815//815 735//735
f 689//689 690//690 735//735
f 689//689 735//735 736//736
f 716//716 621//621 713//713
f 716//716 713//713 711//711
f 703//703 702//702 375//375
f 695//695 703//703 375//375
f 622//622 660//660 712//712
f 270//270 599//599 581//581
f 270//270 581//581 582//582
f 320//320 582//582 227//227
f 599//599 775//775 581//581
f 736//736 591//591 689//689
f 592//592 627//627 591//591
f 592//592 591//591 736//736
f 777//777 593//593 592//592
f 624//624 381//381 718//718
f 713//713 718//718 381//381
f 624//624 719//719 714//714
f 623//623 721//721 720//720
f 623//623 720//720 714//714
f 721//721 622//622 712//712
f 721//721 712//712 720//720
f 620//620 619//619 719//719
f 620//620 719//719 717//717
f 623//623 723//723 722//722
f 623//623 722//722 721//721
f 776//776 593//593 777//777
f 775//775 594//594 776//776
f 593//593 627//627 592//592
f 584//584 730//730 628//628
f 584//584 773//773 730//730
f 734//734 732//732 693//693
f 2177//2177 734//734 691//691
f 734//734 693//693 691//691
f 691//691 693//693 733//733
f 691//691 733//733 588//588
f 814//814 692//692 576//576
f 814//814 2145//2145 692//692
f 692//692 2145//2145 2177//2177
f 2142//2142 690//690 689//689
f 715//715 716//716 711//711
f 715//715 711//711 709//709
f 2139//2139 2138//2138 688//688
f 2138//2138 687//687 688//688
f 704//704 702//702 703//703
f 704//704 703//703 686//686
f 685//685 686//686 703//703
f 685//685 684//684 686//686
f 695//695 685//685 703//703
f 685//685 683//683 684//684
f 683//683 682//682 684//684
f 2136//2136 705//705 706//706
f 678//678 682//682 683//683
f 2131//2131 2140//2140 676//676
f 2139//2139 688//688 705//705
f 704//704 715//715 709//709
f 704//704 709//709 702//702
f 578//578 590//590 679//679
f 590//590 677//677 679//679
f 590//590 680//680 675//675
f 590//590 675//675 677//677
f 680//680 601//601 674//674
f 680//680 674//674 675//675
f 589//589 587//587 680//680
f 589//589 680//680 590//590
f 587//587 601//601 680//680
f 679//679 677//677 676//676
f 679//679 676//676 678//678
f 677//677 675//675 2131//2131
f 677//677 2131//2131 676//676
f 675//675 674//674 2131//2131
f 577//577 587//587 589//589
f 577//577 586//586 587//587
f 773//773 584//584 586//586
f 773//773 586//586 577//577
f 671//671 645//645 769//769
f 670//670 666//666 765//765
f 670//670 664//664 666//666
f 670//670 766//766 664//664
f 649//649 673//673 672//672
f 649//649 765//765 673//673
f 766//766 671//671 769//769
f 670//670 671//671 766//766
f 649//649 694//694 765//765
f 694//694 670//670 765//765
f 580//580 768//768 583//583
f 768//768 663//663 270//270
f 768//768 270//270 583//583
f 2211//2211 757//757 758//758
f 669//669 667//667 745//745
f 665//665 664//664 580//580
f 664//664 768//768 580//580
f 769//769 599//599 663//663
f 664//664 766//766 768//768
f 766//766 769//769 768//768
f 625//625 662//662 655//655
f 625//625 655//655 2108//2108
f 625//625 600//600 652//652
f 625//625 652//652 662//662
f 652//652 651//651 661//661
f 652//652 661//661 662//662
f 651//651 760//760 647//647
f 651//651 647//647 661//661
f 650//650 648//648 647//647
f 650//650 647//647 760//760
f 611//611 658//658 659//659
f 611//611 659//659 617//617
f 610//610 657//657 658//658
f 610//610 658//658 611//611
f 605//605 656//656 657//657
f 605//605 657//657 610//610
f 2108//2108 655//655 654//654
f 2108//2108 654//654 602//602
f 602//602 654//654 653//653
f 602//602 653//653 603//603
f 762//762 763//763 652//652
f 762//762 652//652 600//600
f 763//763 761//761 651//651
f 763//763 651//651 652//652
f 761//761 760//760 651//651
f 743//743 759//759 650//650
f 743//743 650//650 760//760
f 270//270 582//582 320//320
f 694//694 629//629 646//646
f 2117//2117 626//626 646//646
f 2117//2117 646//646 629//629
f 646//646 626//626 645//645
f 626//626 594//594 645//645
f 643//643 672//672 2211//2211
f 645//645 594//594 599//599
f 644//644 672//672 643//643
f 671//671 646//646 645//645
f 639//639 649//649 672//672
f 671//671 694//694 646//646
f 644//644 639//639 672//672
f 642//642 644//644 643//643
f 2081//2081 641//641 642//642
f 2081//2081 642//642 2082//2082
f 640//640 644//644 642//642
f 640//640 642//642 641//641
f 639//639 644//644 640//640
f 639//639 640//640 637//637
f 2080//2080 638//638 641//641
f 2080//2080 641//641 2081//2081
f 638//638 637//637 640//640
f 638//638 640//640 641//641
f 637//637 636//636 649//649
f 637//637 649//649 639//639
f 2079//2079 635//635 638//638
f 2079//2079 638//638 2080//2080
f 635//635 637//637 638//638
f 635//635 636//636 637//637
f 2209//2209 633//633 635//635
f 2209//2209 635//635 2079//2079
f 633//633 631//631 635//635
f 631//631 636//636 635//635
f 631//631 634//634 636//636
f 632//632 631//631 633//633
f 2209//2209 1993//1993 632//632
f 2209//2209 632//632 633//633
f 2116//2116 632//632 1993//1993
f 2116//2116 631//631 632//632
f 2116//2116 634//634 631//631
f 630//630 634//634 2116//2116
f 630//630 694//694 634//634
f 629//629 694//694 630//630
f 585//585 628//628 731//731
f 2092//2092 627//627 770//770
f 627//627 593//593 771//771
f 627//627 771//771 770//770
f 593//593 776//776 771//771
f 776//776 594//594 771//771
f 2091//2091 627//627 2092//2092
f 2205//2205 770//770 2117//2117
f 770//770 771//771 626//626
f 770//770 626//626 2117//2117
f 2112//2112 625//625 2108//2108
f 2112//2112 2096//2096 600//600
f 2112//2112 600//600 625//625
f 615//615 718//718 621//621
f 615//615 621//621 616//616
f 614//614 723//723 619//619
f 614//614 619//619 620//620
f 723//723 726//726 613//613
f 687//687 707//707 616//616
f 2110//2110 609//609 707//707
f 609//609 614//614 707//707
f 607//607 726//726 608//608
f 612//612 610//610 611//611
f 607//607 725//725 724//724
f 607//607 724//724 726//726
f 606//606 605//605 610//610
f 606//606 610//610 612//612
f 2110//2110 1974//1974 609//609
f 1974//1974 1972//1972 609//609
f 726//726 1972//1972 608//608
f 2109//2109 2108//2108 602//602
f 2109//2109 602//602 2107//2107
f 2107//2107 602//602 603//603
f 2107//2107 603//603 604//604
f 601//601 598//598 595//595
f 601//601 595//595 674//674
f 587//587 596//596 598//598
f 587//587 598//598 601//601
f 586//586 2052//2052 596//596
f 586//586 596//596 587//587
f 774//774 2052//2052 586//586
f 674//674 595//595 2100//2100
f 2199//2199 762//762 600//600
f 2199//2199 600//600 2096//2096
f 689//689 591//591 2091//2091
f 689//689 2091//2091 2142//2142
f 2176//2176 628//628 585//585
f 598//598 597//597 2028//2028
f 598//598 2028//2028 595//595
f 597//597 2057//2057 2028//2028
f 596//596 2055//2055 597//597
f 596//596 597//597 598//598
f 2055//2055 2057//2057 597//597
f 2052//2052 2055//2055 596//596
f 774//774 2053//2053 2052//2052
f 2053//2053 2168//2168 2052//2052
f 595//595 2028//2028 2041//2041
f 595//595 2041//2041 2100//2100
f 2028//2028 2042//2042 2041//2041
f 578//578 701//701 589//589
f 578//578 589//589 590//590
f 701//701 577//577 589//589
f 577//577 697//697 773//773
f 733//733 730//730 773//773
f 733//733 773//773 697//697
f 576//576 843//843 814//814
f 586//586 584//584 774//774
f 580//580 583//583 579//579
f 580//580 579//579 665//665
f 827//827 578//578 699//699
f 827//827 699//699 698//698
f 826//826 578//578 827//827
f 698//698 699//699 700//700
f 698//698 700//700 835//835
f 836//836 700//700 508//508
f 700//700 699//699 679//679
f 699//699 578//578 679//679
f 578//578 826//826 701//701
f 826//826 696//696 701//701
f 696//696 772//772 697//697
f 824//824 733//733 772//772
f 824//824 838//838 588//588
f 824//824 588//588 733//733
f 375//375 702//702 377//377
f 613//613 722//722 723//723
f 715//715 681//681 688//688
f 688//688 687//687 716//716
f 687//687 616//616 716//716
f 686//686 681//681 704//704
f 686//686 706//706 705//705
f 686//686 705//705 681//681
f 684//684 706//706 686//686
f 682//682 706//706 684//684
f 682//682 678//678 676//676
f 682//682 676//676 706//706
f 681//681 705//705 688//688
f 623//623 619//619 723//723
f 687//687 2110//2110 707//707
f 707//707 615//615 616//616
f 615//615 620//620 717//717
f 615//615 717//717 718//718
f 508//508 700//700 708//708
f 702//702 709//709 710//710
f 710//710 711//711 518//518
f 711//711 376//376 518//518
f 712//712 660//660 778//778
f 712//712 778//778 529//529
f 711//711 713//713 376//376
f 713//713 381//381 376//376
f 624//624 714//714 374//374
f 624//624 374//374 381//381
f 714//714 720//720 529//529
f 714//714 529//529 374//374
f 720//720 712//712 529//529
f 704//704 681//681 715//715
f 377//377 702//702 710//710
f 2138//2138 2110//2110 687//687
f 707//707 614//614 620//620
f 707//707 620//620 615//615
f 688//688 716//716 715//715
f 716//716 616//616 621//621
f 618//618 612//612 617//617
f 618//618 617//617 622//622
f 718//718 713//713 621//621
f 726//726 723//723 614//614
f 726//726 614//614 609//609
f 718//718 717//717 624//624
f 724//724 613//613 726//726
f 726//726 609//609 1972//1972
f 714//714 719//719 623//623
f 606//606 612//612 724//724
f 606//606 724//724 725//725
f 2107//2107 604//604 2148//2148
f 2107//2107 2148//2148 2149//2149
f 722//722 613//613 618//618
f 722//722 618//618 721//721
f 618//618 613//613 724//724
f 618//618 724//724 612//612
f 727//727 725//725 607//607
f 727//727 2148//2148 725//725
f 2148//2148 604//604 606//606
f 2148//2148 606//606 725//725
f 606//606 728//728 605//605
f 604//604 603//603 728//728
f 604//604 728//728 606//606
f 728//728 729//729 656//656
f 728//728 656//656 605//605
f 603//603 653//653 729//729
f 603//603 729//729 728//728
f 2164//2164 727//727 607//607
f 2164//2164 607//607 608//608
f 628//628 730//730 732//732
f 628//628 732//732 731//731
f 731//731 732//732 734//734
f 732//732 730//730 693//693
f 733//733 693//693 730//730
f 697//697 772//772 733//733
f 691//691 692//692 2177//2177
f 691//691 588//588 576//576
f 691//691 576//576 692//692
f 838//838 842//842 588//588
f 736//736 777//777 592//592
f 753//753 739//739 738//738
f 753//753 738//738 737//737
f 739//739 747//747 738//738
f 737//737 738//738 763//763
f 737//737 763//763 762//762
f 738//738 747//747 761//761
f 738//738 761//761 763//763
f 747//747 743//743 760//760
f 747//747 760//760 761//761
f 743//743 742//742 759//759
f 2201//2201 753//753 737//737
f 2201//2201 737//737 2200//2200
f 2200//2200 737//737 762//762
f 2200//2200 762//762 2199//2199
f 758//758 757//757 746//746
f 758//758 746//746 2196//2196
f 757//757 744//744 746//746
f 756//756 341//341 742//742
f 756//756 742//742 743//743
f 756//756 743//743 739//739
f 665//665 754//754 667//667
f 744//744 741//741 740//740
f 741//741 744//744 745//745
f 748//748 740//740 749//749
f 755//755 756//756 741//741
f 755//755 741//741 752//752
f 741//741 756//756 740//740
f 750//750 755//755 752//752
f 750//750 752//752 751//751
f 337//337 754//754 665//665
f 2195//2195 748//748 753//753
f 2195//2195 753//753 2201//2201
f 748//748 749//749 739//739
f 748//748 739//739 753//753
f 2195//2195 2196//2196 748//748
f 2196//2196 746//746 748//748
f 746//746 744//744 740//740
f 746//746 740//740 748//748
f 754//754 745//745 667//667
f 752//752 741//741 745//745
f 752//752 745//745 754//754
f 751//751 752//752 754//754
f 756//756 739//739 749//749
f 764//764 735//735 690//690
f 817//817 764//764 816//816
f 672//672 767//767 2211//2211
f 672//672 673//673 669//669
f 672//672 669//669 767//767
f 673//673 765//765 668//668
f 673//673 668//668 669//669
f 765//765 666//666 668//668
f 769//769 645//645 599//599
f 771//771 594//594 626//626
f 2211//2211 767//767 757//757
f 767//767 745//745 757//757
f 767//767 669//669 745//745
f 669//669 668//668 667//667
f 668//668 666//666 665//665
f 668//668 665//665 667//667
f 666//666 664//664 665//665
f 768//768 769//769 663//663
f 599//599 594//594 775//775
f 2092//2092 770//770 2205//2205
f 630//630 2117//2117 629//629
f 628//628 2053//2053 774//774
f 584//584 628//628 774//774
f 740//740 756//756 749//749
f 431//431 438//438 437//437
f 430//430 449//449 455//455
f 437//437 474//474 430//430
f 694//694 671//671 670//670
f 634//634 649//649 636//636
f 694//694 649//649 634//634
f 784//784 831//831 835//835
f 700//700 836//836 835//835
f 789//789 963//963 857//857
f 1110//1110 862//862 1075//1075
f 378//378 781//781 805//805
f 781//781 806//806 805//805
f 809//809 782//782 802//802
f 566//566 809//809 806//806
f 809//809 566//566 811//811
f 797//797 507//507 786//786
f 796//796 507//507 797//797
f 784//784 796//796 795//795
f 788//788 808//808 790//790
f 808//808 788//788 810//810
f 787//787 800//800 804//804
f 809//809 802//802 808//808
f 808//808 802//802 790//790
f 790//790 802//802 851//851
f 506//506 799//799 793//793
f 799//799 506//506 801//801
f 785//785 799//799 801//801
f 794//794 796//796 784//784
f 851//851 845//845 790//790
f 788//788 789//789 792//792
f 845//845 856//856 869//869
f 791//791 798//798 866//866
f 798//798 791//791 783//783
f 779//779 795//795 783//783
f 787//787 792//792 868//868
f 853//853 867//867 812//812
f 779//779 822//822 795//795
f 798//798 867//867 866//866
f 787//787 852//852 812//812
f 791//791 854//854 783//783
f 783//783 854//854 779//779
f 789//789 790//790 869//869
f 800//800 787//787 812//812
f 813//813 800//800 812//812
f 867//867 813//813 812//812
f 786//786 501//501 793//793
f 800//800 813//813 803//803
f 794//794 784//784 836//836
f 796//796 797//797 783//783
f 798//798 797//797 786//786
f 783//783 797//797 798//798
f 786//786 793//793 798//798
f 867//867 798//798 799//799
f 793//793 799//799 798//798
f 867//867 799//799 813//813
f 810//810 792//792 787//787
f 810//810 788//788 792//792
f 789//789 788//788 790//790
f 795//795 796//796 783//783
f 538//538 805//805 804//804
f 803//803 804//804 800//800
f 804//804 805//805 810//810
f 804//804 810//810 787//787
f 806//806 781//781 780//780
f 1364//1364 780//780 781//781
f 808//808 810//810 807//807
f 790//790 845//845 869//869
f 782//782 851//851 802//802
f 844//844 845//845 851//851
f 849//849 811//811 815//815
f 807//807 809//809 808//808
f 806//806 809//809 807//807
f 813//813 785//785 803//803
f 809//809 811//811 849//849
f 805//805 806//806 807//807
f 566//566 806//806 780//780
f 807//807 810//810 805//805
f 787//787 868//868 852//852
f 813//813 799//799 785//785
f 843//843 576//576 840//840
f 843//843 847//847 817//817
f 840//840 847//847 843//843
f 850//850 847//847 846//846
f 818//818 851//851 782//782
f 818//818 782//782 849//849
f 818//818 849//849 850//850
f 817//817 850//850 764//764
f 815//815 764//764 850//850
f 832//832 826//826 827//827
f 832//832 820//820 826//826
f 827//827 698//698 832//832
f 835//835 832//832 698//698
f 832//832 835//835 831//831
f 825//825 839//839 841//841
f 831//831 784//784 795//795
f 837//837 823//823 847//847
f 819//819 838//838 824//824
f 819//819 824//824 841//841
f 825//825 696//696 826//826
f 825//825 772//772 696//696
f 833//833 834//834 823//823
f 861//861 834//834 833//833
f 834//834 861//861 856//856
f 861//861 833//833 862//862
f 1027//1027 828//828 864//864
f 821//821 864//864 828//828
f 830//830 858//858 829//829
f 839//839 830//830 829//829
f 828//828 830//830 839//839
f 1027//1027 830//830 828//828
f 863//863 848//848 829//829
f 848//848 863//863 1075//1075
f 863//863 829//829 858//858
f 865//865 864//864 821//821
f 779//779 821//821 822//822
f 821//821 779//779 865//865
f 829//829 848//848 819//819
f 829//829 819//819 841//841
f 839//839 829//829 841//841
f 826//826 820//820 825//825
f 825//825 820//820 839//839
f 823//823 844//844 846//846
f 844//844 818//818 846//846
f 835//835 836//836 784//784
f 832//832 822//822 821//821
f 832//832 831//831 822//822
f 828//828 832//832 821//821
f 820//820 832//832 828//828
f 839//839 820//820 828//828
f 848//848 842//842 819//819
f 837//837 862//862 833//833
f 837//837 848//848 862//862
f 833//833 823//823 837//837
f 844//844 823//823 834//834
f 822//822 831//831 795//795
f 588//588 842//842 840//840
f 818//818 850//850 846//846
f 819//819 842//842 838//838
f 840//840 842//842 837//837
f 817//817 816//816 843//843
f 814//814 843//843 816//816
f 817//817 847//847 850//850
f 856//856 845//845 834//834
f 834//834 845//845 844//844
f 809//809 849//849 782//782
f 851//851 818//818 844//844
f 847//847 823//823 846//846
f 842//842 848//848 837//837
f 815//815 850//850 849//849
f 840//840 837//837 847//847
f 862//862 848//848 1075//1075
f 825//825 824//824 772//772
f 825//825 841//841 824//824
f 869//869 963//963 789//789
f 995//995 855//855 971//971
f 923//923 779//779 854//854
f 866//866 867//867 853//853
f 812//812 852//852 855//855
f 854//854 928//928 927//927
f 928//928 854//854 791//791
f 791//791 897//897 928//928
f 812//812 910//910 853//853
f 812//812 855//855 910//910
f 855//855 852//852 971//971
f 897//897 791//791 866//866
f 853//853 903//903 866//866
f 963//963 869//869 856//856
f 789//789 857//857 792//792
f 1110//1110 861//861 862//862
f 779//779 923//923 865//865
f 859//859 858//858 1076//1076
f 1027//1027 1096//1096 830//830
f 1030//1030 865//865 923//923
f 1030//1030 864//864 865//865
f 863//863 858//858 859//859
f 863//863 860//860 1075//1075
f 863//863 859//859 860//860
f 1030//1030 1027//1027 864//864
f 1096//1096 858//858 830//830
f 1096//1096 1076//1076 858//858
f 909//909 910//910 981//981
f 969//969 906//906 912//912
f 875//875 906//906 969//969
f 963//963 1106//1106 961//961
f 977//977 980//980 972//972
f 981//981 910//910 855//855
f 985//985 929//929 871//871
f 1066//1066 1092//1092 1080//1080
f 1063//1063 1121//1121 1118//1118
f 1158//1158 1026//1026 1113//1113
f 859//859 1125//1125 860//860
f 1142//1142 1143//1143 1141//1141
f 1145//1145 1142//1142 1144//1144
f 1137//1137 1117//1117 1138//1138
f 908//908 874//874 909//909
f 879//879 882//882 945//945
f 917//917 879//879 948//948
f 945//945 882//882 952//952
f 952//952 970//970 945//945
f 955//955 884//884 885//885
f 955//955 957//957 874//874
f 957//957 904//904 874//874
f 889//889 905//905 853//853
f 889//889 874//874 904//904
f 889//889 904//904 905//905
f 902//902 904//904 957//957
f 903//903 902//902 900//900
f 903//903 900//900 901//901
f 902//902 899//899 900//900
f 902//902 957//957 898//898
f 902//902 898//898 899//899
f 901//901 900//900 896//896
f 901//901 896//896 897//897
f 900//900 899//899 896//896
f 897//897 892//892 932//932
f 897//897 895//895 892//892
f 897//897 896//896 895//895
f 896//896 899//899 894//894
f 896//896 894//894 895//895
f 899//899 898//898 893//893
f 899//899 893//893 894//894
f 898//898 886//886 958//958
f 898//898 958//958 893//893
f 892//892 895//895 891//891
f 895//895 894//894 890//890
f 895//895 890//890 891//891
f 894//894 893//893 915//915
f 894//894 915//915 890//890
f 893//893 958//958 959//959
f 893//893 959//959 915//915
f 932//932 892//892 922//922
f 892//892 891//891 876//876
f 892//892 876//876 922//922
f 891//891 890//890 921//921
f 891//891 921//921 876//876
f 910//910 909//909 889//889
f 910//910 889//889 853//853
f 874//874 889//889 909//909
f 955//955 951//951 884//884
f 951//951 940//940 884//884
f 954//954 953//953 878//878
f 953//953 887//887 878//878
f 954//954 959//959 958//958
f 954//954 958//958 953//953
f 953//953 958//958 886//886
f 885//885 957//957 955//955
f 885//885 884//884 883//883
f 884//884 941//941 883//883
f 884//884 940//940 941//941
f 883//883 881//881 887//887
f 883//883 941//941 942//942
f 883//883 942//942 881//881
f 941//941 880//880 942//942
f 940//940 934//934 880//880
f 887//887 881//881 878//878
f 881//881 942//942 943//943
f 880//880 934//934 935//935
f 879//879 917//917 935//935
f 878//878 881//881 877//877
f 881//881 943//943 877//877
f 935//935 936//936 916//916
f 935//935 917//917 936//936
f 876//876 924//924 922//922
f 876//876 921//921 924//924
f 1160//1160 956//956 920//920
f 1160//1160 920//920 926//926
f 920//920 877//877 870//870
f 920//920 870//870 926//926
f 877//877 944//944 870//870
f 925//925 918//918 960//960
f 918//918 956//956 1160//1160
f 918//918 1160//1160 960//960
f 917//917 948//948 946//946
f 950//950 949//949 907//907
f 890//890 915//915 925//925
f 890//890 925//925 921//921
f 915//915 959//959 918//918
f 915//915 918//918 925//925
f 956//956 954//954 878//878
f 956//956 878//878 920//920
f 956//956 918//918 959//959
f 956//956 959//959 954//954
f 878//878 877//877 920//920
f 877//877 943//943 944//944
f 916//916 936//936 937//937
f 916//916 937//937 938//938
f 936//936 917//917 919//919
f 854//854 927//927 923//923
f 928//928 932//932 927//927
f 913//913 969//969 912//912
f 903//903 901//901 866//866
f 866//866 901//901 897//897
f 897//897 932//932 928//928
f 933//933 952//952 882//882
f 919//919 946//946 947//947
f 919//919 947//947 931//931
f 917//917 946//946 919//919
f 951//951 952//952 933//933
f 882//882 879//879 934//934
f 934//934 879//879 935//935
f 939//939 906//906 875//875
f 937//937 919//919 931//931
f 936//936 919//919 937//937
f 951//951 933//933 940//940
f 940//940 933//933 882//882
f 940//940 882//882 934//934
f 937//937 931//931 938//938
f 941//941 940//940 880//880
f 880//880 935//935 916//916
f 944//944 938//938 1159//1159
f 916//916 938//938 944//944
f 908//908 906//906 874//874
f 942//942 880//880 943//943
f 943//943 880//880 916//916
f 944//944 1159//1159 870//870
f 943//943 916//916 944//944
f 879//879 998//998 948//948
f 945//945 998//998 879//879
f 946//946 907//907 949//949
f 946//946 949//949 947//947
f 948//948 907//907 946//946
f 948//948 998//998 907//907
f 945//945 970//970 998//998
f 875//875 929//929 952//952
f 903//903 853//853 905//905
f 903//903 905//905 902//902
f 902//902 905//905 904//904
f 951//951 955//955 939//939
f 951//951 939//939 875//875
f 951//951 875//875 952//952
f 953//953 886//886 887//887
f 886//886 883//883 887//887
f 886//886 885//885 883//883
f 939//939 955//955 874//874
f 957//957 885//885 886//886
f 957//957 886//886 898//898
f 906//906 939//939 874//874
f 974//974 873//873 961//961
f 1111//1111 973//973 974//974
f 1105//1105 974//974 961//961
f 1000//1000 990//990 962//962
f 975//975 962//962 930//930
f 969//969 888//888 968//968
f 873//873 963//963 961//961
f 914//914 996//996 994//994
f 992//992 996//996 914//914
f 929//929 969//969 871//871
f 1002//1002 988//988 1000//1000
f 993//993 914//914 1003//1003
f 966//966 971//971 868//868
f 966//966 965//965 971//971
f 857//857 964//964 966//966
f 963//963 964//964 857//857
f 967//967 965//965 966//966
f 967//967 888//888 965//965
f 994//994 998//998 970//970
f 997//997 998//998 994//994
f 929//929 875//875 969//969
f 970//970 952//952 929//929
f 971//971 965//965 995//995
f 973//973 975//975 873//873
f 973//973 873//873 974//974
f 976//976 1000//1000 962//962
f 976//976 975//975 973//973
f 976//976 962//962 975//975
f 857//857 966//966 868//868
f 1106//1106 963//963 856//856
f 873//873 967//967 964//964
f 975//975 967//967 873//873
f 873//873 964//964 963//963
f 975//975 968//968 967//967
f 930//930 871//871 969//969
f 872//872 930//930 962//962
f 990//990 872//872 962//962
f 1117//1117 976//976 987//987
f 981//981 908//908 909//909
f 977//977 911//911 980//980
f 978//978 981//981 980//980
f 980//980 981//981 972//972
f 913//913 977//977 972//972
f 912//912 906//906 983//983
f 983//983 906//906 978//978
f 979//979 983//983 984//984
f 979//979 984//984 982//982
f 983//983 978//978 911//911
f 984//984 911//911 977//977
f 982//982 984//984 977//977
f 911//911 978//978 980//980
f 978//978 906//906 908//908
f 978//978 908//908 981//981
f 972//972 981//981 995//995
f 984//984 983//983 911//911
f 912//912 983//983 979//979
f 912//912 979//979 982//982
f 888//888 913//913 972//972
f 1003//1003 914//914 985//985
f 999//999 986//986 872//872
f 993//993 1003//1003 999//999
f 986//986 1003//1003 985//985
f 985//985 871//871 986//986
f 986//986 871//871 872//872
f 976//976 1008//1008 987//987
f 976//976 1117//1117 1008//1008
f 990//990 989//989 993//993
f 988//988 1002//1002 1000//1000
f 1001//1001 1002//1002 1000//1000
f 1074//1074 992//992 914//914
f 993//993 999//999 872//872
f 993//993 872//872 990//990
f 993//993 1074//1074 914//914
f 988//988 990//990 1000//1000
f 989//989 1074//1074 993//993
f 992//992 950//950 996//996
f 991//991 950//950 992//992
f 994//994 970//970 985//985
f 914//914 994//994 985//985
f 930//930 969//969 968//968
f 985//985 970//970 929//929
f 969//969 913//913 888//888
f 967//967 966//966 964//964
f 888//888 972//972 965//965
f 965//965 972//972 995//995
f 996//996 997//997 994//994
f 950//950 997//997 996//996
f 872//872 871//871 930//930
f 949//949 950//950 991//991
f 997//997 907//907 998//998
f 950//950 907//907 997//997
f 995//995 981//981 855//855
f 971//971 852//852 868//868
f 1002//1002 1001//1001 1000//1000
f 987//987 1009//1009 1004//1004
f 987//987 1004//1004 1006//1006
f 1005//1005 1016//1016 1008//1008
f 1008//1008 1016//1016 1009//1009
f 1009//1009 1017//1017 1004//1004
f 1004//1004 1017//1017 1011//1011
f 1004//1004 1011//1011 1006//1006
f 1007//1007 1010//1010 1005//1005
f 1005//1005 1010//1010 1016//1016
f 1009//1009 1014//1014 1017//1017
f 1017//1017 1014//1014 1011//1011
f 1011//1011 1014//1014 1012//1012
f 1016//1016 1013//1013 1014//1014
f 1014//1014 1013//1013 1012//1012
f 1009//1009 1016//1016 1014//1014
f 1117//1117 1137//1137 1008//1008
f 1008//1008 1007//1007 1005//1005
f 1148//1148 1010//1010 1007//1007
f 1015//1015 1011//1011 1012//1012
f 1015//1015 1012//1012 1151//1151
f 1010//1010 1150//1150 1019//1019
f 1010//1010 1019//1019 1016//1016
f 1007//1007 1008//1008 1137//1137
f 987//987 1008//1008 1009//1009
f 1013//1013 1016//1016 1019//1019
f 1018//1018 1013//1013 1019//1019
f 1018//1018 1012//1012 1013//1013
f 1154//1154 1151//1151 1012//1012
f 1154//1154 1012//1012 1018//1018
f 1150//1150 1152//1152 1019//1019
f 1018//1018 1019//1019 1020//1020
f 1156//1156 1018//1018 1020//1020
f 1156//1156 1154//1154 1018//1018
f 1152//1152 1021//1021 1019//1019
f 1022//1022 1020//1020 1019//1019
f 1022//1022 1019//1019 1021//1021
f 1023//1023 1156//1156 1020//1020
f 1023//1023 1020//1020 1022//1022
f 857//857 868//868 792//792
f 930//930 968//968 975//975
f 888//888 967//967 968//968
f 913//913 912//912 982//982
f 913//913 982//982 977//977
f 1060//1060 1044//1044 1045//1045
f 1066//1066 1080//1080 1081//1081
f 1057//1057 1080//1080 1092//1092
f 1058//1058 1092//1092 1066//1066
f 1092//1092 1056//1056 1057//1057
f 1029//1029 1095//1095 1094//1094
f 1045//1045 1079//1079 1060//1060
f 1045//1045 1051//1051 1084//1084
f 1052//1052 1044//1044 1076//1076
f 1052//1052 1045//1045 1044//1044
f 1051//1051 1045//1045 1052//1052
f 1100//1100 1051//1051 1097//1097
f 1100//1100 1098//1098 1051//1051
f 1050//1050 1097//1097 1096//1096
f 1050//1050 1096//1096 1077//1077
f 1049//1049 1097//1097 1050//1050
f 1100//1100 1097//1097 1049//1049
f 1048//1048 1050//1050 1077//1077
f 1049//1049 1050//1050 1048//1048
f 1101//1101 1100//1100 1049//1049
f 1048//1048 1077//1077 1078//1078
f 1046//1046 1049//1049 1048//1048
f 1101//1101 1049//1049 1046//1046
f 1047//1047 1048//1048 1078//1078
f 1046//1046 1048//1048 1047//1047
f 1068//1068 1101//1101 1046//1046
f 1042//1042 1041//1041 1101//1101
f 1042//1042 1101//1101 1068//1068
f 924//924 1047//1047 1078//1078
f 1031//1031 1046//1046 1047//1047
f 1031//1031 1047//1047 924//924
f 1044//1044 859//859 1076//1076
f 1088//1088 1084//1084 1040//1040
f 1099//1099 1084//1084 1088//1088
f 1036//1036 1043//1043 1033//1033
f 1041//1041 1042//1042 1043//1043
f 1039//1039 1088//1088 1040//1040
f 1038//1038 1088//1088 1039//1039
f 1085//1085 1099//1099 1088//1088
f 1085//1085 1088//1088 1038//1038
f 1057//1057 1029//1029 1037//1037
f 1035//1035 1039//1039 1036//1036
f 1089//1089 1038//1038 1039//1039
f 1089//1089 1039//1039 1035//1035
f 1034//1034 1085//1085 1038//1038
f 1034//1034 1038//1038 1089//1089
f 1086//1086 1085//1085 1034//1034
f 1080//1080 1057//1057 1037//1037
f 1035//1035 1036//1036 1033//1033
f 1081//1081 1080//1080 1083//1083
f 1090//1090 1035//1035 1033//1033
f 1090//1090 1089//1089 1035//1035
f 922//922 1078//1078 927//927
f 922//922 927//927 932//932
f 924//924 1078//1078 922//922
f 921//921 1031//1031 924//924
f 1094//1094 1095//1095 1079//1079
f 947//947 1091//1091 1082//1082
f 1072//1072 1067//1067 1160//1160
f 1072//1072 1160//1160 926//926
f 870//870 1071//1071 1072//1072
f 870//870 1072//1072 926//926
f 938//938 1087//1087 1069//1069
f 938//938 1069//1069 1159//1159
f 925//925 1068//1068 1031//1031
f 925//925 1031//1031 921//921
f 960//960 1068//1068 925//925
f 1160//1160 1067//1067 960//960
f 1082//1082 1091//1091 1066//1066
f 1082//1082 1066//1066 1081//1081
f 1091//1091 1058//1058 1066//1066
f 1058//1058 1093//1093 1054//1054
f 1068//1068 1046//1046 1031//1031
f 960//960 1042//1042 1068//1068
f 1033//1033 1043//1043 1067//1067
f 1033//1033 1067//1067 1072//1072
f 1042//1042 960//960 1067//1067
f 1042//1042 1067//1067 1043//1043
f 1071//1071 1090//1090 1033//1033
f 1071//1071 1033//1033 1072//1072
f 1087//1087 1065//1065 1069//1069
f 1082//1082 1081//1081 1083//1083
f 1029//1029 1094//1094 1099//1099
f 1037//1037 1029//1029 1099//1099
f 1087//1087 1083//1083 1065//1065
f 1077//1077 1096//1096 1027//1027
f 1077//1077 1027//1027 1030//1030
f 1078//1078 1077//1077 1030//1030
f 927//927 1078//1078 1030//1030
f 927//927 1030//1030 923//923
f 947//947 1082//1082 931//931
f 1080//1080 1037//1037 1086//1086
f 1083//1083 1080//1080 1086//1086
f 931//931 1082//1082 1087//1087
f 1082//1082 1083//1083 1087//1087
f 1037//1037 1099//1099 1085//1085
f 1086//1086 1037//1037 1085//1085
f 1065//1065 1083//1083 1086//1086
f 1094//1094 1079//1079 1084//1084
f 931//931 1087//1087 938//938
f 1065//1065 1086//1086 1034//1034
f 1065//1065 1034//1034 1032//1032
f 1159//1159 1069//1069 1070//1070
f 1069//1069 1065//1065 1032//1032
f 1069//1069 1032//1032 1070//1070
f 1084//1084 1079//1079 1045//1045
f 1032//1032 1034//1034 1089//1089
f 1032//1032 1089//1089 1090//1090
f 1159//1159 1070//1070 1071//1071
f 1159//1159 1071//1071 870//870
f 1070//1070 1032//1032 1090//1090
f 1070//1070 1090//1090 1071//1071
f 1056//1056 1095//1095 1029//1029
f 949//949 1093//1093 1091//1091
f 949//949 1091//1091 947//947
f 1093//1093 1058//1058 1091//1091
f 1056//1056 1029//1029 1057//1057
f 1054//1054 1092//1092 1058//1058
f 1054//1054 1056//1056 1092//1092
f 1132//1132 1093//1093 949//949
f 1052//1052 1076//1076 1096//1096
f 1052//1052 1096//1096 1097//1097
f 1051//1051 1052//1052 1097//1097
f 1051//1051 1098//1098 1040//1040
f 1051//1051 1040//1040 1084//1084
f 1094//1094 1084//1084 1099//1099
f 1036//1036 1041//1041 1043//1043
f 1039//1039 1098//1098 1041//1041
f 1039//1039 1041//1041 1036//1036
f 1040//1040 1098//1098 1039//1039
f 1041//1041 1098//1098 1100//1100
f 1041//1041 1100//1100 1101//1101
f 1105//1105 1113//1113 1102//1102
f 1106//1106 1105//1105 961//961
f 1102//1102 974//974 1105//1105
f 1102//1102 1111//1111 974//974
f 1064//1064 1134//1134 1129//1129
f 1064//1064 988//988 1134//1134
f 1024//1024 1026//1026 1131//1131
f 1024//1024 1129//1129 1026//1026
f 1109//1109 1103//1103 1131//1131
f 1107//1107 1024//1024 1131//1131
f 1107//1107 1055//1055 1025//1025
f 860//860 1053//1053 1110//1110
f 1110//1110 1053//1053 1108//1108
f 1110//1110 1108//1108 861//861
f 861//861 1108//1108 1106//1106
f 861//861 1106//1106 856//856
f 1108//1108 1104//1104 1106//1106
f 1053//1053 1109//1109 1112//1112
f 1108//1108 1112//1112 1104//1104
f 1056//1056 1054//1054 1115//1115
f 1114//1114 1056//1056 1115//1115
f 1103//1103 1055//1055 1107//1107
f 1103//1103 1028//1028 1055//1055
f 1135//1135 989//989 1133//1133
f 1116//1116 1129//1129 1000//1000
f 1158//1158 1113//1113 1104//1104
f 1026//1026 1129//1129 1116//1116
f 1026//1026 1116//1116 1113//1113
f 1113//1113 1116//1116 1111//1111
f 976//976 973//973 1111//1111
f 1111//1111 1116//1116 1117//1117
f 1116//1116 1000//1000 976//976
f 1117//1117 976//976 1111//1111
f 1112//1112 1158//1158 1104//1104
f 1106//1106 1104//1104 1105//1105
f 1105//1105 1104//1104 1113//1113
f 1111//1111 1102//1102 1113//1113
f 1073//1073 1115//1115 1130//1130
f 1024//1024 1064//1064 1129//1129
f 1116//1116 976//976 1117//1117
f 1044//1044 1125//1125 859//859
f 1044//1044 1060//1060 1125//1125
f 1063//1063 1062//1062 1119//1119
f 1120//1120 1124//1124 1061//1061
f 1063//1063 1119//1119 1059//1059
f 1123//1123 1063//1063 1059//1059
f 1127//1127 1061//1061 1059//1059
f 1061//1061 1127//1127 1125//1125
f 1059//1059 1119//1119 1127//1127
f 1118//1118 1126//1126 1062//1062
f 1121//1121 1028//1028 1118//1118
f 1122//1122 1121//1121 1063//1063
f 1121//1121 1120//1120 1028//1028
f 1120//1120 1121//1121 1122//1122
f 1123//1123 1120//1120 1122//1122
f 1124//1124 1120//1120 1123//1123
f 1123//1123 1122//1122 1063//1063
f 1059//1059 1124//1124 1123//1123
f 1063//1063 1118//1118 1062//1062
f 1061//1061 1124//1124 1059//1059
f 1028//1028 1120//1120 1060//1060
f 1060//1060 1120//1120 1061//1061
f 1119//1119 1125//1125 1127//1127
f 1060//1060 1061//1061 1125//1125
f 1060//1060 1079//1079 1028//1028
f 1062//1062 1126//1126 1125//1125
f 1125//1125 1119//1119 1062//1062
f 1118//1118 1028//1028 1126//1126
f 1128//1128 1133//1133 1024//1024
f 1073//1073 989//989 1135//1135
f 1128//1128 1073//1073 1135//1135
f 1025//1025 1073//1073 1128//1128
f 1107//1107 1025//1025 1128//1128
f 1073//1073 1074//1074 989//989
f 1129//1129 988//988 1000//1000
f 1136//1136 1134//1134 1129//1129
f 1134//1134 1136//1136 1129//1129
f 1134//1134 988//988 1129//1129
f 1073//1073 1130//1130 1074//1074
f 1130//1130 992//992 1074//1074
f 1133//1133 989//989 1064//1064
f 1130//1130 1132//1132 991//991
f 1115//1115 1132//1132 1130//1130
f 1054//1054 1132//1132 1115//1115
f 988//988 989//989 990//990
f 1064//1064 989//989 988//988
f 1025//1025 1115//1115 1073//1073
f 1103//1103 1107//1107 1131//1131
f 1109//1109 1158//1158 1112//1112
f 1108//1108 1053//1053 1112//1112
f 1125//1125 1126//1126 1109//1109
f 860//860 1125//1125 1053//1053
f 1125//1125 1109//1109 1053//1053
f 1095//1095 1114//1114 1055//1055
f 1024//1024 1133//1133 1064//1064
f 1024//1024 1107//1107 1128//1128
f 1055//1055 1114//1114 1025//1025
f 1114//1114 1115//1115 1025//1025
f 1130//1130 991//991 992//992
f 1109//1109 1126//1126 1103//1103
f 1132//1132 949//949 991//991
f 1132//1132 1054//1054 1093//1093
f 1095//1095 1056//1056 1114//1114
f 1055//1055 1079//1079 1095//1095
f 1028//1028 1079//1079 1055//1055
f 1103//1103 1126//1126 1028//1028
f 1135//1135 1133//1133 1128//1128
f 1146//1146 1138//1138 1117//1117
f 1146//1146 1117//1117 1006//1006
f 1147//1147 1137//1137 1138//1138
f 1145//1145 1147//1147 1138//1138
f 1149//1149 1142//1142 1146//1146
f 1149//1149 1146//1146 1006//1006
f 1145//1145 1139//1139 1147//1147
f 1143//1143 1142//1142 1149//1149
f 1140//1140 1139//1139 1145//1145
f 1015//1015 1141//1141 1143//1143
f 1140//1140 1145//1145 1144//1144
f 1141//1141 1144//1144 1142//1142
f 1151//1151 1141//1141 1015//1015
f 1150//1150 1139//1139 1140//1140
f 1139//1139 1150//1150 1010//1010
f 1145//1145 1138//1138 1146//1146
f 1145//1145 1146//1146 1142//1142
f 1011//1011 1149//1149 1006//1006
f 1148//1148 1007//1007 1137//1137
f 1147//1147 1148//1148 1137//1137
f 1015//1015 1149//1149 1011//1011
f 1139//1139 1010//1010 1148//1148
f 1139//1139 1148//1148 1147//1147
f 1143//1143 1149//1149 1015//1015
f 1117//1117 987//987 1006//1006
f 1144//1144 1141//1141 1153//1153
f 1141//1141 1151//1151 1153//1153
f 1144//1144 1153//1153 1140//1140
f 1153//1153 1151//1151 1154//1154
f 1140//1140 1152//1152 1150//1150
f 1140//1140 1153//1153 1155//1155
f 1140//1140 1155//1155 1152//1152
f 1153//1153 1154//1154 1156//1156
f 1153//1153 1156//1156 1155//1155
f 1155//1155 1157//1157 1152//1152
f 1155//1155 1156//1156 1157//1157
f 1156//1156 1023//1023 1157//1157
f 1026//1026 1158//1158 1131//1131
f 1109//1109 1131//1131 1158//1158
f 1075//1075 860//860 1110//1110
f 1330//1330 1411//1411 1325//1325
f 1329//1329 1326//1326 1328//1328
f 1317//1317 1316//1316 1322//1322
f 1279//1279 1280//1280 1292//1292
f 1278//1278 1199//1199 1279//1279
f 1295//1295 1274//1274 1304//1304
f 1388//1388 1180//1180 1373//1373
f 1245//1245 1242//1242 1243//1243
f 1246//1246 1242//1242 1245//1245
f 1353//1353 1209//1209 1210//1210
f 1186//1186 1264//1264 1269//1269
f 1181//1181 1182//1182 1183//1183
f 1174//1174 1168//1168 1175//1175
f 1207//1207 1217//1217 1341//1341
f 1393//1393 1398//1398 1394//1394
f 1263//1263 1259//1259 1192//1192
f 1503//1503 1438//1438 1430//1430
f 1430//1430 1418//1418 1417//1417
f 1328//1328 1301//1301 1323//1323
f 1328//1328 1323//1323 1329//1329
f 1328//1328 1365//1365 1301//1301
f 566//566 1400//1400 1330//1330
f 1331//1331 1327//1327 1332//1332
f 1371//1371 1327//1327 1331//1331
f 1330//1330 1325//1325 1324//1324
f 1400//1400 1411//1411 1330//1330
f 1306//1306 1412//1412 1298//1298
f 1325//1325 1411//1411 1412//1412
f 1325//1325 1412//1412 1306//1306
f 1329//1329 1298//1298 1326//1326
f 1412//1412 1332//1332 1327//1327
f 1411//1411 1400//1400 1332//1332
f 1411//1411 1332//1332 1412//1412
f 1298//1298 1412//1412 1326//1326
f 1274//1274 1325//1325 1306//1306
f 1324//1324 1325//1325 1274//1274
f 1329//1329 1323//1323 1299//1299
f 1322//1322 1316//1316 1312//1312
f 1322//1322 1318//1318 1317//1317
f 1322//1322 1319//1319 1318//1318
f 1316//1316 1213//1213 1311//1311
f 1315//1315 1282//1282 1213//1213
f 1315//1315 1213//1213 1316//1316
f 1285//1285 1284//1284 1321//1321
f 1285//1285 1321//1321 1333//1333
f 1333//1333 1321//1321 1314//1314
f 1333//1333 1314//1314 1318//1318
f 1318//1318 1319//1319 1320//1320
f 1314//1314 1317//1317 1318//1318
f 1316//1316 1311//1311 1312//1312
f 1317//1317 1315//1315 1316//1316
f 1314//1314 1315//1315 1317//1317
f 1314//1314 1313//1313 1315//1315
f 1321//1321 1351//1351 1313//1313
f 1321//1321 1313//1313 1314//1314
f 1321//1321 1283//1283 1351//1351
f 1309//1309 1310//1310 444//444
f 1309//1309 1395//1395 544//544
f 1395//1395 1308//1308 1290//1290
f 1309//1309 1308//1308 1395//1395
f 1263//1263 1308//1308 1402//1402
f 1413//1413 1302//1302 1307//1307
f 1272//1272 1414//1414 1413//1413
f 1290//1290 1396//1396 1395//1395
f 1308//1308 1291//1291 1290//1290
f 1263//1263 1291//1291 1308//1308
f 1302//1302 1303//1303 1307//1307
f 1399//1399 1299//1299 1300//1300
f 1305//1305 1299//1299 1399//1399
f 1304//1304 1306//1306 1298//1298
f 1304//1304 1298//1298 1305//1305
f 1274//1274 1306//1306 1304//1304
f 1297//1297 1300//1300 1270//1270
f 1297//1297 1270//1270 1372//1372
f 1399//1399 1300//1300 1297//1297
f 1296//1296 1305//1305 1399//1399
f 1304//1304 1305//1305 1296//1296
f 1274//1274 1295//1295 1273//1273
f 1293//1293 1414//1414 1239//1239
f 1293//1293 1303//1303 1414//1414
f 1301//1301 1303//1303 1293//1293
f 1303//1303 1302//1302 1414//1414
f 1301//1301 1293//1293 1323//1323
f 1300//1300 1294//1294 1241//1241
f 1300//1300 1241//1241 1270//1270
f 1299//1299 1294//1294 1300//1300
f 1305//1305 1329//1329 1299//1299
f 1298//1298 1329//1329 1305//1305
f 1403//1403 1297//1297 1372//1372
f 1295//1295 1304//1304 1405//1405
f 453//453 428//428 1295//1295
f 453//453 1295//1295 573//573
f 1299//1299 1323//1323 1294//1294
f 1294//1294 1293//1293 1239//1239
f 1323//1323 1293//1293 1294//1294
f 1292//1292 1277//1277 1278//1278
f 1292//1292 1278//1278 1279//1279
f 1335//1335 1190//1190 1334//1334
f 1288//1288 1287//1287 1292//1292
f 1288//1288 1292//1292 1280//1280
f 1398//1398 1393//1393 1391//1391
f 1398//1398 1391//1391 1275//1275
f 1191//1191 1390//1390 1391//1391
f 1191//1191 1391//1391 1289//1289
f 1393//1393 1396//1396 1289//1289
f 1393//1393 1289//1289 1391//1391
f 1289//1289 1290//1290 1291//1291
f 1289//1289 1291//1291 1191//1191
f 1396//1396 1290//1290 1289//1289
f 1283//1283 1281//1281 1351//1351
f 1161//1161 1165//1165 1166//1166
f 1164//1164 1334//1334 1338//1338
f 1337//1337 1334//1334 1164//1164
f 1336//1336 1337//1337 1164//1164
f 1284//1284 1283//1283 1321//1321
f 1284//1284 1349//1349 1283//1283
f 1285//1285 1163//1163 1349//1349
f 1285//1285 1349//1349 1284//1284
f 1166//1166 1349//1349 1162//1162
f 1282//1282 1315//1315 1221//1221
f 1315//1315 1313//1313 1221//1221
f 1313//1313 1218//1218 1221//1221
f 1351//1351 1281//1281 1218//1218
f 1351//1351 1218//1218 1313//1313
f 1281//1281 1166//1166 1350//1350
f 1190//1190 1335//1335 1201//1201
f 1279//1279 1199//1199 1200//1200
f 1279//1279 1200//1200 1280//1280
f 1278//1278 1276//1276 1196//1196
f 1278//1278 1196//1196 1199//1199
f 1277//1277 1397//1397 1276//1276
f 1277//1277 1276//1276 1278//1278
f 1276//1276 1275//1275 1189//1189
f 1276//1276 1189//1189 1196//1196
f 1397//1397 1398//1398 1275//1275
f 1397//1397 1275//1275 1276//1276
f 1390//1390 1189//1189 1275//1275
f 1390//1390 1275//1275 1391//1391
f 1273//1273 1324//1324 1274//1274
f 1401//1401 1414//1414 1272//1272
f 1272//1272 1360//1360 1271//1271
f 1264//1264 1186//1186 1271//1271
f 1374//1374 1373//1373 1372//1372
f 1374//1374 1372//1372 1270//1270
f 1188//1188 1380//1380 1384//1384
f 1384//1384 1381//1381 1382//1382
f 1384//1384 1382//1382 1385//1385
f 1384//1384 1380//1380 1381//1381
f 1381//1381 1269//1269 1268//1268
f 1380//1380 1186//1186 1269//1269
f 1385//1385 1185//1185 1173//1173
f 1382//1382 1383//1383 1185//1185
f 1382//1382 1185//1185 1385//1385
f 1268//1268 1249//1249 1382//1382
f 1401//1401 1380//1380 1187//1187
f 1401//1401 1187//1187 1239//1239
f 1239//1239 1414//1414 1401//1401
f 1372//1372 1373//1373 1180//1180
f 1373//1373 1374//1374 1375//1375
f 1268//1268 1266//1266 1267//1267
f 1268//1268 1267//1267 1249//1249
f 1269//1269 1264//1264 1266//1266
f 1514//1514 1265//1265 1420//1420
f 1362//1362 1265//1265 1514//1514
f 1363//1363 1265//1265 1362//1362
f 1179//1179 1255//1255 1254//1254
f 1263//1263 1192//1192 1291//1291
f 1402//1402 1410//1410 1263//1263
f 1262//1262 1406//1406 1410//1410
f 1262//1262 1410//1410 1402//1402
f 1261//1261 1406//1406 1262//1262
f 1261//1261 1257//1257 1406//1406
f 1407//1407 1257//1257 1261//1261
f 1260//1260 1408//1408 1407//1407
f 435//435 1409//1409 1408//1408
f 435//435 1408//1408 1260//1260
f 1259//1259 1367//1367 1342//1342
f 1259//1259 1342//1342 1192//1192
f 1366//1366 1387//1387 1367//1367
f 1368//1368 1252//1252 1366//1366
f 1369//1369 1251//1251 1252//1252
f 1369//1369 1252//1252 1368//1368
f 1370//1370 1250//1250 1251//1251
f 1370//1370 1251//1251 1369//1369
f 1388//1388 1375//1375 1250//1250
f 1388//1388 1250//1250 1370//1370
f 1387//1387 1255//1255 1194//1194
f 1387//1387 1194//1194 1342//1342
f 1387//1387 1254//1254 1255//1255
f 1366//1366 1252//1252 1387//1387
f 1251//1251 1376//1376 1244//1244
f 1251//1251 1244//1244 1252//1252
f 1250//1250 1377//1377 1376//1376
f 1250//1250 1376//1376 1251//1251
f 1375//1375 1377//1377 1250//1250
f 1383//1383 1479//1479 1386//1386
f 1248//1248 1419//1419 1383//1383
f 1386//1386 1174//1174 1175//1175
f 1185//1185 1386//1386 1175//1175
f 1383//1383 1386//1386 1185//1185
f 1249//1249 1248//1248 1383//1383
f 1249//1249 1383//1383 1382//1382
f 1172//1172 1170//1170 1247//1247
f 1171//1171 1168//1168 1169//1169
f 1170//1170 1175//1175 1168//1168
f 1176//1176 1245//1245 1247//1247
f 1176//1176 1247//1247 1171//1171
f 1243//1243 1172//1172 1247//1247
f 1243//1243 1247//1247 1245//1245
f 1245//1245 1176//1176 1377//1377
f 1245//1245 1377//1377 1246//1246
f 1176//1176 1177//1177 1376//1376
f 1176//1176 1376//1376 1377//1377
f 1244//1244 1376//1376 1177//1177
f 1243//1243 1188//1188 1172//1172
f 1242//1242 1240//1240 1188//1188
f 1242//1242 1188//1188 1243//1243
f 1374//1374 1270//1270 1242//1242
f 1374//1374 1242//1242 1246//1246
f 1172//1172 1384//1384 1385//1385
f 1188//1188 1384//1384 1172//1172
f 1240//1240 1187//1187 1188//1188
f 1241//1241 1239//1239 1187//1187
f 1241//1241 1187//1187 1240//1240
f 1294//1294 1239//1239 1241//1241
f 1203//1203 1182//1182 1204//1204
f 1198//1198 1183//1183 1182//1182
f 1198//1198 1182//1182 1203//1203
f 1195//1195 1415//1415 1183//1183
f 1195//1195 1183//1183 1198//1198
f 1182//1182 1206//1206 1204//1204
f 1415//1415 1184//1184 1515//1515
f 1182//1182 1238//1238 1206//1206
f 1182//1182 1181//1181 1238//1238
f 1238//1238 1454//1454 1206//1206
f 1238//1238 1181//1181 1509//1509
f 1184//1184 1255//1255 1179//1179
f 1210//1210 401//401 398//398
f 1210//1210 1236//1236 1237//1237
f 1210//1210 1237//1237 401//401
f 1209//1209 1235//1235 1236//1236
f 1209//1209 1236//1236 1210//1210
f 1227//1227 1228//1228 1235//1235
f 1227//1227 1235//1235 1209//1209
f 1236//1236 1232//1232 1234//1234
f 1236//1236 1234//1234 1237//1237
f 1235//1235 1230//1230 1232//1232
f 1235//1235 1232//1232 1236//1236
f 1228//1228 1229//1229 1230//1230
f 1228//1228 1230//1230 1235//1235
f 1464//1464 1470//1470 1229//1229
f 1464//1464 1229//1229 1228//1228
f 1512//1512 1228//1228 1227//1227
f 1512//1512 1464//1464 1228//1228
f 1513//1513 1205//1205 1455//1455
f 1455//1455 1205//1205 1206//1206
f 1455//1455 1206//1206 1454//1454
f 1213//1213 1282//1282 1212//1212
f 1353//1353 1225//1225 1226//1226
f 1353//1353 1226//1226 1352//1352
f 1211//1211 1354//1354 1225//1225
f 1211//1211 1225//1225 1353//1353
f 1212//1212 1224//1224 1354//1354
f 1212//1212 1354//1354 1211//1211
f 1282//1282 1221//1221 1224//1224
f 1282//1282 1224//1224 1212//1212
f 1226//1226 1355//1355 1223//1223
f 1224//1224 1222//1222 1354//1354
f 1355//1355 1215//1215 1167//1167
f 1355//1355 1167//1167 1223//1223
f 1355//1355 1226//1226 1225//1225
f 1222//1222 1214//1214 1215//1215
f 1224//1224 1220//1220 1222//1222
f 1221//1221 1218//1218 1220//1220
f 1221//1221 1220//1220 1224//1224
f 1219//1219 1220//1220 1217//1217
f 1218//1218 1281//1281 1217//1217
f 1218//1218 1217//1217 1220//1220
f 1357//1357 1214//1214 1222//1222
f 1357//1357 1222//1222 1220//1220
f 1214//1214 1216//1216 1215//1215
f 1219//1219 1207//1207 1208//1208
f 1217//1217 1207//1207 1219//1219
f 1208//1208 1216//1216 1357//1357
f 1208//1208 1357//1357 1219//1219
f 1216//1216 1214//1214 1357//1357
f 1216//1216 1356//1356 1167//1167
f 1216//1216 1167//1167 1215//1215
f 1208//1208 1513//1513 1216//1216
f 1353//1353 1210//1210 398//398
f 1353//1353 398//398 1211//1211
f 1208//1208 1205//1205 1513//1513
f 1207//1207 1204//1204 1206//1206
f 1207//1207 1206//1206 1208//1208
f 1341//1341 1339//1339 1204//1204
f 1341//1341 1204//1204 1207//1207
f 1341//1341 1343//1343 1339//1339
f 1165//1165 1161//1161 1343//1343
f 1208//1208 1206//1206 1205//1205
f 1343//1343 1340//1340 1339//1339
f 1343//1343 1161//1161 1340//1340
f 1340//1340 1201//1201 1344//1344
f 1190//1190 1201//1201 1340//1340
f 1344//1344 1197//1197 1202//1202
f 1344//1344 1201//1201 1345//1345
f 1200//1200 1199//1199 1345//1345
f 1200//1200 1345//1345 1201//1201
f 1202//1202 1198//1198 1203//1203
f 1197//1197 1198//1198 1202//1202
f 1345//1345 1196//1196 1346//1346
f 1199//1199 1196//1196 1345//1345
f 1198//1198 1347//1347 1195//1195
f 1346//1346 1196//1196 1189//1189
f 1346//1346 1189//1189 1348//1348
f 1195//1195 1194//1194 1415//1415
f 1347//1347 1193//1193 1194//1194
f 1347//1347 1194//1194 1195//1195
f 1389//1389 1348//1348 1189//1189
f 1389//1389 1189//1189 1390//1390
f 1194//1194 1255//1255 1415//1415
f 1193//1193 1342//1342 1194//1194
f 1389//1389 1390//1390 1192//1192
f 1389//1389 1192//1192 1342//1342
f 1191//1191 1291//1291 1192//1192
f 1191//1191 1192//1192 1390//1390
f 1271//1271 1401//1401 1272//1272
f 1380//1380 1188//1188 1187//1187
f 1401//1401 1186//1186 1380//1380
f 1401//1401 1271//1271 1186//1186
f 1379//1379 1508//1508 1510//1510
f 1379//1379 1510//1510 1179//1179
f 1181//1181 1515//1515 1509//1509
f 1378//1378 1169//1169 1431//1431
f 1515//1515 1181//1181 1415//1415
f 1181//1181 1183//1183 1415//1415
f 1179//1179 1510//1510 1437//1437
f 1179//1179 1437//1437 1184//1184
f 1404//1404 1409//1409 435//435
f 1254//1254 1379//1379 1179//1179
f 1176//1176 1171//1171 1178//1178
f 1176//1176 1178//1178 1177//1177
f 1378//1378 1379//1379 1253//1253
f 1378//1378 1508//1508 1379//1379
f 1173//1173 1170//1170 1172//1172
f 1170//1170 1168//1168 1171//1171
f 1173//1173 1175//1175 1170//1170
f 1169//1169 1168//1168 1431//1431
f 1166//1166 1162//1162 1161//1161
f 1162//1162 1163//1163 534//534
f 1162//1162 1349//1349 1163//1163
f 1161//1161 1190//1190 1340//1340
f 1335//1335 1334//1334 1288//1288
f 1335//1335 1288//1288 1280//1280
f 1337//1337 1286//1286 1288//1288
f 1337//1337 1288//1288 1334//1334
f 1335//1335 1280//1280 1200//1200
f 1335//1335 1200//1200 1201//1201
f 1338//1338 1162//1162 534//534
f 1338//1338 1161//1161 1162//1162
f 1334//1334 1161//1161 1338//1338
f 1190//1190 1161//1161 1334//1334
f 1339//1339 1202//1202 1203//1203
f 1339//1339 1203//1203 1204//1204
f 1340//1340 1202//1202 1339//1339
f 1165//1165 1350//1350 1166//1166
f 1350//1350 1165//1165 1341//1341
f 1367//1367 1387//1387 1342//1342
f 1165//1165 1343//1343 1341//1341
f 1340//1340 1344//1344 1202//1202
f 1344//1344 1345//1345 1197//1197
f 1345//1345 1346//1346 1197//1197
f 1198//1198 1197//1197 1347//1347
f 1346//1346 1348//1348 1347//1347
f 1346//1346 1347//1347 1197//1197
f 1348//1348 1389//1389 1193//1193
f 1348//1348 1193//1193 1347//1347
f 1389//1389 1342//1342 1193//1193
f 1217//1217 1350//1350 1341//1341
f 1166//1166 1281//1281 1283//1283
f 1166//1166 1283//1283 1349//1349
f 1350//1350 1217//1217 1281//1281
f 1352//1352 1512//1512 1227//1227
f 1209//1209 1352//1352 1227//1227
f 1353//1353 1352//1352 1209//1209
f 1355//1355 1225//1225 1354//1354
f 1354//1354 1222//1222 1215//1215
f 1215//1215 1355//1355 1354//1354
f 1216//1216 1513//1513 1356//1356
f 1220//1220 1219//1219 1357//1357
f 1232//1232 1359//1359 1234//1234
f 1359//1359 1233//1233 575//575
f 1232//1232 1358//1358 1359//1359
f 1358//1358 1361//1361 1233//1233
f 1358//1358 1233//1233 1359//1359
f 1230//1230 1231//1231 1358//1358
f 1230//1230 1358//1358 1232//1232
f 1231//1231 1361//1361 1358//1358
f 1229//1229 1511//1511 1231//1231
f 1229//1229 1231//1231 1230//1230
f 1470//1470 1511//1511 1229//1229
f 1233//1233 1264//1264 1360//1360
f 1233//1233 1360//1360 575//575
f 1264//1264 1271//1271 1360//1360
f 1361//1361 1264//1264 1233//1233
f 1231//1231 1363//1363 1361//1361
f 1231//1231 1265//1265 1363//1363
f 1511//1511 1265//1265 1231//1231
f 1511//1511 1420//1420 1265//1265
f 1360//1360 1272//1272 575//575
f 1267//1267 1363//1363 1362//1362
f 1266//1266 1361//1361 1363//1363
f 1266//1266 1363//1363 1267//1267
f 1264//1264 1361//1361 1266//1266
f 1371//1371 498//498 1365//1365
f 1331//1331 1332//1332 1364//1364
f 1364//1364 1332//1332 1400//1400
f 1364//1364 1400//1400 780//780
f 780//780 1400//1400 566//566
f 429//429 1413//1413 1307//1307
f 1301//1301 1365//1365 1307//1307
f 1301//1301 1307//1307 1303//1303
f 498//498 429//429 1307//1307
f 498//498 1307//1307 1365//1365
f 1257//1257 1366//1366 1258//1258
f 1258//1258 1367//1367 1259//1259
f 1258//1258 1366//1366 1367//1367
f 1368//1368 1366//1366 1257//1257
f 1256//1256 1370//1370 1369//1369
f 1180//1180 1388//1388 1370//1370
f 1180//1180 1370//1370 1256//1256
f 1328//1328 1371//1371 1365//1365
f 1373//1373 1375//1375 1388//1388
f 1374//1374 1246//1246 1375//1375
f 1252//1252 1253//1253 1254//1254
f 1252//1252 1254//1254 1387//1387
f 1244//1244 1253//1253 1252//1252
f 1375//1375 1246//1246 1377//1377
f 1253//1253 1379//1379 1254//1254
f 1244//1244 1378//1378 1253//1253
f 1244//1244 1178//1178 1378//1378
f 1177//1177 1178//1178 1244//1244
f 1171//1171 1169//1169 1178//1178
f 1247//1247 1170//1170 1171//1171
f 1378//1378 1178//1178 1169//1169
f 1173//1173 1172//1172 1385//1385
f 1173//1173 1185//1185 1175//1175
f 1380//1380 1269//1269 1381//1381
f 1381//1381 1268//1268 1382//1382
f 1383//1383 1419//1419 1479//1479
f 1395//1395 1396//1396 1392//1392
f 1395//1395 1392//1392 544//544
f 1393//1393 1392//1392 1396//1396
f 1413//1413 1414//1414 1302//1302
f 1248//1248 1514//1514 1419//1419
f 1248//1248 1362//1362 1514//1514
f 1249//1249 1267//1267 1362//1362
f 1249//1249 1362//1362 1248//1248
f 1269//1269 1266//1266 1268//1268
f 1309//1309 444//444 1308//1308
f 444//444 1402//1402 1308//1308
f 1403//1403 1372//1372 1404//1404
f 1405//1405 1296//1296 1403//1403
f 1406//1406 1258//1258 1410//1410
f 1406//1406 1257//1257 1258//1258
f 1407//1407 1369//1369 1368//1368
f 1407//1407 1368//1368 1257//1257
f 1408//1408 1256//1256 1369//1369
f 1408//1408 1369//1369 1407//1407
f 1409//1409 1180//1180 1256//1256
f 1409//1409 1256//1256 1408//1408
f 1404//1404 1372//1372 1180//1180
f 1404//1404 1180//1180 1409//1409
f 1410//1410 1259//1259 1263//1263
f 1410//1410 1258//1258 1259//1259
f 1405//1405 1304//1304 1296//1296
f 573//573 1295//1295 1405//1405
f 428//428 1273//1273 1295//1295
f 1403//1403 1399//1399 1297//1297
f 1296//1296 1399//1399 1403//1403
f 1371//1371 1328//1328 1326//1326
f 1371//1371 1326//1326 1327//1327
f 1327//1327 1326//1326 1412//1412
f 1415//1415 1255//1255 1184//1184
f 1515//1515 1184//1184 1437//1437
f 1420//1420 1465//1465 1486//1486
f 1449//1449 1464//1464 1463//1463
f 1449//1449 1463//1463 1416//1416
f 1469//1469 1462//1462 1223//1223
f 1431//1431 1443//1443 1441//1441
f 1431//1431 1441//1441 1378//1378
f 1483//1483 1442//1442 1484//1484
f 1461//1461 1436//1436 1483//1483
f 1495//1495 1493//1493 1446//1446
f 1495//1495 1446//1446 1515//1515
f 1444//1444 1491//1491 1492//1492
f 1427//1427 1489//1489 1426//1426
f 1455//1455 1454//1454 1428//1428
f 1428//1428 1454//1454 1453//1453
f 1480//1480 1445//1445 1481//1481
f 1496//1496 1446//1446 1482//1482
f 1427//1427 1428//1428 1458//1458
f 1485//1485 1460//1460 1457//1457
f 1485//1485 1457//1457 1476//1476
f 1423//1423 1450//1450 1448//1448
f 1638//1638 1487//1487 1488//1488
f 1638//1638 1488//1488 1497//1497
f 1498//1498 1427//1427 1458//1458
f 1498//1498 1525//1525 1489//1489
f 1498//1498 1489//1489 1427//1427
f 1477//1477 1476//1476 1457//1457
f 1439//1439 1484//1484 1442//1442
f 1504//1504 1435//1435 1429//1429
f 1523//1523 1516//1516 1483//1483
f 1523//1523 1483//1483 1484//1484
f 1516//1516 1499//1499 1483//1483
f 1650//1650 1649//1649 1484//1484
f 1650//1650 1484//1484 1439//1439
f 1523//1523 1484//1484 1649//1649
f 1500//1500 1501//1501 1496//1496
f 1500//1500 1496//1496 1482//1482
f 1502//1502 1456//1456 1481//1481
f 1455//1455 1432//1432 1513//1513
f 1238//1238 1453//1453 1454//1454
f 1509//1509 1453//1453 1238//1238
f 1488//1488 1487//1487 1425//1425
f 1466//1466 1462//1462 1433//1433
f 1486//1486 1475//1475 1460//1460
f 1486//1486 1460//1460 1485//1485
f 1447//1447 1448//1448 1450//1450
f 1447//1447 1450//1450 1449//1449
f 1447//1447 1466//1466 1492//1492
f 1447//1447 1492//1492 1448//1448
f 1433//1433 1444//1444 1492//1492
f 1433//1433 1492//1492 1466//1466
f 1444//1444 1468//1468 1425//1425
f 1489//1489 1488//1488 1425//1425
f 1455//1455 1427//1427 1426//1426
f 1455//1455 1426//1426 1432//1432
f 1428//1428 1427//1427 1455//1455
f 1453//1453 1480//1480 1428//1428
f 1509//1509 1445//1445 1480//1480
f 1509//1509 1480//1480 1453//1453
f 1509//1509 1446//1446 1445//1445
f 1468//1468 1444//1444 1433//1433
f 1440//1440 1650//1650 1439//1439
f 1430//1430 1504//1504 1503//1503
f 1443//1443 1431//1431 1418//1418
f 1441//1441 1442//1442 1508//1508
f 1441//1441 1508//1508 1378//1378
f 1418//1418 1438//1438 1443//1443
f 1439//1439 1441//1441 1443//1443
f 1439//1439 1443//1443 1438//1438
f 1439//1439 1442//1442 1441//1441
f 1438//1438 1503//1503 1440//1440
f 1438//1438 1440//1440 1439//1439
f 1442//1442 1510//1510 1508//1508
f 1442//1442 1436//1436 1437//1437
f 1442//1442 1437//1437 1510//1510
f 1495//1495 1437//1437 1436//1436
f 1417//1417 1478//1478 1430//1430
f 1434//1434 1435//1435 1478//1478
f 1479//1479 1419//1419 1434//1434
f 1479//1479 1434//1434 1478//1478
f 1468//1468 1433//1433 1462//1462
f 1468//1468 1462//1462 1469//1469
f 1432//1432 1356//1356 1513//1513
f 1168//1168 1418//1418 1431//1431
f 1174//1174 1418//1418 1168//1168
f 1429//1429 1519//1519 1504//1504
f 1458//1458 1428//1428 1480//1480
f 1489//1489 1424//1424 1426//1426
f 1483//1483 1436//1436 1442//1442
f 1223//1223 1462//1462 1226//1226
f 1421//1421 1352//1352 1226//1226
f 1421//1421 1226//1226 1462//1462
f 1416//1416 1352//1352 1421//1421
f 1463//1463 1464//1464 1512//1512
f 1417//1417 1386//1386 1479//1479
f 1416//1416 1447//1447 1449//1449
f 1416//1416 1421//1421 1466//1466
f 1462//1462 1466//1466 1421//1421
f 1416//1416 1463//1463 1512//1512
f 1416//1416 1512//1512 1352//1352
f 1416//1416 1466//1466 1447//1447
f 1467//1467 1469//1469 1223//1223
f 1467//1467 1223//1223 1167//1167
f 1467//1467 1432//1432 1424//1424
f 1467//1467 1167//1167 1356//1356
f 1467//1467 1356//1356 1432//1432
f 1424//1424 1468//1468 1469//1469
f 1424//1424 1469//1469 1467//1467
f 1490//1490 1423//1423 1448//1448
f 1490//1490 1448//1448 1491//1491
f 1490//1490 1422//1422 1423//1423
f 1492//1492 1491//1491 1448//1448
f 1470//1470 1465//1465 1511//1511
f 1464//1464 1471//1471 1470//1470
f 1471//1471 1465//1465 1470//1470
f 1449//1449 1471//1471 1464//1464
f 1471//1471 1451//1451 1465//1465
f 1449//1449 1472//1472 1471//1471
f 1472//1472 1451//1451 1471//1471
f 1450//1450 1473//1473 1472//1472
f 1450//1450 1472//1472 1449//1449
f 1473//1473 1452//1452 1451//1451
f 1473//1473 1451//1451 1472//1472
f 1450//1450 1474//1474 1473//1473
f 1474//1474 1459//1459 1452//1452
f 1474//1474 1452//1452 1473//1473
f 1423//1423 1474//1474 1450//1450
f 1422//1422 1474//1474 1423//1423
f 1422//1422 1505//1505 1459//1459
f 1422//1422 1459//1459 1474//1474
f 1465//1465 1420//1420 1511//1511
f 1465//1465 1475//1475 1486//1486
f 1451//1451 1475//1475 1465//1465
f 1452//1452 1460//1460 1475//1475
f 1452//1452 1475//1475 1451//1451
f 1459//1459 1460//1460 1452//1452
f 1459//1459 1457//1457 1460//1460
f 1505//1505 1457//1457 1459//1459
f 1505//1505 1477//1477 1457//1457
f 1504//1504 1430//1430 1435//1435
f 1435//1435 1430//1430 1478//1478
f 1417//1417 1479//1479 1478//1478
f 1430//1430 1438//1438 1418//1418
f 1417//1417 1418//1418 1174//1174
f 1417//1417 1174//1174 1386//1386
f 1480//1480 1456//1456 1458//1458
f 1480//1480 1481//1481 1456//1456
f 1482//1482 1494//1494 1507//1507
f 1499//1499 1461//1461 1483//1483
f 1429//1429 1506//1506 1518//1518
f 1506//1506 1429//1429 1477//1477
f 1506//1506 1477//1477 1517//1517
f 1429//1429 1476//1476 1477//1477
f 1435//1435 1476//1476 1429//1429
f 1434//1434 1485//1485 1476//1476
f 1434//1434 1476//1476 1435//1435
f 1434//1434 1486//1486 1485//1485
f 1419//1419 1486//1486 1434//1434
f 1419//1419 1514//1514 1486//1486
f 1514//1514 1420//1420 1486//1486
f 1487//1487 1444//1444 1425//1425
f 1468//1468 1424//1424 1425//1425
f 1638//1638 1490//1490 1487//1487
f 1487//1487 1491//1491 1444//1444
f 1487//1487 1490//1490 1491//1491
f 1497//1497 1488//1488 1489//1489
f 1497//1497 1489//1489 1525//1525
f 1489//1489 1425//1425 1424//1424
f 1432//1432 1426//1426 1424//1424
f 1494//1494 1482//1482 1446//1446
f 1494//1494 1446//1446 1493//1493
f 1495//1495 1461//1461 1493//1493
f 1507//1507 1500//1500 1482//1482
f 1494//1494 1499//1499 1507//1507
f 1494//1494 1493//1493 1461//1461
f 1515//1515 1437//1437 1495//1495
f 1495//1495 1436//1436 1461//1461
f 1494//1494 1461//1461 1499//1499
f 1446//1446 1509//1509 1515//1515
f 1496//1496 1481//1481 1445//1445
f 1496//1496 1445//1445 1446//1446
f 1501//1501 1502//1502 1481//1481
f 1501//1501 1481//1481 1496//1496
f 1651//1651 1638//1638 1497//1497
f 1651//1651 1497//1497 1527//1527
f 1497//1497 1654//1654 1527//1527
f 1498//1498 1458//1458 1647//1647
f 1498//1498 1647//1647 1526//1526
f 1458//1458 1456//1456 1646//1646
f 1458//1458 1646//1646 1647//1647
f 1498//1498 1526//1526 1525//1525
f 1516//1516 1524//1524 1499//1499
f 1502//1502 1646//1646 1456//1456
f 1440//1440 1521//1521 1650//1650
f 1503//1503 1520//1520 1521//1521
f 1503//1503 1521//1521 1440//1440
f 1504//1504 1519//1519 1520//1520
f 1504//1504 1520//1520 1503//1503
f 1429//1429 1518//1518 1519//1519
f 1517//1517 1477//1477 1505//1505
f 1497//1497 1525//1525 1654//1654
f 1507//1507 1640//1640 1500//1500
f 1499//1499 1524//1524 1640//1640
f 1499//1499 1640//1640 1507//1507
f 1270//1270 1241//1241 1240//1240
f 1270//1270 1240//1240 1242//1242
f 1643//1643 1590//1590 1642//1642
f 1639//1639 1570//1570 1534//1534
f 1568//1568 1622//1622 1641//1641
f 1665//1665 1747//1747 1740//1740
f 1667//1667 1538//1538 1550//1550
f 1667//1667 1550//1550 1604//1604
f 1583//1583 1578//1578 1589//1589
f 1589//1589 1578//1578 1576//1576
f 1565//1565 1569//1569 1570//1570
f 1569//1569 1565//1565 1596//1596
f 1565//1565 1524//1524 1648//1648
f 1596//1596 1592//1592 1593//1593
f 1593//1593 1592//1592 1571//1571
f 1593//1593 1571//1571 1572//1572
f 1572//1572 1571//1571 1583//1583
f 1547//1547 1817//1817 1758//1758
f 1544//1544 1669//1669 1632//1632
f 1544//1544 1673//1673 1865//1865
f 1544//1544 1865//1865 1669//1669
f 1673//1673 1544//1544 1538//1538
f 1538//1538 1631//1631 1670//1670
f 1542//1542 1585//1585 1564//1564
f 1585//1585 1659//1659 1564//1564
f 1659//1659 1546//1546 1760//1760
f 1546//1546 1664//1664 1760//1760
f 1562//1562 1661//1661 1660//1660
f 1541//1541 1563//1563 1661//1661
f 1541//1541 1661//1661 1562//1562
f 1563//1563 1559//1559 1662//1662
f 1563//1563 1662//1662 1661//1661
f 1665//1665 1540//1540 1666//1666
f 1561//1561 1540//1540 1665//1665
f 1666//1666 1562//1562 1660//1660
f 1540//1540 1562//1562 1666//1666
f 1540//1540 1541//1541 1562//1562
f 1539//1539 1631//1631 1553//1553
f 1670//1670 1631//1631 1539//1539
f 1671//1671 1665//1665 1738//1738
f 1671//1671 1561//1561 1665//1665
f 1539//1539 1561//1561 1671//1671
f 1555//1555 1602//1602 1541//1541
f 1559//1559 1557//1557 1560//1560
f 1560//1560 1584//1584 1543//1543
f 1584//1584 1542//1542 1543//1543
f 1655//1655 1658//1658 1543//1543
f 1615//1615 1573//1573 1597//1597
f 1615//1615 1597//1597 1602//1602
f 1597//1597 1573//1573 1558//1558
f 1557//1557 1594//1594 1584//1584
f 1659//1659 1548//1548 1546//1546
f 1546//1546 1630//1630 1664//1664
f 1548//1548 1630//1630 1546//1546
f 1584//1584 1594//1594 1545//1545
f 1551//1551 1629//1629 1668//1668
f 1547//1547 1600//1600 1551//1551
f 1655//1655 1542//1542 1564//1564
f 1543//1543 1542//1542 1655//1655
f 1560//1560 1663//1663 1662//1662
f 1560//1560 1662//1662 1559//1559
f 1543//1543 1663//1663 1560//1560
f 1563//1563 1597//1597 1559//1559
f 1541//1541 1597//1597 1563//1563
f 1540//1540 1555//1555 1541//1541
f 1561//1561 1603//1603 1555//1555
f 1561//1561 1555//1555 1540//1540
f 1561//1561 1553//1553 1603//1603
f 1539//1539 1553//1553 1561//1561
f 1536//1536 1590//1590 1643//1643
f 1644//1644 1645//1645 1501//1501
f 1644//1644 1501//1501 1500//1500
f 1535//1535 1646//1646 1502//1502
f 1644//1644 1500//1500 1640//1640
f 1524//1524 1516//1516 1648//1648
f 1648//1648 1516//1516 1523//1523
f 1648//1648 1523//1523 1533//1533
f 1533//1533 1649//1649 1532//1532
f 1638//1638 1651//1651 1531//1531
f 1638//1638 1531//1531 1490//1490
f 1526//1526 1654//1654 1525//1525
f 1642//1642 1650//1650 1521//1521
f 1585//1585 1548//1548 1659//1659
f 1542//1542 1545//1545 1585//1585
f 1584//1584 1545//1545 1542//1542
f 1560//1560 1557//1557 1584//1584
f 1602//1602 1597//1597 1541//1541
f 1587//1587 1577//1577 1575//1575
f 1587//1587 1575//1575 1588//1588
f 1586//1586 1579//1579 1577//1577
f 1586//1586 1577//1577 1587//1587
f 1582//1582 1579//1579 1586//1586
f 1594//1594 1572//1572 1582//1582
f 1593//1593 1572//1572 1594//1594
f 1573//1573 1615//1615 1569//1569
f 1591//1591 1536//1536 1537//1537
f 1590//1590 1536//1536 1591//1591
f 1592//1592 1533//1533 1532//1532
f 1531//1531 1652//1652 1490//1490
f 1652//1652 1422//1422 1490//1490
f 1652//1652 1599//1599 1422//1422
f 1599//1599 1620//1620 1505//1505
f 1599//1599 1505//1505 1422//1422
f 1620//1620 1653//1653 1505//1505
f 1598//1598 1601//1601 1549//1549
f 1598//1598 1633//1633 1601//1601
f 1633//1633 1614//1614 1601//1601
f 1600//1600 1614//1614 1633//1633
f 1630//1630 1634//1634 1600//1600
f 1548//1548 1587//1587 1588//1588
f 1587//1587 1548//1548 1585//1585
f 1558//1558 1557//1557 1559//1559
f 1558//1558 1559//1559 1597//1597
f 1555//1555 1556//1556 1602//1602
f 1556//1556 1615//1615 1602//1602
f 1603//1603 1556//1556 1555//1555
f 1603//1603 1554//1554 1556//1556
f 1553//1553 1566//1566 1554//1554
f 1553//1553 1554//1554 1603//1603
f 1631//1631 1552//1552 1553//1553
f 1552//1552 1566//1566 1553//1553
f 1631//1631 1667//1667 1552//1552
f 1667//1667 1631//1631 1538//1538
f 1667//1667 1604//1604 1623//1623
f 1617//1617 1624//1624 1605//1605
f 1624//1624 1623//1623 1625//1625
f 1528//1528 1606//1606 1624//1624
f 1667//1667 1623//1623 1606//1606
f 1529//1529 1607//1607 1606//1606
f 1608//1608 1607//1607 1529//1529
f 1608//1608 1566//1566 1607//1607
f 1567//1567 1609//1609 1608//1608
f 1609//1609 1554//1554 1566//1566
f 1609//1609 1566//1566 1608//1608
f 1568//1568 1616//1616 1609//1609
f 1568//1568 1609//1609 1567//1567
f 1616//1616 1554//1554 1609//1609
f 1570//1570 1569//1569 1616//1616
f 1570//1570 1616//1616 1568//1568
f 1596//1596 1595//1595 1573//1573
f 1596//1596 1573//1573 1569//1569
f 1593//1593 1595//1595 1596//1596
f 1583//1583 1582//1582 1572//1572
f 1589//1589 1579//1579 1582//1582
f 1589//1589 1582//1582 1583//1583
f 1589//1589 1576//1576 1577//1577
f 1589//1589 1577//1577 1579//1579
f 1575//1575 1577//1577 1576//1576
f 1575//1575 1576//1576 1574//1574
f 1580//1580 1581//1581 1635//1635
f 1580//1580 1635//1635 1628//1628
f 1610//1610 1581//1581 1580//1580
f 1610//1610 1613//1613 1581//1581
f 1611//1611 1612//1612 1613//1613
f 1611//1611 1613//1613 1610//1610
f 1625//1625 1612//1612 1624//1624
f 1601//1601 1613//1613 1612//1612
f 1601//1601 1612//1612 1549//1549
f 1614//1614 1613//1613 1601//1601
f 1614//1614 1581//1581 1613//1613
f 1600//1600 1581//1581 1614//1614
f 1600//1600 1635//1635 1581//1581
f 1587//1587 1585//1585 1586//1586
f 1586//1586 1585//1585 1545//1545
f 1586//1586 1545//1545 1582//1582
f 1594//1594 1582//1582 1545//1545
f 1593//1593 1594//1594 1557//1557
f 1558//1558 1595//1595 1593//1593
f 1558//1558 1593//1593 1557//1557
f 1573//1573 1595//1595 1558//1558
f 1556//1556 1616//1616 1615//1615
f 1616//1616 1569//1569 1615//1615
f 1554//1554 1616//1616 1556//1556
f 1552//1552 1607//1607 1566//1566
f 1605//1605 1626//1626 1617//1617
f 1626//1626 1618//1618 1531//1531
f 1610//1610 1618//1618 1611//1611
f 1618//1618 1619//1619 1531//1531
f 1610//1610 1619//1619 1618//1618
f 1580//1580 1620//1620 1619//1619
f 1580//1580 1619//1619 1610//1610
f 1620//1620 1599//1599 1619//1619
f 1628//1628 1620//1620 1580//1580
f 1574//1574 1576//1576 1591//1591
f 1574//1574 1591//1591 1537//1537
f 1591//1591 1576//1576 1578//1578
f 1591//1591 1578//1578 1590//1590
f 1578//1578 1583//1583 1522//1522
f 1578//1578 1522//1522 1590//1590
f 1571//1571 1532//1532 1522//1522
f 1571//1571 1522//1522 1583//1583
f 1532//1532 1571//1571 1592//1592
f 1592//1592 1596//1596 1533//1533
f 1648//1648 1533//1533 1596//1596
f 1648//1648 1596//1596 1565//1565
f 1606//1606 1528//1528 1529//1529
f 1529//1529 1530//1530 1608//1608
f 1608//1608 1621//1621 1567//1567
f 1608//1608 1530//1530 1621//1621
f 1567//1567 1621//1621 1622//1622
f 1567//1567 1622//1622 1568//1568
f 1621//1621 1535//1535 1622//1622
f 1568//1568 1641//1641 1534//1534
f 1568//1568 1534//1534 1570//1570
f 1624//1624 1606//1606 1623//1623
f 1607//1607 1552//1552 1667//1667
f 1607//1607 1667//1667 1606//1606
f 1605//1605 1624//1624 1612//1612
f 1670//1670 1672//1672 1538//1538
f 1528//1528 1624//1624 1617//1617
f 1673//1673 1538//1538 1672//1672
f 1605//1605 1611//1611 1618//1618
f 1605//1605 1618//1618 1626//1626
f 1625//1625 1549//1549 1612//1612
f 1605//1605 1612//1612 1611//1611
f 1634//1634 1635//1635 1600//1600
f 1627//1627 1653//1653 1620//1620
f 1517//1517 1505//1505 1653//1653
f 1628//1628 1627//1627 1620//1620
f 1547//1547 1551//1551 1817//1817
f 1600//1600 1547//1547 1630//1630
f 1630//1630 1547//1547 1664//1664
f 1664//1664 1547//1547 1758//1758
f 1544//1544 1550//1550 1538//1538
f 1550//1550 1544//1544 1632//1632
f 1551//1551 1633//1633 1629//1629
f 1588//1588 1635//1635 1634//1634
f 1575//1575 1635//1635 1588//1588
f 1574//1574 1636//1636 1635//1635
f 1574//1574 1635//1635 1575//1575
f 1636//1636 1628//1628 1635//1635
f 1537//1537 1627//1627 1636//1636
f 1537//1537 1636//1636 1574//1574
f 1627//1627 1628//1628 1636//1636
f 1537//1537 1637//1637 1627//1627
f 1637//1637 1653//1653 1627//1627
f 1537//1537 1518//1518 1506//1506
f 1537//1537 1506//1506 1637//1637
f 1637//1637 1506//1506 1517//1517
f 1630//1630 1548//1548 1588//1588
f 1630//1630 1588//1588 1634//1634
f 1623//1623 1604//1604 1625//1625
f 1626//1626 1527//1527 1617//1617
f 1639//1639 1565//1565 1570//1570
f 1639//1639 1524//1524 1565//1565
f 1645//1645 1535//1535 1502//1502
f 1645//1645 1502//1502 1501//1501
f 1641//1641 1622//1622 1535//1535
f 1642//1642 1521//1521 1520//1520
f 1642//1642 1520//1520 1643//1643
f 1536//1536 1643//1643 1520//1520
f 1536//1536 1520//1520 1519//1519
f 1536//1536 1519//1519 1518//1518
f 1536//1536 1518//1518 1537//1537
f 1644//1644 1534//1534 1641//1641
f 1644//1644 1641//1641 1645//1645
f 1535//1535 1621//1621 1646//1646
f 1646//1646 1621//1621 1530//1530
f 1646//1646 1530//1530 1647//1647
f 1644//1644 1640//1640 1639//1639
f 1644//1644 1639//1639 1534//1534
f 1533//1533 1523//1523 1649//1649
f 1649//1649 1650//1650 1522//1522
f 1649//1649 1522//1522 1532//1532
f 1651//1651 1626//1626 1531//1531
f 1647//1647 1530//1530 1529//1529
f 1647//1647 1529//1529 1526//1526
f 1526//1526 1529//1529 1528//1528
f 1526//1526 1528//1528 1654//1654
f 1642//1642 1590//1590 1522//1522
f 1642//1642 1522//1522 1650//1650
f 1531//1531 1619//1619 1652//1652
f 1637//1637 1517//1517 1653//1653
f 1651//1651 1527//1527 1626//1626
f 1654//1654 1528//1528 1617//1617
f 1654//1654 1617//1617 1527//1527
f 1640//1640 1524//1524 1639//1639
f 1645//1645 1641//1641 1535//1535
f 1564//1564 1762//1762 1799//1799
f 1762//1762 1659//1659 1806//1806
f 1564//1564 1659//1659 1762//1762
f 1659//1659 1760//1760 1806//1806
f 1760//1760 1664//1664 1821//1821
f 1668//1668 1669//1669 1680//1680
f 1668//1668 1680//1680 1679//1679
f 1865//1865 1752//1752 1680//1680
f 1865//1865 1680//1680 1669//1669
f 1660//1660 1661//1661 1750//1750
f 1661//1661 1662//1662 1736//1736
f 1661//1661 1736//1736 1750//1750
f 1665//1665 1666//1666 1747//1747
f 1738//1738 1665//1665 1740//1740
f 1655//1655 1564//1564 1799//1799
f 1658//1658 1657//1657 1543//1543
f 1737//1737 1656//1656 1657//1657
f 1737//1737 1657//1657 1658//1658
f 1656//1656 1736//1736 1662//1662
f 1656//1656 1662//1662 1663//1663
f 1657//1657 1656//1656 1663//1663
f 1657//1657 1663//1663 1543//1543
f 1811//1811 1736//1736 1656//1656
f 1799//1799 1737//1737 1658//1658
f 1799//1799 1658//1658 1655//1655
f 1668//1668 1679//1679 1816//1816
f 1817//1817 1668//1668 1816//1816
f 1817//1817 1816//1816 1818//1818
f 1664//1664 1758//1758 1821//1821
f 1550//1550 1625//1625 1604//1604
f 1550//1550 1549//1549 1625//1625
f 1652//1652 1619//1619 1599//1599
f 1668//1668 1817//1817 1551//1551
f 1669//1669 1629//1629 1632//1632
f 1669//1669 1668//1668 1629//1629
f 1550//1550 1632//1632 1549//1549
f 1549//1549 1632//1632 1598//1598
f 1632//1632 1629//1629 1598//1598
f 1629//1629 1633//1633 1598//1598
f 1551//1551 1600//1600 1633//1633
f 1672//1672 1670//1670 1739//1739
f 1787//1787 1803//1803 1829//1829
f 1765//1765 1752//1752 1753//1753
f 1904//1904 1877//1877 1682//1682
f 1682//1682 1877//1877 1677//1677
f 1821//1821 1759//1759 1861//1861
f 1860//1860 1827//1827 1819//1819
f 1712//1712 1879//1879 1876//1876
f 1739//1739 1539//1539 1671//1671
f 1670//1670 1539//1539 1739//1739
f 1739//1739 1671//1671 1745//1745
f 1769//1769 1796//1796 1766//1766
f 1769//1769 1766//1766 1764//1764
f 1857//1857 1858//1858 1796//1796
f 1857//1857 1796//1796 1769//1769
f 1841//1841 1795//1795 1858//1858
f 1841//1841 1858//1858 1857//1857
f 1841//1841 1775//1775 1794//1794
f 1841//1841 1794//1794 1795//1795
f 1796//1796 1859//1859 1765//1765
f 1796//1796 1765//1765 1766//1766
f 1858//1858 1859//1859 1796//1796
f 1795//1795 1792//1792 1793//1793
f 1795//1795 1793//1793 1858//1858
f 1795//1795 1794//1794 1840//1840
f 1794//1794 1731//1731 1840//1840
f 1859//1859 1791//1791 1755//1755
f 1859//1859 1755//1755 1765//1765
f 1792//1792 1789//1789 1790//1790
f 1792//1792 1790//1790 1793//1793
f 1731//1731 1728//1728 1839//1839
f 1731//1731 1839//1839 1840//1840
f 1791//1791 1822//1822 1755//1755
f 1789//1789 1783//1783 1782//1782
f 1789//1789 1782//1782 1790//1790
f 1839//1839 1784//1784 1783//1783
f 1728//1728 1708//1708 1784//1784
f 1728//1728 1784//1784 1839//1839
f 1802//1802 1722//1722 1702//1702
f 1802//1802 1702//1702 1801//1801
f 1781//1781 1805//1805 1802//1802
f 1781//1781 1802//1802 1801//1801
f 1805//1805 1781//1781 1800//1800
f 1799//1799 1762//1762 1788//1788
f 1799//1799 1788//1788 1800//1800
f 1802//1802 1803//1803 1787//1787
f 1802//1802 1787//1787 1722//1722
f 1861//1861 1761//1761 1821//1821
f 1786//1786 1785//1785 1831//1831
f 1759//1759 1819//1819 1861//1861
f 1834//1834 1837//1837 1785//1785
f 1834//1834 1785//1785 1786//1786
f 1860//1860 1834//1834 1827//1827
f 1838//1838 1784//1784 1833//1833
f 1838//1838 1833//1833 1832//1832
f 1825//1825 1824//1824 1837//1837
f 1754//1754 1862//1862 1757//1757
f 1862//1862 1822//1822 1823//1823
f 1862//1862 1823//1823 1824//1824
f 1822//1822 1754//1754 1755//1755
f 1800//1800 1781//1781 1780//1780
f 1800//1800 1780//1780 1797//1797
f 1798//1798 1780//1780 1781//1781
f 1798//1798 1781//1781 1801//1801
f 1801//1801 1702//1702 1798//1798
f 1702//1702 1703//1703 1798//1798
f 1855//1855 1741//1741 1770//1770
f 1856//1856 1857//1857 1769//1769
f 1742//1742 1777//1777 1768//1768
f 1855//1855 1777//1777 1742//1742
f 1770//1770 1854//1854 1855//1855
f 1779//1779 1841//1841 1857//1857
f 1855//1855 1843//1843 1777//1777
f 1854//1854 1812//1812 1843//1843
f 1854//1854 1843//1843 1855//1855
f 1809//1809 1810//1810 1778//1778
f 1809//1809 1778//1778 1776//1776
f 1776//1776 1778//1778 1780//1780
f 1776//1776 1780//1780 1798//1798
f 1779//1779 1774//1774 1775//1775
f 1779//1779 1775//1775 1841//1841
f 1842//1842 1773//1773 1774//1774
f 1842//1842 1774//1774 1779//1779
f 1772//1772 1773//1773 1842//1842
f 1812//1812 1771//1771 1843//1843
f 1809//1809 1771//1771 1812//1812
f 1843//1843 1707//1707 1772//1772
f 1771//1771 1706//1706 1707//1707
f 1771//1771 1707//1707 1843//1843
f 1808//1808 1704//1704 1705//1705
f 1808//1808 1705//1705 1809//1809
f 1798//1798 1703//1703 1704//1704
f 1798//1798 1704//1704 1808//1808
f 1771//1771 1809//1809 1705//1705
f 1771//1771 1705//1705 1706//1706
f 1746//1746 1856//1856 1769//1769
f 1746//1746 1769//1769 1764//1764
f 1744//1744 1768//1768 1856//1856
f 1744//1744 1856//1856 1746//1746
f 1742//1742 1768//1768 1744//1744
f 1741//1741 1855//1855 1742//1742
f 1800//1800 1797//1797 1737//1737
f 1800//1800 1737//1737 1799//1799
f 1797//1797 1807//1807 1737//1737
f 1797//1797 1767//1767 1811//1811
f 1797//1797 1811//1811 1807//1807
f 1767//1767 1735//1735 1811//1811
f 1764//1764 1766//1766 1753//1753
f 1764//1764 1753//1753 1763//1763
f 1766//1766 1765//1765 1753//1753
f 1765//1765 1755//1755 1680//1680
f 1673//1673 1752//1752 1865//1865
f 1673//1673 1753//1753 1752//1752
f 1753//1753 1673//1673 1672//1672
f 1739//1739 1753//1753 1672//1672
f 1739//1739 1763//1763 1753//1753
f 1806//1806 1760//1760 1761//1761
f 1821//1821 1761//1761 1760//1760
f 1759//1759 1818//1818 1819//1819
f 1758//1758 1817//1817 1818//1818
f 1758//1758 1818//1818 1759//1759
f 1818//1818 1816//1816 1826//1826
f 1679//1679 1820//1820 1756//1756
f 1680//1680 1755//1755 1754//1754
f 1680//1680 1752//1752 1765//1765
f 1741//1741 1748//1748 1770//1770
f 1747//1747 1666//1666 1748//1748
f 1747//1747 1748//1748 1741//1741
f 1748//1748 1660//1660 1749//1749
f 1748//1748 1749//1749 1770//1770
f 1666//1666 1660//1660 1748//1748
f 1738//1738 1743//1743 1745//1745
f 1740//1740 1743//1743 1738//1738
f 1747//1747 1741//1741 1740//1740
f 1745//1745 1746//1746 1764//1764
f 1745//1745 1764//1764 1763//1763
f 1743//1743 1744//1744 1746//1746
f 1743//1743 1746//1746 1745//1745
f 1740//1740 1742//1742 1744//1744
f 1740//1740 1744//1744 1743//1743
f 1741//1741 1742//1742 1740//1740
f 1745//1745 1763//1763 1739//1739
f 1671//1671 1738//1738 1745//1745
f 1807//1807 1811//1811 1656//1656
f 1807//1807 1656//1656 1737//1737
f 1735//1735 1750//1750 1736//1736
f 1735//1735 1736//1736 1811//1811
f 1675//1675 1815//1815 1713//1713
f 1713//1713 1732//1732 1675//1675
f 1732//1732 1674//1674 1675//1675
f 1701//1701 1734//1734 1794//1794
f 1701//1701 1794//1794 1775//1775
f 1693//1693 1733//1733 1734//1734
f 1693//1693 1734//1734 1701//1701
f 1693//1693 1732//1732 1733//1733
f 1674//1674 1732//1732 1693//1693
f 1734//1734 1730//1730 1731//1731
f 1734//1734 1731//1731 1794//1794
f 1733//1733 1729//1729 1730//1730
f 1733//1733 1730//1730 1734//1734
f 1732//1732 1729//1729 1733//1733
f 1732//1732 1713//1713 1729//1729
f 1730//1730 1727//1727 1728//1728
f 1730//1730 1728//1728 1731//1731
f 1729//1729 1726//1726 1727//1727
f 1729//1729 1727//1727 1730//1730
f 1713//1713 1714//1714 1726//1726
f 1713//1713 1726//1726 1729//1729
f 1727//1727 1709//1709 1708//1708
f 1727//1727 1708//1708 1728//1728
f 1726//1726 1709//1709 1727//1727
f 1714//1714 1711//1711 1709//1709
f 1714//1714 1709//1709 1726//1726
f 1689//1689 1724//1724 1725//1725
f 1689//1689 1725//1725 1684//1684
f 1694//1694 1723//1723 1724//1724
f 1694//1694 1724//1724 1689//1689
f 1702//1702 1722//1722 1723//1723
f 1702//1702 1723//1723 1694//1694
f 1725//1725 1721//1721 1873//1873
f 1725//1725 1720//1720 1721//1721
f 1724//1724 1720//1720 1725//1725
f 1724//1724 1719//1719 1720//1720
f 1723//1723 1719//1719 1724//1724
f 1722//1722 1718//1718 1719//1719
f 1722//1722 1719//1719 1723//1723
f 1721//1721 1847//1847 1712//1712
f 1720//1720 1847//1847 1721//1721
f 1719//1719 1717//1717 1847//1847
f 1719//1719 1847//1847 1720//1720
f 1719//1719 1716//1716 1717//1717
f 1718//1718 1715//1715 1716//1716
f 1718//1718 1716//1716 1719//1719
f 1715//1715 1786//1786 1716//1716
f 1711//1711 1714//1714 1678//1678
f 1714//1714 1682//1682 1678//1678
f 1713//1713 1815//1815 1682//1682
f 1713//1713 1682//1682 1714//1714
f 1712//1712 1847//1847 1677//1677
f 1847//1847 1710//1710 1677//1677
f 1710//1710 1678//1678 1677//1677
f 1717//1717 1846//1846 1847//1847
f 1716//1716 1831//1831 1846//1846
f 1716//1716 1846//1846 1717//1717
f 1786//1786 1831//1831 1716//1716
f 1774//1774 1700//1700 1701//1701
f 1774//1774 1701//1701 1775//1775
f 1773//1773 1699//1699 1700//1700
f 1773//1773 1700//1700 1774//1774
f 1772//1772 1698//1698 1699//1699
f 1772//1772 1699//1699 1773//1773
f 1707//1707 1697//1697 1698//1698
f 1707//1707 1698//1698 1772//1772
f 1705//1705 1687//1687 1696//1696
f 1705//1705 1696//1696 1706//1706
f 1704//1704 1695//1695 1687//1687
f 1704//1704 1687//1687 1705//1705
f 1703//1703 1695//1695 1704//1704
f 1702//1702 1694//1694 1703//1703
f 1700//1700 1692//1692 1693//1693
f 1700//1700 1693//1693 1701//1701
f 1699//1699 1848//1848 1692//1692
f 1699//1699 1692//1692 1700//1700
f 1698//1698 1849//1849 1848//1848
f 1698//1698 1848//1848 1699//1699
f 1697//1697 1688//1688 1849//1849
f 1697//1697 1849//1849 1698//1698
f 1687//1687 1688//1688 1696//1696
f 1695//1695 1691//1691 1687//1687
f 1703//1703 1690//1690 1691//1691
f 1703//1703 1691//1691 1695//1695
f 1694//1694 1689//1689 1690//1690
f 1694//1694 1690//1690 1703//1703
f 1692//1692 1676//1676 1674//1674
f 1692//1692 1674//1674 1693//1693
f 1852//1852 1850//1850 1688//1688
f 1687//1687 1686//1686 1852//1852
f 1687//1687 1852//1852 1688//1688
f 1691//1691 1686//1686 1687//1687
f 1689//1689 1684//1684 1690//1690
f 1691//1691 1685//1685 1686//1686
f 1690//1690 1685//1685 1691//1691
f 1686//1686 1864//1864 1853//1853
f 1686//1686 1853//1853 1852//1852
f 1685//1685 1863//1863 1864//1864
f 1685//1685 1864//1864 1686//1686
f 1685//1685 1690//1690 1683//1683
f 1685//1685 1683//1683 1863//1863
f 1684//1684 1683//1683 1690//1690
f 1813//1813 1676//1676 1681//1681
f 1681//1681 1676//1676 1692//1692
f 1681//1681 1692//1692 1848//1848
f 1850//1850 1849//1849 1688//1688
f 1905//1905 1676//1676 1813//1813
f 1684//1684 1868//1868 1683//1683
f 1675//1675 1814//1814 1815//1815
f 1851//1851 1813//1813 1681//1681
f 1851//1851 1681//1681 1850//1850
f 1675//1675 1676//1676 1905//1905
f 1675//1675 1905//1905 1814//1814
f 1684//1684 1725//1725 1873//1873
f 1677//1677 1678//1678 1682//1682
f 1675//1675 1674//1674 1676//1676
f 1805//1805 1804//1804 1802//1802
f 1810//1810 1809//1809 1812//1812
f 1810//1810 1812//1812 1854//1854
f 1761//1761 1861//1861 1828//1828
f 1761//1761 1828//1828 1804//1804
f 1805//1805 1788//1788 1804//1804
f 1800//1800 1788//1788 1805//1805
f 1778//1778 1767//1767 1797//1797
f 1778//1778 1797//1797 1780//1780
f 1810//1810 1767//1767 1778//1778
f 1751//1751 1810//1810 1854//1854
f 1751//1751 1854//1854 1770//1770
f 1751//1751 1770//1770 1749//1749
f 1735//1735 1810//1810 1751//1751
f 1767//1767 1810//1810 1735//1735
f 1750//1750 1751//1751 1749//1749
f 1750//1750 1749//1749 1660//1660
f 1750//1750 1735//1735 1751//1751
f 1806//1806 1788//1788 1762//1762
f 1761//1761 1788//1788 1806//1806
f 1835//1835 1827//1827 1836//1836
f 1802//1802 1804//1804 1803//1803
f 1808//1808 1776//1776 1798//1798
f 1809//1809 1776//1776 1808//1808
f 1853//1853 1907//1907 1900//1900
f 1853//1853 1900//1900 1866//1866
f 1712//1712 1876//1876 1721//1721
f 1904//1904 1682//1682 1906//1906
f 1877//1877 1712//1712 1677//1677
f 1682//1682 1815//1815 1906//1906
f 1853//1853 1864//1864 1907//1907
f 1853//1853 1866//1866 1852//1852
f 1816//1816 1679//1679 1756//1756
f 1816//1816 1756//1756 1757//1757
f 1816//1816 1757//1757 1826//1826
f 1818//1818 1826//1826 1819//1819
f 1820//1820 1679//1679 1680//1680
f 1820//1820 1680//1680 1754//1754
f 1820//1820 1754//1754 1756//1756
f 1756//1756 1754//1754 1757//1757
f 1821//1821 1758//1758 1759//1759
f 1823//1823 1822//1822 1782//1782
f 1823//1823 1782//1782 1783//1783
f 1860//1860 1757//1757 1825//1825
f 1860//1860 1825//1825 1834//1834
f 1837//1837 1838//1838 1832//1832
f 1837//1837 1832//1832 1785//1785
f 1860//1860 1819//1819 1826//1826
f 1761//1761 1804//1804 1788//1788
f 1804//1804 1828//1828 1803//1803
f 1803//1803 1828//1828 1829//1829
f 1861//1861 1819//1819 1828//1828
f 1835//1835 1819//1819 1827//1827
f 1829//1829 1835//1835 1830//1830
f 1829//1829 1830//1830 1787//1787
f 1722//1722 1787//1787 1830//1830
f 1722//1722 1830//1830 1718//1718
f 1830//1830 1836//1836 1715//1715
f 1830//1830 1715//1715 1718//1718
f 1836//1836 1830//1830 1835//1835
f 1836//1836 1786//1786 1715//1715
f 1836//1836 1834//1834 1786//1786
f 1831//1831 1785//1785 1832//1832
f 1831//1831 1832//1832 1845//1845
f 1832//1832 1833//1833 1845//1845
f 1784//1784 1708//1708 1833//1833
f 1825//1825 1837//1837 1834//1834
f 1835//1835 1829//1829 1828//1828
f 1835//1835 1828//1828 1819//1819
f 1834//1834 1836//1836 1827//1827
f 1837//1837 1824//1824 1838//1838
f 1823//1823 1784//1784 1838//1838
f 1823//1823 1838//1838 1824//1824
f 1784//1784 1823//1823 1783//1783
f 1839//1839 1783//1783 1789//1789
f 1840//1840 1839//1839 1789//1789
f 1840//1840 1789//1789 1792//1792
f 1795//1795 1840//1840 1792//1792
f 1777//1777 1772//1772 1842//1842
f 1843//1843 1772//1772 1777//1777
f 1710//1710 1711//1711 1678//1678
f 1844//1844 1709//1709 1711//1711
f 1844//1844 1711//1711 1710//1710
f 1845//1845 1709//1709 1844//1844
f 1845//1845 1833//1833 1708//1708
f 1845//1845 1708//1708 1709//1709
f 1831//1831 1845//1845 1844//1844
f 1831//1831 1844//1844 1846//1846
f 1846//1846 1844//1844 1710//1710
f 1846//1846 1710//1710 1847//1847
f 1850//1850 1681//1681 1848//1848
f 1850//1850 1848//1848 1849//1849
f 1905//1905 1813//1813 1866//1866
f 1866//1866 1813//1813 1851//1851
f 1866//1866 1851//1851 1852//1852
f 1850//1850 1852//1852 1851//1851
f 1697//1697 1696//1696 1688//1688
f 1706//1706 1696//1696 1697//1697
f 1706//1706 1697//1697 1707//1707
f 1858//1858 1793//1793 1859//1859
f 1859//1859 1793//1793 1790//1790
f 1859//1859 1790//1790 1791//1791
f 1791//1791 1790//1790 1782//1782
f 1791//1791 1782//1782 1822//1822
f 1856//1856 1779//1779 1857//1857
f 1768//1768 1842//1842 1779//1779
f 1768//1768 1779//1779 1856//1856
f 1777//1777 1842//1842 1768//1768
f 1860//1860 1826//1826 1757//1757
f 1862//1862 1824//1824 1825//1825
f 1862//1862 1825//1825 1757//1757
f 1862//1862 1754//1754 1822//1822
f 1880//1880 1864//1864 1863//1863
f 1864//1864 1880//1880 1907//1907
f 1863//1863 1683//1683 1868//1868
f 1868//1868 1880//1880 1863//1863
f 1877//1877 1879//1879 1712//1712
f 1879//1879 1902//1902 1939//1939
f 1871//1871 1886//1886 1881//1881
f 1890//1890 1907//1907 1880//1880
f 1901//1901 1891//1891 1911//1911
f 1885//1885 1931//1931 1869//1869
f 1941//1941 1883//1883 1951//1951
f 1964//1964 1902//1902 1903//1903
f 1887//1887 1875//1875 1906//1906
f 1875//1875 1904//1904 1906//1906
f 1869//1869 1879//1879 1885//1885
f 1869//1869 1876//1876 1879//1879
f 1896//1896 1814//1814 1905//1905
f 1879//1879 1903//1903 1902//1902
f 1877//1877 1904//1904 1875//1875
f 1905//1905 1866//1866 1896//1896
f 1887//1887 1903//1903 1875//1875
f 1876//1876 1874//1874 1873//1873
f 1876//1876 1873//1873 1721//1721
f 1877//1877 1875//1875 1903//1903
f 1878//1878 1913//1913 1890//1890
f 1890//1890 1880//1880 1878//1878
f 1873//1873 1878//1878 1868//1868
f 1867//1867 1909//1909 1874//1874
f 1879//1879 1877//1877 1903//1903
f 1874//1874 1869//1869 1867//1867
f 1869//1869 1874//1874 1876//1876
f 1874//1874 1909//1909 1873//1873
f 1873//1873 1868//1868 1684//1684
f 1878//1878 1873//1873 1909//1909
f 1880//1880 1868//1868 1878//1878
f 1870//1870 1941//1941 1951//1951
f 1870//1870 1951//1951 1893//1893
f 1930//1930 1927//1927 1941//1941
f 1941//1941 1942//1942 1883//1883
f 1939//1939 1902//1902 1883//1883
f 1897//1897 1881//1881 1887//1887
f 1881//1881 1884//1884 1887//1887
f 1897//1897 1887//1887 1906//1906
f 1897//1897 1906//1906 1814//1814
f 1893//1893 1951//1951 1872//1872
f 1910//1910 1891//1891 1889//1889
f 1907//1907 1890//1890 1899//1899
f 1930//1930 1941//1941 1870//1870
f 1930//1930 1870//1870 1892//1892
f 1892//1892 1870//1870 1901//1901
f 1870//1870 1893//1893 1898//1898
f 1893//1893 1886//1886 1871//1871
f 1871//1871 1881//1881 1897//1897
f 1871//1871 1897//1897 1894//1894
f 1871//1871 1894//1894 1882//1882
f 1895//1895 1882//1882 1894//1894
f 1894//1894 1896//1896 1895//1895
f 1894//1894 1897//1897 1896//1896
f 1897//1897 1814//1814 1896//1896
f 1895//1895 1896//1896 1889//1889
f 1896//1896 1866//1866 1889//1889
f 1964//1964 1903//1903 1884//1884
f 1882//1882 1898//1898 1871//1871
f 1900//1900 1889//1889 1866//1866
f 1891//1891 1870//1870 1898//1898
f 1891//1891 1898//1898 1882//1882
f 1870//1870 1891//1891 1901//1901
f 1898//1898 1893//1893 1871//1871
f 1910//1910 1889//1889 1900//1900
f 1910//1910 1900//1900 1914//1914
f 1914//1914 1900//1900 1899//1899
f 1900//1900 1907//1907 1899//1899
f 1888//1888 1929//1929 1919//1919
f 1919//1919 1901//1901 1911//1911
f 1931//1931 1885//1885 1927//1927
f 1932//1932 1930//1930 1892//1892
f 1899//1899 1890//1890 1913//1913
f 1911//1911 1891//1891 1910//1910
f 1919//1919 1892//1892 1901//1901
f 1919//1919 1929//1929 1892//1892
f 1879//1879 1939//1939 1885//1885
f 1814//1814 1906//1906 1815//1815
f 1887//1887 1884//1884 1903//1903
f 1867//1867 1869//1869 1888//1888
f 1869//1869 1931//1931 1888//1888
f 1891//1891 1882//1882 1895//1895
f 1891//1891 1895//1895 1889//1889
f 1913//1913 1908//1908 1915//1915
f 1912//1912 1913//1913 1915//1915
f 1878//1878 1908//1908 1913//1913
f 1867//1867 1888//1888 1909//1909
f 1909//1909 1888//1888 1917//1917
f 1912//1912 1911//1911 1910//1910
f 1914//1914 1913//1913 1912//1912
f 1912//1912 1910//1910 1914//1914
f 1913//1913 1914//1914 1899//1899
f 1908//1908 1878//1878 1909//1909
f 1917//1917 1908//1908 1909//1909
f 1916//1916 1919//1919 1911//1911
f 1917//1917 1888//1888 1919//1919
f 1918//1918 1919//1919 1924//1924
f 1908//1908 1917//1917 1918//1918
f 1921//1921 1918//1918 1924//1924
f 1915//1915 1918//1918 1921//1921
f 1911//1911 1912//1912 1925//1925
f 1925//1925 1915//1915 1921//1921
f 1912//1912 1915//1915 1925//1925
f 1918//1918 1917//1917 1919//1919
f 1919//1919 1916//1916 1924//1924
f 1908//1908 1918//1918 1915//1915
f 1916//1916 1911//1911 1922//1922
f 1922//1922 1911//1911 1925//1925
f 1921//1921 1924//1924 1923//1923
f 1921//1921 1926//1926 1920//1920
f 1924//1924 1926//1926 1923//1923
f 1925//1925 1920//1920 1922//1922
f 1920//1920 1926//1926 1922//1922
f 1925//1925 1921//1921 1920//1920
f 1926//1926 1916//1916 1922//1922
f 1926//1926 1924//1924 1916//1916
f 1923//1923 1926//1926 1921//1921
f 1931//1931 1929//1929 1888//1888
f 1929//1929 1938//1938 1937//1937
f 1937//1937 1933//1933 1892//1892
f 1932//1932 1892//1892 1933//1933
f 1928//1928 1927//1927 1930//1930
f 1931//1931 1928//1928 1938//1938
f 1929//1929 1931//1931 1938//1938
f 1928//1928 1931//1931 1927//1927
f 1929//1929 1937//1937 1892//1892
f 1928//1928 1930//1930 1932//1932
f 1936//1936 1934//1934 1935//1935
f 1935//1935 1934//1934 1932//1932
f 1934//1934 1938//1938 1928//1928
f 1938//1938 1934//1934 1936//1936
f 1937//1937 1936//1936 1935//1935
f 1935//1935 1933//1933 1937//1937
f 1932//1932 1933//1933 1935//1935
f 1934//1934 1928//1928 1932//1932
f 1938//1938 1936//1936 1937//1937
f 1885//1885 1939//1939 1943//1943
f 1885//1885 1943//1943 1927//1927
f 1927//1927 1943//1943 1946//1946
f 1940//1940 1883//1883 1942//1942
f 1950//1950 1940//1940 1942//1942
f 1943//1943 1944//1944 1946//1946
f 1940//1940 1939//1939 1883//1883
f 1950//1950 1944//1944 1940//1940
f 1940//1940 1944//1944 1943//1943
f 1943//1943 1939//1939 1940//1940
f 1945//1945 1927//1927 1946//1946
f 1941//1941 1927//1927 1945//1945
f 1950//1950 1942//1942 1949//1949
f 1949//1949 1942//1942 1941//1941
f 1944//1944 1950//1950 1946//1946
f 1945//1945 1949//1949 1941//1941
f 1948//1948 1947//1947 1949//1949
f 1945//1945 1946//1946 1948//1948
f 1949//1949 1945//1945 1948//1948
f 1948//1948 1946//1946 1947//1947
f 1947//1947 1950//1950 1949//1949
f 1946//1946 1950//1950 1947//1947
f 1953//1953 1958//1958 1964//1964
f 1953//1953 1964//1964 1872//1872
f 1952//1952 1953//1953 1872//1872
f 1952//1952 1872//1872 1951//1951
f 1883//1883 1955//1955 1951//1951
f 1954//1954 1958//1958 1957//1957
f 1954//1954 1957//1957 1955//1955
f 1955//1955 1883//1883 1954//1954
f 1954//1954 1902//1902 1958//1958
f 1951//1951 1955//1955 1952//1952
f 1902//1902 1964//1964 1958//1958
f 1883//1883 1902//1902 1954//1954
f 1961//1961 1957//1957 1963//1963
f 1963//1963 1953//1953 1960//1960
f 1955//1955 1959//1959 1952//1952
f 1953//1953 1952//1952 1960//1960
f 1960//1960 1962//1962 1963//1963
f 1959//1959 1955//1955 1956//1956
f 1957//1957 1961//1961 1956//1956
f 1952//1952 1959//1959 1960//1960
f 1957//1957 1956//1956 1955//1955
f 1963//1963 1957//1957 1958//1958
f 1963//1963 1958//1958 1953//1953
f 1962//1962 1960//1960 1959//1959
f 1962//1962 1959//1959 1956//1956
f 1956//1956 1961//1961 1962//1962
f 1961//1961 1963//1963 1962//1962
f 1967//1967 1884//1884 1886//1886
f 1884//1884 1881//1881 1886//1886
f 1967//1967 1886//1886 1966//1966
f 1886//1886 1893//1893 1872//1872
f 1886//1886 1872//1872 1966//1966
f 1872//1872 1965//1965 1966//1966
f 1872//1872 1964//1964 1965//1965
f 1965//1965 1968//1968 1966//1966
f 1964//1964 1884//1884 1965//1965
f 1965//1965 1884//1884 1967//1967
f 1967//1967 1966//1966 1968//1968
f 1968//1968 1965//1965 1967//1967
f 2120//2120 2216//2216 2182//2182
f 2183//2183 2141//2141 2182//2182
f 2136//2136 2135//2135 2139//2139
f 2128//2128 2215//2215 2129//2129
f 2099//2099 2098//2098 2112//2112
f 2017//2017 2097//2097 2098//2098
f 1992//1992 2192//2192 2084//2084
f 2063//2063 1988//1988 1987//1987
f 2060//2060 2064//2064 2061//2061
f 2060//2060 2185//2185 2064//2064
f 2030//2030 2031//2031 2032//2032
f 2025//2025 2030//2030 2027//2027
f 2023//2023 2024//2024 2155//2155
f 2019//2019 2007//2007 2020//2020
f 2027//2027 2167//2167 2320//2320
f 2078//2078 2083//2083 2009//2009
f 2239//2239 2305//2305 2231//2231
f 2283//2283 2284//2284 2285//2285
f 2307//2307 2228//2228 2300//2300
f 2141//2141 2120//2120 2182//2182
f 2120//2120 2123//2123 2216//2216
f 2216//2216 2177//2177 2182//2182
f 2143//2143 764//764 690//690
f 2118//2118 2142//2142 2127//2127
f 2183//2183 2118//2118 2141//2141
f 2118//2118 2127//2127 2125//2125
f 2127//2127 2142//2142 2093//2093
f 2113//2113 2120//2120 2141//2141
f 2134//2134 2136//2136 2140//2140
f 2100//2100 2140//2140 674//674
f 2100//2100 2101//2101 2134//2134
f 2100//2100 2134//2134 2140//2140
f 2101//2101 2035//2035 2133//2133
f 2101//2101 2133//2133 2134//2134
f 2035//2035 2132//2132 2133//2133
f 2138//2138 2103//2103 1974//1974
f 2135//2135 2137//2137 2139//2139
f 2137//2137 2138//2138 2139//2139
f 2137//2137 2106//2106 2138//2138
f 2106//2106 2103//2103 2138//2138
f 705//705 2136//2136 2139//2139
f 2136//2136 2134//2134 2135//2135
f 674//674 2140//2140 2131//2131
f 2134//2134 2133//2133 2135//2135
f 2133//2133 2132//2132 2137//2137
f 2133//2133 2137//2137 2135//2135
f 2132//2132 2106//2106 2137//2137
f 2162//2162 2105//2105 2106//2106
f 758//758 2197//2197 2215//2215
f 758//758 2215//2215 2211//2211
f 2129//2129 2215//2215 2197//2197
f 2128//2128 2130//2130 2215//2215
f 642//642 643//643 2130//2130
f 2130//2130 2083//2083 2082//2082
f 2130//2130 2128//2128 2083//2083
f 585//585 2217//2217 2122//2122
f 2122//2122 2006//2006 585//585
f 2198//2198 2129//2129 2197//2197
f 2129//2129 2008//2008 2128//2128
f 2008//2008 2083//2083 2128//2128
f 2217//2217 2123//2123 2122//2122
f 2126//2126 2119//2119 2115//2115
f 2119//2119 2125//2125 2115//2115
f 2090//2090 2126//2126 2212//2212
f 2090//2090 2212//2212 2085//2085
f 2126//2126 2115//2115 2212//2212
f 2125//2125 2127//2127 2213//2213
f 2127//2127 2093//2093 2213//2213
f 2092//2092 2213//2213 2093//2093
f 2087//2087 2124//2124 2121//2121
f 2124//2124 2123//2123 2120//2120
f 2124//2124 2120//2120 2121//2121
f 2006//2006 2124//2124 2087//2087
f 2124//2124 2122//2122 2123//2123
f 2121//2121 2120//2120 2113//2113
f 2059//2059 2114//2114 2126//2126
f 2059//2059 2126//2126 2090//2090
f 2114//2114 2113//2113 2119//2119
f 2114//2114 2119//2119 2126//2126
f 2113//2113 2141//2141 2119//2119
f 2141//2141 2118//2118 2125//2125
f 2141//2141 2125//2125 2119//2119
f 2116//2116 2214//2214 630//630
f 2214//2214 2205//2205 630//630
f 2205//2205 2117//2117 630//630
f 2085//2085 2212//2212 2116//2116
f 2085//2085 2116//2116 1993//1993
f 2214//2214 2213//2213 2205//2205
f 2087//2087 2121//2121 2114//2114
f 2121//2121 2113//2113 2114//2114
f 2097//2097 2096//2096 2112//2112
f 2097//2097 2112//2112 2098//2098
f 2146//2146 1969//1969 2147//2147
f 2112//2112 2108//2108 2109//2109
f 2112//2112 2109//2109 2099//2099
f 2194//2194 2201//2201 2200//2200
f 2194//2194 2200//2200 2094//2094
f 2194//2194 2003//2003 2111//2111
f 2111//2111 2198//2198 2201//2201
f 2111//2111 2201//2201 2194//2194
f 2008//2008 2129//2129 2111//2111
f 2008//2008 2111//2111 2003//2003
f 2129//2129 2198//2198 2111//2111
f 1974//1974 2110//2110 2138//2138
f 2162//2162 2161//2161 2102//2102
f 1970//1970 2146//2146 727//727
f 1970//1970 727//727 2164//2164
f 2146//2146 2149//2149 727//727
f 727//727 2149//2149 2148//2148
f 2106//2106 2105//2105 2103//2103
f 2102//2102 2104//2104 2105//2105
f 2104//2104 2103//2103 2105//2105
f 2104//2104 1975//1975 2103//2103
f 1975//1975 1974//1974 2103//2103
f 2104//2104 2102//2102 2160//2160
f 2104//2104 2160//2160 1971//1971
f 2105//2105 2162//2162 2102//2102
f 2035//2035 2163//2163 2132//2132
f 2162//2162 2132//2132 2163//2163
f 2161//2161 2162//2162 2163//2163
f 1969//1969 2146//2146 1970//1970
f 2007//2007 2147//2147 1969//1969
f 2019//2019 2017//2017 2098//2098
f 2019//2019 2098//2098 2099//2099
f 2015//2015 2095//2095 2097//2097
f 2015//2015 2097//2097 2017//2017
f 2095//2095 2199//2199 2096//2096
f 2095//2095 2096//2096 2097//2097
f 2002//2002 2094//2094 2095//2095
f 2002//2002 2095//2095 2015//2015
f 2094//2094 2200//2200 2199//2199
f 2094//2094 2199//2199 2095//2095
f 2094//2094 2002//2002 2193//2193
f 2094//2094 2193//2193 2194//2194
f 2093//2093 2142//2142 2091//2091
f 2093//2093 2091//2091 2092//2092
f 2004//2004 2176//2176 2204//2204
f 2085//2085 2084//2084 2184//2184
f 2085//2085 2184//2184 2090//2090
f 2089//2089 2188//2188 2001//2001
f 2088//2088 2188//2188 2089//2089
f 2088//2088 2089//2089 2067//2067
f 2005//2005 2204//2204 2188//2188
f 2005//2005 2188//2188 2088//2088
f 2204//2204 1999//1999 2188//2188
f 1983//1983 2189//2189 1980//1980
f 2189//2189 2322//2322 2067//2067
f 2067//2067 2203//2203 2005//2005
f 2067//2067 2005//2005 2088//2088
f 2000//2000 1999//1999 2086//2086
f 2000//2000 2086//2086 2059//2059
f 2086//2086 2087//2087 2059//2059
f 2086//2086 2006//2006 2087//2087
f 2184//2184 2059//2059 2090//2090
f 2084//2084 2085//2085 1993//1993
f 2084//2084 1993//1993 1992//1992
f 2185//2185 2184//2184 2084//2084
f 2185//2185 2084//2084 2068//2068
f 2175//2175 2004//2004 2204//2204
f 2175//2175 2204//2204 2005//2005
f 2174//2174 2202//2202 2282//2282
f 2315//2315 1994//1994 1995//1995
f 1990//1990 1984//1984 1989//1989
f 2063//2063 2072//2072 1989//1989
f 2063//2063 1989//1989 1988//1988
f 2072//2072 2191//2191 1990//1990
f 2072//2072 1990//1990 1989//1989
f 2191//2191 2152//2152 2218//2218
f 2191//2191 2218//2218 1990//1990
f 2009//2009 2083//2083 2008//2008
f 2210//2210 2082//2082 2083//2083
f 2210//2210 2206//2206 2082//2082
f 2206//2206 2081//2081 2082//2082
f 2206//2206 2207//2207 2081//2081
f 2207//2207 2080//2080 2081//2081
f 2080//2080 2208//2208 2079//2079
f 2208//2208 2209//2209 2079//2079
f 2011//2011 2153//2153 2078//2078
f 2011//2011 2078//2078 2009//2009
f 2153//2153 2077//2077 2078//2078
f 2191//2191 2073//2073 2077//2077
f 2073//2073 2178//2178 2077//2077
f 2178//2178 2071//2071 2179//2179
f 2071//2071 2070//2070 2180//2180
f 2071//2071 2180//2180 2179//2179
f 2070//2070 2069//2069 2181//2181
f 2070//2070 2181//2181 2180//2180
f 2069//2069 2068//2068 2192//2192
f 2069//2069 2192//2192 2181//2181
f 2152//2152 2191//2191 2153//2153
f 2073//2073 2071//2071 2178//2178
f 2071//2071 2186//2186 2070//2070
f 2186//2186 2187//2187 2069//2069
f 2186//2186 2069//2069 2070//2070
f 2187//2187 2185//2185 2068//2068
f 2187//2187 2068//2068 2069//2069
f 2224//2224 2190//2190 1982//1982
f 1982//1982 2190//2190 2189//2189
f 1982//1982 2189//2189 1983//1983
f 2313//2313 2202//2202 2203//2203
f 2313//2313 2203//2203 2067//2067
f 1982//1982 2066//2066 1978//1978
f 1981//1981 2062//2062 2065//2065
f 2065//2065 2064//2064 1986//1986
f 2065//2065 1986//1986 1985//1985
f 2065//2065 2062//2062 2061//2061
f 2065//2065 2061//2061 2064//2064
f 2187//2187 1986//1986 2064//2064
f 2187//2187 2064//2064 2185//2185
f 2186//2186 1987//1987 1986//1986
f 2186//2186 1986//1986 2187//2187
f 2186//2186 2063//2063 1987//1987
f 2058//2058 2001//2001 2061//2061
f 2058//2058 2061//2061 2062//2062
f 2001//2001 2000//2000 2060//2060
f 2001//2001 2060//2060 2061//2061
f 2060//2060 2184//2184 2185//2185
f 1980//1980 2089//2089 2058//2058
f 1980//1980 2058//2058 2062//2062
f 2089//2089 2001//2001 2058//2058
f 2059//2059 2087//2087 2114//2114
f 1996//1996 2016//2016 2022//2022
f 1996//1996 2314//2314 2016//2016
f 2026//2026 2316//2316 1996//1996
f 2314//2314 1996//1996 2316//2316
f 2318//2318 2316//2316 2026//2026
f 2314//2314 2316//2316 2235//2235
f 1990//1990 2218//2218 2014//2014
f 2165//2165 2056//2056 2166//2166
f 2055//2055 2054//2054 2057//2057
f 2054//2054 2165//2165 2057//2057
f 2054//2054 2045//2045 2056//2056
f 2054//2054 2056//2056 2165//2165
f 2052//2052 2050//2050 2054//2054
f 2052//2052 2054//2054 2055//2055
f 2050//2050 2048//2048 2045//2045
f 2050//2050 2045//2045 2054//2054
f 2048//2048 2047//2047 2045//2045
f 2047//2047 2044//2044 2045//2045
f 2047//2047 2225//2225 2226//2226
f 2047//2047 2226//2226 2044//2044
f 2045//2045 2044//2044 2317//2317
f 2045//2045 2317//2317 2056//2056
f 2044//2044 2226//2226 2317//2317
f 2026//2026 1977//1977 2319//2319
f 2026//2026 2319//2319 2318//2318
f 2041//2041 2101//2101 2100//2100
f 2040//2040 2166//2166 2259//2259
f 2040//2040 2039//2039 2043//2043
f 2040//2040 2043//2043 2166//2166
f 2039//2039 2038//2038 2043//2043
f 2038//2038 2042//2042 2043//2043
f 2038//2038 2036//2036 2041//2041
f 2038//2038 2041//2041 2042//2042
f 2036//2036 2035//2035 2101//2101
f 2036//2036 2101//2101 2041//2041
f 2034//2034 2036//2036 2038//2038
f 2040//2040 2321//2321 2039//2039
f 2029//2029 2034//2034 2037//2037
f 2032//2032 2031//2031 2163//2163
f 2035//2035 2036//2036 2032//2032
f 2035//2035 2032//2032 2163//2163
f 2036//2036 2034//2034 2033//2033
f 2036//2036 2033//2033 2032//2032
f 2034//2034 2029//2029 2033//2033
f 1976//1976 2167//2167 2037//2037
f 2025//2025 2151//2151 2031//2031
f 2025//2025 2031//2031 2030//2030
f 2161//2161 2163//2163 2031//2031
f 2029//2029 2167//2167 2033//2033
f 1976//1976 2320//2320 2167//2167
f 2320//2320 1977//1977 2027//2027
f 2028//2028 2057//2057 2165//2165
f 2028//2028 2165//2165 2042//2042
f 1977//1977 2025//2025 2027//2027
f 2024//2024 2151//2151 2025//2025
f 2024//2024 2023//2023 2151//2151
f 2023//2023 2154//2154 2151//2151
f 2154//2154 1973//1973 2160//2160
f 2026//2026 1996//1996 2025//2025
f 2026//2026 2025//2025 1977//1977
f 1996//1996 2022//2022 2024//2024
f 1996//1996 2024//2024 2025//2025
f 2022//2022 2155//2155 2024//2024
f 2155//2155 2154//2154 2023//2023
f 2022//2022 2021//2021 2155//2155
f 2020//2020 2007//2007 2150//2150
f 2016//2016 2156//2156 2021//2021
f 2016//2016 2021//2021 2022//2022
f 2018//2018 2020//2020 2157//2157
f 2018//2018 2017//2017 2019//2019
f 2018//2018 2019//2019 2020//2020
f 2015//2015 2018//2018 2157//2157
f 2015//2015 2157//2157 2158//2158
f 2015//2015 2017//2017 2018//2018
f 2014//2014 2156//2156 2016//2016
f 2014//2014 2013//2013 2156//2156
f 2002//2002 2015//2015 2158//2158
f 2002//2002 2158//2158 2159//2159
f 2218//2218 2012//2012 2014//2014
f 2012//2012 2013//2013 2014//2014
f 2002//2002 2159//2159 2010//2010
f 2002//2002 2010//2010 2193//2193
f 2218//2218 2152//2152 2012//2012
f 2009//2009 2193//2193 2010//2010
f 2009//2009 2010//2010 2011//2011
f 2009//2009 2008//2008 2003//2003
f 2009//2009 2003//2003 2193//2193
f 2006//2006 2176//2176 585//585
f 2001//2001 2188//2188 1999//1999
f 2001//2001 1999//1999 2000//2000
f 1999//1999 2204//2204 2006//2006
f 1999//1999 2006//2006 2086//2086
f 2204//2204 2176//2176 2006//2006
f 1990//1990 2014//2014 1991//1991
f 1990//1990 1995//1995 1984//1984
f 2014//2014 2016//2016 2314//2314
f 1997//1997 1984//1984 1994//1994
f 1997//1997 1994//1994 1998//1998
f 2311//2311 1979//1979 1998//1998
f 1979//1979 1997//1997 1998//1998
f 2314//2314 1991//1991 2014//2014
f 1991//1991 1995//1995 1990//1990
f 1995//1995 1994//1994 1984//1984
f 1978//1978 2224//2224 1982//1982
f 2314//2314 2291//2291 1991//1991
f 1995//1995 1991//1991 2291//2291
f 1987//1987 1985//1985 1986//1986
f 1984//1984 1997//1997 1988//1988
f 2311//2311 1978//1978 1979//1979
f 1981//1981 1983//1983 2062//2062
f 1982//1982 1983//1983 1981//1981
f 1982//1982 1981//1981 2066//2066
f 1979//1979 1978//1978 2066//2066
f 1977//1977 2320//2320 2319//2319
f 1975//1975 1972//1972 1974//1974
f 1971//1971 2160//2160 1973//1973
f 1972//1972 1971//1971 608//608
f 1972//1972 1975//1975 1971//1971
f 1971//1971 1975//1975 2104//2104
f 2150//2150 1969//1969 1973//1973
f 2150//2150 1973//1973 2154//2154
f 2160//2160 2161//2161 2151//2151
f 2109//2109 2146//2146 2147//2147
f 2109//2109 2147//2147 2099//2099
f 2109//2109 2107//2107 2149//2149
f 2109//2109 2149//2149 2146//2146
f 2019//2019 2099//2099 2147//2147
f 2019//2019 2147//2147 2007//2007
f 608//608 1971//1971 2164//2164
f 1971//1971 1973//1973 2164//2164
f 1973//1973 1970//1970 2164//2164
f 1973//1973 1969//1969 1970//1970
f 2150//2150 2007//2007 1969//1969
f 2153//2153 2191//2191 2077//2077
f 2152//2152 2153//2153 2011//2011
f 2154//2154 2160//2160 2151//2151
f 2155//2155 2150//2150 2154//2154
f 2020//2020 2150//2150 2021//2021
f 2156//2156 2020//2020 2021//2021
f 2156//2156 2157//2157 2020//2020
f 2156//2156 2158//2158 2157//2157
f 2013//2013 2159//2159 2158//2158
f 2013//2013 2158//2158 2156//2156
f 2010//2010 2013//2013 2012//2012
f 2010//2010 2159//2159 2013//2013
f 2011//2011 2010//2010 2012//2012
f 2011//2011 2012//2012 2152//2152
f 2021//2021 2150//2150 2155//2155
f 2161//2161 2160//2160 2102//2102
f 2031//2031 2151//2151 2161//2161
f 2132//2132 2162//2162 2106//2106
f 2042//2042 2165//2165 2043//2043
f 2056//2056 2317//2317 2259//2259
f 2259//2259 2166//2166 2056//2056
f 2166//2166 2043//2043 2165//2165
f 2037//2037 2034//2034 2038//2038
f 1976//1976 2037//2037 2039//2039
f 1976//1976 2039//2039 2321//2321
f 2038//2038 2039//2039 2037//2037
f 2037//2037 2167//2167 2029//2029
f 2030//2030 2032//2032 2033//2033
f 2030//2030 2033//2033 2167//2167
f 2030//2030 2167//2167 2027//2027
f 2168//2168 2050//2050 2052//2052
f 2053//2053 2051//2051 2168//2168
f 2168//2168 2169//2169 2050//2050
f 2051//2051 2172//2172 2169//2169
f 2051//2051 2169//2169 2168//2168
f 2169//2169 2170//2170 2048//2048
f 2169//2169 2048//2048 2050//2050
f 2172//2172 2049//2049 2170//2170
f 2172//2172 2170//2170 2169//2169
f 2170//2170 2171//2171 2047//2047
f 2170//2170 2047//2047 2048//2048
f 2049//2049 2173//2173 2171//2171
f 2049//2049 2171//2171 2170//2170
f 2173//2173 2046//2046 2171//2171
f 2171//2171 2046//2046 2225//2225
f 2171//2171 2225//2225 2047//2047
f 2004//2004 2172//2172 2051//2051
f 2004//2004 2051//2051 2053//2053
f 2004//2004 2175//2175 2172//2172
f 2175//2175 2203//2203 2049//2049
f 2175//2175 2049//2049 2172//2172
f 2203//2203 2202//2202 2173//2173
f 2203//2203 2173//2173 2049//2049
f 2173//2173 2174//2174 2046//2046
f 2202//2202 2174//2174 2173//2173
f 2176//2176 2004//2004 2053//2053
f 2216//2216 734//734 2177//2177
f 2144//2144 2145//2145 814//814
f 2143//2143 2144//2144 814//814
f 2143//2143 814//814 816//816
f 2143//2143 816//816 764//764
f 2217//2217 585//585 731//731
f 2217//2217 2216//2216 2123//2123
f 2217//2217 731//731 734//734
f 2217//2217 734//734 2216//2216
f 2077//2077 2178//2178 2076//2076
f 2178//2178 2179//2179 2207//2207
f 2178//2178 2207//2207 2076//2076
f 2179//2179 2180//2180 2075//2075
f 2179//2179 2075//2075 2207//2207
f 2180//2180 2181//2181 2074//2074
f 2180//2180 2074//2074 2075//2075
f 2181//2181 2192//2192 1992//1992
f 2181//2181 1992//1992 2074//2074
f 2183//2183 2182//2182 2177//2177
f 2068//2068 2084//2084 2192//2192
f 2072//2072 2073//2073 2191//2191
f 2072//2072 2063//2063 2073//2073
f 2063//2063 2071//2071 2073//2073
f 2063//2063 2186//2186 2071//2071
f 1989//1989 1984//1984 1988//1988
f 1997//1997 1979//1979 1987//1987
f 1979//1979 2066//2066 1985//1985
f 1979//1979 1985//1985 1987//1987
f 2066//2066 1981//1981 2065//2065
f 2066//2066 2065//2065 1985//1985
f 1987//1987 1988//1988 1997//1997
f 1980//1980 2062//2062 1983//1983
f 2313//2313 2067//2067 2322//2322
f 2322//2322 2312//2312 2313//2313
f 2067//2067 2089//2089 1980//1980
f 2189//2189 2067//2067 1980//1980
f 2275//2275 2322//2322 2189//2189
f 2275//2275 2189//2189 2190//2190
f 2194//2194 2193//2193 2003//2003
f 758//758 2196//2196 2197//2197
f 2195//2195 2198//2198 2197//2197
f 2195//2195 2197//2197 2196//2196
f 2198//2198 2195//2195 2201//2201
f 2212//2212 2214//2214 2116//2116
f 2006//2006 2122//2122 2124//2124
f 2282//2282 2202//2202 2313//2313
f 2203//2203 2175//2175 2005//2005
f 643//643 2211//2211 2215//2215
f 2130//2130 643//643 2215//2215
f 2076//2076 2206//2206 2210//2210
f 2076//2076 2207//2207 2206//2206
f 2207//2207 2075//2075 2080//2080
f 2075//2075 2074//2074 2208//2208
f 2075//2075 2208//2208 2080//2080
f 2074//2074 1992//1992 2209//2209
f 2074//2074 2209//2209 2208//2208
f 1992//1992 1993//1993 2209//2209
f 2078//2078 2077//2077 2210//2210
f 2078//2078 2210//2210 2083//2083
f 2077//2077 2076//2076 2210//2210
f 2125//2125 2213//2213 2214//2214
f 2213//2213 2092//2092 2205//2205
f 2212//2212 2115//2115 2214//2214
f 2115//2115 2125//2125 2214//2214
f 2183//2183 2177//2177 2145//2145
f 2142//2142 2118//2118 2144//2144
f 2142//2142 2144//2144 2143//2143
f 2118//2118 2183//2183 2145//2145
f 2118//2118 2145//2145 2144//2144
f 2142//2142 2143//2143 690//690
f 2274//2274 2233//2233 2279//2279
f 2270//2270 2282//2282 2281//2281
f 2270//2270 2174//2174 2282//2282
f 2225//2225 2266//2266 2260//2260
f 2225//2225 2260//2260 2226//2226
f 2226//2226 2260//2260 2261//2261
f 2261//2261 2260//2260 2263//2263
f 2227//2227 2259//2259 2222//2222
f 2227//2227 2222//2222 2221//2221
f 2261//2261 2222//2222 2259//2259
f 2258//2258 2227//2227 2221//2221
f 2227//2227 2258//2258 2321//2321
f 1994//1994 2315//2315 2243//2243
f 1994//1994 2243//2243 2246//2246
f 2315//2315 1995//1995 2238//2238
f 1995//1995 2291//2291 2238//2238
f 2263//2263 2252//2252 2262//2262
f 2222//2222 2263//2263 2262//2262
f 2222//2222 2262//2262 2251//2251
f 2271//2271 2272//2272 2273//2273
f 2243//2243 2238//2238 2242//2242
f 2238//2238 2290//2290 2242//2242
f 2291//2291 2290//2290 2238//2238
f 2253//2253 2265//2265 2262//2262
f 2254//2254 2283//2283 2232//2232
f 2254//2254 2232//2232 2251//2251
f 2250//2250 2257//2257 2286//2286
f 2255//2255 2219//2219 2249//2249
f 2255//2255 2249//2249 2248//2248
f 2247//2247 2255//2255 2248//2248
f 2277//2277 2230//2230 2256//2256
f 2235//2235 2247//2247 2236//2236
f 2237//2237 2236//2236 2292//2292
f 2237//2237 2292//2292 2278//2278
f 1998//1998 2245//2245 2244//2244
f 2276//2276 2248//2248 2249//2249
f 2276//2276 2249//2249 2257//2257
f 2271//2271 2273//2273 2279//2279
f 2285//2285 2284//2284 2294//2294
f 2285//2285 2294//2294 2293//2293
f 2293//2293 2250//2250 2285//2285
f 2276//2276 2257//2257 2295//2295
f 2276//2276 2295//2295 2332//2332
f 2256//2256 2276//2276 2332//2332
f 2256//2256 2332//2332 2296//2296
f 2250//2250 2295//2295 2257//2257
f 2271//2271 2279//2279 2308//2308
f 2271//2271 2308//2308 2324//2324
f 2246//2246 2241//2241 2240//2240
f 2288//2288 2310//2310 2298//2298
f 2241//2241 2329//2329 2299//2299
f 2241//2241 2242//2242 2297//2297
f 2241//2241 2297//2297 2329//2329
f 2292//2292 2302//2302 2301//2301
f 2292//2292 2301//2301 2278//2278
f 2256//2256 2296//2296 2303//2303
f 2256//2256 2303//2303 2277//2277
f 2219//2219 2255//2255 2318//2318
f 2219//2219 2318//2318 2319//2319
f 2255//2255 2247//2247 2316//2316
f 2255//2255 2316//2316 2318//2318
f 2247//2247 2235//2235 2316//2316
f 2221//2221 2222//2222 2251//2251
f 2221//2221 2251//2251 2232//2232
f 2253//2253 2252//2252 2267//2267
f 2253//2253 2262//2262 2252//2252
f 2285//2285 2229//2229 2232//2232
f 2285//2285 2232//2232 2283//2283
f 2285//2285 2286//2286 2229//2229
f 2287//2287 2249//2249 2219//2219
f 2248//2248 2230//2230 2247//2247
f 2230//2230 2277//2277 2236//2236
f 2230//2230 2236//2236 2247//2247
f 2311//2311 1998//1998 2244//2244
f 2244//2244 2239//2239 2234//2234
f 2305//2305 2325//2325 2231//2231
f 2224//2224 2311//2311 2244//2244
f 2231//2231 2274//2274 2234//2234
f 1998//1998 1994//1994 2246//2246
f 1998//1998 2246//2246 2245//2245
f 2280//2280 2312//2312 2275//2275
f 2244//2244 2234//2234 2224//2224
f 2246//2246 2243//2243 2241//2241
f 2244//2244 2245//2245 2240//2240
f 2244//2244 2240//2240 2239//2239
f 2245//2245 2246//2246 2240//2240
f 2241//2241 2243//2243 2242//2242
f 2241//2241 2299//2299 2240//2240
f 2299//2299 2304//2304 2240//2240
f 2304//2304 2305//2305 2239//2239
f 2304//2304 2239//2239 2240//2240
f 2274//2274 2279//2279 2275//2275
f 2221//2221 2232//2232 2229//2229
f 2221//2221 2229//2229 2258//2258
f 2274//2274 2190//2190 2224//2224
f 2274//2274 2224//2224 2234//2234
f 2319//2319 2320//2320 2220//2220
f 2319//2319 2220//2220 2219//2219
f 2311//2311 2224//2224 1978//1978
f 2306//2306 2308//2308 2233//2233
f 2230//2230 2248//2248 2276//2276
f 2230//2230 2276//2276 2256//2256
f 2249//2249 2287//2287 2286//2286
f 2249//2249 2286//2286 2257//2257
f 2242//2242 2298//2298 2297//2297
f 2243//2243 2315//2315 2238//2238
f 2040//2040 2227//2227 2321//2321
f 2040//2040 2259//2259 2227//2227
f 2259//2259 2317//2317 2261//2261
f 2317//2317 2226//2226 2261//2261
f 2312//2312 2322//2322 2275//2275
f 2267//2267 2252//2252 2260//2260
f 2267//2267 2260//2260 2266//2266
f 2252//2252 2263//2263 2260//2260
f 2222//2222 2261//2261 2263//2263
f 2321//2321 2258//2258 2264//2264
f 2321//2321 2264//2264 1976//1976
f 2287//2287 2220//2220 2264//2264
f 2287//2287 2264//2264 2229//2229
f 2320//2320 1976//1976 2264//2264
f 2320//2320 2264//2264 2220//2220
f 2258//2258 2229//2229 2264//2264
f 2253//2253 2228//2228 2265//2265
f 2265//2265 2228//2228 2307//2307
f 2046//2046 2266//2266 2225//2225
f 2046//2046 2223//2223 2266//2266
f 2223//2223 2267//2267 2266//2266
f 2267//2267 2268//2268 2253//2253
f 2223//2223 2268//2268 2267//2267
f 2268//2268 2228//2228 2253//2253
f 2268//2268 2269//2269 2228//2228
f 2269//2269 2300//2300 2228//2228
f 2174//2174 2270//2270 2223//2223
f 2174//2174 2223//2223 2046//2046
f 2270//2270 2272//2272 2223//2223
f 2272//2272 2268//2268 2223//2223
f 2272//2272 2271//2271 2268//2268
f 2271//2271 2269//2269 2268//2268
f 2271//2271 2324//2324 2300//2300
f 2271//2271 2300//2300 2269//2269
f 2324//2324 2396//2396 2300//2300
f 2281//2281 2273//2273 2272//2272
f 2281//2281 2272//2272 2270//2270
f 2233//2233 2231//2231 2325//2325
f 2233//2233 2325//2325 2306//2306
f 2231//2231 2233//2233 2274//2274
f 2274//2274 2275//2275 2190//2190
f 2239//2239 2231//2231 2234//2234
f 2242//2242 2290//2290 2298//2298
f 2424//2424 2308//2308 2306//2306
f 2424//2424 2306//2306 2442//2442
f 2308//2308 2279//2279 2233//2233
f 2273//2273 2280//2280 2279//2279
f 2280//2280 2275//2275 2279//2279
f 2273//2273 2281//2281 2280//2280
f 2281//2281 2282//2282 2312//2312
f 2281//2281 2312//2312 2280//2280
f 2282//2282 2313//2313 2312//2312
f 2284//2284 2309//2309 2294//2294
f 2265//2265 2307//2307 2309//2309
f 2265//2265 2309//2309 2284//2284
f 2254//2254 2284//2284 2283//2283
f 2254//2254 2265//2265 2284//2284
f 2250//2250 2286//2286 2285//2285
f 2229//2229 2286//2286 2287//2287
f 2287//2287 2219//2219 2220//2220
f 2254//2254 2251//2251 2262//2262
f 2254//2254 2262//2262 2265//2265
f 2237//2237 2278//2278 2288//2288
f 2237//2237 2288//2288 2289//2289
f 2290//2290 2291//2291 2289//2289
f 2278//2278 2301//2301 2310//2310
f 2278//2278 2310//2310 2288//2288
f 2237//2237 2289//2289 2314//2314
f 2289//2289 2288//2288 2290//2290
f 2314//2314 2289//2289 2291//2291
f 2298//2298 2290//2290 2288//2288
f 2235//2235 2237//2237 2314//2314
f 2277//2277 2292//2292 2236//2236
f 2277//2277 2303//2303 2302//2302
f 2277//2277 2302//2302 2292//2292
f 2235//2235 2236//2236 2237//2237
f 2332//2332 2295//2295 2331//2331
f 2330//2330 2331//2331 2295//2295
f 2330//2330 2295//2295 2250//2250
f 2437//2437 2323//2323 2298//2298
f 2437//2437 2298//2298 2310//2310
f 2329//2329 2328//2328 2299//2299
f 2438//2438 2443//2443 2301//2301
f 2438//2438 2301//2301 2302//2302
f 2328//2328 2327//2327 2304//2304
f 2328//2328 2304//2304 2299//2299
f 2327//2327 2326//2326 2305//2305
f 2327//2327 2305//2305 2304//2304
f 2326//2326 2325//2325 2305//2305
f 2325//2325 2442//2442 2306//2306
f 2297//2297 2298//2298 2323//2323
f 2424//2424 2324//2324 2308//2308
f 2330//2330 2250//2250 2293//2293
f 2443//2443 2444//2444 2310//2310
f 2443//2443 2310//2310 2301//2301
f 2444//2444 2437//2437 2310//2310
f 2303//2303 2438//2438 2302//2302
f 2060//2060 2000//2000 2059//2059
f 2060//2060 2059//2059 2184//2184
f 2381//2381 2440//2440 2439//2439
f 2430//2430 2459//2459 2355//2355
f 2405//2405 2393//2393 2362//2362
f 2405//2405 2362//2362 2366//2366
f 2366//2366 2362//2362 2337//2337
f 2387//2387 2393//2393 2390//2390
f 2425//2425 2352//2352 2457//2457
f 2465//2465 2342//2342 2343//2343
f 2355//2355 2344//2344 2430//2430
f 2462//2462 2356//2356 2430//2430
f 2343//2343 2432//2432 2449//2449
f 2343//2343 2449//2449 2466//2466
f 2361//2361 2353//2353 2358//2358
f 2361//2361 2358//2358 2341//2341
f 2458//2458 2375//2375 2361//2361
f 2375//2375 2353//2353 2361//2361
f 2453//2453 2375//2375 2458//2458
f 2360//2360 2392//2392 2426//2426
f 2360//2360 2426//2426 2454//2454
f 2346//2346 2392//2392 2360//2360
f 2527//2527 2359//2359 2526//2526
f 2454//2454 2359//2359 2527//2527
f 2454//2454 2426//2426 2359//2359
f 2356//2356 2462//2462 2429//2429
f 2357//2357 2427//2427 2426//2426
f 2348//2348 2388//2388 2389//2389
f 2347//2347 2374//2374 2388//2388
f 2347//2347 2388//2388 2348//2348
f 2358//2358 2374//2374 2347//2347
f 2347//2347 2341//2341 2358//2358
f 2455//2455 2341//2341 2347//2347
f 2456//2456 2455//2455 2347//2347
f 2348//2348 2456//2456 2347//2347
f 2389//2389 2346//2346 2348//2348
f 2391//2391 2365//2365 2357//2357
f 2368//2368 2391//2391 2389//2389
f 2388//2388 2368//2368 2389//2389
f 2351//2351 2388//2388 2374//2374
f 2352//2352 2425//2425 2420//2420
f 2431//2431 2355//2355 2354//2354
f 2378//2378 2350//2350 2358//2358
f 2370//2370 2378//2378 2377//2377
f 2453//2453 2376//2376 2375//2375
f 2369//2369 2370//2370 2377//2377
f 2369//2369 2377//2377 2376//2376
f 2352//2352 2420//2420 2376//2376
f 2352//2352 2376//2376 2453//2453
f 2350//2350 2351//2351 2374//2374
f 2350//2350 2374//2374 2358//2358
f 2342//2342 2344//2344 2355//2355
f 2389//2389 2392//2392 2346//2346
f 2426//2426 2427//2427 2359//2359
f 2427//2427 2428//2428 2345//2345
f 2427//2427 2345//2345 2359//2359
f 2429//2429 2462//2462 2461//2461
f 2381//2381 2382//2382 2441//2441
f 2381//2381 2441//2441 2440//2440
f 2383//2383 2442//2442 2441//2441
f 2383//2383 2441//2441 2382//2382
f 2332//2332 2334//2334 2296//2296
f 2323//2323 2437//2437 2436//2436
f 2297//2297 2323//2323 2336//2336
f 2328//2328 2329//2329 2384//2384
f 2328//2328 2384//2384 2373//2373
f 2307//2307 2445//2445 2309//2309
f 2331//2331 2334//2334 2332//2332
f 2328//2328 2373//2373 2439//2439
f 2328//2328 2439//2439 2327//2327
f 2376//2376 2377//2377 2375//2375
f 2377//2377 2353//2353 2375//2375
f 2392//2392 2357//2357 2426//2426
f 2370//2370 2371//2371 2378//2378
f 2371//2371 2367//2367 2350//2350
f 2371//2371 2350//2350 2378//2378
f 2367//2367 2386//2386 2351//2351
f 2367//2367 2351//2351 2350//2350
f 2386//2386 2368//2368 2351//2351
f 2384//2384 2336//2336 2385//2385
f 2355//2355 2431//2431 2342//2342
f 2342//2342 2431//2431 2343//2343
f 2300//2300 2396//2396 2446//2446
f 2300//2300 2446//2446 2307//2307
f 2395//2395 2431//2431 2354//2354
f 2395//2395 2432//2432 2431//2431
f 2432//2432 2343//2343 2431//2431
f 2324//2324 2447//2447 2396//2396
f 2349//2349 2432//2432 2395//2395
f 2355//2355 2417//2417 2354//2354
f 2395//2395 2397//2397 2349//2349
f 2408//2408 2420//2420 2397//2397
f 2353//2353 2377//2377 2378//2378
f 2378//2378 2358//2358 2353//2353
f 2392//2392 2389//2389 2391//2391
f 2392//2392 2391//2391 2357//2357
f 2357//2357 2398//2398 2427//2427
f 2365//2365 2398//2398 2357//2357
f 2398//2398 2428//2428 2427//2427
f 2398//2398 2409//2409 2428//2428
f 2428//2428 2399//2399 2429//2429
f 2409//2409 2410//2410 2399//2399
f 2409//2409 2399//2399 2428//2428
f 2399//2399 2460//2460 2356//2356
f 2399//2399 2356//2356 2429//2429
f 2410//2410 2411//2411 2460//2460
f 2410//2410 2460//2460 2399//2399
f 2356//2356 2460//2460 2459//2459
f 2356//2356 2459//2459 2430//2430
f 2459//2459 2460//2460 2435//2435
f 2400//2400 2401//2401 2372//2372
f 2435//2435 2400//2400 2417//2417
f 2401//2401 2402//2402 2333//2333
f 2403//2403 2409//2409 2363//2363
f 2409//2409 2364//2364 2404//2404
f 2409//2409 2404//2404 2363//2363
f 2404//2404 2405//2405 2366//2366
f 2364//2364 2365//2365 2405//2405
f 2364//2364 2405//2405 2404//2404
f 2391//2391 2390//2390 2393//2393
f 2390//2390 2368//2368 2387//2387
f 2386//2386 2387//2387 2368//2368
f 2370//2370 2380//2380 2371//2371
f 2380//2380 2370//2370 2369//2369
f 2380//2380 2369//2369 2379//2379
f 2433//2433 2422//2422 2434//2434
f 2433//2433 2421//2421 2422//2422
f 2422//2422 2406//2406 2413//2413
f 2421//2421 2406//2406 2422//2422
f 2406//2406 2340//2340 2413//2413
f 2406//2406 2412//2412 2340//2340
f 2406//2406 2407//2407 2412//2412
f 2412//2412 2407//2407 2418//2418
f 2400//2400 2372//2372 2418//2418
f 2407//2407 2354//2354 2417//2417
f 2407//2407 2406//2406 2354//2354
f 2406//2406 2395//2395 2354//2354
f 2395//2395 2421//2421 2397//2397
f 2406//2406 2421//2421 2395//2395
f 2408//2408 2397//2397 2421//2421
f 2433//2433 2408//2408 2421//2421
f 2351//2351 2368//2368 2388//2388
f 2368//2368 2390//2390 2391//2391
f 2365//2365 2364//2364 2398//2398
f 2364//2364 2409//2409 2398//2398
f 2409//2409 2403//2403 2410//2410
f 2403//2403 2402//2402 2411//2411
f 2403//2403 2411//2411 2410//2410
f 2401//2401 2411//2411 2402//2402
f 2448//2448 2372//2372 2333//2333
f 2372//2372 2419//2419 2418//2418
f 2335//2335 2419//2419 2445//2445
f 2335//2335 2412//2412 2418//2418
f 2335//2335 2446//2446 2412//2412
f 2446//2446 2340//2340 2412//2412
f 2413//2413 2447//2447 2422//2422
f 2382//2382 2380//2380 2379//2379
f 2382//2382 2379//2379 2383//2383
f 2371//2371 2380//2380 2382//2382
f 2371//2371 2382//2382 2381//2381
f 2373//2373 2367//2367 2371//2371
f 2373//2373 2371//2371 2381//2381
f 2373//2373 2384//2384 2386//2386
f 2373//2373 2386//2386 2367//2367
f 2387//2387 2386//2386 2384//2384
f 2387//2387 2384//2384 2385//2385
f 2393//2393 2387//2387 2385//2385
f 2393//2393 2385//2385 2394//2394
f 2393//2393 2394//2394 2362//2362
f 2414//2414 2333//2333 2402//2402
f 2415//2415 2414//2414 2402//2402
f 2415//2415 2402//2402 2403//2403
f 2334//2334 2414//2414 2415//2415
f 2363//2363 2415//2415 2403//2403
f 2338//2338 2334//2334 2415//2415
f 2338//2338 2415//2415 2363//2363
f 2416//2416 2363//2363 2404//2404
f 2339//2339 2338//2338 2363//2363
f 2339//2339 2363//2363 2416//2416
f 2366//2366 2416//2416 2404//2404
f 2337//2337 2438//2438 2416//2416
f 2337//2337 2416//2416 2366//2366
f 2460//2460 2411//2411 2435//2435
f 2435//2435 2411//2411 2401//2401
f 2293//2293 2448//2448 2330//2330
f 2333//2333 2372//2372 2401//2401
f 2407//2407 2400//2400 2418//2418
f 2335//2335 2418//2418 2419//2419
f 2407//2407 2417//2417 2400//2400
f 2365//2365 2391//2391 2393//2393
f 2365//2365 2393//2393 2405//2405
f 2349//2349 2420//2420 2425//2425
f 2397//2397 2420//2420 2349//2349
f 2447//2447 2423//2423 2434//2434
f 2447//2447 2434//2434 2422//2422
f 2428//2428 2429//2429 2345//2345
f 2420//2420 2408//2408 2369//2369
f 2420//2420 2369//2369 2376//2376
f 2408//2408 2433//2433 2369//2369
f 2433//2433 2379//2379 2369//2369
f 2433//2433 2434//2434 2379//2379
f 2434//2434 2383//2383 2379//2379
f 2434//2434 2423//2423 2383//2383
f 2417//2417 2459//2459 2435//2435
f 2401//2401 2400//2400 2435//2435
f 2293//2293 2294//2294 2448//2448
f 2294//2294 2309//2309 2445//2445
f 2294//2294 2445//2445 2448//2448
f 2372//2372 2448//2448 2445//2445
f 2372//2372 2445//2445 2419//2419
f 2394//2394 2436//2436 2337//2337
f 2394//2394 2337//2337 2362//2362
f 2437//2437 2444//2444 2436//2436
f 2339//2339 2416//2416 2438//2438
f 2423//2423 2324//2324 2424//2424
f 2326//2326 2327//2327 2439//2439
f 2326//2326 2439//2439 2440//2440
f 2326//2326 2440//2440 2441//2441
f 2326//2326 2441//2441 2325//2325
f 2442//2442 2325//2325 2441//2441
f 2438//2438 2337//2337 2443//2443
f 2338//2338 2339//2339 2303//2303
f 2338//2338 2303//2303 2296//2296
f 2334//2334 2338//2338 2296//2296
f 2337//2337 2444//2444 2443//2443
f 2394//2394 2323//2323 2436//2436
f 2336//2336 2323//2323 2385//2385
f 2329//2329 2297//2297 2336//2336
f 2329//2329 2336//2336 2384//2384
f 2335//2335 2445//2445 2307//2307
f 2414//2414 2334//2334 2331//2331
f 2333//2333 2414//2414 2331//2331
f 2333//2333 2331//2331 2330//2330
f 2373//2373 2381//2381 2439//2439
f 2385//2385 2323//2323 2394//2394
f 2446//2446 2335//2335 2307//2307
f 2413//2413 2340//2340 2396//2396
f 2447//2447 2413//2413 2396//2396
f 2448//2448 2333//2333 2330//2330
f 2447//2447 2324//2324 2423//2423
f 2423//2423 2424//2424 2442//2442
f 2423//2423 2442//2442 2383//2383
f 2436//2436 2444//2444 2337//2337
f 2339//2339 2438//2438 2303//2303
f 2452//2452 2425//2425 2457//2457
f 2538//2538 2361//2361 2341//2341
f 2538//2538 2341//2341 2577//2577
f 2458//2458 2361//2361 2538//2538
f 2451//2451 2453//2453 2458//2458
f 2535//2535 2450//2450 2452//2452
f 2531//2531 2360//2360 2454//2454
f 2514//2514 2346//2346 2360//2360
f 2514//2514 2360//2360 2531//2531
f 2341//2341 2455//2455 2577//2577
f 2346//2346 2514//2514 2456//2456
f 2346//2346 2456//2456 2348//2348
f 2514//2514 2516//2516 2456//2456
f 2576//2576 2577//2577 2456//2456
f 2456//2456 2577//2577 2455//2455
f 2449//2449 2450//2450 2535//2535
f 2457//2457 2352//2352 2453//2453
f 2457//2457 2453//2453 2451//2451
f 2452//2452 2450//2450 2425//2425
f 2459//2459 2417//2417 2355//2355
f 2340//2340 2446//2446 2396//2396
f 2450//2450 2349//2349 2425//2425
f 2343//2343 2466//2466 2465//2465
f 2432//2432 2450//2450 2449//2449
f 2450//2450 2432//2432 2349//2349
f 2344//2344 2342//2342 2541//2541
f 2549//2549 2525//2525 2540//2540
f 2581//2581 2566//2566 2604//2604
f 2525//2525 2517//2517 2539//2539
f 2466//2466 2464//2464 2465//2465
f 2594//2594 2463//2463 2675//2675
f 2594//2594 2589//2589 2498//2498
f 2537//2537 2451//2451 2602//2602
f 2468//2468 2630//2630 2470//2470
f 2632//2632 2673//2673 2589//2589
f 2465//2465 2532//2532 2342//2342
f 2541//2541 2342//2342 2532//2532
f 2344//2344 2541//2541 2462//2462
f 2631//2631 2359//2359 2345//2345
f 2345//2345 2461//2461 2631//2631
f 2631//2631 2461//2461 2517//2517
f 2526//2526 2359//2359 2631//2631
f 2429//2429 2461//2461 2345//2345
f 2344//2344 2462//2462 2430//2430
f 2545//2545 2575//2575 2549//2549
f 2545//2545 2549//2549 2540//2540
f 2575//2575 2560//2560 2549//2549
f 2573//2573 2513//2513 2493//2493
f 2573//2573 2493//2493 2556//2556
f 2543//2543 2624//2624 2575//2575
f 2543//2543 2575//2575 2545//2545
f 2571//2571 2511//2511 2513//2513
f 2571//2571 2513//2513 2573//2573
f 2542//2542 2625//2625 2624//2624
f 2542//2542 2624//2624 2543//2543
f 2569//2569 2509//2509 2511//2511
f 2569//2569 2511//2511 2571//2571
f 2533//2533 2626//2626 2625//2625
f 2533//2533 2625//2625 2542//2542
f 2611//2611 2494//2494 2509//2509
f 2611//2611 2509//2509 2569//2569
f 2488//2488 2568//2568 2580//2580
f 2488//2488 2580//2580 2579//2579
f 2580//2580 2567//2567 2578//2578
f 2580//2580 2578//2578 2579//2579
f 2538//2538 2577//2577 2578//2578
f 2566//2566 2581//2581 2580//2580
f 2566//2566 2580//2580 2568//2568
f 2581//2581 2582//2582 2567//2567
f 2602//2602 2581//2581 2603//2603
f 2606//2606 2609//2609 2608//2608
f 2606//2606 2608//2608 2499//2499
f 2628//2628 2597//2597 2537//2537
f 2628//2628 2537//2537 2603//2603
f 2565//2565 2536//2536 2629//2629
f 2600//2600 2627//2627 2601//2601
f 2598//2598 2626//2626 2599//2599
f 2598//2598 2599//2599 2600//2600
f 2599//2599 2626//2626 2533//2533
f 2578//2578 2583//2583 2557//2557
f 2578//2578 2557//2557 2579//2579
f 2557//2557 2488//2488 2579//2579
f 2557//2557 2482//2482 2488//2488
f 2530//2530 2518//2518 2547//2547
f 2530//2530 2547//2547 2550//2550
f 2560//2560 2623//2623 2549//2549
f 2623//2623 2622//2622 2523//2523
f 2622//2622 2621//2621 2548//2548
f 2622//2622 2548//2548 2523//2523
f 2621//2621 2620//2620 2547//2547
f 2621//2621 2547//2547 2548//2548
f 2620//2620 2562//2562 2550//2550
f 2620//2620 2550//2550 2547//2547
f 2559//2559 2613//2613 2621//2621
f 2613//2613 2614//2614 2620//2620
f 2613//2613 2620//2620 2621//2621
f 2614//2614 2615//2615 2562//2562
f 2614//2614 2562//2562 2620//2620
f 2558//2558 2587//2587 2561//2561
f 2583//2583 2558//2558 2557//2557
f 2556//2556 2555//2555 2612//2612
f 2555//2555 2554//2554 2559//2559
f 2555//2555 2559//2559 2612//2612
f 2554//2554 2553//2553 2613//2613
f 2554//2554 2613//2613 2559//2559
f 2553//2553 2552//2552 2614//2614
f 2553//2553 2614//2614 2613//2613
f 2552//2552 2551//2551 2615//2615
f 2552//2552 2615//2615 2614//2614
f 2551//2551 2584//2584 2615//2615
f 2493//2493 2492//2492 2555//2555
f 2493//2493 2555//2555 2556//2556
f 2492//2492 2491//2491 2554//2554
f 2492//2492 2554//2554 2555//2555
f 2491//2491 2553//2553 2554//2554
f 2490//2490 2489//2489 2584//2584
f 2489//2489 2482//2482 2557//2557
f 2489//2489 2557//2557 2584//2584
f 2490//2490 2584//2584 2551//2551
f 2549//2549 2623//2623 2524//2524
f 2549//2549 2524//2524 2525//2525
f 2623//2623 2523//2523 2524//2524
f 2523//2523 2548//2548 2521//2521
f 2548//2548 2547//2547 2518//2518
f 2548//2548 2518//2518 2521//2521
f 2576//2576 2578//2578 2577//2577
f 2515//2515 2585//2585 2516//2516
f 2586//2586 2585//2585 2515//2515
f 2514//2514 2586//2586 2515//2515
f 2541//2541 2546//2546 2539//2539
f 2546//2546 2545//2545 2540//2540
f 2546//2546 2540//2540 2539//2539
f 2544//2544 2543//2543 2545//2545
f 2544//2544 2545//2545 2546//2546
f 2532//2532 2464//2464 2544//2544
f 2532//2532 2544//2544 2546//2546
f 2464//2464 2542//2542 2543//2543
f 2464//2464 2543//2543 2544//2544
f 2464//2464 2533//2533 2542//2542
f 2540//2540 2525//2525 2539//2539
f 2541//2541 2539//2539 2517//2517
f 2462//2462 2541//2541 2517//2517
f 2462//2462 2517//2517 2461//2461
f 2458//2458 2538//2538 2582//2582
f 2451//2451 2458//2458 2582//2582
f 2597//2597 2457//2457 2537//2537
f 2597//2597 2452//2452 2457//2457
f 2533//2533 2464//2464 2466//2466
f 2533//2533 2466//2466 2599//2599
f 2532//2532 2465//2465 2464//2464
f 2532//2532 2546//2546 2541//2541
f 2586//2586 2531//2531 2529//2529
f 2531//2531 2454//2454 2529//2529
f 2514//2514 2531//2531 2586//2586
f 2530//2530 2528//2528 2519//2519
f 2530//2530 2519//2519 2518//2518
f 2528//2528 2527//2527 2526//2526
f 2528//2528 2526//2526 2519//2519
f 2550//2550 2529//2529 2528//2528
f 2550//2550 2528//2528 2530//2530
f 2529//2529 2527//2527 2528//2528
f 2529//2529 2454//2454 2527//2527
f 2525//2525 2524//2524 2517//2517
f 2524//2524 2522//2522 2517//2517
f 2522//2522 2520//2520 2526//2526
f 2520//2520 2519//2519 2526//2526
f 2524//2524 2523//2523 2522//2522
f 2523//2523 2521//2521 2520//2520
f 2523//2523 2520//2520 2522//2522
f 2521//2521 2518//2518 2519//2519
f 2521//2521 2519//2519 2520//2520
f 2517//2517 2522//2522 2631//2631
f 2522//2522 2526//2526 2631//2631
f 2456//2456 2516//2516 2576//2576
f 2514//2514 2515//2515 2516//2516
f 2589//2589 2467//2467 2510//2510
f 2513//2513 2512//2512 2487//2487
f 2513//2513 2487//2487 2493//2493
f 2512//2512 2480//2480 2487//2487
f 2512//2512 2467//2467 2480//2480
f 2467//2467 2595//2595 2480//2480
f 2511//2511 2512//2512 2513//2513
f 2511//2511 2510//2510 2512//2512
f 2510//2510 2467//2467 2512//2512
f 2509//2509 2508//2508 2510//2510
f 2509//2509 2510//2510 2511//2511
f 2494//2494 2497//2497 2508//2508
f 2494//2494 2508//2508 2509//2509
f 2507//2507 2475//2475 2630//2630
f 2507//2507 2506//2506 2475//2475
f 2506//2506 2505//2505 2481//2481
f 2506//2506 2481//2481 2475//2475
f 2505//2505 2568//2568 2488//2488
f 2505//2505 2488//2488 2481//2481
f 2596//2596 2504//2504 2507//2507
f 2504//2504 2506//2506 2507//2507
f 2504//2504 2503//2503 2506//2506
f 2503//2503 2502//2502 2505//2505
f 2503//2503 2505//2505 2506//2506
f 2502//2502 2568//2568 2505//2505
f 2633//2633 2504//2504 2596//2596
f 2633//2633 2501//2501 2504//2504
f 2501//2501 2500//2500 2504//2504
f 2500//2500 2503//2503 2504//2504
f 2500//2500 2499//2499 2502//2502
f 2500//2500 2502//2502 2503//2503
f 2590//2590 2501//2501 2633//2633
f 2590//2590 2616//2616 2501//2501
f 2508//2508 2497//2497 2498//2498
f 2498//2498 2589//2589 2508//2508
f 2589//2589 2510//2510 2508//2508
f 2616//2616 2500//2500 2501//2501
f 2616//2616 2606//2606 2499//2499
f 2616//2616 2499//2499 2500//2500
f 2487//2487 2486//2486 2492//2492
f 2487//2487 2492//2492 2493//2493
f 2486//2486 2485//2485 2491//2491
f 2486//2486 2491//2491 2492//2492
f 2485//2485 2484//2484 2553//2553
f 2485//2485 2553//2553 2491//2491
f 2484//2484 2552//2552 2553//2553
f 2619//2619 2490//2490 2551//2551
f 2490//2490 2483//2483 2489//2489
f 2483//2483 2482//2482 2489//2489
f 2482//2482 2481//2481 2488//2488
f 2480//2480 2479//2479 2486//2486
f 2480//2480 2486//2486 2487//2487
f 2479//2479 2478//2478 2485//2485
f 2479//2479 2485//2485 2486//2486
f 2478//2478 2477//2477 2484//2484
f 2478//2478 2484//2484 2485//2485
f 2619//2619 2474//2474 2490//2490
f 2474//2474 2473//2473 2483//2483
f 2474//2474 2483//2483 2490//2490
f 2473//2473 2476//2476 2482//2482
f 2473//2473 2482//2482 2483//2483
f 2476//2476 2475//2475 2481//2481
f 2476//2476 2481//2481 2482//2482
f 2480//2480 2469//2469 2479//2479
f 2469//2469 2478//2478 2479//2479
f 2595//2595 2469//2469 2480//2480
f 2472//2472 2474//2474 2619//2619
f 2472//2472 2471//2471 2473//2473
f 2472//2472 2473//2473 2474//2474
f 2471//2471 2476//2476 2473//2473
f 2471//2471 2470//2470 2476//2476
f 2470//2470 2630//2630 2475//2475
f 2470//2470 2475//2475 2476//2476
f 2591//2591 2468//2468 2471//2471
f 2591//2591 2471//2471 2472//2472
f 2470//2470 2471//2471 2468//2468
f 2592//2592 2637//2637 2618//2618
f 2469//2469 2617//2617 2478//2478
f 2589//2589 2673//2673 2467//2467
f 2673//2673 2595//2595 2467//2467
f 2617//2617 2469//2469 2593//2593
f 2590//2590 2675//2675 2463//2463
f 2469//2469 2595//2595 2593//2593
f 2581//2581 2567//2567 2580//2580
f 2615//2615 2561//2561 2562//2562
f 2583//2583 2585//2585 2558//2558
f 2585//2585 2586//2586 2587//2587
f 2585//2585 2587//2587 2558//2558
f 2562//2562 2587//2587 2550//2550
f 2550//2550 2587//2587 2586//2586
f 2585//2585 2583//2583 2516//2516
f 2583//2583 2576//2576 2516//2516
f 2583//2583 2578//2578 2576//2576
f 2578//2578 2567//2567 2538//2538
f 2567//2567 2582//2582 2538//2538
f 2550//2550 2586//2586 2529//2529
f 2582//2582 2602//2602 2451//2451
f 2629//2629 2588//2588 2607//2607
f 2557//2557 2558//2558 2584//2584
f 2558//2558 2561//2561 2584//2584
f 2561//2561 2615//2615 2584//2584
f 2591//2591 2637//2637 2636//2636
f 2632//2632 2589//2589 2594//2594
f 2632//2632 2594//2594 2674//2674
f 2675//2675 2674//2674 2594//2594
f 2593//2593 2643//2643 2592//2592
f 2593//2593 2641//2641 2671//2671
f 2641//2641 2595//2595 2673//2673
f 2675//2675 2590//2590 2633//2633
f 2593//2593 2595//2595 2641//2641
f 2617//2617 2592//2592 2618//2618
f 2463//2463 2594//2594 2498//2498
f 2449//2449 2535//2535 2534//2534
f 2535//2535 2452//2452 2597//2597
f 2536//2536 2535//2535 2597//2597
f 2466//2466 2449//2449 2534//2534
f 2599//2599 2466//2466 2534//2534
f 2599//2599 2534//2534 2627//2627
f 2537//2537 2457//2457 2451//2451
f 2603//2603 2537//2537 2602//2602
f 2626//2626 2598//2598 2563//2563
f 2627//2627 2534//2534 2535//2535
f 2627//2627 2535//2535 2536//2536
f 2627//2627 2536//2536 2565//2565
f 2536//2536 2628//2628 2629//2629
f 2536//2536 2597//2597 2628//2628
f 2629//2629 2628//2628 2588//2588
f 2582//2582 2581//2581 2602//2602
f 2603//2603 2581//2581 2604//2604
f 2588//2588 2628//2628 2603//2603
f 2605//2605 2588//2588 2604//2604
f 2605//2605 2604//2604 2566//2566
f 2605//2605 2566//2566 2568//2568
f 2605//2605 2568//2568 2502//2502
f 2499//2499 2607//2607 2605//2605
f 2499//2499 2605//2605 2502//2502
f 2605//2605 2607//2607 2588//2588
f 2499//2499 2608//2608 2607//2607
f 2610//2610 2609//2609 2606//2606
f 2610//2610 2606//2606 2495//2495
f 2495//2495 2564//2564 2610//2610
f 2495//2495 2494//2494 2611//2611
f 2495//2495 2611//2611 2564//2564
f 2565//2565 2601//2601 2627//2627
f 2603//2603 2604//2604 2588//2588
f 2629//2629 2607//2607 2608//2608
f 2629//2629 2608//2608 2565//2565
f 2609//2609 2601//2601 2565//2565
f 2609//2609 2565//2565 2608//2608
f 2600//2600 2601//2601 2609//2609
f 2600//2600 2609//2609 2610//2610
f 2610//2610 2564//2564 2598//2598
f 2610//2610 2598//2598 2600//2600
f 2563//2563 2598//2598 2564//2564
f 2563//2563 2564//2564 2611//2611
f 2563//2563 2611//2611 2569//2569
f 2563//2563 2569//2569 2570//2570
f 2570//2570 2569//2569 2571//2571
f 2570//2570 2571//2571 2572//2572
f 2574//2574 2573//2573 2556//2556
f 2574//2574 2556//2556 2560//2560
f 2572//2572 2571//2571 2573//2573
f 2572//2572 2573//2573 2574//2574
f 2556//2556 2612//2612 2560//2560
f 2498//2498 2497//2497 2463//2463
f 2497//2497 2496//2496 2463//2463
f 2497//2497 2494//2494 2495//2495
f 2497//2497 2495//2495 2496//2496
f 2496//2496 2495//2495 2606//2606
f 2496//2496 2606//2606 2616//2616
f 2463//2463 2496//2496 2616//2616
f 2463//2463 2616//2616 2590//2590
f 2477//2477 2617//2617 2618//2618
f 2477//2477 2478//2478 2617//2617
f 2592//2592 2617//2617 2593//2593
f 2591//2591 2472//2472 2618//2618
f 2591//2591 2618//2618 2637//2637
f 2472//2472 2619//2619 2618//2618
f 2619//2619 2477//2477 2618//2618
f 2619//2619 2484//2484 2477//2477
f 2484//2484 2619//2619 2551//2551
f 2484//2484 2551//2551 2552//2552
f 2574//2574 2560//2560 2575//2575
f 2572//2572 2574//2574 2575//2575
f 2572//2572 2575//2575 2624//2624
f 2570//2570 2572//2572 2624//2624
f 2570//2570 2624//2624 2625//2625
f 2563//2563 2570//2570 2625//2625
f 2563//2563 2625//2625 2626//2626
f 2560//2560 2612//2612 2623//2623
f 2612//2612 2559//2559 2622//2622
f 2612//2612 2622//2622 2623//2623
f 2559//2559 2621//2621 2622//2622
f 2562//2562 2561//2561 2587//2587
f 2627//2627 2600//2600 2599//2599
f 2596//2596 2507//2507 2645//2645
f 2468//2468 2591//2591 2636//2636
f 2468//2468 2636//2636 2649//2649
f 2645//2645 2507//2507 2630//2630
f 2649//2649 2645//2645 2630//2630
f 2468//2468 2649//2649 2630//2630
f 2653//2653 2646//2646 2654//2654
f 2716//2716 2647//2647 2670//2670
f 2671//2671 2664//2664 2643//2643
f 2669//2669 2702//2702 2661//2661
f 2656//2656 2652//2652 2663//2663
f 2674//2674 2675//2675 2646//2646
f 2641//2641 2673//2673 2632//2632
f 2634//2634 2650//2650 2676//2676
f 2645//2645 2651//2651 2650//2650
f 2643//2643 2593//2593 2671//2671
f 2676//2676 2650//2650 2651//2651
f 2646//2646 2653//2653 2674//2674
f 2632//2632 2644//2644 2657//2657
f 2653//2653 2743//2743 2644//2644
f 2644//2644 2674//2674 2653//2653
f 2675//2675 2642//2642 2646//2646
f 2683//2683 2677//2677 2648//2648
f 2649//2649 2636//2636 2648//2648
f 2674//2674 2644//2644 2632//2632
f 2670//2670 2646//2646 2642//2642
f 2670//2670 2642//2642 2650//2650
f 2642//2642 2675//2675 2633//2633
f 2650//2650 2642//2642 2596//2596
f 2596//2596 2642//2642 2633//2633
f 2645//2645 2650//2650 2596//2596
f 2634//2634 2670//2670 2650//2650
f 2649//2649 2651//2651 2645//2645
f 2648//2648 2677//2677 2651//2651
f 2648//2648 2651//2651 2649//2649
f 2731//2731 2639//2639 2662//2662
f 2641//2641 2658//2658 2665//2665
f 2716//2716 2670//2670 2669//2669
f 2647//2647 2646//2646 2670//2670
f 2669//2669 2700//2700 2702//2702
f 2670//2670 2700//2700 2669//2669
f 2634//2634 2700//2700 2670//2670
f 2640//2640 2652//2652 2656//2656
f 2632//2632 2657//2657 2658//2658
f 2698//2698 2659//2659 2660//2660
f 2734//2734 2731//2731 2662//2662
f 2655//2655 2734//2734 2662//2662
f 2648//2648 2636//2636 2638//2638
f 2661//2661 2731//2731 2714//2714
f 2672//2672 2660//2660 2659//2659
f 2655//2655 2662//2662 2663//2663
f 2662//2662 2639//2639 2663//2663
f 2656//2656 2663//2663 2665//2665
f 2663//2663 2639//2639 2666//2666
f 2664//2664 2663//2663 2666//2666
f 2663//2663 2664//2664 2665//2665
f 2658//2658 2656//2656 2665//2665
f 2671//2671 2665//2665 2664//2664
f 2671//2671 2641//2641 2665//2665
f 2741//2741 2735//2735 2655//2655
f 2657//2657 2640//2640 2656//2656
f 2641//2641 2632//2632 2658//2658
f 2663//2663 2652//2652 2655//2655
f 2657//2657 2743//2743 2640//2640
f 2666//2666 2639//2639 2672//2672
f 2661//2661 2672//2672 2639//2639
f 2666//2666 2672//2672 2685//2685
f 2666//2666 2685//2685 2667//2667
f 2731//2731 2661//2661 2639//2639
f 2661//2661 2660//2660 2672//2672
f 2592//2592 2643//2643 2667//2667
f 2658//2658 2657//2657 2656//2656
f 2701//2701 2634//2634 2659//2659
f 2668//2668 2638//2638 2667//2667
f 2683//2683 2638//2638 2668//2668
f 2648//2648 2638//2638 2683//2683
f 2638//2638 2637//2637 2667//2667
f 2659//2659 2678//2678 2679//2679
f 2659//2659 2634//2634 2678//2678
f 2661//2661 2702//2702 2703//2703
f 2664//2664 2666//2666 2643//2643
f 2634//2634 2676//2676 2678//2678
f 2672//2672 2659//2659 2635//2635
f 2685//2685 2672//2672 2635//2635
f 2714//2714 2669//2669 2661//2661
f 2712//2712 2714//2714 2731//2731
f 2712//2712 2654//2654 2713//2713
f 2635//2635 2681//2681 2682//2682
f 2668//2668 2667//2667 2685//2685
f 2635//2635 2659//2659 2679//2679
f 2637//2637 2638//2638 2636//2636
f 2743//2743 2657//2657 2644//2644
f 2646//2646 2647//2647 2654//2654
f 2667//2667 2637//2637 2592//2592
f 2643//2643 2666//2666 2667//2667
f 2678//2678 2676//2676 2651//2651
f 2651//2651 2677//2677 2678//2678
f 2677//2677 2679//2679 2678//2678
f 2677//2677 2684//2684 2679//2679
f 2686//2686 2679//2679 2684//2684
f 2687//2687 2684//2684 2680//2680
f 2683//2683 2684//2684 2677//2677
f 2689//2689 2680//2680 2685//2685
f 2685//2685 2635//2635 2682//2682
f 2685//2685 2680//2680 2668//2668
f 2689//2689 2687//2687 2680//2680
f 2682//2682 2689//2689 2685//2685
f 2682//2682 2681//2681 2689//2689
f 2680//2680 2684//2684 2683//2683
f 2683//2683 2668//2668 2680//2680
f 2681//2681 2688//2688 2693//2693
f 2635//2635 2679//2679 2688//2688
f 2635//2635 2688//2688 2681//2681
f 2688//2688 2679//2679 2686//2686
f 2690//2690 2686//2686 2684//2684
f 2681//2681 2693//2693 2695//2695
f 2690//2690 2684//2684 2687//2687
f 2694//2694 2690//2690 2695//2695
f 2690//2690 2687//2687 2695//2695
f 2687//2687 2689//2689 2695//2695
f 2688//2688 2690//2690 2694//2694
f 2688//2688 2686//2686 2690//2690
f 2694//2694 2693//2693 2688//2688
f 2689//2689 2681//2681 2695//2695
f 2692//2692 2691//2691 2696//2696
f 2695//2695 2692//2692 2696//2696
f 2693//2693 2692//2692 2695//2695
f 2692//2692 2693//2693 2691//2691
f 2691//2691 2693//2693 2694//2694
f 2695//2695 2691//2691 2694//2694
f 2691//2691 2695//2695 2696//2696
f 2702//2702 2699//2699 2703//2703
f 2701//2701 2659//2659 2698//2698
f 2660//2660 2661//2661 2697//2697
f 2701//2701 2700//2700 2634//2634
f 2705//2705 2704//2704 2698//2698
f 2697//2697 2706//2706 2705//2705
f 2697//2697 2705//2705 2698//2698
f 2661//2661 2703//2703 2697//2697
f 2697//2697 2703//2703 2707//2707
f 2699//2699 2702//2702 2701//2701
f 2704//2704 2699//2699 2701//2701
f 2702//2702 2700//2700 2701//2701
f 2697//2697 2698//2698 2660//2660
f 2704//2704 2701//2701 2698//2698
f 2703//2703 2699//2699 2708//2708
f 2710//2710 2699//2699 2704//2704
f 2709//2709 2710//2710 2704//2704
f 2705//2705 2706//2706 2709//2709
f 2709//2709 2704//2704 2705//2705
f 2697//2697 2707//2707 2706//2706
f 2707//2707 2703//2703 2708//2708
f 2708//2708 2699//2699 2710//2710
f 2711//2711 2709//2709 2706//2706
f 2707//2707 2711//2711 2706//2706
f 2707//2707 2708//2708 2711//2711
f 2708//2708 2710//2710 2711//2711
f 2711//2711 2710//2710 2709//2709
f 2717//2717 2654//2654 2647//2647
f 2713//2713 2654//2654 2717//2717
f 2669//2669 2714//2714 2718//2718
f 2712//2712 2715//2715 2722//2722
f 2712//2712 2713//2713 2715//2715
f 2720//2720 2669//2669 2723//2723
f 2725//2725 2716//2716 2720//2720
f 2716//2716 2669//2669 2720//2720
f 2717//2717 2716//2716 2725//2725
f 2717//2717 2715//2715 2713//2713
f 2725//2725 2719//2719 2715//2715
f 2715//2715 2717//2717 2725//2725
f 2717//2717 2647//2647 2716//2716
f 2714//2714 2722//2722 2718//2718
f 2723//2723 2669//2669 2718//2718
f 2712//2712 2722//2722 2714//2714
f 2715//2715 2721//2721 2722//2722
f 2721//2721 2715//2715 2719//2719
f 2720//2720 2723//2723 2724//2724
f 2726//2726 2720//2720 2724//2724
f 2719//2719 2726//2726 2721//2721
f 2726//2726 2719//2719 2720//2720
f 2720//2720 2719//2719 2725//2725
f 2723//2723 2718//2718 2728//2728
f 2718//2718 2722//2722 2728//2728
f 2728//2728 2727//2727 2724//2724
f 2728//2728 2721//2721 2727//2727
f 2721//2721 2726//2726 2727//2727
f 2727//2727 2726//2726 2724//2724
f 2728//2728 2722//2722 2721//2721
f 2723//2723 2728//2728 2724//2724
f 2741//2741 2732//2732 2735//2735
f 2655//2655 2735//2735 2736//2736
f 2655//2655 2736//2736 2734//2734
f 2733//2733 2712//2712 2731//2731
f 2729//2729 2654//2654 2712//2712
f 2729//2729 2712//2712 2733//2733
f 2653//2653 2729//2729 2741//2741
f 2653//2653 2654//2654 2729//2729
f 2733//2733 2731//2731 2730//2730
f 2730//2730 2731//2731 2734//2734
f 2736//2736 2730//2730 2734//2734
f 2741//2741 2729//2729 2732//2732
f 2736//2736 2738//2738 2739//2739
f 2740//2740 2733//2733 2730//2730
f 2740//2740 2729//2729 2733//2733
f 2735//2735 2732//2732 2738//2738
f 2735//2735 2738//2738 2736//2736
f 2736//2736 2739//2739 2730//2730
f 2738//2738 2732//2732 2737//2737
f 2740//2740 2737//2737 2732//2732
f 2729//2729 2740//2740 2732//2732
f 2740//2740 2739//2739 2738//2738
f 2739//2739 2740//2740 2730//2730
f 2737//2737 2740//2740 2738//2738
f 2743//2743 2653//2653 2741//2741
f 2652//2652 2640//2640 2744//2744
f 2741//2741 2747//2747 2743//2743
f 2747//2747 2744//2744 2640//2640
f 2655//2655 2652//2652 2742//2742
f 2743//2743 2747//2747 2640//2640
f 2741//2741 2655//2655 2746//2746
f 2742//2742 2746//2746 2655//2655
f 2652//2652 2744//2744 2742//2742
f 2745//2745 2748//2748 2742//2742
f 2742//2742 2748//2748 2746//2746
f 2747//2747 2741//2741 2746//2746
f 2744//2744 2745//2745 2742//2742
f 2747//2747 2746//2746 2748//2748
f 2744//2744 2747//2747 2745//2745
f 2747//2747 2748//2748 2745//2745
f 3133//3133 3209//3209 3136//3136
f 3137//3137 3213//3213 3214//3214
f 38//38 2828//2828 39//39
f 2869//2869 2823//2823 2994//2994
f 2830//2830 2823//2823 2870//2870
f 43//43 2831//2831 2901//2901
f 2835//2835 2898//2898 2834//2834
f 2768//2768 2841//2841 2867//2867
f 2935//2935 2850//2850 2851//2851
f 2911//2911 2831//2831 2832//2832
f 2964//2964 3123//3123 3124//3124
f 2870//2870 3003//3003 3016//3016
f 3026//3026 2814//2814 3031//3031
f 3000//3000 3069//3069 3077//3077
f 3038//3038 3115//3115 3045//3045
f 3131//3131 3228//3228 3220//3220
f 3131//3131 3220//3220 3147//3147
f 3148//3148 3221//3221 3230//3230
f 3148//3148 3230//3230 3144//3144
f 3130//3130 3419//3419 3217//3217
f 3130//3130 3217//3217 3127//3127
f 3125//3125 3126//3126 3233//3233
f 3125//3125 3233//3233 3225//3225
f 3126//3126 3135//3135 3232//3232
f 3126//3126 3232//3232 3233//3233
f 3135//3135 3136//3136 3209//3209
f 3135//3135 3209//3209 3232//3232
f 3139//3139 3137//3137 3214//3214
f 3139//3139 3214//3214 3212//3212
f 3137//3137 3138//3138 3231//3231
f 3137//3137 3231//3231 3213//3213
f 3138//3138 3141//3141 3389//3389
f 3138//3138 3389//3389 3231//3231
f 3140//3140 3218//3218 3389//3389
f 3140//3140 3389//3389 3141//3141
f 3146//3146 3143//3143 3229//3229
f 3146//3146 3229//3229 3385//3385
f 3230//3230 3229//3229 3143//3143
f 3230//3230 3143//3143 3144//3144
f 3131//3131 3129//3129 3227//3227
f 3131//3131 3227//3227 3228//3228
f 3129//3129 3128//3128 3216//3216
f 3129//3129 3216//3216 3227//3227
f 3226//3226 3419//3419 3130//3130
f 3226//3226 3130//3130 3122//3122
f 3124//3124 3123//3123 3222//3222
f 3124//3124 3222//3222 3426//3426
f 3225//3225 3224//3224 3117//3117
f 3225//3225 3117//3117 3125//3125
f 3215//3215 3116//3116 3224//3224
f 3362//3362 3120//3120 3118//3118
f 3360//3360 3121//3121 3119//3119
f 3360//3360 3119//3119 3361//3361
f 3123//3123 3121//3121 3223//3223
f 3123//3123 3223//3223 3222//3222
f 3147//3147 3220//3220 3221//3221
f 3147//3147 3221//3221 3148//3148
f 3145//3145 3142//3142 3219//3219
f 3145//3145 3219//3219 3382//3382
f 3128//3128 3127//3127 3217//3217
f 3128//3128 3217//3217 3216//3216
f 3134//3134 3139//3139 3212//3212
f 3134//3134 3212//3212 3211//3211
f 3211//3211 3210//3210 3132//3132
f 3211//3211 3132//3132 3134//3134
f 3133//3133 3132//3132 3210//3210
f 3133//3133 3210//3210 3209//3209
f 3360//3360 3223//3223 3121//3121
f 3119//3119 3120//3120 3362//3362
f 3119//3119 3362//3362 3361//3361
f 3224//3224 3116//3116 3117//3117
f 3215//3215 3362//3362 3118//3118
f 3215//3215 3118//3118 3116//3116
f 3140//3140 3145//3145 3382//3382
f 3140//3140 3382//3382 3218//3218
f 3146//3146 3385//3385 3219//3219
f 3146//3146 3219//3219 3142//3142
f 3122//3122 3124//3124 3426//3426
f 3122//3122 3426//3426 3226//3226
f 2794//2794 2798//2798 2787//2787
f 2794//2794 2787//2787 2779//2779
f 2796//2796 2761//2761 2996//2996
f 2796//2796 2996//2996 2795//2795
f 2814//2814 2761//2761 2796//2796
f 2814//2814 2796//2796 2762//2762
f 3060//3060 3057//3057 2998//2998
f 2761//2761 2753//2753 2998//2998
f 2761//2761 2998//2998 2996//2996
f 2755//2755 2837//2837 3066//3066
f 2755//2755 3066//3066 2987//2987
f 2785//2785 2976//2976 2968//2968
f 2758//2758 2816//2816 2757//2757
f 2781//2781 2782//2782 2758//2758
f 2781//2781 2758//2758 2757//2757
f 2782//2782 2783//2783 2758//2758
f 2970//2970 2780//2780 2797//2797
f 2970//2970 2797//2797 2971//2971
f 2816//2816 2759//2759 2797//2797
f 2816//2816 2797//2797 2757//2757
f 2780//2780 2781//2781 2757//2757
f 2780//2780 2757//2757 2797//2797
f 2762//2762 2796//2796 2793//2793
f 2762//2762 2793//2793 2815//2815
f 2795//2795 2792//2792 2793//2793
f 2795//2795 2793//2793 2796//2796
f 2794//2794 2792//2792 2795//2795
f 2779//2779 2777//2777 2792//2792
f 2779//2779 2792//2792 2794//2794
f 2760//2760 2979//2979 2815//2815
f 2760//2760 2815//2815 2793//2793
f 2792//2792 2790//2790 2760//2760
f 2792//2792 2760//2760 2793//2793
f 2777//2777 2775//2775 2790//2790
f 2777//2777 2790//2790 2792//2792
f 2775//2775 2776//2776 2791//2791
f 2775//2775 2791//2791 2790//2790
f 2778//2778 2812//2812 2967//2967
f 2779//2779 2787//2787 2812//2812
f 2779//2779 2812//2812 2778//2778
f 2813//2813 2789//2789 2788//2788
f 2813//2813 2788//2788 2751//2751
f 2812//2812 2788//2788 2789//2789
f 2750//2750 2749//2749 2805//2805
f 2750//2750 2805//2805 2752//2752
f 2819//2819 2972//2972 2973//2973
f 2819//2819 2973//2973 2820//2820
f 2764//2764 2770//2770 2962//2962
f 2764//2764 2962//2962 2771//2771
f 2784//2784 2963//2963 2769//2769
f 2784//2784 2769//2769 2802//2802
f 2766//2766 2769//2769 2963//2963
f 2766//2766 2963//2963 3127//3127
f 3127//3127 2786//2786 2765//2765
f 3127//3127 2765//2765 2766//2766
f 2765//2765 2786//2786 2962//2962
f 2765//2765 2962//2962 2770//2770
f 2810//2810 2964//2964 2785//2785
f 2810//2810 2785//2785 2968//2968
f 2964//2964 2784//2784 2802//2802
f 2964//2964 2802//2802 2785//2785
f 2810//2810 2968//2968 2783//2783
f 2811//2811 2782//2782 2781//2781
f 2782//2782 2810//2810 2783//2783
f 2969//2969 2811//2811 2780//2780
f 2969//2969 2780//2780 2970//2970
f 2811//2811 2781//2781 2780//2780
f 2778//2778 2804//2804 2777//2777
f 2778//2778 2777//2777 2779//2779
f 2967//2967 2804//2804 2778//2778
f 2804//2804 2966//2966 2775//2775
f 2804//2804 2775//2775 2777//2777
f 2966//2966 2965//2965 2776//2776
f 2966//2966 2776//2776 2775//2775
f 2818//2818 2961//2961 2807//2807
f 2818//2818 2774//2774 2961//2961
f 2961//2961 2773//2773 2808//2808
f 2774//2774 2772//2772 2773//2773
f 2774//2774 2773//2773 2961//2961
f 2773//2773 2763//2763 2809//2809
f 2773//2773 2809//2809 2808//2808
f 2772//2772 2800//2800 2763//2763
f 2772//2772 2763//2763 2773//2773
f 2763//2763 2764//2764 2771//2771
f 2763//2763 2771//2771 2809//2809
f 3058//3058 3059//3059 3006//3006
f 2765//2765 2770//2770 2817//2817
f 2765//2765 2817//2817 2768//2768
f 2799//2799 2817//2817 2770//2770
f 2799//2799 2770//2770 2764//2764
f 2802//2802 2769//2769 2801//2801
f 2767//2767 2801//2801 2769//2769
f 2767//2767 2769//2769 2766//2766
f 2766//2766 2765//2765 2768//2768
f 2766//2766 2768//2768 2767//2767
f 2976//2976 2785//2785 2802//2802
f 2800//2800 2799//2799 2764//2764
f 2800//2800 2764//2764 2763//2763
f 2979//2979 2760//2760 2978//2978
f 2979//2979 2978//2978 2980//2980
f 2968//2968 2977//2977 2783//2783
f 2758//2758 2783//2783 2977//2977
f 2753//2753 3060//3060 2998//2998
f 2752//2752 2813//2813 2751//2751
f 2752//2752 2751//2751 2750//2750
f 2958//2958 2994//2994 2823//2823
f 2958//2958 2822//2822 2994//2994
f 2957//2957 2821//2821 2822//2822
f 2957//2957 2822//2822 2958//2958
f 2956//2956 2827//2827 2821//2821
f 2956//2956 2821//2821 2957//2957
f 2955//2955 2825//2825 2827//2827
f 2955//2955 2827//2827 2956//2956
f 57//57 2826//2826 2825//2825
f 57//57 2825//2825 2955//2955
f 2954//2954 2824//2824 2826//2826
f 2954//2954 2826//2826 57//57
f 2953//2953 2824//2824 2954//2954
f 2829//2829 2824//2824 2953//2953
f 2952//2952 2828//2828 2829//2829
f 39//39 2828//2828 2952//2952
f 2994//2994 2900//2900 2869//2869
f 3003//3003 2869//2869 2900//2900
f 2870//2870 2823//2823 2869//2869
f 2951//2951 3112//3112 3114//3114
f 3115//3115 3038//3038 2950//2950
f 3112//3112 2873//2873 2874//2874
f 2951//2951 59//59 3112//3112
f 2950//2950 59//59 2951//2951
f 3038//3038 59//59 2950//2950
f 2873//2873 2830//2830 2870//2870
f 59//59 66//66 3112//3112
f 3112//3112 66//66 2830//2830
f 3017//3017 3004//3004 3007//3007
f 3080//3080 3074//3074 3079//3079
f 2990//2990 2949//2949 3001//3001
f 2990//2990 3001//3001 2989//2989
f 2949//2949 3009//3009 3001//3001
f 2948//2948 3021//3021 3009//3009
f 3022//3022 2947//2947 2932//2932
f 3022//3022 2932//2932 3021//3021
f 2946//2946 2889//2889 2932//2932
f 2946//2946 2932//2932 2947//2947
f 2945//2945 2888//2888 2889//2889
f 2945//2945 2889//2889 2946//2946
f 2995//2995 2949//2949 2990//2990
f 3010//3010 3100//3100 2948//2948
f 3023//3023 2942//2942 2947//2947
f 3023//3023 2947//2947 3022//3022
f 2941//2941 2946//2946 2947//2947
f 2941//2941 2947//2947 2942//2942
f 3106//3106 2945//2945 2946//2946
f 3106//3106 2946//2946 2941//2941
f 2940//2940 3011//3011 2943//2943
f 3010//3010 3011//3011 2939//2939
f 3010//3010 2939//2939 3100//3100
f 3102//3102 3024//3024 2938//2938
f 3102//3102 2938//2938 3101//3101
f 3012//3012 3086//3086 3018//3018
f 3012//3012 3018//3018 3091//3091
f 3088//3088 3085//3085 3087//3087
f 3096//3096 3097//3097 3094//3094
f 3096//3096 3094//3094 3095//3095
f 2853//2853 2852//2852 2824//2824
f 2933//2933 2937//2937 2913//2913
f 2933//2933 2913//2913 2910//2910
f 2982//2982 2937//2937 2933//2933
f 2914//2914 2936//2936 2829//2829
f 2914//2914 2829//2829 2828//2828
f 2913//2913 2935//2935 2936//2936
f 2913//2913 2936//2936 2914//2914
f 2937//2937 2935//2935 2913//2913
f 2758//2758 2934//2934 2816//2816
f 2936//2936 2853//2853 2824//2824
f 2936//2936 2824//2824 2829//2829
f 2935//2935 2853//2853 2936//2936
f 2937//2937 2850//2850 2935//2935
f 2934//2934 2850//2850 2937//2937
f 2902//2902 2981//2981 2912//2912
f 2902//2902 2912//2912 2832//2832
f 2980//2980 2981//2981 2902//2902
f 2912//2912 2933//2933 2910//2910
f 2912//2912 2910//2910 2911//2911
f 2979//2979 2980//2980 2902//2902
f 2979//2979 2902//2902 2903//2903
f 2989//2989 2931//2931 2991//2991
f 2989//2989 3001//3001 2931//2931
f 3001//3001 3009//3009 3013//3013
f 3001//3001 3013//3013 3002//3002
f 3009//3009 3021//3021 3013//3013
f 3021//3021 2932//2932 2886//2886
f 3021//3021 2886//2886 3025//3025
f 2889//2889 2885//2885 2886//2886
f 2889//2889 2886//2886 2932//2932
f 2991//2991 2931//2931 2930//2930
f 2991//2991 2930//2930 2992//2992
f 3002//3002 3013//3013 2880//2880
f 2992//2992 2930//2930 2877//2877
f 2992//2992 2877//2877 2984//2984
f 2984//2984 2877//2877 2872//2872
f 2992//2992 2984//2984 2839//2839
f 2909//2909 2924//2924 2923//2923
f 2909//2909 2923//2923 2908//2908
f 2846//2846 2924//2924 2909//2909
f 2846//2846 2909//2909 2845//2845
f 2863//2863 2926//2926 2846//2846
f 2863//2863 2846//2846 2845//2845
f 3083//3083 3081//3081 3074//3074
f 3083//3083 3074//3074 3039//3039
f 3039//3039 3047//3047 2916//2916
f 3039//3039 2916//2916 3083//3083
f 3046//3046 3053//3053 3052//3052
f 3047//3047 3054//3054 3053//3053
f 3047//3047 3053//3053 3046//3046
f 3048//3048 3055//3055 3054//3054
f 3048//3048 3054//3054 3047//3047
f 2849//2849 2848//2848 2927//2927
f 2849//2849 2927//2927 2929//2929
f 2855//2855 2928//2928 2862//2862
f 2856//2856 2928//2928 2855//2855
f 2856//2856 2855//2855 3061//3061
f 3026//3026 2859//2859 2856//2856
f 2859//2859 2922//2922 2928//2928
f 2859//2859 2928//2928 2856//2856
f 2861//2861 2862//2862 2928//2928
f 2861//2861 2928//2928 2922//2922
f 2925//2925 2927//2927 2848//2848
f 2925//2925 2848//2848 2847//2847
f 2847//2847 2846//2846 2926//2926
f 2847//2847 2926//2926 2925//2925
f 2847//2847 2861//2861 2924//2924
f 2847//2847 2924//2924 2846//2846
f 2922//2922 2923//2923 2924//2924
f 2922//2922 2924//2924 2861//2861
f 2859//2859 2923//2923 2922//2922
f 3051//3051 3043//3043 3099//3099
f 3051//3051 2921//2921 3043//3043
f 3035//3035 2919//2919 3098//3098
f 2917//2917 3056//3056 3043//3043
f 2915//2915 44//44 48//48
f 2915//2915 48//48 3056//3056
f 3079//3079 3074//3074 3081//3081
f 3046//3046 3052//3052 2915//2915
f 3046//3046 2915//2915 2917//2917
f 3052//3052 44//44 2915//2915
f 2910//2910 2913//2913 2914//2914
f 2910//2910 2914//2914 2828//2828
f 2911//2911 38//38 37//37
f 2832//2832 2912//2912 2911//2911
f 2911//2911 2828//2828 38//38
f 2911//2911 2910//2910 2828//2828
f 2845//2845 2907//2907 2863//2863
f 2845//2845 2909//2909 2906//2906
f 2845//2845 2906//2906 2907//2907
f 2908//2908 2905//2905 2906//2906
f 2908//2908 2906//2906 2909//2909
f 2907//2907 2831//2831 43//43
f 2906//2906 2904//2904 2831//2831
f 2906//2906 2831//2831 2907//2907
f 2905//2905 2903//2903 2904//2904
f 2905//2905 2904//2904 2906//2906
f 2857//2857 2979//2979 2903//2903
f 2857//2857 2903//2903 2905//2905
f 2904//2904 2832//2832 2831//2831
f 2903//2903 2902//2902 2832//2832
f 2903//2903 2832//2832 2904//2904
f 2831//2831 37//37 2901//2901
f 2896//2896 2898//2898 2827//2827
f 2896//2896 2827//2827 2825//2825
f 2894//2894 2834//2834 2898//2898
f 2894//2894 2898//2898 2896//2896
f 2892//2892 2899//2899 2834//2834
f 2892//2892 2834//2834 2894//2894
f 2890//2890 2868//2868 2899//2899
f 2890//2890 2899//2899 2892//2892
f 2802//2802 2801//2801 2868//2868
f 2802//2802 2868//2868 2890//2890
f 2897//2897 2899//2899 2868//2868
f 2897//2897 2868//2868 2866//2866
f 2833//2833 2834//2834 2899//2899
f 2833//2833 2899//2899 2897//2897
f 2821//2821 2827//2827 2898//2898
f 2821//2821 2898//2898 2835//2835
f 2897//2897 2867//2867 2842//2842
f 2897//2897 2842//2842 2833//2833
f 2866//2866 2867//2867 2897//2897
f 2852//2852 2895//2895 2826//2826
f 2852//2852 2826//2826 2824//2824
f 2851//2851 2893//2893 2895//2895
f 2851//2851 2895//2895 2852//2852
f 2854//2854 2891//2891 2893//2893
f 2854//2854 2893//2893 2851//2851
f 2895//2895 2896//2896 2825//2825
f 2895//2895 2825//2825 2826//2826
f 2893//2893 2894//2894 2896//2896
f 2893//2893 2896//2896 2895//2895
f 2891//2891 2892//2892 2894//2894
f 2891//2891 2894//2894 2893//2893
f 2976//2976 2890//2890 2892//2892
f 2976//2976 2892//2892 2891//2891
f 2888//2888 2883//2883 2885//2885
f 2888//2888 2885//2885 2889//2889
f 2887//2887 2881//2881 2883//2883
f 2887//2887 2883//2883 2888//2888
f 3025//3025 2886//2886 2879//2879
f 3025//3025 2879//2879 3027//3027
f 2885//2885 2878//2878 2879//2879
f 2885//2885 2879//2879 2886//2886
f 2883//2883 2884//2884 2878//2878
f 2883//2883 2878//2878 2885//2885
f 2881//2881 2882//2882 2884//2884
f 2881//2881 2884//2884 2883//2883
f 3027//3027 2879//2879 2875//2875
f 3027//3027 2875//2875 3028//3028
f 3114//3114 3112//3112 2874//2874
f 3114//3114 2874//2874 2875//2875
f 2984//2984 2872//2872 3003//3003
f 2984//2984 3003//3003 2983//2983
f 3015//3015 3016//3016 2871//2871
f 3028//3028 2875//2875 2874//2874
f 3028//3028 2874//2874 3029//3029
f 3016//3016 2873//2873 2870//2870
f 2874//2874 2873//2873 3029//3029
f 2983//2983 3003//3003 2900//2900
f 2870//2870 2869//2869 3003//3003
f 2768//2768 2817//2817 2841//2841
f 2840//2840 2841//2841 2817//2817
f 2840//2840 2817//2817 2799//2799
f 2983//2983 2900//2900 2843//2843
f 2866//2866 2868//2868 2801//2801
f 2866//2866 2801//2801 2767//2767
f 2767//2767 2768//2768 2867//2867
f 2767//2767 2867//2867 2866//2866
f 2839//2839 2840//2840 2799//2799
f 2839//2839 2799//2799 2800//2800
f 3109//3109 3044//3044 2921//2921
f 3109//3109 2921//2921 3051//3051
f 3042//3042 2975//2975 3045//3045
f 2855//2855 2849//2849 3049//3049
f 2862//2862 2848//2848 2849//2849
f 2862//2862 2849//2849 2855//2855
f 2861//2861 2847//2847 2848//2848
f 2861//2861 2848//2848 2862//2862
f 3030//3030 3062//3062 2860//2860
f 3039//3039 3074//3074 3065//3065
f 3039//3039 3065//3065 3048//3048
f 3062//3062 3049//3049 3050//3050
f 3062//3062 3050//3050 2860//2860
f 3031//3031 2859//2859 3026//3026
f 2815//2815 2857//2857 2858//2858
f 2815//2815 2858//2858 2762//2762
f 2979//2979 2857//2857 2815//2815
f 3061//3061 2855//2855 3062//3062
f 2855//2855 3049//3049 3062//3062
f 2854//2854 2851//2851 2850//2850
f 2854//2854 2850//2850 2934//2934
f 2851//2851 2852//2852 2853//2853
f 2851//2851 2853//2853 2935//2935
f 2843//2843 2842//2842 2867//2867
f 2843//2843 2867//2867 2841//2841
f 3088//3088 3089//3089 2988//2988
f 2988//2988 3085//3085 3088//3088
f 2836//2836 2993//2993 2994//2994
f 2836//2836 2994//2994 2822//2822
f 2835//2835 2836//2836 2822//2822
f 2835//2835 2822//2822 2821//2821
f 2834//2834 2833//2833 2836//2836
f 2834//2834 2836//2836 2835//2835
f 37//37 2831//2831 2911//2911
f 2807//2807 2961//2961 3144//3144
f 2807//2807 3144//3144 3143//3143
f 2808//2808 3148//3148 3144//3144
f 2808//2808 3144//3144 2961//2961
f 2809//2809 3147//3147 3148//3148
f 2809//2809 3148//3148 2808//2808
f 2771//2771 3131//3131 3147//3147
f 2771//2771 3147//3147 2809//2809
f 3135//3135 2967//2967 2812//2812
f 3135//3135 2812//2812 3136//3136
f 3132//3132 3133//3133 2789//2789
f 3132//3132 2789//2789 2813//2813
f 3136//3136 2812//2812 2789//2789
f 3136//3136 2789//2789 3133//3133
f 2805//2805 2806//2806 3137//3137
f 2805//2805 3137//3137 3139//3139
f 2973//2973 2972//2972 3142//3142
f 2973//2973 3142//3142 3145//3145
f 2803//2803 2960//2960 3140//3140
f 2803//2803 3140//3140 3141//3141
f 2803//2803 3141//3141 3138//3138
f 2803//2803 3138//3138 2959//2959
f 3131//3131 2771//2771 2962//2962
f 3131//3131 2962//2962 3129//3129
f 3122//3122 3130//3130 2963//2963
f 3122//3122 2963//2963 2784//2784
f 3127//3127 2963//2963 3130//3130
f 3127//3127 3128//3128 2786//2786
f 3129//3129 2962//2962 2786//2786
f 3129//3129 2786//2786 3128//3128
f 3121//3121 3123//3123 2964//2964
f 3121//3121 2964//2964 2810//2810
f 3119//3119 3121//3121 2810//2810
f 3118//3118 3120//3120 2782//2782
f 3118//3118 2782//2782 2811//2811
f 3120//3120 3119//3119 2810//2810
f 3120//3120 2810//2810 2782//2782
f 3116//3116 2811//2811 2969//2969
f 3116//3116 3118//3118 2811//2811
f 3135//3135 3126//3126 2804//2804
f 3135//3135 2804//2804 2967//2967
f 3126//3126 3125//3125 2966//2966
f 3126//3126 2966//2966 2804//2804
f 3125//3125 3117//3117 2965//2965
f 3125//3125 2965//2965 2966//2966
f 3139//3139 3134//3134 2752//2752
f 3139//3139 2752//2752 2805//2805
f 3134//3134 3132//3132 2813//2813
f 3134//3134 2813//2813 2752//2752
f 2806//2806 2959//2959 3138//3138
f 2806//2806 3138//3138 3137//3137
f 3117//3117 3116//3116 2969//2969
f 3117//3117 2969//2969 2965//2965
f 2965//2965 2969//2969 2970//2970
f 2965//2965 2970//2970 2776//2776
f 2776//2776 2970//2970 2971//2971
f 2776//2776 2971//2971 2791//2791
f 2807//2807 2972//2972 2819//2819
f 2807//2807 2819//2819 2818//2818
f 2972//2972 2807//2807 3143//3143
f 2972//2972 3143//3143 3146//3146
f 2756//2756 2820//2820 2973//2973
f 2756//2756 2973//2973 2960//2960
f 2960//2960 2973//2973 3145//3145
f 2960//2960 3145//3145 3140//3140
f 2972//2972 3146//3146 3142//3142
f 3124//3124 3122//3122 2784//2784
f 3124//3124 2784//2784 2964//2964
f 2976//2976 2977//2977 2968//2968
f 2976//2976 2802//2802 2890//2890
f 2790//2790 2791//2791 2978//2978
f 2790//2790 2978//2978 2760//2760
f 2971//2971 2759//2759 2978//2978
f 2971//2971 2978//2978 2791//2791
f 2971//2971 2797//2797 2759//2759
f 2977//2977 2934//2934 2758//2758
f 2854//2854 2977//2977 2976//2976
f 2854//2854 2976//2976 2891//2891
f 2977//2977 2854//2854 2934//2934
f 2759//2759 2980//2980 2978//2978
f 2980//2980 2759//2759 2981//2981
f 2981//2981 2759//2759 2816//2816
f 2981//2981 2816//2816 2982//2982
f 2934//2934 2982//2982 2816//2816
f 2982//2982 2934//2934 2937//2937
f 2981//2981 2982//2982 2933//2933
f 2981//2981 2933//2933 2912//2912
f 2838//2838 2944//2944 2820//2820
f 2838//2838 2820//2820 2756//2756
f 2843//2843 2841//2841 2840//2840
f 2843//2843 2840//2840 2983//2983
f 2839//2839 2984//2984 2983//2983
f 2839//2839 2983//2983 2840//2840
f 2756//2756 2960//2960 2803//2803
f 2756//2756 2803//2803 3089//3089
f 2806//2806 2805//2805 2749//2749
f 2806//2806 2749//2749 3067//3067
f 2959//2959 3075//3075 3089//3089
f 2959//2959 3089//3089 2803//2803
f 2985//2985 2751//2751 2788//2788
f 2985//2985 2788//2788 2986//2986
f 2787//2787 2986//2986 2788//2788
f 2787//2787 2788//2788 2812//2812
f 3089//3089 3075//3075 2988//2988
f 3068//3068 3075//3075 3067//3067
f 2987//2987 3066//3066 2749//2749
f 2987//2987 2749//2749 2750//2750
f 2987//2987 2750//2750 2751//2751
f 2987//2987 2751//2751 2985//2985
f 3068//3068 3078//3078 3075//3075
f 2993//2993 2842//2842 2843//2843
f 2993//2993 2843//2843 2900//2900
f 2836//2836 2833//2833 2842//2842
f 2836//2836 2842//2842 2993//2993
f 3057//3057 2985//2985 2986//2986
f 3057//3057 2986//2986 2754//2754
f 2798//2798 2754//2754 2986//2986
f 2798//2798 2986//2986 2787//2787
f 2987//2987 2985//2985 3057//3057
f 2987//2987 3057//3057 2755//2755
f 3072//3072 3078//3078 3068//3068
f 2991//2991 2992//2992 2772//2772
f 2991//2991 2772//2772 2774//2774
f 2772//2772 2992//2992 2839//2839
f 2772//2772 2839//2839 2800//2800
f 2990//2990 2989//2989 2818//2818
f 2990//2990 2818//2818 2819//2819
f 2990//2990 2819//2819 2820//2820
f 2990//2990 2820//2820 2944//2944
f 2989//2989 2991//2991 2774//2774
f 2989//2989 2774//2774 2818//2818
f 2994//2994 2993//2993 2900//2900
f 2995//2995 2990//2990 2944//2944
f 2940//2940 2995//2995 2944//2944
f 2940//2940 2944//2944 2838//2838
f 2795//2795 2996//2996 2798//2798
f 2795//2795 2798//2798 2794//2794
f 2998//2998 3057//3057 2754//2754
f 2996//2996 2998//2998 2754//2754
f 2996//2996 2754//2754 2798//2798
f 2837//2837 2997//2997 2999//2999
f 2837//2837 2755//2755 2997//2997
f 3000//3000 3072//3072 2837//2837
f 3000//3000 2837//2837 3004//3004
f 2943//2943 2949//2949 2995//2995
f 2940//2940 2943//2943 2995//2995
f 3005//3005 3090//3090 3087//3087
f 3084//3084 3005//3005 3087//3087
f 3001//3001 3002//3002 2931//2931
f 3002//3002 2880//2880 2930//2930
f 3002//3002 2930//2930 2931//2931
f 2880//2880 2876//2876 2877//2877
f 2880//2880 2877//2877 2930//2930
f 2876//2876 2871//2871 2872//2872
f 2876//2876 2872//2872 2877//2877
f 2871//2871 3003//3003 2872//2872
f 2999//2999 3004//3004 2837//2837
f 3004//3004 3069//3069 3000//3000
f 3004//3004 2999//2999 3007//3007
f 3012//3012 3090//3090 3005//3005
f 2753//2753 3006//3006 3059//3059
f 2753//2753 3059//3059 3060//3060
f 3006//3006 2753//2753 2761//2761
f 3006//3006 2761//2761 2814//2814
f 2948//2948 3009//3009 2949//2949
f 3010//3010 2948//2948 2949//2949
f 3010//3010 2949//2949 2943//2943
f 3011//3011 3010//3010 2943//2943
f 3086//3086 3012//3012 3005//3005
f 3013//3013 3014//3014 2880//2880
f 3014//3014 3015//3015 2876//2876
f 3014//3014 2876//2876 2880//2880
f 3015//3015 2871//2871 2876//2876
f 3016//3016 3003//3003 2871//2871
f 3017//3017 3069//3069 3004//3004
f 3019//3019 3070//3070 3069//3069
f 3086//3086 3008//3008 3073//3073
f 3086//3086 3073//3073 3018//3018
f 3069//3069 3017//3017 3019//3019
f 3022//3022 3021//3021 2948//2948
f 3023//3023 3022//3022 2948//2948
f 3023//3023 2948//2948 3100//3100
f 3024//3024 3102//3102 3100//3100
f 3024//3024 3100//3100 2939//2939
f 3092//3092 3091//3091 3018//3018
f 3092//3092 3018//3018 3020//3020
f 3021//3021 3025//3025 3013//3013
f 2814//2814 3026//3026 3006//3006
f 3025//3025 3027//3027 3014//3014
f 3025//3025 3014//3014 3013//3013
f 3027//3027 3028//3028 3015//3015
f 3027//3027 3015//3015 3014//3014
f 3028//3028 3029//3029 3016//3016
f 3028//3028 3016//3016 3015//3015
f 3019//3019 3017//3017 3030//3030
f 3058//3058 3006//3006 3026//3026
f 2762//2762 2858//2858 3031//3031
f 2762//2762 3031//3031 2814//2814
f 3080//3080 3082//3082 3074//3074
f 3093//3093 3092//3092 3020//3020
f 3093//3093 3020//3020 3032//3032
f 3019//3019 3030//3030 2860//2860
f 3019//3019 2860//2860 3064//3064
f 3101//3101 2938//2938 3097//3097
f 3101//3101 3097//3097 3103//3103
f 2941//2941 3103//3103 3033//3033
f 2941//2941 3033//3033 3106//3106
f 3074//3074 3071//3071 3065//3065
f 3098//3098 3096//3096 3095//3095
f 3098//3098 3095//3095 3035//3035
f 3111//3111 2887//2887 2888//2888
f 3111//3111 2888//2888 2945//2945
f 3105//3105 3107//3107 3106//3106
f 3105//3105 3106//3106 3033//3033
f 2908//2908 2923//2923 3031//3031
f 2908//2908 3031//3031 2858//2858
f 2859//2859 3031//3031 2923//2923
f 2858//2858 2857//2857 2905//2905
f 2858//2858 2905//2905 2908//2908
f 3064//3064 3065//3065 3071//3071
f 3104//3104 3105//3105 3098//3098
f 3104//3104 3098//3098 2919//2919
f 3111//3111 3034//3034 3036//3036
f 3111//3111 3036//3036 2887//2887
f 3036//3036 3037//3037 2881//2881
f 3036//3036 2881//2881 2887//2887
f 3037//3037 3115//3115 2882//2882
f 3037//3037 2882//2882 2881//2881
f 3040//3040 2864//2864 3037//3037
f 3040//3040 3037//3037 3036//3036
f 3037//3037 2864//2864 3115//3115
f 3041//3041 3040//3040 3036//3036
f 3041//3041 3036//3036 3034//3034
f 3064//3064 2860//2860 3050//3050
f 3064//3064 3050//3050 3048//3048
f 2921//2921 3044//3044 3108//3108
f 2921//2921 3108//3108 3104//3104
f 2921//2921 3104//3104 2919//2919
f 2921//2921 2919//2919 2920//2920
f 2916//2916 2920//2920 2919//2919
f 2916//2916 2919//2919 2918//2918
f 3083//3083 2916//2916 2918//2918
f 3108//3108 3044//3044 3041//3041
f 3042//3042 3045//3045 3115//3115
f 3042//3042 3115//3115 2864//2864
f 2917//2917 3043//3043 2920//2920
f 2916//2916 2917//2917 2920//2920
f 2920//2920 3043//3043 2921//2921
f 3113//3113 3041//3041 3044//3044
f 3040//3040 3042//3042 2864//2864
f 3046//3046 2916//2916 3047//3047
f 3048//3048 3047//3047 3039//3039
f 3046//3046 2917//2917 2916//2916
f 2975//2975 29//29 3045//3045
f 3056//3056 3099//3099 3043//3043
f 2917//2917 2915//2915 3056//3056
f 3113//3113 2975//2975 3042//3042
f 3063//3063 3048//3048 3050//3050
f 3056//3056 48//48 69//69
f 3056//3056 69//69 3099//3099
f 2844//2844 3049//3049 2849//2849
f 2844//2844 3063//3063 3050//3050
f 2844//2844 3050//3050 3049//3049
f 3060//3060 2999//2999 2997//2997
f 3060//3060 2997//2997 3057//3057
f 3059//3059 3058//3058 3017//3017
f 3059//3059 3017//3017 3007//3007
f 3060//3060 3007//3007 2999//2999
f 3057//3057 2997//2997 2755//2755
f 3059//3059 3007//3007 3060//3060
f 3017//3017 3058//3058 3030//3030
f 3058//3058 3026//3026 2856//2856
f 3058//3058 2856//2856 3061//3061
f 3061//3061 3062//3062 3030//3030
f 3061//3061 3030//3030 3058//3058
f 3063//3063 3055//3055 3048//3048
f 3108//3108 3041//3041 3034//3034
f 3108//3108 3034//3034 3110//3110
f 3065//3065 3064//3064 3048//3048
f 3019//3019 3064//3064 3071//3071
f 3068//3068 3066//3066 2837//2837
f 3068//3068 2837//2837 3072//3072
f 2959//2959 2806//2806 3067//3067
f 2959//2959 3067//3067 3075//3075
f 3066//3066 3068//3068 3067//3067
f 3066//3066 3067//3067 2749//2749
f 3008//3008 3069//3069 3070//3070
f 3008//3008 3070//3070 3073//3073
f 3070//3070 3019//3019 3071//3071
f 3071//3071 3074//3074 3082//3082
f 3070//3070 3071//3071 3082//3082
f 3070//3070 3082//3082 3073//3073
f 3076//3076 3072//3072 3000//3000
f 3076//3076 3000//3000 3077//3077
f 3078//3078 3072//3072 3076//3076
f 3078//3078 2988//2988 3075//3075
f 3078//3078 3085//3085 2988//2988
f 3008//3008 3084//3084 3077//3077
f 3087//3087 3076//3076 3077//3077
f 3087//3087 3077//3077 3084//3084
f 3085//3085 3078//3078 3076//3076
f 3085//3085 3076//3076 3087//3087
f 3077//3077 3069//3069 3008//3008
f 3032//3032 3080//3080 3079//3079
f 3080//3080 3032//3032 3020//3020
f 3080//3080 3020//3020 3082//3082
f 3083//3083 2918//2918 3081//3081
f 3008//3008 3086//3086 3005//3005
f 3008//3008 3005//3005 3084//3084
f 3082//3082 3020//3020 3018//3018
f 3082//3082 3018//3018 3073//3073
f 3088//3088 3087//3087 3090//3090
f 3093//3093 3032//3032 3079//3079
f 3093//3093 3079//3079 3094//3094
f 2919//2919 3035//3035 2918//2918
f 3088//3088 2838//2838 3089//3089
f 3089//3089 2838//2838 2756//2756
f 3079//3079 3081//3081 3095//3095
f 3079//3079 3095//3095 3094//3094
f 3035//3035 3095//3095 3081//3081
f 3035//3035 3081//3081 2918//2918
f 3088//3088 3090//3090 2940//2940
f 3088//3088 2940//2940 2838//2838
f 3091//3091 2939//2939 3011//3011
f 3091//3091 3011//3011 3012//3012
f 3012//3012 3011//3011 2940//2940
f 3012//3012 2940//2940 3090//3090
f 3091//3091 3092//3092 3024//3024
f 3091//3091 3024//3024 2939//2939
f 3024//3024 3092//3092 3093//3093
f 3024//3024 3093//3093 2938//2938
f 2938//2938 3093//3093 3094//3094
f 2938//2938 3094//3094 3097//3097
f 3098//3098 3105//3105 3033//3033
f 3098//3098 3033//3033 3096//3096
f 3109//3109 3051//3051 2865//2865
f 3102//3102 3101//3101 2942//2942
f 3102//3102 2942//2942 3023//3023
f 3102//3102 3023//3023 3100//3100
f 3101//3101 3103//3103 2941//2941
f 3101//3101 2941//2941 2942//2942
f 3103//3103 3097//3097 3096//3096
f 3103//3103 3096//3096 3033//3033
f 3110//3110 3107//3107 3105//3105
f 3110//3110 3105//3105 3104//3104
f 3110//3110 3104//3104 3108//3108
f 3107//3107 3111//3111 2945//2945
f 3107//3107 2945//2945 3106//3106
f 3110//3110 3111//3111 3107//3107
f 3110//3110 3034//3034 3111//3111
f 3112//3112 2830//2830 2873//2873
f 3113//3113 3042//3042 3040//3040
f 3113//3113 3040//3040 3041//3041
f 3113//3113 3044//3044 3109//3109
f 21//21 3113//3113 3109//3109
f 21//21 3109//3109 2865//2865
f 2865//2865 3051//3051 3099//3099
f 2865//2865 3099//3099 2974//2974
f 2974//2974 3099//3099 69//69
f 3029//3029 2873//2873 3016//3016
f 2865//2865 2974//2974 21//21
f 2975//2975 3113//3113 21//21
f 2884//2884 2951//2951 3114//3114
f 2884//2884 3114//3114 2878//2878
f 2882//2882 2950//2950 2951//2951
f 2882//2882 2951//2951 2884//2884
f 3115//3115 2950//2950 2882//2882
f 3114//3114 2875//2875 2879//2879
f 3114//3114 2879//2879 2878//2878
f 3615//3615 3613//3613 3170//3170
f 3430//3430 3222//3222 3327//3327
f 3322//3322 3210//3210 3211//3211
f 3213//3213 3197//3197 3196//3196
f 3319//3319 3306//3306 3177//3177
f 3152//3152 3316//3316 3151//3151
f 3286//3286 3288//3288 3285//3285
f 3306//3306 3164//3164 3177//3177
f 3293//3293 3316//3316 3299//3299
f 3235//3235 3253//3253 3417//3417
f 3259//3259 3279//3279 3280//3280
f 3349//3349 3245//3245 3243//3243
f 3263//3263 3239//3239 3249//3249
f 3260//3260 3252//3252 3259//3259
f 3235//3235 3236//3236 3240//3240
f 3234//3234 3236//3236 3235//3235
f 3649//3649 3277//3277 3278//3278
f 3375//3375 3255//3255 3374//3374
f 3410//3410 3252//3252 3647//3647
f 3417//3417 3234//3234 3235//3235
f 3327//3327 3368//3368 3367//3367
f 3154//3154 3183//3183 3176//3176
f 3154//3154 3178//3178 3184//3184
f 3175//3175 3178//3178 3154//3154
f 3159//3159 3160//3160 3177//3177
f 3177//3177 3176//3176 3183//3183
f 3170//3170 3172//3172 3620//3620
f 3170//3170 3620//3620 3727//3727
f 3178//3178 3175//3175 3155//3155
f 3155//3155 3175//3175 3176//3176
f 3172//3172 3181//3181 3337//3337
f 3173//3173 3152//3152 3172//3172
f 3173//3173 3171//3171 3153//3153
f 3173//3173 3170//3170 3171//3171
f 3172//3172 3170//3170 3173//3173
f 3615//3615 3170//3170 3619//3619
f 3170//3170 3613//3613 3171//3171
f 3181//3181 3172//3172 3152//3152
f 3152//3152 3151//3151 3181//3181
f 3151//3151 3169//3169 3181//3181
f 3151//3151 3184//3184 3169//3169
f 3169//3169 3184//3184 3178//3178
f 3763//3763 3762//3762 3596//3596
f 3758//3758 3168//3168 3167//3167
f 3758//3758 3167//3167 3596//3596
f 3763//3763 3596//3596 3167//3167
f 3180//3180 3165//3165 3168//3168
f 3163//3163 3167//3167 3168//3168
f 3163//3163 3168//3168 3165//3165
f 3161//3161 3763//3763 3167//3167
f 3161//3161 3167//3167 3163//3163
f 3179//3179 3639//3639 3159//3159
f 3763//3763 3161//3161 3162//3162
f 3159//3159 3164//3164 3158//3158
f 3159//3159 3158//3158 3179//3179
f 3157//3157 3314//3314 3165//3165
f 3182//3182 3165//3165 3314//3314
f 3163//3163 3165//3165 3182//3182
f 3180//3180 3157//3157 3165//3165
f 3164//3164 3159//3159 3177//3177
f 3150//3150 3163//3163 3182//3182
f 3406//3406 3161//3161 3163//3163
f 3406//3406 3163//3163 3150//3150
f 3309//3309 3162//3162 3161//3161
f 3309//3309 3161//3161 3406//3406
f 3149//3149 3588//3588 3162//3162
f 3149//3149 3162//3162 3309//3309
f 3160//3160 3159//3159 3639//3639
f 3158//3158 3157//3157 3180//3180
f 3158//3158 3180//3180 3179//3179
f 3337//3337 3620//3620 3172//3172
f 3337//3337 3181//3181 3628//3628
f 3169//3169 3174//3174 3628//3628
f 3169//3169 3628//3628 3181//3181
f 3178//3178 3632//3632 3174//3174
f 3178//3178 3174//3174 3169//3169
f 3155//3155 3632//3632 3178//3178
f 3176//3176 3156//3156 3155//3155
f 3179//3179 3166//3166 3639//3639
f 3180//3180 3644//3644 3166//3166
f 3180//3180 3166//3166 3179//3179
f 3644//3644 3180//3180 3168//3168
f 3644//3644 3168//3168 3758//3758
f 3757//3757 3160//3160 3639//3639
f 3156//3156 3633//3633 3155//3155
f 3632//3632 3155//3155 3633//3633
f 3728//3728 3620//3620 3337//3337
f 3233//3233 3334//3334 3332//3332
f 3233//3233 3332//3332 3225//3225
f 3232//3232 3333//3333 3334//3334
f 3232//3232 3334//3334 3233//3233
f 3209//3209 3321//3321 3333//3333
f 3209//3209 3333//3333 3232//3232
f 3231//3231 3199//3199 3197//3197
f 3231//3231 3197//3197 3213//3213
f 3389//3389 3390//3390 3199//3199
f 3389//3389 3199//3199 3231//3231
f 3382//3382 3219//3219 3202//3202
f 3382//3382 3202//3202 3383//3383
f 3385//3385 3229//3229 3204//3204
f 3385//3385 3204//3204 3386//3386
f 3230//3230 3395//3395 3204//3204
f 3230//3230 3204//3204 3229//3229
f 3221//3221 3220//3220 3207//3207
f 3221//3221 3207//3207 3206//3206
f 3220//3220 3228//3228 3208//3208
f 3220//3220 3208//3208 3207//3207
f 3228//3228 3227//3227 3402//3402
f 3228//3228 3402//3402 3208//3208
f 3216//3216 3328//3328 3402//3402
f 3216//3216 3402//3402 3227//3227
f 3216//3216 3217//3217 3424//3424
f 3216//3216 3424//3424 3328//3328
f 3332//3332 3329//3329 3224//3224
f 3332//3332 3224//3224 3225//3225
f 3224//3224 3329//3329 3323//3323
f 3222//3222 3223//3223 3330//3330
f 3222//3222 3330//3330 3327//3327
f 3212//3212 3214//3214 3351//3351
f 3212//3212 3351//3351 3320//3320
f 3360//3360 3361//3361 3326//3326
f 3360//3360 3326//3326 3331//3331
f 3323//3323 3324//3324 3215//3215
f 3323//3323 3215//3215 3224//3224
f 3214//3214 3213//3213 3196//3196
f 3214//3214 3196//3196 3351//3351
f 3211//3211 3212//3212 3320//3320
f 3211//3211 3320//3320 3322//3322
f 3209//3209 3210//3210 3322//3322
f 3209//3209 3322//3322 3321//3321
f 3357//3357 3332//3332 3334//3334
f 3357//3357 3334//3334 3356//3356
f 3333//3333 3355//3355 3356//3356
f 3333//3333 3356//3356 3334//3334
f 3355//3355 3333//3333 3321//3321
f 3355//3355 3321//3321 3354//3354
f 3352//3352 3353//3353 3322//3322
f 3352//3352 3322//3322 3320//3320
f 3198//3198 3275//3275 3276//3276
f 3198//3198 3276//3276 3197//3197
f 3198//3198 3391//3391 3392//3392
f 3198//3198 3392//3392 3275//3275
f 3357//3357 3358//3358 3329//3329
f 3357//3357 3329//3329 3332//3332
f 3371//3371 3251//3251 3363//3363
f 3370//3370 3363//3363 3262//3262
f 3370//3370 3262//3262 3269//3269
f 3370//3370 3269//3269 3369//3369
f 3368//3368 3369//3369 3269//3269
f 3368//3368 3269//3269 3255//3255
f 3358//3358 3359//3359 3323//3323
f 3358//3358 3323//3323 3329//3329
f 3397//3397 3272//3272 3203//3203
f 3397//3397 3203//3203 3396//3396
f 3387//3387 3203//3203 3272//3272
f 3205//3205 3364//3364 3271//3271
f 3432//3432 3367//3367 3267//3267
f 3432//3432 3267//3267 3431//3431
f 3367//3367 3368//3368 3255//3255
f 3367//3367 3255//3255 3267//3267
f 3363//3363 3251//3251 3262//3262
f 3371//3371 3324//3324 3323//3323
f 3371//3371 3323//3323 3359//3359
f 3354//3354 3321//3321 3322//3322
f 3354//3354 3322//3322 3353//3353
f 3352//3352 3320//3320 3351//3351
f 3306//3306 3319//3319 3315//3315
f 3177//3177 3183//3183 3304//3304
f 3177//3177 3304//3304 3319//3319
f 3286//3286 3304//3304 3183//3183
f 3286//3286 3183//3183 3154//3154
f 3301//3301 3304//3304 3286//3286
f 3154//3154 3184//3184 3286//3286
f 3152//3152 3173//3173 3316//3316
f 3299//3299 3316//3316 3173//3173
f 3173//3173 3153//3153 3299//3299
f 3171//3171 3318//3318 3153//3153
f 3317//3317 3318//3318 3171//3171
f 3317//3317 3338//3338 3318//3318
f 3171//3171 3665//3665 3317//3317
f 3665//3665 3338//3338 3317//3317
f 3664//3664 3297//3297 3338//3338
f 3184//3184 3151//3151 3288//3288
f 3288//3288 3316//3316 3287//3287
f 3151//3151 3316//3316 3288//3288
f 3288//3288 3286//3286 3184//3184
f 3407//3407 3310//3310 3401//3401
f 3157//3157 3310//3310 3311//3311
f 3157//3157 3158//3158 3310//3310
f 3306//3306 3310//3310 3158//3158
f 3306//3306 3158//3158 3164//3164
f 3315//3315 3310//3310 3306//3306
f 3405//3405 3407//3407 3408//3408
f 3405//3405 3314//3314 3311//3311
f 3405//3405 3408//3408 3313//3313
f 3157//3157 3311//3311 3314//3314
f 3409//3409 3313//3313 3408//3408
f 3313//3313 3409//3409 3411//3411
f 3410//3410 3312//3312 3411//3411
f 3410//3410 3307//3307 3312//3312
f 3309//3309 3312//3312 3307//3307
f 3150//3150 3313//3313 3406//3406
f 3310//3310 3407//3407 3311//3311
f 3309//3309 3307//3307 3149//3149
f 3410//3410 3308//3308 3307//3307
f 3647//3647 3648//3648 3308//3308
f 3647//3647 3308//3308 3410//3410
f 3260//3260 3412//3412 3413//3413
f 3260//3260 3413//3413 3283//3283
f 3649//3649 3278//3278 3651//3651
f 3346//3346 3347//3347 3246//3246
f 3349//3349 3243//3243 3348//3348
f 3346//3346 3345//3345 3344//3344
f 3346//3346 3344//3344 3341//3341
f 3294//3294 3341//3341 3344//3344
f 3189//3189 3290//3290 3188//3188
f 3189//3189 3190//3190 3186//3186
f 3400//3400 3186//3186 3190//3190
f 3401//3401 3315//3315 3305//3305
f 3315//3315 3319//3319 3305//3305
f 3186//3186 3400//3400 3305//3305
f 3305//3305 3303//3303 3186//3186
f 3319//3319 3303//3303 3305//3305
f 3319//3319 3304//3304 3303//3303
f 3301//3301 3303//3303 3304//3304
f 3302//3302 3303//3303 3301//3301
f 3302//3302 3186//3186 3303//3303
f 3189//3189 3186//3186 3302//3302
f 3302//3302 3290//3290 3189//3189
f 3302//3302 3285//3285 3290//3290
f 3301//3301 3285//3285 3302//3302
f 3286//3286 3285//3285 3301//3301
f 3300//3300 3293//3293 3299//3299
f 3187//3187 3293//3293 3300//3300
f 3294//3294 3187//3187 3341//3341
f 3341//3341 3339//3339 3342//3342
f 3300//3300 3299//3299 3298//3298
f 3300//3300 3298//3298 3339//3339
f 3299//3299 3153//3153 3298//3298
f 3298//3298 3153//3153 3318//3318
f 3339//3339 3298//3298 3318//3318
f 3348//3348 3347//3347 3342//3342
f 3348//3348 3296//3296 3295//3295
f 3404//3404 3335//3335 3296//3296
f 3318//3318 3338//3338 3335//3335
f 3318//3318 3335//3335 3404//3404
f 3653//3653 3664//3664 3657//3657
f 3297//3297 3664//3664 3653//3653
f 3296//3296 3335//3335 3278//3278
f 3296//3296 3278//3278 3295//3295
f 3338//3338 3297//3297 3335//3335
f 3340//3340 3187//3187 3294//3294
f 3340//3340 3294//3294 3292//3292
f 3287//3287 3293//3293 3187//3187
f 3287//3287 3316//3316 3293//3293
f 3340//3340 3292//3292 3291//3291
f 3340//3340 3291//3291 3289//3289
f 3393//3393 3289//3289 3291//3291
f 3394//3394 3289//3289 3393//3393
f 3285//3285 3288//3288 3394//3394
f 3285//3285 3394//3394 3290//3290
f 3289//3289 3394//3394 3287//3287
f 3288//3288 3287//3287 3394//3394
f 3185//3185 3282//3282 3192//3192
f 3192//3192 3414//3414 3185//3185
f 3414//3414 3418//3418 3185//3185
f 3416//3416 3257//3257 3415//3415
f 3295//3295 3277//3277 3264//3264
f 3263//3263 3336//3336 3239//3239
f 3240//3240 3236//3236 3239//3239
f 3240//3240 3239//3239 3336//3336
f 3238//3238 3283//3283 3253//3253
f 3238//3238 3253//3253 3241//3241
f 3413//3413 3417//3417 3253//3253
f 3413//3413 3253//3253 3283//3283
f 3257//3257 3260//3260 3259//3259
f 3416//3416 3412//3412 3260//3260
f 3416//3416 3260//3260 3257//3257
f 3282//3282 3407//3407 3401//3401
f 3407//3407 3282//3282 3281//3281
f 3282//3282 3185//3185 3281//3281
f 3281//3281 3185//3185 3418//3418
f 3281//3281 3418//3418 3408//3408
f 3408//3408 3418//3418 3280//3280
f 3310//3310 3315//3315 3401//3401
f 3252//3252 3260//3260 3283//3283
f 3252//3252 3283//3283 3238//3238
f 3259//3259 3280//3280 3258//3258
f 3237//3237 3241//3241 3240//3240
f 3237//3237 3240//3240 3656//3656
f 3241//3241 3237//3237 3238//3238
f 3654//3654 3656//3656 3240//3240
f 3300//3300 3341//3341 3187//3187
f 3400//3400 3401//3401 3305//3305
f 3280//3280 3409//3409 3408//3408
f 3279//3279 3409//3409 3280//3280
f 3252//3252 3279//3279 3259//3259
f 3238//3238 3647//3647 3252//3252
f 3277//3277 3295//3295 3278//3278
f 3249//3249 3264//3264 3277//3277
f 3249//3249 3277//3277 3263//3263
f 3335//3335 3297//3297 3651//3651
f 3335//3335 3651//3651 3278//3278
f 3350//3350 3270//3270 3245//3245
f 3350//3350 3245//3245 3349//3349
f 3246//3246 3244//3244 3247//3247
f 3344//3344 3345//3345 3242//3242
f 3344//3344 3242//3242 3195//3195
f 3194//3194 3276//3276 3275//3275
f 3193//3193 3274//3274 3384//3384
f 3388//3388 3193//3193 3273//3273
f 3388//3388 3273//3273 3387//3387
f 3398//3398 3272//3272 3397//3397
f 3271//3271 3364//3364 3380//3380
f 3271//3271 3380//3380 3191//3191
f 3379//3379 3380//3380 3364//3364
f 3379//3379 3364//3364 3365//3365
f 3379//3379 3378//3378 3268//3268
f 3381//3381 3358//3358 3270//3270
f 3381//3381 3270//3270 3350//3350
f 3249//3249 3250//3250 3381//3381
f 3249//3249 3381//3381 3264//3264
f 3236//3236 3372//3372 3239//3239
f 3234//3234 3373//3373 3372//3372
f 3234//3234 3372//3372 3236//3236
f 3254//3254 3374//3374 3373//3373
f 3254//3254 3373//3373 3234//3234
f 3421//3421 3261//3261 3268//3268
f 3421//3421 3268//3268 3378//3378
f 3266//3266 3376//3376 3375//3375
f 3266//3266 3375//3375 3256//3256
f 3265//3265 3377//3377 3376//3376
f 3265//3265 3376//3376 3266//3266
f 3372//3372 3251//3251 3248//3248
f 3372//3372 3248//3248 3239//3239
f 3258//3258 3280//3280 3261//3261
f 3258//3258 3257//3257 3259//3259
f 3374//3374 3254//3254 3256//3256
f 3374//3374 3256//3256 3375//3375
f 3241//3241 3253//3253 3235//3235
f 3241//3241 3235//3235 3240//3240
f 3251//3251 3250//3250 3249//3249
f 3251//3251 3249//3249 3248//3248
f 3248//3248 3249//3249 3239//3239
f 3345//3345 3246//3246 3247//3247
f 3345//3345 3247//3247 3242//3242
f 3346//3346 3246//3246 3345//3345
f 3244//3244 3243//3243 3245//3245
f 3347//3347 3348//3348 3243//3243
f 3339//3339 3341//3341 3300//3300
f 3336//3336 3654//3654 3240//3240
f 3237//3237 3647//3647 3238//3238
f 3656//3656 3647//3647 3237//3237
f 3365//3365 3364//3364 3207//3207
f 3365//3365 3207//3207 3208//3208
f 3207//3207 3364//3364 3205//3205
f 3207//3207 3205//3205 3206//3206
f 3396//3396 3203//3203 3204//3204
f 3396//3396 3204//3204 3395//3395
f 3387//3387 3386//3386 3204//3204
f 3387//3387 3204//3204 3203//3203
f 3384//3384 3383//3383 3202//3202
f 3384//3384 3202//3202 3273//3273
f 3391//3391 3198//3198 3199//3199
f 3391//3391 3199//3199 3390//3390
f 3197//3197 3199//3199 3198//3198
f 3195//3195 3343//3343 3344//3344
f 3343//3343 3276//3276 3194//3194
f 3392//3392 3393//3393 3275//3275
f 3193//3193 3189//3189 3188//3188
f 3193//3193 3188//3188 3274//3274
f 3189//3189 3193//3193 3388//3388
f 3189//3189 3388//3388 3190//3190
f 3398//3398 3190//3190 3272//3272
f 3414//3414 3192//3192 3380//3380
f 3414//3414 3380//3380 3379//3379
f 3284//3284 3191//3191 3380//3380
f 3284//3284 3380//3380 3192//3192
f 3399//3399 3400//3400 3190//3190
f 3399//3399 3190//3190 3398//3398
f 3393//3393 3291//3291 3275//3275
f 3292//3292 3194//3194 3275//3275
f 3292//3292 3275//3275 3291//3291
f 3294//3294 3194//3194 3292//3292
f 3192//3192 3282//3282 3284//3284
f 3263//3263 3650//3650 3654//3654
f 3263//3263 3654//3654 3336//3336
f 3277//3277 3650//3650 3263//3263
f 3277//3277 3649//3649 3650//3650
f 3619//3619 3170//3170 3727//3727
f 3619//3619 3727//3727 3618//3618
f 3728//3728 3337//3337 3628//3628
f 3297//3297 3653//3653 3651//3651
f 3339//3339 3318//3318 3404//3404
f 3187//3187 3340//3340 3287//3287
f 3289//3289 3287//3287 3340//3340
f 3342//3342 3339//3339 3404//3404
f 3194//3194 3294//3294 3343//3343
f 3343//3343 3294//3294 3344//3344
f 3246//3246 3347//3347 3244//3244
f 3244//3244 3347//3347 3243//3243
f 3264//3264 3381//3381 3350//3350
f 3346//3346 3341//3341 3342//3342
f 3346//3346 3342//3342 3347//3347
f 3295//3295 3349//3349 3348//3348
f 3349//3349 3295//3295 3350//3350
f 3350//3350 3295//3295 3264//3264
f 3196//3196 3197//3197 3276//3276
f 3196//3196 3276//3276 3343//3343
f 3196//3196 3343//3343 3195//3195
f 3196//3196 3195//3195 3351//3351
f 3352//3352 3351//3351 3195//3195
f 3352//3352 3195//3195 3242//3242
f 3352//3352 3242//3242 3353//3353
f 3247//3247 3354//3354 3353//3353
f 3247//3247 3353//3353 3242//3242
f 3355//3355 3354//3354 3247//3247
f 3355//3355 3247//3247 3244//3244
f 3355//3355 3244//3244 3245//3245
f 3355//3355 3245//3245 3356//3356
f 3270//3270 3357//3357 3356//3356
f 3270//3270 3356//3356 3245//3245
f 3357//3357 3270//3270 3358//3358
f 3358//3358 3250//3250 3359//3359
f 3371//3371 3359//3359 3250//3250
f 3371//3371 3250//3250 3251//3251
f 3331//3331 3330//3330 3223//3223
f 3331//3331 3223//3223 3360//3360
f 3361//3361 3362//3362 3325//3325
f 3361//3361 3325//3325 3326//3326
f 3324//3324 3325//3325 3362//3362
f 3324//3324 3362//3362 3215//3215
f 3324//3324 3371//3371 3363//3363
f 3324//3324 3363//3363 3325//3325
f 3363//3363 3326//3326 3325//3325
f 3403//3403 3365//3365 3208//3208
f 3403//3403 3208//3208 3402//3402
f 3424//3424 3425//3425 3328//3328
f 3368//3368 3327//3327 3330//3330
f 3368//3368 3330//3330 3369//3369
f 3370//3370 3369//3369 3330//3330
f 3370//3370 3330//3330 3331//3331
f 3370//3370 3331//3331 3326//3326
f 3370//3370 3326//3326 3363//3363
f 3250//3250 3358//3358 3381//3381
f 3372//3372 3262//3262 3251//3251
f 3373//3373 3269//3269 3262//3262
f 3373//3373 3262//3262 3372//3372
f 3374//3374 3255//3255 3269//3269
f 3374//3374 3269//3269 3373//3373
f 3376//3376 3267//3267 3255//3255
f 3376//3376 3255//3255 3375//3375
f 3377//3377 3431//3431 3267//3267
f 3377//3377 3267//3267 3376//3376
f 3378//3378 3379//3379 3365//3365
f 3378//3378 3365//3365 3403//3403
f 3382//3382 3383//3383 3201//3201
f 3382//3382 3201//3201 3218//3218
f 3384//3384 3200//3200 3201//3201
f 3384//3384 3201//3201 3383//3383
f 3384//3384 3274//3274 3200//3200
f 3385//3385 3386//3386 3202//3202
f 3385//3385 3202//3202 3219//3219
f 3387//3387 3273//3273 3202//3202
f 3387//3387 3202//3202 3386//3386
f 3388//3388 3387//3387 3272//3272
f 3193//3193 3384//3384 3273//3273
f 3272//3272 3190//3190 3388//3388
f 3389//3389 3218//3218 3201//3201
f 3389//3389 3201//3201 3390//3390
f 3391//3391 3390//3390 3201//3201
f 3391//3391 3201//3201 3200//3200
f 3391//3391 3200//3200 3274//3274
f 3391//3391 3274//3274 3392//3392
f 3392//3392 3274//3274 3188//3188
f 3392//3392 3188//3188 3393//3393
f 3393//3393 3188//3188 3290//3290
f 3290//3290 3394//3394 3393//3393
f 3221//3221 3206//3206 3395//3395
f 3221//3221 3395//3395 3230//3230
f 3396//3396 3395//3395 3206//3206
f 3396//3396 3206//3206 3205//3205
f 3397//3397 3396//3396 3205//3205
f 3397//3397 3205//3205 3271//3271
f 3398//3398 3397//3397 3271//3271
f 3398//3398 3271//3271 3191//3191
f 3399//3399 3398//3398 3191//3191
f 3399//3399 3191//3191 3284//3284
f 3399//3399 3284//3284 3400//3400
f 3400//3400 3284//3284 3282//3282
f 3400//3400 3282//3282 3401//3401
f 3160//3160 3176//3176 3177//3177
f 3176//3176 3160//3160 3156//3156
f 3156//3156 3160//3160 3757//3757
f 3403//3403 3425//3425 3423//3423
f 3403//3403 3402//3402 3328//3328
f 3403//3403 3328//3328 3425//3425
f 3421//3421 3378//3378 3403//3403
f 3421//3421 3403//3403 3423//3423
f 3404//3404 3296//3296 3348//3348
f 3342//3342 3404//3404 3348//3348
f 3405//3405 3311//3311 3407//3407
f 3411//3411 3406//3406 3313//3313
f 3312//3312 3406//3406 3411//3411
f 3182//3182 3314//3314 3405//3405
f 3405//3405 3313//3313 3182//3182
f 3406//3406 3312//3312 3309//3309
f 3182//3182 3313//3313 3150//3150
f 3408//3408 3407//3407 3281//3281
f 3410//3410 3279//3279 3252//3252
f 3411//3411 3279//3279 3410//3410
f 3409//3409 3279//3279 3411//3411
f 3176//3176 3175//3175 3154//3154
f 3412//3412 3256//3256 3254//3254
f 3412//3412 3254//3254 3413//3413
f 3414//3414 3379//3379 3268//3268
f 3414//3414 3268//3268 3418//3418
f 3266//3266 3416//3416 3415//3415
f 3266//3266 3415//3415 3265//3265
f 3413//3413 3254//3254 3234//3234
f 3413//3413 3234//3234 3417//3417
f 3418//3418 3268//3268 3261//3261
f 3416//3416 3266//3266 3256//3256
f 3416//3416 3256//3256 3412//3412
f 3418//3418 3261//3261 3280//3280
f 3258//3258 3261//3261 3415//3415
f 3257//3257 3258//3258 3415//3415
f 3419//3419 3226//3226 3422//3422
f 3419//3419 3422//3422 3420//3420
f 3265//3265 3415//3415 3428//3428
f 3265//3265 3428//3428 3377//3377
f 3366//3366 3420//3420 3422//3422
f 3217//3217 3419//3419 3420//3420
f 3217//3217 3420//3420 3424//3424
f 3425//3425 3366//3366 3423//3423
f 3424//3424 3420//3420 3366//3366
f 3424//3424 3366//3366 3425//3425
f 3226//3226 3426//3426 3429//3429
f 3226//3226 3429//3429 3422//3422
f 3427//3427 3431//3431 3423//3423
f 3427//3427 3423//3423 3366//3366
f 3415//3415 3261//3261 3421//3421
f 3415//3415 3421//3421 3428//3428
f 3427//3427 3366//3366 3422//3422
f 3427//3427 3422//3422 3429//3429
f 3428//3428 3421//3421 3423//3423
f 3428//3428 3423//3423 3431//3431
f 3430//3430 3429//3429 3426//3426
f 3430//3430 3426//3426 3222//3222
f 3431//3431 3427//3427 3432//3432
f 3429//3429 3430//3430 3432//3432
f 3429//3429 3432//3432 3427//3427
f 3428//3428 3431//3431 3377//3377
f 3367//3367 3432//3432 3430//3430
f 3367//3367 3430//3430 3327//3327
f 3684//3684 3459//3459 3460//3460
f 3774//3774 3470//3470 3469//3469
f 3467//3467 3776//3776 3434//3434
f 3598//3598 3584//3584 3614//3614
f 3585//3585 3474//3474 3586//3586
f 3552//3552 3686//3686 3771//3771
f 3519//3519 3514//3514 3529//3529
f 3500//3500 3499//3499 3484//3484
f 3498//3498 3503//3503 3504//3504
f 3477//3477 3476//3476 3478//3478
f 3657//3657 3651//3651 3653//3653
f 3706//3706 3581//3581 3707//3707
f 3732//3732 3477//3477 3484//3484
f 3734//3734 3739//3739 3502//3502
f 3704//3704 3513//3513 3745//3745
f 3773//3773 3523//3523 3511//3511
f 3457//3457 3682//3682 3472//3472
f 3457//3457 3472//3472 3672//3672
f 3672//3672 3466//3466 3452//3452
f 3456//3456 3690//3690 3437//3437
f 3437//3437 3690//3690 3455//3455
f 3684//3684 3683//3683 3458//3458
f 3684//3684 3458//3458 3459//3459
f 3458//3458 3683//3683 3682//3682
f 3458//3458 3682//3682 3457//3457
f 3687//3687 3441//3441 3670//3670
f 3687//3687 3670//3670 3465//3465
f 3471//3471 3776//3776 3436//3436
f 3439//3439 3786//3786 3438//3438
f 3438//3438 3471//3471 3436//3436
f 3436//3436 3776//3776 3435//3435
f 3435//3435 3776//3776 3467//3467
f 3467//3467 3434//3434 3452//3452
f 3450//3450 3433//3433 3449//3449
f 3775//3775 3445//3445 3446//3446
f 3799//3799 3470//3470 3774//3774
f 3443//3443 3470//3470 3442//3442
f 3774//3774 3469//3469 3797//3797
f 3443//3443 3444//3444 3469//3469
f 3443//3443 3469//3469 3470//3470
f 3444//3444 3445//3445 3800//3800
f 3800//3800 3797//3797 3469//3469
f 3445//3445 3775//3775 3800//3800
f 3671//3671 3802//3802 3801//3801
f 3671//3671 3801//3801 3670//3670
f 3670//3670 3801//3801 3804//3804
f 3802//3802 3671//3671 3916//3916
f 3468//3468 3916//3916 3441//3441
f 3470//3470 3799//3799 3468//3468
f 3442//3442 3468//3468 3441//3441
f 3454//3454 3786//3786 3439//3439
f 3776//3776 3471//3471 3669//3669
f 3434//3434 3668//3668 3917//3917
f 3442//3442 3470//3470 3468//3468
f 3441//3441 3687//3687 3765//3765
f 3462//3462 3443//3443 3463//3463
f 3462//3462 3463//3463 3686//3686
f 3460//3460 3461//3461 3685//3685
f 3460//3460 3685//3685 3684//3684
f 3455//3455 3464//3464 3454//3454
f 3462//3462 3686//3686 3685//3685
f 3462//3462 3685//3685 3461//3461
f 3756//3756 3465//3465 3440//3440
f 3670//3670 3440//3440 3465//3465
f 3765//3765 3442//3442 3441//3441
f 3443//3443 3462//3462 3444//3444
f 3461//3461 3445//3445 3444//3444
f 3461//3461 3444//3444 3462//3462
f 3460//3460 3445//3445 3461//3461
f 3459//3459 3447//3447 3460//3460
f 3459//3459 3448//3448 3447//3447
f 3458//3458 3451//3451 3448//3448
f 3458//3458 3448//3448 3459//3459
f 3457//3457 3451//3451 3458//3458
f 3672//3672 3450//3450 3451//3451
f 3672//3672 3451//3451 3457//3457
f 3456//3456 3436//3436 3435//3435
f 3437//3437 3436//3436 3456//3456
f 3455//3455 3439//3439 3437//3437
f 3454//3454 3439//3439 3455//3455
f 3467//3467 3453//3453 3435//3435
f 3452//3452 3453//3453 3467//3467
f 3917//3917 3672//3672 3452//3452
f 3449//3449 3451//3451 3450//3450
f 3448//3448 3451//3451 3449//3449
f 3446//3446 3460//3460 3447//3447
f 3445//3445 3460//3460 3446//3446
f 3671//3671 3441//3441 3916//3916
f 3670//3670 3441//3441 3671//3671
f 3438//3438 3437//3437 3439//3439
f 3436//3436 3437//3437 3438//3438
f 3668//3668 3434//3434 3776//3776
f 3448//3448 3449//3449 3782//3782
f 3777//3777 3446//3446 3447//3447
f 3775//3775 3446//3446 3777//3777
f 3700//3700 3581//3581 3582//3582
f 3700//3700 3582//3582 3627//3627
f 3707//3707 3603//3603 3706//3706
f 3719//3719 3600//3600 3759//3759
f 3675//3675 3676//3676 3626//3626
f 3717//3717 3677//3677 3618//3618
f 3717//3717 3618//3618 3716//3716
f 3615//3615 3619//3619 3618//3618
f 3615//3615 3618//3618 3677//3677
f 3697//3697 3487//3487 3696//3696
f 3699//3699 3505//3505 3487//3487
f 3726//3726 3727//3727 3620//3620
f 3726//3726 3620//3620 3715//3715
f 3620//3620 3728//3728 3729//3729
f 3620//3620 3729//3729 3715//3715
f 3499//3499 3500//3500 3559//3559
f 3499//3499 3559//3559 3562//3562
f 3484//3484 3508//3508 3500//3500
f 3630//3630 3625//3625 3624//3624
f 3630//3630 3624//3624 3629//3629
f 3628//3628 3174//3174 3624//3624
f 3628//3628 3624//3624 3625//3625
f 3500//3500 3556//3556 3559//3559
f 3508//3508 3509//3509 3500//3500
f 3635//3635 3480//3480 3476//3476
f 3635//3635 3476//3476 3645//3645
f 3629//3629 3624//3624 3622//3622
f 3629//3629 3622//3622 3631//3631
f 3174//3174 3632//3632 3622//3622
f 3174//3174 3622//3622 3624//3624
f 3497//3497 3554//3554 3556//3556
f 3635//3635 3636//3636 3481//3481
f 3635//3635 3481//3481 3480//3480
f 3631//3631 3622//3622 3633//3633
f 3631//3631 3633//3633 3634//3634
f 3632//3632 3633//3633 3622//3622
f 3636//3636 3736//3736 3735//3735
f 3636//3636 3735//3735 3481//3481
f 3733//3733 3634//3634 3633//3633
f 3733//3733 3633//3633 3738//3738
f 3759//3759 3600//3600 3598//3598
f 3759//3759 3598//3598 3616//3616
f 3617//3617 3725//3725 3759//3759
f 3617//3617 3759//3759 3616//3616
f 3616//3616 3614//3614 3615//3615
f 3616//3616 3615//3615 3617//3617
f 3598//3598 3614//3614 3616//3616
f 3614//3614 3613//3613 3615//3615
f 3584//3584 3665//3665 3614//3614
f 3613//3613 3614//3614 3665//3665
f 3171//3171 3613//3613 3665//3665
f 3761//3761 3723//3723 3597//3597
f 3761//3761 3597//3597 3760//3760
f 3596//3596 3762//3762 3760//3760
f 3596//3596 3760//3760 3597//3597
f 3704//3704 3496//3496 3703//3703
f 3515//3515 3721//3721 3711//3711
f 3722//3722 3612//3612 3611//3611
f 3722//3722 3611//3611 3721//3721
f 3762//3762 3610//3610 3611//3611
f 3762//3762 3611//3611 3612//3612
f 3763//3763 3589//3589 3610//3610
f 3763//3763 3610//3610 3762//3762
f 3703//3703 3609//3609 3702//3702
f 3711//3711 3721//3721 3710//3710
f 3721//3721 3611//3611 3720//3720
f 3610//3610 3608//3608 3720//3720
f 3610//3610 3720//3720 3611//3611
f 3589//3589 3608//3608 3610//3610
f 3588//3588 3587//3587 3608//3608
f 3588//3588 3608//3608 3589//3589
f 3702//3702 3609//3609 3607//3607
f 3702//3702 3607//3607 3539//3539
f 3710//3710 3606//3606 3709//3709
f 3608//3608 3604//3604 3605//3605
f 3608//3608 3605//3605 3720//3720
f 3587//3587 3585//3585 3604//3604
f 3587//3587 3604//3604 3608//3608
f 3539//3539 3607//3607 3701//3701
f 3709//3709 3606//3606 3602//3602
f 3709//3709 3602//3602 3708//3708
f 3604//3604 3599//3599 3601//3601
f 3604//3604 3601//3601 3605//3605
f 3585//3585 3583//3583 3599//3599
f 3585//3585 3599//3599 3604//3604
f 3701//3701 3581//3581 3700//3700
f 3708//3708 3602//3602 3603//3603
f 3708//3708 3603//3603 3707//3707
f 3599//3599 3600//3600 3601//3601
f 3599//3599 3598//3598 3600//3600
f 3583//3583 3584//3584 3598//3598
f 3583//3583 3598//3598 3599//3599
f 3492//3492 3744//3744 3743//3743
f 3714//3714 3595//3595 3516//3516
f 3714//3714 3516//3516 3713//3713
f 3724//3724 3594//3594 3597//3597
f 3724//3724 3597//3597 3723//3723
f 3642//3642 3593//3593 3594//3594
f 3642//3642 3594//3594 3724//3724
f 3643//3643 3490//3490 3489//3489
f 3643//3643 3489//3489 3641//3641
f 3592//3592 3593//3593 3642//3642
f 3592//3592 3642//3642 3640//3640
f 3644//3644 3593//3593 3592//3592
f 3644//3644 3592//3592 3166//3166
f 3166//3166 3592//3592 3590//3590
f 3166//3166 3590//3590 3639//3639
f 3640//3640 3512//3512 3590//3590
f 3640//3640 3590//3590 3592//3592
f 3641//3641 3489//3489 3488//3488
f 3641//3641 3488//3488 3638//3638
f 3747//3747 3757//3757 3590//3590
f 3747//3747 3590//3590 3512//3512
f 3639//3639 3590//3590 3757//3757
f 3589//3589 3763//3763 3162//3162
f 3589//3589 3162//3162 3588//3588
f 3474//3474 3585//3585 3587//3587
f 3587//3587 3588//3588 3474//3474
f 3149//3149 3474//3474 3588//3588
f 3585//3585 3586//3586 3473//3473
f 3585//3585 3473//3473 3583//3583
f 3583//3583 3473//3473 3659//3659
f 3583//3583 3659//3659 3584//3584
f 3659//3659 3666//3666 3584//3584
f 3706//3706 3580//3580 3582//3582
f 3719//3719 3759//3759 3725//3725
f 3719//3719 3725//3725 3718//3718
f 3538//3538 3572//3572 3681//3681
f 3538//3538 3681//3681 3576//3576
f 3673//3673 3667//3667 3679//3679
f 3673//3673 3679//3679 3680//3680
f 3667//3667 3567//3567 3678//3678
f 3667//3667 3678//3678 3679//3679
f 3567//3567 3692//3692 3691//3691
f 3567//3567 3691//3691 3678//3678
f 3564//3564 3561//3561 3690//3690
f 3564//3564 3690//3690 3579//3579
f 3561//3561 3558//3558 3689//3689
f 3561//3561 3689//3689 3690//3690
f 3558//3558 3555//3555 3688//3688
f 3558//3558 3688//3688 3689//3689
f 3755//3755 3524//3524 3573//3573
f 3528//3528 3769//3769 3770//3770
f 3528//3528 3770//3770 3687//3687
f 3552//3552 3547//3547 3578//3578
f 3552//3552 3578//3578 3686//3686
f 3547//3547 3543//3543 3577//3577
f 3547//3547 3577//3577 3578//3578
f 3543//3543 3537//3537 3575//3575
f 3543//3543 3575//3575 3577//3577
f 3537//3537 3538//3538 3576//3576
f 3537//3537 3576//3576 3575//3575
f 3772//3772 3528//3528 3687//3687
f 3524//3524 3525//3525 3574//3574
f 3524//3524 3574//3574 3573//3573
f 3536//3536 3571//3571 3572//3572
f 3536//3536 3572//3572 3538//3538
f 3534//3534 3570//3570 3571//3571
f 3534//3534 3571//3571 3536//3536
f 3532//3532 3569//3569 3570//3570
f 3532//3532 3570//3570 3534//3534
f 3532//3532 3700//3700 3698//3698
f 3568//3568 3667//3667 3673//3673
f 3569//3569 3697//3697 3674//3674
f 3568//3568 3566//3566 3567//3567
f 3568//3568 3567//3567 3667//3667
f 3674//3674 3565//3565 3566//3566
f 3674//3674 3566//3566 3568//3568
f 3697//3697 3696//3696 3565//3565
f 3697//3697 3565//3565 3674//3674
f 3566//3566 3693//3693 3692//3692
f 3566//3566 3692//3692 3567//3567
f 3565//3565 3694//3694 3693//3693
f 3565//3565 3693//3693 3566//3566
f 3696//3696 3694//3694 3565//3565
f 3563//3563 3560//3560 3561//3561
f 3563//3563 3561//3561 3564//3564
f 3562//3562 3560//3560 3563//3563
f 3562//3562 3559//3559 3560//3560
f 3560//3560 3557//3557 3558//3558
f 3560//3560 3558//3558 3561//3561
f 3559//3559 3556//3556 3557//3557
f 3559//3559 3557//3557 3560//3560
f 3557//3557 3555//3555 3558//3558
f 3557//3557 3554//3554 3555//3555
f 3556//3556 3554//3554 3557//3557
f 3754//3754 3522//3522 3524//3524
f 3754//3754 3524//3524 3755//3755
f 3753//3753 3498//3498 3522//3522
f 3753//3753 3522//3522 3754//3754
f 3529//3529 3766//3766 3767//3767
f 3514//3514 3768//3768 3766//3766
f 3514//3514 3766//3766 3529//3529
f 3520//3520 3551//3551 3552//3552
f 3520//3520 3552//3552 3521//3521
f 3553//3553 3550//3550 3551//3551
f 3553//3553 3551//3551 3520//3520
f 3768//3768 3549//3549 3550//3550
f 3768//3768 3550//3550 3553//3553
f 3513//3513 3704//3704 3548//3548
f 3551//3551 3546//3546 3547//3547
f 3551//3551 3547//3547 3552//3552
f 3550//3550 3545//3545 3546//3546
f 3550//3550 3546//3546 3551//3551
f 3549//3549 3544//3544 3545//3545
f 3549//3549 3545//3545 3550//3550
f 3548//3548 3702//3702 3544//3544
f 3546//3546 3542//3542 3543//3543
f 3546//3546 3543//3543 3547//3547
f 3545//3545 3541//3541 3542//3542
f 3545//3545 3542//3542 3546//3546
f 3544//3544 3540//3540 3541//3541
f 3544//3544 3541//3541 3545//3545
f 3544//3544 3702//3702 3539//3539
f 3544//3544 3539//3539 3540//3540
f 3542//3542 3535//3535 3537//3537
f 3542//3542 3537//3537 3543//3543
f 3541//3541 3533//3533 3535//3535
f 3541//3541 3535//3535 3542//3542
f 3540//3540 3531//3531 3533//3533
f 3540//3540 3533//3533 3541//3541
f 3540//3540 3539//3539 3530//3530
f 3540//3540 3530//3530 3531//3531
f 3535//3535 3536//3536 3538//3538
f 3535//3535 3538//3538 3537//3537
f 3533//3533 3534//3534 3536//3536
f 3533//3533 3536//3536 3535//3535
f 3531//3531 3532//3532 3534//3534
f 3531//3531 3534//3534 3533//3533
f 3531//3531 3530//3530 3700//3700
f 3531//3531 3700//3700 3532//3532
f 3527//3527 3767//3767 3769//3769
f 3527//3527 3769//3769 3528//3528
f 3526//3526 3529//3529 3767//3767
f 3526//3526 3767//3767 3527//3527
f 3517//3517 3519//3519 3529//3529
f 3517//3517 3529//3529 3526//3526
f 3773//3773 3527//3527 3528//3528
f 3773//3773 3528//3528 3772//3772
f 3773//3773 3526//3526 3527//3527
f 3511//3511 3517//3517 3526//3526
f 3511//3511 3526//3526 3773//3773
f 3517//3517 3511//3511 3504//3504
f 3522//3522 3523//3523 3525//3525
f 3522//3522 3525//3525 3524//3524
f 3498//3498 3511//3511 3523//3523
f 3498//3498 3523//3523 3522//3522
f 3517//3517 3518//3518 3519//3519
f 3504//3504 3510//3510 3518//3518
f 3504//3504 3518//3518 3517//3517
f 3764//3764 3712//3712 3713//3713
f 3764//3764 3713//3713 3516//3516
f 3744//3744 3492//3492 3494//3494
f 3748//3748 3638//3638 3488//3488
f 3748//3748 3488//3488 3749//3749
f 3751//3751 3503//3503 3752//3752
f 3504//3504 3511//3511 3498//3498
f 3503//3503 3510//3510 3504//3504
f 3738//3738 3633//3633 3156//3156
f 3502//3502 3501//3501 3734//3734
f 3746//3746 3479//3479 3475//3475
f 3746//3746 3475//3475 3501//3501
f 3508//3508 3746//3746 3509//3509
f 3731//3731 3732//3732 3506//3506
f 3731//3731 3506//3506 3705//3705
f 3506//3506 3732//3732 3483//3483
f 3506//3506 3483//3483 3505//3505
f 3487//3487 3505//3505 3483//3483
f 3752//3752 3503//3503 3498//3498
f 3497//3497 3501//3501 3502//3502
f 3556//3556 3509//3509 3501//3501
f 3556//3556 3501//3501 3497//3497
f 3500//3500 3509//3509 3556//3556
f 3487//3487 3695//3695 3696//3696
f 3752//3752 3498//3498 3753//3753
f 3494//3494 3495//3495 3496//3496
f 3494//3494 3496//3496 3704//3704
f 3492//3492 3493//3493 3495//3495
f 3492//3492 3495//3495 3494//3494
f 3743//3743 3491//3491 3493//3493
f 3743//3743 3493//3493 3492//3492
f 3742//3742 3490//3490 3491//3491
f 3742//3742 3491//3491 3743//3743
f 3741//3741 3489//3489 3490//3490
f 3741//3741 3490//3490 3742//3742
f 3740//3740 3488//3488 3489//3489
f 3740//3740 3489//3489 3741//3741
f 3750//3750 3749//3749 3488//3488
f 3750//3750 3488//3488 3740//3740
f 3646//3646 3645//3645 3476//3476
f 3646//3646 3476//3476 3477//3477
f 3732//3732 3484//3484 3483//3483
f 3734//3734 3475//3475 3481//3481
f 3734//3734 3481//3481 3735//3735
f 3479//3479 3480//3480 3481//3481
f 3479//3479 3481//3481 3475//3475
f 3478//3478 3476//3476 3480//3480
f 3478//3478 3480//3480 3479//3479
f 3734//3734 3501//3501 3475//3475
f 3629//3629 3485//3485 3486//3486
f 3629//3629 3486//3486 3630//3630
f 3631//3631 3623//3623 3485//3485
f 3631//3631 3485//3485 3629//3629
f 3634//3634 3621//3621 3623//3623
f 3634//3634 3623//3623 3631//3631
f 3733//3733 3737//3737 3621//3621
f 3733//3733 3621//3621 3634//3634
f 3640//3640 3591//3591 3512//3512
f 3642//3642 3643//3643 3591//3591
f 3642//3642 3591//3591 3640//3640
f 3643//3643 3595//3595 3714//3714
f 3641//3641 3591//3591 3643//3643
f 3638//3638 3512//3512 3591//3591
f 3638//3638 3591//3591 3641//3641
f 3748//3748 3747//3747 3512//3512
f 3748//3748 3512//3512 3638//3638
f 3736//3736 3636//3636 3621//3621
f 3736//3736 3621//3621 3737//3737
f 3635//3635 3623//3623 3621//3621
f 3635//3635 3621//3621 3636//3636
f 3645//3645 3485//3485 3623//3623
f 3645//3645 3623//3623 3635//3635
f 3646//3646 3486//3486 3485//3485
f 3646//3646 3485//3485 3645//3645
f 3731//3731 3705//3705 3507//3507
f 3731//3731 3507//3507 3730//3730
f 3666//3666 3659//3659 3658//3658
f 3657//3657 3666//3666 3658//3658
f 3665//3665 3664//3664 3338//3338
f 3664//3664 3666//3666 3657//3657
f 3665//3665 3666//3666 3664//3664
f 3656//3656 3648//3648 3647//3647
f 3663//3663 3648//3648 3662//3662
f 3308//3308 3648//3648 3663//3663
f 3474//3474 3663//3663 3662//3662
f 3307//3307 3308//3308 3663//3663
f 3307//3307 3663//3663 3474//3474
f 3474//3474 3149//3149 3307//3307
f 3661//3661 3662//3662 3648//3648
f 3661//3661 3648//3648 3655//3655
f 3473//3473 3586//3586 3662//3662
f 3473//3473 3662//3662 3661//3661
f 3661//3661 3659//3659 3473//3473
f 3661//3661 3660//3660 3659//3659
f 3655//3655 3660//3660 3661//3661
f 3658//3658 3659//3659 3660//3660
f 3658//3658 3660//3660 3652//3652
f 3652//3652 3657//3657 3658//3658
f 3474//3474 3662//3662 3586//3586
f 3655//3655 3656//3656 3654//3654
f 3655//3655 3648//3648 3656//3656
f 3654//3654 3650//3650 3660//3660
f 3654//3654 3660//3660 3655//3655
f 3649//3649 3652//3652 3660//3660
f 3649//3649 3660//3660 3650//3650
f 3652//3652 3649//3649 3651//3651
f 3652//3652 3651//3651 3657//3657
f 3452//3452 3466//3466 3453//3453
f 3434//3434 3917//3917 3452//3452
f 3776//3776 3669//3669 3922//3922
f 3670//3670 3804//3804 3440//3440
f 3917//3917 3433//3433 3450//3450
f 3917//3917 3450//3450 3672//3672
f 3672//3672 3472//3472 3466//3466
f 3572//3572 3673//3673 3680//3680
f 3572//3572 3680//3680 3681//3681
f 3571//3571 3568//3568 3673//3673
f 3571//3571 3673//3673 3572//3572
f 3570//3570 3674//3674 3568//3568
f 3570//3570 3568//3568 3571//3571
f 3569//3569 3674//3674 3570//3570
f 3627//3627 3582//3582 3675//3675
f 3627//3627 3675//3675 3699//3699
f 3582//3582 3580//3580 3676//3676
f 3582//3582 3676//3676 3675//3675
f 3717//3717 3718//3718 3725//3725
f 3717//3717 3725//3725 3677//3677
f 3725//3725 3617//3617 3677//3677
f 3617//3617 3615//3615 3677//3677
f 3453//3453 3679//3679 3678//3678
f 3466//3466 3680//3680 3679//3679
f 3466//3466 3679//3679 3453//3453
f 3472//3472 3681//3681 3680//3680
f 3472//3472 3680//3680 3466//3466
f 3682//3682 3681//3681 3472//3472
f 3682//3682 3576//3576 3681//3681
f 3683//3683 3575//3575 3576//3576
f 3683//3683 3576//3576 3682//3682
f 3684//3684 3577//3577 3575//3575
f 3684//3684 3575//3575 3683//3683
f 3685//3685 3578//3578 3577//3577
f 3685//3685 3577//3577 3684//3684
f 3686//3686 3578//3578 3685//3685
f 3463//3463 3771//3771 3686//3686
f 3687//3687 3770//3770 3765//3765
f 3465//3465 3573//3573 3574//3574
f 3756//3756 3755//3755 3573//3573
f 3756//3756 3573//3573 3465//3465
f 3455//3455 3689//3689 3688//3688
f 3455//3455 3688//3688 3464//3464
f 3690//3690 3689//3689 3455//3455
f 3456//3456 3579//3579 3690//3690
f 3435//3435 3453//3453 3678//3678
f 3435//3435 3678//3678 3691//3691
f 3435//3435 3691//3691 3456//3456
f 3691//3691 3579//3579 3456//3456
f 3692//3692 3564//3564 3579//3579
f 3692//3692 3579//3579 3691//3691
f 3693//3693 3563//3563 3564//3564
f 3693//3693 3564//3564 3692//3692
f 3694//3694 3562//3562 3563//3563
f 3694//3694 3563//3563 3693//3693
f 3483//3483 3484//3484 3499//3499
f 3483//3483 3499//3499 3695//3695
f 3695//3695 3499//3499 3562//3562
f 3695//3695 3562//3562 3694//3694
f 3696//3696 3695//3695 3694//3694
f 3698//3698 3697//3697 3569//3569
f 3532//3532 3698//3698 3569//3569
f 3548//3548 3544//3544 3549//3549
f 3513//3513 3548//3548 3549//3549
f 3513//3513 3549//3549 3768//3768
f 3513//3513 3768//3768 3514//3514
f 3695//3695 3487//3487 3483//3483
f 3699//3699 3487//3487 3697//3697
f 3699//3699 3697//3697 3698//3698
f 3627//3627 3699//3699 3698//3698
f 3700//3700 3627//3627 3698//3698
f 3701//3701 3700//3700 3530//3530
f 3539//3539 3701//3701 3530//3530
f 3703//3703 3702//3702 3548//3548
f 3704//3704 3703//3703 3548//3548
f 3494//3494 3704//3704 3745//3745
f 3494//3494 3745//3745 3744//3744
f 3705//3705 3506//3506 3505//3505
f 3626//3626 3705//3705 3505//3505
f 3626//3626 3505//3505 3699//3699
f 3675//3675 3626//3626 3699//3699
f 3706//3706 3582//3582 3581//3581
f 3708//3708 3707//3707 3581//3581
f 3708//3708 3581//3581 3701//3701
f 3709//3709 3708//3708 3701//3701
f 3709//3709 3701//3701 3607//3607
f 3710//3710 3709//3709 3607//3607
f 3710//3710 3607//3607 3609//3609
f 3711//3711 3710//3710 3609//3609
f 3711//3711 3609//3609 3703//3703
f 3515//3515 3711//3711 3703//3703
f 3515//3515 3703//3703 3496//3496
f 3515//3515 3496//3496 3495//3495
f 3515//3515 3495//3495 3712//3712
f 3712//3712 3495//3495 3493//3493
f 3712//3712 3493//3493 3713//3713
f 3714//3714 3713//3713 3493//3493
f 3714//3714 3493//3493 3491//3491
f 3714//3714 3491//3491 3490//3490
f 3714//3714 3490//3490 3643//3643
f 3715//3715 3729//3729 3730//3730
f 3715//3715 3730//3730 3507//3507
f 3726//3726 3715//3715 3507//3507
f 3676//3676 3717//3717 3716//3716
f 3676//3676 3716//3716 3626//3626
f 3717//3717 3676//3676 3580//3580
f 3717//3717 3580//3580 3718//3718
f 3719//3719 3718//3718 3580//3580
f 3719//3719 3580//3580 3706//3706
f 3719//3719 3706//3706 3603//3603
f 3719//3719 3603//3603 3600//3600
f 3601//3601 3600//3600 3603//3603
f 3601//3601 3603//3603 3602//3602
f 3720//3720 3605//3605 3606//3606
f 3720//3720 3606//3606 3710//3710
f 3605//3605 3601//3601 3602//3602
f 3605//3605 3602//3602 3606//3606
f 3721//3721 3720//3720 3710//3710
f 3722//3722 3721//3721 3515//3515
f 3723//3723 3761//3761 3764//3764
f 3723//3723 3764//3764 3516//3516
f 3724//3724 3723//3723 3516//3516
f 3724//3724 3516//3516 3595//3595
f 3642//3642 3724//3724 3595//3595
f 3642//3642 3595//3595 3643//3643
f 3507//3507 3705//3705 3626//3626
f 3716//3716 3726//3726 3507//3507
f 3716//3716 3507//3507 3626//3626
f 3726//3726 3716//3716 3618//3618
f 3726//3726 3618//3618 3727//3727
f 3728//3728 3628//3628 3625//3625
f 3728//3728 3625//3625 3630//3630
f 3728//3728 3630//3630 3729//3729
f 3729//3729 3630//3630 3486//3486
f 3729//3729 3486//3486 3730//3730
f 3731//3731 3730//3730 3486//3486
f 3731//3731 3486//3486 3646//3646
f 3477//3477 3732//3732 3731//3731
f 3477//3477 3731//3731 3646//3646
f 3484//3484 3477//3477 3478//3478
f 3484//3484 3478//3478 3508//3508
f 3508//3508 3478//3478 3479//3479
f 3508//3508 3479//3479 3746//3746
f 3584//3584 3666//3666 3665//3665
f 3738//3738 3156//3156 3757//3757
f 3734//3734 3735//3735 3482//3482
f 3734//3734 3482//3482 3739//3739
f 3736//3736 3637//3637 3482//3482
f 3736//3736 3482//3482 3735//3735
f 3736//3736 3737//3737 3637//3637
f 3509//3509 3746//3746 3501//3501
f 3751//3751 3750//3750 3740//3740
f 3751//3751 3740//3740 3503//3503
f 3741//3741 3510//3510 3503//3503
f 3741//3741 3503//3503 3740//3740
f 3742//3742 3518//3518 3510//3510
f 3742//3742 3510//3510 3741//3741
f 3743//3743 3519//3519 3518//3518
f 3743//3743 3518//3518 3742//3742
f 3744//3744 3514//3514 3519//3519
f 3744//3744 3519//3519 3743//3743
f 3745//3745 3513//3513 3514//3514
f 3745//3745 3514//3514 3744//3744
f 3747//3747 3733//3733 3738//3738
f 3747//3747 3738//3738 3757//3757
f 3733//3733 3747//3747 3737//3737
f 3748//3748 3637//3637 3737//3737
f 3748//3748 3737//3737 3747//3747
f 3748//3748 3749//3749 3482//3482
f 3748//3748 3482//3482 3637//3637
f 3750//3750 3739//3739 3482//3482
f 3750//3750 3482//3482 3749//3749
f 3751//3751 3739//3739 3750//3750
f 3751//3751 3752//3752 3502//3502
f 3751//3751 3502//3502 3739//3739
f 3752//3752 3497//3497 3502//3502
f 3497//3497 3752//3752 3753//3753
f 3497//3497 3753//3753 3554//3554
f 3554//3554 3753//3753 3754//3754
f 3554//3554 3754//3754 3555//3555
f 3555//3555 3754//3754 3755//3755
f 3555//3555 3755//3755 3688//3688
f 3756//3756 3688//3688 3755//3755
f 3756//3756 3464//3464 3688//3688
f 3464//3464 3756//3756 3454//3454
f 3756//3756 3440//3440 3454//3454
f 3440//3440 3804//3804 3454//3454
f 3804//3804 3786//3786 3454//3454
f 3758//3758 3596//3596 3597//3597
f 3758//3758 3597//3597 3594//3594
f 3593//3593 3644//3644 3758//3758
f 3593//3593 3758//3758 3594//3594
f 3761//3761 3760//3760 3612//3612
f 3761//3761 3612//3612 3722//3722
f 3762//3762 3612//3612 3760//3760
f 3764//3764 3515//3515 3712//3712
f 3761//3761 3722//3722 3515//3515
f 3761//3761 3515//3515 3764//3764
f 3444//3444 3800//3800 3469//3469
f 3765//3765 3463//3463 3442//3442
f 3766//3766 3553//3553 3520//3520
f 3766//3766 3520//3520 3767//3767
f 3768//3768 3553//3553 3766//3766
f 3769//3769 3521//3521 3771//3771
f 3769//3769 3771//3771 3770//3770
f 3767//3767 3520//3520 3521//3521
f 3767//3767 3521//3521 3769//3769
f 3765//3765 3770//3770 3463//3463
f 3443//3443 3442//3442 3463//3463
f 3521//3521 3552//3552 3771//3771
f 3463//3463 3770//3770 3771//3771
f 3525//3525 3772//3772 3574//3574
f 3523//3523 3773//3773 3772//3772
f 3523//3523 3772//3772 3525//3525
f 3687//3687 3465//3465 3574//3574
f 3687//3687 3574//3574 3772//3772
f 3780//3780 3917//3917 3790//3790
f 3782//3782 3783//3783 3784//3784
f 3669//3669 3789//3789 3788//3788
f 3984//3984 3809//3809 3934//3934
f 3932//3932 3805//3805 3972//3972
f 3817//3817 3818//3818 3822//3822
f 3937//3937 3812//3812 3824//3824
f 3812//3812 3854//3854 3824//3824
f 3937//3937 3956//3956 3812//3812
f 3817//3817 3822//3822 3825//3825
f 3850//3850 3851//3851 3852//3852
f 3827//3827 3849//3849 3793//3793
f 3857//3857 3858//3858 3859//3859
f 3902//3902 3899//3899 3915//3915
f 3827//3827 3828//3828 3829//3829
f 3887//3887 3781//3781 3790//3790
f 3778//3778 3791//3791 3777//3777
f 3779//3779 3433//3433 3780//3780
f 3779//3779 3780//3780 3856//3856
f 3785//3785 3449//3449 3433//3433
f 3785//3785 3433//3433 3779//3779
f 3777//3777 3447//3447 3792//3792
f 3782//3782 3449//3449 3785//3785
f 3917//3917 3668//3668 3790//3790
f 3790//3790 3781//3781 3780//3780
f 3856//3856 3780//3780 3781//3781
f 3917//3917 3780//3780 3433//3433
f 3783//3783 3782//3782 3785//3785
f 3786//3786 3787//3787 3789//3789
f 3789//3789 3787//3787 3788//3788
f 3668//3668 3922//3922 3790//3790
f 3922//3922 3669//3669 3788//3788
f 3791//3791 3775//3775 3777//3777
f 3448//3448 3782//3782 3792//3792
f 3448//3448 3792//3792 3447//3447
f 3782//3782 3784//3784 3792//3792
f 3792//3792 3778//3778 3777//3777
f 3793//3793 3794//3794 3795//3795
f 3793//3793 3795//3795 3791//3791
f 3794//3794 3796//3796 3797//3797
f 3794//3794 3797//3797 3795//3795
f 3797//3797 3796//3796 3907//3907
f 3798//3798 3799//3799 3907//3907
f 3797//3797 3907//3907 3774//3774
f 3797//3797 3800//3800 3795//3795
f 3775//3775 3791//3791 3795//3795
f 3775//3775 3795//3795 3800//3800
f 3801//3801 3802//3802 3803//3803
f 3803//3803 3802//3802 3923//3923
f 3803//3803 3923//3923 3798//3798
f 3668//3668 3776//3776 3922//3922
f 3438//3438 3789//3789 3669//3669
f 3438//3438 3669//3669 3471//3471
f 3791//3791 3778//3778 3793//3793
f 3808//3808 3934//3934 3809//3809
f 3808//3808 3809//3809 3905//3905
f 3987//3987 3810//3810 3847//3847
f 3983//3983 3871//3871 3933//3933
f 3810//3810 3811//3811 3847//3847
f 3871//3871 3983//3983 3897//3897
f 3895//3895 3813//3813 3934//3934
f 3931//3931 3814//3814 3809//3809
f 3931//3931 3809//3809 3984//3984
f 3805//3805 3815//3815 3814//3814
f 3805//3805 3814//3814 3931//3931
f 3931//3931 3972//3972 3805//3805
f 3806//3806 3815//3815 3805//3805
f 3806//3806 3805//3805 3932//3932
f 3933//3933 3871//3871 3818//3818
f 3817//3817 3816//3816 3818//3818
f 3817//3817 3819//3819 3816//3816
f 3819//3819 3823//3823 3936//3936
f 3956//3956 3935//3935 3812//3812
f 3820//3820 3854//3854 3812//3812
f 3820//3820 3812//3812 3821//3821
f 3936//3936 3821//3821 3935//3935
f 3936//3936 3823//3823 3821//3821
f 3820//3820 3821//3821 3823//3823
f 3935//3935 3821//3821 3812//3812
f 3937//3937 3824//3824 3810//3810
f 3987//3987 3847//3847 3938//3938
f 3807//3807 3938//3938 3894//3894
f 3807//3807 3806//3806 3932//3932
f 3826//3826 3869//3869 3825//3825
f 3822//3822 3826//3826 3825//3825
f 3829//3829 3828//3828 3830//3830
f 3827//3827 3793//3793 3831//3831
f 3793//3793 3778//3778 3831//3831
f 3834//3834 3832//3832 3833//3833
f 3834//3834 3833//3833 3835//3835
f 3843//3843 3836//3836 3837//3837
f 3843//3843 3837//3837 3838//3838
f 3833//3833 3843//3843 3838//3838
f 3839//3839 3841//3841 3844//3844
f 3839//3839 3844//3844 3840//3840
f 3841//3841 3842//3842 3843//3843
f 3841//3841 3843//3843 3833//3833
f 3833//3833 3844//3844 3841//3841
f 3811//3811 3845//3845 3846//3846
f 3811//3811 3846//3846 3847//3847
f 3846//3846 3831//3831 3848//3848
f 3841//3841 3852//3852 3829//3829
f 3849//3849 3827//3827 3829//3829
f 3829//3829 3852//3852 3851//3851
f 3829//3829 3851//3851 3849//3849
f 3845//3845 3828//3828 3827//3827
f 3824//3824 3853//3853 3845//3845
f 3824//3824 3845//3845 3811//3811
f 3854//3854 3820//3820 3836//3836
f 3854//3854 3836//3836 3855//3855
f 3853//3853 3824//3824 3854//3854
f 3853//3853 3854//3854 3855//3855
f 3880//3880 3785//3785 3779//3779
f 3880//3880 3779//3779 3856//3856
f 3877//3877 3865//3865 3925//3925
f 3877//3877 3925//3925 3866//3866
f 3860//3860 3837//3837 3820//3820
f 3860//3860 3820//3820 3823//3823
f 3837//3837 3836//3836 3820//3820
f 3837//3837 3860//3860 3861//3861
f 3837//3837 3861//3861 3838//3838
f 3835//3835 3833//3833 3838//3838
f 3835//3835 3838//3838 3861//3861
f 3862//3862 3832//3832 3834//3834
f 3832//3832 3862//3862 3864//3864
f 3862//3862 3863//3863 3864//3864
f 3924//3924 3925//3925 3865//3865
f 3863//3863 3862//3862 3867//3867
f 3863//3863 3867//3867 3866//3866
f 3862//3862 3834//3834 3868//3868
f 3862//3862 3868//3868 3867//3867
f 3834//3834 3835//3835 3869//3869
f 3834//3834 3869//3869 3868//3868
f 3835//3835 3861//3861 3870//3870
f 3835//3835 3870//3870 3869//3869
f 3861//3861 3860//3860 3870//3870
f 3860//3860 3823//3823 3819//3819
f 3860//3860 3819//3819 3870//3870
f 3870//3870 3819//3819 3817//3817
f 3870//3870 3817//3817 3825//3825
f 3822//3822 3871//3871 3872//3872
f 3822//3822 3872//3872 3826//3826
f 3873//3873 3826//3826 3872//3872
f 3870//3870 3825//3825 3869//3869
f 3869//3869 3826//3826 3874//3874
f 3869//3869 3874//3874 3868//3868
f 3826//3826 3873//3873 3874//3874
f 3875//3875 3874//3874 3873//3873
f 3874//3874 3867//3867 3868//3868
f 3866//3866 3867//3867 3874//3874
f 3866//3866 3874//3874 3876//3876
f 3875//3875 3926//3926 3876//3876
f 3875//3875 3876//3876 3874//3874
f 3876//3876 3926//3926 3878//3878
f 3890//3890 3891//3891 3877//3877
f 3781//3781 3887//3887 3906//3906
f 3781//3781 3906//3906 3879//3879
f 3781//3781 3879//3879 3856//3856
f 3880//3880 3881//3881 3783//3783
f 3880//3880 3783//3783 3785//3785
f 3881//3881 3857//3857 3783//3783
f 3857//3857 3784//3784 3783//3783
f 3882//3882 3891//3891 3883//3883
f 3882//3882 3883//3883 3884//3884
f 3787//3787 3786//3786 3918//3918
f 3786//3786 3919//3919 3918//3918
f 3919//3919 3882//3882 3918//3918
f 3884//3884 3883//3883 3927//3927
f 3884//3884 3927//3927 3928//3928
f 3892//3892 3885//3885 3886//3886
f 3892//3892 3886//3886 3887//3887
f 3885//3885 3888//3888 3886//3886
f 3888//3888 3885//3885 3929//3929
f 3888//3888 3929//3929 3875//3875
f 3927//3927 3883//3883 3889//3889
f 3883//3883 3890//3890 3889//3889
f 3891//3891 3882//3882 3912//3912
f 3919//3919 3912//3912 3882//3882
f 3919//3919 3786//3786 3804//3804
f 3787//3787 3892//3892 3788//3788
f 3892//3892 3922//3922 3788//3788
f 3892//3892 3887//3887 3790//3790
f 3892//3892 3790//3790 3922//3922
f 3784//3784 3893//3893 3792//3792
f 3784//3784 3894//3894 3893//3893
f 3893//3893 3894//3894 3938//3938
f 3894//3894 3806//3806 3807//3807
f 3895//3895 3808//3808 3904//3904
f 3895//3895 3904//3904 3899//3899
f 3896//3896 3897//3897 3895//3895
f 3896//3896 3895//3895 3899//3899
f 3897//3897 3896//3896 3898//3898
f 3897//3897 3898//3898 3871//3871
f 3899//3899 3900//3900 3896//3896
f 3896//3896 3900//3900 3901//3901
f 3896//3896 3901//3901 3898//3898
f 3901//3901 3900//3900 3888//3888
f 3901//3901 3888//3888 3875//3875
f 3888//3888 3900//3900 3902//3902
f 3888//3888 3902//3902 3886//3886
f 3900//3900 3899//3899 3902//3902
f 3899//3899 3904//3904 3915//3915
f 3879//3879 3915//3915 3903//3903
f 3879//3879 3903//3903 3856//3856
f 3903//3903 3904//3904 3905//3905
f 3809//3809 3814//3814 3881//3881
f 3809//3809 3881//3881 3905//3905
f 3814//3814 3815//3815 3858//3858
f 3814//3814 3858//3858 3881//3881
f 3858//3858 3815//3815 3806//3806
f 3858//3858 3806//3806 3859//3859
f 3806//3806 3894//3894 3859//3859
f 3784//3784 3857//3857 3859//3859
f 3784//3784 3859//3859 3894//3894
f 3857//3857 3881//3881 3858//3858
f 3881//3881 3880//3880 3905//3905
f 3880//3880 3903//3903 3905//3905
f 3880//3880 3856//3856 3903//3903
f 3902//3902 3906//3906 3887//3887
f 3902//3902 3887//3887 3886//3886
f 3851//3851 3796//3796 3794//3794
f 3851//3851 3794//3794 3849//3849
f 3793//3793 3849//3849 3794//3794
f 3847//3847 3848//3848 3893//3893
f 3847//3847 3893//3893 3938//3938
f 3848//3848 3778//3778 3792//3792
f 3848//3848 3792//3792 3893//3893
f 3851//3851 3850//3850 3907//3907
f 3851//3851 3907//3907 3796//3796
f 3909//3909 3930//3930 3924//3924
f 3909//3909 3910//3910 3911//3911
f 3909//3909 3911//3911 3930//3930
f 3864//3864 3924//3924 3930//3930
f 3824//3824 3811//3811 3810//3810
f 3833//3833 3832//3832 3844//3844
f 3840//3840 3844//3844 3832//3832
f 3840//3840 3832//3832 3864//3864
f 3864//3864 3930//3930 3840//3840
f 3930//3930 3911//3911 3839//3839
f 3930//3930 3839//3839 3840//3840
f 3908//3908 3912//3912 3913//3913
f 3912//3912 3920//3920 3913//3913
f 3920//3920 3804//3804 3801//3801
f 3908//3908 3913//3913 3910//3910
f 3908//3908 3910//3910 3909//3909
f 3913//3913 3921//3921 3910//3910
f 3920//3920 3801//3801 3803//3803
f 3920//3920 3803//3803 3921//3921
f 3830//3830 3853//3853 3855//3855
f 3830//3830 3855//3855 3842//3842
f 3829//3829 3830//3830 3842//3842
f 3829//3829 3842//3842 3841//3841
f 3852//3852 3841//3841 3839//3839
f 3852//3852 3839//3839 3850//3850
f 3839//3839 3911//3911 3914//3914
f 3839//3839 3914//3914 3850//3850
f 3910//3910 3921//3921 3914//3914
f 3910//3910 3914//3914 3911//3911
f 3921//3921 3803//3803 3798//3798
f 3921//3921 3798//3798 3914//3914
f 3845//3845 3827//3827 3831//3831
f 3845//3845 3831//3831 3846//3846
f 3920//3920 3912//3912 3919//3919
f 3908//3908 3891//3891 3912//3912
f 3891//3891 3865//3865 3877//3877
f 3883//3883 3891//3891 3890//3890
f 3890//3890 3877//3877 3878//3878
f 3878//3878 3877//3877 3866//3866
f 3878//3878 3866//3866 3876//3876
f 3889//3889 3878//3878 3926//3926
f 3889//3889 3926//3926 3927//3927
f 3890//3890 3878//3878 3889//3889
f 3908//3908 3865//3865 3891//3891
f 3909//3909 3865//3865 3908//3908
f 3924//3924 3865//3865 3909//3909
f 3929//3929 3927//3927 3926//3926
f 3929//3929 3926//3926 3875//3875
f 3875//3875 3873//3873 3901//3901
f 3901//3901 3873//3873 3872//3872
f 3901//3901 3872//3872 3898//3898
f 3898//3898 3872//3872 3871//3871
f 3882//3882 3884//3884 3918//3918
f 3787//3787 3884//3884 3928//3928
f 3787//3787 3928//3928 3892//3892
f 3906//3906 3915//3915 3879//3879
f 3850//3850 3914//3914 3907//3907
f 3828//3828 3845//3845 3853//3853
f 3828//3828 3853//3853 3830//3830
f 3848//3848 3831//3831 3778//3778
f 3847//3847 3846//3846 3848//3848
f 3904//3904 3903//3903 3915//3915
f 3906//3906 3902//3902 3915//3915
f 3904//3904 3808//3808 3905//3905
f 3855//3855 3836//3836 3843//3843
f 3855//3855 3843//3843 3842//3842
f 3810//3810 3987//3987 3954//3954
f 3799//3799 3774//3774 3907//3907
f 3923//3923 3916//3916 3468//3468
f 3802//3802 3916//3916 3923//3923
f 3789//3789 3438//3438 3786//3786
f 3871//3871 3822//3822 3818//3818
f 3813//3813 3895//3895 3897//3897
f 3934//3934 3808//3808 3895//3895
f 3920//3920 3919//3919 3804//3804
f 3918//3918 3884//3884 3787//3787
f 3913//3913 3920//3920 3921//3921
f 3798//3798 3923//3923 3799//3799
f 3863//3863 3925//3925 3924//3924
f 3863//3863 3924//3924 3864//3864
f 3925//3925 3863//3863 3866//3866
f 3927//3927 3885//3885 3928//3928
f 3928//3928 3885//3885 3892//3892
f 3885//3885 3927//3927 3929//3929
f 3914//3914 3798//3798 3907//3907
f 3923//3923 3468//3468 3799//3799
f 3978//3978 3995//3995 3959//3959
f 3961//3961 3959//3959 3981//3981
f 3959//3959 3979//3979 3941//3941
f 3982//3982 3897//3897 3983//3983
f 3932//3932 3948//3948 3969//3969
f 3984//3984 3934//3934 3971//3971
f 3973//3973 3948//3948 3952//3952
f 3986//3986 3972//3972 3967//3967
f 3947//3947 3943//3943 3945//3945
f 3996//3996 3982//3982 3983//3983
f 3996//3996 3983//3983 3940//3940
f 3959//3959 3940//3940 3981//3981
f 3959//3959 3941//3941 3940//3940
f 3975//3975 3974//3974 3980//3980
f 3974//3974 3942//3942 3979//3979
f 3985//3985 3975//3975 3972//3972
f 3985//3985 3972//3972 3931//3931
f 3978//3978 3958//3958 3946//3946
f 3978//3978 3946//3946 3944//3944
f 3958//3958 3978//3978 3959//3959
f 3936//3936 3958//3958 3961//3961
f 3995//3995 3980//3980 3979//3979
f 3946//3946 3958//3958 3952//3952
f 3943//3943 3947//3947 3944//3944
f 3932//3932 3986//3986 3948//3948
f 3951//3951 3960//3960 3977//3977
f 3962//3962 3977//3977 3960//3960
f 3960//3960 3952//3952 3962//3962
f 3958//3958 3957//3957 3952//3952
f 3950//3950 3962//3962 3949//3949
f 3968//3968 3950//3950 3949//3949
f 3951//3951 3977//3977 3950//3950
f 3991//3991 3992//3992 3970//3970
f 3807//3807 3968//3968 3989//3989
f 3953//3953 3989//3989 3991//3991
f 3988//3988 3937//3937 3810//3810
f 3988//3988 3810//3810 3954//3954
f 3938//3938 3955//3955 3987//3987
f 3954//3954 3966//3966 3963//3963
f 3985//3985 3974//3974 3975//3975
f 3975//3975 3980//3980 3978//3978
f 3979//3979 3980//3980 3974//3974
f 3982//3982 3813//3813 3897//3897
f 3807//3807 3932//3932 3968//3968
f 3984//3984 3985//3985 3931//3931
f 3934//3934 3813//3813 3982//3982
f 3934//3934 3982//3982 3971//3971
f 3955//3955 3938//3938 3807//3807
f 3989//3989 3949//3949 3991//3991
f 3949//3949 3989//3989 3968//3968
f 3951//3951 3969//3969 3973//3973
f 3990//3990 3989//3989 3953//3953
f 3965//3965 3994//3994 3993//3993
f 3965//3965 3993//3993 3970//3970
f 3995//3995 3979//3979 3959//3959
f 3952//3952 3949//3949 3962//3962
f 3957//3957 3949//3949 3952//3952
f 3957//3957 3963//3963 3949//3949
f 3949//3949 3963//3963 3991//3991
f 3991//3991 3963//3963 3966//3966
f 3961//3961 3981//3981 3816//3816
f 3816//3816 3819//3819 3961//3961
f 3961//3961 3958//3958 3959//3959
f 3961//3961 3819//3819 3936//3936
f 3956//3956 3957//3957 3935//3935
f 3818//3818 3816//3816 3981//3981
f 3957//3957 3958//3958 3936//3936
f 3957//3957 3936//3936 3935//3935
f 3954//3954 3955//3955 3976//3976
f 3976//3976 3955//3955 3990//3990
f 3956//3956 3937//3937 3988//3988
f 3957//3957 3956//3956 3963//3963
f 3993//3993 3990//3990 3953//3953
f 3970//3970 3953//3953 3991//3991
f 3948//3948 3973//3973 3969//3969
f 3986//3986 3932//3932 3972//3972
f 3945//3945 3946//3946 3952//3952
f 3943//3943 3944//3944 3946//3946
f 3967//3967 3947//3947 3986//3986
f 3947//3947 3967//3967 3944//3944
f 3947//3947 3948//3948 3986//3986
f 3947//3947 3945//3945 3948//3948
f 3945//3945 3952//3952 3948//3948
f 3946//3946 3945//3945 3943//3943
f 3944//3944 3967//3967 3978//3978
f 3942//3942 3996//3996 3939//3939
f 3940//3940 3939//3939 3996//3996
f 3941//3941 3939//3939 3940//3940
f 3942//3942 3971//3971 3996//3996
f 3942//3942 3939//3939 3941//3941
f 3932//3932 3969//3969 3968//3968
f 3933//3933 3818//3818 3981//3981
f 3933//3933 3981//3981 3940//3940
f 3933//3933 3940//3940 3983//3983
f 3963//3963 3988//3988 3954//3954
f 3987//3987 3955//3955 3954//3954
f 3955//3955 3807//3807 3989//3989
f 3988//3988 3963//3963 3956//3956
f 3954//3954 3976//3976 3966//3966
f 3990//3990 3955//3955 3989//3989
f 3966//3966 3964//3964 3991//3991
f 3964//3964 3966//3966 3965//3965
f 3976//3976 3990//3990 3993//3993
f 3992//3992 3991//3991 3964//3964
f 3953//3953 3970//3970 3993//3993
f 3992//3992 3965//3965 3970//3970
f 3964//3964 3965//3965 3992//3992
f 3994//3994 3976//3976 3993//3993
f 3965//3965 3966//3966 3994//3994
f 3994//3994 3966//3966 3976//3976
f 3968//3968 3951//3951 3950//3950
f 3969//3969 3951//3951 3968//3968
f 3942//3942 3984//3984 3971//3971
f 3985//3985 3984//3984 3942//3942
f 3975//3975 3967//3967 3972//3972
f 3996//3996 3971//3971 3982//3982
f 3978//3978 3967//3967 3975//3975
f 3980//3980 3995//3995 3978//3978
f 3941//3941 3979//3979 3942//3942
f 3942//3942 3974//3974 3985//3985
f 3950//3950 3977//3977 3962//3962
f 3960//3960 3973//3973 3952//3952
f 3951//3951 3973//3973 3960//3960
f 4452//4452 4373//4373 4376//4376
f 4456//4456 4377//4377 4457//4457
f 4075//4075 4197//4197 4082//4082
f 4197//4197 4119//4119 4120//4120
f 165//165 29//29 4287//4287
f 4115//4115 4287//4287 29//29
f 4153//4153 4152//4152 120//120
f 4149//4149 4086//4086 4085//4085
f 4091//4091 4017//4017 4094//4094
f 4101//4101 4102//4102 4103//4103
f 4075//4075 4076//4076 4088//4088
f 4363//4363 4034//4034 4364//4364
f 4032//4032 4068//4068 4218//4218
f 4221//4221 4220//4220 4160//4160
f 4120//4120 4119//4119 4121//4121
f 4066//4066 4266//4266 4272//4272
f 4316//4316 4309//4309 4318//4318
f 4263//4263 4337//4337 4252//4252
f 4463//4463 4472//4472 4371//4371
f 4463//4463 4371//4371 4386//4386
f 4474//4474 4464//4464 4387//4387
f 4474//4474 4387//4387 4383//4383
f 4460//4460 4660//4660 4370//4370
f 4460//4460 4370//4370 4367//4367
f 4477//4477 4366//4366 4365//4365
f 4477//4477 4365//4365 4469//4469
f 4476//4476 4375//4375 4366//4366
f 4476//4476 4366//4366 4477//4477
f 4452//4452 4376//4376 4375//4375
f 4452//4452 4375//4375 4476//4476
f 4457//4457 4377//4377 4379//4379
f 4457//4457 4379//4379 4455//4455
f 4475//4475 4378//4378 4377//4377
f 4475//4475 4377//4377 4456//4456
f 4634//4634 4380//4380 4378//4378
f 4634//4634 4378//4378 4475//4475
f 4634//4634 4461//4461 4380//4380
f 4473//4473 4382//4382 4385//4385
f 4473//4473 4385//4385 4629//4629
f 4382//4382 4473//4473 4474//4474
f 4382//4382 4474//4474 4383//4383
f 4471//4471 4369//4369 4371//4371
f 4471//4471 4371//4371 4472//4472
f 4459//4459 4368//4368 4369//4369
f 4459//4459 4369//4369 4471//4471
f 4370//4370 4660//4660 4470//4470
f 4370//4370 4470//4470 4362//4362
f 4465//4465 4363//4363 4364//4364
f 4465//4465 4364//4364 4667//4667
f 4358//4358 4468//4468 4469//4469
f 4358//4358 4469//4469 4365//4365
f 4359//4359 4357//4357 4458//4458
f 4359//4359 4458//4458 4468//4468
f 4361//4361 4609//4609 4360//4360
f 4031//4031 4060//4060 4467//4467
f 4031//4031 4467//4467 4608//4608
f 4466//4466 4060//4060 4363//4363
f 4466//4466 4363//4363 4465//4465
f 4464//4464 4463//4463 4386//4386
f 4464//4464 4386//4386 4387//4387
f 4462//4462 4381//4381 4384//4384
f 4462//4462 4384//4384 4626//4626
f 4460//4460 4367//4367 4368//4368
f 4460//4460 4368//4368 4459//4459
f 4455//4455 4379//4379 4374//4374
f 4455//4455 4374//4374 4454//4454
f 4372//4372 4453//4453 4454//4454
f 4372//4372 4454//4454 4374//4374
f 4453//4453 4372//4372 4373//4373
f 4453//4453 4373//4373 4452//4452
f 4060//4060 4466//4466 4467//4467
f 4609//4609 4361//4361 4031//4031
f 4609//4609 4031//4031 4608//4608
f 4358//4358 4359//4359 4468//4468
f 4360//4360 4609//4609 4458//4458
f 4360//4360 4458//4458 4357//4357
f 4626//4626 4384//4384 4461//4461
f 4462//4462 4629//4629 4385//4385
f 4462//4462 4385//4385 4381//4381
f 4667//4667 4364//4364 4362//4362
f 4667//4667 4362//4362 4470//4470
f 4037//4037 4048//4048 4045//4045
f 4037//4037 4045//4045 4028//4028
f 4245//4245 4011//4011 4047//4047
f 4245//4245 4047//4047 4046//4046
f 4047//4047 4011//4011 4066//4066
f 4047//4047 4066//4066 4012//4012
f 4247//4247 4233//4233 4300//4300
f 4247//4247 4003//4003 4011//4011
f 4247//4247 4011//4011 4245//4245
f 4311//4311 4310//4310 4304//4304
f 4311//4311 4304//4304 4303//4303
f 4032//4032 4216//4216 4034//4034
f 4005//4005 4185//4185 4068//4068
f 4005//4005 4068//4068 4006//4006
f 4006//4006 4030//4030 4005//4005
f 4068//4068 4007//4007 4006//4006
f 4009//4009 4029//4029 4212//4212
f 4009//4009 4212//4212 4213//4213
f 4009//4009 4008//4008 4185//4185
f 4009//4009 4185//4185 4005//4005
f 4005//4005 4030//4030 4029//4029
f 4005//4005 4029//4029 4009//4009
f 4044//4044 4047//4047 4012//4012
f 4044//4044 4012//4012 4067//4067
f 4044//4044 4043//4043 4046//4046
f 4044//4044 4046//4046 4047//4047
f 4043//4043 4045//4045 4046//4046
f 4043//4043 4026//4026 4028//4028
f 4043//4043 4028//4028 4045//4045
f 4067//4067 4109//4109 4010//4010
f 4067//4067 4010//4010 4044//4044
f 4010//4010 4041//4041 4043//4043
f 4010//4010 4043//4043 4044//4044
f 4041//4041 4024//4024 4026//4026
f 4041//4041 4026//4026 4043//4043
f 4042//4042 4040//4040 4041//4041
f 4040//4040 4025//4025 4024//4024
f 4040//4040 4024//4024 4041//4041
f 4063//4063 4027//4027 4210//4210
f 4063//4063 4037//4037 4028//4028
f 4063//4063 4028//4028 4027//4027
f 4038//4038 4039//4039 4064//4064
f 4038//4038 4064//4064 3999//3999
f 4039//4039 4038//4038 4063//4063
f 4055//4055 3997//3997 3998//3998
f 4055//4055 3998//3998 4000//4000
f 4057//4057 4070//4070 4236//4236
f 4057//4057 4236//4236 4215//4215
f 4236//4236 4071//4071 4215//4215
f 4214//4214 4215//4215 4071//4071
f 4206//4206 4019//4019 4013//4013
f 4206//4206 4013//4013 4020//4020
f 4018//4018 4370//4370 4033//4033
f 4018//4018 4033//4033 4035//4035
f 4370//4370 4018//4018 4015//4015
f 4370//4370 4015//4015 4053//4053
f 4014//4014 4036//4036 4053//4053
f 4014//4014 4053//4053 4015//4015
f 4206//4206 4036//4036 4014//4014
f 4206//4206 4014//4014 4019//4019
f 4034//4034 4060//4060 4032//4032
f 4035//4035 4033//4033 4034//4034
f 4032//4032 4060//4060 4031//4031
f 4032//4032 4031//4031 4007//4007
f 4006//4006 4207//4207 4061//4061
f 4006//4006 4061//4061 4030//4030
f 4007//4007 4031//4031 4207//4207
f 4007//4007 4207//4207 4006//4006
f 4029//4029 4062//4062 4211//4211
f 4029//4029 4211//4211 4212//4212
f 4030//4030 4061//4061 4062//4062
f 4030//4030 4062//4062 4029//4029
f 4026//4026 4054//4054 4027//4027
f 4026//4026 4027//4027 4028//4028
f 4054//4054 4210//4210 4027//4027
f 4024//4024 4209//4209 4054//4054
f 4024//4024 4054//4054 4026//4026
f 4025//4025 4208//4208 4209//4209
f 4025//4025 4209//4209 4024//4024
f 4205//4205 4023//4023 4070//4070
f 4205//4205 4070//4070 4057//4057
f 4058//4058 4022//4022 4205//4205
f 4022//4022 4021//4021 4023//4023
f 4022//4022 4023//4023 4205//4205
f 4059//4059 4020//4020 4022//4022
f 4059//4059 4022//4022 4058//4058
f 4020//4020 4050//4050 4021//4021
f 4020//4020 4021//4021 4022//4022
f 4069//4069 4019//4019 4014//4014
f 4069//4069 4014//4014 4017//4017
f 4019//4019 4069//4069 4049//4049
f 4019//4019 4049//4049 4013//4013
f 4051//4051 4018//4018 4035//4035
f 4018//4018 4051//4051 4016//4016
f 4018//4018 4016//4016 4015//4015
f 4017//4017 4014//4014 4015//4015
f 4017//4017 4015//4015 4016//4016
f 4035//4035 4034//4034 4216//4216
f 4013//4013 4049//4049 4050//4050
f 4013//4013 4050//4050 4020//4020
f 4042//4042 4010//4010 4109//4109
f 4042//4042 4109//4109 4217//4217
f 4300//4300 4246//4246 4002//4002
f 4300//4300 4302//4302 4003//4003
f 4300//4300 4003//4003 4247//4247
f 3999//3999 4064//4064 4000//4000
f 3999//3999 4000//4000 3998//3998
f 4075//4075 4082//4082 4202//4202
f 4075//4075 4202//4202 4076//4076
f 4082//4082 4237//4237 4202//4202
f 4237//4237 4073//4073 4202//4202
f 4073//4073 146//146 4202//4202
f 4073//4073 4074//4074 146//146
f 4074//4074 4081//4081 4201//4201
f 4074//4074 4201//4201 146//146
f 4081//4081 4079//4079 4200//4200
f 4081//4081 4200//4200 4201//4201
f 4079//4079 4080//4080 4199//4199
f 4079//4079 4199//4199 4200//4200
f 4080//4080 4077//4077 4198//4198
f 4080//4080 4198//4198 4199//4199
f 4077//4077 4078//4078 139//139
f 4077//4077 139//139 4198//4198
f 4187//4187 4163//4163 137//137
f 4187//4187 137//137 4078//4078
f 4163//4163 136//136 137//137
f 4197//4197 4237//4237 4082//4082
f 4197//4197 4075//4075 4088//4088
f 4197//4197 4088//4088 4119//4119
f 4123//4123 4356//4356 4355//4355
f 4196//4196 4287//4287 4130//4130
f 4352//4352 4123//4123 4122//4122
f 4123//4123 4195//4195 4356//4356
f 4195//4195 4196//4196 4356//4356
f 4195//4195 165//165 4287//4287
f 4195//4195 4287//4287 4196//4196
f 4088//4088 4352//4352 4351//4351
f 4088//4088 4351//4351 4119//4119
f 66//66 4195//4195 4123//4123
f 4088//4088 4076//4076 147//147
f 4088//4088 147//147 4352//4352
f 66//66 4123//4123 4352//4352
f 4248//4248 4257//4257 4065//4065
f 4184//4184 4249//4249 4239//4239
f 4184//4184 4239//4239 4238//4238
f 4183//4183 4262//4262 4251//4251
f 4183//4183 4251//4251 4184//4184
f 4182//4182 4194//4194 4262//4262
f 4182//4182 4262//4262 4261//4261
f 4182//4182 4140//4140 4193//4193
f 4182//4182 4193//4193 4194//4194
f 4140//4140 4139//4139 4192//4192
f 4140//4140 4192//4192 4193//4193
f 4249//4249 4240//4240 4239//4239
f 4262//4262 4263//4263 4252//4252
f 4262//4262 4252//4252 4251//4251
f 4194//4194 4191//4191 4263//4263
f 4194//4194 4263//4263 4262//4262
f 4194//4194 4193//4193 4190//4190
f 4194//4194 4190//4190 4191//4191
f 4193//4193 4192//4192 4344//4344
f 4193//4193 4344//4344 4190//4190
f 4240//4240 4253//4253 4241//4241
f 4189//4189 4253//4253 4252//4252
f 4189//4189 4252//4252 4337//4337
f 4188//4188 4264//4264 4339//4339
f 4188//4188 4339//4339 4338//4338
f 4258//4258 4326//4326 4254//4254
f 4258//4258 4254//4254 4328//4328
f 4332//4332 4335//4335 4334//4334
f 4332//4332 4334//4334 4333//4333
f 4077//4077 4104//4104 4105//4105
f 4077//4077 4105//4105 4078//4078
f 4163//4163 4221//4221 4160//4160
f 4187//4187 4186//4186 4163//4163
f 4186//4186 4101//4101 4221//4221
f 4186//4186 4221//4221 4163//4163
f 4185//4185 4106//4106 4068//4068
f 4078//4078 4105//4105 4187//4187
f 4105//4105 4102//4102 4186//4186
f 4105//4105 4186//4186 4187//4187
f 4102//4102 4101//4101 4186//4186
f 4162//4162 4154//4154 4083//4083
f 4162//4162 4219//4219 4108//4108
f 4162//4162 4108//4108 4154//4154
f 4160//4160 4162//4162 4161//4161
f 4154//4154 4108//4108 4109//4109
f 4154//4154 4109//4109 4155//4155
f 4181//4181 4184//4184 4238//4238
f 4181//4181 4238//4238 4242//4242
f 4137//4137 4183//4183 4184//4184
f 4137//4137 4184//4184 4181//4181
f 4136//4136 4182//4182 4261//4261
f 4136//4136 4261//4261 4265//4265
f 4136//4136 4135//4135 4140//4140
f 4136//4136 4140//4140 4182//4182
f 4129//4129 4181//4181 4242//4242
f 4129//4129 4242//4242 4243//4243
f 4128//4128 4137//4137 4181//4181
f 4128//4128 4181//4181 4129//4129
f 4125//4125 4243//4243 4090//4090
f 4125//4125 4129//4129 4243//4243
f 4229//4229 4125//4125 4090//4090
f 4238//4238 4239//4239 4236//4236
f 4222//4222 4236//4236 4239//4239
f 4089//4089 4242//4242 4235//4235
f 4275//4275 4173//4173 4159//4159
f 4275//4275 4159//4159 4276//4276
f 4159//4159 4173//4173 4098//4098
f 4159//4159 4098//4098 4097//4097
f 4322//4322 4281//4281 4277//4277
f 4165//4165 4180//4180 4277//4277
f 4298//4298 4179//4179 4180//4180
f 4298//4298 4180//4180 4294//4294
f 122//122 4179//4179 4298//4298
f 4180//4180 4112//4112 4277//4277
f 4179//4179 4178//4178 4112//4112
f 4179//4179 4112//4112 4180//4180
f 4178//4178 4177//4177 4295//4295
f 4178//4178 4295//4295 4112//4112
f 4175//4175 4099//4099 4100//4100
f 4176//4176 4107//4107 4114//4114
f 4107//4107 4176//4176 4279//4279
f 4107//4107 4279//4279 4278//4278
f 4279//4279 4280//4280 4266//4266
f 4176//4176 4172//4172 4280//4280
f 4176//4176 4280//4280 4279//4279
f 4176//4176 4114//4114 4113//4113
f 4176//4176 4113//4113 4172//4172
f 4099//4099 4175//4175 4174//4174
f 4173//4173 4113//4113 4174//4174
f 4173//4173 4174//4174 4098//4098
f 4173//4173 4275//4275 4172//4172
f 4173//4173 4172//4172 4113//4113
f 4275//4275 4280//4280 4172//4172
f 4169//4169 4336//4336 4350//4350
f 4169//4169 4350//4350 4168//4168
f 4292//4292 4171//4171 4336//4336
f 4292//4292 4336//4336 4169//4169
f 4169//4169 4297//4297 4296//4296
f 4169//4169 4296//4296 4292//4292
f 4297//4297 4164//4164 4299//4299
f 4299//4299 4298//4298 4294//4294
f 4299//4299 4294//4294 4296//4296
f 4164//4164 122//122 4298//4298
f 4164//4164 4298//4298 4299//4299
f 4163//4163 4160//4160 136//136
f 116//116 4161//4161 4072//4072
f 4161//4161 4162//4162 4083//4083
f 4161//4161 4083//4083 4153//4153
f 136//136 4161//4161 116//116
f 136//136 4160//4160 4161//4161
f 4158//4158 4159//4159 4097//4097
f 4158//4158 4097//4097 4152//4152
f 4158//4158 4157//4157 4276//4276
f 4158//4158 4276//4276 4159//4159
f 4156//4156 4158//4158 4152//4152
f 4156//4156 4155//4155 4157//4157
f 4156//4156 4157//4157 4158//4158
f 4155//4155 4109//4109 4110//4110
f 4155//4155 4110//4110 4157//4157
f 4153//4153 4156//4156 4152//4152
f 4153//4153 4083//4083 4156//4156
f 4083//4083 4154//4154 4155//4155
f 4083//4083 4155//4155 4156//4156
f 120//120 4072//4072 4153//4153
f 4151//4151 4231//4231 4230//4230
f 4151//4151 4232//4232 4231//4231
f 4081//4081 4149//4149 4147//4147
f 4081//4081 4147//4147 4079//4079
f 4149//4149 4085//4085 4145//4145
f 4149//4149 4145//4145 4147//4147
f 4085//4085 4150//4150 4143//4143
f 4085//4085 4143//4143 4145//4145
f 4150//4150 4118//4118 4141//4141
f 4150//4150 4141//4141 4143//4143
f 4118//4118 4051//4051 4035//4035
f 4118//4118 4035//4035 4141//4141
f 4118//4118 4150//4150 4148//4148
f 4118//4118 4148//4148 4117//4117
f 4150//4150 4085//4085 4084//4084
f 4150//4150 4084//4084 4148//4148
f 4149//4149 4081//4081 4074//4074
f 4149//4149 4074//4074 4086//4086
f 4092//4092 4094//4094 4148//4148
f 4092//4092 4148//4148 4084//4084
f 4094//4094 4117//4117 4148//4148
f 4080//4080 4146//4146 4104//4104
f 4080//4080 4104//4104 4077//4077
f 4146//4146 4144//4144 4103//4103
f 4146//4146 4103//4103 4104//4104
f 4144//4144 4142//4142 4218//4218
f 4144//4144 4218//4218 4103//4103
f 4079//4079 4147//4147 4146//4146
f 4079//4079 4146//4146 4080//4080
f 4147//4147 4145//4145 4144//4144
f 4147//4147 4144//4144 4146//4146
f 4145//4145 4143//4143 4142//4142
f 4145//4145 4142//4142 4144//4144
f 4143//4143 4141//4141 4216//4216
f 4143//4143 4216//4216 4142//4142
f 4135//4135 4133//4133 4139//4139
f 4135//4135 4139//4139 4140//4140
f 4133//4133 4131//4131 4138//4138
f 4133//4133 4138//4138 4139//4139
f 4127//4127 4136//4136 4265//4265
f 4127//4127 4265//4265 4267//4267
f 4127//4127 4126//4126 4135//4135
f 4127//4127 4135//4135 4136//4136
f 4126//4126 4134//4134 4133//4133
f 4126//4126 4133//4133 4135//4135
f 4134//4134 4132//4132 4131//4131
f 4134//4134 4131//4131 4133//4133
f 4287//4287 4291//4291 4286//4286
f 4287//4287 4286//4286 4130//4130
f 4255//4255 4129//4129 4125//4125
f 4255//4255 4128//4128 4129//4129
f 4124//4124 4127//4127 4267//4267
f 4124//4124 4267//4267 4268//4268
f 4122//4122 4123//4123 4355//4355
f 4122//4122 4355//4355 4124//4124
f 4256//4256 4125//4125 4229//4229
f 4256//4256 4255//4255 4125//4125
f 4121//4121 4255//4255 4256//4256
f 4122//4122 4124//4124 4268//4268
f 4122//4122 4268//4268 4269//4269
f 4119//4119 4351//4351 4121//4121
f 4351//4351 4352//4352 4122//4122
f 4351//4351 4122//4122 4269//4269
f 4120//4120 4256//4256 4229//4229
f 4091//4091 4069//4069 4017//4017
f 4069//4069 4091//4091 4224//4224
f 4069//4069 4224//4224 4049//4049
f 4231//4231 4232//4232 4224//4224
f 4231//4231 4224//4224 4093//4093
f 4051//4051 4118//4118 4117//4117
f 4051//4051 4117//4117 4016//4016
f 4094//4094 4017//4017 4016//4016
f 4094//4094 4016//4016 4117//4117
f 4049//4049 4224//4224 4225//4225
f 4049//4049 4225//4225 4050//4050
f 4171//4171 4343//4343 4336//4336
f 4096//4096 4100//4100 4107//4107
f 4100//4100 4099//4099 4114//4114
f 4100//4100 4114//4114 4107//4107
f 4099//4099 4174//4174 4113//4113
f 4099//4099 4113//4113 4114//4114
f 4316//4316 4322//4322 4277//4277
f 4308//4308 4112//4112 4295//4295
f 4280//4280 4272//4272 4266//4266
f 4111//4111 4110//4110 4067//4067
f 4111//4111 4067//4067 4012//4012
f 4110//4110 4109//4109 4067//4067
f 4109//4109 4108//4108 4217//4217
f 4288//4288 4107//4107 4278//4278
f 4288//4288 4096//4096 4107//4107
f 4101//4101 4103//4103 4218//4218
f 4101//4101 4218//4218 4106//4106
f 4105//4105 4104//4104 4103//4103
f 4105//4105 4103//4103 4102//4102
f 4094//4094 4092//4092 4093//4093
f 4094//4094 4093//4093 4091//4091
f 4232//4232 4090//4090 4225//4225
f 4232//4232 4225//4225 4224//4224
f 4090//4090 4089//4089 4225//4225
f 4237//4237 4230//4230 4087//4087
f 4237//4237 4087//4087 4073//4073
f 4073//4073 4087//4087 4086//4086
f 4073//4073 4086//4086 4074//4074
f 4087//4087 4084//4084 4085//4085
f 4087//4087 4085//4085 4086//4086
f 4153//4153 4072//4072 4161//4161
f 4383//4383 4205//4205 4057//4057
f 4383//4383 4057//4057 4382//4382
f 4383//4383 4387//4387 4058//4058
f 4383//4383 4058//4058 4205//4205
f 4387//4387 4386//4386 4059//4059
f 4387//4387 4059//4059 4058//4058
f 4386//4386 4371//4371 4020//4020
f 4386//4386 4020//4020 4059//4059
f 4063//4063 4210//4210 4375//4375
f 4063//4063 4375//4375 4376//4376
f 4039//4039 4373//4373 4372//4372
f 4039//4039 4372//4372 4064//4064
f 4039//4039 4063//4063 4376//4376
f 4039//4039 4376//4376 4373//4373
f 4377//4377 4056//4056 4055//4055
f 4377//4377 4055//4055 4379//4379
f 4381//4381 4215//4215 4214//4214
f 4381//4381 4214//4214 4384//4384
f 4461//4461 4204//4204 4052//4052
f 4461//4461 4052//4052 4380//4380
f 4378//4378 4380//4380 4052//4052
f 4378//4378 4052//4052 4203//4203
f 4206//4206 4020//4020 4371//4371
f 4206//4206 4371//4371 4369//4369
f 4370//4370 4362//4362 4033//4033
f 4370//4370 4053//4053 4367//4367
f 4036//4036 4368//4368 4367//4367
f 4036//4036 4367//4367 4053//4053
f 4036//4036 4206//4206 4369//4369
f 4036//4036 4369//4369 4368//4368
f 4034//4034 4363//4363 4060//4060
f 4207//4207 4361//4361 4360//4360
f 4207//4207 4360//4360 4061//4061
f 4031//4031 4361//4361 4207//4207
f 4062//4062 4357//4357 4359//4359
f 4062//4062 4359//4359 4211//4211
f 4061//4061 4360//4360 4357//4357
f 4061//4061 4357//4357 4062//4062
f 4054//4054 4366//4366 4375//4375
f 4054//4054 4375//4375 4210//4210
f 4209//4209 4365//4365 4366//4366
f 4209//4209 4366//4366 4054//4054
f 4208//4208 4358//4358 4365//4365
f 4208//4208 4365//4365 4209//4209
f 4000//4000 4374//4374 4379//4379
f 4000//4000 4379//4379 4055//4055
f 4064//4064 4372//4372 4374//4374
f 4064//4064 4374//4374 4000//4000
f 4378//4378 4203//4203 4056//4056
f 4378//4378 4056//4056 4377//4377
f 4211//4211 4359//4359 4358//4358
f 4211//4211 4358//4358 4208//4208
f 4212//4212 4211//4211 4208//4208
f 4212//4212 4208//4208 4025//4025
f 4213//4213 4212//4212 4025//4025
f 4213//4213 4025//4025 4040//4040
f 4213//4213 4040//4040 4042//4042
f 4382//4382 4057//4057 4215//4215
f 4382//4382 4215//4215 4385//4385
f 4214//4214 4071//4071 4004//4004
f 4214//4214 4004//4004 4204//4204
f 4384//4384 4214//4214 4204//4204
f 4384//4384 4204//4204 4461//4461
f 4385//4385 4215//4215 4381//4381
f 4033//4033 4362//4362 4364//4364
f 4033//4033 4364//4364 4034//4034
f 4035//4035 4216//4216 4141//4141
f 4007//4007 4068//4068 4032//4032
f 4042//4042 4041//4041 4010//4010
f 4042//4042 4217//4217 4213//4213
f 4008//4008 4009//4009 4213//4213
f 4008//4008 4213//4213 4217//4217
f 4008//4008 4217//4217 4108//4108
f 4008//4008 4108//4108 4219//4219
f 4185//4185 4008//4008 4219//4219
f 4216//4216 4032//4032 4218//4218
f 4216//4216 4218//4218 4142//4142
f 4106//4106 4218//4218 4068//4068
f 4185//4185 4219//4219 4220//4220
f 4220//4220 4106//4106 4185//4185
f 4101//4101 4106//4106 4220//4220
f 4101//4101 4220//4220 4221//4221
f 4220//4220 4219//4219 4162//4162
f 4220//4220 4162//4162 4160//4160
f 4238//4238 4236//4236 4235//4235
f 4071//4071 4222//4222 4223//4223
f 4071//4071 4223//4223 4004//4004
f 4242//4242 4238//4238 4235//4235
f 4224//4224 4091//4091 4093//4093
f 4052//4052 4204//4204 4004//4004
f 4052//4052 4004//4004 4327//4327
f 3997//3997 4055//4055 4056//4056
f 3997//3997 4056//4056 4312//4312
f 4327//4327 4226//4226 4203//4203
f 4327//4327 4203//4203 4052//4052
f 4038//4038 3999//3999 4001//4001
f 4038//4038 4001//4001 4227//4227
f 4038//4038 4227//4227 4037//4037
f 4038//4038 4037//4037 4063//4063
f 4226//4226 4315//4315 4312//4312
f 3997//3997 4311//4311 4303//4303
f 3997//3997 4303//4303 3998//3998
f 3999//3999 3998//3998 4303//4303
f 3999//3999 4303//4303 4001//4001
f 4226//4226 4313//4313 4315//4315
f 4327//4327 4228//4228 4226//4226
f 4228//4228 4244//4244 4226//4226
f 4089//4089 4243//4243 4242//4242
f 4090//4090 4243//4243 4089//4089
f 4093//4093 4092//4092 4230//4230
f 4093//4093 4230//4230 4231//4231
f 4092//4092 4084//4084 4087//4087
f 4092//4092 4087//4087 4230//4230
f 4232//4232 4229//4229 4090//4090
f 4227//4227 4001//4001 4233//4233
f 4227//4227 4233//4233 4234//4234
f 4227//4227 4234//4234 4048//4048
f 4227//4227 4048//4048 4037//4037
f 4233//4233 4001//4001 4303//4303
f 4233//4233 4303//4303 4304//4304
f 4021//4021 4089//4089 4235//4235
f 4021//4021 4235//4235 4023//4023
f 4225//4225 4089//4089 4021//4021
f 4225//4225 4021//4021 4050//4050
f 4070//4070 4235//4235 4236//4236
f 4071//4071 4236//4236 4222//4222
f 4023//4023 4235//4235 4070//4070
f 4151//4151 4230//4230 4237//4237
f 4151//4151 4237//4237 4197//4197
f 4151//4151 4197//4197 4120//4120
f 4151//4151 4120//4120 4232//4232
f 4239//4239 4240//4240 4222//4222
f 4222//4222 4240//4240 4241//4241
f 4222//4222 4241//4241 4223//4223
f 4232//4232 4120//4120 4229//4229
f 4048//4048 4245//4245 4046//4046
f 4048//4048 4046//4046 4045//4045
f 4233//4233 4247//4247 4234//4234
f 4234//4234 4247//4247 4245//4245
f 4234//4234 4245//4245 4048//4048
f 4246//4246 4304//4304 4310//4310
f 4310//4310 4314//4314 4248//4248
f 4310//4310 4248//4248 4002//4002
f 4310//4310 4002//4002 4246//4246
f 4002//4002 4248//4248 4065//4065
f 4325//4325 4329//4329 4254//4254
f 4325//4325 4254//4254 4326//4326
f 4301//4301 4003//4003 4302//4302
f 4011//4011 4003//4003 4066//4066
f 4184//4184 4251//4251 4249//4249
f 4249//4249 4251//4251 4252//4252
f 4249//4249 4252//4252 4240//4240
f 4240//4240 4252//4252 4253//4253
f 4256//4256 4120//4120 4121//4121
f 4248//4248 4317//4317 4257//4257
f 4259//4259 4250//4250 4326//4326
f 4259//4259 4326//4326 4258//4258
f 4183//4183 4261//4261 4262//4262
f 4337//4337 4339//4339 4264//4264
f 4337//4337 4264//4264 4189//4189
f 4258//4258 4328//4328 4330//4330
f 4258//4258 4330//4330 4260//4260
f 4137//4137 4265//4265 4261//4261
f 4137//4137 4261//4261 4183//4183
f 4266//4266 4066//4066 4003//4003
f 4128//4128 4267//4267 4265//4265
f 4128//4128 4265//4265 4137//4137
f 4255//4255 4268//4268 4267//4267
f 4255//4255 4267//4267 4128//4128
f 4121//4121 4269//4269 4268//4268
f 4121//4121 4268//4268 4255//4255
f 4065//4065 4257//4257 4270//4270
f 4065//4065 4270//4270 4305//4305
f 4003//4003 4301//4301 4271//4271
f 4003//4003 4271//4271 4266//4266
f 4272//4272 4111//4111 4012//4012
f 4272//4272 4012//4012 4066//4066
f 4260//4260 4330//4330 4331//4331
f 4260//4260 4331//4331 4273//4273
f 4318//4318 4309//4309 4270//4270
f 4288//4288 4305//4305 4270//4270
f 4288//4288 4270//4270 4306//4306
f 4335//4335 4188//4188 4338//4338
f 4335//4335 4338//4338 4340//4340
f 4274//4274 4340//4340 4190//4190
f 4274//4274 4190//4190 4344//4344
f 4316//4316 4318//4318 4323//4323
f 4316//4316 4323//4323 4322//4322
f 4333//4333 4334//4334 4170//4170
f 4333//4333 4170//4170 4284//4284
f 4139//4139 4138//4138 4347//4347
f 4139//4139 4347//4347 4192//4192
f 4344//4344 4345//4345 4342//4342
f 4344//4344 4342//4342 4274//4274
f 4272//4272 4275//4275 4276//4276
f 4272//4272 4276//4276 4111//4111
f 4272//4272 4280//4280 4275//4275
f 4157//4157 4110//4110 4111//4111
f 4157//4157 4111//4111 4276//4276
f 4309//4309 4308//4308 4306//4306
f 4316//4316 4308//4308 4309//4309
f 4170//4170 4342//4342 4341//4341
f 4285//4285 4282//4282 4347//4347
f 4285//4285 4347//4347 4138//4138
f 4131//4131 4286//4286 4285//4285
f 4131//4131 4285//4285 4138//4138
f 4132//4132 4130//4130 4286//4286
f 4132//4132 4286//4286 4131//4131
f 4281//4281 4165//4165 4277//4277
f 4277//4277 4112//4112 4316//4316
f 4167//4167 4170//4170 4341//4341
f 4170//4170 4167//4167 4284//4284
f 4286//4286 4289//4289 4285//4285
f 4285//4285 4289//4289 4290//4290
f 4285//4285 4290//4290 4282//4282
f 4096//4096 4288//4288 4306//4306
f 4096//4096 4306//4306 4307//4307
f 4116//4116 4346//4346 4171//4171
f 4116//4116 4171//4171 4341//4341
f 4167//4167 4341//4341 4171//4171
f 4167//4167 4171//4171 4292//4292
f 4167//4167 4292//4292 4294//4294
f 4167//4167 4294//4294 4165//4165
f 4291//4291 4289//4289 4286//4286
f 4290//4290 4346//4346 4116//4116
f 4296//4296 4294//4294 4292//4292
f 4346//4346 4290//4290 4293//4293
f 4346//4346 4293//4293 4343//4343
f 4165//4165 4294//4294 4180//4180
f 4169//4169 4168//4168 4297//4297
f 4297//4297 4299//4299 4296//4296
f 4291//4291 4115//4115 4348//4348
f 4307//4307 4095//4095 4096//4096
f 4349//4349 4297//4297 4168//4168
f 4100//4100 4096//4096 119//119
f 4096//4096 4095//4095 119//119
f 4246//4246 4300//4300 4233//4233
f 4300//4300 4002//4002 4302//4302
f 4304//4304 4246//4246 4233//4233
f 4002//4002 4065//4065 4301//4301
f 4002//4002 4301//4301 4302//4302
f 4271//4271 4301//4301 4065//4065
f 4271//4271 4065//4065 4305//4305
f 4288//4288 4278//4278 4305//4305
f 4279//4279 4266//4266 4271//4271
f 4279//4279 4271//4271 4278//4278
f 4305//4305 4278//4278 4271//4271
f 4307//4307 4295//4295 4177//4177
f 4177//4177 4095//4095 4307//4307
f 4282//4282 4290//4290 4116//4116
f 4282//4282 4116//4116 4283//4283
f 4307//4307 4306//4306 4308//4308
f 4307//4307 4308//4308 4295//4295
f 4314//4314 4320//4320 4248//4248
f 4309//4309 4306//4306 4270//4270
f 4310//4310 4311//4311 4315//4315
f 4310//4310 4315//4315 4313//4313
f 4310//4310 4313//4313 4314//4314
f 4312//4312 4056//4056 4203//4203
f 4312//4312 4203//4203 4226//4226
f 4312//4312 4315//4315 4311//4311
f 4312//4312 4311//4311 3997//3997
f 4317//4317 4248//4248 4250//4250
f 4317//4317 4250//4250 4259//4259
f 4270//4270 4257//4257 4317//4317
f 4270//4270 4317//4317 4318//4318
f 4319//4319 4323//4323 4318//4318
f 4316//4316 4112//4112 4308//4308
f 4244//4244 4321//4321 4314//4314
f 4314//4314 4321//4321 4320//4320
f 4319//4319 4318//4318 4317//4317
f 4319//4319 4317//4317 4259//4259
f 4313//4313 4226//4226 4244//4244
f 4314//4314 4313//4313 4244//4244
f 4324//4324 4250//4250 4320//4320
f 4321//4321 4324//4324 4320//4320
f 4248//4248 4320//4320 4250//4250
f 4322//4322 4323//4323 4273//4273
f 4322//4322 4273//4273 4166//4166
f 4166//4166 4281//4281 4322//4322
f 4260//4260 4273//4273 4323//4323
f 4260//4260 4323//4323 4319//4319
f 4326//4326 4250//4250 4324//4324
f 4321//4321 4244//4244 4325//4325
f 4244//4244 4228//4228 4325//4325
f 4324//4324 4321//4321 4325//4325
f 4324//4324 4325//4325 4326//4326
f 4258//4258 4260//4260 4319//4319
f 4258//4258 4319//4319 4259//4259
f 4325//4325 4228//4228 4329//4329
f 4166//4166 4273//4273 4331//4331
f 4166//4166 4331//4331 4332//4332
f 4165//4165 4284//4284 4167//4167
f 4223//4223 4228//4228 4327//4327
f 4223//4223 4327//4327 4004//4004
f 4333//4333 4166//4166 4332//4332
f 4166//4166 4333//4333 4284//4284
f 4166//4166 4284//4284 4281//4281
f 4284//4284 4165//4165 4281//4281
f 4241//4241 4329//4329 4228//4228
f 4241//4241 4228//4228 4223//4223
f 4253//4253 4189//4189 4328//4328
f 4253//4253 4328//4328 4254//4254
f 4241//4241 4253//4253 4254//4254
f 4241//4241 4254//4254 4329//4329
f 4264//4264 4330//4330 4328//4328
f 4264//4264 4328//4328 4189//4189
f 4331//4331 4330//4330 4264//4264
f 4331//4331 4264//4264 4188//4188
f 4332//4332 4331//4331 4188//4188
f 4332//4332 4188//4188 4335//4335
f 4274//4274 4342//4342 4170//4170
f 4274//4274 4170//4170 4334//4334
f 4171//4171 4346//4346 4343//4343
f 4191//4191 4338//4338 4339//4339
f 4191//4191 4339//4339 4263//4263
f 4263//4263 4339//4339 4337//4337
f 4190//4190 4340//4340 4338//4338
f 4190//4190 4338//4338 4191//4191
f 4334//4334 4335//4335 4340//4340
f 4334//4334 4340//4340 4274//4274
f 4342//4342 4345//4345 4283//4283
f 4342//4342 4283//4283 4341//4341
f 4341//4341 4283//4283 4116//4116
f 4343//4343 4353//4353 4336//4336
f 4192//4192 4347//4347 4345//4345
f 4192//4192 4345//4345 4344//4344
f 4350//4350 4336//4336 4353//4353
f 4347//4347 4283//4283 4345//4345
f 4347//4347 4282//4282 4283//4283
f 4289//4289 4291//4291 4293//4293
f 4289//4289 4293//4293 4290//4290
f 4115//4115 4291//4291 4287//4287
f 4343//4343 4293//4293 4348//4348
f 4343//4343 4348//4348 4353//4353
f 4349//4349 4168//4168 4350//4350
f 4352//4352 147//147 66//66
f 4351//4351 4269//4269 4121//4121
f 4354//4354 148//148 4353//4353
f 4349//4349 4350//4350 4353//4353
f 4349//4349 4353//4353 148//148
f 4291//4291 4348//4348 4293//4293
f 4354//4354 4353//4353 4348//4348
f 4348//4348 4115//4115 4354//4354
f 4355//4355 4356//4356 4134//4134
f 4355//4355 4134//4134 4126//4126
f 4356//4356 4196//4196 4132//4132
f 4356//4356 4132//4132 4134//4134
f 4196//4196 4130//4130 4132//4132
f 4127//4127 4124//4124 4355//4355
f 4127//4127 4355//4355 4126//4126
f 4413//4413 4585//4585 4410//4410
f 4401//4401 4397//4397 4399//4399
f 4465//4465 4671//4671 4575//4575
f 4453//4453 4570//4570 4454//4454
f 4440//4440 4456//4456 4437//4437
f 4567//4567 4566//4566 4565//4565
f 4561//4561 4409//4409 4407//4407
f 4559//4559 4546//4546 4532//4532
f 4561//4561 4540//4540 4545//4545
f 4543//4543 4542//4542 4541//4541
f 4499//4499 4480//4480 4656//4656
f 4490//4490 4596//4596 4595//4595
f 4618//4618 4494//4494 4512//4512
f 4505//4505 4504//4504 4497//4497
f 4618//4618 4619//4619 4493//4493
f 4542//4542 4488//4488 4489//4489
f 4478//4478 4480//4480 4481//4481
f 4478//4478 4479//4479 4480//4480
f 4583//4583 4898//4898 4517//4517
f 4519//4519 4512//4512 4494//4494
f 4502//4502 4623//4623 4622//4622
f 4496//4496 4650//4650 4500//4500
f 4479//4479 4656//4656 4480//4480
f 4655//4655 4507//4507 4504//4504
f 4615//4615 4575//4575 4614//4614
f 4402//4402 4417//4417 4416//4416
f 4560//4560 4405//4405 4416//4416
f 4405//4405 4415//4415 4416//4416
f 4420//4420 4396//4396 4564//4564
f 4417//4417 4402//4402 4420//4420
f 4417//4417 4420//4420 4564//4564
f 4971//4971 4413//4413 4412//4412
f 4971//4971 4412//4412 4975//4975
f 4418//4418 4405//4405 4406//4406
f 4415//4415 4405//4405 4418//4418
f 4415//4415 4418//4418 4419//4419
f 4402//4402 4415//4415 4419//4419
f 4402//4402 4419//4419 4982//4982
f 4408//4408 4410//4410 4585//4585
f 4409//4409 4411//4411 4410//4410
f 4411//4411 4412//4412 4410//4410
f 4412//4412 4413//4413 4410//4410
f 4412//4412 4411//4411 4544//4544
f 4544//4544 4423//4423 4869//4869
f 4412//4412 4544//4544 4869//4869
f 4423//4423 4861//4861 4869//4869
f 4409//4409 4410//4410 4408//4408
f 4408//4408 4407//4407 4409//4409
f 4406//4406 4407//4407 4408//4408
f 4405//4405 4407//4407 4406//4406
f 4405//4405 4560//4560 4407//4407
f 4560//4560 4559//4559 4407//4407
f 4859//4859 5007//5007 4403//4403
f 4859//4859 4403//4403 4845//4845
f 4403//4403 4404//4404 5004//5004
f 4403//4403 5004//5004 4845//4845
f 4404//4404 4400//4400 4394//4394
f 4404//4404 4403//4403 4397//4397
f 4404//4404 4397//4397 4400//4400
f 4403//4403 4398//4398 4397//4397
f 4398//4398 4403//4403 5007//5007
f 4398//4398 5007//5007 4837//4837
f 4392//4392 4389//4389 4396//4396
f 4392//4392 4396//4396 4393//4393
f 4400//4400 4390//4390 4391//4391
f 4390//4390 4400//4400 4401//4401
f 4390//4390 4401//4401 4422//4422
f 4399//4399 4422//4422 4401//4401
f 4400//4400 4397//4397 4401//4401
f 4400//4400 4391//4391 4394//4394
f 4396//4396 4389//4389 4564//4564
f 4399//4399 4554//4554 4422//4422
f 4399//4399 4398//4398 4388//4388
f 4399//4399 4388//4388 4554//4554
f 4398//4398 4836//4836 4421//4421
f 4398//4398 4421//4421 4388//4388
f 4836//4836 4712//4712 4421//4421
f 4836//4836 4398//4398 4837//4837
f 4398//4398 4399//4399 4397//4397
f 4394//4394 4391//4391 4392//4392
f 4394//4394 4392//4392 4393//4393
f 4712//4712 4836//4836 4834//4834
f 4971//4971 4585//4585 4413//4413
f 4414//4414 4408//4408 4585//4585
f 4414//4414 4877//4877 4406//4406
f 4414//4414 4406//4406 4408//4408
f 4877//4877 4871//4871 4418//4418
f 4877//4877 4418//4418 4406//4406
f 4871//4871 4419//4419 4418//4418
f 4886//4886 4395//4395 4396//4396
f 4886//4886 4396//4396 4420//4420
f 4395//4395 4887//4887 4393//4393
f 4395//4395 4393//4393 4396//4396
f 4887//4887 4893//4893 4394//4394
f 4887//4887 4394//4394 4393//4393
f 4404//4404 4394//4394 4893//4893
f 4404//4404 4893//4893 5004//5004
f 4419//4419 4753//4753 4982//4982
f 4419//4419 4871//4871 4753//4753
f 4971//4971 4976//4976 4585//4585
f 4580//4580 4582//4582 4477//4477
f 4580//4580 4477//4477 4469//4469
f 4582//4582 4581//4581 4476//4476
f 4582//4582 4476//4476 4477//4477
f 4581//4581 4569//4569 4452//4452
f 4581//4581 4452//4452 4476//4476
f 4440//4440 4442//4442 4475//4475
f 4440//4440 4475//4475 4456//4456
f 4442//4442 4635//4635 4634//4634
f 4442//4442 4634//4634 4475//4475
f 4446//4446 4462//4462 4626//4626
f 4446//4446 4626//4626 4627//4627
f 4448//4448 4473//4473 4629//4629
f 4448//4448 4629//4629 4630//4630
f 4448//4448 4640//4640 4474//4474
f 4448//4448 4474//4474 4473//4473
f 4451//4451 4463//4463 4464//4464
f 4451//4451 4464//4464 4450//4450
f 4612//4612 4472//4472 4463//4463
f 4612//4612 4463//4463 4451//4451
f 4645//4645 4471//4471 4472//4472
f 4645//4645 4472//4472 4612//4612
f 4645//4645 4576//4576 4459//4459
f 4645//4645 4459//4459 4471//4471
f 4666//4666 4460//4460 4459//4459
f 4666//4666 4459//4459 4576//4576
f 4468//4468 4577//4577 4580//4580
f 4468//4468 4580//4580 4469//4469
f 4577//4577 4468//4468 4571//4571
f 4578//4578 4466//4466 4465//4465
f 4578//4578 4465//4465 4575//4575
f 4438//4438 4457//4457 4455//4455
f 4438//4438 4455//4455 4568//4568
f 4574//4574 4608//4608 4467//4467
f 4574//4574 4467//4467 4579//4579
f 4458//4458 4572//4572 4571//4571
f 4458//4458 4571//4571 4468//4468
f 4437//4437 4456//4456 4457//4457
f 4437//4437 4457//4457 4438//4438
f 4568//4568 4455//4455 4454//4454
f 4568//4568 4454//4454 4570//4570
f 4570//4570 4453//4453 4452//4452
f 4570//4570 4452//4452 4569//4569
f 4582//4582 4580//4580 4605//4605
f 4582//4582 4605//4605 4604//4604
f 4604//4604 4603//4603 4581//4581
f 4604//4604 4581//4581 4582//4582
f 4569//4569 4581//4581 4603//4603
f 4569//4569 4603//4603 4602//4602
f 4570//4570 4601//4601 4600//4600
f 4570//4570 4600//4600 4568//4568
f 4439//4439 4434//4434 4441//4441
f 4637//4637 4636//4636 4441//4441
f 4637//4637 4441//4441 4434//4434
f 4577//4577 4606//4606 4605//4605
f 4577//4577 4605//4605 4580//4580
f 4511//4511 4610//4610 4617//4617
f 4510//4510 4511//4511 4617//4617
f 4510//4510 4617//4617 4616//4616
f 4510//4510 4616//4616 4615//4615
f 4510//4510 4615//4615 4502//4502
f 4571//4571 4607//4607 4606//4606
f 4571//4571 4606//4606 4577//4577
f 4447//4447 4632//4632 4642//4642
f 4447//4447 4642//4642 4641//4641
f 4447//4447 4631//4631 4632//4632
f 4514//4514 4611//4611 4449//4449
f 4514//4514 4449//4449 4515//4515
f 4433//4433 4612//4612 4611//4611
f 4433//4433 4611//4611 4514//4514
f 4646//4646 4612//4612 4433//4433
f 4509//4509 4614//4614 4673//4673
f 4509//4509 4673//4673 4672//4672
f 4502//4502 4615//4615 4614//4614
f 4502//4502 4614//4614 4509//4509
f 4506//4506 4610//4610 4511//4511
f 4571//4571 4572//4572 4506//4506
f 4571//4571 4506//4506 4607//4607
f 4570//4570 4569//4569 4602//4602
f 4570//4570 4602//4602 4601//4601
f 4440//4440 4437//4437 4439//4439
f 4438//4438 4568//4568 4600//4600
f 4438//4438 4600//4600 4437//4437
f 4566//4566 4567//4567 4647//4647
f 4564//4564 4567//4567 4565//4565
f 4566//4566 4551//4551 4565//4565
f 4417//4417 4565//4565 4546//4546
f 4417//4417 4546//4546 4416//4416
f 4565//4565 4551//4551 4547//4547
f 4565//4565 4547//4547 4546//4546
f 4546//4546 4560//4560 4416//4416
f 4565//4565 4417//4417 4564//4564
f 4411//4411 4409//4409 4561//4561
f 4561//4561 4545//4545 4411//4411
f 4544//4544 4411//4411 4545//4545
f 4544//4544 4563//4563 4423//4423
f 4562//4562 4423//4423 4563//4563
f 4911//4911 4423//4423 4562//4562
f 4911//4911 4861//4861 4423//4423
f 4539//4539 4561//4561 4559//4559
f 4561//4561 4407//4407 4559//4559
f 4560//4560 4546//4546 4559//4559
f 4647//4647 4557//4557 4649//4649
f 4558//4558 4391//4391 4557//4557
f 4558//4558 4392//4392 4391//4391
f 4392//4392 4558//4558 4567//4567
f 4392//4392 4567//4567 4389//4389
f 4558//4558 4647//4647 4567//4567
f 4649//4649 4553//4553 4556//4556
f 4390//4390 4553//4553 4557//4557
f 4555//4555 4556//4556 4553//4553
f 4557//4557 4391//4391 4390//4390
f 4564//4564 4389//4389 4567//4567
f 4521//4521 4555//4555 4554//4554
f 4553//4553 4554//4554 4555//4555
f 4388//4388 4648//4648 4650//4650
f 4388//4388 4650//4650 4554//4554
f 4388//4388 4421//4421 4648//4648
f 4712//4712 4648//4648 4421//4421
f 4648//4648 4896//4896 4500//4500
f 4648//4648 4500//4500 4650//4650
f 4652//4652 4651//4651 4505//4505
f 4652//4652 4505//4505 4529//4529
f 4517//4517 4898//4898 4897//4897
f 4489//4489 4599//4599 4593//4593
f 4595//4595 4596//4596 4542//4542
f 4591//4591 4592//4592 4599//4599
f 4591//4591 4599//4599 4598//4598
f 4591//4591 4598//4598 4428//4428
f 4591//4591 4428//4428 4590//4590
f 4639//4639 4638//4638 4537//4537
f 4516//4516 4426//4426 4549//4549
f 4429//4429 4644//4644 4643//4643
f 4526//4526 4552//4552 4647//4647
f 4526//4526 4424//4424 4552//4552
f 4526//4526 4644//4644 4424//4424
f 4550//4550 4552//4552 4424//4424
f 4550//4550 4551//4551 4552//4552
f 4551//4551 4566//4566 4552//4552
f 4551//4551 4550//4550 4547//4547
f 4550//4550 4548//4548 4547//4547
f 4550//4550 4425//4425 4548//4548
f 4424//4424 4429//4429 4549//4549
f 4424//4424 4549//4549 4425//4425
f 4426//4426 4425//4425 4549//4549
f 4536//4536 4548//4548 4425//4425
f 4536//4536 4532//4532 4548//4548
f 4532//4532 4547//4547 4548//4548
f 4532//4532 4546//4546 4547//4547
f 4540//4540 4589//4589 4545//4545
f 4589//4589 4540//4540 4527//4527
f 4589//4589 4527//4527 4428//4428
f 4589//4589 4428//4428 4598//4598
f 4491//4491 4588//4588 4589//4589
f 4491//4491 4589//4589 4598//4598
f 4545//4545 4589//4589 4588//4588
f 4544//4544 4545//4545 4563//4563
f 4545//4545 4588//4588 4563//4563
f 4491//4491 4489//4489 4488//4488
f 4587//4587 4563//4563 4588//4588
f 4542//4542 4543//4543 4488//4488
f 4543//4543 4587//4587 4488//4488
f 4562//4562 4563//4563 4587//4587
f 4562//4562 4587//4587 4586//4586
f 4911//4911 4562//4562 4586//4586
f 4910//4910 4911//4911 4901//4901
f 4541//4541 4542//4542 4530//4530
f 4530//4530 4520//4520 4541//4541
f 4518//4518 4897//4897 4586//4586
f 4428//4428 4527//4527 4427//4427
f 4428//4428 4427//4427 4538//4538
f 4527//4527 4540//4540 4528//4528
f 4540//4540 4539//4539 4528//4528
f 4540//4540 4561//4561 4539//4539
f 4533//4533 4528//4528 4539//4539
f 4537//4537 4538//4538 4427//4427
f 4537//4537 4427//4427 4535//4535
f 4537//4537 4535//4535 4639//4639
f 4534//4534 4532//4532 4536//4536
f 4534//4534 4533//4533 4532//4532
f 4533//4533 4559//4559 4532//4532
f 4534//4534 4535//4535 4533//4533
f 4539//4539 4559//4559 4533//4533
f 4531//4531 4431//4431 4430//4430
f 4653//4653 4431//4431 4531//4531
f 4584//4584 4483//4483 4494//4494
f 4584//4584 4494//4494 4493//4493
f 4482//4482 4478//4478 4481//4481
f 4499//4499 4529//4529 4498//4498
f 4499//4499 4498//4498 4495//4495
f 4499//4499 4656//4656 4652//4652
f 4499//4499 4652//4652 4529//4529
f 4659//4659 4657//4657 4654//4654
f 4505//4505 4651//4651 4655//4655
f 4531//4531 4525//4525 4524//4524
f 4647//4647 4649//4649 4524//4524
f 4647//4647 4524//4524 4525//4525
f 4524//4524 4649//4649 4523//4523
f 4658//4658 4531//4531 4524//4524
f 4658//4658 4524//4524 4523//4523
f 4522//4522 4658//4658 4523//4523
f 4659//4659 4522//4522 4555//4555
f 4529//4529 4505//4505 4497//4497
f 4529//4529 4497//4497 4498//4498
f 4507//4507 4657//4657 4504//4504
f 4659//4659 4521//4521 4504//4504
f 4481//4481 4495//4495 4486//4486
f 4481//4481 4486//4486 4485//4485
f 4500//4500 4900//4900 4485//4485
f 4498//4498 4486//4486 4495//4495
f 4485//4485 4484//4484 4584//4584
f 4485//4485 4584//4584 4481//4481
f 4484//4484 4485//4485 4900//4900
f 4526//4526 4525//4525 4644//4644
f 4555//4555 4521//4521 4659//4659
f 4497//4497 4500//4500 4498//4498
f 4530//4530 4519//4519 4520//4520
f 4520//4520 4519//4519 4583//4583
f 4519//4519 4494//4494 4483//4483
f 4519//4519 4483//4483 4583//4583
f 4897//4897 4518//4518 4517//4517
f 4490//4490 4513//4513 4597//4597
f 4490//4490 4597//4597 4596//4596
f 4594//4594 4593//4593 4492//4492
f 4487//4487 4592//4592 4591//4591
f 4487//4487 4591//4591 4436//4436
f 4434//4434 4439//4439 4435//4435
f 4434//4434 4638//4638 4637//4637
f 4516//4516 4633//4633 4628//4628
f 4445//4445 4633//4633 4632//4632
f 4445//4445 4632//4632 4631//4631
f 4632//4632 4643//4643 4642//4642
f 4625//4625 4433//4433 4432//4432
f 4625//4625 4432//4432 4654//4654
f 4513//4513 4512//4512 4597//4597
f 4620//4620 4478//4478 4482//4482
f 4620//4620 4621//4621 4479//4479
f 4620//4620 4479//4479 4478//4478
f 4621//4621 4622//4622 4501//4501
f 4621//4621 4501//4501 4479//4479
f 4654//4654 4657//4657 4664//4664
f 4654//4654 4664//4664 4625//4625
f 4623//4623 4624//4624 4508//4508
f 4623//4623 4508//4508 4503//4503
f 4624//4624 4669//4669 4507//4507
f 4624//4624 4507//4507 4508//4508
f 4482//4482 4493//4493 4619//4619
f 4618//4618 4493//4493 4494//4494
f 4619//4619 4620//4620 4482//4482
f 4659//4659 4504//4504 4657//4657
f 4521//4521 4496//4496 4497//4497
f 4521//4521 4497//4497 4504//4504
f 4505//4505 4655//4655 4504//4504
f 4503//4503 4501//4501 4622//4622
f 4503//4503 4622//4622 4623//4623
f 4480//4480 4499//4499 4495//4495
f 4480//4480 4495//4495 4481//4481
f 4497//4497 4496//4496 4500//4500
f 4492//4492 4593//4593 4592//4592
f 4492//4492 4592//4592 4487//4487
f 4593//4593 4599//4599 4592//4592
f 4491//4491 4587//4587 4588//4588
f 4490//4490 4595//4595 4594//4594
f 4595//4595 4542//4542 4489//4489
f 4481//4481 4584//4584 4482//4482
f 4493//4493 4482//4482 4584//4584
f 4498//4498 4500//4500 4486//4486
f 4500//4500 4485//4485 4486//4486
f 4483//4483 4584//4584 4484//4484
f 4451//4451 4611//4611 4612//4612
f 4449//4449 4611//4611 4451//4451
f 4449//4449 4451//4451 4450//4450
f 4448//4448 4447//4447 4641//4641
f 4448//4448 4641//4641 4640//4640
f 4448//4448 4630//4630 4631//4631
f 4448//4448 4631//4631 4447//4447
f 4446//4446 4627//4627 4628//4628
f 4446//4446 4628//4628 4445//4445
f 4442//4442 4441//4441 4636//4636
f 4442//4442 4636//4636 4635//4635
f 4442//4442 4440//4440 4439//4439
f 4442//4442 4439//4439 4441//4441
f 4590//4590 4436//4436 4591//4591
f 4439//4439 4590//4590 4435//4435
f 4516//4516 4549//4549 4633//4633
f 4632//4632 4633//4633 4549//4549
f 4632//4632 4549//4549 4429//4429
f 4429//4429 4643//4643 4632//4632
f 4430//4430 4431//4431 4514//4514
f 4430//4430 4514//4514 4515//4515
f 4431//4431 4432//4432 4433//4433
f 4431//4431 4433//4433 4514//4514
f 4431//4431 4653//4653 4432//4432
f 4434//4434 4537//4537 4638//4638
f 4434//4434 4435//4435 4538//4538
f 4434//4434 4538//4538 4537//4537
f 4435//4435 4590//4590 4428//4428
f 4435//4435 4428//4428 4538//4538
f 4528//4528 4535//4535 4427//4427
f 4535//4535 4534//4534 4639//4639
f 4536//4536 4425//4425 4426//4426
f 4425//4425 4550//4550 4424//4424
f 4424//4424 4644//4644 4429//4429
f 4525//4525 4531//4531 4430//4430
f 4583//4583 4517//4517 4520//4520
f 4517//4517 4518//4518 4541//4541
f 4517//4517 4541//4541 4520//4520
f 4518//4518 4586//4586 4543//4543
f 4518//4518 4543//4543 4541//4541
f 4586//4586 4587//4587 4543//4543
f 4483//4483 4898//4898 4583//4583
f 4975//4975 4412//4412 4869//4869
f 4975//4975 4869//4869 4866//4866
f 4414//4414 4585//4585 4976//4976
f 4901//4901 4911//4911 4586//4586
f 4901//4901 4586//4586 4897//4897
f 4528//4528 4533//4533 4535//4535
f 4527//4527 4528//4528 4427//4427
f 4587//4587 4491//4491 4488//4488
f 4489//4489 4593//4593 4594//4594
f 4595//4595 4489//4489 4594//4594
f 4598//4598 4599//4599 4491//4491
f 4489//4489 4491//4491 4599//4599
f 4530//4530 4542//4542 4596//4596
f 4530//4530 4596//4596 4597//4597
f 4519//4519 4530//4530 4597//4597
f 4519//4519 4597//4597 4512//4512
f 4439//4439 4437//4437 4590//4590
f 4436//4436 4590//4590 4437//4437
f 4436//4436 4437//4437 4600//4600
f 4436//4436 4600//4600 4487//4487
f 4487//4487 4600//4600 4601//4601
f 4601//4601 4602//4602 4492//4492
f 4601//4601 4492//4492 4487//4487
f 4492//4492 4602//4602 4603//4603
f 4492//4492 4603//4603 4594//4594
f 4490//4490 4594//4594 4603//4603
f 4490//4490 4603//4603 4604//4604
f 4604//4604 4605//4605 4513//4513
f 4604//4604 4513//4513 4490//4490
f 4512//4512 4513//4513 4605//4605
f 4512//4512 4605//4605 4606//4606
f 4618//4618 4512//4512 4606//4606
f 4618//4618 4606//4606 4607//4607
f 4618//4618 4607//4607 4506//4506
f 4466//4466 4578//4578 4579//4579
f 4466//4466 4579//4579 4467//4467
f 4573//4573 4609//4609 4608//4608
f 4573//4573 4608//4608 4574//4574
f 4609//4609 4573//4573 4572//4572
f 4609//4609 4572//4572 4458//4458
f 4610//4610 4506//4506 4572//4572
f 4610//4610 4572//4572 4573//4573
f 4573//4573 4574//4574 4610//4610
f 4612//4612 4646//4646 4645//4645
f 4613//4613 4666//4666 4576//4576
f 4578//4578 4575//4575 4615//4615
f 4578//4578 4615//4615 4616//4616
f 4578//4578 4616//4616 4617//4617
f 4578//4578 4617//4617 4579//4579
f 4574//4574 4579//4579 4617//4617
f 4574//4574 4617//4617 4610//4610
f 4618//4618 4506//4506 4619//4619
f 4506//4506 4511//4511 4620//4620
f 4506//4506 4620//4620 4619//4619
f 4511//4511 4510//4510 4621//4621
f 4511//4511 4621//4621 4620//4620
f 4510//4510 4502//4502 4622//4622
f 4510//4510 4622//4622 4621//4621
f 4502//4502 4509//4509 4624//4624
f 4502//4502 4624//4624 4623//4623
f 4509//4509 4672//4672 4669//4669
f 4509//4509 4669//4669 4624//4624
f 4433//4433 4625//4625 4646//4646
f 4444//4444 4627//4627 4626//4626
f 4444//4444 4626//4626 4461//4461
f 4444//4444 4443//4443 4628//4628
f 4444//4444 4628//4628 4627//4627
f 4516//4516 4628//4628 4443//4443
f 4446//4446 4630//4630 4629//4629
f 4446//4446 4629//4629 4462//4462
f 4446//4446 4445//4445 4631//4631
f 4446//4446 4631//4631 4630//4630
f 4445//4445 4628//4628 4633//4633
f 4444//4444 4461//4461 4634//4634
f 4444//4444 4634//4634 4635//4635
f 4444//4444 4635//4635 4636//4636
f 4444//4444 4636//4636 4443//4443
f 4516//4516 4443//4443 4636//4636
f 4516//4516 4636//4636 4637//4637
f 4516//4516 4637//4637 4638//4638
f 4426//4426 4516//4516 4638//4638
f 4426//4426 4638//4638 4639//4639
f 4536//4536 4426//4426 4639//4639
f 4536//4536 4639//4639 4534//4534
f 4640//4640 4450//4450 4464//4464
f 4640//4640 4464//4464 4474//4474
f 4450//4450 4640//4640 4641//4641
f 4450//4450 4641//4641 4449//4449
f 4449//4449 4641//4641 4642//4642
f 4449//4449 4642//4642 4515//4515
f 4515//4515 4642//4642 4643//4643
f 4430//4430 4515//4515 4643//4643
f 4430//4430 4643//4643 4644//4644
f 4525//4525 4430//4430 4644//4644
f 4647//4647 4525//4525 4526//4526
f 4420//4420 4402//4402 4982//4982
f 4886//4886 4420//4420 4982//4982
f 4663//4663 4613//4613 4646//4646
f 4576//4576 4645//4645 4646//4646
f 4576//4576 4646//4646 4613//4613
f 4646//4646 4625//4625 4664//4664
f 4646//4646 4664//4664 4663//4663
f 4566//4566 4647//4647 4552//4552
f 4557//4557 4553//4553 4649//4649
f 4557//4557 4647//4647 4558//4558
f 4390//4390 4422//4422 4553//4553
f 4554//4554 4553//4553 4422//4422
f 4523//4523 4649//4649 4556//4556
f 4523//4523 4556//4556 4522//4522
f 4522//4522 4556//4556 4555//4555
f 4521//4521 4554//4554 4650//4650
f 4521//4521 4650//4650 4496//4496
f 4415//4415 4402//4402 4416//4416
f 4501//4501 4503//4503 4651//4651
f 4501//4501 4651//4651 4652//4652
f 4654//4654 4432//4432 4653//4653
f 4507//4507 4655//4655 4508//4508
f 4479//4479 4501//4501 4652//4652
f 4479//4479 4652//4652 4656//4656
f 4503//4503 4508//4508 4655//4655
f 4503//4503 4655//4655 4651//4651
f 4531//4531 4658//4658 4653//4653
f 4654//4654 4653//4653 4658//4658
f 4654//4654 4658//4658 4522//4522
f 4659//4659 4654//4654 4522//4522
f 4665//4665 4470//4470 4660//4660
f 4665//4665 4660//4660 4661//4661
f 4669//4669 4657//4657 4507//4507
f 4661//4661 4662//4662 4665//4665
f 4661//4661 4660//4660 4460//4460
f 4661//4661 4460//4460 4666//4666
f 4663//4663 4662//4662 4613//4613
f 4662//4662 4661//4661 4666//4666
f 4662//4662 4666//4666 4613//4613
f 4670//4670 4667//4667 4470//4470
f 4670//4670 4470//4470 4665//4665
f 4663//4663 4672//4672 4668//4668
f 4663//4663 4668//4668 4662//4662
f 4664//4664 4657//4657 4669//4669
f 4665//4665 4662//4662 4668//4668
f 4665//4665 4668//4668 4670//4670
f 4663//4663 4664//4664 4669//4669
f 4663//4663 4669//4669 4672//4672
f 4667//4667 4670//4670 4671//4671
f 4667//4667 4671//4671 4465//4465
f 4668//4668 4672//4672 4673//4673
f 4673//4673 4671//4671 4670//4670
f 4673//4673 4670//4670 4668//4668
f 4671//4671 4673//4673 4614//4614
f 4671//4671 4614//4614 4575//4575
f 4693//4693 4703//4703 4683//4683
f 4705//4705 5166//5166 5174//5174
f 5009//5009 4688//4688 4678//4678
f 4846//4846 4862//4862 4830//4830
f 4834//4834 4831//4831 4827//4827
f 4818//4818 4792//4792 5017//5017
f 4758//4758 4759//4759 4774//4774
f 4728//4728 4744//4744 4980//4980
f 4749//4749 4742//4742 4750//4750
f 4717//4717 4718//4718 4719//4719
f 4898//4898 4903//4903 4902//4902
f 4826//4826 4948//4948 4949//4949
f 4718//4718 4724//4724 4980//4980
f 4715//4715 4984//4984 4748//4748
f 4939//4939 4741//4741 4990//4990
f 4767//4767 5020//5020 4755//4755
f 4711//4711 4921//4921 4691//4691
f 4711//4711 4691//4691 4690//4690
f 4915//4915 4690//4690 4686//4686
f 4680//4680 4702//4702 4701//4701
f 4699//4699 4702//4702 4680//4680
f 4709//4709 5002//5002 5003//5003
f 4692//4692 4710//4710 4703//4703
f 4692//4692 4703//4703 4693//4693
f 4921//4921 4710//4710 4692//4692
f 4921//4921 4692//4692 4691//4691
f 4707//4707 4696//4696 4924//4924
f 4924//4924 4709//4709 4707//4707
f 4680//4680 5009//5009 5164//5164
f 5035//5035 4681//4681 5164//5164
f 4681//4681 5035//5035 5167//5167
f 4688//4688 5009//5009 4679//4679
f 4678//4678 4688//4688 4687//4687
f 5028//5028 5168//5168 4685//4685
f 4676//4676 4682//4682 4675//4675
f 5010//5010 5016//5016 5013//5013
f 5011//5011 5012//5012 5016//5016
f 5011//5011 5016//5016 5010//5010
f 4674//4674 4682//4682 5012//5012
f 4675//4675 4682//4682 4674//4674
f 5163//5163 5021//5021 4706//4706
f 5163//5163 4706//4706 4707//4707
f 4705//4705 4706//4706 5021//5021
f 4705//4705 5021//5021 5166//5166
f 4696//4696 4705//4705 5013//5013
f 4706//4706 4705//4705 4696//4696
f 5174//5174 5165//5165 5010//5010
f 5174//5174 5010//5010 5013//5013
f 5164//5164 4681//4681 4680//4680
f 5175//5175 5164//5164 5009//5009
f 4708//4708 4677//4677 4678//4678
f 4697//4697 4704//4704 4696//4696
f 5018//5018 5016//5016 4695//4695
f 5018//5018 4695//4695 4922//4922
f 4698//4698 4694//4694 4683//4683
f 4698//4698 4683//4683 4703//4703
f 4914//4914 4689//4689 4927//4927
f 4687//4687 4689//4689 4914//4914
f 4698//4698 4922//4922 4695//4695
f 4698//4698 4695//4695 4694//4694
f 5003//5003 4707//4707 4709//4709
f 5012//5012 4695//4695 5016//5016
f 5012//5012 4682//4682 4694//4694
f 5012//5012 4694//4694 4695//4695
f 4682//4682 4683//4683 4694//4694
f 4683//4683 5170//5170 4693//4693
f 5170//5170 5169//5169 4693//4693
f 5169//5169 4684//4684 4692//4692
f 5169//5169 4692//4692 4693//4693
f 4684//4684 4691//4691 4692//4692
f 4684//4684 4685//4685 4690//4690
f 4684//4684 4690//4690 4691//4691
f 4689//4689 4679//4679 4927//4927
f 4679//4679 4701//4701 4927//4927
f 4679//4679 4680//4680 4701//4701
f 4680//4680 4681//4681 4699//4699
f 4681//4681 4700//4700 4699//4699
f 4679//4679 4689//4689 4688//4688
f 4689//4689 4687//4687 4688//4688
f 4686//4686 4690//4690 4708//4708
f 4684//4684 5028//5028 4685//4685
f 4684//4684 5169//5169 5028//5028
f 5170//5170 4683//4683 4676//4676
f 4683//4683 4682//4682 4676//4676
f 4696//4696 4707//4707 4706//4706
f 4707//4707 5003//5003 5167//5167
f 4679//4679 5009//5009 4680//4680
f 4678//4678 4677//4677 5009//5009
f 5028//5028 5169//5169 5030//5030
f 5170//5170 4676//4676 5022//5022
f 4676//4676 4675//4675 5022//5022
f 4947//4947 4826//4826 4775//4775
f 4947//4947 4775//4775 4876//4876
f 4948//4948 4849//4849 4949//4949
f 4963//4963 4962//4962 4865//4865
f 4945//4945 4920//4920 4946//4946
f 4866//4866 4972//4972 4960//4960
f 4866//4866 4960//4960 4959//4959
f 4866//4866 4869//4869 4867//4867
f 4866//4866 4867//4867 4972//4972
f 4940//4940 4807//4807 4803//4803
f 4751//4751 4875//4875 4940//4940
f 4971//4971 4975//4975 4974//4974
f 4971//4971 4974//4974 4958//4958
f 4977//4977 4976//4976 4971//4971
f 4977//4977 4971//4971 4958//4958
f 4797//4797 4744//4744 4728//4728
f 4797//4797 4728//4728 4800//4800
f 4981//4981 4980//4980 4744//4744
f 4873//4873 4874//4874 4879//4879
f 4873//4873 4879//4879 4878//4878
f 4873//4873 4877//4877 4414//4414
f 4873//4873 4414//4414 4874//4874
f 4745//4745 4744//4744 4797//4797
f 4746//4746 4981//4981 4744//4744
f 4717//4717 4721//4721 4882//4882
f 4717//4717 4882//4882 4894//4894
f 4871//4871 4873//4873 4878//4878
f 4871//4871 4878//4878 4880//4880
f 4871//4871 4877//4877 4873//4873
f 4745//4745 4743//4743 4747//4747
f 4722//4722 4883//4883 4882//4882
f 4722//4722 4882//4882 4721//4721
f 4753//4753 4871//4871 4880//4880
f 4753//4753 4880//4880 4881//4881
f 4985//4985 4986//4986 4883//4883
f 4985//4985 4883//4883 4722//4722
f 4753//4753 4881//4881 4988//4988
f 4753//4753 4988//4988 4983//4983
f 4910//4910 4868//4868 4861//4861
f 4865//4865 4824//4824 4864//4864
f 4864//4864 4863//4863 4865//4865
f 4863//4863 4862//4862 4846//4846
f 4863//4863 4846//4846 4865//4865
f 4867//4867 4863//4863 4864//4864
f 4862//4862 4868//4868 4828//4828
f 4862//4862 4863//4863 4861//4861
f 4862//4862 4861//4861 4868//4868
f 4867//4867 4869//4869 4861//4861
f 4867//4867 4861//4861 4863//4863
f 4844//4844 4969//4969 5006//5006
f 4844//4844 5006//5006 5005//5005
f 5005//5005 4859//4859 4845//4845
f 5005//5005 4845//4845 4844//4844
f 4858//4858 4740//4740 4741//4741
f 4967//4967 4954//4954 4953//4953
f 4857//4857 4860//4860 4968//4968
f 4857//4857 4968//4968 4967//4967
f 4857//4857 4856//4856 4859//4859
f 4857//4857 4859//4859 4860//4860
f 4856//4856 4835//4835 5007//5007
f 4856//4856 5007//5007 4859//4859
f 4855//4855 4858//4858 4943//4943
f 4966//4966 4967//4967 4953//4953
f 4966//4966 4953//4953 4952//4952
f 4854//4854 4857//4857 4967//4967
f 4854//4854 4967//4967 4966//4966
f 4854//4854 4853//4853 4856//4856
f 4854//4854 4856//4856 4857//4857
f 4853//4853 4835//4835 4856//4856
f 4853//4853 4833//4833 4835//4835
f 4852//4852 4855//4855 4943//4943
f 4852//4852 4943//4943 4942//4942
f 4851//4851 4966//4966 4952//4952
f 4851//4851 4952//4952 4951//4951
f 4965//4965 4854//4854 4966//4966
f 4965//4965 4850//4850 4853//4853
f 4965//4965 4853//4853 4854//4854
f 4850//4850 4831//4831 4833//4833
f 4850//4850 4833//4833 4853//4853
f 4941//4941 4852//4852 4942//4942
f 4848//4848 4851//4851 4951//4951
f 4848//4848 4951//4951 4950//4950
f 4964//4964 4847//4847 4850//4850
f 4964//4964 4850//4850 4965//4965
f 4847//4847 4830//4830 4831//4831
f 4847//4847 4831//4831 4850//4850
f 4826//4826 4941//4941 4775//4775
f 4849//4849 4848//4848 4950//4950
f 4849//4849 4950//4950 4949//4949
f 4963//4963 4846//4846 4847//4847
f 4963//4963 4847//4847 4964//4964
f 4846//4846 4830//4830 4847//4847
f 4734//4734 4989//4989 4736//4736
f 4760//4760 4843//4843 4957//4957
f 4760//4760 4957//4957 4956//4956
f 4844//4844 4842//4842 4970//4970
f 4844//4844 4970//4970 4969//4969
f 4842//4842 4841//4841 4891//4891
f 4842//4842 4891//4891 4970//4970
f 4731//4731 4733//4733 4892//4892
f 4731//4731 4892//4892 4890//4890
f 4891//4891 4841//4841 4840//4840
f 4891//4891 4840//4840 4888//4888
f 4840//4840 4841//4841 4893//4893
f 4840//4840 4893//4893 4887//4887
f 4838//4838 4840//4840 4887//4887
f 4838//4838 4887//4887 4395//4395
f 4838//4838 4889//4889 4888//4888
f 4838//4838 4888//4888 4840//4840
f 4729//4729 4731//4731 4890//4890
f 4729//4729 4890//4890 4885//4885
f 4838//4838 4886//4886 4992//4992
f 4838//4838 4992//4992 4889//4889
f 4886//4886 4838//4838 4395//4395
f 4837//4837 5007//5007 4835//4835
f 4837//4837 4835//4835 4836//4836
f 4836//4836 4835//4835 4834//4834
f 4833//4833 4834//4834 4835//4835
f 4833//4833 4831//4831 4834//4834
f 4834//4834 4827//4827 4712//4712
f 4827//4827 4831//4831 4832//4832
f 4832//4832 4831//4831 4829//4829
f 4831//4831 4830//4830 4829//4829
f 4830//4830 4828//4828 4829//4829
f 4862//4862 4828//4828 4830//4830
f 4825//4825 4948//4948 4947//4947
f 4824//4824 4865//4865 4962//4962
f 4824//4824 4962//4962 4961//4961
f 4823//4823 4811//4811 4782//4782
f 4823//4823 4782//4782 4815//4815
f 4913//4913 4912//4912 4917//4917
f 4913//4913 4917//4917 4916//4916
f 4822//4822 4806//4806 4912//4912
f 4822//4822 4912//4912 4913//4913
f 4928//4928 4929//4929 4806//4806
f 4928//4928 4806//4806 4822//4822
f 4820//4820 4799//4799 4802//4802
f 4820//4820 4802//4802 4821//4821
f 4925//4925 4796//4796 4799//4799
f 4925//4925 4799//4799 4820//4820
f 4819//4819 4794//4794 4796//4796
f 4819//4819 4796//4796 4925//4925
f 4812//4812 4768//4768 5001//5001
f 5015//5015 4764//4764 4773//4773
f 5015//5015 4773//4773 4704//4704
f 4817//4817 4788//4788 4792//4792
f 4817//4817 4792//4792 4818//4818
f 4816//4816 4785//4785 4788//4788
f 4816//4816 4788//4788 4817//4817
f 4814//4814 4781//4781 4785//4785
f 4814//4814 4785//4785 4816//4816
f 4815//4815 4782//4782 4781//4781
f 4815//4815 4781//4781 4814//4814
f 4704//4704 4773//4773 5019//5019
f 4813//4813 4769//4769 4768//4768
f 4813//4813 4768//4768 4812//4812
f 4811//4811 4810//4810 4780//4780
f 4811//4811 4780//4780 4782//4782
f 4810//4810 4809//4809 4778//4778
f 4810//4810 4778//4778 4780//4780
f 4809//4809 4919//4919 4934//4934
f 4809//4809 4934//4934 4778//4778
f 4933//4933 4775//4775 4934//4934
f 4912//4912 4918//4918 4917//4917
f 4808//4808 4807//4807 4919//4919
f 4806//4806 4805//4805 4918//4918
f 4806//4806 4918//4918 4912//4912
f 4805//4805 4804//4804 4808//4808
f 4805//4805 4808//4808 4918//4918
f 4804//4804 4803//4803 4807//4807
f 4804//4804 4807//4807 4808//4808
f 4929//4929 4930//4930 4805//4805
f 4929//4929 4805//4805 4806//4806
f 4930//4930 4931//4931 4804//4804
f 4930//4930 4804//4804 4805//4805
f 4931//4931 4803//4803 4804//4804
f 4799//4799 4798//4798 4801//4801
f 4799//4799 4801//4801 4802//4802
f 4798//4798 4800//4800 4801//4801
f 4798//4798 4797//4797 4800//4800
f 4796//4796 4795//4795 4798//4798
f 4796//4796 4798//4798 4799//4799
f 4795//4795 4745//4745 4797//4797
f 4795//4795 4797//4797 4798//4798
f 4794//4794 4795//4795 4796//4796
f 4794//4794 4743//4743 4795//4795
f 4743//4743 4745//4745 4795//4795
f 4768//4768 4766//4766 5000//5000
f 4768//4768 5000//5000 5001//5001
f 4766//4766 4742//4742 4999//4999
f 4766//4766 4999//4999 5000//5000
f 4763//4763 5014//5014 4774//4774
f 5014//5014 4757//4757 4758//4758
f 5014//5014 4758//4758 4774//4774
f 4792//4792 4791//4791 4762//4762
f 4792//4792 4762//4762 4765//4765
f 4791//4791 4790//4790 4793//4793
f 4791//4791 4793//4793 4762//4762
f 4790//4790 4789//4789 4757//4757
f 4790//4790 4757//4757 4793//4793
f 4938//4938 4741//4741 4939//4939
f 4788//4788 4787//4787 4791//4791
f 4788//4788 4791//4791 4792//4792
f 4787//4787 4786//4786 4790//4790
f 4787//4787 4790//4790 4791//4791
f 4786//4786 4937//4937 4789//4789
f 4786//4786 4789//4789 4790//4790
f 4943//4943 4938//4938 4937//4937
f 4785//4785 4784//4784 4787//4787
f 4785//4785 4787//4787 4788//4788
f 4784//4784 4783//4783 4786//4786
f 4784//4784 4786//4786 4787//4787
f 4783//4783 4936//4936 4937//4937
f 4783//4783 4937//4937 4786//4786
f 4942//4942 4943//4943 4937//4937
f 4942//4942 4937//4937 4936//4936
f 4781//4781 4779//4779 4784//4784
f 4781//4781 4784//4784 4785//4785
f 4779//4779 4777//4777 4783//4783
f 4779//4779 4783//4783 4784//4784
f 4777//4777 4935//4935 4936//4936
f 4777//4777 4936//4936 4783//4783
f 4776//4776 4942//4942 4936//4936
f 4776//4776 4936//4936 4935//4935
f 4782//4782 4780//4780 4779//4779
f 4782//4782 4779//4779 4781//4781
f 4780//4780 4778//4778 4777//4777
f 4780//4780 4777//4777 4779//4779
f 4778//4778 4934//4934 4935//4935
f 4778//4778 4935//4935 4777//4777
f 4775//4775 4776//4776 4935//4935
f 4775//4775 4935//4935 4934//4934
f 4764//4764 4763//4763 4772//4772
f 4764//4764 4772//4772 4773//4773
f 4763//4763 4774//4774 4771//4771
f 4763//4763 4771//4771 4772//4772
f 4774//4774 4759//4759 4770//4770
f 4774//4774 4770//4770 4771//4771
f 4773//4773 4772//4772 5020//5020
f 4773//4773 5020//5020 5019//5019
f 4772//4772 4771//4771 5020//5020
f 4771//4771 4770//4770 4755//4755
f 4771//4771 4755//4755 5020//5020
f 4755//4755 4770//4770 4750//4750
f 4769//4769 4767//4767 4766//4766
f 4769//4769 4766//4766 4768//4768
f 4767//4767 4755//4755 4742//4742
f 4767//4767 4742//4742 4766//4766
f 4759//4759 4761//4761 4770//4770
f 4761//4761 4754//4754 4750//4750
f 4761//4761 4750//4750 4770//4770
f 4956//4956 4955//4955 5008//5008
f 4956//4956 5008//5008 4760//4760
f 4738//4738 4736//4736 4989//4989
f 4729//4729 4885//4885 4994//4994
f 4729//4729 4994//4994 4995//4995
f 4749//4749 4997//4997 4998//4998
f 4742//4742 4755//4755 4750//4750
f 4750//4750 4754//4754 4749//4749
f 4753//4753 4983//4983 4982//4982
f 4714//4714 4748//4748 4984//4984
f 4713//4713 4720//4720 4991//4991
f 4713//4713 4991//4991 4714//4714
f 4991//4991 4981//4981 4746//4746
f 4752//4752 4724//4724 4979//4979
f 4752//4752 4979//4979 4944//4944
f 4725//4725 4724//4724 4752//4752
f 4725//4725 4752//4752 4751//4751
f 4751//4751 4940//4940 4725//4725
f 4749//4749 4998//4998 4742//4742
f 4748//4748 4714//4714 4747//4747
f 4714//4714 4746//4746 4745//4745
f 4714//4714 4745//4745 4747//4747
f 4746//4746 4744//4744 4745//4745
f 4932//4932 4940//4940 4803//4803
f 4742//4742 4998//4998 4999//4999
f 4740//4740 4739//4739 4738//4738
f 4740//4740 4738//4738 4741//4741
f 4739//4739 4737//4737 4736//4736
f 4739//4739 4736//4736 4738//4738
f 4737//4737 4735//4735 4734//4734
f 4737//4737 4734//4734 4736//4736
f 4735//4735 4733//4733 4732//4732
f 4735//4735 4732//4732 4734//4734
f 4733//4733 4731//4731 4730//4730
f 4733//4733 4730//4730 4732//4732
f 4731//4731 4729//4729 4716//4716
f 4731//4731 4716//4716 4730//4730
f 4729//4729 4995//4995 4996//4996
f 4729//4729 4996//4996 4716//4716
f 4717//4717 4894//4894 4895//4895
f 4717//4717 4895//4895 4718//4718
f 4980//4980 4724//4724 4725//4725
f 4722//4722 4713//4713 4984//4984
f 4722//4722 4984//4984 4985//4985
f 4722//4722 4721//4721 4720//4720
f 4722//4722 4720//4720 4713//4713
f 4721//4721 4717//4717 4719//4719
f 4721//4721 4719//4719 4720//4720
f 4713//4713 4714//4714 4984//4984
f 4727//4727 4726//4726 4878//4878
f 4727//4727 4878//4878 4879//4879
f 4726//4726 4872//4872 4880//4880
f 4726//4726 4880//4880 4878//4878
f 4872//4872 4870//4870 4881//4881
f 4872//4872 4881//4881 4880//4880
f 4870//4870 4987//4987 4988//4988
f 4870//4870 4988//4988 4881//4881
f 4756//4756 4839//4839 4888//4888
f 4756//4756 4888//4888 4889//4889
f 4839//4839 4892//4892 4891//4891
f 4839//4839 4891//4891 4888//4888
f 4843//4843 4892//4892 4957//4957
f 4892//4892 4839//4839 4890//4890
f 4839//4839 4756//4756 4885//4885
f 4839//4839 4885//4885 4890//4890
f 4756//4756 4993//4993 4994//4994
f 4756//4756 4994//4994 4885//4885
f 4870//4870 4883//4883 4986//4986
f 4870//4870 4986//4986 4987//4987
f 4870//4870 4872//4872 4882//4882
f 4870//4870 4882//4882 4883//4883
f 4872//4872 4726//4726 4894//4894
f 4872//4872 4894//4894 4882//4882
f 4726//4726 4727//4727 4895//4895
f 4726//4726 4895//4895 4894//4894
f 4973//4973 4944//4944 4979//4979
f 4973//4973 4979//4979 4978//4978
f 4828//4828 4904//4904 4905//4905
f 4904//4904 4868//4868 4910//4910
f 4911//4911 4910//4910 4861//4861
f 4902//4902 4904//4904 4910//4910
f 4902//4902 4910//4910 4901//4901
f 4868//4868 4904//4904 4828//4828
f 4896//4896 4909//4909 4900//4900
f 4908//4908 4896//4896 4648//4648
f 4908//4908 4909//4909 4896//4896
f 4909//4909 4827//4827 4832//4832
f 4909//4909 4908//4908 4827//4827
f 4908//4908 4648//4648 4712//4712
f 4712//4712 4827//4827 4908//4908
f 4900//4900 4909//4909 4907//4907
f 4900//4900 4907//4907 4906//4906
f 4909//4909 4832//4832 4907//4907
f 4832//4832 4829//4829 4907//4907
f 4829//4829 4905//4905 4907//4907
f 4905//4905 4899//4899 4906//4906
f 4905//4905 4906//4906 4907//4907
f 4899//4899 4905//4905 4903//4903
f 4828//4828 4905//4905 4829//4829
f 4904//4904 4903//4903 4905//4905
f 4904//4904 4902//4902 4903//4903
f 4901//4901 4898//4898 4902//4902
f 4900//4900 4906//4906 4484//4484
f 4899//4899 4483//4483 4484//4484
f 4899//4899 4484//4484 4906//4906
f 4899//4899 4903//4903 4898//4898
f 4899//4899 4898//4898 4483//4483
f 4897//4897 4898//4898 4901//4901
f 4900//4900 4500//4500 4896//4896
f 4915//4915 4686//4686 4687//4687
f 4915//4915 4687//4687 4914//4914
f 4686//4686 4678//4678 4687//4687
f 4708//4708 4678//4678 4686//4686
f 5009//5009 4677//4677 5032//5032
f 5167//5167 5163//5163 4707//4707
f 5013//5013 4705//4705 5174//5174
f 4685//4685 5168//5168 4708//4708
f 4685//4685 4708//4708 4690//4690
f 4711//4711 4690//4690 4915//4915
f 4916//4916 4917//4917 4811//4811
f 4916//4916 4811//4811 4823//4823
f 4917//4917 4918//4918 4810//4810
f 4917//4917 4810//4810 4811//4811
f 4918//4918 4808//4808 4809//4809
f 4918//4918 4809//4809 4810//4810
f 4808//4808 4919//4919 4809//4809
f 4946//4946 4947//4947 4876//4876
f 4946//4946 4876//4876 4875//4875
f 4920//4920 4825//4825 4947//4947
f 4920//4920 4947//4947 4946//4946
f 4824//4824 4961//4961 4960//4960
f 4824//4824 4960//4960 4972//4972
f 4972//4972 4864//4864 4824//4824
f 4867//4867 4864//4864 4972//4972
f 4822//4822 4913//4913 4914//4914
f 4913//4913 4916//4916 4915//4915
f 4913//4913 4915//4915 4914//4914
f 4916//4916 4823//4823 4711//4711
f 4916//4916 4711//4711 4915//4915
f 4823//4823 4921//4921 4711//4711
f 4823//4823 4815//4815 4921//4921
f 4815//4815 4814//4814 4710//4710
f 4815//4815 4710//4710 4921//4921
f 4814//4814 4816//4816 4703//4703
f 4814//4814 4703//4703 4710//4710
f 4816//4816 4817//4817 4698//4698
f 4816//4816 4698//4698 4703//4703
f 4817//4817 4818//4818 4922//4922
f 4817//4817 4922//4922 4698//4698
f 4818//4818 5017//5017 5018//5018
f 4818//4818 5018//5018 4922//4922
f 4923//4923 4704//4704 4697//4697
f 5015//5015 4704//4704 4923//4923
f 4704//4704 5019//5019 4924//4924
f 4813//4813 4812//4812 4709//4709
f 4813//4813 4709//4709 4924//4924
f 4812//4812 5001//5001 5002//5002
f 4812//4812 5002//5002 4709//4709
f 4819//4819 4925//4925 4699//4699
f 4819//4819 4699//4699 4700//4700
f 4925//4925 4702//4702 4699//4699
f 4925//4925 4820//4820 4702//4702
f 4702//4702 4926//4926 4701//4701
f 4820//4820 4821//4821 4926//4926
f 4820//4820 4926//4926 4702//4702
f 4822//4822 4914//4914 4927//4927
f 4822//4822 4927//4927 4928//4928
f 4926//4926 4928//4928 4927//4927
f 4926//4926 4927//4927 4701//4701
f 4821//4821 4928//4928 4926//4926
f 4821//4821 4802//4802 4929//4929
f 4821//4821 4929//4929 4928//4928
f 4802//4802 4801//4801 4930//4930
f 4802//4802 4930//4930 4929//4929
f 4801//4801 4800//4800 4931//4931
f 4801//4801 4931//4931 4930//4930
f 4728//4728 4980//4980 4725//4725
f 4728//4728 4725//4725 4932//4932
f 4800//4800 4728//4728 4932//4932
f 4800//4800 4932//4932 4931//4931
f 4931//4931 4932//4932 4803//4803
f 4807//4807 4933//4933 4919//4919
f 4919//4919 4933//4933 4934//4934
f 4937//4937 4938//4938 4789//4789
f 4789//4789 4938//4938 4939//4939
f 4789//4789 4939//4939 4757//4757
f 4758//4758 4757//4757 4939//4939
f 4940//4940 4932//4932 4725//4725
f 4940//4940 4875//4875 4807//4807
f 4807//4807 4875//4875 4933//4933
f 4933//4933 4875//4875 4876//4876
f 4933//4933 4876//4876 4775//4775
f 4775//4775 4941//4941 4776//4776
f 4776//4776 4941//4941 4942//4942
f 4943//4943 4858//4858 4938//4938
f 4938//4938 4858//4858 4741//4741
f 4990//4990 4741//4741 4738//4738
f 4990//4990 4738//4738 4989//4989
f 4751//4751 4752//4752 4944//4944
f 4751//4751 4944//4944 4945//4945
f 4751//4751 4945//4945 4875//4875
f 4875//4875 4945//4945 4946//4946
f 4947//4947 4948//4948 4826//4826
f 4826//4826 4949//4949 4950//4950
f 4826//4826 4950//4950 4941//4941
f 4941//4941 4950//4950 4951//4951
f 4941//4941 4951//4951 4852//4852
f 4852//4852 4951//4951 4952//4952
f 4852//4852 4952//4952 4855//4855
f 4855//4855 4952//4952 4953//4953
f 4855//4855 4953//4953 4858//4858
f 4858//4858 4953//4953 4954//4954
f 4858//4858 4954//4954 4740//4740
f 4739//4739 4740//4740 4954//4954
f 4739//4739 4954//4954 4955//4955
f 4737//4737 4739//4739 4955//4955
f 4737//4737 4955//4955 4956//4956
f 4737//4737 4956//4956 4957//4957
f 4737//4737 4957//4957 4735//4735
f 4733//4733 4735//4735 4957//4957
f 4733//4733 4957//4957 4892//4892
f 4978//4978 4977//4977 4958//4958
f 4978//4978 4958//4958 4973//4973
f 4973//4973 4958//4958 4974//4974
f 4959//4959 4960//4960 4920//4920
f 4959//4959 4920//4920 4945//4945
f 4825//4825 4920//4920 4960//4960
f 4825//4825 4960//4960 4961//4961
f 4825//4825 4961//4961 4962//4962
f 4825//4825 4962//4962 4948//4948
f 4849//4849 4948//4948 4962//4962
f 4849//4849 4962//4962 4963//4963
f 4849//4849 4963//4963 4964//4964
f 4849//4849 4964//4964 4848//4848
f 4851//4851 4965//4965 4966//4966
f 4848//4848 4964//4964 4965//4965
f 4848//4848 4965//4965 4851//4851
f 4967//4967 4968//4968 4954//4954
f 5008//5008 5006//5006 4969//4969
f 5008//5008 4969//4969 4760//4760
f 4760//4760 4969//4969 4970//4970
f 4760//4760 4970//4970 4843//4843
f 4843//4843 4970//4970 4891//4891
f 4843//4843 4891//4891 4892//4892
f 4945//4945 4944//4944 4973//4973
f 4973//4973 4974//4974 4959//4959
f 4973//4973 4959//4959 4945//4945
f 4866//4866 4959//4959 4974//4974
f 4866//4866 4974//4974 4975//4975
f 4874//4874 4414//4414 4976//4976
f 4879//4879 4874//4874 4976//4976
f 4879//4879 4976//4976 4977//4977
f 4727//4727 4879//4879 4977//4977
f 4727//4727 4977//4977 4978//4978
f 4727//4727 4978//4978 4979//4979
f 4727//4727 4979//4979 4895//4895
f 4979//4979 4724//4724 4718//4718
f 4979//4979 4718//4718 4895//4895
f 4719//4719 4718//4718 4980//4980
f 4719//4719 4980//4980 4981//4981
f 4720//4720 4719//4719 4981//4981
f 4720//4720 4981//4981 4991//4991
f 4886//4886 4982//4982 4983//4983
f 4756//4756 4889//4889 4992//4992
f 4756//4756 4992//4992 4993//4993
f 4723//4723 4985//4985 4984//4984
f 4723//4723 4984//4984 4715//4715
f 4723//4723 4884//4884 4986//4986
f 4723//4723 4986//4986 4985//4985
f 4987//4987 4986//4986 4884//4884
f 4714//4714 4991//4991 4746//4746
f 4716//4716 4996//4996 4997//4997
f 4716//4716 4997//4997 4749//4749
f 4749//4749 4754//4754 4730//4730
f 4749//4749 4730//4730 4716//4716
f 4754//4754 4761//4761 4732//4732
f 4754//4754 4732//4732 4730//4730
f 4761//4761 4759//4759 4734//4734
f 4761//4761 4734//4734 4732//4732
f 4759//4759 4758//4758 4989//4989
f 4759//4759 4989//4989 4734//4734
f 4758//4758 4939//4939 4990//4990
f 4758//4758 4990//4990 4989//4989
f 4983//4983 4988//4988 4992//4992
f 4983//4983 4992//4992 4886//4886
f 4993//4993 4992//4992 4988//4988
f 4993//4993 4988//4988 4987//4987
f 4987//4987 4884//4884 4994//4994
f 4987//4987 4994//4994 4993//4993
f 4723//4723 4995//4995 4994//4994
f 4723//4723 4994//4994 4884//4884
f 4723//4723 4715//4715 4996//4996
f 4723//4723 4996//4996 4995//4995
f 4715//4715 4997//4997 4996//4996
f 4748//4748 4998//4998 4997//4997
f 4748//4748 4997//4997 4715//4715
f 4748//4748 4747//4747 4998//4998
f 4999//4999 4998//4998 4747//4747
f 4999//4999 4747//4747 4743//4743
f 5000//5000 4999//4999 4743//4743
f 5000//5000 4743//4743 4794//4794
f 5001//5001 5000//5000 4794//4794
f 5001//5001 4794//4794 4819//4819
f 4819//4819 5002//5002 5001//5001
f 4819//4819 4700//4700 5002//5002
f 5003//5003 5002//5002 4700//4700
f 4700//4700 4681//4681 5167//5167
f 4700//4700 5167//5167 5003//5003
f 4844//4844 4845//4845 5004//5004
f 4844//4844 5004//5004 4842//4842
f 5004//5004 4893//4893 4841//4841
f 5004//5004 4841//4841 4842//4842
f 4963//4963 4865//4865 4846//4846
f 4860//4860 5005//5005 5006//5006
f 4860//4860 5006//5006 4968//4968
f 4860//4860 4859//4859 5005//5005
f 4954//4954 5008//5008 4955//4955
f 4954//4954 4968//4968 5006//5006
f 4954//4954 5006//5006 5008//5008
f 4674//4674 5012//5012 5011//5011
f 5013//5013 4697//4697 4696//4696
f 4762//4762 4793//4793 5014//5014
f 4762//4762 5014//5014 4763//4763
f 4793//4793 4757//4757 5014//5014
f 5015//5015 4765//4765 4764//4764
f 4765//4765 4762//4762 4763//4763
f 4765//4765 4763//4763 4764//4764
f 4697//4697 5016//5016 5018//5018
f 5013//5013 5016//5016 4697//4697
f 5017//5017 4792//4792 4765//4765
f 5017//5017 4765//4765 5015//5015
f 4923//4923 4697//4697 5018//5018
f 5015//5015 4923//4923 5018//5018
f 5015//5015 5018//5018 5017//5017
f 4696//4696 4704//4704 4924//4924
f 5019//5019 4769//4769 4813//4813
f 5019//5019 5020//5020 4767//4767
f 5019//5019 4767//4767 4769//4769
f 4813//4813 4924//4924 5019//5019
f 4708//4708 5031//5031 4677//4677
f 5034//5034 5030//5030 5128//5128
f 5164//5164 5175//5175 5036//5036
f 5185//5185 5056//5056 5050//5050
f 5047//5047 5242//5242 5182//5182
f 5055//5055 5190//5190 5096//5096
f 5098//5098 5055//5055 5096//5096
f 5188//5188 5190//5190 5055//5055
f 5069//5069 5060//5060 5068//5068
f 5095//5095 5161//5161 5092//5092
f 5094//5094 5070//5070 5073//5073
f 5101//5101 5103//5103 5102//5102
f 5113//5113 5067//5067 5114//5114
f 5145//5145 5152//5152 5162//5162
f 5071//5071 5070//5070 5093//5093
f 5022//5022 5023//5023 5024//5024
f 5168//5168 5025//5025 5031//5031
f 5031//5031 5025//5025 5026//5026
f 5168//5168 5028//5028 5027//5027
f 5168//5168 5027//5027 5025//5025
f 5170//5170 5022//5022 5029//5029
f 5028//5028 5030//5030 5027//5027
f 5033//5033 5032//5032 4677//4677
f 5033//5033 4677//4677 5031//5031
f 5031//5031 5026//5026 5033//5033
f 5031//5031 4708//4708 5168//5168
f 5027//5027 5030//5030 5034//5034
f 5131//5131 5035//5035 5036//5036
f 5037//5037 5175//5175 5032//5032
f 5036//5036 5175//5175 5037//5037
f 5022//5022 4675//4675 5023//5023
f 5029//5029 5030//5030 5169//5169
f 5029//5029 5169//5169 5170//5170
f 5029//5029 5128//5128 5030//5030
f 5022//5022 5024//5024 5029//5029
f 5039//5039 5038//5038 5073//5073
f 5039//5039 5073//5073 5023//5023
f 5041//5041 5040//5040 5038//5038
f 5041//5041 5038//5038 5039//5039
f 5042//5042 5040//5040 5041//5041
f 5042//5042 5165//5165 5045//5045
f 5010//5010 5042//5042 5041//5041
f 5010//5010 5041//5041 5011//5011
f 4674//4674 5011//5011 5041//5041
f 4674//4674 5041//5041 5039//5039
f 5039//5039 5023//5023 4675//4675
f 5039//5039 4675//4675 4674//4674
f 5021//5021 5163//5163 5043//5043
f 5044//5044 5021//5021 5043//5043
f 5044//5044 5043//5043 5045//5045
f 5009//5009 5032//5032 5175//5175
f 5073//5073 5024//5024 5023//5023
f 5047//5047 5186//5186 5242//5242
f 5050//5050 5144//5144 5051//5051
f 5090//5090 5054//5054 5052//5052
f 5090//5090 5087//5087 5054//5054
f 5184//5184 5183//5183 5053//5053
f 5219//5219 5056//5056 5185//5185
f 5050//5050 5181//5181 5185//5185
f 5050//5050 5057//5057 5046//5046
f 5050//5050 5046//5046 5181//5181
f 5057//5057 5058//5058 5047//5047
f 5057//5057 5047//5047 5046//5046
f 5182//5182 5046//5046 5047//5047
f 5047//5047 5058//5058 5059//5059
f 5047//5047 5059//5059 5186//5186
f 5053//5053 5183//5183 5069//5069
f 5230//5230 5069//5069 5183//5183
f 5230//5230 5187//5187 5060//5060
f 5230//5230 5060//5060 5069//5069
f 5063//5063 5062//5062 5064//5064
f 5189//5189 5188//5188 5055//5055
f 5055//5055 5098//5098 5062//5062
f 5055//5055 5062//5062 5063//5063
f 5063//5063 5061//5061 5189//5189
f 5061//5061 5063//5063 5064//5064
f 5061//5061 5064//5064 5065//5065
f 5187//5187 5061//5061 5065//5065
f 5187//5187 5065//5065 5060//5060
f 5055//5055 5063//5063 5189//5189
f 5054//5054 5096//5096 5190//5190
f 5048//5048 5090//5090 5052//5052
f 5048//5048 5201//5201 5143//5143
f 5049//5049 5143//5143 5201//5201
f 5049//5049 5201//5201 5186//5186
f 5059//5059 5049//5049 5186//5186
f 5067//5067 5066//5066 5068//5068
f 5068//5068 5066//5066 5069//5069
f 5071//5071 5093//5093 5072//5072
f 5074//5074 5073//5073 5070//5070
f 5024//5024 5073//5073 5074//5074
f 5075//5075 5108//5108 5076//5076
f 5075//5075 5076//5076 5077//5077
f 5079//5079 5078//5078 5086//5086
f 5079//5079 5086//5086 5080//5080
f 5080//5080 5086//5086 5075//5075
f 5083//5083 5082//5082 5081//5081
f 5083//5083 5081//5081 5084//5084
f 5086//5086 5085//5085 5082//5082
f 5086//5086 5082//5082 5075//5075
f 5082//5082 5083//5083 5075//5075
f 5089//5089 5088//5088 5087//5087
f 5089//5089 5087//5087 5090//5090
f 5091//5091 5074//5074 5089//5089
f 5092//5092 5082//5082 5093//5093
f 5093//5093 5070//5070 5094//5094
f 5095//5095 5092//5092 5093//5093
f 5095//5095 5093//5093 5094//5094
f 5070//5070 5071//5071 5088//5088
f 5088//5088 5097//5097 5096//5096
f 5088//5088 5096//5096 5087//5087
f 5078//5078 5062//5062 5098//5098
f 5078//5078 5098//5098 5099//5099
f 5098//5098 5096//5096 5097//5097
f 5098//5098 5097//5097 5099//5099
f 5025//5025 5027//5027 5100//5100
f 5025//5025 5100//5100 5026//5026
f 5104//5104 5111//5111 5122//5122
f 5104//5104 5122//5122 5105//5105
f 5064//5064 5079//5079 5106//5106
f 5064//5064 5106//5106 5065//5065
f 5062//5062 5078//5078 5079//5079
f 5062//5062 5079//5079 5064//5064
f 5107//5107 5106//5106 5079//5079
f 5107//5107 5079//5079 5080//5080
f 5080//5080 5075//5075 5077//5077
f 5080//5080 5077//5077 5107//5107
f 5108//5108 5109//5109 5076//5076
f 5179//5179 5109//5109 5108//5108
f 5179//5179 5110//5110 5109//5109
f 5111//5111 5104//5104 5156//5156
f 5112//5112 5109//5109 5110//5110
f 5112//5112 5110//5110 5105//5105
f 5113//5113 5076//5076 5109//5109
f 5113//5113 5109//5109 5112//5112
f 5114//5114 5077//5077 5076//5076
f 5114//5114 5076//5076 5113//5113
f 5115//5115 5107//5107 5077//5077
f 5115//5115 5077//5077 5114//5114
f 5116//5116 5106//5106 5107//5107
f 5116//5116 5107//5107 5115//5115
f 5060//5060 5065//5065 5106//5106
f 5060//5060 5106//5106 5116//5116
f 5068//5068 5116//5116 5115//5115
f 5060//5060 5116//5116 5068//5068
f 5117//5117 5053//5053 5069//5069
f 5117//5117 5069//5069 5066//5066
f 5066//5066 5118//5118 5117//5117
f 5067//5067 5068//5068 5115//5115
f 5067//5067 5115//5115 5114//5114
f 5119//5119 5066//5066 5067//5067
f 5119//5119 5067//5067 5113//5113
f 5118//5118 5066//5066 5119//5119
f 5119//5119 5140//5140 5118//5118
f 5112//5112 5119//5119 5113//5113
f 5119//5119 5112//5112 5105//5105
f 5119//5119 5105//5105 5121//5121
f 5121//5121 5120//5120 5140//5140
f 5121//5121 5140//5140 5119//5119
f 5123//5123 5120//5120 5121//5121
f 5122//5122 5125//5125 5124//5124
f 5126//5126 5137//5137 5032//5032
f 5126//5126 5032//5032 5033//5033
f 5127//5127 5126//5126 5033//5033
f 5127//5127 5033//5033 5026//5026
f 5034//5034 5151//5151 5100//5100
f 5034//5034 5100//5100 5027//5027
f 5034//5034 5103//5103 5151//5151
f 5128//5128 5103//5103 5034//5034
f 5130//5130 5129//5129 5133//5133
f 5035//5035 5131//5131 5132//5132
f 5135//5135 5130//5130 5133//5133
f 5135//5135 5133//5133 5134//5134
f 5134//5134 5177//5177 5176//5176
f 5134//5134 5176//5176 5135//5135
f 5136//5136 5177//5177 5178//5178
f 5136//5136 5178//5178 5137//5137
f 5138//5138 5176//5176 5177//5177
f 5138//5138 5177//5177 5136//5136
f 5139//5139 5176//5176 5138//5138
f 5139//5139 5138//5138 5140//5140
f 5135//5135 5176//5176 5139//5139
f 5124//5124 5129//5129 5130//5130
f 5129//5129 5125//5125 5141//5141
f 5129//5129 5141//5141 5172//5172
f 5129//5129 5172//5172 5132//5132
f 5035//5035 5132//5132 5172//5172
f 5035//5035 5172//5172 5171//5171
f 5036//5036 5178//5178 5131//5131
f 5037//5037 5178//5178 5036//5036
f 5032//5032 5137//5137 5037//5037
f 5142//5142 5128//5128 5029//5029
f 5142//5142 5143//5143 5128//5128
f 5143//5143 5142//5142 5048//5048
f 5049//5049 5059//5059 5143//5143
f 5144//5144 5056//5056 5145//5145
f 5056//5056 5184//5184 5146//5146
f 5056//5056 5146//5146 5145//5145
f 5147//5147 5146//5146 5184//5184
f 5147//5147 5184//5184 5053//5053
f 5148//5148 5145//5145 5146//5146
f 5149//5149 5148//5148 5146//5146
f 5149//5149 5146//5146 5147//5147
f 5138//5138 5148//5148 5149//5149
f 5138//5138 5149//5149 5140//5140
f 5152//5152 5148//5148 5138//5138
f 5152//5152 5138//5138 5136//5136
f 5145//5145 5148//5148 5152//5152
f 5162//5162 5144//5144 5145//5145
f 5150//5150 5162//5162 5127//5127
f 5150//5150 5127//5127 5026//5026
f 5051//5051 5144//5144 5150//5150
f 5151//5151 5057//5057 5050//5050
f 5151//5151 5050//5050 5051//5051
f 5101//5101 5058//5058 5057//5057
f 5101//5101 5057//5057 5151//5151
f 5059//5059 5058//5058 5101//5101
f 5059//5059 5101//5101 5102//5102
f 5143//5143 5059//5059 5102//5102
f 5102//5102 5103//5103 5128//5128
f 5102//5102 5128//5128 5143//5143
f 5151//5151 5103//5103 5101//5101
f 5051//5051 5100//5100 5151//5151
f 5150//5150 5100//5100 5051//5051
f 5150//5150 5026//5026 5100//5100
f 5137//5137 5152//5152 5136//5136
f 5038//5038 5040//5040 5095//5095
f 5038//5038 5095//5095 5094//5094
f 5038//5038 5094//5094 5073//5073
f 5142//5142 5091//5091 5090//5090
f 5142//5142 5090//5090 5048//5048
f 5029//5029 5024//5024 5091//5091
f 5029//5029 5091//5091 5142//5142
f 5042//5042 5161//5161 5095//5095
f 5042//5042 5095//5095 5040//5040
f 5155//5155 5154//5154 5156//5156
f 5158//5158 5157//5157 5154//5154
f 5158//5158 5154//5154 5155//5155
f 5155//5155 5156//5156 5179//5179
f 5054//5054 5087//5087 5096//5096
f 5083//5083 5108//5108 5075//5075
f 5108//5108 5083//5083 5084//5084
f 5108//5108 5084//5084 5179//5179
f 5084//5084 5155//5155 5179//5179
f 5081//5081 5158//5158 5155//5155
f 5081//5081 5155//5155 5084//5084
f 5159//5159 5141//5141 5153//5153
f 5160//5160 5172//5172 5141//5141
f 5160//5160 5141//5141 5159//5159
f 5163//5163 5171//5171 5160//5160
f 5157//5157 5159//5159 5153//5153
f 5157//5157 5153//5153 5154//5154
f 5173//5173 5160//5160 5159//5159
f 5173//5173 5159//5159 5157//5157
f 5043//5043 5163//5163 5160//5160
f 5043//5043 5160//5160 5173//5173
f 5099//5099 5097//5097 5072//5072
f 5099//5099 5072//5072 5085//5085
f 5085//5085 5072//5072 5093//5093
f 5085//5085 5093//5093 5082//5082
f 5081//5081 5082//5082 5092//5092
f 5081//5081 5092//5092 5161//5161
f 5180//5180 5158//5158 5081//5081
f 5180//5180 5081//5081 5161//5161
f 5180//5180 5173//5173 5157//5157
f 5180//5180 5157//5157 5158//5158
f 5045//5045 5043//5043 5173//5173
f 5045//5045 5173//5173 5180//5180
f 5074//5074 5070//5070 5088//5088
f 5074//5074 5088//5088 5089//5089
f 5141//5141 5125//5125 5153//5153
f 5111//5111 5125//5125 5122//5122
f 5125//5125 5129//5129 5124//5124
f 5122//5122 5124//5124 5123//5123
f 5105//5105 5122//5122 5123//5123
f 5105//5105 5123//5123 5121//5121
f 5120//5120 5123//5123 5130//5130
f 5120//5120 5130//5130 5135//5135
f 5123//5123 5124//5124 5130//5130
f 5125//5125 5111//5111 5153//5153
f 5111//5111 5154//5154 5153//5153
f 5111//5111 5156//5156 5154//5154
f 5120//5120 5135//5135 5139//5139
f 5140//5140 5120//5120 5139//5139
f 5118//5118 5140//5140 5149//5149
f 5117//5117 5118//5118 5149//5149
f 5117//5117 5149//5149 5147//5147
f 5053//5053 5117//5117 5147//5147
f 5133//5133 5129//5129 5132//5132
f 5134//5134 5133//5133 5131//5131
f 5134//5134 5131//5131 5178//5178
f 5134//5134 5178//5178 5177//5177
f 5137//5137 5178//5178 5037//5037
f 5152//5152 5137//5137 5126//5126
f 5162//5162 5152//5152 5126//5126
f 5162//5162 5126//5126 5127//5127
f 5180//5180 5161//5161 5042//5042
f 5097//5097 5088//5088 5071//5071
f 5097//5097 5071//5071 5072//5072
f 5024//5024 5074//5074 5091//5091
f 5089//5089 5090//5090 5091//5091
f 5162//5162 5150//5150 5144//5144
f 5086//5086 5078//5078 5099//5099
f 5086//5086 5099//5099 5085//5085
f 5010//5010 5165//5165 5042//5042
f 5166//5166 5044//5044 5174//5174
f 5166//5166 5021//5021 5044//5044
f 5035//5035 5164//5164 5036//5036
f 5184//5184 5056//5056 5219//5219
f 5056//5056 5144//5144 5050//5050
f 5167//5167 5035//5035 5171//5171
f 5167//5167 5171//5171 5163//5163
f 5133//5133 5132//5132 5131//5131
f 5160//5160 5171//5171 5172//5172
f 5165//5165 5044//5044 5045//5045
f 5156//5156 5104//5104 5110//5110
f 5156//5156 5110//5110 5179//5179
f 5105//5105 5110//5110 5104//5104
f 5045//5045 5180//5180 5042//5042
f 5165//5165 5174//5174 5044//5044
f 5227//5227 5204//5204 5225//5225
f 5183//5183 5194//5194 5228//5228
f 5220//5220 5242//5242 5186//5186
f 5218//5218 5210//5210 5209//5209
f 5203//5203 5211//5211 5212//5212
f 5184//5184 5194//5194 5183//5183
f 5224//5224 5209//5209 5199//5199
f 5184//5184 5219//5219 5194//5194
f 5228//5228 5194//5194 5192//5192
f 5192//5192 5194//5194 5254//5254
f 5205//5205 5228//5228 5207//5207
f 5208//5208 5225//5225 5255//5255
f 5228//5228 5225//5225 5207//5207
f 5221//5221 5247//5247 5226//5226
f 5215//5215 5208//5208 5221//5221
f 5226//5226 5204//5204 5227//5227
f 5182//5182 5247//5247 5248//5248
f 5182//5182 5248//5248 5046//5046
f 5204//5204 5245//5245 5244//5244
f 5204//5204 5206//5206 5207//5207
f 5215//5215 5226//5226 5227//5227
f 5243//5243 5242//5242 5198//5198
f 5224//5224 5199//5199 5249//5249
f 5251//5251 5249//5249 5250//5250
f 5251//5251 5224//5224 5249//5249
f 5218//5218 5209//5209 5224//5224
f 5224//5224 5251//5251 5218//5218
f 5203//5203 5204//5204 5249//5249
f 5209//5209 5210//5210 5199//5199
f 5199//5199 5210//5210 5211//5211
f 5211//5211 5210//5210 5220//5220
f 5218//5218 5217//5217 5210//5210
f 5239//5239 5241//5241 5236//5236
f 5229//5229 5201//5201 5216//5216
f 5211//5211 5220//5220 5229//5229
f 5188//5188 5202//5202 5231//5231
f 5223//5223 5222//5222 5213//5213
f 5223//5223 5213//5213 5241//5241
f 5054//5054 5190//5190 5234//5234
f 5052//5052 5232//5232 5048//5048
f 5237//5237 5233//5233 5231//5231
f 5247//5247 5221//5221 5248//5248
f 5226//5226 5215//5215 5221//5221
f 5212//5212 5211//5211 5229//5229
f 5186//5186 5201//5201 5229//5229
f 5220//5220 5186//5186 5229//5229
f 5046//5046 5248//5248 5181//5181
f 5219//5219 5185//5185 5246//5246
f 5201//5201 5048//5048 5232//5232
f 5240//5240 5235//5235 5216//5216
f 5235//5235 5212//5212 5229//5229
f 5217//5217 5218//5218 5251//5251
f 5251//5251 5250//5250 5217//5217
f 5250//5250 5242//5242 5217//5217
f 5216//5216 5200//5200 5240//5240
f 5206//5206 5203//5203 5202//5202
f 5204//5204 5207//5207 5225//5225
f 5215//5215 5227//5227 5225//5225
f 5199//5199 5211//5211 5249//5249
f 5212//5212 5214//5214 5203//5203
f 5214//5214 5212//5212 5236//5236
f 5230//5230 5205//5205 5207//5207
f 5230//5230 5207//5207 5187//5187
f 5061//5061 5187//5187 5207//5207
f 5061//5061 5207//5207 5206//5206
f 5189//5189 5202//5202 5188//5188
f 5206//5206 5202//5202 5189//5189
f 5061//5061 5206//5206 5189//5189
f 5232//5232 5233//5233 5222//5222
f 5232//5232 5222//5222 5200//5200
f 5202//5202 5203//5203 5214//5214
f 5234//5234 5190//5190 5188//5188
f 5230//5230 5183//5183 5228//5228
f 5204//5204 5203//5203 5206//5206
f 5202//5202 5214//5214 5231//5231
f 5216//5216 5235//5235 5229//5229
f 5235//5235 5240//5240 5239//5239
f 5182//5182 5242//5242 5243//5243
f 5243//5243 5253//5253 5196//5196
f 5253//5253 5252//5252 5195//5195
f 5243//5243 5198//5198 5252//5252
f 5198//5198 5249//5249 5252//5252
f 5195//5195 5252//5252 5244//5244
f 5252//5252 5249//5249 5244//5244
f 5196//5196 5245//5245 5204//5204
f 5196//5196 5253//5253 5245//5245
f 5244//5244 5197//5197 5195//5195
f 5197//5197 5253//5253 5195//5195
f 5197//5197 5244//5244 5245//5245
f 5191//5191 5228//5228 5192//5192
f 5193//5193 5225//5225 5191//5191
f 5191//5191 5225//5225 5228//5228
f 5255//5255 5225//5225 5193//5193
f 5254//5254 5246//5246 5255//5255
f 5192//5192 5255//5255 5193//5193
f 5193//5193 5191//5191 5192//5192
f 5205//5205 5230//5230 5228//5228
f 5234//5234 5233//5233 5054//5054
f 5233//5233 5052//5052 5054//5054
f 5234//5234 5231//5231 5233//5233
f 5244//5244 5249//5249 5204//5204
f 5233//5233 5232//5232 5052//5052
f 5216//5216 5201//5201 5232//5232
f 5231//5231 5234//5234 5188//5188
f 5237//5237 5222//5222 5233//5233
f 5216//5216 5232//5232 5200//5200
f 5214//5214 5237//5237 5231//5231
f 5236//5236 5238//5238 5214//5214
f 5236//5236 5212//5212 5235//5235
f 5214//5214 5238//5238 5213//5213
f 5239//5239 5236//5236 5235//5235
f 5213//5213 5237//5237 5214//5214
f 5200//5200 5222//5222 5240//5240
f 5239//5239 5240//5240 5223//5223
f 5223//5223 5241//5241 5239//5239
f 5240//5240 5222//5222 5223//5223
f 5236//5236 5241//5241 5238//5238
f 5241//5241 5213//5213 5238//5238
f 5237//5237 5213//5213 5222//5222
f 5249//5249 5211//5211 5203//5203
f 5198//5198 5250//5250 5249//5249
f 5210//5210 5217//5217 5220//5220
f 5217//5217 5242//5242 5220//5220
f 5198//5198 5242//5242 5250//5250
f 5252//5252 5253//5253 5243//5243
f 5185//5185 5181//5181 5208//5208
f 5185//5185 5208//5208 5255//5255
f 5246//5246 5185//5185 5255//5255
f 5208//5208 5181//5181 5248//5248
f 5196//5196 5247//5247 5182//5182
f 5182//5182 5243//5243 5196//5196
f 5219//5219 5246//5246 5254//5254
f 5194//5194 5219//5219 5254//5254
f 5196//5196 5204//5204 5226//5226
f 5196//5196 5226//5226 5247//5247
f 5208//5208 5215//5215 5225//5225
f 5248//5248 5221//5221 5208//5208
f 5197//5197 5245//5245 5253//5253
f 5254//5254 5255//5255 5192//5192
# 10502 faces, 0 coords texture

# End of File
