####
#
# OBJ File Generated by Meshlab
#
####
# Object michael10.obj
#
# Vertices: 5255
# Faces: 10502
#
####
vn -0.359553 0.918500 -0.164559
v -0.324121 0.132365 -0.311362
vn -0.801192 -0.522692 0.291350
v -0.390615 0.013308 -0.275559
vn 0.187117 -0.981938 0.028012
v -0.245921 -0.048917 -0.335161
vn 0.030366 -0.998048 0.054572
v -0.264655 -0.050475 -0.325526
vn -0.105196 -0.973483 0.203138
v -0.313225 -0.046311 -0.314031
vn -0.203802 -0.946570 0.249941
v -0.322013 -0.041198 -0.296911
vn -0.200220 0.973687 -0.108841
v -0.304813 0.136368 -0.319534
vn -0.027052 -0.993013 0.114863
v -0.284210 -0.049612 -0.328454
vn 0.126320 -0.990360 0.056831
v -0.259574 -0.050591 -0.355984
vn 0.188203 0.125176 -0.974120
v -0.300880 0.012169 -0.506566
vn -0.302907 0.015568 -0.952893
v -0.286478 -0.019433 -0.516963
vn -0.206031 -0.023860 -0.978254
v -0.267302 -0.018562 -0.521648
vn -0.320720 0.945799 -0.051012
v -0.323545 0.129410 -0.324716
vn 0.056412 -0.996530 0.061208
v -0.272369 -0.058202 -0.414665
vn 0.310049 -0.950714 -0.003402
v -0.237488 -0.045386 -0.358951
vn 0.239179 -0.967546 0.081532
v -0.257381 -0.053023 -0.386990
vn 0.168340 -0.983409 0.067584
v -0.263995 -0.057860 -0.423566
vn -0.257627 0.955286 0.145109
v -0.321541 0.134804 -0.372532
vn -0.213949 -0.163332 -0.963093
v -0.280650 -0.032004 -0.516943
vn -0.158118 -0.879018 -0.449806
v -0.284325 -0.052574 -0.504144
vn -0.044397 -0.987493 -0.151283
v -0.273350 -0.059647 -0.489733
vn 0.004538 -0.999730 0.022782
v -0.272456 -0.060433 -0.460009
vn 0.161655 -0.986846 0.001767
v -0.265045 -0.060008 -0.466308
vn 0.227525 -0.950094 -0.213431
v -0.261586 -0.057947 -0.494301
vn -0.299742 0.947152 0.114273
v -0.328729 0.128465 -0.343768
vn 0.052727 -0.822802 -0.565878
v -0.267311 -0.051935 -0.508760
vn -0.013632 -0.398359 -0.917128
v -0.262399 -0.042574 -0.517647
vn 0.287129 -0.957644 -0.021772
v -0.256316 -0.057879 -0.470675
vn -0.383542 0.917713 0.103433
v -0.318861 0.134365 -0.412758
vn 0.122909 -0.986906 0.104450
v -0.273706 -0.054781 -0.375515
vn 0.305842 -0.951013 0.045116
v -0.253107 -0.056178 -0.442577
vn 0.403533 -0.913690 0.048285
v -0.234399 -0.045851 -0.382348
vn -0.311903 -0.546952 -0.776891
v -0.290676 -0.043887 -0.511410
vn -0.297752 -0.949429 -0.099636
v -0.284274 -0.057905 -0.480014
vn -0.013836 -0.982232 0.187161
v -0.307702 -0.050435 -0.335899
vn -0.541233 -0.794704 0.274795
v -0.357679 -0.019819 -0.281431
vn -0.428459 -0.841769 0.328403
v -0.354889 -0.032980 -0.310647
vn -0.151985 -0.958571 0.240921
v -0.328993 -0.046284 -0.324338
vn -0.265227 -0.928162 0.261092
v -0.335130 -0.042178 -0.314357
vn -0.617494 0.782481 0.080151
v -0.381051 0.105240 -0.332445
vn -0.557532 0.830130 0.006438
v -0.374467 0.110616 -0.303706
vn -0.718573 0.694785 0.030443
v -0.386287 0.101040 -0.299592
vn -0.757588 0.643574 0.108960
v -0.392596 0.094377 -0.330030
vn -0.512830 0.858348 -0.015596
v -0.367641 0.114176 -0.325920
vn -0.328495 0.939969 0.092459
v -0.354442 0.119856 -0.336877
vn -0.422059 0.904807 -0.056484
v -0.361385 0.117588 -0.309320
vn -0.965563 0.133556 0.223274
v -0.412289 0.050951 -0.322909
vn -0.928318 0.357323 0.102696
v -0.405830 0.069244 -0.311066
vn -0.666680 -0.677962 0.309685
v -0.377636 -0.006158 -0.286639
vn -0.533908 -0.771276 0.346520
v -0.367208 -0.022715 -0.302999
vn -0.763604 -0.542374 0.350341
v -0.392808 0.001982 -0.303517
vn -0.972079 -0.126682 0.197520
v -0.405590 0.041494 -0.292294
vn -0.989477 0.100655 0.103939
v -0.406755 0.058305 -0.293132
vn -0.944733 0.327606 0.012378
v -0.402753 0.074069 -0.294532
vn -0.854450 0.518922 0.025215
v -0.396714 0.086199 -0.302617
vn -0.074099 -0.995988 -0.050172
v -0.301662 -0.059185 -0.391857
vn -0.041068 -0.998993 -0.018083
v -0.290341 -0.058237 -0.417124
vn -0.312289 -0.949649 -0.025352
v -0.285190 -0.057575 -0.467693
vn -0.144767 -0.899366 -0.412533
v -0.290110 -0.053402 -0.501221
vn -0.454535 -0.180935 -0.872158
v -0.295555 -0.032413 -0.514125
vn -0.098750 -0.994787 0.025461
v -0.281490 -0.058436 -0.425487
vn -0.243726 -0.969843 -0.001417
v -0.280297 -0.059744 -0.455180
vn 0.078287 -0.987404 0.137494
v -0.284867 -0.053263 -0.356727
vn 0.080376 -0.994441 0.068018
v -0.289526 -0.057396 -0.388395
vn -0.136042 0.066138 -0.988493
v -0.295239 -0.020828 -0.513504
vn 0.647523 0.333143 -0.685368
v -0.311360 0.059929 -0.513037
vn 0.706841 0.188015 -0.681928
v -0.307071 0.046774 -0.515906
vn 0.779447 0.403171 -0.479495
v -0.314436 0.069120 -0.509986
vn -0.394838 -0.873690 0.284198
v -0.339157 -0.035547 -0.294959
vn -0.901343 -0.349741 0.255466
v -0.399826 0.030215 -0.275095
vn -0.974806 -0.134738 0.177759
v -0.404385 0.047864 -0.276425
vn -0.987136 0.139799 0.077583
v -0.405688 0.063067 -0.281660
vn -0.920579 0.388256 0.042319
v -0.401716 0.078152 -0.281998
vn -0.635771 0.766351 0.092201
v -0.377930 0.105587 -0.274418
vn -0.791258 0.608984 0.055229
v -0.393303 0.091579 -0.284116
vn -0.528758 0.848726 -0.008913
v -0.365751 0.116113 -0.294251
vn -0.184291 0.981856 0.044674
v -0.218024 0.173802 -0.318512
vn 0.799498 -0.594832 -0.083530
v -0.158602 0.017093 -0.346561
vn 0.486066 -0.872942 0.041385
v -0.210775 -0.036634 -0.338581
vn 0.493455 -0.868950 -0.037797
v -0.213462 -0.033934 -0.366410
vn 0.741779 -0.667959 -0.059964
v -0.176698 -0.009617 -0.336300
vn 0.617502 -0.786490 -0.011181
v -0.192025 -0.023415 -0.335404
vn -0.562257 -0.314714 -0.764736
v -0.274920 0.022996 -0.513634
vn 0.006631 -0.326240 -0.945264
v -0.300177 0.042744 -0.506064
vn 0.733606 -0.667090 -0.129670
v -0.202690 -0.023942 -0.430085
vn 0.646373 -0.762079 -0.037921
v -0.209896 -0.031370 -0.426260
vn 0.695827 -0.716962 -0.042323
v -0.191315 -0.015899 -0.394730
vn 0.612915 -0.790044 -0.012857
v -0.205015 -0.028062 -0.393308
vn 0.654252 -0.752447 -0.076014
v -0.217925 -0.036809 -0.444785
vn -0.152927 -0.195743 -0.968658
v -0.257054 -0.020438 -0.522049
vn 0.405379 -0.635665 -0.656961
v -0.246864 -0.042358 -0.512869
vn 0.677181 -0.641897 -0.359714
v -0.235664 -0.042504 -0.499534
vn 0.732673 -0.655010 -0.184806
v -0.222865 -0.037061 -0.474068
vn 0.581770 -0.807391 -0.098298
v -0.231692 -0.045188 -0.475196
vn -0.436933 0.898049 0.050968
v -0.270641 0.151415 -0.341509
vn -0.369909 0.926109 0.074090
v -0.298084 0.138068 -0.334654
vn 0.536462 -0.843827 0.012786
v -0.218689 -0.037819 -0.389729
vn 0.525683 -0.850622 -0.009923
v -0.229565 -0.045239 -0.448719
vn -0.383876 0.915322 0.121755
v -0.310227 0.138092 -0.369268
vn 0.093361 -0.438883 -0.893681
v -0.246334 -0.026859 -0.521002
vn 0.805462 -0.470095 -0.360890
v -0.224917 -0.031070 -0.493518
vn 0.496294 -0.616218 -0.611529
v -0.237561 -0.029044 -0.515209
vn 0.800241 -0.596980 -0.056832
v -0.158929 0.020039 -0.370447
vn 0.902070 -0.428793 -0.049049
v -0.143490 0.043981 -0.366531
vn 0.956068 -0.278663 -0.091002
v -0.137643 0.055140 -0.351555
vn 0.750184 0.644775 -0.146591
v -0.153346 0.152534 -0.372810
vn 0.943090 -0.329234 0.046760
v -0.139764 0.054275 -0.385872
vn 0.005152 0.999972 0.005466
v -0.204008 0.176287 -0.348920
vn -0.176491 0.982684 0.056422
v -0.217046 0.174966 -0.346947
vn -0.330844 0.936835 0.113503
v -0.237273 0.170665 -0.358271
vn -0.357265 0.932450 0.053837
v -0.233482 0.170020 -0.339515
vn 0.554456 0.820257 -0.140556
v -0.165364 0.163446 -0.371351
vn 0.345640 0.931827 -0.110601
v -0.175498 0.170152 -0.357152
vn 0.173105 0.982840 -0.063715
v -0.190287 0.174093 -0.354429
vn 0.976572 -0.212676 -0.032793
v -0.136338 0.067607 -0.368622
vn 0.994742 0.095580 -0.036772
v -0.133941 0.100659 -0.370737
vn 0.992541 0.023296 -0.119667
v -0.132055 0.099520 -0.350853
vn 0.993492 -0.094279 -0.063909
v -0.133304 0.082907 -0.359794
vn 0.742776 -0.634319 -0.214298
v -0.197018 -0.014553 -0.441497
vn 0.839381 -0.441193 -0.317472
v -0.213915 -0.023690 -0.472197
vn 0.872849 -0.348523 -0.341564
v -0.224818 -0.027215 -0.495048
vn 0.569786 -0.644788 -0.509502
v -0.233584 -0.025284 -0.517426
vn 0.086897 -0.563752 -0.821361
v -0.235986 -0.015046 -0.528825
vn -0.283468 -0.134748 -0.949468
v -0.243045 -0.005312 -0.530622
vn -0.575818 -0.439403 -0.689462
v -0.263034 0.016420 -0.521864
vn -0.659077 -0.566958 -0.494143
v -0.281925 0.032857 -0.520202
vn -0.942347 -0.301287 0.145632
v -0.329553 0.115552 -0.489329
vn -0.881861 -0.460111 -0.103048
v -0.312830 0.069978 -0.510009
vn 0.898864 0.410869 -0.152411
v -0.140108 0.135800 -0.356430
vn 0.966870 0.217954 -0.132883
v -0.135274 0.120110 -0.357239
vn 0.982048 -0.152451 -0.111086
v -0.132725 0.076265 -0.343486
vn 0.777922 -0.595803 -0.199642
v -0.205173 -0.022731 -0.445406
vn 0.841337 -0.472296 -0.262847
v -0.216790 -0.030071 -0.471571
vn 0.732759 -0.680112 -0.022619
v -0.179029 -0.003537 -0.384510
vn 0.706090 -0.702941 -0.085500
v -0.186511 -0.009104 -0.415463
vn 0.747993 -0.656229 -0.099347
v -0.179699 -0.005369 -0.367320
vn -0.397681 -0.058489 -0.915658
v -0.255609 -0.003688 -0.524286
vn 0.648583 -0.756806 -0.081140
v -0.196252 -0.021842 -0.367757
vn 0.856996 -0.509420 -0.077777
v -0.146588 0.033692 -0.346016
vn 0.779629 0.607030 -0.153925
v -0.149036 0.150957 -0.353732
vn 0.600100 0.791484 -0.115899
v -0.155531 0.163071 -0.334647
vn 0.354489 0.931332 -0.083412
v -0.168246 0.170659 -0.335142
vn 0.167251 0.985872 -0.009177
v -0.180882 0.174082 -0.329518
vn -0.219351 0.974861 0.039122
v -0.222215 0.173081 -0.326886
vn -0.352883 0.934880 -0.038371
v -0.250682 0.162163 -0.323655
vn 0.439642 -0.843093 -0.309691
v -0.246346 -0.051203 -0.498469
vn 0.431396 -0.900493 -0.054857
v -0.245025 -0.053251 -0.474703
vn 0.434571 -0.900615 0.006416
v -0.239946 -0.050584 -0.445201
vn -0.219094 -0.071637 -0.973070
v -0.313006 0.071957 -0.503854
vn 0.291472 0.872575 -0.391992
v -0.325912 0.114562 -0.476901
vn -0.022660 -0.989598 -0.142066
v -0.250966 -0.045720 -0.173132
vn 0.241266 -0.965772 -0.095264
v -0.222074 -0.038597 -0.225546
vn 0.003919 -0.999172 -0.040498
v -0.247057 -0.042929 -0.209928
vn -0.058585 -0.995747 -0.071100
v -0.258175 -0.042394 -0.196166
vn 0.136350 -0.984577 -0.109624
v -0.237874 -0.041733 -0.186225
vn -0.149744 -0.988541 0.019064
v -0.265157 -0.038527 -0.242479
vn -0.943158 0.331881 -0.017581
v -0.368959 0.098791 -0.173079
vn -0.486927 0.870173 -0.075507
v -0.336717 0.135995 -0.195734
vn -0.323859 0.939868 -0.108458
v -0.323284 0.141464 -0.200761
vn -0.726767 0.684922 -0.051880
v -0.353020 0.123258 -0.197707
vn -0.638644 0.769273 -0.018779
v -0.346173 0.131149 -0.162817
vn -0.821461 0.570228 -0.006407
v -0.360184 0.117491 -0.157425
vn -0.934139 0.356225 0.022100
v -0.367607 0.103132 -0.150188
vn -0.490187 0.870562 -0.042873
v -0.332269 0.141198 -0.164812
vn -0.292003 0.953651 -0.072693
v -0.319390 0.146873 -0.168924
vn -0.132034 0.984192 -0.118036
v -0.307003 0.145577 -0.198345
vn -0.075491 0.993020 -0.090622
v -0.304182 0.149345 -0.173379
vn 0.074244 0.991938 -0.102694
v -0.289574 0.148313 -0.176919
vn -0.940332 0.327162 0.093489
v -0.370838 0.092768 -0.199428
vn 0.276497 -0.958993 -0.062310
v -0.226393 -0.036369 -0.247134
vn 0.237053 -0.971031 0.030071
v -0.235448 -0.040244 -0.277902
vn 0.116658 -0.993108 -0.011264
v -0.241975 -0.039341 -0.241163
vn -0.015638 -0.999873 -0.003122
v -0.254029 -0.039626 -0.240004
vn 0.105207 -0.992351 0.064585
v -0.247072 -0.042194 -0.272082
vn -0.018957 -0.996165 0.085416
v -0.259410 -0.043062 -0.273640
vn 0.377709 -0.925738 0.018567
v -0.215597 -0.032677 -0.300736
vn -0.014416 0.998810 -0.046598
v -0.302722 0.143191 -0.259950
vn -0.161547 0.985915 -0.043292
v -0.307014 0.142647 -0.224758
vn -0.985894 -0.060285 0.156140
v -0.378129 0.053414 -0.203263
vn -0.954873 0.147151 0.258002
v -0.379112 0.073313 -0.211894
vn -0.834128 0.551163 0.021216
v -0.362953 0.109941 -0.208352
vn -0.709949 0.698018 0.093508
v -0.365298 0.109256 -0.227677
vn 0.057920 0.993217 -0.100828
v -0.291269 0.145227 -0.206050
vn -0.837618 0.484556 0.252193
v -0.376344 0.093869 -0.224111
vn -0.887651 0.404411 0.220291
v -0.372651 0.093248 -0.211942
vn -0.174911 0.976992 -0.122032
v -0.313751 0.140329 -0.286069
vn -0.405803 0.907365 -0.109602
v -0.326352 0.136454 -0.285408
vn 0.113071 -0.981444 0.154866
v -0.258503 -0.048489 -0.309036
vn 0.241347 -0.958886 0.149294
v -0.246261 -0.046777 -0.312818
vn 0.340551 -0.934599 0.102715
v -0.235652 -0.040395 -0.296781
vn -0.481848 0.874184 -0.060203
v -0.342024 0.128156 -0.280080
vn -0.374837 -0.890434 0.258116
v -0.335990 -0.031350 -0.277259
vn -0.650875 0.748397 0.127527
v -0.370345 0.107524 -0.250002
vn -0.668432 -0.709912 0.221865
v -0.373509 -0.002841 -0.266531
vn -0.540894 -0.817042 0.199689
v -0.353923 -0.018119 -0.265726
vn -0.674040 -0.697818 0.242322
v -0.370402 -0.003102 -0.256005
vn -0.773868 -0.552046 0.310442
v -0.385905 0.015577 -0.258580
vn -0.875382 -0.332120 0.351287
v -0.397502 0.034884 -0.262983
vn -0.915222 -0.085141 0.393852
v -0.385057 0.055009 -0.225702
vn -0.914527 0.170408 0.366880
v -0.398459 0.068978 -0.255210
vn -0.752607 0.635567 0.172156
v -0.389957 0.093536 -0.268286
vn -0.078297 -0.980551 0.179972
v -0.273176 -0.042977 -0.280678
vn 0.136871 -0.984826 0.106697
v -0.252118 -0.043612 -0.290848
vn 0.373900 -0.926063 0.051059
v -0.225575 -0.043472 -0.335910
vn 0.384522 -0.920344 0.071486
v -0.226715 -0.037161 -0.302545
vn 0.440156 -0.880068 0.178164
v -0.224413 -0.038801 -0.318949
vn -0.403441 0.913363 0.054805
v -0.273465 0.141245 -0.236060
vn 0.020321 0.997990 -0.060031
v -0.293030 0.143398 -0.227587
vn -0.619864 0.781836 -0.067092
v -0.346045 0.129964 -0.196346
vn -0.509378 0.860312 -0.019927
v -0.333971 0.134035 -0.261489
vn 0.201249 -0.979420 -0.015348
v -0.229326 -0.041033 -0.210626
vn 0.353448 -0.935421 0.007881
v -0.227704 -0.037621 -0.278611
vn 0.098066 -0.989866 -0.102704
v -0.237106 -0.041474 -0.222443
vn -0.944326 -0.081722 0.318702
v -0.402410 0.053480 -0.264039
vn -0.966712 0.151321 0.206326
v -0.403129 0.067655 -0.268065
vn -0.874361 0.439755 0.205202
v -0.398792 0.080739 -0.268152
vn -0.540170 0.839533 0.058310
v -0.364903 0.116817 -0.281261
vn -0.428786 0.903267 -0.015865
v -0.353138 0.122848 -0.283811
vn 0.018970 0.996424 -0.082339
v -0.298303 0.138810 -0.301995
vn -0.197883 -0.975618 -0.094932
v -0.269057 -0.040619 -0.198152
vn -0.862013 -0.492336 0.120579
v -0.365366 0.015100 -0.193743
vn -0.725019 -0.667889 0.168143
v -0.357311 -0.000250 -0.217772
vn -0.836053 -0.532123 0.133641
v -0.366606 0.013712 -0.205216
vn -0.531944 -0.814725 0.230779
v -0.352273 -0.016116 -0.250749
vn -0.209461 -0.956084 0.205009
v -0.317511 -0.027668 -0.249760
vn -0.197429 -0.964271 0.176644
v -0.308381 -0.030059 -0.251029
vn -0.254158 -0.963473 -0.084395
v -0.291357 -0.032934 -0.220247
vn -0.395443 -0.917254 -0.047633
v -0.322085 -0.025552 -0.207548
vn -0.585463 -0.789226 0.185354
v -0.344678 -0.013054 -0.225467
vn -0.337494 -0.921138 0.193913
v -0.333358 -0.021231 -0.234752
vn -0.730645 -0.676519 0.092089
v -0.354112 -0.000968 -0.202264
vn -0.712930 -0.699189 0.053535
v -0.348447 -0.006760 -0.190753
vn -0.555414 -0.831091 0.028325
v -0.336193 -0.017485 -0.194730
vn -0.511001 -0.858020 0.051763
v -0.337223 -0.017380 -0.219720
vn -0.298118 -0.949471 0.098134
v -0.319438 -0.025864 -0.237550
vn -0.232392 -0.971778 0.040529
v -0.282740 -0.034078 -0.242909
vn -0.290107 -0.956993 0.001454
v -0.312869 -0.027402 -0.224987
vn -0.037058 -0.988044 0.149652
v -0.271374 -0.048531 -0.304938
vn -0.104746 -0.969914 0.219763
v -0.300317 -0.043369 -0.295695
vn -0.184989 -0.944214 0.272467
v -0.318956 -0.033910 -0.269512
vn -0.372644 -0.899788 0.226977
v -0.333678 -0.028213 -0.262816
vn -0.951130 -0.271779 0.146588
v -0.373498 0.034263 -0.191497
vn -0.891638 -0.321648 0.318629
v -0.381340 0.033508 -0.230827
vn -0.196228 0.980558 0.000188
v -0.279046 0.140611 -0.260380
vn -0.978579 0.146611 0.144530
v -0.375848 0.073724 -0.196086
vn -0.772096 0.625808 0.110600
v -0.364172 0.109731 -0.217817
vn -0.538471 0.840009 -0.066593
v -0.339541 0.131336 -0.224933
vn -0.662232 0.749070 -0.018502
v -0.352975 0.120142 -0.224976
vn -0.956995 -0.108043 0.269233
v -0.379900 0.053979 -0.212799
vn -0.937414 -0.304104 0.169633
v -0.375323 0.032678 -0.209615
vn -0.371939 0.927420 -0.039419
v -0.326250 0.137643 -0.225809
vn -0.281908 0.959273 -0.017966
v -0.319471 0.141343 -0.253838
vn -0.841278 -0.503301 0.197333
v -0.368504 0.014096 -0.217555
vn -0.772790 0.599096 0.209477
v -0.378742 0.095913 -0.236793
vn -0.852812 0.419131 0.311513
v -0.386450 0.083753 -0.238023
vn -0.903652 0.223595 0.365265
v -0.383435 0.075175 -0.224266
vn -0.555145 0.829067 0.066800
v -0.353535 0.120904 -0.261759
vn -0.817558 -0.476323 0.323598
v -0.372607 0.013667 -0.233631
vn -0.705250 -0.647659 0.288375
v -0.362845 -0.002702 -0.239642
vn 0.415167 -0.895180 -0.162138
v -0.173917 -0.019722 -0.196774
vn 0.578854 -0.789906 -0.202427
v -0.156375 -0.006969 -0.213378
vn 0.640490 -0.735156 -0.222078
v -0.166356 -0.011423 -0.232351
vn 0.062008 0.967956 -0.243344
v -0.193791 0.180480 -0.236422
vn 0.352622 0.809210 -0.469933
v -0.157586 0.175964 -0.225426
vn 0.155111 0.911811 -0.380185
v -0.173861 0.182676 -0.222307
vn -0.230894 0.953695 -0.192754
v -0.209120 0.182347 -0.217401
vn -0.401742 0.905827 -0.134463
v -0.223325 0.177834 -0.216342
vn 0.056278 0.924799 -0.376270
v -0.171014 0.190862 -0.203975
vn 0.278207 0.847172 -0.452659
v -0.154239 0.185498 -0.207871
vn -0.280839 0.933330 -0.223663
v -0.207979 0.188535 -0.195872
vn -0.466476 0.872691 -0.144258
v -0.221637 0.183971 -0.192300
vn -0.560438 0.826318 -0.055746
v -0.237412 0.170460 -0.213152
vn -0.632944 0.772511 -0.051079
v -0.234591 0.175591 -0.188682
vn -0.694935 0.717626 0.045586
v -0.250652 0.159803 -0.212102
vn -0.735447 0.677505 0.010204
v -0.244985 0.165086 -0.186383
vn -0.767434 0.639225 0.049366
v -0.253847 0.154348 -0.183727
vn -0.626604 0.772882 0.100105
v -0.257424 0.156466 -0.233145
vn 0.635694 -0.757984 -0.146125
v -0.175876 -0.010871 -0.256393
vn 0.572512 -0.818991 -0.038526
v -0.189131 -0.020298 -0.283668
vn 0.668677 -0.743512 -0.007766
v -0.181258 -0.012755 -0.307734
vn 0.416517 -0.909048 -0.012072
v -0.202893 -0.028352 -0.285715
vn 0.784115 0.578069 -0.225829
v -0.133454 0.141390 -0.256289
vn 0.834626 0.542344 -0.096240
v -0.137704 0.143169 -0.271060
vn 0.612082 0.771411 -0.174017
v -0.146196 0.156764 -0.250733
vn 0.227052 0.962947 -0.145535
v -0.182832 0.175537 -0.252380
vn 0.063014 0.995431 -0.071740
v -0.189517 0.175295 -0.263585
vn -0.505880 0.862581 0.006249
v -0.241084 0.167913 -0.230949
vn 0.381990 0.924146 -0.006087
v -0.168729 0.170214 -0.269835
vn 0.471286 0.879843 -0.061369
v -0.165831 0.168679 -0.257205
vn -0.458734 0.886554 -0.059874
v -0.265569 0.158067 -0.310870
vn -0.267007 0.962245 0.052835
v -0.290051 0.138655 -0.310164
vn -0.558375 0.828012 0.051126
v -0.284234 0.145069 -0.324804
vn 0.931392 -0.352898 -0.089283
v -0.137623 0.048932 -0.330001
vn -0.153319 0.987851 -0.025381
v -0.219702 0.172195 -0.295800
vn -0.019086 0.999311 0.031828
v -0.198171 0.174392 -0.316729
vn 0.985783 -0.053539 -0.159262
v -0.128233 0.092989 -0.326088
vn 0.962287 -0.225722 -0.151832
v -0.131497 0.067535 -0.321710
vn 0.989449 -0.031852 -0.141339
v -0.125902 0.089941 -0.312939
vn 0.978326 0.195230 -0.069022
v -0.127015 0.108885 -0.303878
vn 0.977018 0.169235 -0.129601
v -0.130417 0.118375 -0.330178
vn 0.937646 0.345920 -0.034063
v -0.132913 0.129893 -0.304660
vn 0.795261 0.599908 -0.087585
v -0.144281 0.152269 -0.327136
vn 0.654986 0.755034 0.030273
v -0.151240 0.160197 -0.298202
vn 0.668059 0.744067 -0.007888
v -0.153267 0.162721 -0.314355
vn 0.463901 0.885448 0.027893
v -0.160814 0.166709 -0.286175
vn 0.435097 0.900347 0.008105
v -0.163581 0.169212 -0.309911
vn 0.199127 0.979793 0.018844
v -0.176912 0.173080 -0.302335
vn 0.786937 -0.616976 -0.008357
v -0.173268 -0.004536 -0.304457
vn 0.501066 -0.864614 0.037093
v -0.196386 -0.023686 -0.306082
vn 0.405791 -0.903745 0.136306
v -0.211078 -0.031949 -0.315454
vn -0.460632 0.884924 0.068765
v -0.286911 0.138209 -0.296454
vn -0.150587 0.946780 -0.284483
v -0.192901 0.188903 -0.204788
vn -0.057848 0.963201 -0.262483
v -0.194430 0.184550 -0.218428
vn 0.002942 0.982030 -0.188702
v -0.206515 0.176495 -0.254123
vn -0.238979 0.971020 -0.002973
v -0.230330 0.169740 -0.304559
vn 0.374287 -0.924158 -0.076430
v -0.192656 -0.029296 -0.219875
vn 0.395380 -0.914653 -0.084175
v -0.198542 -0.026009 -0.252278
vn 0.529979 -0.835320 -0.146161
v -0.174802 -0.019520 -0.224119
vn 0.537452 -0.837599 -0.097841
v -0.184830 -0.018339 -0.253058
vn 0.914608 0.395124 -0.085839
v -0.135770 0.136077 -0.332225
vn -0.112368 0.992610 0.045818
v -0.213497 0.172983 -0.306953
vn -0.295928 0.952265 -0.074947
v -0.252834 0.164012 -0.304294
vn 0.793218 -0.596406 -0.122902
v -0.159782 0.012577 -0.272044
vn 0.979359 -0.042016 -0.197713
v -0.120851 0.086204 -0.270694
vn 0.954939 0.146911 -0.257892
v -0.116610 0.104775 -0.251230
vn 0.802470 -0.591978 -0.074861
v -0.145218 0.034040 -0.287797
vn 0.747829 -0.610390 -0.261105
v -0.148890 0.021267 -0.257994
vn 0.818054 -0.575141 -0.001076
v -0.145468 0.032573 -0.307139
vn 0.950725 -0.222099 -0.216320
v -0.123471 0.068631 -0.268752
vn 0.877281 -0.472016 -0.087050
v -0.131320 0.052952 -0.282117
vn 0.789765 -0.523723 -0.319351
v -0.131445 0.040812 -0.255030
vn 0.892139 -0.393814 -0.221354
v -0.127375 0.057852 -0.269391
vn 0.881494 -0.349820 -0.317166
v -0.123181 0.055194 -0.255314
vn 0.824023 -0.529724 -0.200944
v -0.137824 0.042029 -0.277501
vn 0.746302 -0.642807 -0.172723
v -0.168756 -0.002110 -0.262324
vn 0.807935 -0.588757 -0.024631
v -0.160672 0.012483 -0.324182
vn 0.958812 -0.250327 -0.134220
v -0.127188 0.068601 -0.300964
vn 0.844036 -0.534721 -0.040945
v -0.145492 0.032711 -0.317055
vn 0.900830 -0.426357 -0.082001
v -0.136817 0.046609 -0.308381
vn 0.893416 0.360559 -0.267964
v -0.123259 0.124667 -0.254847
vn 0.931154 0.353982 -0.087455
v -0.130678 0.126293 -0.287157
vn -0.677197 0.723617 0.133351
v -0.267653 0.153602 -0.263303
vn 0.247368 0.968905 -0.005687
v -0.173945 0.172045 -0.282759
vn 0.005350 0.999894 -0.013546
v -0.191867 0.174144 -0.282757
vn 0.838596 0.544742 -0.003748
v -0.142011 0.149449 -0.305385
vn -0.092454 0.993401 -0.067875
v -0.213413 0.173282 -0.278191
vn -0.622182 0.778154 0.085830
v -0.262929 0.159216 -0.271982
vn -0.274654 0.960189 -0.051024
v -0.244519 0.169173 -0.274035
vn -0.462976 0.884175 0.062355
v -0.252935 0.165509 -0.267536
vn 0.657844 0.752936 -0.018130
v -0.151891 0.159560 -0.270162
vn 0.445296 0.851792 -0.275974
v -0.161381 0.168524 -0.243792
vn 0.260727 0.909918 -0.322600
v -0.177022 0.178113 -0.235926
vn -0.535556 0.837288 0.110132
v -0.249700 0.163501 -0.242970
vn -0.342367 0.939469 -0.013528
v -0.230810 0.172556 -0.245745
vn -0.122856 0.980159 -0.155547
v -0.210471 0.178032 -0.246769
vn 0.902658 0.379503 -0.202944
v -0.126061 0.124015 -0.266252
vn -0.131857 0.984921 -0.112000
v -0.231725 0.172122 -0.269879
vn 0.973295 0.163422 -0.161212
v -0.124463 0.104425 -0.284916
vn 0.992432 -0.025339 -0.120149
v -0.123752 0.086703 -0.289906
vn 0.337708 -0.941121 0.015633
v -0.208176 -0.029429 -0.269554
vn 0.313830 -0.940528 -0.130066
v -0.202818 -0.033705 -0.182740
vn -0.416624 0.909079 -0.000857
v -0.266268 0.142706 -0.202820
vn -0.380986 0.701705 0.602046
v -0.177167 0.145594 0.069818
vn -0.435416 0.900221 -0.003853
v -0.245549 0.155971 -0.100743
vn -0.462865 0.884525 0.058073
v -0.233401 0.159504 -0.058109
vn 0.481315 -0.824231 0.298293
v -0.137000 -0.004366 -0.010352
vn -0.165545 0.805840 0.568522
v -0.174156 0.135572 0.085464
vn -0.253979 -0.836328 0.485849
v -0.179881 0.016731 0.082144
vn -0.143968 -0.798998 0.583845
v -0.189008 0.025232 0.086688
vn 0.015996 0.089265 0.995879
v -0.208953 0.067796 0.127774
vn 0.119945 0.295530 0.947774
v -0.212815 0.092982 0.123870
vn 0.494007 -0.796793 0.347962
v -0.134448 0.008061 0.015269
vn 0.034441 -0.981662 -0.187491
v -0.237895 -0.049977 -0.141225
vn 0.204638 -0.957133 -0.204988
v -0.220051 -0.044362 -0.160795
vn 0.114373 -0.976750 -0.181326
v -0.235792 -0.046083 -0.164902
vn 0.599309 -0.476199 0.643478
v -0.215817 0.025941 0.105038
vn 0.581955 -0.408916 0.702934
v -0.227562 0.038108 0.125546
vn 0.470783 -0.261550 0.842588
v -0.235659 0.045538 0.134623
vn 0.203285 -0.072314 0.976446
v -0.216531 0.059194 0.127838
vn 0.259148 0.131675 0.956820
v -0.219519 0.075160 0.128752
vn 0.654443 -0.738072 0.164175
v -0.145658 -0.018001 -0.035215
vn 0.702203 -0.687049 0.186746
v -0.152416 -0.023397 -0.025742
vn 0.655201 -0.753817 0.049706
v -0.149299 -0.023810 -0.055935
vn 0.517944 -0.810874 -0.272428
v -0.170605 -0.033235 -0.118322
vn 0.693186 -0.188610 0.695643
v -0.233460 0.031555 0.128336
vn 0.289556 0.053274 0.955677
v -0.249291 0.049559 0.141002
vn 0.119885 0.223040 0.967409
v -0.253397 0.064140 0.140191
vn -0.984906 0.095543 0.144330
v -0.371981 0.065282 -0.094678
vn -0.049194 0.395885 0.916981
v -0.262066 0.075416 0.135772
vn 0.171369 0.247844 0.953523
v -0.237104 0.077391 0.134577
vn -0.718479 0.683887 0.126836
v -0.344221 0.126486 -0.094942
vn -0.454751 0.890218 0.026696
v -0.322606 0.142797 -0.081900
vn -0.846860 0.494177 0.196511
v -0.357671 0.109923 -0.097457
vn -0.324548 0.944877 0.043312
v -0.311808 0.147626 -0.108611
vn -0.264586 0.964362 0.000026
v -0.306418 0.148752 -0.089380
vn -0.296633 0.953570 0.052077
v -0.305731 0.149241 -0.064188
vn -0.293235 0.933478 0.206476
v -0.268085 0.150553 0.028373
vn -0.164998 0.986161 0.016163
v -0.298699 0.150720 -0.112735
vn -0.162030 0.986155 -0.035279
v -0.292878 0.151771 -0.093377
vn -0.223675 0.974648 0.005521
v -0.277954 0.155438 -0.065508
vn -0.335494 0.938050 0.086633
v -0.276821 0.153623 -0.018069
vn -0.339638 0.930968 0.133956
v -0.267038 0.155644 -0.000545
vn -0.035144 0.998938 -0.029806
v -0.285733 0.152152 -0.116006
vn -0.117823 0.987816 -0.101672
v -0.276539 0.153710 -0.095545
vn -0.118955 0.991470 0.053254
v -0.246519 0.162900 -0.008473
vn -0.203663 0.962487 0.179278
v -0.251396 0.157637 0.021767
vn 0.029721 0.996751 -0.074857
v -0.274973 0.151247 -0.120704
vn -0.223098 0.974170 -0.034945
v -0.266530 0.159056 -0.058144
vn -0.096141 0.994849 -0.032122
v -0.251682 0.162416 -0.037424
vn 0.012855 0.992499 0.121571
v -0.231961 0.161947 0.008937
vn 0.040581 0.989169 -0.141062
v -0.265014 0.151402 -0.125777
vn 0.049193 0.991838 -0.117634
v -0.250740 0.159838 -0.071627
vn 0.041646 0.995961 -0.079546
v -0.243302 0.162299 -0.037312
vn 0.045045 0.998981 -0.002771
v -0.237878 0.163952 -0.018368
vn -0.943463 0.286621 0.166510
v -0.365901 0.088705 -0.094154
vn 0.636524 -0.769778 -0.047736
v -0.170362 -0.047087 -0.074840
vn 0.739552 -0.670953 -0.053708
v -0.161635 -0.038423 -0.073212
vn 0.742225 -0.667010 0.064806
v -0.157947 -0.034753 -0.053173
vn 0.641755 -0.746977 0.173711
v -0.169107 -0.044231 -0.042876
vn 0.340365 -0.932261 0.122644
v -0.211975 -0.069474 -0.061301
vn 0.248847 -0.938645 0.238791
v -0.219213 -0.066302 -0.039205
vn 0.092938 -0.979992 0.176005
v -0.242754 -0.071617 -0.043611
vn 0.014351 -0.986865 0.160907
v -0.254483 -0.067713 -0.015819
vn -0.145993 -0.987354 0.061785
v -0.248376 -0.073351 -0.056979
vn -0.242598 -0.967279 0.074277
v -0.261727 -0.068745 -0.030818
vn -0.395505 -0.918282 -0.018287
v -0.263117 -0.069191 -0.048919
vn -0.533618 -0.845572 0.016088
v -0.274343 -0.063186 -0.019613
vn -0.624404 -0.771314 -0.123263
v -0.272340 -0.063070 -0.053308
vn -0.771485 -0.635871 -0.021894
v -0.282408 -0.055791 -0.020838
vn -0.680044 -0.722880 -0.122412
v -0.281580 -0.048695 -0.077242
vn 0.467327 -0.854663 -0.226180
v -0.184400 -0.034757 -0.140192
vn -0.427102 -0.877586 -0.217778
v -0.254308 -0.070731 -0.077623
vn 0.272050 -0.887140 -0.372789
v -0.207747 -0.064985 -0.098043
vn 0.491624 -0.870238 -0.031499
v -0.191314 -0.061769 -0.075892
vn 0.327090 -0.935326 -0.134825
v -0.201461 -0.066005 -0.084509
vn 0.159924 -0.983561 0.083864
v -0.226685 -0.074927 -0.067997
vn -0.993444 0.113715 0.011710
v -0.374146 0.080325 -0.171063
vn -0.983844 0.176469 0.030174
v -0.374324 0.075713 -0.185146
vn -0.993329 -0.050540 0.103649
v -0.375496 0.055760 -0.182854
vn -0.997106 -0.061702 0.044423
v -0.374071 0.059596 -0.165356
vn -0.999973 0.002159 0.006974
v -0.373712 0.066165 -0.145135
vn -0.994489 0.081161 0.066367
v -0.373794 0.067114 -0.121326
vn -0.568449 0.819760 0.069702
v -0.339277 0.136405 -0.130004
vn -0.738938 0.667102 0.094579
v -0.353704 0.124043 -0.124924
vn -0.895005 0.431439 0.113252
v -0.364398 0.107636 -0.122375
vn -0.405134 0.913100 0.045995
v -0.323956 0.145556 -0.135723
vn -0.206866 0.978332 0.008588
v -0.311242 0.149713 -0.139078
vn -0.047456 0.998272 -0.034658
v -0.296696 0.151470 -0.142573
vn 0.089596 0.993191 -0.074453
v -0.283334 0.151120 -0.146549
vn 0.089240 0.991094 -0.098836
v -0.270647 0.148794 -0.150423
vn -0.982128 0.186086 0.028231
v -0.372535 0.085927 -0.148188
vn -0.965636 0.240391 0.098784
v -0.370319 0.088560 -0.120685
vn 0.376596 -0.902408 -0.209370
v -0.200938 -0.038852 -0.159716
vn 0.150366 -0.959670 -0.237538
v -0.222030 -0.048630 -0.140084
vn 0.161965 -0.907256 -0.388142
v -0.215862 -0.054120 -0.117844
vn -0.136996 -0.960973 -0.240340
v -0.246310 -0.054205 -0.120522
vn -0.241447 -0.967051 -0.080718
v -0.267529 -0.046837 -0.139974
vn -0.339919 -0.917916 -0.204657
v -0.263600 -0.051667 -0.112560
vn -0.604900 -0.796300 -0.001461
v -0.288289 -0.040545 -0.095947
vn 0.418065 -0.851337 -0.316934
v -0.189204 -0.040853 -0.128451
vn 0.285809 -0.924415 -0.252526
v -0.207887 -0.045918 -0.137058
vn -0.078929 -0.960741 -0.265982
v -0.239663 -0.075386 -0.081280
vn 0.116601 -0.898682 -0.422818
v -0.223409 -0.068606 -0.096744
vn -0.253078 -0.882975 -0.395355
v -0.244909 -0.059964 -0.106147
vn -0.503168 -0.822562 -0.264979
v -0.265618 -0.056345 -0.094067
vn 0.260891 -0.855660 -0.446971
v -0.199825 -0.049841 -0.118435
vn -0.015476 -0.921273 -0.388608
v -0.232680 -0.056396 -0.115296
vn 0.151145 -0.444041 0.883166
v -0.214316 0.044326 0.124457
vn 0.351319 0.000685 0.936255
v -0.227963 0.063849 0.132862
vn 0.034257 0.404198 0.914030
v -0.241407 0.095600 0.128292
vn 0.062679 0.625115 0.778012
v -0.234738 0.119529 0.113625
vn 0.190192 0.391986 0.900097
v -0.229806 0.097637 0.126396
vn 0.123549 0.534511 0.836082
v -0.221621 0.113852 0.115322
vn 0.205465 0.343275 0.916486
v -0.220498 0.096127 0.124737
vn 0.313446 0.182268 0.931950
v -0.226283 0.079191 0.131043
vn 0.046378 0.893955 0.445751
v -0.226404 0.140917 0.085187
vn 0.086881 0.718508 0.690071
v -0.228653 0.127053 0.105651
vn 0.103037 0.792185 0.601520
v -0.221891 0.133103 0.096768
vn -0.061934 0.953277 0.295682
v -0.238041 0.151671 0.056611
vn 0.068121 0.978698 0.193676
v -0.223252 0.157473 0.033634
vn 0.319457 -0.743732 0.587205
v -0.178329 0.007681 0.064311
vn 0.138475 -0.692036 0.708456
v -0.187977 0.013378 0.075208
vn 0.383775 -0.768473 0.512021
v -0.167143 0.006829 0.054379
vn 0.378216 -0.590420 0.712991
v -0.195360 0.017209 0.080578
vn 0.350804 -0.656563 0.667728
v -0.222765 0.039236 0.123023
vn 0.087876 0.643510 0.760376
v -0.187743 0.116844 0.110714
vn 0.080636 0.654888 0.751411
v -0.207545 0.120010 0.109030
vn 0.062982 0.438705 0.896421
v -0.197049 0.105675 0.118600
vn -0.175508 -0.183214 0.967280
v -0.206794 0.052866 0.126685
vn -0.260826 -0.726979 0.635195
v -0.197498 0.039475 0.124172
vn -0.232032 -0.920510 0.314359
v -0.185968 0.032020 0.103745
vn -0.514365 -0.781028 0.354153
v -0.177103 0.026865 0.100183
vn -0.340332 0.291979 0.893825
v -0.185872 0.069974 0.129362
vn -0.478877 0.020896 0.877633
v -0.187764 0.054056 0.132275
vn 0.010696 0.244583 0.969569
v -0.201553 0.086835 0.124541
vn -0.117673 0.697306 0.707049
v -0.169138 0.118149 0.107569
vn 0.087786 0.828922 0.552433
v -0.189387 0.130833 0.093089
vn -0.080536 0.894323 0.440115
v -0.187237 0.142708 0.069873
vn 0.112352 0.950840 0.288583
v -0.205427 0.149129 0.058135
vn -0.289894 0.905822 0.308948
v -0.248907 0.151457 0.050691
vn -0.295385 0.952793 0.070242
v -0.259913 0.160640 -0.016168
vn -0.130992 0.436217 0.890256
v -0.180335 0.093632 0.122275
vn 0.126068 0.891995 0.434110
v -0.203422 0.139798 0.082777
vn -0.152498 0.952438 0.263831
v -0.207139 0.157229 0.022670
vn -0.351855 0.910142 0.218724
v -0.217505 0.160998 -0.004881
vn 0.027629 0.988810 -0.146597
v -0.258965 0.149735 -0.127005
vn 0.095970 0.989276 -0.110105
v -0.267043 0.147115 -0.160169
vn -0.158847 0.986893 0.028445
v -0.224210 0.161763 -0.023652
vn 0.095130 0.988931 -0.113869
v -0.238342 0.159493 -0.056039
vn 0.104063 0.991719 0.075267
v -0.218759 0.160194 0.006511
vn 0.026926 0.988666 -0.147700
v -0.253604 0.154794 -0.100411
vn 0.013063 0.961273 0.275290
v -0.203016 0.152769 0.039502
vn 0.036945 0.984596 -0.170895
v -0.259942 0.155976 -0.102330
vn -0.157604 0.984330 -0.079085
v -0.265263 0.157202 -0.083200
vn -0.297187 0.953340 0.053134
v -0.282136 0.153658 -0.047189
vn -0.184231 0.982112 -0.038913
v -0.279906 0.155372 -0.077036
vn -0.521799 0.850967 0.059849
v -0.325958 0.140467 -0.103373
vn 0.177793 -0.828570 0.530906
v -0.194488 0.028340 0.091889
vn 0.543650 -0.454208 0.705790
v -0.197406 0.009020 0.077254
vn -0.450873 -0.854554 0.257782
v -0.169023 0.019146 0.098816
vn 0.663698 -0.648140 0.373389
v -0.141025 0.003062 0.020055
vn 0.626723 -0.733054 0.264291
v -0.142553 -0.005682 -0.002043
vn -0.805603 -0.587262 0.078283
v -0.363397 0.026501 -0.099612
vn -0.863599 -0.501910 0.047774
v -0.366042 0.026966 -0.123487
vn -0.828218 -0.553382 0.088449
v -0.359518 0.015868 -0.152038
vn -0.526367 -0.844928 0.095052
v -0.303336 -0.033620 -0.118077
vn -0.390703 -0.920316 -0.019253
v -0.285692 -0.041772 -0.123406
vn -0.676261 -0.721938 0.146553
v -0.332830 -0.013485 -0.129406
vn -0.742152 -0.661654 0.106885
v -0.344082 -0.005499 -0.153687
vn -0.587477 -0.805280 0.079966
v -0.325600 -0.021933 -0.147531
vn -0.926163 -0.372444 0.059226
v -0.367249 0.028104 -0.159129
vn -0.761514 -0.637523 0.116884
v -0.357844 0.016207 -0.122108
vn -0.697287 -0.687283 0.203551
v -0.341422 0.003161 -0.106183
vn -0.313552 -0.948995 -0.033073
v -0.288951 -0.041282 -0.149266
vn -0.477469 -0.878623 0.006718
v -0.320829 -0.026133 -0.197499
vn -0.322606 -0.943687 -0.073348
v -0.307077 -0.032872 -0.193668
vn -0.298502 -0.951669 -0.072274
v -0.289345 -0.038968 -0.173665
vn -0.801564 -0.591375 0.088149
v -0.356528 0.003229 -0.187088
vn -0.783648 -0.609339 0.120837
v -0.354904 0.002973 -0.176536
vn -0.880068 -0.457280 0.127962
v -0.364401 0.017149 -0.179649
vn -0.698587 -0.703082 0.132863
v -0.354200 0.015823 -0.103428
vn -0.653706 -0.728592 0.204505
v -0.317212 -0.020623 -0.100024
vn -0.427892 -0.903762 0.011056
v -0.302101 -0.035542 -0.145235
vn -0.450327 -0.892850 0.004908
v -0.315187 -0.029916 -0.172700
vn -0.629777 -0.773701 0.069047
v -0.338487 -0.014858 -0.176044
vn -0.189757 -0.977444 -0.092711
v -0.272521 -0.044677 -0.160990
vn -0.119859 -0.984307 -0.129513
v -0.256282 -0.048695 -0.143644
vn -0.958148 -0.256644 0.126832
v -0.372017 0.036996 -0.180204
vn -0.977836 -0.200118 0.061557
v -0.371592 0.041489 -0.166733
vn -0.977936 -0.208618 -0.010910
v -0.372623 0.045783 -0.142454
vn -0.960340 -0.262062 0.095241
v -0.371220 0.042105 -0.097156
vn -0.974828 -0.222222 0.018108
v -0.373677 0.045058 -0.122128
vn -0.501605 -0.853839 -0.139109
v -0.275564 -0.048285 -0.100845
vn 0.474278 -0.816823 -0.328422
v -0.191929 -0.056572 -0.102052
vn 0.540692 -0.835284 0.099761
v -0.178725 -0.052868 -0.052658
vn 0.672606 -0.738893 0.040472
v -0.166330 -0.043599 -0.055747
vn 0.651029 -0.741270 -0.163339
v -0.171093 -0.045231 -0.090423
vn 0.528376 -0.739708 0.416714
v -0.154030 0.002817 0.041584
vn -0.071056 -0.900177 0.429688
v -0.205288 0.038057 0.116727
vn 0.942357 -0.332674 0.035934
v -0.086278 0.064627 0.056484
vn 0.324387 0.612834 0.720561
v -0.093512 0.139515 0.094041
vn 0.106538 0.628616 0.770384
v -0.106299 0.146922 0.089143
vn -0.048042 0.642933 0.764414
v -0.122727 0.145640 0.092073
vn 0.552837 -0.759311 -0.343246
v -0.135319 -0.003988 -0.184540
vn 0.653721 -0.634710 -0.412058
v -0.121905 0.010570 -0.189548
vn 0.347856 -0.920982 -0.175468
v -0.166796 -0.023086 -0.174489
vn 0.347833 -0.918877 -0.186220
v -0.189999 -0.029896 -0.178225
vn 0.417460 -0.867713 -0.269815
v -0.159847 -0.017520 -0.185555
vn 0.483440 -0.823241 -0.297592
v -0.151359 -0.008409 -0.199502
vn 0.631168 -0.682337 -0.368840
v -0.134523 0.005042 -0.201662
vn 0.302550 -0.546040 0.781219
v -0.050788 0.115472 0.057705
vn 0.338222 -0.588463 0.734383
v -0.063152 0.097204 0.047933
vn 0.503547 -0.310323 0.806312
v -0.047769 0.128077 0.065261
vn 0.483168 0.093632 0.870507
v -0.059358 0.139348 0.073536
vn 0.773682 -0.621003 0.125580
v -0.094312 0.049644 0.040936
vn 0.567951 -0.526174 0.632909
v -0.072805 0.116623 0.075480
vn 0.613801 -0.124875 0.779522
v -0.073226 0.125853 0.082461
vn 0.519987 0.252732 0.815929
v -0.074220 0.136231 0.082704
vn 0.344811 0.439371 0.829493
v -0.083823 0.143894 0.084894
vn 0.358160 -0.900132 0.247961
v -0.137613 -0.014081 -0.040518
vn 0.176226 -0.960056 0.217339
v -0.122051 -0.020110 -0.069222
vn 0.128386 -0.980567 0.148345
v -0.131894 -0.023847 -0.083240
vn 0.385025 -0.915042 -0.120223
v -0.155927 -0.027969 -0.101672
vn 0.310243 0.411403 0.857028
v -0.035747 0.160015 0.056726
vn 0.390282 0.090694 0.916218
v -0.034416 0.144043 0.060237
vn 0.383866 0.366739 0.847437
v -0.056204 0.155744 0.068153
vn 0.303275 -0.951847 -0.044845
v -0.111080 -0.021118 -0.108837
vn 0.322947 0.559105 0.763614
v -0.058420 0.168840 0.060454
vn -0.052651 0.974624 -0.217570
v -0.167261 0.204681 -0.155728
vn -0.270624 0.951214 -0.148172
v -0.189152 0.200748 -0.149835
vn -0.356075 0.925964 -0.125706
v -0.184906 0.206270 -0.130001
vn -0.425471 0.903925 -0.043523
v -0.203871 0.195965 -0.143553
vn -0.521793 0.852761 -0.023025
v -0.199409 0.199149 -0.128836
vn -0.486091 0.863234 0.136167
v -0.190201 0.203920 -0.092880
vn -0.479964 0.868021 0.127180
v -0.190583 0.196510 -0.053013
vn -0.588629 0.806533 0.054951
v -0.217831 0.186832 -0.140479
vn -0.632780 0.773596 0.033751
v -0.213813 0.188682 -0.120301
vn -0.692538 0.713710 0.104922
v -0.227547 0.178233 -0.135933
vn -0.551403 0.826234 0.115289
v -0.203745 0.189106 -0.046475
vn -0.627433 0.745259 0.225647
v -0.204658 0.183472 -0.022515
vn -0.518165 0.804789 0.289517
v -0.183976 0.190934 -0.002209
vn -0.741673 0.661238 0.112627
v -0.234976 0.169145 -0.134384
vn -0.693496 0.720240 0.017819
v -0.225184 0.177881 -0.112977
vn -0.634530 0.768191 0.085174
v -0.217626 0.183067 -0.075870
vn -0.661964 0.728699 0.175503
v -0.214155 0.180734 -0.044144
vn -0.696594 0.661621 0.277514
v -0.212619 0.176656 -0.022897
vn -0.658608 0.658147 0.364798
v -0.200157 0.176094 0.003465
vn -0.776102 0.625922 0.076726
v -0.242796 0.161312 -0.133369
vn -0.802407 0.577074 0.152077
v -0.232099 0.168973 -0.077911
vn -0.778146 0.594599 0.202341
v -0.220318 0.173563 -0.045001
vn 0.382481 0.845380 -0.372882
v -0.127271 0.190989 -0.171282
vn 0.166341 -0.985811 -0.022539
v -0.127257 -0.025068 -0.100294
vn 0.333412 -0.934889 0.121738
v -0.105712 -0.017670 -0.081235
vn 0.322100 -0.884473 0.337579
v -0.129123 -0.002795 -0.015643
vn 0.623517 -0.778364 0.073324
v -0.075762 -0.001063 -0.100295
vn 0.735391 -0.677610 -0.006730
v -0.053305 0.021052 -0.100318
vn 0.813227 -0.570718 -0.113764
v -0.039101 0.036187 -0.086866
vn 0.852989 -0.443636 -0.274950
v -0.044539 0.034449 -0.106516
vn 0.839023 -0.195454 -0.507778
v -0.053382 0.032850 -0.125998
vn 0.884691 -0.136439 -0.445765
v -0.040812 0.046478 -0.107125
vn 0.837912 0.094952 -0.537483
v -0.041803 0.057788 -0.108899
vn 0.810049 0.043924 -0.584715
v -0.049933 0.045688 -0.122373
vn 0.820794 0.115116 -0.559505
v -0.065784 0.064557 -0.139109
vn 0.170938 -0.970146 -0.172039
v -0.151802 -0.024836 -0.122861
vn 0.248494 -0.950084 -0.188656
v -0.147152 -0.021254 -0.136798
vn 0.642499 -0.700780 -0.310005
v -0.069767 0.002984 -0.129725
vn 0.742362 -0.157400 -0.651248
v -0.075001 0.038119 -0.153073
vn 0.269936 -0.911568 -0.310128
v -0.110811 -0.017882 -0.130549
vn 0.514603 0.670310 -0.534667
v -0.141784 0.165035 -0.229845
vn 0.569102 0.726292 -0.385517
v -0.143707 0.158554 -0.240085
vn 0.730314 -0.373845 -0.571736
v -0.066720 0.016806 -0.138808
vn 0.722101 0.558480 -0.408252
v -0.130278 0.144273 -0.241799
vn 0.649982 0.524905 -0.549543
v -0.127356 0.150111 -0.230038
vn 0.570736 0.598448 -0.562246
v -0.123228 0.161597 -0.215644
vn 0.522165 0.704033 -0.481332
v -0.116965 0.171461 -0.196531
vn -0.188908 0.964024 -0.187005
v -0.187020 0.198414 -0.176267
vn 0.002358 0.961980 -0.273111
v -0.171067 0.199730 -0.180040
vn 0.243750 0.905653 -0.346955
v -0.152209 0.195522 -0.185785
vn -0.371628 0.922342 -0.105726
v -0.208308 0.193298 -0.171252
vn -0.537256 0.843299 -0.014247
v -0.220456 0.187297 -0.167550
vn -0.662049 0.748203 0.043403
v -0.232137 0.178365 -0.163677
vn -0.756294 0.647605 0.092881
v -0.241646 0.168603 -0.160944
vn -0.776903 0.621094 0.103267
v -0.249181 0.157805 -0.157806
vn 0.435797 0.750587 -0.496690
v -0.138788 0.176141 -0.212217
vn 0.412059 0.813282 -0.410828
v -0.134946 0.186305 -0.190650
vn 0.442689 -0.814439 -0.375120
v -0.119836 -0.005462 -0.155679
vn 0.526052 -0.745582 -0.409117
v -0.111832 0.002686 -0.161236
vn 0.712547 -0.427613 -0.556259
v -0.095824 0.027054 -0.169146
vn 0.900946 -0.137566 -0.411549
v -0.089030 0.069426 -0.183789
vn 0.321440 -0.896791 -0.304043
v -0.134029 -0.014798 -0.148582
vn 0.361066 -0.914797 -0.181047
v -0.147503 -0.017811 -0.159075
vn 0.458832 -0.848777 -0.262777
v -0.142657 -0.011926 -0.174965
vn 0.421446 -0.683556 -0.595932
v -0.089135 -0.002194 -0.141478
vn 0.321164 -0.798217 -0.509611
v -0.114080 -0.007889 -0.146860
vn 0.343180 0.559322 0.754577
v -0.073275 0.170836 0.065849
vn 0.283647 0.537065 0.794421
v -0.083877 0.168976 0.072259
vn 0.024372 0.605127 0.795756
v -0.114286 0.177062 0.071764
vn 0.149772 0.484050 0.862128
v -0.092777 0.162295 0.078545
vn 0.155725 0.532047 0.832271
v -0.098540 0.154227 0.082947
vn 0.388442 0.363841 0.846601
v -0.070176 0.153524 0.074982
vn -0.144670 0.625417 0.766762
v -0.126815 0.175996 0.071270
vn -0.217243 0.596988 0.772277
v -0.141404 0.143258 0.091915
vn -0.296203 0.621709 0.725080
v -0.141351 0.172607 0.069515
vn -0.408116 0.677472 0.611942
v -0.150776 0.176015 0.061572
vn -0.504641 0.591697 0.628675
v -0.163004 0.159811 0.069149
vn -0.514475 0.767444 0.382552
v -0.172624 0.186073 0.025686
vn -0.611738 0.661951 0.433126
v -0.191410 0.175019 0.019346
vn -0.621960 0.668524 0.407727
v -0.201997 0.160865 0.021986
vn 0.381176 -0.852315 0.358140
v -0.128280 0.001201 -0.006720
vn 0.726583 -0.517434 0.452038
v -0.086610 0.057468 0.035675
vn 0.190224 -0.888030 0.418590
v -0.117602 0.025733 0.032378
vn 0.988146 -0.072114 0.135523
v -0.084503 0.071595 0.048367
vn 0.671712 -0.608871 0.421995
v -0.100606 0.038930 0.031162
vn 0.887385 -0.264957 0.377287
v -0.084885 0.081484 0.051892
vn 0.576531 -0.494077 0.650769
v -0.077751 0.078248 0.040305
vn 0.472847 -0.880363 -0.037107
v -0.094306 -0.013669 -0.116415
vn -0.311317 0.679556 0.664294
v -0.164762 0.138538 0.086468
vn 0.627750 0.290679 0.722105
v -0.087035 0.132818 0.093537
vn 0.746470 -0.139669 0.650596
v -0.085634 0.124945 0.094287
vn 0.868478 -0.293772 0.399305
v -0.086405 0.101917 0.077320
vn 0.784653 -0.447512 0.429013
v -0.082925 0.094444 0.062087
vn 0.990751 0.078522 0.110667
v -0.088124 0.090558 0.078493
vn -0.033096 0.756547 0.653101
v -0.123110 0.136109 0.103258
vn -0.339549 0.733273 0.589081
v -0.154341 0.107621 0.122051
vn -0.212638 0.693290 0.688574
v -0.137330 0.135601 0.099297
vn -0.198383 0.760429 0.618379
v -0.128513 0.124847 0.114149
vn 0.293074 0.682140 0.669920
v -0.105437 0.129895 0.110727
vn 0.743790 0.253697 0.618397
v -0.096057 0.122205 0.106773
vn -0.470670 0.758411 0.450868
v -0.196184 0.156122 0.035371
vn -0.511483 0.668138 0.540348
v -0.180578 0.152174 0.059116
vn -0.333051 0.847594 0.413112
v -0.156541 0.188891 0.038293
vn -0.384737 0.868557 0.312390
v -0.166645 0.193372 0.017492
vn -0.216947 0.781177 0.585403
v -0.134351 0.184438 0.060887
vn -0.376137 0.591900 0.712864
v -0.155308 0.149177 0.081748
vn -0.488944 0.855803 0.168922
v -0.196664 0.190889 -0.031378
vn -0.606346 0.598737 0.523314
v -0.182693 0.165583 0.043615
vn -0.770143 0.632890 0.079561
v -0.245546 0.155736 -0.131583
vn -0.755933 0.647513 0.096400
v -0.252628 0.153126 -0.156828
vn -0.729092 0.634192 0.257342
v -0.218861 0.165696 -0.019916
vn -0.824338 0.532452 0.192253
v -0.230016 0.163577 -0.058891
vn -0.795332 0.597595 0.101625
v -0.239803 0.161444 -0.101624
vn -0.497531 0.721544 0.481494
v -0.163047 0.183557 0.041714
vn -0.540325 0.831492 0.129109
v -0.204516 0.192723 -0.085842
vn -0.803176 0.592815 0.058971
v -0.238711 0.165967 -0.109885
vn -0.672690 0.738165 0.050989
v -0.228623 0.175020 -0.095574
vn -0.540356 0.836705 0.089104
v -0.208484 0.189365 -0.078387
vn -0.492810 0.869659 0.028819
v -0.194942 0.202847 -0.108457
vn -0.697971 0.701248 0.145214
v -0.221515 0.176946 -0.060761
vn -0.515135 0.846193 0.136354
v -0.195529 0.196051 -0.072467
vn -0.617122 0.784745 0.057762
v -0.216990 0.186149 -0.098990
vn -0.337443 0.937834 0.081237
v -0.176646 0.210664 -0.097746
vn -0.260687 0.953379 -0.152020
v -0.197796 0.196210 -0.173890
vn 0.996427 -0.026800 -0.080093
v -0.084024 0.075467 0.073838
vn 0.860208 0.122341 -0.495050
v -0.089735 0.142822 -0.186380
vn 0.860006 0.148485 -0.488203
v -0.097726 0.136632 -0.202914
vn 0.927482 0.009403 -0.373750
v -0.095821 0.119976 -0.200596
vn 0.793816 -0.402261 -0.456116
v -0.104205 0.037076 -0.191018
vn 0.934031 -0.115123 -0.338130
v -0.113053 0.078694 -0.243052
vn 0.919327 0.021032 -0.392932
v -0.105282 0.100962 -0.223571
vn 0.879871 -0.242402 -0.408739
v -0.102042 0.063407 -0.208120
vn 0.912682 -0.023747 -0.407980
v -0.094430 0.085002 -0.198379
vn 0.924226 0.013020 -0.381625
v -0.085429 0.084774 -0.178166
vn 0.823770 0.258905 -0.504353
v -0.110707 0.123127 -0.228161
vn 0.721971 -0.534176 -0.439788
v -0.114512 0.022481 -0.193329
vn 0.760003 -0.561326 -0.327581
v -0.128981 0.031318 -0.237086
vn 0.793177 -0.462552 -0.396126
v -0.118120 0.034358 -0.214463
vn 0.740229 -0.567408 -0.360705
v -0.128168 0.023847 -0.219304
vn 0.843964 -0.422942 -0.329916
v -0.119311 0.048856 -0.236629
vn 0.951184 -0.012530 -0.308369
v -0.116919 0.087089 -0.254353
vn 0.913354 0.184805 -0.362810
v -0.113635 0.107121 -0.240981
vn 0.929193 -0.093344 -0.357612
v -0.084661 0.133790 -0.174582
vn 0.921216 -0.181935 -0.343892
v -0.108771 0.071126 -0.229314
vn 0.685428 -0.661658 -0.303969
v -0.150201 0.001754 -0.222787
vn 0.836096 0.400548 -0.374840
v -0.120420 0.127245 -0.241656
vn 0.746123 0.419348 -0.517154
v -0.118906 0.134515 -0.232193
vn 0.696330 0.396865 -0.598016
v -0.110865 0.146804 -0.215757
vn 0.708901 0.441470 -0.550057
v -0.103305 0.154918 -0.201419
vn 0.377631 -0.791196 0.481045
v -0.125615 0.009941 0.013706
vn 0.367597 -0.703112 0.608692
v -0.129891 0.012804 0.018731
vn 0.573781 -0.481777 -0.662318
v -0.093236 0.014691 -0.157663
vn 0.471402 -0.670128 -0.573331
v -0.097670 0.008772 -0.156201
vn 0.851373 -0.084373 -0.517731
v -0.082930 0.057231 -0.165536
vn 0.807199 -0.274483 -0.522579
v -0.089818 0.043913 -0.171344
vn 0.617808 -0.606070 -0.500991
v -0.106773 0.011718 -0.168293
vn 0.205864 -0.920087 -0.333257
v -0.131745 -0.017759 -0.138023
vn 0.303796 -0.905219 0.297129
v -0.112707 -0.014954 -0.059426
vn 0.511306 -0.833889 0.207835
v -0.094148 -0.009677 -0.069126
vn 0.720699 -0.433770 0.540774
v -0.084886 0.117333 0.089179
vn 0.554090 -0.606400 0.570319
v -0.072912 0.105517 0.062869
vn 0.156368 -0.267914 0.950669
v -0.022384 0.118892 0.054734
vn 0.360274 -0.919987 -0.154358
v -0.168183 -0.026761 -0.138338
vn 0.512490 -0.858384 0.023055
v -0.150144 -0.024556 -0.078693
vn 0.260512 -0.950272 0.170637
v -0.141117 -0.019231 -0.058805
vn -0.393031 0.919476 -0.009572
v -0.258281 0.147996 -0.155821
vn -0.427753 0.902401 -0.051953
v -0.250911 0.151767 -0.126154
vn 0.049944 -0.964994 0.257472
v -0.169892 0.011223 0.069997
vn 0.802314 -0.539974 0.254403
v -0.143047 0.024113 0.037045
vn -0.162313 -0.983500 0.079887
v -0.157363 0.014720 0.095314
vn -0.523631 0.434526 0.732802
v -0.178380 0.082507 0.128106
vn -0.737770 -0.671627 0.067914
v -0.156852 0.014984 0.136051
vn -0.561234 -0.827180 0.028094
v -0.150033 0.009224 0.143699
vn -0.926210 -0.331936 0.178753
v -0.169287 0.038468 0.156851
vn 0.151386 -0.953438 -0.260842
v -0.104706 0.015633 0.094359
vn 0.222741 -0.954718 -0.197229
v -0.121872 0.015276 0.106936
vn 0.085090 -0.981442 -0.171846
v -0.131555 0.011521 0.106497
vn -0.701846 -0.686564 0.189847
v -0.161766 0.020194 0.121140
vn -0.964152 -0.000633 0.265350
v -0.171258 0.050705 0.156018
vn -0.799232 -0.600229 0.030874
v -0.159103 0.021784 0.166210
vn -0.195382 -0.968689 -0.153188
v -0.131959 0.002055 0.149955
vn 0.174389 -0.948390 -0.264849
v -0.122603 0.007198 0.128080
vn 0.106881 -0.943156 -0.314695
v -0.104693 0.006475 0.145364
vn 0.056317 -0.989211 -0.135241
v -0.101395 0.012715 0.118857
vn -0.600387 -0.799696 -0.004655
v -0.144908 0.007344 0.156757
vn 0.093198 -0.973538 -0.208659
v -0.123413 0.001008 0.154942
vn -0.744484 -0.644501 0.174247
v -0.161665 0.025948 0.137790
vn -0.746293 0.264624 0.610755
v -0.177632 0.064494 0.140090
vn -0.852961 -0.119319 0.508154
v -0.177578 0.049680 0.141392
vn 0.195922 -0.951709 -0.236356
v -0.085403 0.013557 0.133398
vn -0.444711 0.564732 0.695205
v -0.170048 0.093485 0.125659
vn -0.581783 -0.535468 0.612212
v -0.180518 0.039459 0.134580
vn 0.030132 -0.997422 -0.065128
v -0.138064 0.013379 0.083385
vn -0.449089 -0.893203 0.022542
v -0.157673 0.015534 0.116057
vn -0.838538 0.492681 0.232637
v -0.161557 0.076491 0.162171
vn 0.778098 -0.159784 -0.607481
v -0.072862 0.024782 0.111628
vn -0.704125 0.523455 0.479794
v -0.170709 0.078632 0.138844
vn -0.916384 0.249672 0.312896
v -0.169245 0.061057 0.158899
vn -0.813546 -0.544854 0.203168
v -0.169587 0.034812 0.146686
vn 0.197514 -0.922707 -0.331058
v -0.120823 0.018402 0.077377
vn -0.143396 -0.987569 -0.064380
v -0.144550 0.012953 0.105311
vn -0.325029 -0.936903 -0.128723
v -0.147606 0.010569 0.124012
vn 0.408969 -0.893597 -0.185012
v -0.129053 0.014345 0.089558
vn 0.360791 -0.899030 -0.248144
v -0.083445 0.013968 0.113782
vn 0.455618 -0.832080 -0.316315
v -0.133947 0.019354 0.065784
vn 0.246876 -0.952745 -0.177003
v -0.126532 0.016208 0.089264
vn 0.280554 -0.957229 -0.070729
v -0.139279 0.013845 0.073441
vn 0.742566 -0.611161 0.274005
v -0.144783 0.010506 0.035779
vn 0.738571 -0.671331 -0.061868
v -0.143931 0.012879 0.051161
vn 0.002268 -0.999665 0.025778
v -0.148523 0.014089 0.077191
vn 0.726009 -0.633902 -0.266609
v -0.141058 0.017055 0.057065
vn 0.267902 -0.933201 0.239510
v -0.152826 0.011788 0.052874
vn -0.424130 -0.862478 0.276127
v -0.176819 0.033133 0.121381
vn -0.769323 -0.632666 0.088749
v -0.153177 0.015354 0.153671
vn 0.021286 -0.840944 0.540704
v -0.125333 0.029871 0.033442
vn 0.427507 -0.874223 -0.230154
v -0.134084 0.031323 0.043806
vn 0.853610 -0.496108 -0.158829
v -0.098009 0.044810 0.054022
vn 0.386661 -0.914810 -0.116686
v -0.110449 0.033727 0.057491
vn 0.633136 0.770101 -0.077994
v -0.085851 0.095279 0.122834
vn 0.476716 0.878577 0.029066
v -0.100221 0.102908 0.140396
vn 0.425694 0.846648 0.319330
v -0.107726 0.112511 0.132141
vn -0.355350 0.917251 0.179936
v -0.133330 0.106294 0.153636
vn -0.567826 0.713614 0.410279
v -0.149718 0.102735 0.134564
vn -0.726422 0.642924 0.242817
v -0.155374 0.088507 0.152543
vn 0.658813 -0.475631 -0.582873
v -0.090062 0.021243 0.096844
vn 0.853598 0.096646 -0.511888
v -0.082516 0.047306 0.107953
vn 0.825076 0.530122 0.195498
v -0.098411 0.104137 0.120690
vn 0.774138 0.429555 0.464966
v -0.101570 0.115762 0.118793
vn 0.369325 0.757327 0.538567
v -0.109770 0.115346 0.127514
vn -0.090965 0.871497 0.481890
v -0.122152 0.116305 0.130341
vn -0.327771 0.888256 0.321818
v -0.132251 0.112527 0.134181
vn -0.825593 0.559989 0.069343
v -0.153944 0.085757 0.172771
vn -0.665664 0.737368 0.114802
v -0.143646 0.098049 0.159519
vn -0.196159 0.973988 0.113443
v -0.122911 0.109653 0.150363
vn 0.929409 0.354747 -0.101754
v -0.079648 0.079676 0.135473
vn 0.846567 0.327968 -0.419238
v -0.075268 0.058738 0.127858
vn -0.808782 0.587267 -0.031461
v -0.148801 0.092679 0.172117
vn -0.639068 0.768211 -0.037990
v -0.142269 0.099951 0.169487
vn -0.017584 0.940267 0.339983
v -0.121776 0.111605 0.139290
vn 0.711744 0.365595 -0.599800
v -0.067580 0.039470 0.123280
vn 0.874031 -0.145897 -0.463447
v -0.093783 0.034111 0.087566
vn 0.940943 0.299038 -0.158755
v -0.081212 0.085053 0.102789
vn 0.998924 0.044256 -0.013878
v -0.076743 0.069526 0.123205
vn 0.956875 0.114472 -0.266995
v -0.077177 0.059352 0.122209
vn 0.955382 0.236352 0.177151
v -0.092807 0.101859 0.098477
vn 0.867684 0.489694 -0.085585
v -0.085193 0.090157 0.094571
vn 0.753877 -0.439298 -0.488556
v -0.102036 0.030578 0.075281
vn 0.922608 0.379271 -0.070344
v -0.079911 0.087867 0.117037
vn 0.966974 -0.184004 -0.176363
v -0.084547 0.063549 0.082381
vn 0.901552 -0.430497 -0.043325
v -0.086847 0.060585 0.070972
vn 0.778806 -0.627184 -0.010068
v -0.095788 0.048649 0.048583
vn 0.882311 -0.432953 -0.184603
v -0.086998 0.048939 0.083098
vn 0.775934 0.059627 -0.627990
v -0.086534 0.032256 0.100115
vn 0.783563 0.247619 -0.569836
v -0.077102 0.041443 0.113016
vn 0.783244 -0.574944 -0.236577
v -0.094302 0.041224 0.079540
vn 0.942281 -0.229085 -0.244184
v -0.082112 0.053369 0.109071
vn 0.684316 -0.722968 -0.095023
v -0.099775 0.039081 0.060920
vn 0.986497 -0.081910 -0.141827
v -0.078166 0.065298 0.108735
vn 0.840519 0.539693 0.047537
v -0.084137 0.093887 0.136161
vn 0.714400 -0.681382 0.159220
v -0.108949 0.033589 0.037059
vn 0.903957 -0.059545 0.423457
v -0.095557 0.114404 0.104613
vn 0.433037 -0.771123 -0.466742
v -0.108779 0.022864 0.076121
vn -0.991738 -0.127576 -0.013460
v -0.164324 0.039045 0.193734
vn -0.875790 -0.459812 -0.146850
v -0.158619 0.022463 0.193127
vn 0.422265 -0.025174 -0.906123
v -0.062224 0.037116 0.127611
vn 0.006008 0.999829 -0.017494
v -0.116798 0.108265 0.159303
vn -0.594910 0.780168 -0.193443
v -0.139269 0.103985 0.181260
vn 0.354037 0.922898 -0.151384
v -0.099391 0.105395 0.153421
vn 0.318730 0.810769 -0.490984
v -0.081411 0.087532 0.149376
vn -0.355837 0.934399 -0.016662
v -0.133373 0.106273 0.166198
vn -0.840570 0.497641 -0.214001
v -0.153353 0.088223 0.189106
vn -0.925857 0.367998 0.085824
v -0.160705 0.070584 0.184184
vn -0.983070 0.157149 0.094224
v -0.164921 0.055032 0.186134
vn -0.666997 -0.736321 -0.113782
v -0.147193 0.006455 0.192143
vn -0.428190 -0.897777 -0.103197
v -0.136241 -0.000081 0.177414
vn -0.970731 0.034629 -0.237659
v -0.172223 0.055085 0.215740
vn 0.396655 -0.916618 -0.049757
v -0.034451 -0.018370 0.209880
vn 0.495811 -0.851808 -0.169099
v -0.032695 -0.008919 0.170648
vn -0.124922 -0.982960 -0.134851
v -0.081504 -0.017677 0.167212
vn -0.073000 -0.979394 -0.188302
v -0.125317 -0.002360 0.170764
vn -0.246111 -0.949332 0.195445
v -0.113563 -0.006469 0.282340
vn -0.149833 -0.962363 0.226733
v -0.087739 -0.009159 0.292980
vn -0.933287 0.337730 -0.122123
v -0.160096 0.073850 0.192784
vn -0.658300 -0.023233 0.752397
v -0.142445 0.050430 0.320868
vn 0.240821 -0.345506 0.906990
v -0.047422 0.022141 0.331422
vn -0.529376 -0.241627 0.813251
v -0.130476 0.036833 0.328178
vn -0.693976 -0.161133 0.701736
v -0.145686 0.037879 0.315981
vn -0.452494 -0.461126 0.763290
v -0.125759 0.026035 0.326713
vn -0.663273 -0.366195 0.652664
v -0.144187 0.028032 0.313957
vn -0.382543 -0.694967 0.608837
v -0.123490 0.011501 0.317035
vn -0.583278 -0.609279 0.537183
v -0.141451 0.014439 0.304390
vn -0.296875 -0.946416 -0.127131
v -0.130226 -0.004978 0.195476
vn -0.402166 -0.915236 0.024598
v -0.142462 -0.001755 0.239709
vn -0.992188 -0.054175 0.112374
v -0.174463 0.053022 0.264483
vn -0.998256 -0.049519 -0.032153
v -0.174651 0.052338 0.246783
vn -0.970794 0.069195 -0.229720
v -0.165091 0.053678 0.198140
vn -0.953268 -0.269500 0.136568
v -0.171959 0.036359 0.262839
vn -0.973766 -0.227094 -0.014449
v -0.172252 0.033267 0.246605
vn -0.964662 -0.155248 -0.212898
v -0.170316 0.037762 0.216017
vn -0.913501 -0.372549 -0.163470
v -0.167487 0.025885 0.216138
vn -0.875347 -0.400343 0.271097
v -0.164549 0.024005 0.276768
vn -0.857768 -0.513491 0.023696
v -0.167262 0.020419 0.248447
vn -0.746934 -0.644996 0.161462
v -0.159929 0.012976 0.265652
vn -0.802418 -0.576231 -0.155189
v -0.161142 0.015910 0.214390
vn -0.634655 -0.771861 0.038006
v -0.153686 0.004606 0.247616
vn 0.217402 -0.833376 0.508154
v -0.040044 -0.003476 0.307558
vn -0.144618 -0.498418 -0.854789
v -0.034857 0.007408 0.121550
vn -0.407296 -0.773802 -0.485119
v -0.088552 -0.013614 0.159912
vn 0.678407 -0.499741 -0.538538
v -0.001727 0.014777 0.162647
vn 0.061658 -0.998006 -0.013535
v -0.121520 -0.020487 0.227054
vn 0.244763 -0.024238 0.969280
v -0.104257 -0.017304 0.261437
vn 0.834926 -0.535002 -0.129116
v -0.015229 0.004282 0.223020
vn -0.938654 -0.112648 0.325943
v -0.171058 0.048421 0.280014
vn -0.022524 -0.236988 0.971252
v -0.087676 0.035675 0.339899
vn 0.194995 -0.951493 -0.237985
v 0.015568 0.015353 0.187524
vn 0.183860 -0.184214 0.965537
v -0.055543 0.037380 0.337420
vn -0.608225 0.104798 0.786817
v -0.139494 0.061772 0.323111
vn 0.598170 -0.167112 0.783751
v -0.009157 0.037497 0.318003
vn 0.951512 -0.267636 -0.151642
v 0.009542 0.030137 0.227564
vn -0.986723 0.140633 0.081235
v -0.173964 0.066584 0.263723
vn -0.950798 0.227913 -0.209853
v -0.170889 0.070549 0.218837
vn 0.470386 0.022230 0.882180
v -0.019954 0.048576 0.325594
vn -0.990902 0.126843 -0.044986
v -0.174443 0.067484 0.246271
vn -0.950624 0.152512 0.270286
v -0.170597 0.068822 0.278988
vn 0.156424 0.001652 0.987689
v -0.064754 0.055137 0.340561
vn 0.312715 0.039144 0.949040
v -0.039461 0.053983 0.334128
vn -0.559008 0.309320 0.769306
v -0.133989 0.079243 0.323391
vn 0.055392 -0.995072 -0.082239
v -0.061597 -0.017405 0.187928
vn 0.012904 -0.743933 0.668130
v -0.062044 0.001173 0.319854
vn -0.506012 -0.855364 -0.110929
v -0.142110 -0.000657 0.205459
vn 0.046804 -0.448867 0.892372
v -0.069852 0.019725 0.333106
vn 0.019741 0.064452 0.997726
v -0.084090 0.060139 0.342346
vn -0.193965 -0.756834 0.624164
v -0.105748 0.009095 0.322836
vn -0.182273 -0.510131 0.840561
v -0.104115 0.021145 0.332435
vn -0.215336 -0.062734 0.974523
v -0.105200 0.046505 0.339996
vn -0.238854 -0.894536 0.377829
v -0.112029 -0.002368 0.299136
vn -0.297623 -0.288129 0.910166
v -0.113634 0.032129 0.334623
vn -0.483971 -0.094540 0.869962
v -0.125878 0.046371 0.332780
vn -0.423126 0.057728 0.904230
v -0.123160 0.059456 0.333768
vn -0.019546 -0.952307 0.304516
v -0.062434 -0.010503 0.298863
vn 0.377490 -0.164806 0.911230
v -0.032519 0.039338 0.330772
vn 0.435475 -0.405236 0.803832
v -0.023751 0.018143 0.320423
vn 0.222740 -0.596362 0.771193
v -0.046886 0.008887 0.324383
vn 0.172902 -0.956234 0.236056
v -0.038756 -0.013009 0.285971
vn -0.711832 -0.678909 -0.179937
v -0.152862 0.006353 0.212448
vn -0.659776 -0.749095 -0.059602
v -0.153555 0.005166 0.224734
vn -0.123810 -0.886415 0.446026
v -0.077606 -0.005315 0.307356
vn -0.836669 -0.236068 0.494223
v -0.161010 0.038750 0.296608
vn -0.827618 -0.047270 0.559297
v -0.162897 0.052322 0.298273
vn -0.413704 -0.848264 0.330602
v -0.133417 0.002455 0.292864
vn -0.763053 0.162129 0.625671
v -0.156202 0.069618 0.305695
vn -0.345943 -0.929005 0.131424
v -0.138646 -0.001791 0.264864
vn -0.533132 -0.827895 0.174245
v -0.148001 0.003428 0.270416
vn -0.683869 -0.639963 0.350386
v -0.154876 0.015344 0.286707
vn -0.781132 -0.408710 0.472006
v -0.158575 0.028384 0.295162
vn -0.878845 0.169968 0.445806
v -0.163903 0.069202 0.293730
vn 0.881005 -0.268435 -0.389581
v -0.008600 0.020516 0.130026
vn 0.193682 -0.584233 -0.788137
v -0.069528 0.019102 0.133092
vn 0.770040 -0.637728 0.018462
v -0.020164 -0.005280 0.206537
vn 0.798726 -0.540831 -0.263701
v 0.004526 0.004819 0.244923
vn 0.700968 -0.657360 0.276624
v -0.000743 0.004605 0.283393
vn -0.298867 -0.941259 -0.157192
v -0.112417 -0.004310 0.190012
vn -0.328676 -0.944229 -0.020113
v -0.096559 -0.014384 0.187001
vn -0.157264 -0.704271 -0.692293
v -0.082261 0.008977 0.142760
vn 0.090377 -0.943288 -0.319437
v -0.068450 -0.015577 0.158555
vn 0.378459 -0.867959 0.321583
v -0.026017 -0.008394 0.287870
vn 0.662455 -0.449314 0.599391
v -0.006508 0.015318 0.305693
vn 0.089931 -0.991555 0.093443
v -0.049959 -0.017419 0.250360
vn -0.091702 -0.995712 0.012183
v -0.060799 -0.020363 0.223657
vn 0.554818 -0.745212 -0.369913
v -0.019943 0.006317 0.130550
vn 0.546109 -0.718163 -0.431286
v 0.001809 0.022309 0.187403
vn 0.648335 -0.746544 -0.149442
v -0.019914 0.000214 0.183556
vn -0.363647 0.013353 -0.931441
v -0.037514 0.023887 0.120919
vn -0.253124 -0.148581 -0.955956
v -0.059725 0.028465 0.131030
vn 0.855690 -0.390562 0.339493
v 0.007917 0.027773 0.293600
vn 0.514743 -0.848564 -0.122385
v -0.014915 -0.011235 0.246704
vn -0.717145 0.280702 -0.637895
v -0.006488 0.022843 0.161079
vn 0.915525 -0.370008 0.157821
v -0.011890 0.012163 0.148429
vn -0.336572 -0.941403 -0.021924
v -0.129962 -0.006727 0.220374
vn -0.380724 -0.720841 0.579170
v -0.113467 -0.010222 0.256018
vn 0.316952 -0.945962 0.068535
v -0.119301 -0.012780 0.237102
vn -0.532335 0.623445 0.572656
v -0.128001 -0.013839 0.259415
vn 0.191942 -0.973791 -0.122020
v -0.104723 -0.017790 0.252865
vn 0.143429 -0.989388 0.023214
v -0.104818 -0.013019 0.225734
vn -0.963453 0.117006 -0.240975
v -0.132644 -0.014071 0.238121
vn -0.714986 0.129281 -0.687082
v -0.111958 -0.013236 0.203509
vn 0.062336 -0.978525 0.196477
v -0.094778 -0.013053 0.257418
vn -0.214048 -0.831419 0.512763
v -0.121641 -0.019330 0.263128
vn -0.340561 -0.938730 0.052947
v -0.130127 -0.019536 0.246912
vn -0.844292 -0.429362 -0.320655
v -0.117889 -0.010132 0.220521
vn -0.161444 -0.979193 -0.122947
v -0.099424 -0.011187 0.204980
vn 0.644182 -0.764326 -0.028913
v -0.009474 0.015670 0.214594
vn 0.525653 -0.850199 -0.029175
v -0.032017 -0.013729 0.232256
vn 0.728236 0.056251 -0.683013
v 0.026426 0.023901 0.185172
vn 0.961264 -0.259151 0.093872
v 0.013658 0.028933 0.266810
vn 0.430097 -0.696965 0.573809
v -0.021277 0.004952 0.308674
vn 0.721976 -0.555791 -0.412125
v -0.013252 0.005106 0.233858
vn -0.675821 0.650926 -0.345776
v -0.017006 0.009762 0.174531
vn 0.951846 0.271295 -0.142788
v -0.021293 0.006187 0.163152
vn -0.900777 0.088171 -0.425237
v -0.004286 0.033453 0.170652
vn -0.164931 0.876766 -0.451751
v -0.033810 0.006539 0.181453
vn 0.479472 0.773560 -0.414381
v -0.053998 0.010662 0.187467
vn 0.249859 0.392406 0.885205
v -0.058981 0.022918 0.158091
vn -0.397773 0.061025 -0.915452
v -0.029630 0.028728 0.193045
vn -0.570454 0.348216 -0.743860
v -0.017584 0.021625 0.184509
vn 0.608112 0.790205 0.075999
v -0.060615 0.016774 0.170483
vn -0.030991 0.292120 -0.955879
v -0.044322 0.019448 0.195720
vn 0.281243 0.888952 0.361480
v -0.042364 0.006570 0.164834
vn 0.294422 0.343339 0.891871
v -0.041867 0.020195 0.149788
vn -0.225031 0.708672 0.668689
v -0.020366 0.013080 0.154072
vn -0.210353 0.358881 0.909371
v -0.026041 0.020000 0.146820
vn 0.763318 0.558642 -0.324445
v -0.074365 0.028714 0.170209
vn 0.702014 0.199040 -0.683783
v -0.061061 0.027623 0.188961
vn -0.313002 0.157879 0.936538
v -0.065742 0.038577 0.159672
vn 0.841038 -0.210849 -0.498195
v -0.073249 0.041920 0.174296
vn -0.007611 0.836358 0.548130
v -0.070802 0.026078 0.154572
vn 0.899191 0.280564 -0.335766
v -0.082496 0.032412 0.155786
vn -0.264869 -0.855372 -0.445177
v -0.102062 -0.001324 0.161101
vn 0.899614 0.345314 -0.267307
v -0.010389 0.040465 0.128058
vn 0.780711 0.586245 -0.216351
v -0.006988 0.083641 0.199332
vn 0.971088 0.187881 0.147268
v 0.014650 0.064968 0.277689
vn 0.344965 0.455867 -0.820478
v -0.074763 0.074175 0.141379
vn 0.736294 0.674412 -0.055124
v -0.091045 0.100010 0.155700
vn 0.966254 0.249398 -0.064444
v -0.001714 0.056423 0.192688
vn 0.436898 0.872466 0.218914
v -0.034290 0.109347 0.294579
vn 0.209946 0.977711 0.002114
v -0.075341 0.124962 0.274544
vn -0.938044 0.336208 0.083897
v -0.169550 0.084987 0.261825
vn -0.946292 0.318741 -0.054176
v -0.170738 0.081773 0.244841
vn -0.343852 0.412554 0.843543
v -0.115769 0.094364 0.327386
vn -0.508811 0.514815 0.689984
v -0.127233 0.100702 0.316281
vn -0.088081 0.485199 0.869956
v -0.094010 0.095078 0.332213
vn 0.217900 0.673088 0.706733
v -0.067773 0.105022 0.321548
vn 0.015794 0.707573 0.706463
v -0.090965 0.110628 0.320729
vn 0.333727 0.806534 0.487984
v -0.042103 0.107220 0.307777
vn 0.223148 0.854915 0.468322
v -0.070369 0.115041 0.310814
vn 0.081491 0.863780 0.497236
v -0.087590 0.118916 0.309720
vn 0.154026 0.942418 0.296857
v -0.084594 0.122301 0.299909
vn -0.187626 0.951138 0.245220
v -0.115123 0.126682 0.284298
vn -0.283545 0.891079 0.354372
v -0.119052 0.122743 0.293660
vn -0.600447 0.721151 0.345549
v -0.143009 0.114706 0.282313
vn -0.426390 0.753101 0.501030
v -0.126471 0.116401 0.301318
vn -0.727357 0.546032 0.415694
v -0.153998 0.099211 0.289303
vn -0.604677 0.581388 0.544385
v -0.140148 0.104028 0.302272
vn 0.006422 0.977464 -0.211006
v -0.115107 0.124241 0.223720
vn 0.116834 0.985488 -0.123138
v -0.108212 0.128666 0.249809
vn -0.054146 0.966893 -0.249371
v -0.116306 0.114732 0.188337
vn 0.172981 0.915154 -0.364103
v -0.087278 0.104364 0.183074
vn -0.869801 0.491113 0.047477
v -0.165004 0.095390 0.259280
vn -0.882380 0.461373 -0.092416
v -0.165797 0.091994 0.241919
vn -0.897122 0.383325 -0.219624
v -0.165126 0.084961 0.215326
vn -0.834959 0.476914 -0.274584
v -0.159935 0.092496 0.210886
vn -0.695718 0.698507 0.167526
v -0.152181 0.110892 0.269381
vn -0.740180 0.672091 0.020671
v -0.155830 0.108597 0.253976
vn -0.789128 0.603290 -0.115404
v -0.155634 0.107695 0.237478
vn -0.488464 0.852838 0.184580
v -0.137862 0.122912 0.267317
vn -0.527251 0.848873 -0.037710
v -0.141224 0.121131 0.248466
vn -0.622003 0.772783 -0.126169
v -0.146364 0.116016 0.233829
vn -0.435056 0.877416 -0.202158
v -0.137557 0.120582 0.229002
vn -0.646797 0.716650 -0.260897
v -0.149339 0.105022 0.203931
vn -0.214312 0.944840 -0.247686
v -0.126926 0.121520 0.217016
vn -0.109516 0.645331 -0.756012
v -0.065276 0.092233 0.146963
vn -0.494973 0.670904 0.552169
v -0.085060 0.122803 0.235195
vn 0.871870 0.384938 -0.302763
v -0.087796 0.123970 0.221575
vn 0.205721 0.912809 -0.352787
v -0.074955 0.115695 0.212247
vn 0.081616 0.981486 -0.173277
v -0.092731 0.121067 0.220526
vn -0.278149 0.545419 0.790665
v -0.090339 0.136962 0.244822
vn 0.598903 0.798722 -0.057949
v -0.079661 0.113314 0.208185
vn -0.821563 0.520510 0.232600
v -0.161302 0.097727 0.274257
vn -0.678920 0.391638 0.621037
v -0.149038 0.087663 0.305779
vn -0.892518 0.353044 0.280661
v -0.165980 0.086617 0.277084
vn 0.389130 0.205194 0.898039
v -0.037208 0.066264 0.331581
vn -0.170543 0.201407 0.964547
v -0.097419 0.072401 0.339716
vn 0.572345 0.819896 0.013846
v -0.010984 0.099327 0.266382
vn 0.372356 0.928074 -0.005409
v -0.036835 0.112680 0.278078
vn 0.250366 0.933686 -0.256022
v -0.104571 0.113715 0.185716
vn -0.898633 0.256947 -0.355579
v -0.163346 0.077618 0.203308
vn 0.308369 0.431340 0.847853
v -0.046117 0.085435 0.328736
vn 0.206022 0.221228 0.953212
v -0.060074 0.071774 0.337121
vn 0.138182 0.466921 0.873436
v -0.075200 0.091627 0.333030
vn 0.051483 0.273274 0.960558
v -0.081210 0.076181 0.339198
vn -0.014431 0.964747 0.262783
v -0.102693 0.126680 0.290311
vn -0.110170 0.881648 0.458868
v -0.101885 0.121018 0.305284
vn -0.188455 0.747476 0.636996
v -0.106331 0.113005 0.316050
vn -0.300134 0.609239 0.733994
v -0.112080 0.105071 0.321763
vn 0.497066 0.369132 0.785282
v -0.023323 0.080184 0.320204
vn 0.429461 0.611271 0.664764
v -0.029336 0.094561 0.314648
vn 0.506776 0.754889 0.416317
v -0.028976 0.103401 0.302799
vn 0.645209 0.526759 0.553381
v -0.007234 0.083503 0.304457
vn 0.646578 0.719585 0.253248
v -0.011685 0.096084 0.289132
vn 0.626610 0.164944 0.761678
v -0.009317 0.058292 0.318002
vn -0.045515 0.998964 -0.000444
v -0.117993 0.129845 0.259706
vn -0.364071 0.891891 -0.268296
v -0.128054 0.113139 0.191372
vn -0.235467 0.962219 -0.136709
v -0.125176 0.126587 0.239174
vn 0.126116 0.981277 0.145566
v -0.093979 0.127378 0.284985
vn 0.274555 0.936059 0.220031
v -0.053623 0.117070 0.291757
vn -0.330201 0.940728 0.077450
v -0.130704 0.126658 0.261970
vn -0.814527 0.361167 0.453987
v -0.158965 0.087644 0.291679
vn 0.209212 -0.028697 -0.977449
v -0.021015 0.035178 0.114722
vn 0.741733 0.552992 -0.379515
v -0.018106 0.069212 0.157925
vn 0.775547 0.627490 0.069157
v 0.002440 0.043838 0.198336
vn 0.234070 0.543693 -0.805984
v -0.028144 0.051588 0.121217
vn 0.399403 0.884371 -0.241589
v -0.031019 0.101527 0.206747
vn 0.924549 0.162853 -0.344512
v 0.013272 0.068641 0.237650
vn 0.541372 0.823891 -0.167689
v -0.022063 0.100353 0.230629
vn -0.147290 0.901110 -0.407806
v -0.072933 0.101986 0.163486
vn 0.276246 0.910951 -0.306360
v -0.068664 0.107865 0.195531
vn 0.450570 0.845468 -0.286654
v -0.045108 0.091294 0.155606
vn -0.324432 0.048161 -0.944682
v -0.045363 0.031768 0.124524
vn 0.807421 0.379618 0.451622
v 0.003926 0.070913 0.299781
vn 0.226694 0.894282 -0.385836
v -0.057434 0.096236 0.152930
vn 0.419488 0.738571 -0.527772
v -0.047898 0.088606 0.145656
vn 0.851867 0.394297 -0.344751
v -0.014635 0.049289 0.139090
vn 0.709137 0.645040 -0.284690
v 0.003238 0.083556 0.234277
vn 0.924933 -0.130164 -0.357149
v -0.000696 0.037377 0.156896
vn 0.073163 0.906300 -0.416255
v -0.097282 0.118502 0.204321
vn 0.326858 0.938185 -0.113900
v -0.071986 0.121379 0.247534
vn 0.858955 0.507922 0.064899
v -0.072027 0.125789 0.239609
vn 0.690562 0.721082 -0.056252
v -0.084382 0.126798 0.208314
vn -0.256239 0.762283 -0.594362
v -0.085062 0.116492 0.191891
vn -0.723149 0.656054 -0.215984
v -0.101818 0.132283 0.224245
vn 0.532315 0.801852 -0.271430
v -0.088579 0.133385 0.226293
vn 0.957265 0.112880 -0.266273
v -0.001296 0.068016 0.215730
vn 0.614117 -0.245586 -0.750032
v -0.001653 0.064031 0.227239
vn 0.926980 0.142932 -0.346813
v 0.002838 0.036715 0.178586
vn 0.904047 -0.001442 -0.427431
v 0.016019 0.048594 0.237234
vn 0.795321 0.594016 0.120866
v 0.005637 0.082488 0.276213
vn 0.920402 0.305013 -0.244598
v -0.008741 0.048570 0.219946
vn -0.716377 -0.695444 -0.056223
v -0.010913 0.050580 0.169289
vn -0.468598 -0.434186 0.769350
v -0.012098 0.041911 0.152501
vn -0.281090 0.086125 0.955809
v -0.008447 0.028485 0.155752
vn -0.495265 -0.866839 0.057480
v -0.018892 0.055963 0.169881
vn -0.674175 -0.207679 -0.708772
v -0.015062 0.038462 0.184017
vn -0.241446 -0.970383 0.007805
v -0.032142 0.062473 0.174419
vn 0.184310 -0.956524 0.226033
v -0.048994 0.059696 0.168482
vn -0.171660 -0.800022 0.574889
v -0.031504 0.057746 0.158340
vn -0.332534 -0.348546 -0.876320
v -0.031752 0.049416 0.191643
vn 0.240604 -0.225104 0.944160
v -0.038090 0.043161 0.147678
vn -0.547108 -0.694919 -0.466648
v -0.019073 0.054221 0.176736
vn -0.203315 -0.157891 0.966299
v -0.022131 0.037405 0.145967
vn 0.315860 0.035184 0.948153
v -0.058796 0.038411 0.159125
vn 0.089598 -0.277108 0.956652
v -0.054754 0.049945 0.156027
vn 0.130842 -0.527504 -0.839416
v -0.042058 0.053877 0.191969
vn 0.263991 -0.149820 -0.952818
v -0.050220 0.038803 0.195120
vn -0.009477 -0.904552 -0.426259
v -0.042126 0.063094 0.182139
vn 0.590428 -0.552353 -0.588474
v -0.064191 0.048112 0.182322
vn 0.627875 -0.694742 -0.350866
v -0.068750 0.052379 0.169393
vn -0.493696 -0.286169 0.821201
v -0.064976 0.050158 0.152837
vn 0.449280 -0.893168 0.019966
v -0.076714 0.051143 0.154071
vn 0.840404 -0.407990 -0.356742
v -0.079175 0.046829 0.154115
vn 0.573319 0.737296 -0.357353
v -0.028241 0.084015 0.169218
vn 0.580879 0.797459 -0.163216
v -0.094993 0.105415 0.172364
vn 0.870184 -0.111472 0.479952
v 0.010534 0.037963 0.296542
vn -0.408221 0.208670 0.888714
v -0.119563 0.073823 0.333592
vn -0.664877 0.233305 0.709582
v -0.145625 0.075328 0.314898
vn 0.514024 -0.472805 -0.715705
v -0.306161 -0.042040 0.089505
vn -0.696916 0.663070 0.273214
v -0.337132 0.114072 0.034137
vn -0.795058 0.595937 0.112882
v -0.344227 0.113417 0.009544
vn -0.901423 0.432820 0.010185
v -0.350725 0.104423 -0.002888
vn -0.691202 0.722280 0.023491
v -0.334478 0.125080 -0.005159
vn -0.595097 0.803244 0.025683
v -0.323141 0.134827 -0.017521
vn -0.445627 0.895214 -0.002747
v -0.309312 0.143319 -0.022893
vn -0.498573 0.858382 0.120852
v -0.318027 0.143086 -0.055349
vn -0.573081 0.796967 0.190848
v -0.328927 0.133508 -0.042837
vn -0.763835 0.575826 0.291514
v -0.362538 0.035951 0.128979
vn -0.817829 0.574083 -0.039810
v -0.362303 0.037907 0.111933
vn 0.052050 -0.976763 -0.207908
v -0.274558 -0.042393 0.106737
vn 0.282342 -0.823016 -0.492877
v -0.291819 -0.044780 0.107442
vn 0.617590 -0.778573 0.111381
v -0.259572 -0.035202 0.114558
vn -0.729146 -0.683669 0.030707
v -0.281819 -0.036142 0.077693
vn -0.487465 -0.861468 -0.142305
v -0.280281 -0.038402 0.088138
vn -0.311506 -0.843082 -0.438379
v -0.301855 -0.012355 0.066236
vn 0.045122 -0.778726 -0.625739
v -0.312128 -0.012038 0.066967
vn -0.284362 -0.902165 -0.324401
v -0.311400 -0.006266 0.056125
vn 0.501274 -0.374967 -0.779823
v -0.317653 -0.033819 0.079217
vn 0.297534 -0.484968 -0.822362
v -0.327739 -0.018337 0.067793
vn 0.053210 -0.978530 0.199119
v -0.264686 -0.060694 0.024815
vn 0.230805 -0.943035 0.239613
v -0.240969 -0.062978 -0.002171
vn 0.198794 -0.956487 0.213574
v -0.240140 -0.067852 -0.026028
vn -0.369744 -0.100168 -0.923718
v -0.354124 -0.006406 0.061514
vn 0.198818 -0.567423 -0.799063
v -0.313904 -0.020398 0.074836
vn -0.544717 -0.490406 -0.680283
v -0.351972 0.001911 0.058432
vn -0.124811 -0.508380 -0.852040
v -0.341020 -0.007791 0.059235
vn 0.424519 -0.649646 -0.630669
v -0.302526 -0.033001 0.085325
vn -0.833680 -0.186062 -0.519960
v -0.358672 0.008692 0.063116
vn -0.673877 -0.700333 -0.235421
v -0.352209 0.010155 0.047156
vn -0.110676 -0.840167 -0.530915
v -0.328042 -0.000773 0.050459
vn 0.747632 -0.614045 0.252971
v -0.239930 -0.019602 0.095208
vn 0.640307 -0.721531 0.263440
v -0.247285 -0.028740 0.093078
vn -0.386517 -0.918109 -0.087641
v -0.348072 0.008843 -0.012266
vn -0.355260 -0.934433 -0.025006
v -0.325970 0.005626 -0.023782
vn -0.505088 -0.854698 -0.119907
v -0.348784 0.011048 -0.028847
vn 0.839992 -0.248914 0.482136
v -0.242017 0.000636 0.129604
vn -0.937550 0.346827 -0.026676
v -0.353448 0.097583 -0.013510
vn -0.962350 0.271800 -0.002738
v -0.359040 0.081860 -0.003717
vn -0.561452 -0.827086 0.026485
v -0.320821 0.002989 -0.035377
vn -0.648414 -0.760851 0.025784
v -0.314951 -0.001495 -0.013613
vn -0.255530 -0.951301 -0.172425
v -0.324129 0.005437 0.033556
vn -0.853451 -0.512376 -0.095352
v -0.361270 0.021135 -0.026605
vn -0.872962 -0.484231 -0.058804
v -0.360273 0.016515 -0.010315
vn -0.999761 -0.020868 0.006555
v -0.366146 0.046857 -0.029692
vn -0.999023 -0.040476 -0.017770
v -0.365217 0.037167 -0.011483
vn -0.976628 0.214449 0.014440
v -0.361897 0.071474 -0.026364
vn -0.982886 0.183777 0.012714
v -0.363872 0.062752 -0.011464
vn -0.997802 0.028724 0.059722
v -0.364782 0.045528 0.004034
vn -0.999330 -0.036494 -0.002891
v -0.362478 0.027095 0.062009
vn -0.986245 0.150202 0.068989
v -0.362868 0.050697 0.044974
vn -0.949165 0.266579 0.167396
v -0.359125 0.061233 0.056603
vn -0.968310 0.190502 0.161509
v -0.361298 0.046893 0.061636
vn -0.975442 0.211845 0.060288
v -0.361045 0.038761 0.076594
vn -0.949873 0.297998 -0.094549
v -0.363668 0.027546 0.088375
vn -0.980803 0.028444 -0.192916
v -0.363504 0.018170 0.073653
vn -0.861551 0.420232 -0.284841
v -0.369094 0.015095 0.091505
vn -0.875525 0.278397 -0.394906
v -0.367065 0.008246 0.078432
vn -0.884181 0.386995 0.261645
v -0.351188 0.074295 0.071340
vn -0.891958 0.376184 0.250791
v -0.352295 0.062869 0.081721
vn -0.912539 0.387019 0.132247
v -0.355263 0.050423 0.091712
vn -0.880359 0.472831 -0.037398
v -0.360060 0.038365 0.101863
vn 0.036017 0.360980 0.931878
v -0.312016 0.038838 0.159919
vn 0.162306 0.470366 0.867417
v -0.296914 0.047014 0.154003
vn 0.042908 0.475565 0.878634
v -0.277424 0.059858 0.141448
vn -0.129031 0.475844 0.870013
v -0.276684 0.085852 0.129742
vn -0.634871 0.676058 0.374011
v -0.350684 0.049024 0.130948
vn -0.582809 0.780220 0.227135
v -0.332906 0.067938 0.115877
vn -0.519918 0.766049 0.377962
v -0.336707 0.061453 0.129045
vn -0.750900 0.633481 0.186683
v -0.344809 0.061321 0.104087
vn -0.791461 0.518640 0.323423
v -0.346964 0.064265 0.094690
vn -0.735511 0.560925 0.379982
v -0.341386 0.082541 0.081983
vn -0.649555 0.662456 0.373135
v -0.325439 0.101013 0.079402
vn -0.651988 0.588406 0.478215
v -0.330744 0.084482 0.096484
vn -0.653013 0.626635 0.425327
v -0.336597 0.069155 0.104685
vn -0.592290 0.579412 0.559887
v -0.324601 0.081539 0.106429
vn -0.482308 0.636716 0.601640
v -0.301721 0.098408 0.110339
vn -0.499252 0.719698 0.482475
v -0.319497 0.074622 0.119038
vn -0.439412 0.830133 0.343214
v -0.324985 0.069850 0.124615
vn -0.563745 0.646004 0.514656
v -0.342697 0.050238 0.139271
vn -0.661413 0.569346 0.488241
v -0.355185 0.038345 0.139073
vn -0.320674 0.577648 0.750661
v -0.289024 0.094729 0.121893
vn -0.288625 0.722164 0.628630
v -0.309113 0.075234 0.126581
vn -0.174509 0.719231 0.672498
v -0.318015 0.060617 0.142620
vn -0.372058 0.652540 0.660125
v -0.332160 0.049652 0.147603
vn -0.520712 0.590650 0.616435
v -0.344347 0.039032 0.149384
vn -0.145680 0.482238 0.863842
v -0.287881 0.075857 0.132905
vn -0.050038 0.647512 0.760411
v -0.295429 0.065899 0.138551
vn -0.184251 0.619052 0.763430
v -0.321459 0.048341 0.153609
vn -0.336099 0.519726 0.785444
v -0.334405 0.037779 0.157531
vn 0.220924 0.177438 0.959014
v -0.287886 0.017457 0.160916
vn 0.364304 0.205145 0.908404
v -0.272216 0.024844 0.154913
vn 0.459099 0.064837 0.886016
v -0.249972 0.035358 0.140950
vn 0.136858 0.233502 0.962677
v -0.300083 0.026429 0.161311
vn 0.279630 0.302771 0.911118
v -0.282086 0.033676 0.155062
vn 0.288985 0.214862 0.932910
v -0.262497 0.041520 0.145011
vn 0.168649 0.277504 0.945806
v -0.269326 0.051573 0.143994
vn -0.920570 -0.370579 -0.123375
v -0.358819 0.016506 0.052033
vn 0.407948 -0.892048 0.194494
v -0.257952 -0.038087 0.090004
vn 0.527634 -0.747146 0.404197
v -0.243208 -0.033193 0.076232
vn 0.397769 -0.852238 0.339809
v -0.257249 -0.041256 0.079902
vn 0.400488 -0.915560 0.036882
v -0.261418 -0.037991 0.100854
vn -0.734207 -0.649097 0.199032
v -0.281699 -0.037653 0.067565
vn -0.483772 -0.828331 0.282548
v -0.273806 -0.041652 0.075379
vn 0.034472 -0.972024 0.232338
v -0.265010 -0.040814 0.083703
vn 0.046406 -0.891434 0.450767
v -0.266038 -0.047718 0.072268
vn 0.652035 -0.359935 0.667306
v -0.262987 -0.025539 0.146352
vn -0.049636 -0.967615 0.247504
v -0.266186 -0.057812 0.043258
vn -0.444738 -0.844140 0.299391
v -0.275736 -0.054593 0.047631
vn -0.792066 -0.597322 0.125848
v -0.281829 -0.052113 0.034877
vn -0.793568 -0.600614 0.097529
v -0.293344 -0.021032 0.063291
vn -0.888312 -0.455887 0.055399
v -0.294524 -0.024230 0.038988
vn -0.705293 -0.706517 -0.058268
v -0.303761 -0.009738 0.051367
vn -0.831149 -0.552346 0.064069
v -0.302316 -0.008643 0.026724
vn -0.702531 -0.696383 0.146628
v -0.309076 -0.003777 0.013525
vn -0.407525 -0.877881 -0.251493
v -0.311771 -0.001398 0.040713
vn -0.362147 -0.915007 0.177796
v -0.275066 -0.058775 0.034322
vn -0.831569 -0.550499 0.073785
v -0.284672 -0.050586 0.013499
vn -0.894650 -0.426064 0.134426
v -0.292992 -0.036724 0.010191
vn -0.871484 -0.467299 0.148822
v -0.303891 -0.012609 0.006616
vn -0.349337 -0.931902 0.097582
v -0.270460 -0.063969 0.000918
vn -0.663650 -0.745452 0.062211
v -0.279005 -0.058351 0.003433
vn -0.865229 -0.501325 -0.007222
v -0.293996 -0.039012 -0.022575
vn 0.783175 -0.343944 0.518016
v -0.250048 -0.018229 0.134289
vn 0.654466 -0.598465 0.462076
v -0.232664 -0.016790 0.086754
vn 0.563785 -0.822454 0.075610
v -0.266012 -0.039685 0.124233
vn 0.862381 -0.402489 0.307085
v -0.243320 -0.015766 0.123318
vn 0.353025 -0.860149 0.368128
v -0.242147 -0.045439 0.050409
vn 0.606167 -0.731078 0.313188
v -0.162182 -0.027003 -0.009975
vn 0.534464 -0.727964 0.429438
v -0.166239 -0.015938 0.016646
vn -0.457268 -0.883984 0.097360
v -0.330164 0.007004 -0.056054
vn -0.580340 -0.812411 -0.056517
v -0.350379 0.015079 -0.054387
vn -0.900302 -0.434558 -0.024829
v -0.362025 0.027896 -0.051366
vn -0.987069 0.034657 0.156502
v -0.368167 0.061175 -0.070174
vn -0.998743 0.015946 0.047525
v -0.365746 0.052383 -0.050128
vn -0.978545 0.199916 0.049833
v -0.363058 0.067430 -0.049182
vn -0.944396 0.321549 0.068713
v -0.356636 0.092399 -0.047024
vn -0.834572 0.550443 0.022403
v -0.347194 0.110129 -0.021492
vn -0.169863 0.648615 0.741920
v -0.265138 0.114451 0.113828
vn -0.113744 0.515991 0.849009
v -0.254788 0.103572 0.122455
vn -0.610749 0.724740 0.318962
v -0.324298 0.117798 0.046794
vn -0.490262 0.702357 0.516079
v -0.297638 0.110276 0.099420
vn -0.337008 0.713809 0.613924
v -0.276072 0.118566 0.106028
vn -0.584907 0.768737 0.258702
v -0.312420 0.131491 0.037176
vn -0.456223 0.860640 0.226184
v -0.299707 0.143000 0.025612
vn -0.551205 0.815905 0.174560
v -0.317757 0.135942 0.005431
vn -0.374933 0.924066 0.074346
v -0.301396 0.146889 -0.003301
vn -0.273753 0.960663 0.046761
v -0.286766 0.150613 -0.014192
vn -0.280439 0.936733 0.209488
v -0.291715 0.146668 0.023773
vn -0.203761 0.950835 0.233228
v -0.274729 0.143722 0.050975
vn -0.665103 0.742544 0.079159
v -0.337808 0.131427 -0.073079
vn -0.849523 0.499333 0.170228
v -0.353018 0.111283 -0.081957
vn -0.851957 0.512587 0.106884
v -0.347632 0.115321 -0.061934
vn -0.250360 0.959854 0.126491
v -0.275308 0.150665 0.015202
vn -0.631419 -0.759609 0.155898
v -0.322070 0.002385 -0.055313
vn -0.763557 -0.643082 0.058533
v -0.313405 -0.003773 -0.035919
vn -0.937285 0.307616 0.163917
v -0.360632 0.087637 -0.067206
vn 0.552865 -0.640879 0.532554
v -0.227481 -0.026207 0.070003
vn 0.659738 -0.557465 0.503962
v -0.227670 -0.011629 0.085661
vn 0.458323 -0.773664 0.437475
v -0.224055 -0.035221 0.054454
vn 0.499845 -0.825224 0.262983
v -0.179824 -0.049167 -0.032545
vn 0.353110 -0.883639 0.307402
v -0.224998 -0.054046 0.011042
vn 0.387961 -0.898888 0.203683
v -0.191556 -0.057548 -0.042126
vn 0.502553 -0.760824 0.410595
v -0.200515 -0.030633 0.035593
vn 0.489115 -0.653142 0.578076
v -0.212199 -0.006843 0.073729
vn 0.485937 -0.796188 0.360485
v -0.178531 -0.040812 -0.013317
vn 0.424956 -0.833039 0.354200
v -0.216601 -0.043736 0.026996
vn -0.838727 -0.542710 0.044768
v -0.305430 -0.016995 -0.038817
vn -0.753543 -0.631962 0.181096
v -0.312546 -0.008265 -0.055530
vn -0.068839 0.570416 0.818466
v -0.245102 0.112909 0.118323
vn -0.404678 0.854835 0.324797
v -0.295252 0.134560 0.057141
vn -0.468830 0.772531 0.428247
v -0.291051 0.122338 0.088138
vn -0.390463 0.831207 0.395769
v -0.284805 0.131582 0.077160
vn -0.263042 0.831028 0.490103
v -0.274724 0.127471 0.093705
vn -0.413896 0.759593 0.501706
v -0.282666 0.120841 0.098488
vn -0.143968 0.766819 0.625509
v -0.254988 0.124149 0.106961
vn -0.158017 0.899863 0.406543
v -0.266887 0.132829 0.086566
vn -0.205434 0.895779 0.394180
v -0.251153 0.136861 0.081203
vn -0.056713 0.825089 0.562150
v -0.236062 0.135480 0.095428
vn -0.235538 0.881284 0.409707
v -0.238692 0.141141 0.082702
vn -0.235912 0.916654 0.322631
v -0.277300 0.138893 0.065821
vn -0.229616 0.925918 0.299922
v -0.263836 0.146429 0.047405
vn -0.165500 0.785125 0.596815
v -0.245401 0.123959 0.108663
vn 0.527606 -0.739318 0.418380
v -0.181245 -0.025760 0.018259
vn 0.488824 -0.767641 0.414462
v -0.179006 -0.010390 0.038400
vn 0.423403 -0.735949 0.528308
v -0.182117 -0.006403 0.054346
vn 0.556748 -0.639468 0.530200
v -0.198680 -0.020904 0.049496
vn 0.540694 -0.760580 0.359399
v -0.154878 -0.004001 0.022358
vn -0.743166 0.654217 0.140370
v -0.339564 0.121870 -0.033214
vn -0.908600 0.414918 0.047856
v -0.351684 0.103230 -0.033743
vn -0.680579 0.721503 0.127455
v -0.333793 0.132198 -0.056679
vn -0.946026 0.323856 0.012346
v -0.358912 0.082325 -0.021370
vn -0.401459 0.909867 0.104755
v -0.304269 0.146157 -0.036913
vn -0.581427 0.811667 0.056025
v -0.322751 0.134375 -0.029534
vn -0.679296 0.728344 0.089844
v -0.336243 0.121573 -0.023361
vn -0.922949 0.378795 0.068410
v -0.355653 0.092824 0.005802
vn -0.771533 0.559411 0.302979
v -0.342582 0.100185 0.048259
vn -0.449708 -0.890355 0.070935
v -0.319142 0.003995 0.016290
vn -0.586186 -0.809769 -0.025684
v -0.309823 -0.000323 0.028781
vn -0.927851 0.337000 0.159762
v -0.355793 0.076082 0.044226
vn -0.874826 0.446706 0.187436
v -0.351298 0.095814 0.027902
vn -0.984509 0.164966 0.059395
v -0.361311 0.061438 0.032720
vn -0.964125 0.250363 0.088217
v -0.359757 0.076112 0.018990
vn -0.998736 -0.039606 0.030939
v -0.363670 0.032157 0.026056
vn -0.987717 0.142910 0.063184
v -0.361935 0.064412 0.007986
vn -0.914003 -0.405024 0.023542
v -0.362884 0.022606 0.015583
vn -0.969162 -0.246415 0.002253
v -0.364471 0.028445 0.002230
vn -0.553467 -0.832794 0.011353
v -0.354815 0.013098 0.024576
vn -0.701809 -0.712207 0.015018
v -0.356632 0.012903 0.011888
vn -0.225046 -0.972691 -0.056800
v -0.344199 0.008405 0.029617
vn -0.274070 -0.961511 0.019532
v -0.346631 0.007488 0.004074
vn -0.151505 -0.988252 0.020096
v -0.331297 0.006876 0.022277
vn -0.289508 -0.956857 0.024681
v -0.327782 0.005383 0.000562
vn -0.591293 0.784175 0.188259
v -0.330645 0.124553 0.017726
vn -0.567107 0.669724 0.479437
v -0.316128 0.098947 0.096449
vn -0.519448 0.773607 0.362913
v -0.304900 0.127549 0.062239
vn -0.609268 0.714453 0.344021
v -0.317044 0.117830 0.061643
vn -0.051315 0.662702 0.747123
v -0.310790 0.056385 0.147648
vn -0.397107 0.749610 0.529520
v -0.327417 0.062061 0.136470
vn -0.658524 0.733801 0.166977
v -0.343897 0.058574 0.121231
vn -0.767170 0.636288 0.081167
v -0.356919 0.044929 0.121740
vn -0.844945 0.534161 -0.027204
v -0.368583 0.028805 0.116578
vn -0.731689 0.667415 0.138523
v -0.352385 0.051194 0.112918
vn 0.436305 0.089684 0.895318
v -0.267130 0.015528 0.153875
vn 0.288760 0.136707 0.947591
v -0.291307 0.002953 0.163936
vn 0.608620 0.038091 0.792547
v -0.245544 0.023673 0.139193
vn 0.678249 -0.112183 0.726219
v -0.254411 0.004914 0.146390
vn 0.498775 -0.025838 0.866346
v -0.267414 -0.004010 0.155101
vn 0.686003 -0.447463 0.573739
v -0.222242 0.014156 0.106625
vn -0.895882 -0.429365 0.114195
v -0.287944 -0.041835 0.027959
vn -0.909225 -0.395440 0.130145
v -0.298200 -0.019118 0.020572
vn 0.480570 -0.595594 0.643678
v -0.200789 -0.000990 0.073017
vn 0.284721 -0.907918 0.307602
v -0.241350 -0.056532 0.019781
vn 0.313304 -0.912954 0.261447
v -0.257106 -0.057013 0.031792
vn 0.395945 -0.859008 0.324549
v -0.252594 -0.047211 0.055425
vn -0.042811 -0.934839 0.352482
v -0.267652 -0.053444 0.060675
vn -0.842062 -0.525243 0.122683
v -0.296577 -0.019585 0.050191
vn -0.798094 -0.554127 0.236620
v -0.282515 -0.039723 0.059289
vn -0.578488 -0.748018 0.325302
v -0.274901 -0.048496 0.060307
vn 0.036554 -0.818449 -0.573416
v -0.294156 -0.025959 0.087746
vn -0.168097 -0.827031 -0.536435
v -0.288318 -0.036925 0.097288
vn -0.457956 -0.844335 -0.278165
v -0.294026 -0.019020 0.074221
vn 0.693781 -0.673520 0.255027
v -0.257444 -0.032473 0.129252
vn -0.143364 -0.989426 -0.021977
v -0.334816 0.006595 0.000647
vn -0.232660 -0.969862 -0.072373
v -0.335770 0.008273 -0.029010
vn -0.388217 -0.921568 0.000189
v -0.338248 0.010129 -0.056180
vn -0.687779 -0.682445 0.247445
v -0.321709 -0.006822 -0.076420
vn -0.628091 -0.748148 0.213953
v -0.330497 0.002209 -0.075070
vn -0.570343 -0.815144 0.101236
v -0.342724 0.010207 -0.078585
vn -0.938175 -0.332336 0.096849
v -0.366693 0.036897 -0.074205
vn -0.716582 -0.696059 0.044859
v -0.357117 0.020750 -0.076714
vn 0.442251 -0.829504 0.341083
v -0.204321 -0.048202 -0.000216
vn 0.804205 -0.448073 0.390493
v -0.234484 -0.001886 0.108030
vn -0.793495 -0.608247 -0.020064
v -0.294670 -0.033533 -0.062279
vn -0.813578 -0.574427 0.090130
v -0.307942 -0.008901 -0.006196
vn -0.872780 -0.482004 0.076989
v -0.293163 -0.039612 -0.002868
vn -0.699808 -0.699481 0.144893
v -0.302605 -0.025467 -0.074927
vn 0.345963 -0.894263 0.283907
v -0.210201 -0.055766 -0.013608
vn 0.784322 -0.240089 0.572011
v -0.233999 0.016781 0.126269
vn 0.445756 -0.738823 0.505413
v -0.197875 -0.009652 0.059279
vn -0.313629 -0.866182 -0.389058
v -0.340335 0.004463 0.045701
vn -0.854032 0.461590 -0.239923
v -0.384280 0.000675 0.107897
vn -0.918743 0.389685 -0.063697
v -0.391278 -0.012299 0.110408
vn -0.862038 0.361325 0.355435
v -0.381602 -0.005295 0.142531
vn -0.749076 0.421665 0.510964
v -0.373840 0.003551 0.149038
vn -0.477728 0.230053 0.847851
v -0.368856 -0.005122 0.156966
vn -0.308858 0.218338 0.925708
v -0.351824 0.002904 0.161750
vn -0.168428 0.209178 0.963264
v -0.339460 -0.009688 0.168400
vn 0.278839 -0.310192 0.908862
v -0.309014 -0.043099 0.169466
vn 0.592757 -0.711474 0.377418
v -0.280330 -0.043849 0.146460
vn 0.251365 0.010963 0.967830
v -0.300142 -0.018111 0.170326
vn 0.545774 -0.464742 -0.697242
v -0.320585 -0.061365 0.093858
vn 0.613939 -0.462967 -0.639328
v -0.320257 -0.083507 0.108757
vn -0.084662 -0.127623 0.988203
v -0.345065 -0.052322 0.171088
vn -0.941029 0.305003 -0.146416
v -0.397766 -0.031933 0.106440
vn -0.863971 0.371903 -0.339472
v -0.391343 -0.016850 0.103662
vn -0.809350 0.356205 -0.466980
v -0.388029 -0.020153 0.094453
vn -0.631390 0.175227 -0.755409
v -0.375974 -0.038802 0.070769
vn 0.622588 -0.736675 -0.263996
v -0.298176 -0.055340 0.120687
vn 0.623455 -0.435981 0.649018
v -0.315820 -0.066142 0.156583
vn 0.858600 -0.512346 0.017551
v -0.306505 -0.069424 0.132163
vn 0.905771 -0.400127 0.139560
v -0.318815 -0.097409 0.137835
vn 0.890407 -0.430158 -0.148795
v -0.311257 -0.078166 0.118171
vn 0.797035 -0.470492 -0.378645
v -0.316382 -0.084758 0.114232
vn 0.778097 -0.546682 -0.309359
v -0.300802 -0.054489 0.111504
vn -0.895064 0.213047 0.391756
v -0.391132 -0.031633 0.139023
vn -0.386080 0.037695 -0.921695
v -0.366629 -0.044261 0.063201
vn 0.338661 -0.189850 -0.921556
v -0.350525 -0.053197 0.063050
vn -0.740105 0.292699 -0.605451
v -0.381048 -0.028391 0.079982
vn -0.934568 0.340384 -0.103544
v -0.401009 -0.044266 0.104589
vn -0.465936 0.103245 0.878774
v -0.362398 -0.034922 0.165502
vn -0.258958 0.157094 0.953028
v -0.346663 -0.024944 0.170058
vn -0.001422 0.005479 0.999984
v -0.323678 -0.031125 0.174069
vn -0.070558 -0.093934 0.993075
v -0.335909 -0.041964 0.173144
vn -0.487753 0.090272 0.868302
v -0.369399 -0.046476 0.162539
vn -0.732806 0.139140 0.666059
v -0.387081 -0.039569 0.148366
vn -0.705233 0.195319 -0.681540
v -0.371516 -0.025415 0.069217
vn -0.822255 0.406318 -0.398500
v -0.375772 0.002684 0.090909
vn -0.485114 0.103208 -0.868339
v -0.384092 -0.063026 0.071872
vn 0.518613 -0.317576 -0.793843
v -0.353281 -0.077850 0.068051
vn 0.748071 -0.397842 -0.531143
v -0.340124 -0.085476 0.088579
vn -0.843439 0.330382 -0.423625
v -0.394756 -0.036429 0.093745
vn -0.690421 0.253004 -0.677722
v -0.392915 -0.055356 0.079808
vn 0.652236 -0.384062 -0.653517
v -0.330764 -0.054354 0.078716
vn -0.810713 0.484424 0.328751
v -0.372949 0.017096 0.133625
vn -0.519685 0.378550 0.765916
v -0.356318 0.020007 0.155806
vn -0.180754 0.210382 0.960764
v -0.337422 0.007076 0.164937
vn -0.064800 0.198665 0.977923
v -0.323965 0.000767 0.168468
vn -0.932096 0.306709 0.192684
v -0.392004 -0.018531 0.125697
vn -0.878576 0.456732 0.139647
v -0.384359 0.000740 0.121947
vn 0.100903 0.192105 0.976173
v -0.310230 -0.005153 0.169742
vn -0.035779 0.166441 0.985402
v -0.322405 -0.017776 0.172746
vn -0.279123 0.061984 0.958253
v -0.349916 -0.037128 0.170392
vn -0.347201 0.034561 0.937154
v -0.359062 -0.049181 0.167947
vn 0.680670 -0.629049 0.375480
v -0.305281 -0.062709 0.147949
vn 0.629596 -0.776557 0.023852
v -0.300916 -0.061371 0.137093
vn -0.708395 0.299315 -0.639208
v -0.388812 -0.042619 0.081127
vn -0.566249 0.157045 -0.809135
v -0.380183 -0.050167 0.071457
vn -0.319934 -0.032472 -0.946883
v -0.372962 -0.068375 0.065747
vn 0.660269 -0.432496 -0.613996
v -0.327589 -0.075609 0.097007
vn 0.702367 -0.472431 -0.532437
v -0.304232 -0.054907 0.100578
vn 0.437646 -0.176079 0.881738
v -0.326419 -0.069294 0.163360
vn 0.519763 -0.415134 0.746666
v -0.287776 -0.034859 0.162347
vn -0.926712 0.301443 0.224360
v -0.400212 -0.047901 0.120664
vn -0.835072 0.307336 0.456288
v -0.397023 -0.056581 0.136569
vn -0.725714 0.213575 0.654007
v -0.380372 -0.015808 0.151421
vn 0.710581 -0.356730 -0.606481
v -0.346750 -0.083383 0.076735
vn 0.656906 -0.306592 -0.688822
v -0.344952 -0.069831 0.072164
vn 0.532070 -0.232411 -0.814178
v -0.342514 -0.050237 0.066331
vn 0.236368 -0.046947 -0.970529
v -0.349631 -0.030659 0.060484
vn 0.673981 -0.367147 -0.641056
v -0.337349 -0.063669 0.077032
vn 0.574687 -0.230442 -0.785259
v -0.334462 -0.046354 0.070755
vn 0.059252 -0.184038 -0.981132
v -0.362241 -0.072131 0.064092
vn -0.064134 -0.057161 -0.996303
v -0.358142 -0.049104 0.061561
vn -0.857972 0.465283 0.217704
v -0.405352 -0.058328 0.121783
vn -0.595714 0.162117 -0.786666
v -0.399617 -0.078135 0.078896
vn -0.815981 0.316713 -0.483599
v -0.405826 -0.068065 0.091126
vn -0.887389 0.420090 -0.189908
v -0.409338 -0.067415 0.102266
vn 0.635981 -0.462389 -0.617839
v -0.339536 -0.106262 0.106974
vn 0.735787 -0.474399 -0.483283
v -0.342088 -0.102321 0.100098
vn 0.710114 -0.432739 -0.555406
v -0.350247 -0.097852 0.082605
vn 0.891202 -0.449528 -0.060689
v -0.322937 -0.107154 0.130834
vn 0.473115 -0.388506 -0.790712
v -0.356223 -0.095302 0.073863
vn 0.076891 -0.246985 -0.965964
v -0.365254 -0.090029 0.067932
vn -0.244248 -0.079628 -0.966438
v -0.376228 -0.084136 0.067640
vn 0.841862 -0.388218 0.374907
v -0.310557 -0.072539 0.145800
vn 0.709595 -0.220626 0.669178
v -0.321192 -0.084004 0.157052
vn 0.104413 -0.060636 0.992684
v -0.340101 -0.067408 0.167572
vn -0.573797 0.193657 0.795773
v -0.384465 -0.067643 0.155389
vn -0.346796 0.151676 0.925596
v -0.371374 -0.070657 0.163805
vn 0.361529 -0.908858 -0.208024
v -0.278626 -0.046483 0.122063
vn 0.526576 -0.611634 -0.590441
v -0.297795 -0.034635 0.094726
vn -0.330714 0.085684 -0.939833
v -0.359959 -0.017115 0.062398
vn -0.715224 0.168955 -0.678166
v -0.364104 -0.001394 0.068287
vn 0.537024 -0.266041 -0.800517
v -0.326844 -0.038991 0.074554
vn 0.413258 0.009918 0.910560
v -0.285869 -0.013521 0.164761
vn 0.111074 0.225654 0.967855
v -0.307904 0.009399 0.166319
vn 0.008831 0.236234 0.971656
v -0.319633 0.019413 0.164267
vn -0.143103 0.253712 0.956635
v -0.333769 0.026644 0.161964
vn -0.801779 0.298053 -0.517991
v -0.376527 -0.006836 0.085624
vn -0.824646 0.523162 0.215084
v -0.370781 0.024449 0.125225
vn -0.833510 0.484357 -0.265819
v -0.370476 0.019857 0.101331
vn -0.637096 0.554555 0.535330
v -0.358736 0.026809 0.147049
vn -0.415261 0.419922 0.806984
v -0.345172 0.028953 0.157677
vn -0.725213 0.550498 0.413543
v -0.364012 0.028421 0.136679
vn 0.221221 -0.135365 -0.965783
v -0.343406 -0.019987 0.062189
vn -0.172397 0.167237 0.970727
v -0.360410 -0.071578 0.166979
vn -0.040469 0.247500 0.968042
v -0.357503 -0.086051 0.170852
vn 0.418358 0.010872 0.908217
v -0.341394 -0.096210 0.170220
vn 0.835132 -0.343916 0.429275
v -0.325645 -0.102816 0.151429
vn 0.855059 -0.480716 0.194388
v -0.340056 -0.136266 0.146849
vn -0.328512 -0.024686 -0.944177
v -0.390472 -0.089147 0.072378
vn -0.062954 -0.241863 -0.968266
v -0.379699 -0.098400 0.070750
vn 0.789216 -0.475914 -0.388128
v -0.327302 -0.112420 0.123268
vn -0.843215 0.522120 0.127983
v -0.411725 -0.068463 0.121735
vn -0.766178 0.294518 -0.571166
v -0.419270 -0.100195 0.089232
vn -0.639659 0.492750 0.589944
v -0.415084 -0.089087 0.142867
vn 0.677428 -0.567246 -0.468320
v -0.347431 -0.144670 0.128572
vn 0.592834 -0.471891 -0.652585
v -0.365712 -0.123247 0.086321
vn 0.074159 -0.219394 -0.972814
v -0.384222 -0.116451 0.074640
vn 0.600363 -0.237027 0.763794
v -0.350575 -0.123299 0.172645
vn 0.351971 0.012112 0.935933
v -0.359912 -0.116836 0.178932
vn -0.993818 0.086569 -0.069505
v -0.472175 -0.211627 0.161914
vn -0.986564 0.072303 -0.146506
v -0.470318 -0.217989 0.143734
vn -0.940355 0.326718 -0.094805
v -0.470653 -0.202877 0.159704
vn -0.935353 0.259928 -0.239900
v -0.466992 -0.204398 0.140152
vn -0.655863 0.039765 -0.753832
v -0.459328 -0.216186 0.119021
vn -0.500757 -0.158875 -0.850882
v -0.455342 -0.227186 0.115648
vn -0.119845 -0.280634 -0.952303
v -0.439864 -0.217075 0.109393
vn 0.186323 -0.382227 -0.905089
v -0.424690 -0.211471 0.109055
vn 0.866123 -0.442590 -0.232262
v -0.390586 -0.215339 0.138946
vn 0.175310 -0.785147 0.593979
v -0.388248 -0.206085 0.149088
vn 0.202506 -0.648130 0.734111
v -0.393634 -0.182231 0.172902
vn -0.669345 0.691346 0.272063
v -0.456352 -0.184283 0.178425
vn -0.754846 0.645419 0.116796
v -0.461626 -0.185906 0.165719
vn -0.178074 0.198745 0.963737
v -0.413954 -0.166038 0.186121
vn 0.207512 -0.086615 0.974390
v -0.413921 -0.173091 0.185282
vn 0.445419 -0.467019 0.763868
v -0.389684 -0.175589 0.174714
vn -0.743143 0.027873 -0.668552
v -0.442001 -0.174338 0.100496
vn -0.238834 -0.297439 -0.924385
v -0.435955 -0.201568 0.104802
vn 0.103890 -0.419001 -0.902023
v -0.417990 -0.175318 0.090951
vn 0.437122 -0.408966 -0.801044
v -0.406334 -0.210787 0.115722
vn 0.829097 -0.559083 0.004922
v -0.380079 -0.196047 0.144113
vn 0.859247 -0.490239 0.146150
v -0.385189 -0.203270 0.145930
vn -0.601915 -0.102209 -0.791992
v -0.450132 -0.199879 0.112254
vn 0.261895 -0.581768 -0.770037
v -0.415030 -0.243769 0.125891
vn 0.143095 -0.477655 -0.866816
v -0.427893 -0.236587 0.118996
vn 0.474332 -0.337576 -0.813051
v -0.412108 -0.231253 0.121568
vn 0.756755 -0.300751 -0.580406
v -0.401030 -0.227949 0.130667
vn 0.361144 -0.050718 -0.931130
v -0.403170 -0.236201 0.129271
vn 0.679095 0.098842 -0.727365
v -0.390874 -0.216009 0.139487
vn 0.660675 -0.506692 -0.553870
v -0.376809 -0.153805 0.102057
vn -0.944544 0.225531 -0.238690
v -0.428133 -0.128026 0.100101
vn -0.830013 0.166563 -0.532292
v -0.423000 -0.114325 0.089029
vn -0.451946 -0.020468 -0.891810
v -0.416876 -0.131779 0.080930
vn 0.118762 -0.338391 -0.933481
v -0.407583 -0.153052 0.083499
vn -0.013461 -0.271274 -0.962408
v -0.402620 -0.139135 0.080128
vn 0.443383 -0.477840 -0.758341
v -0.393524 -0.161512 0.092158
vn 0.354004 -0.507029 -0.785877
v -0.387693 -0.145793 0.085642
vn 0.671560 -0.468792 -0.573795
v -0.385828 -0.176124 0.109933
vn 0.822372 -0.530808 0.204810
v -0.353906 -0.159233 0.148856
vn 0.736598 -0.433957 0.518752
v -0.356098 -0.154472 0.158762
vn 0.751398 -0.529525 -0.393707
v -0.367320 -0.168843 0.130060
vn -0.417213 0.375195 0.827745
v -0.399920 -0.135285 0.180456
vn 0.683323 -0.397158 0.612646
v -0.361631 -0.148582 0.169459
vn 0.572914 -0.382998 0.724625
v -0.371109 -0.156865 0.174123
vn -0.921879 0.365134 0.129678
v -0.436286 -0.131288 0.137780
vn 0.615124 -0.482502 0.623550
v -0.370634 -0.167107 0.168349
vn 0.800315 -0.465925 0.377371
v -0.348084 -0.146863 0.153154
vn 0.655254 -0.554489 0.513015
v -0.380193 -0.187744 0.157513
vn 0.307751 -0.244876 0.919416
v -0.409344 -0.177570 0.182308
vn 0.381282 -0.320916 0.866970
v -0.384856 -0.156344 0.182320
vn 0.156889 -0.150403 0.976097
v -0.396296 -0.155282 0.186004
vn 0.742702 -0.396789 0.539400
v -0.346205 -0.135212 0.161444
vn 0.543982 -0.280246 0.790914
v -0.363072 -0.135861 0.177378
vn 0.208760 -0.026179 0.977616
v -0.377948 -0.135211 0.184857
vn 0.832198 -0.546801 -0.091954
v -0.343704 -0.144446 0.138240
vn 0.751913 -0.616697 -0.233050
v -0.359002 -0.166517 0.142999
vn 0.790675 -0.589493 0.165317
v -0.366056 -0.176026 0.152189
vn 0.819133 -0.522041 -0.237685
v -0.372537 -0.184333 0.141542
vn 0.683717 -0.524607 -0.507266
v -0.360885 -0.157292 0.127039
vn 0.783165 -0.485367 -0.388679
v -0.380280 -0.186529 0.127385
vn 0.836282 -0.462579 -0.294370
v -0.385683 -0.203211 0.135082
vn -0.880926 0.471443 -0.041353
v -0.464667 -0.190068 0.156731
vn -0.699588 0.324027 0.636854
v -0.394836 -0.065392 0.143890
vn -0.791175 0.368043 0.488453
v -0.434472 -0.137133 0.148054
vn -0.539187 0.482753 0.690092
v -0.400702 -0.099269 0.162874
vn -0.679948 0.352160 0.643160
v -0.417666 -0.122882 0.161079
vn -0.299650 0.386161 0.872404
v -0.386970 -0.099685 0.171953
vn -0.550485 0.367722 0.749498
v -0.415929 -0.140326 0.172003
vn -0.897356 0.409168 0.165327
v -0.446154 -0.151806 0.138029
vn -0.831164 0.467417 0.301142
v -0.449682 -0.166031 0.148250
vn -0.677316 0.633043 0.374834
v -0.441311 -0.167740 0.168001
vn -0.480636 0.570681 0.665817
v -0.430656 -0.164821 0.177233
vn 0.130902 -0.452186 -0.882266
v -0.423047 -0.196824 0.102130
vn -0.337821 -0.301545 -0.891598
v -0.433219 -0.179250 0.094497
vn -0.904100 0.299570 -0.304733
v -0.444880 -0.160633 0.111169
vn -0.956913 0.253016 -0.142479
v -0.430491 -0.118045 0.130254
vn -0.852712 0.339238 0.397241
v -0.429066 -0.111974 0.142570
vn -0.857039 0.265570 -0.441539
v -0.439129 -0.156889 0.101731
vn -0.815572 0.415277 0.402973
v -0.439175 -0.143568 0.145181
vn -0.727376 0.474107 0.496132
v -0.434044 -0.152253 0.160857
vn -0.629591 0.436469 0.642736
v -0.423714 -0.146232 0.168749
vn -0.481760 0.397903 0.780757
v -0.415489 -0.158972 0.182074
vn 0.441935 -0.474421 -0.761327
v -0.404148 -0.191703 0.106170
vn -0.358002 -0.140408 -0.923104
v -0.425208 -0.158984 0.086495
vn -0.789202 0.145027 -0.596764
v -0.430891 -0.150141 0.092370
vn -0.939206 0.254402 -0.230591
v -0.423746 -0.098802 0.100219
vn -0.734919 0.425051 0.528418
v -0.422934 -0.100839 0.143641
vn -0.530289 0.387552 0.754054
v -0.401417 -0.109250 0.169458
vn -0.262481 0.379568 0.887148
v -0.386240 -0.119174 0.179280
vn -0.480828 0.097699 -0.871355
v -0.412376 -0.116306 0.079452
vn -0.125550 -0.140158 -0.982137
v -0.399823 -0.122206 0.076057
vn 0.153620 -0.358984 -0.920615
v -0.388731 -0.135098 0.079308
vn 0.633765 -0.552324 -0.541553
v -0.372464 -0.143193 0.095188
vn -0.817863 0.015931 -0.575193
v -0.463652 -0.220754 0.123400
vn -0.841964 0.147544 -0.518967
v -0.455762 -0.197102 0.118989
vn -0.945119 0.262767 -0.194174
v -0.427300 -0.121585 0.108399
vn -0.967554 0.247749 -0.049593
v -0.428064 -0.101186 0.123150
vn -0.927327 0.150235 -0.342775
v -0.466906 -0.215550 0.130990
vn -0.949340 0.304921 0.076007
v -0.429448 -0.108489 0.133553
vn -0.142544 0.351914 0.925115
v -0.374886 -0.106555 0.176652
vn -0.370220 0.357388 0.857444
v -0.392677 -0.119567 0.176787
vn -0.104027 0.456091 0.883832
v -0.425282 -0.174450 0.187124
vn -0.337438 0.862639 0.376815
v -0.438164 -0.183937 0.192281
vn 0.688925 -0.424342 -0.587637
v -0.395273 -0.209475 0.124512
vn -0.462307 -0.072424 -0.883757
v -0.447115 -0.205940 0.111372
vn -0.913386 0.268794 -0.305737
v -0.455177 -0.182474 0.129412
vn -0.913930 0.397400 -0.082497
v -0.456278 -0.176796 0.137020
vn -0.796574 0.590081 0.131435
v -0.455681 -0.177354 0.152214
vn -0.447465 0.726083 0.522091
v -0.440597 -0.175833 0.184069
vn -0.224489 0.233765 0.946022
v -0.399524 -0.146768 0.185779
vn -0.108290 0.279364 0.954059
v -0.381507 -0.124625 0.182705
vn 0.035395 0.268403 0.962656
v -0.368164 -0.111697 0.179393
vn 0.144432 0.172098 0.974434
v -0.345746 -0.086768 0.170421
vn -0.918833 0.368200 -0.142034
v -0.446934 -0.154028 0.129176
vn -0.848865 0.440833 0.291710
v -0.423508 -0.092659 0.133925
vn -0.722662 0.494221 0.483224
v -0.403093 -0.065110 0.134969
vn 0.669024 -0.508727 -0.541852
v -0.361940 -0.143373 0.114820
vn 0.426952 -0.454461 -0.781778
v -0.381118 -0.139320 0.084106
vn 0.262584 -0.407635 -0.874576
v -0.368753 -0.104210 0.072749
vn 0.860514 -0.418673 0.290220
v -0.332867 -0.120494 0.150411
vn 0.791630 -0.340088 0.507605
v -0.334551 -0.116840 0.157254
vn 0.673654 -0.224553 0.704107
v -0.340126 -0.110523 0.167263
vn 0.318465 -0.375128 -0.870551
v -0.372839 -0.118849 0.078471
vn -0.282277 0.010423 -0.959276
v -0.394767 -0.103796 0.073955
vn -0.563393 0.197061 -0.802344
v -0.405201 -0.095720 0.079214
vn 0.668520 -0.509511 -0.541737
v -0.335619 -0.121098 0.119426
vn 0.831133 -0.528816 -0.171965
v -0.334374 -0.127090 0.129553
vn 0.875240 -0.476247 0.084524
v -0.332528 -0.124758 0.140006
vn -0.763124 0.529541 0.370442
v -0.414311 -0.079162 0.134200
vn -0.474076 0.414068 0.777045
v -0.383060 -0.081328 0.163267
vn -0.902726 0.416181 -0.108994
v -0.423585 -0.091205 0.115006
vn -0.880248 0.465327 0.092922
v -0.421927 -0.086583 0.124520
vn 0.726997 -0.497003 -0.473777
v -0.359955 -0.124607 0.094878
vn -0.841836 -0.220637 0.492576
v -0.464957 -0.224588 0.189026
vn -0.724946 0.148135 0.672688
v -0.457417 -0.201589 0.198429
vn -0.721788 0.635754 0.273569
v -0.453280 -0.189765 0.197279
vn -0.489151 0.756000 -0.434966
v -0.444303 -0.184128 0.196071
vn -0.119596 0.739253 -0.662723
v -0.389420 -0.193372 0.159457
vn 0.251007 0.563565 0.787013
v -0.395730 -0.183887 0.171062
vn -0.722702 0.537058 0.435053
v -0.461963 -0.198542 0.192373
vn 0.300538 -0.790843 -0.533145
v -0.413928 -0.250324 0.136236
vn 0.407189 -0.493547 -0.768510
v -0.406771 -0.242483 0.129403
vn -0.891870 0.190690 -0.410129
v -0.447286 -0.173014 0.108915
vn -0.858928 0.437034 0.266915
v -0.466939 -0.197011 0.179063
vn -0.866585 0.492911 0.077907
v -0.468357 -0.195887 0.168562
vn -0.973923 0.199085 0.108804
v -0.472028 -0.206616 0.170722
vn -0.884888 0.090517 0.456924
v -0.468791 -0.209997 0.184879
vn -0.953425 -0.050563 0.297362
v -0.471448 -0.216108 0.177838
vn -0.175409 -0.449112 -0.876088
v -0.448628 -0.237975 0.118345
vn 0.057570 -0.766988 -0.639074
v -0.440532 -0.250184 0.129370
vn -0.664048 -0.310202 -0.680304
v -0.461905 -0.235048 0.123519
vn -0.185731 -0.641825 -0.744020
v -0.453731 -0.244136 0.123155
vn -0.932432 -0.165205 -0.321370
v -0.469016 -0.234677 0.136238
vn -0.987234 -0.122854 0.101369
v -0.472646 -0.221312 0.168941
vn -0.988699 -0.066846 -0.134188
v -0.471036 -0.230709 0.143450
vn -0.983480 -0.178392 0.030708
v -0.471447 -0.226096 0.158309
vn 0.220386 -0.937458 -0.269447
v -0.243949 -0.233639 0.306477
vn -0.730689 -0.476087 0.489322
v -0.458945 -0.236010 0.190044
vn -0.767297 -0.056016 0.638841
v -0.458724 -0.215648 0.197770
vn -0.713290 -0.320231 0.623434
v -0.452644 -0.228122 0.200939
vn 0.628276 -0.038692 -0.777027
v -0.252559 -0.207718 0.284171
vn -0.229271 -0.855473 0.464328
v -0.254590 -0.231827 0.325029
vn 0.439653 -0.583107 -0.683148
v -0.235812 -0.229759 0.304013
vn 0.580340 0.037595 -0.813506
v -0.223156 -0.203550 0.304963
vn 0.550883 -0.580658 -0.599470
v -0.260098 -0.228729 0.284007
vn 0.044182 0.998807 0.020814
v -0.261363 -0.171930 0.309997
vn 0.439887 0.589737 -0.677281
v -0.252904 -0.184121 0.293229
vn 0.159632 0.946579 -0.280188
v -0.282576 -0.176007 0.286412
vn 0.383351 0.763330 -0.519971
v -0.284875 -0.180505 0.275179
vn 0.600649 0.368555 -0.709498
v -0.278704 -0.197800 0.264239
vn 0.401608 -0.850902 -0.338639
v -0.265740 -0.234736 0.287458
vn -0.085678 0.996320 0.002249
v -0.284800 -0.174494 0.293816
vn 0.506572 0.583885 -0.634399
v -0.281938 -0.189172 0.268149
vn 0.691058 -0.241472 -0.681271
v -0.275342 -0.220802 0.264916
vn 0.628011 -0.565215 -0.534916
v -0.277156 -0.231057 0.269054
vn 0.445860 -0.849513 -0.282023
v -0.280865 -0.237419 0.274351
vn -0.026365 0.999639 -0.005216
v -0.311883 -0.176059 0.268781
vn 0.302001 0.901423 -0.310212
v -0.314648 -0.178279 0.255365
vn 0.514479 0.683366 -0.517998
v -0.309479 -0.184365 0.249556
vn 0.590524 0.519019 -0.617982
v -0.306759 -0.191560 0.244749
vn 0.725275 0.036105 -0.687512
v -0.287258 -0.216772 0.252169
vn 0.751160 -0.290318 -0.592853
v -0.289887 -0.227183 0.250553
vn 0.624027 -0.650893 -0.432353
v -0.292212 -0.235884 0.254709
vn 0.075802 0.997105 -0.006030
v -0.325224 -0.175784 0.255246
vn 0.392899 -0.901670 -0.180612
v -0.305347 -0.243325 0.252057
vn -0.405523 -0.451056 0.795047
v -0.339484 -0.231875 0.278771
vn -0.447219 -0.252668 0.857994
v -0.343177 -0.222271 0.280544
vn -0.431290 -0.508207 0.745463
v -0.306913 -0.228357 0.298602
vn -0.552230 0.344329 0.759262
v -0.306079 -0.197786 0.300249
vn -0.582154 0.243665 0.775709
v -0.289043 -0.195097 0.312068
vn -0.505456 -0.293676 0.811337
v -0.274441 -0.221320 0.323962
vn -0.540297 0.043694 0.840339
v -0.275712 -0.209847 0.323379
vn -0.548452 0.198335 0.812320
v -0.275853 -0.197072 0.322240
vn 0.000903 -0.997558 0.069831
v -0.248703 -0.233633 0.316252
vn -0.488895 0.455451 0.744007
v -0.346275 -0.202118 0.274856
vn -0.524351 0.339897 0.780722
v -0.323536 -0.200076 0.289507
vn -0.473139 0.611297 0.634394
v -0.334574 -0.184623 0.270194
vn -0.540519 0.546495 0.639674
v -0.302477 -0.183602 0.294662
vn -0.552932 0.452756 0.699484
v -0.282969 -0.182141 0.310854
vn -0.515577 0.452278 0.727753
v -0.269768 -0.182759 0.321128
vn -0.242230 0.893362 0.378457
v -0.332059 -0.177804 0.262513
vn -0.316685 0.876108 0.363519
v -0.316334 -0.178045 0.275246
vn -0.382163 0.826427 0.413485
v -0.278966 -0.175765 0.307565
vn -0.225492 -0.812721 0.537251
v -0.306457 -0.238775 0.290430
vn 0.065683 -0.987169 0.145544
v -0.287441 -0.239490 0.289303
vn 0.044490 -0.973987 0.222192
v -0.318186 -0.245728 0.267410
vn 0.180296 -0.982142 -0.053765
v -0.262598 -0.235789 0.297095
vn 0.238459 -0.969592 -0.055038
v -0.284901 -0.239769 0.279374
vn 0.222019 -0.975036 0.003468
v -0.309351 -0.245225 0.259385
vn 0.386993 0.706319 -0.592748
v -0.384067 -0.192446 0.163097
vn -0.397733 0.625904 -0.670860
v -0.392749 -0.187914 0.165963
vn 0.063169 0.818548 -0.570955
v -0.389172 -0.181322 0.173423
vn 0.212077 -0.866382 -0.452112
v -0.429923 -0.262734 0.148815
vn 0.023841 -0.917794 -0.396340
v -0.441160 -0.265442 0.151078
vn 0.303219 -0.823324 -0.479787
v -0.410423 -0.254772 0.146604
vn 0.585219 -0.534982 -0.609354
v -0.385658 -0.241616 0.148583
vn 0.458646 -0.699292 -0.548302
v -0.376550 -0.247809 0.165180
vn 0.328540 -0.852501 -0.406574
v -0.402331 -0.262263 0.165749
vn 0.406506 -0.813604 -0.415693
v -0.382263 -0.257858 0.175925
vn 0.164031 -0.957414 -0.237595
v -0.414855 -0.269387 0.174485
vn 0.305594 -0.928393 -0.211423
v -0.394864 -0.266978 0.185331
vn 0.473979 -0.706761 -0.525198
v -0.399223 -0.245982 0.140357
vn 0.361583 0.115555 -0.925151
v -0.395521 -0.227943 0.129703
vn 0.593319 -0.523991 -0.611070
v -0.395892 -0.238626 0.134231
vn 0.748017 -0.101097 -0.655935
v -0.390287 -0.227420 0.135711
vn 0.702861 -0.320893 -0.634834
v -0.384223 -0.233284 0.144596
vn 0.716246 -0.115358 -0.688247
v -0.371495 -0.227995 0.156849
vn 0.735274 0.090253 -0.671734
v -0.371993 -0.222391 0.156604
vn 0.571158 0.369043 -0.733202
v -0.386535 -0.213557 0.142164
vn -0.299866 -0.874878 -0.380354
v -0.453059 -0.260687 0.144158
vn -0.622597 -0.509372 0.594064
v -0.447302 -0.240183 0.197272
vn -0.431133 -0.748931 0.503217
v -0.429157 -0.265103 0.195056
vn -0.617228 -0.457542 0.640066
v -0.440492 -0.231410 0.213579
vn -0.582640 -0.508905 0.633676
v -0.437147 -0.238726 0.209607
vn -0.539701 -0.445818 0.714121
v -0.427159 -0.231677 0.224436
vn -0.543461 -0.483469 0.686228
v -0.423588 -0.237867 0.220458
vn -0.680371 -0.095479 0.726622
v -0.440977 -0.218463 0.216779
vn -0.569158 0.751418 0.333812
v -0.443296 -0.183910 0.202315
vn -0.437569 0.617429 0.653693
v -0.416263 -0.184416 0.224744
vn -0.272490 0.861222 -0.429006
v -0.421625 -0.178872 0.187486
vn -0.097522 0.951948 -0.290318
v -0.405911 -0.170122 0.196625
vn -0.775971 -0.628745 0.050486
v -0.461672 -0.257251 0.158185
vn -0.248175 -0.962141 -0.112671
v -0.439910 -0.270035 0.167724
vn -0.694959 -0.692844 0.192353
v -0.453052 -0.262264 0.172700
vn -0.132251 -0.976878 0.167986
v -0.423747 -0.271327 0.185436
vn 0.039255 -0.990538 0.131504
v -0.405691 -0.270240 0.194791
vn -0.567589 -0.725724 0.388802
v -0.448516 -0.265836 0.176112
vn -0.844267 -0.414878 0.339249
v -0.462939 -0.246653 0.168909
vn -0.696399 -0.495825 0.518831
v -0.454040 -0.244285 0.186614
vn -0.589608 -0.454428 0.667725
v -0.421945 -0.247125 0.217094
vn -0.501885 -0.636457 0.585691
v -0.418633 -0.258223 0.211636
vn -0.585232 -0.556980 0.589302
v -0.430575 -0.255993 0.201599
vn -0.255496 -0.862553 0.436719
v -0.414584 -0.266752 0.204436
vn 0.682170 0.374547 -0.627980
v -0.366761 -0.209368 0.167796
vn 0.471699 0.689669 -0.549415
v -0.380516 -0.181442 0.179633
vn 0.652580 -0.303192 -0.694416
v -0.364522 -0.236366 0.165110
vn 0.331654 -0.923084 -0.194736
v -0.377437 -0.261569 0.192711
vn 0.214225 -0.973953 0.074315
v -0.386551 -0.265703 0.201099
vn 0.710714 0.122591 -0.692718
v -0.359748 -0.221195 0.169902
vn 0.431194 0.842274 -0.323490
v -0.332314 -0.178036 0.232607
vn 0.606785 0.597255 -0.524498
v -0.327190 -0.186347 0.227160
vn 0.737402 0.142690 -0.660210
v -0.314359 -0.220462 0.218548
vn 0.773340 -0.111689 -0.624076
v -0.308207 -0.226162 0.225664
vn 0.725676 -0.465940 -0.506255
v -0.307495 -0.234311 0.230562
vn 0.535010 -0.791104 -0.296511
v -0.312077 -0.241735 0.235585
vn 0.641189 0.432410 -0.633954
v -0.345018 -0.199166 0.196855
vn 0.705266 0.264428 -0.657782
v -0.327946 -0.210907 0.207458
vn 0.699145 -0.417364 -0.580521
v -0.333841 -0.239009 0.198394
vn 0.568754 -0.715605 -0.405497
v -0.337611 -0.247482 0.203342
vn 0.251293 -0.967878 0.007951
v -0.350204 -0.255624 0.218913
vn 0.695890 0.251790 -0.672561
v -0.346576 -0.216771 0.184628
vn 0.743586 -0.033399 -0.667806
v -0.340783 -0.229577 0.187527
vn 0.648588 -0.489271 -0.583050
v -0.344493 -0.242709 0.188960
vn 0.322363 -0.935112 -0.147132
v -0.363255 -0.258338 0.198829
vn 0.139220 0.989898 0.026826
v -0.338465 -0.174006 0.240223
vn 0.441927 0.749702 -0.492592
v -0.362400 -0.176275 0.201340
vn 0.175301 0.962592 -0.206607
v -0.369004 -0.170614 0.211171
vn -0.524873 -0.394434 0.754275
v -0.383028 -0.236658 0.253325
vn -0.521291 0.156183 0.838965
v -0.376344 -0.215669 0.263543
vn -0.355802 0.596811 0.719181
v -0.397885 -0.182342 0.232487
vn -0.274638 0.822174 0.498602
v -0.348451 -0.178331 0.251957
vn -0.076176 0.983404 0.164665
v -0.381374 -0.169401 0.218871
vn -0.027865 0.979184 0.201054
v -0.362472 -0.171384 0.230655
vn -0.105517 0.951039 0.290502
v -0.344301 -0.174656 0.246999
vn -0.230755 -0.766502 0.599356
v -0.343121 -0.243334 0.268395
vn -0.324832 -0.707755 0.627350
v -0.375342 -0.245915 0.252010
vn -0.404873 -0.596540 0.692978
v -0.392155 -0.246532 0.239858
vn -0.526815 -0.440428 0.726972
v -0.409047 -0.247920 0.228866
vn -0.104032 -0.914064 0.391999
v -0.369471 -0.253877 0.241241
vn -0.067025 -0.877539 0.474798
v -0.383215 -0.255696 0.233295
vn -0.358527 -0.732913 0.578183
v -0.406518 -0.258967 0.221231
vn 0.114129 -0.979344 0.166914
v -0.359791 -0.256515 0.229638
vn 0.143202 -0.964010 0.224005
v -0.373781 -0.259244 0.223116
vn -0.053690 -0.937384 0.344136
v -0.398748 -0.265610 0.212975
vn 0.272955 0.857256 -0.436587
v -0.384818 -0.177256 0.182553
vn 0.467667 0.777493 -0.420466
v -0.347420 -0.177547 0.214634
vn 0.058977 0.918854 -0.390165
v -0.394579 -0.173403 0.187594
vn 0.240098 0.957263 -0.161247
v -0.357568 -0.170982 0.220261
vn 0.596185 0.558511 -0.576740
v -0.342865 -0.186535 0.208165
vn 0.670225 0.410293 -0.618431
v -0.311106 -0.206698 0.227597
vn 0.592968 0.553823 -0.584524
v -0.371310 -0.192139 0.177745
vn 0.409715 0.618534 -0.670484
v -0.385205 -0.200803 0.152558
vn -0.257711 0.966049 -0.018268
v -0.418936 -0.171889 0.201135
vn -0.451813 0.883764 -0.121758
v -0.239283 -0.168331 0.324143
vn -0.238999 0.893101 0.381116
v -0.261539 -0.174159 0.319911
vn 0.578817 -0.180115 -0.795317
v -0.216185 -0.218062 0.312456
vn -0.698584 0.526162 0.484906
v -0.243235 -0.176107 0.334879
vn 0.115363 0.655595 -0.746248
v -0.229497 -0.173411 0.312610
vn 0.556825 -0.563887 -0.609899
v -0.212878 -0.229990 0.317125
vn -0.313853 -0.568931 0.760141
v -0.249046 -0.225735 0.336468
vn 0.173971 -0.930719 -0.321708
v -0.224780 -0.234241 0.316343
vn -0.653181 0.175382 0.736611
v -0.442179 -0.206385 0.213963
vn -0.544663 0.270007 0.794001
v -0.416363 -0.204112 0.233428
vn -0.572463 0.462516 0.677027
v -0.438690 -0.187212 0.210036
vn -0.475167 0.399979 0.783730
v -0.418204 -0.191409 0.228282
vn -0.466630 0.860156 0.205883
v -0.435840 -0.178255 0.201240
vn -0.312826 0.822336 0.475292
v -0.411981 -0.175231 0.217197
vn -0.465209 -0.450114 0.762219
v -0.375278 -0.230693 0.260774
vn -0.526623 -0.303634 0.794024
v -0.385511 -0.228551 0.256040
vn -0.605194 -0.026417 0.795640
v -0.420167 -0.217562 0.233243
vn -0.569335 0.046562 0.820786
v -0.401419 -0.218373 0.247014
vn -0.407155 0.459774 0.789198
v -0.376722 -0.196599 0.251333
vn -0.226332 0.830856 0.508382
v -0.372972 -0.174028 0.235110
vn -0.406894 0.604233 0.685084
v -0.358165 -0.185698 0.254318
vn -0.428581 0.533216 0.729382
v -0.366677 -0.196729 0.256521
vn -0.503006 0.093460 0.859215
v -0.335884 -0.212709 0.284996
vn -0.466357 -0.235163 0.852766
v -0.371273 -0.225607 0.266003
vn -0.464541 0.457226 0.758384
v -0.381253 -0.205246 0.254982
vn -0.410556 -0.435246 0.801252
v -0.360504 -0.234767 0.267685
vn -0.017808 -0.948270 0.316964
v -0.349461 -0.251245 0.251536
vn 0.165210 -0.982570 0.085219
v -0.343625 -0.253364 0.235896
vn 0.314701 -0.946611 -0.069933
v -0.334616 -0.251224 0.228022
vn 0.429489 -0.882392 -0.192157
v -0.334627 -0.249780 0.217050
vn 0.649674 -0.631442 -0.423325
v -0.326296 -0.242495 0.211702
vn 0.761281 -0.228811 -0.606710
v -0.323922 -0.234334 0.208366
vn 0.742401 0.060659 -0.667204
v -0.324543 -0.224402 0.207508
vn -0.511526 -0.182347 0.839697
v -0.317032 -0.219815 0.296165
vn -0.547512 0.090524 0.831887
v -0.299621 -0.210663 0.307341
vn 0.612423 -0.250772 -0.749701
v -0.247747 -0.216546 0.289645
vn 0.563397 0.256612 -0.785324
v -0.246399 -0.194541 0.291877
vn 0.410153 0.369252 -0.833923
v -0.224759 -0.186723 0.307102
vn 0.687272 0.291973 -0.665138
v -0.291516 -0.204208 0.249913
vn 0.702816 -0.133934 -0.698650
v -0.350623 -0.233102 0.177423
vn 0.557810 -0.572605 -0.600809
v -0.360410 -0.246564 0.176005
vn 0.429129 -0.819987 -0.378775
v -0.356664 -0.252916 0.189399
vn 0.238743 -0.969753 0.050808
v -0.374295 -0.261813 0.205934
vn 0.042867 -0.935820 0.349861
v -0.386784 -0.263113 0.218300
vn -0.233450 -0.761581 0.604562
v -0.395434 -0.257927 0.227508
vn -0.522560 -0.454396 0.721426
v -0.411836 -0.235539 0.230561
vn -0.517682 -0.453747 0.725341
v -0.407845 -0.230437 0.239095
vn 0.322201 0.604463 -0.728568
v -0.240612 -0.180012 0.304593
vn 0.227349 0.883018 -0.410599
v -0.252872 -0.175388 0.303831
vn 0.124379 -0.817278 -0.562661
v -0.433832 -0.256061 0.137441
vn -0.744521 -0.553915 -0.372649
v -0.464132 -0.249723 0.137101
vn -0.944552 -0.326047 0.038915
v -0.467476 -0.246584 0.151136
vn -0.901769 -0.376730 0.211867
v -0.468187 -0.234810 0.166943
vn -0.873132 -0.366730 0.321169
v -0.468363 -0.230184 0.178394
vn 0.926104 0.288483 -0.243123
v -0.196037 -0.155730 0.376079
vn 0.827587 -0.119007 -0.548578
v -0.204647 -0.217952 0.322095
vn -0.306913 -0.917943 0.251366
v -0.222050 -0.233401 0.345475
vn -0.731087 0.233622 0.641041
v -0.245096 -0.190020 0.339550
vn 0.628151 0.041077 -0.777007
v -0.207814 -0.191556 0.316330
vn 0.679571 0.083357 -0.728858
v -0.199052 -0.162512 0.320944
vn 0.998459 -0.055325 0.004263
v -0.191406 -0.169494 0.344359
vn 0.150534 -0.977458 0.148037
v -0.194843 -0.228945 0.372482
vn 0.988079 0.134136 0.075551
v -0.187682 -0.167825 0.402213
vn -0.711190 -0.264221 0.651456
v -0.210001 -0.203344 0.398080
vn -0.431100 -0.793415 0.429703
v -0.202892 -0.222047 0.392790
vn 0.762383 -0.555697 -0.331621
v -0.201931 -0.229143 0.333477
vn 0.950446 0.047636 -0.307218
v -0.190056 -0.213727 0.359577
vn -0.906765 0.019742 0.421174
v -0.231365 -0.189525 0.367393
vn -0.869600 0.056715 0.490489
v -0.221039 -0.177376 0.393782
vn -0.246341 -0.917319 0.312798
v -0.208597 -0.229225 0.368077
vn -0.666119 -0.592747 0.452698
v -0.220277 -0.224818 0.361671
vn -0.817650 -0.263568 0.511841
v -0.222886 -0.204878 0.375331
vn -0.583317 -0.280118 0.762414
v -0.240999 -0.212903 0.343617
vn -0.886622 0.242625 0.393745
v -0.219441 -0.152335 0.390705
vn -0.311732 -0.853506 0.417552
v -0.230884 -0.232264 0.334846
vn -0.921315 0.236530 0.308597
v -0.232041 -0.171112 0.359810
vn -0.898380 0.429287 0.092881
v -0.231967 -0.160590 0.345221
vn -0.614844 0.493406 -0.615238
v -0.228897 -0.158419 0.328101
vn -0.811757 -0.034440 0.582979
v -0.213876 -0.175868 0.408281
vn -0.580916 0.770497 0.262432
v -0.214473 -0.142273 0.378310
vn 0.245804 -0.969233 0.012955
v -0.208237 -0.235152 0.341167
vn 0.341446 0.915836 -0.211328
v -0.198085 -0.136985 0.390779
vn 0.769300 0.616012 -0.169433
v -0.191708 -0.142272 0.391462
vn 0.985664 -0.057148 -0.158748
v -0.198352 -0.198857 0.340889
vn 0.955720 -0.066811 -0.286592
v -0.192648 -0.164963 0.331738
vn -0.324143 0.878185 0.351742
v -0.200390 -0.162132 0.416206
vn 0.460423 0.844575 0.273320
v -0.203679 -0.139354 0.378457
vn 0.987040 0.105731 -0.120720
v -0.184973 -0.191583 0.397023
vn 0.976501 0.065535 -0.205308
v -0.179558 -0.211491 0.392596
vn 0.932500 0.233929 -0.275173
v -0.193148 -0.195967 0.374310
vn 0.788279 -0.593669 -0.161784
v -0.188330 -0.225130 0.371792
vn 0.138529 -0.984327 -0.109136
v -0.215939 -0.235327 0.326731
vn 0.950316 0.283782 -0.127934
v -0.185268 -0.202233 0.403739
vn 0.979684 0.008367 -0.200374
v -0.195164 -0.178335 0.371003
vn 0.905820 -0.144915 -0.398107
v -0.198958 -0.193848 0.329367
vn -0.624633 -0.142524 0.767802
v -0.204171 -0.193026 0.405508
vn 0.971250 0.176396 -0.159866
v -0.187285 -0.153019 0.392069
vn 0.192468 0.383913 -0.903087
v -0.223467 -0.177340 0.311466
vn -0.709050 0.010559 0.705079
v -0.246817 -0.197782 0.339716
vn -0.925265 0.298772 0.233710
v -0.226598 -0.154216 0.364261
vn 0.918559 0.224834 -0.325115
v -0.193276 -0.145606 0.337485
vn 0.971761 0.204523 0.117685
v -0.192211 -0.148122 0.350112
vn -0.984630 0.171732 0.031797
v -0.228281 -0.147629 0.338677
vn -0.813741 0.410134 -0.411843
v -0.225523 -0.119920 0.338530
vn 0.984653 0.102234 0.141446
v -0.200779 -0.119243 0.349269
vn -0.067587 0.406707 -0.911055
v -0.212861 -0.137074 0.324731
vn 0.244605 0.342737 -0.907028
v -0.206267 -0.146687 0.321984
vn -0.894136 0.294511 0.337320
v -0.219104 -0.106282 0.357311
vn -0.745606 0.308879 0.590479
v -0.224331 -0.129207 0.358325
vn 0.665381 0.421919 -0.615834
v -0.201284 -0.129849 0.333178
vn -0.590494 0.595664 -0.544519
v -0.215675 -0.100403 0.350069
vn 0.362965 0.413957 -0.834803
v -0.207194 -0.110111 0.343469
vn 0.726516 0.288971 -0.623434
v -0.184130 -0.081465 0.358621
vn -0.003550 0.651082 -0.758999
v -0.197188 -0.083957 0.354133
vn -0.726372 0.538850 0.426644
v -0.209625 -0.085319 0.364949
vn 0.782582 -0.287118 -0.552384
v -0.196519 -0.097341 0.354501
vn 0.221064 0.794202 0.566016
v -0.186820 -0.076935 0.373460
vn 0.885919 -0.443213 0.136782
v -0.182620 -0.089669 0.367975
vn 0.344103 -0.451089 0.823475
v -0.199999 -0.101303 0.370573
vn -0.222078 -0.274763 0.935514
v -0.206601 -0.106191 0.368446
vn 0.408432 -0.903993 -0.126408
v -0.186888 -0.153326 0.429689
vn -0.843488 0.360038 0.398623
v -0.202596 -0.140248 0.435047
vn -0.532772 -0.453059 0.714767
v -0.200888 -0.148451 0.438858
vn -0.440962 0.886513 0.140167
v -0.204181 -0.138061 0.402926
vn -0.922505 -0.047563 0.383042
v -0.208823 -0.148928 0.408860
vn 0.348592 0.911001 -0.220364
v -0.192820 -0.133547 0.429698
vn 0.933062 0.251058 0.257614
v -0.189206 -0.153506 0.405215
vn -0.019337 0.342789 -0.939213
v -0.176911 -0.138067 0.431379
vn -0.112201 0.808330 0.577939
v -0.176240 -0.135354 0.447928
vn 0.498023 -0.860592 0.106551
v -0.171293 -0.149404 0.442030
vn 0.240121 -0.460991 0.854300
v -0.172475 -0.143633 0.449639
vn 0.842870 0.482344 0.238568
v -0.155336 -0.133603 0.425508
vn -0.043959 -0.628989 -0.776170
v -0.158436 -0.146655 0.421914
vn -0.817408 -0.192588 0.542913
v -0.203495 -0.158383 0.405439
vn 0.872659 0.448022 0.194275
v -0.189065 -0.167277 0.413334
vn -0.408554 -0.681974 0.606627
v -0.200516 -0.181618 0.411231
vn 0.454506 -0.606802 0.652086
v -0.189742 -0.180485 0.413374
vn -0.682916 0.157562 0.713302
v -0.194796 -0.166422 0.446354
vn 0.003368 -0.979628 0.200791
v -0.191674 -0.178956 0.441760
vn 0.386974 -0.219350 0.895621
v -0.157192 -0.171038 0.449987
vn -0.093891 -0.845616 -0.525469
v -0.163007 -0.174837 0.435090
vn 0.087697 0.995442 0.037477
v -0.184743 -0.159203 0.439977
vn -0.332126 0.556192 -0.761802
v -0.164449 -0.163141 0.434773
vn 0.036747 0.990959 0.129032
v -0.159030 -0.158197 0.444208
vn 0.685950 0.060291 -0.725146
v -0.182768 -0.166396 0.429552
vn 0.482213 -0.733101 -0.479618
v -0.143226 -0.173672 0.422774
vn -0.182860 0.456451 -0.870755
v -0.149846 -0.162884 0.418343
vn 0.853223 0.518711 -0.054306
v -0.142021 -0.160498 0.422016
vn -0.475559 -0.385936 -0.790504
v -0.152640 -0.171286 0.420293
vn -0.492215 -0.494763 0.716194
v -0.194394 -0.206415 0.406433
vn -0.514422 -0.243333 0.822289
v -0.179228 -0.191173 0.442093
vn 0.833772 0.519520 0.186879
v -0.183632 -0.184922 0.412203
vn -0.209169 -0.521755 -0.827055
v -0.152821 -0.189427 0.425225
vn 0.066410 -0.848668 0.524740
v -0.177033 -0.198866 0.434183
vn 0.063434 0.199094 0.977925
v -0.157815 -0.185138 0.440583
vn 0.420898 -0.852296 -0.310543
v -0.171327 -0.198267 0.429086
vn -0.242434 0.952952 -0.181957
v -0.151955 -0.176373 0.429237
vn -0.285655 0.929681 0.232581
v -0.180376 -0.180776 0.433979
vn 0.326093 0.447312 -0.832812
v -0.171281 -0.183388 0.424992
vn 0.424811 -0.790159 0.441797
v -0.147059 -0.190582 0.435477
vn 0.510597 0.624557 0.590948
v -0.146167 -0.178638 0.436821
vn 0.745551 -0.659298 -0.097367
v -0.130329 -0.187388 0.409343
vn -0.205528 0.792094 -0.574756
v -0.140240 -0.178231 0.408114
vn 0.336216 -0.941103 0.035831
v -0.184297 -0.223501 0.399905
vn -0.638806 -0.429414 0.638382
v -0.193083 -0.218120 0.406221
vn -0.344597 0.770865 0.535742
v -0.179600 -0.208601 0.422389
vn 0.751119 -0.044181 -0.658686
v -0.172243 -0.216461 0.412995
vn 0.549852 0.819892 0.159497
v -0.155222 -0.205684 0.421287
vn 0.520555 -0.796984 -0.306331
v -0.157069 -0.221875 0.419436
vn -0.128769 -0.724323 0.677329
v -0.176784 -0.221971 0.428605
vn 0.000000 0.600000 0.800000
v -0.141609 -0.211635 0.405450
vn 0.024187 0.989355 0.143495
v -0.095395 0.223019 -0.041961
vn 0.039828 0.983546 -0.176212
v -0.107354 0.223235 -0.072194
vn 0.145768 0.924556 -0.352063
v -0.104930 0.217738 -0.091649
vn 0.044728 0.964882 -0.258848
v -0.118494 0.216198 -0.098780
vn -0.092531 0.990382 -0.102865
v -0.134606 0.216480 -0.091604
vn -0.108394 0.978137 -0.177482
v -0.128097 0.221844 -0.075112
vn -0.198195 0.978777 -0.052104
v -0.154610 0.214616 -0.086328
vn -0.341466 0.938187 0.056628
v -0.171150 0.209882 -0.082010
vn -0.495449 0.859510 0.125591
v -0.176051 0.205419 -0.057837
vn -0.227676 0.968574 -0.100142
v -0.148337 0.217965 -0.076651
vn -0.170277 0.984362 0.045140
v -0.158054 0.215193 -0.100587
vn -0.083448 0.990186 0.112103
v -0.115639 0.223494 -0.050149
vn -0.106162 0.994148 -0.019965
v -0.121546 0.223447 -0.061955
vn -0.174647 0.982726 0.061225
v -0.139242 0.220394 -0.054813
vn -0.530564 0.823190 0.202137
v -0.165381 0.205951 -0.025172
vn -0.021100 0.964930 0.261659
v 0.004539 0.209220 0.010774
vn -0.067287 0.996056 -0.057840
v 0.003200 0.210454 -0.002810
vn 0.412023 -0.518183 -0.749482
v 0.015887 0.104728 -0.021038
vn 0.506649 -0.760845 -0.405490
v 0.013206 0.089835 -0.007499
vn 0.378605 -0.913240 -0.150505
v 0.022091 0.090399 0.002636
vn 0.755070 -0.439772 -0.486281
v 0.004373 0.091823 -0.022442
vn 0.165375 -0.479030 -0.862080
v -0.007149 0.121525 -0.042632
vn 0.497870 -0.330805 -0.801682
v -0.016649 0.122239 -0.044103
vn 0.526845 -0.428517 -0.734035
v -0.021953 0.133515 -0.055498
vn 0.289578 -0.478021 -0.829241
v -0.011598 0.128945 -0.046613
vn 0.690111 -0.717227 0.096601
v -0.043084 0.032627 -0.069567
vn -0.229473 0.290060 -0.929089
v 0.004271 0.176042 -0.063157
vn -0.050818 -0.586550 -0.808317
v 0.013810 0.125850 -0.040639
vn -0.053806 -0.562165 -0.825273
v 0.004252 0.144195 -0.053666
vn 0.326230 -0.461887 -0.824763
v -0.013457 0.148415 -0.060420
vn 0.171659 -0.481435 -0.859508
v -0.002345 0.131763 -0.045305
vn 0.185283 0.515544 -0.836591
v -0.006244 0.183831 -0.059094
vn 0.185937 0.046216 -0.981474
v -0.006238 0.171000 -0.063583
vn 0.580245 -0.231040 -0.780984
v -0.020267 0.164223 -0.069855
vn 0.840562 -0.184815 -0.509213
v -0.054986 0.158208 -0.122210
vn 0.857993 -0.267520 -0.438498
v -0.060795 0.135054 -0.112969
vn 0.890118 -0.122821 -0.438868
v -0.068378 0.123338 -0.122798
vn 0.871307 -0.031741 -0.489711
v -0.058512 0.121263 -0.104611
vn 0.741927 -0.381705 -0.551222
v -0.035957 0.145233 -0.073330
vn 0.567707 -0.392125 -0.723841
v -0.024022 0.153107 -0.068490
vn 0.827842 -0.299892 -0.474070
v -0.035096 0.162893 -0.090335
vn 0.746197 -0.338427 -0.573286
v -0.028747 0.163266 -0.079813
vn 0.733217 0.328246 -0.595523
v -0.058731 0.173362 -0.129199
vn 0.748741 0.318521 -0.581318
v -0.049425 0.175064 -0.116305
vn 0.832540 0.096907 -0.545423
v -0.036774 0.175680 -0.097059
vn 0.827439 -0.047281 -0.559562
v -0.030835 0.175749 -0.087352
vn 0.673504 0.112202 -0.730618
v -0.018560 0.174800 -0.070319
vn 0.502433 0.703412 -0.502765
v -0.072586 0.191103 -0.127349
vn 0.514284 0.694176 -0.503618
v -0.059213 0.189975 -0.113680
vn 0.647457 0.559289 -0.517683
v -0.046644 0.188029 -0.102171
vn 0.754684 0.369939 -0.541845
v -0.033093 0.185614 -0.086679
vn 0.603019 0.490803 -0.628872
v -0.017717 0.184617 -0.066608
vn 0.300953 0.855659 -0.421041
v -0.087770 0.202418 -0.117348
vn 0.338452 0.842561 -0.418977
v -0.074573 0.202810 -0.107382
vn 0.481217 0.773303 -0.412835
v -0.056522 0.197785 -0.098277
vn 0.565786 0.697090 -0.440400
v -0.037328 0.193002 -0.082757
vn 0.480666 0.750076 -0.454254
v -0.018470 0.194081 -0.057264
vn 0.413929 0.823037 -0.388937
v -0.063154 0.205640 -0.088031
vn 0.299542 0.935670 -0.186539
v -0.060988 0.216133 -0.056703
vn 0.401112 0.892764 -0.205137
v -0.042364 0.211265 -0.049797
vn 0.454588 0.857265 -0.241757
v -0.030591 0.204630 -0.050416
vn 0.303398 0.893589 -0.330830
v -0.018620 0.202150 -0.040857
vn 0.063149 0.925574 -0.373262
v -0.004926 0.201736 -0.034002
vn 0.233115 0.788765 -0.568777
v -0.005888 0.194361 -0.048955
vn 0.326303 0.939861 -0.100934
v -0.033303 0.210653 -0.027548
vn 0.200290 0.958133 -0.204611
v -0.020211 0.207235 -0.023829
vn 0.018430 0.975722 -0.218237
v -0.006498 0.206650 -0.018630
vn -0.014364 0.398508 0.917052
v -0.017451 0.170194 0.049587
vn 0.164751 0.388141 0.906755
v -0.026211 0.164171 0.052697
vn 0.261051 0.621510 0.738633
v -0.070275 0.185497 0.052741
vn 0.170847 0.985140 0.017621
v -0.029439 0.209982 -0.014990
vn 0.129379 0.972615 0.193085
v -0.054220 0.215008 -0.010520
vn 0.047137 0.990683 0.127769
v -0.097937 0.219710 -0.015773
vn 0.172182 0.927095 0.332938
v -0.066025 0.206851 0.020919
vn 0.078349 0.971550 0.223500
v -0.030824 0.207616 -0.000779
vn 0.062522 0.920082 0.386704
v -0.034375 0.201825 0.016242
vn -0.136666 0.901067 0.411582
v -0.017971 0.204456 0.019201
vn 0.055725 0.893157 0.446280
v 0.007459 0.204961 0.020087
vn 0.180800 0.864160 0.469616
v -0.076454 0.202034 0.036871
vn 0.194390 0.808883 0.554906
v -0.041591 0.196918 0.029459
vn -0.056400 0.827813 0.558162
v -0.031881 0.196596 0.028060
vn -0.074322 0.780522 0.620695
v -0.014470 0.197036 0.031819
vn 0.055111 0.791968 0.608071
v 0.007568 0.196530 0.032265
vn 0.218184 0.734039 0.643104
v -0.070815 0.195110 0.044364
vn -0.026404 0.596131 0.802453
v -0.027782 0.183064 0.040684
vn -0.034723 0.582915 0.811791
v -0.002018 0.187078 0.041674
vn 0.251027 0.265429 0.930878
v 0.015562 0.176352 0.044704
vn 0.220579 0.145328 0.964482
v 0.010291 0.159167 0.049394
vn 0.276509 0.059135 0.959190
v 0.021800 0.149750 0.047501
vn 0.246266 0.009766 0.969153
v 0.005089 0.143257 0.052268
vn 0.214340 -0.238957 0.947079
v 0.003847 0.118021 0.049350
vn 0.156743 0.042003 0.986746
v -0.006399 0.141961 0.054840
vn 0.280668 -0.155273 0.947162
v -0.033991 0.130448 0.058952
vn 0.160286 0.160514 0.973932
v -0.019072 0.148973 0.054732
vn 0.086676 0.304171 0.948666
v -0.002226 0.172846 0.049264
vn -0.171079 0.617954 -0.767375
v 0.007630 0.187445 -0.058382
vn 0.454701 -0.795484 0.400564
v -0.025514 0.071129 -0.002983
vn 0.269430 -0.892230 0.362399
v -0.017472 0.078782 0.007384
vn 0.378562 -0.924307 0.048453
v -0.000975 0.081863 -0.003312
vn 0.552037 -0.806036 0.213449
v -0.012008 0.075289 -0.014423
vn 0.744932 0.194121 -0.638274
v -0.017048 0.109020 -0.044762
vn 0.799491 0.085750 -0.594526
v -0.006760 0.092977 -0.040900
vn 0.917536 -0.262020 -0.299120
v -0.007104 0.081190 -0.041249
vn 0.707310 -0.696663 -0.119892
v -0.003468 0.081542 -0.020810
vn 0.357989 -0.866450 0.348007
v 0.020205 0.091948 0.023672
vn 0.819738 -0.571316 -0.040345
v -0.018770 0.060215 -0.054114
vn 0.920859 -0.201127 -0.334015
v -0.014831 0.069609 -0.059783
vn 0.814493 0.255215 -0.521024
v -0.039223 0.111294 -0.071155
vn 0.731999 -0.032637 -0.680523
v -0.025505 0.119822 -0.052885
vn 0.683261 -0.242079 -0.688878
v -0.032739 0.129395 -0.062588
vn 0.825036 0.217453 -0.521565
v -0.018819 0.077261 -0.066949
vn 0.842057 0.269583 -0.467188
v -0.046397 0.110194 -0.085485
vn 0.895020 -0.306097 -0.324413
v -0.033101 0.048248 -0.090079
vn 0.871757 0.042515 -0.488090
v -0.029805 0.062518 -0.087404
vn 0.829743 0.223690 -0.511360
v -0.035651 0.076511 -0.093679
vn 0.787942 0.241734 -0.566314
v -0.049254 0.077208 -0.113222
vn 0.235106 -0.718092 0.655034
v 0.006207 0.094524 0.035298
vn 0.680202 -0.714417 0.164119
v -0.035707 0.043418 -0.051890
vn 0.559116 -0.737302 0.379177
v -0.029467 0.062202 -0.014258
vn 0.095394 -0.806684 0.583233
v -0.033296 0.089763 0.030155
vn 0.326021 -0.777291 0.538079
v -0.031991 0.077612 0.013772
vn 0.254118 -0.931999 0.258459
v 0.011982 0.088408 0.021224
vn 0.627279 -0.736712 0.252538
v -0.025392 0.060161 -0.027397
vn 0.393309 -0.836517 0.381506
v -0.108378 -0.000666 -0.028171
vn 0.487136 -0.746329 0.453533
v -0.101352 0.015965 -0.005058
vn 0.910349 -0.225517 -0.346997
v -0.075536 0.129532 -0.142514
vn 0.887780 -0.095673 -0.450215
v -0.071352 0.151428 -0.149068
vn 0.752216 0.330441 -0.570069
v -0.072616 0.169813 -0.148708
vn 0.484119 0.727802 -0.485730
v -0.106865 0.178409 -0.176365
vn 0.468313 0.717156 -0.516110
v -0.085362 0.187473 -0.143348
vn 0.304808 0.845653 -0.438136
v -0.095666 0.194439 -0.138013
vn 0.234337 0.894283 -0.381240
v -0.114788 0.204980 -0.128616
vn 0.011828 0.993835 -0.110238
v -0.138368 0.216788 -0.101368
vn 0.094403 0.964288 0.247462
v -0.085791 0.214214 0.006402
vn 0.119697 0.936397 0.329899
v -0.082407 0.209572 0.021435
vn -0.072108 0.993155 0.091893
v -0.123400 0.220729 -0.028101
vn -0.218396 0.962278 0.162247
v -0.139253 0.218105 -0.026322
vn -0.399141 0.913253 0.081585
v -0.161409 0.214254 -0.050767
vn -0.423910 0.872708 0.242242
v -0.152897 0.214047 -0.025941
vn -0.310699 0.896877 0.314768
v -0.137047 0.209950 0.006307
vn -0.150341 0.968956 -0.196271
v -0.165402 0.211194 -0.131838
vn 0.204947 0.936909 -0.283193
v -0.147352 0.200429 -0.164407
vn 0.124231 0.949735 -0.287351
v -0.143484 0.210103 -0.131245
vn -0.447757 0.864424 0.228661
v -0.167808 0.202664 -0.019842
vn -0.361218 0.905699 0.221879
v -0.166927 0.199888 -0.006722
vn 0.938412 -0.038093 -0.343413
v -0.076315 0.118671 -0.139064
vn 0.934245 0.121873 -0.335161
v -0.074628 0.107930 -0.137453
vn 0.873624 0.108793 -0.474284
v -0.067412 0.112858 -0.120553
vn 0.300706 0.870090 -0.390538
v -0.118479 0.196804 -0.149419
vn 0.470276 -0.702296 0.534435
v -0.038433 0.066019 0.002263
vn 0.326470 -0.725163 0.606264
v -0.044334 0.076958 0.018764
vn 0.545551 -0.762009 0.348879
v -0.077163 0.017750 -0.031977
vn 0.612227 -0.750408 0.249130
v -0.051409 0.029758 -0.049639
vn 0.499488 -0.748970 0.435381
v -0.082334 0.024557 -0.011622
vn 0.499445 -0.690982 0.522588
v -0.066848 0.041936 0.000670
vn 0.520719 -0.640752 0.564170
v -0.060003 0.065473 0.017111
vn 0.542019 -0.759001 0.360738
v -0.064903 0.029012 -0.025330
vn 0.578880 -0.721996 0.378972
v -0.043193 0.051506 -0.012890
vn 0.248635 0.659956 0.708970
v -0.086461 0.182550 0.061014
vn 0.132977 0.663967 0.735843
v -0.099970 0.181420 0.066549
vn -0.155705 0.917521 0.365939
v -0.115985 0.209354 0.024070
vn -0.009710 0.954837 0.296972
v -0.102026 0.211756 0.018998
vn 0.043682 0.878060 0.476553
v -0.098306 0.204851 0.037715
vn -0.121665 0.836711 0.533960
v -0.112516 0.198061 0.046747
vn 0.056818 0.759482 0.648042
v -0.106897 0.191383 0.056745
vn 0.120781 0.749861 0.650477
v -0.094469 0.194914 0.051497
vn -0.249022 0.877228 0.410439
v -0.138563 0.191307 0.042486
vn -0.311543 0.835636 0.452387
v -0.125144 0.203517 0.031305
vn -0.343761 0.881540 0.323597
v -0.154024 0.198700 0.012887
vn -0.124635 0.790989 0.599001
v -0.114786 0.187120 0.061563
vn 0.502650 -0.752725 0.425146
v -0.112611 0.016813 0.008365
vn 0.510421 -0.770169 0.382505
v -0.095510 0.029430 0.007782
vn 0.529748 -0.736626 0.420416
v -0.102060 0.027834 0.021803
vn 0.596592 -0.667915 0.444937
v -0.078394 0.042641 0.010758
vn 0.585241 -0.570485 0.576229
v -0.072231 0.058768 0.024725
vn 0.068756 0.972027 -0.224581
v -0.141053 0.214444 -0.113798
vn 0.163977 0.935001 -0.314460
v -0.118015 0.211603 -0.112980
vn -0.328436 0.943295 -0.048215
v -0.180074 0.209753 -0.113236
vn -0.085668 0.987617 -0.131429
v -0.161756 0.214398 -0.114978
vn 0.211826 0.900718 -0.379258
v -0.093558 0.207530 -0.109791
vn 0.443506 0.831039 -0.335672
v -0.041319 0.206877 -0.062713
vn 0.342171 0.885271 -0.314984
v -0.066961 0.213105 -0.077061
vn 0.240787 0.912250 -0.331394
v -0.088669 0.217670 -0.084934
vn 0.034540 0.999398 -0.003229
v -0.101549 0.224251 -0.055093
vn 0.327526 0.941442 -0.080083
v -0.046421 0.215688 -0.033217
vn 0.887243 0.048218 -0.458776
v -0.046804 0.120030 -0.082854
vn 0.875944 -0.165030 -0.453308
v -0.046074 0.134330 -0.083924
vn 0.822175 -0.086037 -0.562696
v -0.040140 0.126614 -0.070545
vn 0.202566 0.967185 -0.153365
v -0.083175 0.221492 -0.064355
vn 0.158761 0.987300 -0.005868
v -0.080574 0.222207 -0.045952
vn 0.175818 0.976623 0.123677
v -0.051736 0.216272 -0.020636
vn -0.056740 0.976772 0.206631
v -0.111949 0.218606 -0.006036
vn -0.170293 0.949789 0.262490
v -0.124856 0.215608 -0.002374
vn -0.012499 0.991026 0.133082
v -0.108444 0.221569 -0.035944
vn 0.222719 0.617181 0.754641
v -0.040397 0.183934 0.042656
vn -0.140572 0.964213 0.224795
v -0.019797 0.207431 0.008543
vn -0.009808 0.999579 0.027298
v -0.020886 0.208648 -0.006437
vn 0.229687 -0.106774 0.967390
v -0.002201 0.130657 0.053213
vn 0.156699 -0.460073 0.873944
v -0.010200 0.108960 0.048668
vn 0.219145 -0.465591 0.857438
v 0.009216 0.111768 0.045969
vn 0.292745 -0.300474 0.907753
v 0.032036 0.122293 0.043375
vn 0.076986 -0.603872 0.793355
v -0.027892 0.107262 0.050024
vn 0.069124 -0.706861 0.703967
v -0.012406 0.093261 0.037494
vn 0.472856 -0.726742 0.498250
v -0.110307 0.027958 0.031611
vn 0.796658 0.315572 -0.515509
v -0.026554 0.081647 -0.074996
vn 0.777623 -0.626429 0.053744
v -0.011617 0.069367 -0.039333
vn 0.746855 0.310192 -0.588207
v -0.023345 0.101908 -0.056535
vn 0.833680 0.195587 -0.516453
v -0.011628 0.087529 -0.049853
vn 0.057613 -0.815918 -0.575290
v 0.013194 0.115740 -0.032934
vn 0.533629 -0.286852 -0.795586
v -0.010666 0.112926 -0.037027
vn 0.301450 -0.593112 -0.746556
v 0.004071 0.113587 -0.028002
vn 0.639333 -0.134529 -0.757071
v 0.004995 0.098991 -0.026308
vn 0.101235 -0.916414 0.387217
v -0.015170 0.084249 0.022853
vn 0.754477 0.098352 -0.648916
v -0.030928 0.115322 -0.059459
vn 0.837388 -0.332428 -0.433904
v -0.050021 0.141446 -0.097597
vn 0.939682 0.083958 -0.331586
v -0.083461 0.107907 -0.167110
vn 0.954665 0.004929 -0.297643
v -0.083798 0.116323 -0.167113
vn 0.754184 0.392946 -0.526117
v -0.084671 0.164037 -0.168706
vn 0.907264 -0.029059 -0.419556
v -0.080497 0.145974 -0.170011
vn 0.291252 -0.812838 0.504447
v -0.122069 0.019669 0.024035
vn 0.868861 0.210075 -0.448272
v -0.070529 0.094109 -0.134227
vn 0.649304 -0.749167 0.130968
v -0.066239 0.011836 -0.074120
vn 0.878909 0.098934 -0.466617
v -0.053772 0.112698 -0.097633
vn 0.821656 0.263891 -0.505215
v -0.059320 0.104220 -0.111758
vn 0.797410 0.359375 -0.484754
v -0.038444 0.087955 -0.090838
vn 0.511832 -0.779048 0.362096
v -0.092203 0.001744 -0.041769
vn 0.915661 0.040376 -0.399917
v -0.076216 0.079057 -0.154031
vn 0.611526 -0.664824 0.429004
v -0.082232 0.042732 0.020457
vn 0.276846 -0.654481 0.703570
v -0.044195 0.098589 0.043693
vn 0.040463 -0.357741 -0.932944
v 0.000085 0.155620 -0.059835
vn 0.394678 0.752946 0.526594
v 0.057896 0.201095 0.010339
vn 0.464005 0.330043 0.822053
v 0.067144 0.168523 0.024875
vn 0.469322 -0.811734 0.347599
v 0.044083 0.102912 0.022351
vn 0.475067 -0.704616 0.527093
v 0.076145 0.120244 0.011716
vn 0.356630 0.367176 0.859067
v 0.031555 0.184818 0.036311
vn 0.230014 0.693435 0.682819
v 0.034031 0.195704 0.028985
vn -0.141514 -0.800913 -0.581818
v 0.025771 0.116361 -0.036170
vn -0.193747 -0.722550 -0.663614
v 0.048314 0.116342 -0.040520
vn -0.248890 -0.773836 -0.582437
v 0.070169 0.113599 -0.044336
vn 0.536618 0.422110 0.730661
v 0.083394 0.172624 0.012038
vn 0.523437 0.604070 0.600927
v 0.108231 0.177894 -0.015021
vn 0.407143 0.791726 0.455417
v 0.105429 0.187186 -0.027233
vn 0.296540 0.953844 0.047392
v 0.083350 0.199849 -0.041266
vn 0.263548 0.963280 0.051321
v 0.060814 0.208397 -0.020239
vn 0.093612 0.965541 -0.242834
v 0.053473 0.209126 -0.037810
vn -0.168553 0.869788 -0.463744
v 0.041352 0.204282 -0.044827
vn -0.219490 0.780805 -0.584951
v 0.040107 0.194378 -0.059692
vn -0.257062 0.633821 -0.729513
v 0.037634 0.185678 -0.068791
vn 0.296025 -0.767518 -0.568581
v 0.034782 0.103825 -0.013261
vn 0.225353 -0.947023 -0.228832
v 0.055807 0.108712 -0.010036
vn 0.332160 -0.926562 0.176500
v 0.066805 0.110995 0.003823
vn 0.583044 -0.329738 0.742518
v 0.067745 0.126308 0.027227
vn -0.333860 0.363450 -0.869737
v 0.031500 0.174157 -0.074268
vn -0.467079 -0.431057 -0.772028
v 0.036431 0.153353 -0.076687
vn -0.252785 -0.663280 -0.704386
v 0.022572 0.138478 -0.055043
vn -0.230157 -0.708277 -0.667362
v 0.035554 0.127944 -0.046833
vn -0.197381 -0.898872 -0.391241
v 0.065952 0.109830 -0.036951
vn 0.112526 -0.960573 0.254240
v 0.074991 0.111834 -0.003648
vn 0.023321 -0.995645 0.090260
v 0.065113 0.109602 -0.012479
vn -0.116478 -0.993183 0.004589
v 0.085832 0.105527 -0.032241
vn -0.089606 -0.988307 -0.123368
v 0.054269 0.109714 -0.026439
vn 0.326370 0.903885 0.276540
v 0.060659 0.205408 -0.001944
vn 0.436218 0.885449 0.160291
v 0.079095 0.200440 -0.016598
vn 0.520854 0.529097 0.669901
v 0.060108 0.194725 0.014914
vn 0.591127 0.003598 0.806571
v 0.080510 0.146684 0.022471
vn 0.569979 0.540563 0.618802
v 0.080807 0.184831 0.005152
vn -0.340776 0.404124 -0.848855
v 0.062141 0.176727 -0.084427
vn -0.432013 -0.579761 -0.690827
v 0.059779 0.141501 -0.084127
vn -0.270738 -0.808415 -0.522654
v 0.065867 0.121906 -0.053218
vn -0.098687 0.876287 -0.471573
v 0.059876 0.200320 -0.058131
vn -0.234564 0.699648 -0.674887
v 0.064458 0.188528 -0.076956
vn 0.162619 0.890333 0.425279
v 0.040987 0.205469 0.011729
vn 0.272641 0.758590 0.591784
v 0.042638 0.199886 0.020893
vn 0.410449 0.242718 0.878988
v 0.049388 0.163400 0.035601
vn 0.423801 0.529354 0.734967
v 0.049815 0.193977 0.022498
vn 0.014987 0.999808 0.012612
v 0.037965 0.212479 -0.017810
vn 0.133964 0.958077 0.253262
v 0.040412 0.209824 -0.000771
vn 0.382247 0.128688 0.915055
v 0.052131 0.144414 0.038327
vn 0.471282 0.219824 0.854149
v 0.069010 0.154825 0.028503
vn 0.519323 0.290955 0.803523
v 0.080037 0.161878 0.019497
vn 0.595337 0.309785 0.741355
v 0.093251 0.162313 0.009782
vn 0.437436 -0.112978 0.892124
v 0.057055 0.133150 0.036483
vn 0.470489 0.203846 0.858538
v 0.103746 0.151100 0.003037
vn 0.222102 -0.838786 0.497100
v 0.084560 0.115328 0.000356
vn 0.417908 -0.908054 0.028118
v 0.039582 0.097558 0.008320
vn -0.240460 0.749547 -0.616732
v 0.054124 0.192215 -0.068760
vn -0.314740 0.517270 -0.795846
v 0.051140 0.180532 -0.077697
vn -0.365172 0.158955 -0.917269
v 0.058888 0.163733 -0.087936
vn -0.351427 -0.798139 -0.489360
v 0.049849 0.132219 -0.061152
vn 0.569750 -0.500210 0.652055
v 0.084163 0.127612 0.012915
vn 0.454313 -0.580799 0.675479
v 0.050507 0.114425 0.033009
vn 0.111201 0.968784 -0.221568
v 0.072500 0.202017 -0.053406
vn -0.042569 0.972622 -0.228460
v 0.045449 0.211118 -0.030204
vn 0.530963 0.736527 0.419053
v 0.075217 0.198260 -0.003023
vn -0.442846 -0.685327 -0.578113
v 0.046316 0.141736 -0.073694
vn -0.443642 -0.522303 -0.728273
v 0.023280 0.153181 -0.068044
vn -0.360125 -0.818641 -0.447367
v 0.063228 0.134051 -0.076482
vn -0.365536 -0.696036 -0.617994
v 0.033335 0.141763 -0.064036
vn -0.408304 -0.261194 -0.874680
v 0.059686 0.150770 -0.088520
vn -0.428767 -0.084320 -0.899471
v 0.038783 0.159793 -0.079781
vn 0.136032 0.984280 0.112642
v 0.096044 0.198400 -0.047494
vn 0.034898 0.973252 -0.227075
v 0.085595 0.198003 -0.063319
vn -0.088767 0.872436 -0.480599
v 0.080329 0.193954 -0.073729
vn -0.239029 -0.810252 -0.535123
v 0.098764 0.107946 -0.051077
vn -0.142012 -0.968305 -0.205472
v 0.100294 0.104128 -0.043466
vn -0.356647 -0.648674 -0.672328
v 0.075037 0.135339 -0.087319
vn -0.360610 -0.358703 -0.860984
v 0.076536 0.142892 -0.093864
vn -0.370972 0.067898 -0.926159
v 0.072695 0.157665 -0.094316
vn -0.029529 -0.977771 0.207586
v 0.089285 0.106391 -0.022659
vn 0.314692 -0.583927 0.748330
v 0.088894 0.120140 0.003929
vn 0.529930 -0.140052 0.836397
v 0.094067 0.137016 0.009224
vn 0.424714 0.501978 0.753416
v 0.109855 0.165589 -0.005604
vn 0.424289 -0.297826 0.855148
v 0.095634 0.133091 0.007807
vn 0.335060 0.887733 0.315697
v 0.097392 0.193271 -0.032987
vn 0.065128 -0.867548 -0.493071
v 0.033859 0.110494 -0.021185
vn -0.336679 -0.240707 -0.910333
v 0.008008 0.163939 -0.064732
vn 0.278386 -0.033859 0.959872
v 0.031893 0.139050 0.044787
vn 0.324604 0.167332 0.930931
v 0.036665 0.158980 0.042049
vn -0.124658 0.816179 -0.564191
v 0.006328 0.195663 -0.047398
vn -0.127659 0.916336 -0.379516
v 0.007101 0.202252 -0.035041
vn 0.020737 0.983643 0.178933
v 0.019603 0.210769 -0.000012
vn -0.132791 0.959618 -0.247992
v 0.008067 0.207046 -0.021885
vn -0.087606 0.994066 -0.064479
v 0.016721 0.210695 -0.011710
vn 0.088480 0.862810 0.497725
v 0.025462 0.201850 0.022113
vn 0.146304 0.588529 0.795128
v 0.017295 0.190483 0.038059
vn 0.078620 0.933359 0.350229
v 0.023828 0.208141 0.009543
vn -0.317374 -0.503407 -0.803651
v 0.010852 0.152264 -0.061047
vn -0.239487 -0.792284 -0.561189
v 0.092561 0.116802 -0.058734
vn 0.334064 0.118206 0.935109
v 0.118663 0.144865 -0.001226
vn 0.268939 -0.410250 0.871417
v 0.109545 0.125603 0.000578
vn 0.215123 -0.702150 0.678754
v 0.110486 0.117411 -0.005753
vn 0.119130 -0.847639 0.517026
v 0.107415 0.110006 -0.015486
vn 0.048146 -0.936243 0.348040
v 0.107049 0.106237 -0.023846
vn 0.102261 -0.957468 0.269810
v 0.136510 0.104101 -0.035971
vn -0.012255 -0.989119 0.146606
v 0.115642 0.103044 -0.036183
vn -0.346956 0.231555 -0.908848
v 0.083754 0.167204 -0.097155
vn -0.370521 -0.138465 -0.918445
v 0.092010 0.150975 -0.100787
vn -0.127406 0.805925 -0.578145
v 0.096372 0.189289 -0.085213
vn -0.265600 0.574167 -0.774461
v 0.083534 0.181175 -0.090061
vn -0.093870 0.731469 -0.675382
v 0.113014 0.183665 -0.096106
vn -0.228768 0.448104 -0.864215
v 0.109603 0.171651 -0.105260
vn 0.248222 0.905636 0.343815
v 0.141049 0.192785 -0.052392
vn 0.082559 0.986206 -0.143461
v 0.125950 0.197004 -0.067094
vn -0.049783 -0.954302 -0.294667
v 0.137026 0.104122 -0.057263
vn -0.319163 -0.007511 -0.947670
v 0.115189 0.155209 -0.111321
vn -0.375869 -0.372689 -0.848425
v 0.109900 0.144256 -0.107007
vn 0.283990 -0.578604 0.764570
v 0.144691 0.122154 -0.012473
vn 0.315245 -0.193539 0.929066
v 0.147082 0.134027 -0.007751
vn 0.187745 -0.646395 0.739544
v 0.241244 0.124723 -0.058457
vn -0.103097 0.946390 -0.306133
v 0.230011 0.176196 -0.088742
vn -0.122526 0.751878 -0.647817
v 0.212541 0.160208 -0.112753
vn 0.430222 -0.672381 0.602339
v 0.201922 0.116386 -0.043437
vn 0.126007 -0.134472 0.982873
v 0.237854 0.143897 -0.048135
vn 0.041104 0.821171 -0.569199
v 0.199639 0.173033 -0.095108
vn -0.027524 0.262964 -0.964413
v 0.169334 0.148230 -0.120750
vn -0.142424 -0.264130 -0.953913
v 0.162589 0.138575 -0.119700
vn -0.267308 -0.880871 -0.390656
v 0.203329 0.108645 -0.102519
vn -0.220147 -0.879279 -0.422379
v 0.177366 0.114962 -0.099768
vn -0.075432 -0.996964 0.019325
v 0.199405 0.106068 -0.076098
vn -0.172635 -0.965328 0.195805
v 0.223362 0.101606 -0.080973
vn 0.155421 -0.880418 0.448005
v 0.210393 0.108205 -0.065390
vn -0.387970 -0.871408 -0.300212
v 0.222173 0.104396 -0.106444
vn -0.311357 -0.876681 -0.366725
v 0.237419 0.097574 -0.111931
vn -0.273315 -0.563547 -0.779560
v 0.235945 0.104598 -0.120147
vn -0.294483 -0.950178 -0.102186
v 0.220746 0.101329 -0.091716
vn -0.316676 -0.947793 -0.037483
v 0.234163 0.096432 -0.098289
vn 0.151535 -0.426763 0.891577
v 0.241702 0.135736 -0.050999
vn -0.184827 -0.921096 -0.342667
v 0.153459 0.113592 -0.080227
vn -0.124553 -0.891301 -0.435970
v 0.151587 0.108563 -0.067837
vn -0.215139 -0.214283 -0.952784
v 0.132555 0.146596 -0.115262
vn -0.224796 -0.703882 -0.673808
v 0.155806 0.127620 -0.110985
vn -0.167707 -0.670219 -0.722967
v 0.131904 0.132829 -0.107880
vn -0.218776 -0.891342 -0.397046
v 0.163294 0.116869 -0.097064
vn -0.184477 -0.861969 -0.472205
v 0.141019 0.121227 -0.093401
vn 0.077709 -0.994161 0.074871
v 0.153692 0.103108 -0.047734
vn 0.190934 -0.868643 0.457168
v 0.158253 0.106860 -0.037193
vn -0.066194 -0.990260 -0.122493
v 0.181013 0.106290 -0.069986
vn 0.376790 0.028195 0.925870
v 0.171274 0.140823 -0.016023
vn 0.341940 -0.434919 0.833020
v 0.163759 0.126544 -0.017180
vn 0.274673 -0.717871 0.639700
v 0.166396 0.115990 -0.027070
vn 0.191858 0.914879 0.355228
v 0.191796 0.175331 -0.060410
vn 0.203665 0.955216 -0.214669
v 0.161244 0.188453 -0.071005
vn 0.269499 -0.794376 0.544368
v 0.185319 0.112906 -0.038057
vn 0.377907 -0.679616 0.628736
v 0.218700 0.118524 -0.055005
vn 0.393660 -0.420784 0.817296
v 0.222743 0.130497 -0.048158
vn 0.217166 0.273326 0.937087
v 0.226606 0.154128 -0.046534
vn 0.418941 -0.129303 0.898760
v 0.224591 0.140839 -0.045716
vn 0.489851 -0.444475 0.749992
v 0.203044 0.124145 -0.037277
vn 0.464193 -0.198690 0.863161
v 0.194461 0.134130 -0.027505
vn 0.466864 0.158532 0.870003
v 0.212200 0.147590 -0.039056
vn 0.458964 0.215209 0.861996
v 0.190107 0.145723 -0.024882
vn 0.332689 -0.616112 0.713950
v 0.185933 0.121150 -0.030032
vn 0.176560 -0.950951 0.254005
v 0.180249 0.107015 -0.047202
vn 0.028575 -0.987886 -0.152530
v 0.159543 0.104032 -0.056629
vn 0.079584 -0.994608 0.066488
v 0.185358 0.105664 -0.058270
vn 0.312226 -0.864015 0.394960
v 0.204571 0.110753 -0.055029
vn -0.087971 -0.964737 -0.248082
v 0.165035 0.107394 -0.068653
vn -0.163678 -0.956922 -0.239811
v 0.176583 0.109792 -0.084571
vn -0.213732 -0.969196 -0.122381
v 0.201338 0.105808 -0.088928
vn 0.330701 0.922263 0.200171
v 0.151854 0.191516 -0.059355
vn 0.306534 0.927657 0.213282
v 0.177733 0.183141 -0.070444
vn -0.102279 0.993160 0.056322
v 0.229239 0.178452 -0.073410
vn 0.156813 0.984524 0.078246
v 0.203354 0.177695 -0.078619
vn -0.002544 0.962756 0.270361
v 0.213959 0.174985 -0.066508
vn -0.212967 -0.679156 -0.702419
v 0.184319 0.122148 -0.113070
vn 0.021041 0.486228 -0.873579
v 0.176429 0.156425 -0.116876
vn 0.035846 0.614738 -0.787917
v 0.154996 0.161793 -0.112920
vn -0.093850 0.234280 -0.967629
v 0.146021 0.155057 -0.117317
vn 0.223709 0.923094 -0.312812
v 0.135182 0.194253 -0.071673
vn 0.312010 0.815403 0.487614
v 0.148838 0.183661 -0.041990
vn 0.299929 0.675904 0.673199
v 0.150986 0.172738 -0.026072
vn 0.062959 0.711992 -0.699360
v 0.124748 0.177745 -0.102379
vn -0.119870 0.367921 -0.922098
v 0.125402 0.164294 -0.112118
vn -0.283314 -0.410912 -0.866536
v 0.121062 0.139397 -0.109569
vn 0.192297 0.853401 -0.484489
v 0.143931 0.182271 -0.085430
vn 0.117783 0.866642 -0.484829
v 0.121077 0.188817 -0.087822
vn 0.132748 0.816293 -0.562178
v 0.144665 0.174269 -0.099627
vn 0.075834 0.870166 -0.486889
v 0.182205 0.178480 -0.090146
vn 0.229436 0.961661 -0.150225
v 0.141513 0.194495 -0.066077
vn 0.161653 0.752281 0.638703
v 0.210592 0.165945 -0.050205
vn 0.306210 0.800675 0.514931
v 0.182751 0.170536 -0.044391
vn 0.243396 0.372359 0.895605
v 0.144794 0.151765 -0.010793
vn 0.308336 0.478552 0.822141
v 0.157888 0.156632 -0.017695
vn 0.329504 0.637265 0.696650
v 0.174025 0.160582 -0.027504
vn -0.032631 0.748428 0.662413
v 0.234899 0.172227 -0.055825
vn -0.028795 0.208009 0.977703
v 0.252608 0.157761 -0.048597
vn -0.330684 -0.651389 -0.682892
v 0.211581 0.113906 -0.114813
vn -0.181204 -0.359973 -0.915196
v 0.198244 0.128886 -0.120215
vn -0.084045 0.141414 -0.986376
v 0.195933 0.140975 -0.121357
vn -0.032712 0.607982 -0.793277
v 0.203246 0.155559 -0.116455
vn -0.002921 0.984976 -0.172669
v 0.217266 0.176031 -0.086395
vn 0.357337 0.556562 0.750033
v 0.210247 0.157464 -0.042293
vn 0.365199 0.459055 0.809876
v 0.186424 0.153969 -0.026705
vn 0.319292 0.349380 0.880901
v 0.165337 0.149256 -0.015634
vn 0.274421 0.205796 0.939330
v 0.146970 0.143731 -0.008156
vn 0.295132 -0.062164 0.953432
v 0.109908 0.134118 0.002320
vn 0.152355 0.985796 0.070663
v 0.128590 0.196635 -0.056120
vn -0.017049 0.938050 -0.346080
v 0.103378 0.194249 -0.075924
vn -0.204881 -0.915290 -0.346796
v 0.117519 0.121827 -0.084788
vn -0.303010 -0.848827 -0.433218
v 0.078800 0.128827 -0.078924
vn -0.159998 -0.882929 -0.441403
v 0.128844 0.122220 -0.092757
vn -0.193690 -0.889145 -0.414615
v 0.135806 0.115053 -0.072531
vn -0.238827 -0.899909 -0.364864
v 0.086745 0.122126 -0.066624
vn -0.267264 -0.675076 -0.687635
v 0.123503 0.131163 -0.104540
vn -0.338986 -0.540845 -0.769789
v 0.102561 0.135638 -0.098907
vn 0.085741 -0.922041 0.377476
v 0.123389 0.106455 -0.024830
vn 0.190032 -0.812418 0.551239
v 0.128253 0.110538 -0.018886
vn 0.235615 -0.615149 0.752381
v 0.127814 0.119084 -0.008854
vn 0.277435 -0.207616 0.938044
v 0.130616 0.129726 -0.003792
vn -0.268018 -0.789658 -0.551911
v 0.105647 0.128122 -0.091452
vn -0.367230 0.214393 -0.905084
v 0.097649 0.162218 -0.103604
vn -0.278172 0.538348 -0.795489
v 0.098846 0.175719 -0.099221
vn -0.164849 -0.853790 -0.493829
v 0.119620 0.105840 -0.055378
vn -0.034800 -0.995797 -0.084717
v 0.123936 0.102451 -0.046194
vn 0.142787 0.950032 0.277579
v 0.118942 0.195951 -0.048732
vn 0.244479 0.810746 0.531902
v 0.122953 0.190129 -0.039964
vn 0.272040 0.737534 0.618092
v 0.121002 0.173229 -0.017637
vn 0.264310 0.570158 0.777856
v 0.126154 0.165988 -0.011645
vn 0.286499 0.409976 0.865932
v 0.142461 0.160772 -0.014029
vn 0.241549 0.179588 0.953626
v 0.133687 0.140018 -0.004126
vn 0.054659 0.997663 -0.040990
v 0.112617 0.198293 -0.058868
vn -0.166706 -0.577741 0.799015
v 0.263639 0.124594 -0.057263
vn -0.035847 -0.859633 0.509652
v 0.249976 0.097129 -0.087021
vn -0.041784 -0.492604 0.869250
v 0.254537 0.135040 -0.052024
vn -0.133372 -0.958330 0.252618
v 0.241479 0.095583 -0.091665
vn 0.054562 -0.681509 0.729773
v 0.237725 0.108458 -0.071846
vn 0.050354 0.738316 -0.672573
v 0.176015 0.165212 -0.109722
vn 0.137943 0.953867 -0.266663
v 0.200231 0.177417 -0.087063
vn -0.058476 0.950964 -0.303723
v 0.247857 0.178047 -0.091022
vn 0.014003 0.988827 0.148410
v 0.251327 0.180169 -0.071890
vn -0.287486 -0.173467 -0.941945
v 0.211861 0.131292 -0.124695
vn -0.256702 0.006950 -0.966466
v 0.225206 0.139670 -0.130575
vn -0.241473 -0.367457 -0.898146
v 0.225514 0.121147 -0.124932
vn -0.102650 0.354370 -0.929454
v 0.248614 0.150156 -0.132636
vn -0.238180 0.446104 -0.862706
v 0.212365 0.151139 -0.120713
vn -0.014360 0.893998 -0.447841
v 0.257641 0.171434 -0.103237
vn -0.061214 0.871675 -0.486246
v 0.222354 0.168175 -0.102222
vn 0.154728 0.329030 -0.931557
v 0.470361 0.111531 -0.104317
vn -0.096370 -0.131055 0.986680
v 0.475393 0.081929 -0.048007
vn -0.183379 -0.723248 0.665796
v 0.283273 0.110350 -0.062198
vn 0.082962 0.947724 -0.308117
v 0.281235 0.176739 -0.090115
vn 0.304530 0.917051 -0.257448
v 0.497186 0.119192 -0.085158
vn -0.042341 -0.150350 -0.987726
v 0.485084 0.101850 -0.104719
vn -0.287014 -0.825940 0.485228
v 0.437348 0.083029 -0.060109
vn -0.286640 -0.944464 -0.160706
v 0.461724 0.073152 -0.072025
vn -0.235650 -0.576371 0.782474
v 0.439820 0.086460 -0.054238
vn -0.427444 -0.899015 0.095198
v 0.482915 0.065407 -0.061705
vn -0.266761 -0.956596 0.117314
v 0.433563 0.081645 -0.068374
vn -0.213412 -0.972365 -0.094661
v 0.427120 0.083514 -0.079322
vn 0.059327 -0.591425 -0.804175
v 0.433871 0.098827 -0.106211
vn 0.149763 -0.219008 -0.964161
v 0.438761 0.108042 -0.109622
vn 0.240924 0.190330 -0.951698
v 0.437602 0.116852 -0.110233
vn -0.186168 -0.622008 0.760557
v 0.406970 0.094881 -0.056639
vn -0.167140 -0.874945 0.454461
v 0.395182 0.092315 -0.063594
vn -0.141818 -0.981806 0.126270
v 0.396320 0.089461 -0.072504
vn 0.041221 -0.812065 -0.582109
v 0.411286 0.094817 -0.103919
vn 0.166071 -0.559302 -0.812159
v 0.413102 0.102997 -0.112306
vn 0.221732 -0.175730 -0.959142
v 0.415161 0.111555 -0.115663
vn 0.238540 0.214681 -0.947107
v 0.416701 0.120063 -0.115247
vn -0.074329 -0.612516 0.786956
v 0.385420 0.098379 -0.057590
vn -0.100534 -0.992292 -0.072449
v 0.393335 0.089771 -0.083204
vn -0.048706 -0.957299 -0.284966
v 0.405379 0.089913 -0.093005
vn 0.196977 -0.438652 -0.876803
v 0.385497 0.105221 -0.120476
vn 0.219520 -0.041330 -0.974732
v 0.387590 0.114478 -0.122117
vn 0.227514 0.267627 -0.936276
v 0.381065 0.125186 -0.122490
vn 0.306598 0.943903 0.122654
v 0.405980 0.146752 -0.084052
vn 0.223606 0.816504 0.532280
v 0.441116 0.132112 -0.071363
vn 0.261899 0.935368 0.237688
v 0.451980 0.131909 -0.078272
vn 0.105879 0.450556 0.886448
v 0.436731 0.117366 -0.058131
vn 0.266349 0.949626 0.165134
v 0.484330 0.122979 -0.076419
vn 0.289281 0.774907 -0.561992
v 0.479603 0.120562 -0.093363
vn 0.303249 0.939090 -0.161707
v 0.479778 0.124888 -0.086209
vn 0.100974 0.377708 0.920402
v 0.392452 0.128213 -0.058421
vn 0.126202 0.452010 0.883040
v 0.400636 0.132014 -0.060535
vn 0.102039 0.489378 0.866082
v 0.466113 0.106378 -0.055175
vn 0.051651 0.230029 0.971812
v 0.396785 0.114723 -0.053529
vn 0.008982 0.223201 0.974731
v 0.431902 0.103741 -0.052458
vn 0.012514 0.251135 0.967871
v 0.454616 0.096722 -0.050585
vn 0.021174 -0.086483 0.996028
v 0.388473 0.107490 -0.052995
vn -0.076571 -0.186614 0.979445
v 0.408700 0.101895 -0.053116
vn -0.124192 -0.174505 0.976793
v 0.443048 0.091846 -0.050752
vn 0.308595 0.919457 -0.243656
v 0.443452 0.135887 -0.090889
vn 0.327213 0.888847 -0.320753
v 0.403158 0.147457 -0.097090
vn 0.293202 0.696392 -0.655035
v 0.435455 0.130977 -0.102243
vn 0.293518 0.673526 -0.678388
v 0.400433 0.140149 -0.108011
vn 0.256764 0.550590 -0.794306
v 0.455057 0.119983 -0.103882
vn 0.262277 0.483160 -0.835324
v 0.417558 0.126930 -0.112097
vn 0.251019 0.473941 -0.844020
v 0.398629 0.131033 -0.115097
vn -0.026326 -0.950251 0.310370
v 0.254906 0.094235 -0.092137
vn -0.147428 -0.894451 0.422163
v 0.290958 0.102330 -0.071696
vn -0.110935 -0.740119 0.663262
v 0.257731 0.106521 -0.073599
vn -0.116476 -0.476214 -0.871581
v 0.255950 0.107802 -0.125766
vn -0.071052 -0.755741 -0.651004
v 0.298810 0.098774 -0.123271
vn -0.089687 -0.723755 -0.684204
v 0.270620 0.102245 -0.123937
vn -0.088374 -0.424757 -0.900984
v 0.289417 0.108989 -0.129305
vn -0.066667 -0.191475 -0.979231
v 0.278321 0.126022 -0.134113
vn -0.029744 0.030773 -0.999084
v 0.275660 0.139577 -0.135174
vn 0.056901 0.262227 -0.963327
v 0.285050 0.146863 -0.133782
vn -0.112730 -0.699881 -0.705307
v 0.253252 0.098703 -0.119715
vn -0.022005 -0.890324 -0.454796
v 0.272769 0.095010 -0.114445
vn -0.055486 -0.957470 -0.283149
v 0.256482 0.094451 -0.111611
vn -0.024183 -0.962614 -0.269797
v 0.290786 0.095085 -0.113966
vn -0.105254 -0.993848 -0.034457
v 0.250545 0.092767 -0.102912
vn 0.013946 -0.999682 0.021000
v 0.289633 0.094136 -0.100344
vn 0.098034 0.939329 -0.328711
v 0.301354 0.171041 -0.095707
vn 0.083411 0.648273 0.756826
v 0.276921 0.168620 -0.052491
vn -0.054924 -0.190150 0.980217
v 0.257468 0.146997 -0.048183
vn -0.136732 -0.363522 0.921497
v 0.299755 0.127685 -0.046659
vn 0.130550 0.487857 -0.863106
v 0.296530 0.149077 -0.131757
vn 0.054764 0.559790 -0.826823
v 0.280626 0.154669 -0.130860
vn -0.018427 0.772571 -0.634661
v 0.264867 0.161880 -0.124125
vn 0.048369 0.946142 -0.320118
v 0.300988 0.168913 -0.104298
vn 0.072516 0.921259 -0.382131
v 0.285088 0.172699 -0.097495
vn 0.073348 0.868361 -0.490479
v 0.300468 0.164725 -0.115318
vn 0.132060 0.656671 -0.742525
v 0.298674 0.158776 -0.125019
vn 0.063947 0.808826 -0.584561
v 0.286660 0.161099 -0.123703
vn -0.160317 -0.857619 0.488660
v 0.322735 0.100243 -0.063170
vn -0.016495 -0.528168 -0.848979
v 0.313858 0.105583 -0.130900
vn 0.010029 -0.157346 -0.987493
v 0.316052 0.116144 -0.134027
vn 0.071118 0.082620 -0.994040
v 0.308345 0.131431 -0.134680
vn 0.142004 0.345529 -0.927601
v 0.311458 0.141633 -0.132142
vn -0.081169 -0.902161 0.423694
v 0.358146 0.094558 -0.065630
vn -0.081041 -0.989097 0.122965
v 0.362374 0.091727 -0.076443
vn 0.046534 -0.913433 -0.404319
v 0.373424 0.095440 -0.111574
vn 0.123974 -0.767496 -0.628951
v 0.379564 0.099051 -0.116644
vn -0.123865 -0.905244 0.406437
v 0.341069 0.096049 -0.066050
vn -0.116904 -0.978650 0.169049
v 0.333516 0.093954 -0.079536
vn -0.056046 -0.998403 0.007150
v 0.342757 0.092444 -0.089650
vn -0.006891 -0.988393 -0.151764
v 0.332457 0.093516 -0.108235
vn 0.164953 0.076284 -0.983347
v 0.347892 0.120289 -0.130797
vn 0.180997 0.295426 -0.938064
v 0.328594 0.136888 -0.130994
vn -0.053684 -0.997149 0.053022
v 0.316042 0.093882 -0.096838
vn -0.121388 -0.641261 0.757661
v 0.328028 0.107463 -0.053637
vn 0.183690 0.940735 -0.285090
v 0.338705 0.166377 -0.101999
vn 0.211634 0.934033 0.287738
v 0.323544 0.171042 -0.075915
vn 0.252063 0.920975 -0.297102
v 0.354428 0.164010 -0.099818
vn 0.027755 -0.149480 0.988375
v 0.328631 0.126027 -0.045463
vn 0.175230 0.037670 0.983807
v 0.347297 0.122609 -0.048203
vn -0.035313 -0.370868 0.928014
v 0.327575 0.118084 -0.047591
vn 0.024472 -0.325674 0.945166
v 0.346156 0.112294 -0.050111
vn 0.286902 0.675226 -0.679527
v 0.376264 0.148619 -0.110731
vn 0.248864 0.730204 -0.636294
v 0.352162 0.156094 -0.113240
vn 0.204325 0.764328 -0.611600
v 0.333921 0.160482 -0.115092
vn 0.079810 0.848503 -0.523138
v 0.314617 0.164060 -0.115370
vn 0.242315 0.489391 -0.837723
v 0.355398 0.141674 -0.122241
vn 0.162210 0.599110 -0.784064
v 0.320222 0.153951 -0.125054
vn -0.180339 -0.581184 0.793538
v 0.301767 0.115237 -0.053485
vn -0.080618 -0.702761 0.706843
v 0.342078 0.103046 -0.055165
vn 0.148500 0.096897 0.984154
v 0.369123 0.115217 -0.051895
vn -0.058831 -0.033117 0.997718
v 0.289329 0.143539 -0.044169
vn -0.097214 -0.859007 0.502649
v 0.277756 0.103686 -0.072750
vn -0.077952 -0.961725 0.262693
v 0.300471 0.097664 -0.083289
vn 0.206329 0.763618 0.611814
v 0.478786 0.121704 -0.069469
vn 0.425295 0.868178 0.255716
v 0.505716 0.116481 -0.073223
vn -0.018916 -0.128067 0.991585
v 0.505112 0.071506 -0.047899
vn 0.059705 0.875128 0.480195
v 0.262699 0.174954 -0.058652
vn 0.165453 0.900779 0.401526
v 0.287893 0.174926 -0.067762
vn 0.260794 0.713546 0.650260
v 0.309221 0.161838 -0.054172
vn 0.127455 0.988851 0.077002
v 0.289841 0.177408 -0.077356
vn 0.017417 0.308319 0.951123
v 0.282514 0.157983 -0.046704
vn 0.243648 0.960677 -0.133171
v 0.347285 0.165496 -0.087596
vn 0.156561 0.961309 -0.226656
v 0.316095 0.173047 -0.088091
vn 0.268409 0.959794 0.082173
v 0.351790 0.165431 -0.082453
vn 0.228943 0.832619 0.504313
v 0.315305 0.166636 -0.064413
vn 0.233581 0.871925 0.430333
v 0.339084 0.166287 -0.073694
vn 0.176191 0.457916 0.871361
v 0.305685 0.153332 -0.046949
vn 0.138227 0.185874 0.972802
v 0.318683 0.138633 -0.044504
vn 0.288891 0.435352 0.852649
v 0.323154 0.149117 -0.050191
vn 0.239993 0.320274 0.916421
v 0.355300 0.129487 -0.052031
vn 0.151956 0.317475 0.936012
v 0.372411 0.125605 -0.054513
vn 0.142272 0.403837 0.903700
v 0.366054 0.138556 -0.059904
vn 0.184936 0.565135 0.804003
v 0.345608 0.154634 -0.064108
vn 0.284218 0.536092 0.794875
v 0.351735 0.142276 -0.057581
vn 0.140791 0.476168 0.868010
v 0.366938 0.146205 -0.062343
vn 0.226289 0.765626 0.602172
v 0.367480 0.156057 -0.069610
vn 0.312815 0.922324 0.226862
v 0.370259 0.159312 -0.077755
vn 0.313662 0.948888 0.035043
v 0.374902 0.158683 -0.086939
vn 0.317781 0.865164 -0.387951
v 0.371415 0.158653 -0.099343
vn 0.141476 -0.259284 -0.955383
v 0.347755 0.110282 -0.130650
vn 0.100944 -0.684419 -0.722068
v 0.348156 0.102191 -0.126024
vn 0.051217 -0.909636 -0.412236
v 0.355684 0.096860 -0.116250
vn -0.013085 -0.983009 -0.183089
v 0.363605 0.092306 -0.101834
vn 0.292262 0.885167 0.362025
v 0.410900 0.142193 -0.073977
vn 0.240067 0.712586 0.659234
v 0.404614 0.139882 -0.067653
vn 0.171536 0.629495 0.757833
v 0.444116 0.125460 -0.065349
vn -0.042715 -0.744231 -0.666555
v 0.441109 0.089939 -0.097887
vn -0.058714 -0.582632 -0.810612
v 0.471381 0.087266 -0.098058
vn -0.148766 -0.917895 -0.367882
v 0.430855 0.085504 -0.090981
vn -0.197812 -0.839356 -0.506312
v 0.483019 0.069307 -0.079528
vn 0.016043 -0.877072 -0.480091
v 0.322321 0.096707 -0.121538
vn 0.089560 0.950543 -0.297402
v 0.317493 0.168980 -0.103977
vn 0.161992 0.952485 -0.257937
v 0.323626 0.169841 -0.091959
vn 0.261615 0.740186 0.619421
v 0.323530 0.164463 -0.065135
vn 0.227518 0.967757 -0.108085
v 0.327361 0.171018 -0.086961
vn 0.066513 0.214289 0.974503
v 0.495839 0.083914 -0.048371
vn -0.432718 -0.821012 -0.372416
v 0.490205 0.062917 -0.070959
vn -0.235648 -0.522282 0.819567
v 0.482089 0.072636 -0.050068
vn -0.367503 -0.787983 0.493989
v 0.477921 0.069588 -0.054800
vn 0.228676 0.751962 -0.618272
v 0.496337 0.112047 -0.097580
vn -0.169088 -0.373892 -0.911929
v 0.234537 0.114295 -0.124102
vn -0.120018 -0.180938 -0.976144
v 0.246737 0.134904 -0.132355
vn -0.156528 0.755438 -0.636248
v 0.243899 0.158796 -0.125770
vn -0.021527 -0.935560 0.352511
v 0.570517 0.023887 -0.062646
vn 0.411370 -0.786321 -0.460948
v 0.559474 0.020945 -0.069272
vn -0.447842 -0.592354 -0.669742
v 0.498272 0.071992 -0.090189
vn 0.322363 0.929986 -0.176659
v 0.510328 0.113723 -0.088969
vn 0.427029 0.768051 0.477225
v 0.527674 0.101681 -0.069476
vn -0.284662 -0.482270 -0.828482
v 0.573413 0.051291 -0.090299
vn 0.596881 0.681054 0.424145
v 0.581467 0.081002 -0.082575
vn -0.306007 -0.229850 -0.923866
v 0.507214 0.094044 -0.107782
vn -0.487171 -0.845895 -0.217084
v 0.579835 0.059230 -0.091219
vn 0.346773 0.545596 0.762937
v 0.521451 0.094477 -0.057816
vn 0.163458 0.936411 -0.310510
v 0.527852 0.109854 -0.100418
vn 0.375871 0.905775 0.195682
v 0.551724 0.099836 -0.095661
vn 0.367372 0.755619 0.542289
v 0.509791 0.108095 -0.066788
vn 0.203455 0.223083 0.953331
v 0.515889 0.081749 -0.050424
vn 0.342523 0.913125 0.221088
v 0.529532 0.108407 -0.087225
vn 0.242773 0.290419 0.925591
v 0.541455 0.063040 -0.053976
vn 0.386806 0.763479 0.517186
v 0.562914 0.085463 -0.079852
vn -0.003283 -0.014942 0.999883
v 0.524351 0.052320 -0.050320
vn -0.110815 -0.675969 -0.728551
v 0.543173 0.072516 -0.104758
vn 0.036824 -0.513029 -0.857581
v 0.551522 0.057713 -0.091633
vn -0.185059 -0.740629 -0.645928
v 0.571073 0.072499 -0.109090
vn -0.477808 -0.507934 -0.716731
v 0.565941 0.029271 -0.077074
vn 0.107892 0.032441 0.993633
v 0.545837 0.045431 -0.050982
vn 0.554662 0.757681 0.343902
v 0.577448 0.087177 -0.093629
vn 0.177988 0.645789 -0.742480
v 0.563630 0.092742 -0.118089
vn -0.416371 -0.513796 -0.750100
v 0.578178 0.063745 -0.099315
vn 0.083822 0.120484 -0.989170
v 0.526796 0.039420 -0.091342
vn 0.507018 -0.114140 -0.854345
v 0.546556 0.031212 -0.085719
vn -0.023856 -0.391585 -0.919833
v 0.564464 0.080786 -0.119052
vn -0.158986 0.282766 -0.945921
v 0.530598 0.097657 -0.114846
vn -0.240668 -0.426991 -0.871641
v 0.528137 0.084703 -0.112539
vn -0.219956 -0.517959 -0.826642
v 0.523473 0.075747 -0.104719
vn -0.240516 -0.424548 -0.872875
v 0.518215 0.070286 -0.100552
vn -0.259079 -0.480440 -0.837887
v 0.499516 0.083889 -0.098094
vn 0.544436 0.394720 0.740126
v 0.570949 0.053583 -0.059708
vn -0.762437 -0.316598 -0.564318
v 0.506864 0.035149 -0.081623
vn 0.112461 -0.467846 0.876626
v 0.557374 0.028180 -0.055278
vn 0.088661 -0.149582 -0.984766
v 0.533380 0.044244 -0.090857
vn -0.280039 -0.091001 -0.955666
v 0.517739 0.039101 -0.090219
vn 0.338992 0.524718 0.780868
v 0.563938 0.072577 -0.064826
vn -0.025847 0.573359 -0.818896
v 0.505412 0.104114 -0.105072
vn -0.466395 -0.520214 0.715439
v 0.500653 0.058629 -0.053415
vn -0.826890 -0.545957 -0.134851
v 0.496080 0.055732 -0.068996
vn 0.153770 0.489781 0.858178
v 0.504853 0.094291 -0.053362
vn -0.888542 -0.383425 0.251950
v 0.500146 0.044471 -0.062163
vn -0.839310 -0.482878 -0.249774
v 0.510255 0.022383 -0.078351
vn -0.368816 -0.299944 0.879778
v 0.515953 0.034350 -0.053075
vn 0.013575 -0.155335 0.987769
v 0.536627 0.034245 -0.049589
vn 0.264947 -0.707454 0.655219
v 0.539102 0.020623 -0.057368
vn -0.109493 -0.501314 0.858310
v 0.528273 0.027499 -0.052379
vn 0.175924 0.189984 -0.965897
v 0.536946 0.018281 -0.094157
vn -0.648027 -0.580430 0.493114
v 0.514156 0.017379 -0.066008
vn 0.976909 0.143787 -0.158031
v 0.548165 0.015959 -0.081091
vn 0.259027 -0.711538 0.653161
v 0.550555 -0.005263 -0.081381
vn -0.449147 -0.860301 0.241142
v 0.529162 -0.002260 -0.075931
vn -0.543960 -0.264331 -0.796390
v 0.527182 0.011456 -0.090344
vn -0.327941 0.678606 -0.657228
v 0.551978 0.004607 -0.100574
vn 0.427226 0.624824 0.653508
v 0.563450 0.008016 -0.087901
vn -0.500056 -0.617111 -0.607551
v 0.556930 -0.005870 -0.103387
vn 0.757090 -0.449157 0.474419
v 0.571548 -0.007325 -0.091414
vn -0.254751 -0.172038 -0.951580
v 0.565371 0.010762 -0.117100
vn 0.221025 -0.865588 -0.449339
v 0.561834 -0.009976 -0.100874
vn 0.746652 0.647929 -0.150660
v 0.574782 0.016816 -0.104909
vn 0.985481 0.077789 0.150919
v 0.589254 0.032499 -0.064792
vn 0.597531 0.269801 -0.755092
v 0.580069 0.020333 -0.102757
vn 0.730111 -0.668137 -0.143289
v 0.582665 0.013336 -0.095531
vn 0.432544 0.086849 0.897420
v 0.584293 0.038061 -0.053899
vn -0.050595 -0.721528 -0.690535
v 0.572050 0.009107 -0.098786
vn -0.192219 -0.873185 0.447883
v 0.571965 0.007037 -0.091141
vn -0.086730 0.956219 -0.279506
v 0.570560 0.029402 -0.091878
vn 0.379707 -0.727524 0.571428
v 0.580496 0.026989 -0.057728
vn 0.049590 0.709480 -0.702978
v 0.551840 0.032332 -0.101325
vn 0.511101 0.188338 0.838633
v 0.561694 0.026926 -0.086552
vn -0.419673 -0.751440 0.509129
v 0.552135 0.017049 -0.089763
vn -0.926024 -0.194334 -0.323595
v 0.544622 0.024166 -0.099699
vn -0.403840 0.381103 0.831669
v 0.560022 0.043210 -0.073647
vn 0.096018 0.800442 -0.591669
v 0.580313 0.044520 -0.106429
vn 0.776802 0.205571 0.595247
v 0.593294 0.058844 -0.068755
vn 0.998465 -0.051897 -0.019349
v 0.595860 0.052266 -0.077982
vn -0.719224 -0.285624 -0.633353
v 0.575143 0.041164 -0.080829
vn 0.867985 -0.274241 0.413997
v 0.584173 0.044771 -0.071015
vn 0.470644 -0.862310 0.186857
v 0.584098 0.023091 -0.104349
vn 0.859619 0.046545 -0.508811
v 0.589290 0.033797 -0.110446
vn 0.180377 0.524192 -0.832278
v 0.582694 0.037836 -0.114530
vn -0.568579 -0.634628 0.523417
v 0.575523 0.028579 -0.096229
vn -0.007151 -0.779759 -0.626039
v 0.582360 0.024386 -0.111690
vn -0.437555 0.385661 -0.812288
v 0.547587 0.043174 -0.111127
vn -0.501079 -0.793708 0.344886
v 0.549206 0.033535 -0.103429
vn -0.537866 -0.080956 0.839135
v 0.550695 0.052974 -0.080307
vn 0.716617 0.295449 0.631799
v 0.563460 0.042826 -0.096900
vn 0.484587 0.874016 -0.035652
v 0.561016 0.060233 -0.089456
vn 0.673780 0.010592 0.738857
v 0.561213 0.053233 -0.082339
vn 0.991705 0.100679 0.079908
v 0.588284 0.079446 -0.102015
vn 0.982057 0.005006 0.188518
v 0.588439 0.064188 -0.085750
vn 0.960285 0.265404 0.086101
v 0.596536 0.070934 -0.093326
vn 0.215184 0.653833 -0.725395
v 0.583824 0.056716 -0.122296
vn 0.446833 -0.642542 0.622479
v 0.585540 0.049520 -0.102134
vn 0.874122 -0.483439 0.046876
v 0.592728 0.046615 -0.114720
vn 0.166000 -0.641740 -0.748741
v 0.583278 0.040871 -0.122688
vn -0.007876 -0.766258 0.642484
v 0.583801 0.042664 -0.106436
vn 0.001939 -0.640643 0.767836
v 0.554884 0.046841 -0.105442
vn 0.703586 0.605699 0.371613
v 0.565371 0.058073 -0.107317
vn -0.266317 0.456730 -0.848807
v 0.553591 0.056758 -0.117900
vn -0.064765 0.979854 -0.188922
v 0.555482 0.075467 -0.101061
vn -0.589507 -0.037975 0.806870
v 0.549960 0.068350 -0.089165
vn 0.714419 0.041717 0.698474
v 0.559988 0.066503 -0.092459
vn -0.806717 -0.571410 -0.150657
v 0.550301 0.046068 -0.113586
vn 0.614176 0.517832 -0.595515
v 0.586846 0.084668 -0.114520
vn -0.540553 0.813399 -0.214904
v 0.569230 0.074068 -0.127120
vn 0.508147 0.853020 -0.118923
v 0.581509 0.093407 -0.111317
vn 0.257233 -0.895213 0.363902
v 0.577080 0.056689 -0.125768
vn 0.468072 -0.179653 -0.865236
v 0.581263 0.059936 -0.136554
vn -0.180345 -0.381928 0.906425
v 0.570413 0.064499 -0.117004
vn -0.361746 0.694847 0.621552
v 0.560836 0.075161 -0.108040
vn -0.348062 0.812578 -0.467514
v 0.557066 0.070440 -0.128911
vn -0.525447 -0.843596 0.110687
v 0.550013 0.057147 -0.123868
vn -0.928136 0.146027 0.342403
v -0.488101 -0.080715 -0.446390
vn -0.901216 0.169105 0.399016
v -0.483797 -0.092219 -0.431958
vn -0.853974 0.186402 0.485780
v -0.478165 -0.102468 -0.417287
vn -0.933059 0.184640 0.308720
v -0.489123 -0.112035 -0.435380
vn -0.695247 0.157164 0.701378
v -0.438839 -0.049944 -0.385328
vn -0.747367 0.083105 0.659194
v -0.432684 -0.036575 -0.381032
vn -0.692178 0.200801 0.693231
v -0.453632 -0.076370 -0.391869
vn -0.883016 0.046612 0.467022
v -0.437329 0.004987 -0.388948
vn -0.780925 0.253057 0.571067
v -0.461818 -0.065007 -0.407387
vn -0.876038 0.097878 -0.472204
v -0.477220 -0.051035 -0.509320
vn 0.637555 -0.268641 0.722050
v -0.363667 -0.130109 -0.390015
vn 0.709140 -0.300780 0.637692
v -0.361467 -0.147864 -0.400380
vn 0.729383 -0.376994 0.570855
v -0.341061 -0.148890 -0.425626
vn 0.554221 -0.263682 0.789500
v -0.362977 -0.106217 -0.381925
vn 0.504312 -0.236374 0.830540
v -0.370046 -0.121047 -0.382026
vn -0.486903 0.058388 0.871502
v -0.421203 -0.048618 -0.370707
vn -0.207993 -0.258723 0.943293
v -0.396768 -0.047639 -0.365984
vn 0.304577 0.201996 -0.930823
v -0.375418 -0.081442 -0.543976
vn 0.433182 0.159958 -0.886999
v -0.349201 -0.087932 -0.534923
vn 0.837642 -0.407048 0.364235
v -0.315881 -0.135271 -0.453663
vn 0.712940 -0.118777 -0.691093
v -0.310913 -0.099159 -0.512677
vn 0.896417 -0.307609 -0.319081
v -0.303240 -0.114218 -0.493359
vn 0.839120 -0.281698 -0.465321
v -0.297631 -0.090265 -0.496781
vn 0.578106 -0.054085 -0.814167
v -0.307388 -0.074674 -0.511490
vn 0.912989 -0.404221 0.055284
v -0.306729 -0.127964 -0.471434
vn 0.495181 0.081412 -0.864967
v -0.326315 -0.094049 -0.523617
vn 0.410070 0.073836 -0.909061
v -0.356840 -0.108041 -0.541204
vn 0.188415 0.175651 -0.966254
v -0.401555 -0.060989 -0.545668
vn 0.120352 0.209125 -0.970455
v -0.403244 -0.073926 -0.549528
vn -0.099631 0.128604 -0.986679
v -0.426649 -0.053070 -0.545194
vn 0.096644 -0.152434 0.983577
v -0.410070 -0.141940 -0.371114
vn 0.373393 -0.261884 0.889941
v -0.397463 -0.150787 -0.375996
vn -0.157571 -0.042618 0.986588
v -0.425388 -0.129557 -0.370542
vn -0.401810 0.043973 0.914667
v -0.437822 -0.118924 -0.373619
vn 0.405809 -0.235183 0.883180
v -0.385650 -0.155251 -0.383165
vn 0.562705 -0.291440 0.773580
v -0.378974 -0.159735 -0.388409
vn 0.722402 -0.396485 0.566511
v -0.369802 -0.176207 -0.405780
vn 0.676955 -0.327335 0.659230
v -0.369725 -0.163492 -0.398591
vn 0.757133 -0.397790 0.518183
v -0.336676 -0.156418 -0.437506
vn 0.822120 -0.450171 0.348519
v -0.330380 -0.164523 -0.453751
vn 0.767288 -0.267187 -0.582992
v -0.316094 -0.121412 -0.512353
vn -0.755355 0.181575 0.629658
v -0.462859 -0.093756 -0.396769
vn -0.615528 0.113761 0.779862
v -0.451608 -0.106598 -0.383784
vn -0.677286 0.137326 0.722790
v -0.461983 -0.123159 -0.390348
vn -0.787876 0.158509 0.595086
v -0.471874 -0.112178 -0.404059
vn -0.821227 0.187316 0.538980
v -0.479670 -0.127881 -0.410447
vn 0.143183 -0.123763 0.981927
v -0.396534 -0.116060 -0.368850
vn 0.413617 -0.234987 0.879603
v -0.387715 -0.130216 -0.374979
vn -0.115589 -0.020265 0.993090
v -0.414531 -0.109897 -0.368706
vn -0.045569 -0.011479 0.998895
v -0.404689 -0.092865 -0.367893
vn -0.021279 -0.049499 0.998547
v -0.393633 -0.075716 -0.367615
vn -0.322417 0.055145 0.944990
v -0.428283 -0.098911 -0.370996
vn -0.229852 0.017644 0.973066
v -0.418269 -0.079460 -0.369354
vn -0.177314 -0.011276 0.984090
v -0.408562 -0.062833 -0.367492
vn -0.546275 0.106272 0.830837
v -0.440850 -0.087617 -0.379076
vn 0.411702 0.171179 -0.895097
v -0.342569 -0.072747 -0.527028
vn 0.339551 0.182577 -0.922698
v -0.369305 -0.066602 -0.537901
vn 0.914754 -0.400372 -0.054095
v -0.297569 -0.107796 -0.474060
vn 0.865933 -0.420611 0.270641
v -0.307745 -0.120037 -0.455067
vn 0.723085 -0.287487 0.628092
v -0.351529 -0.132142 -0.404614
vn -0.915617 0.176489 -0.361244
v -0.487504 -0.076354 -0.497728
vn 0.883732 -0.391645 -0.256187
v -0.312118 -0.135644 -0.492930
vn -0.284023 -0.065512 0.956577
v -0.439529 -0.151622 -0.374072
vn -0.951251 0.115174 0.286105
v -0.491748 -0.103462 -0.449291
vn -0.979438 0.133608 0.151164
v -0.494472 -0.094448 -0.462700
vn -0.406160 0.162270 -0.899279
v -0.447718 -0.079472 -0.543345
vn 0.030025 0.163878 -0.986024
v -0.406294 -0.092541 -0.553380
vn 0.248982 0.147383 -0.957228
v -0.383551 -0.101821 -0.549966
vn 0.488334 -0.352515 0.798288
v -0.390175 -0.180784 -0.389443
vn 0.343564 -0.309736 0.886582
v -0.397851 -0.178189 -0.384771
vn -0.710882 0.126412 0.691858
v -0.471480 -0.137195 -0.396759
vn -0.877077 0.183401 0.443960
v -0.485056 -0.119507 -0.423215
vn -0.334792 -0.017817 0.942124
v -0.415682 -0.039115 -0.369439
vn 0.014645 -0.224625 0.974335
v -0.382553 -0.058690 -0.366434
vn 0.682036 -0.262180 0.682707
v -0.355784 -0.113114 -0.391399
vn 0.435051 0.130381 -0.890916
v -0.323246 -0.072961 -0.519382
vn -0.386710 0.090004 -0.917799
v -0.448136 -0.048059 -0.536956
vn -0.804994 0.044530 -0.591610
v -0.469921 -0.045883 -0.519918
vn -0.054663 -0.976761 0.207246
v -0.316547 -0.055337 -0.357409
vn 0.590991 -0.298121 -0.749569
v -0.296503 -0.028626 -0.501136
vn 0.361042 -0.099781 -0.927196
v -0.310100 0.017121 -0.518301
vn 0.999318 -0.036366 -0.006344
v -0.285477 -0.067106 -0.466376
vn 0.869943 0.478529 0.119205
v -0.284965 -0.056918 -0.456944
vn -0.976522 -0.211416 0.041339
v -0.287626 -0.060568 -0.478937
vn -0.685170 -0.708422 -0.169353
v -0.286260 -0.069365 -0.470710
vn -0.081536 -0.995358 -0.051122
v -0.299530 -0.056367 -0.417553
vn 0.733607 -0.546574 0.403828
v -0.291786 -0.054928 -0.438417
vn 0.783459 0.524101 -0.333931
v -0.329426 0.113688 -0.489519
vn 0.500512 -0.089473 -0.861093
v -0.306056 -0.007442 -0.515785
vn -0.099333 -0.968948 0.226434
v -0.343819 -0.052165 -0.355721
vn 0.187147 -0.841051 0.507552
v -0.340338 -0.056054 -0.373145
vn 0.851045 0.230290 0.471900
v -0.297639 -0.039264 -0.505042
vn 0.979883 -0.023834 -0.198147
v -0.288048 -0.059685 -0.482616
vn 0.550236 0.058489 -0.832958
v -0.315469 0.029879 -0.522143
vn -0.955505 0.218116 0.198585
v -0.479519 -0.002591 -0.467817
vn 0.364228 0.015251 -0.931185
v -0.364830 -0.057128 -0.535641
vn 0.327146 -0.446702 -0.832726
v -0.359122 -0.045489 -0.536957
vn 0.414945 0.119679 -0.901941
v -0.339337 -0.059168 -0.522888
vn 0.361466 0.079879 -0.928957
v -0.306646 -0.055074 -0.511064
vn 0.357021 0.117996 -0.926614
v -0.323876 -0.053648 -0.515334
vn 0.190611 -0.209108 -0.959136
v -0.294410 -0.035481 -0.500561
vn 0.297320 0.087972 -0.950716
v -0.302402 -0.034166 -0.505890
vn -0.933589 -0.093609 0.345904
v -0.412531 0.029501 -0.324143
vn -0.406238 -0.805070 0.432241
v -0.364899 -0.034509 -0.326704
vn -0.280938 -0.889709 0.359850
v -0.352590 -0.042624 -0.332135
vn -0.376147 -0.778600 0.502290
v -0.378255 -0.039657 -0.344302
vn -0.508433 -0.741361 0.438041
v -0.376774 -0.024102 -0.320524
vn -0.662340 -0.562487 0.494888
v -0.398166 -0.018309 -0.335974
vn -0.604841 -0.629499 0.487748
v -0.389212 -0.014816 -0.321989
vn -0.728572 -0.513857 0.452918
v -0.399283 -0.002490 -0.320907
vn 0.738641 -0.332831 0.586202
v -0.304016 -0.082289 -0.430585
vn 0.834981 -0.242661 0.493885
v -0.296400 -0.072516 -0.436348
vn 0.869746 -0.282695 0.404505
v -0.294829 -0.082666 -0.445782
vn 0.914430 -0.196596 0.353790
v -0.290256 -0.062714 -0.447351
vn 0.759156 -0.346876 0.550780
v -0.307539 -0.100055 -0.435932
vn 0.489874 -0.266995 0.829902
v -0.361153 -0.078485 -0.373870
vn -0.892559 0.332570 0.304524
v -0.421403 0.061157 -0.354393
vn -0.948128 0.105152 0.299994
v -0.429863 0.037364 -0.382853
vn -0.802027 -0.408247 0.435990
v -0.408601 -0.006583 -0.340630
vn 0.037762 0.998879 -0.028535
v -0.346158 0.140388 -0.436404
vn 0.906448 -0.149484 -0.394977
v -0.289908 -0.067894 -0.495817
vn 0.646761 -0.016893 -0.762506
v -0.298147 -0.057032 -0.506657
vn 0.978541 -0.204391 0.026099
v -0.289652 -0.088170 -0.478767
vn 0.757948 -0.005286 -0.652293
v -0.312422 0.004996 -0.522195
vn 0.752240 0.066254 -0.655550
v -0.317467 0.020604 -0.528204
vn 0.649733 -0.265426 -0.712317
v -0.317061 -0.005944 -0.524402
vn 0.596960 0.071552 -0.799074
v -0.330213 0.035521 -0.538536
vn 0.455065 -0.381350 -0.804666
v -0.352190 -0.036956 -0.538058
vn 0.669864 0.315037 -0.672334
v -0.327535 0.072727 -0.524818
vn 0.522030 0.352859 -0.776515
v -0.334511 0.076406 -0.528968
vn 0.650695 0.503640 -0.568280
v -0.332027 0.099130 -0.512426
vn 0.267291 0.360006 -0.893841
v -0.341109 0.065707 -0.536749
vn 0.253478 0.083694 -0.963714
v -0.347359 0.033759 -0.546782
vn 0.286600 -0.090226 -0.953792
v -0.357462 -0.000322 -0.549603
vn 0.219773 -0.408236 -0.886027
v -0.364588 -0.039478 -0.542352
vn 0.050752 0.628784 -0.775922
v -0.356170 0.093396 -0.524723
vn 0.058450 0.404224 -0.912790
v -0.364836 0.064154 -0.542211
vn -0.005345 0.106869 -0.994259
v -0.376458 0.024838 -0.552408
vn 0.006309 -0.078941 -0.996859
v -0.386019 -0.009849 -0.553154
vn -0.065954 0.937232 -0.342412
v -0.361434 0.134321 -0.471250
vn 0.254779 0.900102 -0.353417
v -0.343747 0.132747 -0.472088
vn -0.118450 0.814081 -0.568543
v -0.368158 0.119870 -0.497796
vn 0.081485 0.814260 -0.574753
v -0.351608 0.121867 -0.495448
vn -0.157129 0.632456 -0.758492
v -0.380428 0.092572 -0.524846
vn -0.229816 0.432656 -0.871776
v -0.394045 0.059733 -0.542094
vn -0.269180 0.142226 -0.952530
v -0.407522 0.019723 -0.550036
vn -0.267132 0.912621 -0.309457
v -0.377274 0.132338 -0.467975
vn -0.341442 0.811300 -0.474563
v -0.385867 0.119125 -0.491331
vn -0.379110 0.660511 -0.648075
v -0.401811 0.091798 -0.517136
vn 0.907207 -0.310005 0.284379
v -0.299576 -0.106335 -0.457109
vn 0.852460 -0.414185 0.319004
v -0.300955 -0.101020 -0.446605
vn 0.944389 -0.283569 0.166486
v -0.294394 -0.093687 -0.461968
vn 0.911181 -0.387439 0.140141
v -0.292304 -0.085436 -0.454860
vn 0.965246 -0.260026 -0.026209
v -0.290421 -0.079315 -0.467454
vn 0.939294 -0.337113 0.063890
v -0.287941 -0.076274 -0.459325
vn 0.820218 -0.454163 -0.347820
v -0.287550 -0.069444 -0.470262
vn 0.981730 0.144608 -0.123673
v -0.292935 -0.053829 -0.500257
vn -0.066454 -0.876591 -0.476626
v -0.289016 -0.052548 -0.485061
vn 0.998531 -0.054179 0.000430
v -0.288559 -0.076071 -0.479804
vn 0.422525 -0.442472 0.791007
v -0.349468 -0.064368 -0.375786
vn 0.186974 -0.525634 0.829909
v -0.359260 -0.058345 -0.369504
vn 0.004809 -0.902470 0.430726
v -0.354957 -0.053378 -0.364008
vn -0.131663 -0.740745 0.658758
v -0.373819 -0.052332 -0.362832
vn -0.158879 -0.904865 0.394938
v -0.367487 -0.049276 -0.354842
vn 0.256563 -0.949505 0.180600
v -0.316484 -0.056840 -0.393942
vn 0.032051 -0.989536 0.140683
v -0.324220 -0.057137 -0.381747
vn 0.002257 -0.993509 0.113728
v -0.309396 -0.058895 -0.375788
vn 0.421144 -0.752052 0.507007
v -0.331300 -0.060240 -0.384589
vn 0.605774 -0.686727 0.401800
v -0.308966 -0.057603 -0.408338
vn -0.611544 0.733429 0.296808
v -0.390739 0.102188 -0.348312
vn -0.749097 0.596580 0.288005
v -0.410366 0.096093 -0.375008
vn -0.627556 0.720640 0.294704
v -0.404519 0.102540 -0.374753
vn -0.849968 0.475400 0.227045
v -0.425891 0.092551 -0.417777
vn -0.787650 0.560203 0.256477
v -0.420354 0.095144 -0.403688
vn -0.444580 0.893024 0.069693
v -0.363337 0.116662 -0.333676
vn -0.653882 0.725068 0.216138
v -0.408558 0.110974 -0.411848
vn -0.621495 0.747347 0.234980
v -0.399007 0.114131 -0.393965
vn -0.497059 0.837418 0.227296
v -0.384958 0.124923 -0.397780
vn -0.572615 -0.637661 0.515267
v -0.396169 -0.032662 -0.351537
vn -0.532980 -0.674827 0.510433
v -0.390041 -0.029441 -0.340200
vn -0.641904 -0.662621 0.385866
v -0.382389 -0.012940 -0.308496
vn -0.902711 -0.342567 0.260309
v -0.400963 0.020975 -0.295921
vn -0.888671 0.381799 0.253957
v -0.408867 0.069337 -0.332508
vn -0.829560 0.512572 0.221584
v -0.401776 0.084084 -0.338223
vn -0.836241 0.453559 0.308195
v -0.416432 0.080252 -0.365752
vn 0.029765 -0.323050 -0.945914
v -0.396184 -0.038724 -0.546658
vn -0.241319 -0.092062 -0.966069
v -0.423715 -0.023673 -0.547756
vn -0.434111 0.504451 -0.746376
v -0.419154 0.059116 -0.533257
vn -0.495800 0.268338 -0.825940
v -0.435256 0.027953 -0.537710
vn -0.455800 0.140462 -0.878929
v -0.439926 0.011254 -0.538750
vn -0.465070 -0.006638 -0.885249
v -0.449375 -0.026022 -0.536584
vn 0.589931 -0.448142 0.671677
v -0.343720 -0.071599 -0.385403
vn 0.577019 -0.610504 0.542525
v -0.323499 -0.063035 -0.396281
vn 0.654795 -0.358273 0.665496
v -0.324585 -0.093786 -0.417056
vn 0.696222 -0.382745 0.607273
v -0.313747 -0.076749 -0.416367
vn 0.816124 -0.290037 0.499819
v -0.300858 -0.062524 -0.424367
vn -0.782582 0.621451 -0.036921
v -0.447885 0.078569 -0.470099
vn -0.987739 0.144045 -0.060181
v -0.482810 -0.014193 -0.482927
vn -0.896795 0.421760 -0.133704
v -0.462773 0.053100 -0.484403
vn -0.963889 0.147972 -0.221411
v -0.480231 -0.006842 -0.497556
vn -0.606356 0.718257 -0.341233
v -0.431172 0.089159 -0.490811
vn -0.652942 0.635199 -0.412540
v -0.444705 0.071507 -0.500204
vn -0.833858 0.437326 -0.336789
v -0.461645 0.047385 -0.503777
vn -0.851963 0.337347 -0.400446
v -0.465450 0.033542 -0.506361
vn -0.836919 0.053096 -0.544745
v -0.474824 -0.018446 -0.514443
vn -0.509346 0.791651 -0.337424
v -0.401289 0.115482 -0.481518
vn -0.515982 0.691757 -0.505208
v -0.418563 0.090550 -0.505243
vn -0.560074 0.588689 -0.582892
v -0.437350 0.065073 -0.516000
vn -0.662917 0.374592 -0.648245
v -0.451613 0.038762 -0.521398
vn -0.679318 0.267563 -0.683328
v -0.458421 0.023043 -0.522248
vn -0.702042 0.150017 -0.696155
v -0.464277 -0.003443 -0.524028
vn -0.671843 0.070559 -0.737325
v -0.465938 -0.018384 -0.524575
vn 0.603897 0.753727 -0.259237
v -0.330628 0.135086 -0.447755
vn 0.253274 0.956478 -0.144922
v -0.336996 0.139056 -0.444681
vn 0.755241 0.298574 -0.583493
v -0.320629 0.069568 -0.518157
vn 0.719448 0.187172 -0.668851
v -0.319597 0.044449 -0.524168
vn 0.644937 0.692612 -0.323025
v -0.332200 0.127666 -0.469385
vn 0.328405 -0.221947 -0.918090
v -0.304585 -0.004769 -0.512239
vn -0.432184 -0.891963 -0.132732
v -0.295544 -0.058119 -0.416006
vn -0.941145 -0.280010 -0.189317
v -0.291378 -0.056441 -0.451741
vn 0.940850 -0.253534 -0.224772
v -0.290278 -0.054670 -0.478474
vn 0.170899 -0.932891 -0.317030
v -0.292653 -0.055478 -0.496686
vn -0.862572 -0.440648 -0.248593
v -0.294713 -0.050013 -0.503800
vn -0.975282 -0.203166 -0.086880
v -0.297111 -0.038371 -0.508198
vn -0.193767 -0.077342 -0.977994
v -0.302319 -0.009738 -0.511687
vn 0.639682 0.082082 -0.764244
v -0.303369 0.002645 -0.511046
vn 0.805625 0.002822 -0.592420
v -0.304294 0.023182 -0.513405
vn -0.982132 0.164936 -0.090625
v -0.493160 -0.084200 -0.479246
vn -0.835196 0.170782 -0.522763
v -0.479069 -0.073888 -0.512497
vn -0.179760 0.172452 -0.968476
v -0.426962 -0.067745 -0.547654
vn 0.543854 -0.051731 -0.837584
v -0.333490 -0.114161 -0.527463
vn 0.883422 -0.463365 0.069703
v -0.319746 -0.153075 -0.472795
vn 0.739073 -0.411392 0.533412
v -0.347294 -0.177067 -0.437780
vn 0.609809 -0.382281 0.694258
v -0.380302 -0.183098 -0.398221
vn 0.263284 -0.302438 0.916086
v -0.410777 -0.172452 -0.378031
vn -0.000296 -0.192584 0.981280
v -0.424194 -0.164024 -0.373766
vn -0.502744 0.039962 0.863511
v -0.449651 -0.137541 -0.378424
vn 0.741391 -0.409843 0.531384
v -0.361974 -0.176692 -0.419117
vn 0.735044 -0.350357 0.580482
v -0.351403 -0.152754 -0.415826
vn 0.321865 -0.306524 0.895794
v -0.403660 -0.175709 -0.382273
vn 0.408296 -0.265736 0.873315
v -0.391388 -0.153677 -0.380762
vn 0.447075 -0.234845 0.863117
v -0.378506 -0.123901 -0.379545
vn -0.625721 0.076234 -0.776313
v -0.460169 -0.047147 -0.529879
vn -0.562491 0.151980 -0.812715
v -0.461616 -0.076577 -0.534261
vn -0.741067 0.160277 -0.652021
v -0.470421 -0.073135 -0.524917
vn -0.032986 0.994763 0.096738
v -0.328930 0.136492 -0.397174
vn 0.790732 -0.391023 0.471002
v -0.314004 -0.117394 -0.441458
vn 0.705721 -0.313296 0.635455
v -0.331012 -0.127066 -0.425215
vn 0.413711 -0.237758 0.878814
v -0.373996 -0.096977 -0.373636
vn 0.693193 -0.286209 0.661489
v -0.333989 -0.109652 -0.414792
vn 0.706482 -0.363801 0.607068
v -0.318003 -0.111435 -0.431661
vn 0.211449 -0.136890 0.967755
v -0.377048 -0.080169 -0.368462
vn 0.658413 -0.296850 0.691645
v -0.354678 -0.088683 -0.382462
vn 0.679656 -0.340990 0.649457
v -0.342887 -0.090382 -0.396918
vn 0.653120 -0.433541 0.620867
v -0.320625 -0.068877 -0.402834
vn -0.916600 0.024895 -0.399030
v -0.479179 -0.021831 -0.504999
vn -0.198079 -0.087905 -0.976236
v -0.425323 -0.037149 -0.545085
vn 0.482030 -0.082326 -0.872278
v -0.337124 -0.049191 -0.521568
vn 0.397516 -0.254279 -0.881660
v -0.362060 -0.051403 -0.535337
vn -0.951176 0.139312 -0.275421
v -0.485071 -0.054359 -0.493058
vn -0.986816 0.159214 -0.029063
v -0.489007 -0.055794 -0.473781
vn -0.853907 0.208232 0.476951
v -0.477908 -0.070428 -0.429696
vn -0.982538 0.164016 0.087848
v -0.486094 -0.038183 -0.468678
vn -0.979580 0.121736 -0.160009
v -0.484831 -0.039053 -0.485820
vn 0.822038 0.018740 -0.569124
v -0.300750 -0.024721 -0.509011
vn 0.102071 -0.222856 -0.969493
v -0.298159 -0.022838 -0.505236
vn 0.453227 -0.130194 -0.881836
v -0.316638 -0.036108 -0.510539
vn 0.558107 -0.345476 -0.754429
v -0.332478 -0.039751 -0.520898
vn 0.128370 -0.111405 -0.985449
v -0.397644 -0.048535 -0.544215
vn 0.383693 -0.302410 -0.872541
v -0.307074 -0.019250 -0.511506
vn 0.599217 -0.306920 -0.739418
v -0.321945 -0.018879 -0.522043
vn -0.845518 0.181029 -0.502323
v -0.473082 -0.000798 -0.512478
vn 0.005507 -0.207790 -0.978158
v -0.391438 -0.025101 -0.550949
vn 0.262960 -0.236118 -0.935468
v -0.362431 -0.022413 -0.547839
vn 0.491115 -0.244578 -0.836055
v -0.345051 -0.017035 -0.541610
vn 0.572484 -0.297144 -0.764177
v -0.330635 -0.012215 -0.532516
vn -0.512698 0.098227 0.852932
v -0.429159 -0.065714 -0.373331
vn -0.710957 0.222985 0.666947
v -0.444178 -0.060753 -0.387733
vn -0.858180 0.215293 0.466021
v -0.460061 0.030018 -0.442535
vn -0.831595 0.172697 0.527849
v -0.459139 -0.010049 -0.426458
vn -0.490719 0.082235 -0.867428
v -0.444610 -0.007297 -0.538400
vn -0.665860 0.176025 -0.725015
v -0.462645 0.005204 -0.523729
vn -0.824370 0.243153 -0.511167
v -0.470421 0.012655 -0.510654
vn -0.927328 0.276826 -0.251853
v -0.474551 0.015861 -0.497839
vn -0.245725 0.013205 -0.969250
v -0.419442 -0.010785 -0.548583
vn 0.479168 -0.162503 -0.862549
v -0.341625 -0.001513 -0.542435
vn 0.613159 -0.161633 -0.773247
v -0.325410 0.001948 -0.533962
vn -0.863687 0.105470 0.492871
v -0.449546 -0.006132 -0.412271
vn -0.677912 -0.014189 0.735006
v -0.427485 -0.024649 -0.376613
vn -0.920887 0.362765 -0.142717
v -0.468319 0.038529 -0.490697
vn -0.197824 0.053901 -0.978754
v -0.412173 0.007958 -0.549795
vn 0.070923 0.025470 -0.997157
v -0.380592 0.009193 -0.553691
vn 0.292129 0.017461 -0.956220
v -0.352630 0.018821 -0.548484
vn 0.437923 -0.045919 -0.897839
v -0.335899 0.016831 -0.542605
vn 0.597296 -0.063152 -0.799531
v -0.324570 0.014357 -0.534848
vn -0.901529 0.071969 0.426693
v -0.441937 0.002208 -0.399392
vn -0.911425 0.319406 0.259393
v -0.461894 0.048627 -0.457870
vn -0.880285 0.273989 0.387335
v -0.456348 0.049692 -0.445716
vn -0.896515 0.124427 0.425181
v -0.438825 0.022834 -0.396973
vn -0.859744 0.379038 0.342301
v -0.445735 0.074519 -0.443015
vn -0.412069 0.320717 -0.852842
v -0.428745 0.042336 -0.536419
vn -0.580545 0.431008 -0.690796
v -0.445163 0.051297 -0.519692
vn -0.688272 0.527558 -0.497960
v -0.453458 0.058758 -0.503994
vn -0.855810 0.514678 -0.051911
v -0.455978 0.066255 -0.477817
vn -0.164418 0.252092 -0.953633
v -0.402341 0.036884 -0.548416
vn -0.663756 -0.184218 0.724908
v -0.421998 -0.018926 -0.371795
vn 0.081274 0.244956 -0.966122
v -0.371252 0.043698 -0.548746
vn 0.366019 0.217244 -0.904895
v -0.344423 0.049302 -0.543292
vn 0.670496 0.197688 -0.715091
v -0.329712 0.048849 -0.536283
vn -0.928232 0.052263 0.368313
v -0.430147 0.024256 -0.379903
vn -0.802973 -0.060308 0.592956
v -0.430192 -0.001466 -0.377612
vn -0.501449 -0.374973 0.779707
v -0.407768 -0.036896 -0.366896
vn -0.638462 0.765981 -0.075095
v -0.422260 0.105231 -0.459636
vn -0.573683 -0.579256 0.579094
v -0.400399 -0.034062 -0.357765
vn -0.431699 -0.668756 0.605311
v -0.389133 -0.044958 -0.359821
vn -0.827487 -0.282016 0.485522
v -0.417422 -0.010371 -0.361544
vn -0.708801 -0.466972 0.528714
v -0.408089 -0.023224 -0.356519
vn -0.384813 0.922968 -0.006982
v -0.379408 0.135084 -0.443569
vn -0.526419 0.847592 0.066866
v -0.390366 0.129342 -0.435747
vn -0.754770 0.625861 0.196522
v -0.419029 0.102357 -0.416810
vn -0.218399 0.969183 -0.113957
v -0.368732 0.138174 -0.448488
vn 0.001159 0.986408 -0.164311
v -0.354198 0.139068 -0.452700
vn -0.901188 0.360911 0.240006
v -0.421767 0.082704 -0.386693
vn -0.957596 0.214038 0.192865
v -0.425839 0.062757 -0.374561
vn -0.076575 0.996859 0.020205
v -0.359364 0.140182 -0.433672
vn -0.267661 0.959564 0.087150
v -0.370019 0.138086 -0.428869
vn -0.954849 -0.096322 0.281042
v -0.423663 0.024534 -0.358336
vn -0.491669 0.817203 0.300732
v -0.384832 0.119106 -0.380366
vn -0.303004 0.927006 0.221017
v -0.372976 0.133864 -0.411274
vn 0.125821 0.990882 0.048189
v -0.332697 0.138918 -0.416073
vn -0.927340 -0.169356 0.333706
v -0.419197 0.023711 -0.340628
vn -0.895555 -0.266875 0.356033
v -0.415820 0.006345 -0.345301
vn -0.497988 0.813784 0.299608
v -0.385374 0.111475 -0.361707
vn -0.731636 0.613625 0.296940
v -0.398208 0.093312 -0.345785
vn -0.913101 0.184742 0.363478
v -0.416726 0.052517 -0.335998
vn -0.460050 0.861096 0.216489
v -0.378295 0.111825 -0.350441
vn -0.857677 -0.332231 0.392444
v -0.408291 0.014011 -0.322138
vn -0.781370 0.209909 0.587706
v -0.449895 -0.044275 -0.400845
vn -0.836618 -0.029793 0.546976
v -0.434781 -0.006598 -0.383953
vn -0.859039 0.015181 0.511684
v -0.437448 -0.013893 -0.389320
vn -0.831188 0.114698 0.544032
v -0.442272 -0.025094 -0.396631
vn -0.887101 -0.145515 0.438037
v -0.423277 0.002098 -0.366699
vn -0.896799 -0.003358 0.442426
v -0.427434 0.012871 -0.373035
vn -0.956008 0.041650 0.290369
v -0.422267 0.042417 -0.345855
vn -0.935104 0.190628 0.298733
v -0.486398 -0.054842 -0.454142
vn -0.842710 0.216177 0.493060
v -0.476393 -0.033079 -0.444482
vn -0.975730 0.158116 0.151494
v -0.490361 -0.070075 -0.458974
vn -0.920630 0.200161 0.335226
v -0.482122 -0.036220 -0.454580
vn -0.893826 0.222890 0.389095
v -0.439104 0.044271 -0.407481
vn -0.934466 0.203202 0.292373
v -0.429714 0.050690 -0.389984
vn -0.877357 0.173561 0.447348
v -0.452525 0.024110 -0.426661
vn -0.874789 0.256410 0.411093
v -0.439968 0.061396 -0.421571
vn -0.925705 0.274660 0.260063
v -0.426699 0.076201 -0.399909
vn -0.926961 0.253088 0.276931
v -0.428390 0.064997 -0.396893
vn -0.893651 0.219032 0.391679
v -0.475522 -0.002020 -0.456543
vn -0.832805 0.470961 0.290916
v -0.431090 0.088743 -0.426956
vn -0.914319 0.262039 0.308797
v -0.468113 0.026259 -0.457445
vn -0.941415 0.268469 0.204113
v -0.472639 0.023707 -0.470529
vn -0.971000 0.221246 0.090605
v -0.478610 0.005357 -0.477565
vn -0.960302 0.071515 -0.269641
v -0.482853 -0.039787 -0.494756
vn -0.920509 0.385971 0.060741
v -0.464342 0.049931 -0.472178
vn -0.968825 0.245530 -0.033053
v -0.478476 0.008247 -0.488522
vn -0.950193 0.310392 0.028119
v -0.472208 0.028930 -0.480969
vn -0.875460 0.459495 0.149779
v -0.454235 0.068666 -0.461733
vn -0.819373 0.552993 0.151086
v -0.445453 0.080676 -0.453144
vn -0.765934 0.619125 0.173290
v -0.434969 0.091370 -0.442686
vn -0.763214 0.610430 0.211850
v -0.423883 0.099152 -0.430879
vn -0.708900 0.700209 0.084663
v -0.427423 0.101106 -0.445528
vn -0.737347 0.675047 -0.025106
v -0.437275 0.090969 -0.459657
vn -0.679159 0.720916 0.137926
v -0.415219 0.109303 -0.429340
vn -0.334919 0.898132 0.284936
v -0.370860 0.125572 -0.379398
vn -0.345891 0.888735 0.300848
v -0.368439 0.119908 -0.360354
vn -0.719702 0.661974 -0.209333
v -0.448023 0.075492 -0.485376
vn -0.793687 0.563463 -0.229281
v -0.455909 0.063115 -0.491361
vn -0.671813 0.726289 -0.145506
v -0.436232 0.090057 -0.475596
vn -0.587969 0.792860 0.160202
v -0.400502 0.120147 -0.422871
vn -0.628870 0.775973 0.048863
v -0.409320 0.115904 -0.440076
vn -0.597428 0.777112 -0.197932
v -0.414122 0.109988 -0.471110
vn -0.590691 0.804580 -0.061117
v -0.402916 0.121598 -0.448750
vn -0.452903 0.880677 0.138876
v -0.382567 0.132315 -0.424485
vn -0.450478 0.878408 -0.159592
v -0.391552 0.128438 -0.459325
vn 0.806688 0.428419 -0.407076
v -0.322145 0.089536 -0.504042
vn -0.214078 0.952140 0.218173
v -0.337937 0.131297 -0.371704
vn -0.372465 0.897665 0.235517
v -0.367496 0.117420 -0.352120
vn 0.753372 0.188084 -0.630123
v -0.327656 0.062342 -0.528131
vn -0.293857 0.935907 0.194233
v -0.343674 0.125050 -0.353782
vn -0.099751 0.981976 0.160538
v -0.352592 0.138409 -0.411632
vn 0.256631 0.592761 -0.763397
v -0.340466 0.101690 -0.515853
vn 0.445402 0.745743 -0.495464
v -0.337743 0.119312 -0.493708
vn 0.172571 -0.363327 0.915540
v -0.423732 -0.194858 -0.382905
vn 0.261778 -0.366646 0.892772
v -0.415949 -0.198102 -0.387199
vn 0.435916 -0.394026 0.809148
v -0.402065 -0.204294 -0.394130
vn 0.683785 -0.423998 0.593855
v -0.385519 -0.206109 -0.407862
vn 0.562167 -0.415094 0.715308
v -0.392967 -0.206034 -0.400764
vn 0.732860 -0.406951 0.545259
v -0.374423 -0.204124 -0.423064
vn 0.823646 -0.514055 0.239487
v -0.344666 -0.190105 -0.458704
vn 0.743083 -0.443831 0.500842
v -0.361223 -0.199919 -0.436998
vn 0.776850 -0.487337 0.398757
v -0.354051 -0.196500 -0.444320
vn -0.136253 -0.241819 0.960707
v -0.438189 -0.185782 -0.379362
vn -0.423347 -0.115476 0.898578
v -0.453050 -0.174131 -0.381509
vn 0.863665 -0.430421 -0.262337
v -0.329750 -0.168438 -0.493993
vn 0.790697 -0.359651 -0.495428
v -0.330522 -0.151059 -0.515072
vn 0.635235 -0.209720 -0.743300
v -0.343817 -0.143894 -0.530981
vn 0.866828 -0.493836 0.068806
v -0.335713 -0.182340 -0.474909
vn 0.476142 -0.079755 -0.875744
v -0.365431 -0.137768 -0.544901
vn -0.915971 0.175473 0.360843
v -0.493387 -0.141468 -0.431743
vn -0.884269 0.153337 0.441086
v -0.488300 -0.148129 -0.417178
vn -0.959538 0.206942 0.190950
v -0.496496 -0.136667 -0.442471
vn -0.655356 0.009315 0.755262
v -0.468416 -0.164284 -0.391513
vn -0.794804 0.080692 0.601478
v -0.482779 -0.153797 -0.406756
vn -0.978996 0.143140 0.145185
v -0.498668 -0.123986 -0.466800
vn -0.976351 0.178375 -0.122156
v -0.498143 -0.114135 -0.483513
vn -0.966424 0.164862 0.197092
v -0.495486 -0.132344 -0.453689
vn -0.840366 0.239989 -0.485994
v -0.482147 -0.101072 -0.517608
vn -0.908401 0.208446 -0.362433
v -0.491329 -0.105085 -0.503041
vn -0.523589 0.229813 -0.820391
v -0.463139 -0.100123 -0.538249
vn -0.398804 0.168960 -0.901337
v -0.448215 -0.104714 -0.547353
vn -0.211595 0.159667 -0.964227
v -0.433449 -0.111222 -0.553189
vn -0.689000 0.257685 -0.677405
v -0.472586 -0.098828 -0.530603
vn -0.388815 0.213470 -0.896244
v -0.456873 -0.102276 -0.541310
vn 0.264641 0.038615 -0.963574
v -0.388578 -0.127320 -0.554983
vn 0.033460 0.115659 -0.992725
v -0.411012 -0.117666 -0.557383
vn 0.588067 -0.621951 -0.517064
v -0.481349 -0.409288 -0.552850
vn 0.682163 -0.420981 -0.597853
v -0.462094 -0.394190 -0.549366
vn 0.625054 -0.565272 -0.538307
v -0.467729 -0.399350 -0.551119
vn 0.835579 0.323079 -0.444328
v -0.467012 -0.361305 -0.555889
vn -0.926720 -0.084931 0.366028
v -0.558722 -0.366302 -0.526914
vn 0.255148 0.281915 0.924891
v -0.499162 -0.308048 -0.555904
vn -0.445816 0.841176 0.306058
v -0.538699 -0.336180 -0.542776
vn 0.860861 0.329318 0.387902
v -0.467413 -0.356810 -0.559063
vn 0.834872 -0.212015 -0.507975
v -0.470034 -0.372133 -0.573267
vn 0.673475 -0.416299 -0.610841
v -0.475010 -0.376708 -0.577340
vn 0.620138 -0.472072 -0.626560
v -0.483859 -0.383404 -0.580764
vn 0.977937 0.145933 -0.149472
v -0.464968 -0.366902 -0.562099
vn 0.201391 0.159815 0.966385
v -0.511600 -0.319675 -0.554259
vn 0.679300 -0.449830 -0.579832
v -0.479537 -0.366381 -0.587722
vn 0.850124 -0.232716 -0.472369
v -0.473785 -0.360062 -0.583399
vn 0.960056 -0.026757 -0.278527
v -0.470767 -0.353355 -0.578613
vn -0.291688 0.906994 -0.303777
v -0.517538 -0.326764 -0.550324
vn 0.032110 0.369607 0.928633
v -0.542161 -0.331219 -0.544574
vn -0.400080 0.551119 0.732259
v -0.554761 -0.342518 -0.538766
vn -0.885540 0.306792 0.348853
v -0.557828 -0.341038 -0.547704
vn -0.981971 -0.181497 0.052839
v -0.557488 -0.370239 -0.544442
vn -0.975415 -0.137810 0.171970
v -0.554326 -0.386672 -0.533126
vn -0.982865 -0.184029 0.010469
v -0.558726 -0.363585 -0.537065
vn -0.993018 -0.055217 0.104244
v -0.560877 -0.356662 -0.546681
vn -0.349215 0.478328 0.805761
v -0.543788 -0.315341 -0.553626
vn 0.444114 0.220005 0.868540
v -0.478564 -0.334455 -0.558880
vn -0.273650 0.469813 0.839281
v -0.542546 -0.323461 -0.546686
vn 0.085855 0.262544 0.961093
v -0.526314 -0.316585 -0.551135
vn -0.055103 0.347693 0.935988
v -0.525588 -0.308143 -0.551966
vn 0.104984 0.251503 0.962146
v -0.511117 -0.306567 -0.554486
vn 0.593632 0.248173 0.765514
v -0.480705 -0.326420 -0.559013
vn 0.992094 0.125430 0.004011
v -0.471223 -0.344013 -0.573663
vn -0.559888 0.476026 0.678177
v -0.553315 -0.331450 -0.547965
vn -0.885658 -0.104512 0.452423
v -0.550081 -0.390475 -0.521673
vn -0.034808 -0.034676 -0.998792
v -0.466982 -0.297692 -0.554539
vn -0.843828 0.236300 -0.481784
v -0.531234 -0.291154 -0.524962
vn -0.950171 0.103857 0.293921
v -0.532216 -0.287906 -0.498216
vn -0.976505 0.214310 -0.022558
v -0.532858 -0.278849 -0.510083
vn -0.728837 0.224306 -0.646903
v -0.516453 -0.251085 -0.529011
vn -0.454933 0.130284 -0.880944
v -0.496278 -0.255929 -0.545787
vn -0.286140 0.065204 -0.955967
v -0.485622 -0.260055 -0.550327
vn 0.129955 -0.091806 -0.987261
v -0.443299 -0.270118 -0.555522
vn 0.371896 -0.158983 -0.914559
v -0.434991 -0.285766 -0.551576
vn 0.631055 -0.233370 -0.739803
v -0.429435 -0.301347 -0.545899
vn 0.672563 -0.295087 -0.678663
v -0.410305 -0.262854 -0.541726
vn -0.190725 -0.011181 -0.981580
v -0.461127 -0.249103 -0.555033
vn -0.489191 0.099605 -0.866470
v -0.494618 -0.241469 -0.544252
vn -0.903624 0.252755 -0.345800
v -0.524805 -0.250659 -0.517425
vn -0.956224 0.145653 0.253811
v -0.521764 -0.245580 -0.493150
vn -0.973251 0.144423 0.178675
v -0.515100 -0.205211 -0.482942
vn -0.938344 0.267056 -0.219524
v -0.517623 -0.217906 -0.508600
vn -0.964248 0.237298 -0.117965
v -0.512892 -0.197490 -0.499872
vn -0.863928 0.222139 -0.451976
v -0.511621 -0.213169 -0.518956
vn -0.931598 0.221090 -0.288521
v -0.509202 -0.191721 -0.512001
vn -0.630667 0.099860 -0.769602
v -0.494155 -0.203846 -0.542375
vn -0.736369 0.186340 -0.650414
v -0.493945 -0.180802 -0.537809
vn -0.324255 0.096365 -0.941049
v -0.473241 -0.181152 -0.551904
vn -0.208009 -0.026093 -0.977779
v -0.457253 -0.209952 -0.558393
vn -0.272040 0.065480 -0.960055
v -0.455604 -0.186503 -0.557933
vn 0.174910 -0.097602 -0.979735
v -0.430365 -0.229029 -0.557407
vn 0.160395 -0.058235 -0.985334
v -0.425107 -0.200881 -0.558895
vn 0.321246 -0.138849 -0.936761
v -0.405045 -0.209852 -0.552810
vn 0.544629 -0.262692 -0.796474
v -0.387757 -0.216791 -0.543093
vn -0.875273 0.117427 0.469156
v -0.497822 -0.181304 -0.428178
vn -0.937621 0.161209 0.308024
v -0.503383 -0.174225 -0.444790
vn -0.971228 0.207622 0.116656
v -0.504697 -0.171483 -0.453330
vn -0.971717 0.183805 0.148262
v -0.504270 -0.168699 -0.462794
vn -0.979342 0.202189 0.002921
v -0.506611 -0.162281 -0.479851
vn -0.965055 0.158313 0.208821
v -0.506626 -0.164860 -0.471940
vn 0.262622 -0.371959 0.890324
v -0.410455 -0.200637 -0.389494
vn 0.192384 -0.392660 0.899337
v -0.428306 -0.223469 -0.395220
vn 0.785103 -0.397477 -0.475000
v -0.350552 -0.193938 -0.514742
vn 0.852060 -0.493225 -0.175281
v -0.348862 -0.205534 -0.497174
vn -0.855505 0.242214 -0.457649
v -0.489167 -0.141089 -0.528341
vn -0.376969 0.228229 -0.897667
v -0.469447 -0.138499 -0.547933
vn 0.316444 -0.095030 -0.943839
v -0.395036 -0.166789 -0.555311
vn 0.108256 -0.009897 -0.994074
v -0.417214 -0.158586 -0.559326
vn 0.819117 -0.470521 0.328111
v -0.376155 -0.229898 -0.444652
vn 0.752120 -0.421359 0.506727
v -0.384180 -0.231307 -0.429057
vn 0.505608 -0.422791 0.752069
v -0.406174 -0.231649 -0.406176
vn -0.000627 -0.368259 0.929723
v -0.437552 -0.219469 -0.391405
vn -0.208461 -0.289712 0.934137
v -0.453032 -0.211032 -0.389248
vn 0.815901 -0.548357 0.183327
v -0.360923 -0.219433 -0.469163
vn 0.647657 -0.251986 -0.719058
v -0.358824 -0.183972 -0.531628
vn 0.528282 -0.188672 -0.827841
v -0.374646 -0.175212 -0.545815
vn -0.355687 0.171901 -0.918660
v -0.452974 -0.143288 -0.554356
vn -0.149018 0.109951 -0.982703
v -0.437734 -0.149833 -0.558550
vn -0.971684 0.203166 -0.120637
v -0.504575 -0.153944 -0.495366
vn -0.707456 0.001828 0.706755
v -0.485700 -0.191661 -0.407746
vn -0.499011 -0.150594 0.853410
v -0.469794 -0.200370 -0.395635
vn 0.315251 -0.474827 0.821679
v -0.440849 -0.340820 -0.447390
vn 0.663766 -0.508923 0.548099
v -0.432216 -0.344462 -0.456112
vn 0.423791 -0.592829 0.684803
v -0.441484 -0.355469 -0.456693
vn 0.177616 -0.411033 0.894150
v -0.456387 -0.340843 -0.444215
vn 0.264962 -0.426965 0.864578
v -0.473510 -0.373430 -0.453440
vn 0.146828 -0.436935 0.887429
v -0.485151 -0.390051 -0.458396
vn 0.530634 -0.590532 0.608029
v -0.470834 -0.386126 -0.463336
vn 0.666288 -0.632570 0.394861
v -0.464433 -0.387804 -0.474524
vn 0.656838 -0.728492 0.194587
v -0.455601 -0.381166 -0.483082
vn 0.799267 -0.597835 0.061359
v -0.457821 -0.385729 -0.503965
vn 0.428376 -0.543890 0.721580
v -0.455555 -0.363152 -0.456725
vn 0.501956 -0.693503 0.516812
v -0.456183 -0.375906 -0.470450
vn -0.931798 0.121015 0.342209
v -0.536997 -0.309387 -0.508301
vn -0.973046 0.157284 0.168652
v -0.519788 -0.249478 -0.484975
vn -0.767990 -0.258889 0.585806
v -0.525018 -0.320091 -0.487080
vn -0.828873 -0.228540 0.510626
v -0.518105 -0.289005 -0.460368
vn -0.923876 -0.066567 0.376858
v -0.520415 -0.269812 -0.458636
vn -0.718550 -0.220390 0.659631
v -0.509721 -0.275132 -0.443977
vn -0.977230 0.069714 0.200403
v -0.524128 -0.276417 -0.475678
vn -0.986031 0.095161 0.136703
v -0.522290 -0.257399 -0.466538
vn 0.108303 -0.410391 0.905455
v -0.451397 -0.317822 -0.434248
vn -0.119640 -0.322888 0.938845
v -0.469223 -0.330172 -0.439515
vn -0.145466 -0.373844 0.916013
v -0.465736 -0.318167 -0.434477
vn 0.811238 -0.570153 0.129684
v -0.462217 -0.393300 -0.509126
vn 0.531067 -0.717618 0.450546
v -0.444781 -0.367720 -0.466895
vn 0.719415 -0.692786 -0.049895
v -0.451475 -0.377810 -0.496068
vn 0.827460 -0.506930 0.241519
v -0.423934 -0.342801 -0.470123
vn 0.903540 -0.406102 0.136736
v -0.405207 -0.303493 -0.466180
vn 0.875869 -0.481850 0.025977
v -0.419781 -0.338660 -0.483669
vn 0.840939 -0.517957 -0.156656
v -0.436005 -0.350220 -0.521165
vn 0.774391 -0.605163 -0.184649
v -0.444842 -0.367695 -0.510186
vn 0.760413 -0.639062 -0.115634
v -0.438598 -0.366779 -0.493592
vn 0.843785 -0.536463 -0.015334
v -0.446457 -0.369288 -0.519975
vn 0.272351 -0.411601 0.869718
v -0.433428 -0.296583 -0.428948
vn 0.899181 -0.412207 -0.146831
v -0.416977 -0.331130 -0.497693
vn 0.929106 -0.363800 -0.066413
v -0.401791 -0.296686 -0.481496
vn -0.319434 -0.343420 0.883190
v -0.472177 -0.288565 -0.424111
vn -0.531689 -0.288360 0.796339
v -0.491739 -0.281523 -0.432467
vn -0.326153 0.020092 -0.945103
v -0.475332 -0.207201 -0.552845
vn -0.588892 0.066537 -0.805468
v -0.494205 -0.222848 -0.543377
vn -0.786970 0.243031 -0.567110
v -0.514208 -0.230147 -0.522997
vn -0.927104 0.261507 -0.268501
v -0.521439 -0.234767 -0.513504
vn -0.701866 -0.328791 0.631886
v -0.509955 -0.296088 -0.452901
vn -0.808757 -0.050598 0.585962
v -0.529337 -0.328211 -0.495838
vn -0.513634 -0.038176 0.857159
v -0.497610 -0.359695 -0.455208
vn -0.506581 -0.198893 0.838938
v -0.486733 -0.325340 -0.444567
vn -0.722571 -0.032455 0.690535
v -0.501461 -0.332604 -0.457617
vn 0.890271 -0.396902 -0.223350
v -0.439502 -0.353889 -0.534343
vn 0.246434 -0.124227 -0.961165
v -0.452597 -0.333292 -0.549824
vn -0.942591 0.290059 -0.165494
v -0.538898 -0.305638 -0.520200
vn 0.664191 -0.737291 0.123504
v -0.442810 -0.371541 -0.479104
vn 0.150771 -0.061099 -0.986679
v -0.463576 -0.329991 -0.552216
vn 0.123182 0.050130 -0.991117
v -0.471298 -0.331693 -0.552769
vn -0.747649 -0.196282 0.634424
v -0.501556 -0.317168 -0.454912
vn -0.647192 0.389917 -0.655063
v -0.530301 -0.323157 -0.537462
vn -0.480000 0.294550 -0.826342
v -0.516284 -0.315413 -0.544392
vn -0.717578 0.241574 -0.653241
v -0.527971 -0.297332 -0.530823
vn -0.851569 0.217410 -0.477036
v -0.528520 -0.272803 -0.521932
vn -0.862450 0.380627 -0.333622
v -0.545577 -0.325732 -0.525262
vn -0.920181 0.316364 0.230610
v -0.559789 -0.355623 -0.531200
vn -0.790264 0.105603 0.603598
v -0.532246 -0.355073 -0.499145
vn -0.783780 -0.045122 0.619397
v -0.522715 -0.337327 -0.490325
vn -0.884224 0.111948 0.453448
v -0.531214 -0.381328 -0.485974
vn -0.755919 0.086478 0.648929
v -0.541878 -0.356736 -0.509117
vn -0.883668 0.202337 0.422126
v -0.547156 -0.333905 -0.519545
vn -0.263770 0.215830 -0.940129
v -0.503176 -0.309388 -0.548814
vn -0.095453 0.078200 -0.992358
v -0.489919 -0.315691 -0.551697
vn 0.691838 -0.693652 -0.200516
v -0.484496 -0.421728 -0.535054
vn 0.664748 -0.717567 -0.207867
v -0.464861 -0.405074 -0.538954
vn 0.579124 -0.744647 -0.331837
v -0.477708 -0.411282 -0.546048
vn 0.719096 -0.203256 -0.664521
v -0.453932 -0.380059 -0.547231
vn 0.822777 -0.023904 -0.567862
v -0.461421 -0.378524 -0.554864
vn 0.472768 0.014203 -0.881073
v -0.456102 -0.368225 -0.550790
vn -0.850096 0.037795 0.525269
v -0.543114 -0.383648 -0.509845
vn -0.753072 -0.031079 0.657204
v -0.546241 -0.372601 -0.512003
vn -0.119352 0.108901 -0.986861
v -0.501622 -0.324038 -0.552587
vn 0.532845 0.549463 -0.643557
v -0.482220 -0.344171 -0.555234
vn 0.402985 0.641118 0.653123
v -0.491196 -0.339085 -0.553859
vn -0.979770 0.192442 0.054928
v -0.513469 -0.210183 -0.473188
vn -0.929162 0.145159 0.339980
v -0.513065 -0.217673 -0.447330
vn -0.977371 0.185925 0.100885
v -0.514875 -0.210932 -0.461576
vn 0.084477 -0.400282 0.912490
v -0.439071 -0.251041 -0.404337
vn 0.237301 -0.420640 0.875643
v -0.430697 -0.254698 -0.407252
vn 0.393756 -0.437277 0.808545
v -0.421189 -0.257382 -0.411544
vn 0.495323 -0.432004 0.753676
v -0.413175 -0.259075 -0.416994
vn 0.897794 -0.395412 0.193946
v -0.388352 -0.260982 -0.454815
vn 0.780734 -0.497567 -0.377995
v -0.372860 -0.233320 -0.515029
vn -0.094216 -0.368550 0.924821
v -0.449986 -0.246883 -0.401727
vn 0.781993 -0.424218 0.456647
v -0.396684 -0.261690 -0.435747
vn 0.650131 -0.416919 0.635223
v -0.405502 -0.259979 -0.423191
vn -0.353547 -0.286055 0.890605
v -0.469307 -0.240125 -0.404818
vn -0.803427 0.020205 0.595061
v -0.504726 -0.224359 -0.429808
vn -0.607682 -0.145828 0.780677
v -0.489471 -0.232702 -0.415083
vn -0.138996 -0.237873 0.961299
v -0.482121 -0.360728 -0.449012
vn -0.792987 -0.152377 0.589876
v -0.518094 -0.324722 -0.482300
vn -0.832231 0.035080 0.553319
v -0.513696 -0.330221 -0.475644
vn 0.197976 -0.368265 0.908398
v -0.466357 -0.358945 -0.448858
vn -0.834001 0.159172 0.528305
v -0.516587 -0.343308 -0.477724
vn -0.974038 0.210375 0.083616
v -0.524270 -0.244224 -0.503609
vn -0.942954 0.198876 0.266996
v -0.528606 -0.272266 -0.496714
vn -0.973829 0.190752 0.123577
v -0.523699 -0.269077 -0.483904
vn -0.577310 -0.300981 0.759028
v -0.495034 -0.297269 -0.440304
vn -0.920459 -0.092530 0.379728
v -0.524217 -0.293548 -0.476183
vn -0.730476 -0.351347 0.585628
v -0.511961 -0.304925 -0.461801
vn -0.631898 -0.306331 0.711946
v -0.496887 -0.308322 -0.446662
vn -0.422060 -0.327220 0.845454
v -0.480988 -0.318697 -0.439369
vn -0.980168 0.193675 0.041960
v -0.519729 -0.222769 -0.498164
vn -0.986512 0.123036 0.107964
v -0.517512 -0.232489 -0.480068
vn -0.987043 0.159298 -0.019242
v -0.517842 -0.235512 -0.472022
vn -0.978770 0.123415 0.163641
v -0.518521 -0.238719 -0.457920
vn -0.881968 -0.010715 0.471187
v -0.514086 -0.246345 -0.443102
vn -0.661262 -0.185419 0.726878
v -0.501578 -0.255594 -0.429966
vn -0.440998 -0.298663 0.846358
v -0.483021 -0.262836 -0.419232
vn -0.163744 -0.381898 0.909583
v -0.463273 -0.269605 -0.413795
vn -0.005445 -0.412970 0.910728
v -0.448848 -0.273784 -0.414376
vn 0.680674 -0.419808 0.600370
v -0.394291 -0.233066 -0.417637
vn 0.574640 -0.431749 0.695257
v -0.399202 -0.232550 -0.411852
vn 0.365746 -0.403409 0.838743
v -0.412686 -0.230165 -0.402163
vn 0.321482 -0.455058 0.830404
v -0.426043 -0.283783 -0.425146
vn 0.425701 -0.181611 -0.886451
v -0.416275 -0.235233 -0.552579
vn 0.581924 -0.312837 -0.750665
v -0.399517 -0.242241 -0.542035
vn 0.792327 -0.535961 -0.291485
v -0.390473 -0.256268 -0.516870
vn 0.855320 -0.500070 -0.135490
v -0.394868 -0.268283 -0.495885
vn 0.926730 -0.375074 0.022148
v -0.394206 -0.279595 -0.470325
vn 0.877921 -0.411466 0.244848
v -0.396825 -0.283338 -0.459749
vn 0.766270 -0.445960 0.462548
v -0.417130 -0.312878 -0.447375
vn 0.504429 -0.427521 0.750184
v -0.415876 -0.283374 -0.428689
vn 0.171157 -0.438975 0.882047
v -0.438894 -0.277467 -0.416880
vn -0.067980 -0.398816 0.914508
v -0.456046 -0.291302 -0.422620
vn 0.410203 -0.436028 0.801008
v -0.426294 -0.309388 -0.435860
vn 0.866225 -0.443181 0.230746
v -0.414355 -0.323129 -0.466684
vn 0.909731 -0.412482 0.047424
v -0.411155 -0.320510 -0.477106
vn 0.926913 -0.357426 -0.114365
v -0.408789 -0.313881 -0.491155
vn 0.918862 -0.319365 -0.231731
v -0.407813 -0.304857 -0.501566
vn 0.799224 -0.300618 -0.520451
v -0.416629 -0.296687 -0.531682
vn 0.606181 -0.234522 -0.759963
v -0.418038 -0.278779 -0.543366
vn 0.350387 -0.155388 -0.923625
v -0.428600 -0.268068 -0.552464
vn -0.352365 -0.334962 0.873865
v -0.477414 -0.303870 -0.431170
vn -0.667466 0.225711 -0.709608
v -0.480477 -0.137357 -0.540989
vn -0.548619 0.119878 -0.827434
v -0.483421 -0.180481 -0.546647
vn -0.499687 0.071960 -0.863212
v -0.484823 -0.205868 -0.548598
vn -0.277811 0.150249 -0.948813
v -0.462676 -0.141061 -0.549381
vn -0.268884 0.092566 -0.958714
v -0.466612 -0.183520 -0.553239
vn -0.273081 0.019940 -0.961784
v -0.468459 -0.209277 -0.554688
vn -0.263073 0.006918 -0.964751
v -0.477976 -0.242044 -0.551408
vn -0.401353 0.052444 -0.914421
v -0.485410 -0.242347 -0.548967
vn -0.898918 0.241785 -0.365357
v -0.497359 -0.146136 -0.513927
vn -0.869318 0.215933 -0.444589
v -0.502823 -0.184098 -0.527174
vn -0.814530 0.127331 -0.565975
v -0.504198 -0.206571 -0.532303
vn -0.766353 0.145257 -0.625782
v -0.504305 -0.225109 -0.534531
vn -0.638157 0.160793 -0.752928
v -0.504908 -0.241963 -0.537815
vn -0.596126 0.179489 -0.782571
v -0.511261 -0.277732 -0.540689
vn -0.037152 0.010060 -0.999259
v -0.441413 -0.192312 -0.560549
vn -0.029688 -0.044579 -0.998565
v -0.444421 -0.215666 -0.560022
vn -0.053094 -0.058407 -0.996880
v -0.449362 -0.250566 -0.556523
vn 0.179537 0.026429 0.983396
v -0.499220 -0.319663 -0.556129
vn 0.690019 -0.366391 -0.624204
v -0.377218 -0.225329 -0.529273
vn 0.737422 -0.449342 -0.504283
v -0.391660 -0.250389 -0.528197
vn 0.791390 -0.382451 -0.476899
v -0.404296 -0.271317 -0.527897
vn 0.705276 -0.708899 0.006955
v -0.475514 -0.411926 -0.527960
vn 0.425592 -0.096431 -0.899762
v -0.448443 -0.347315 -0.547218
vn 0.848449 -0.472412 -0.238665
v -0.456795 -0.394174 -0.544408
vn 0.879207 -0.474610 0.041718
v -0.449699 -0.375586 -0.530722
vn 0.835959 -0.548732 -0.008132
v -0.430181 -0.355533 -0.489140
vn 0.779243 -0.589765 0.212031
v -0.434205 -0.360191 -0.474926
vn 0.756594 -0.250415 -0.604034
v -0.429125 -0.322695 -0.537087
vn 0.843357 -0.493096 -0.213553
v -0.424842 -0.343877 -0.504069
vn 0.656737 -0.588153 0.471987
v -0.438430 -0.358760 -0.462607
vn 0.856618 -0.344090 -0.384457
v -0.425660 -0.326171 -0.529413
vn 0.877948 -0.375292 -0.297260
v -0.419580 -0.327243 -0.511129
vn 0.506910 -0.177687 -0.843487
v -0.438327 -0.321021 -0.546566
vn 0.735524 -0.232535 -0.636342
v -0.437978 -0.340195 -0.541870
vn 0.774523 -0.558711 -0.296573
v -0.432821 -0.352944 -0.509960
vn 0.837196 -0.477239 -0.267105
v -0.432849 -0.345496 -0.521199
vn 0.823979 -0.562023 0.072035
v -0.353474 -0.213564 -0.482282
vn 0.799115 -0.600534 -0.027813
v -0.377122 -0.245340 -0.493098
vn 0.824644 -0.549045 -0.136057
v -0.392127 -0.263346 -0.505821
vn 0.827812 -0.560851 -0.013126
v -0.379989 -0.249122 -0.483426
vn 0.903884 -0.371190 -0.212632
v -0.403140 -0.282549 -0.508574
vn 0.801809 -0.560051 -0.208435
v -0.373217 -0.239983 -0.503578
vn 0.854893 -0.440666 -0.273810
v -0.402384 -0.276957 -0.516588
vn 0.815361 -0.527232 0.239193
v -0.367932 -0.224692 -0.457008
vn 0.903169 -0.377222 -0.204914
v -0.393966 -0.271957 -0.488330
vn 0.884391 -0.332186 -0.327879
v -0.413556 -0.300124 -0.522994
vn 0.867744 -0.495670 0.036483
v -0.383084 -0.253485 -0.474364
vn 0.899651 -0.426359 0.094055
v -0.386100 -0.257576 -0.464724
vn 0.925771 -0.364364 -0.100936
v -0.393452 -0.275356 -0.480292
vn 0.653263 -0.756773 0.023298
v -0.503893 -0.229433 -0.890397
vn -0.932306 -0.093471 0.349382
v -0.546481 -0.207405 -0.882859
vn -0.981517 -0.135916 0.134725
v -0.546809 -0.193100 -0.880884
vn -0.881023 0.390131 0.267573
v -0.542843 -0.175983 -0.850505
vn -0.647162 0.661996 0.378076
v -0.544060 -0.168811 -0.861708
vn -0.444952 0.843631 0.300506
v -0.522932 -0.161222 -0.855014
vn 0.327974 0.871632 0.364267
v -0.504608 -0.150234 -0.861400
vn 0.895144 0.421488 0.145135
v -0.497079 -0.158323 -0.860812
vn 0.972391 0.216719 0.086538
v -0.494904 -0.181505 -0.881805
vn 0.996090 0.088068 -0.007032
v -0.496182 -0.173724 -0.860492
vn 0.981539 0.018179 0.190396
v -0.492343 -0.204300 -0.871046
vn 0.536400 -0.842918 0.041994
v -0.503536 -0.229471 -0.871190
vn -0.674305 -0.438091 0.594465
v -0.541943 -0.224147 -0.882797
vn -0.964467 -0.253418 0.074720
v -0.544085 -0.210888 -0.870805
vn -0.980658 -0.061006 0.185982
v -0.550188 -0.179437 -0.867890
vn -0.939967 0.214847 0.265148
v -0.551196 -0.172934 -0.872173
vn -0.310534 0.880085 0.359193
v -0.513783 -0.157694 -0.848353
vn -0.609661 0.737624 0.290214
v -0.537151 -0.172625 -0.843319
vn -0.981011 0.100275 0.166017
v -0.545735 -0.185695 -0.852960
vn -0.797991 -0.586997 0.136546
v -0.539250 -0.221403 -0.872477
vn -0.573328 -0.818846 0.028050
v -0.533786 -0.227913 -0.869075
vn 0.161538 -0.969498 0.184332
v -0.518277 -0.233800 -0.876418
vn 0.193165 0.895557 0.400830
v -0.506163 -0.162550 -0.836196
vn -0.061952 -0.977175 -0.203204
v -0.523981 -0.234904 -0.851577
vn 0.936264 0.335107 0.105420
v -0.497009 -0.170345 -0.837593
vn 0.995652 -0.008061 -0.092801
v -0.494414 -0.193113 -0.846287
vn 0.991475 0.130294 0.000853
v -0.488298 -0.198104 -0.891953
vn -0.366410 0.875366 0.315400
v -0.534415 -0.157687 -0.876179
vn 0.913935 -0.401588 -0.058728
v -0.487974 -0.215545 -0.888235
vn 0.201449 -0.976633 -0.074881
v -0.511205 -0.441129 -0.534288
vn -0.191682 -0.974035 0.120471
v -0.522553 -0.440922 -0.525709
vn -0.577991 -0.778702 0.244027
v -0.534793 -0.434763 -0.521525
vn 0.153523 0.930774 0.331799
v -0.511708 -0.216586 -0.670245
vn 0.394003 0.862796 0.316772
v -0.503816 -0.220585 -0.667814
vn -0.516228 0.772364 0.370083
v -0.549690 -0.233525 -0.647444
vn -0.770311 0.584917 0.253954
v -0.562912 -0.244358 -0.653332
vn -0.465772 0.835613 0.291217
v -0.546559 -0.223749 -0.668197
vn -0.116253 0.929089 0.351110
v -0.527353 -0.215679 -0.671823
vn -0.175624 0.891374 0.417863
v -0.529577 -0.227991 -0.644233
vn 0.164259 0.882623 0.440449
v -0.511782 -0.229582 -0.641766
vn 0.412280 0.804178 0.428162
v -0.499758 -0.234948 -0.641782
vn -0.974254 0.221002 -0.044568
v -0.566598 -0.248289 -0.678365
vn -0.793774 0.587680 0.156699
v -0.562075 -0.235548 -0.673923
vn -0.525056 0.671482 0.522904
v -0.551747 -0.261776 -0.603470
vn -0.809397 0.442232 0.386402
v -0.565065 -0.274237 -0.608396
vn 0.665462 0.670187 0.328647
v -0.477551 -0.241913 -0.655109
vn 0.873637 0.479345 0.083591
v -0.468847 -0.241463 -0.688631
vn 0.867314 0.456629 0.198134
v -0.467522 -0.251476 -0.664290
vn 0.968815 0.239612 -0.063110
v -0.462718 -0.255419 -0.698659
vn 0.976729 0.204867 0.063476
v -0.460854 -0.265696 -0.675375
vn 0.958796 -0.113886 -0.260269
v -0.463024 -0.270735 -0.707941
vn 0.987024 -0.100846 -0.124952
v -0.459921 -0.281775 -0.685207
vn 0.776839 -0.459221 -0.430856
v -0.469968 -0.284137 -0.714188
vn 0.804195 -0.492168 -0.333228
v -0.467789 -0.297416 -0.693363
vn 0.505115 -0.679682 -0.531876
v -0.477390 -0.291170 -0.715959
vn 0.464742 -0.749121 -0.472051
v -0.479502 -0.305518 -0.697202
vn 0.351142 -0.794626 -0.495245
v -0.496578 -0.311332 -0.698009
vn 0.413662 0.877722 0.241841
v -0.501496 -0.211442 -0.699329
vn 0.303868 0.922056 0.239746
v -0.508317 -0.204393 -0.718856
vn 0.731998 0.669270 0.127502
v -0.484851 -0.218241 -0.718772
vn -0.811655 0.574151 0.107555
v -0.558037 -0.222925 -0.701944
vn -0.500061 0.823142 0.269028
v -0.545305 -0.215739 -0.692178
vn 0.199576 0.943682 0.263882
v -0.511647 -0.208895 -0.696615
vn 0.656235 0.741757 0.138396
v -0.482104 -0.226229 -0.697886
vn -0.993794 0.004169 -0.111159
v -0.570704 -0.275850 -0.662106
vn -0.992184 0.122370 -0.024415
v -0.570151 -0.261293 -0.655443
vn -0.963425 0.191163 0.187802
v -0.570516 -0.283929 -0.612816
vn -0.152203 0.944302 0.291767
v -0.526577 -0.210840 -0.688297
vn 0.091853 0.638864 0.763817
v -0.510568 -0.285945 -0.565636
vn 0.902347 0.428873 -0.042861
v -0.478509 -0.224864 -0.734680
vn 0.697732 0.571043 0.432528
v -0.479121 -0.271232 -0.607745
vn 0.547175 -0.616297 -0.566372
v -0.483853 -0.276173 -0.738665
vn 0.791701 -0.365113 -0.489798
v -0.479183 -0.254443 -0.750824
vn 0.915419 -0.121226 -0.383812
v -0.476016 -0.248141 -0.747875
vn 0.338574 -0.825812 -0.451001
v -0.492918 -0.326196 -0.668672
vn 0.833556 -0.531344 -0.151187
v -0.469197 -0.321115 -0.650431
vn 0.957540 0.195341 -0.212033
v -0.472590 -0.240413 -0.734790
vn 0.770713 -0.517677 -0.371500
v -0.495582 -0.239706 -0.793517
vn 0.848759 -0.455939 -0.267822
v -0.497333 -0.227467 -0.816908
vn 0.719963 0.671648 0.174764
v -0.493297 -0.201446 -0.761647
vn 0.881526 0.469249 0.052130
v -0.488095 -0.207460 -0.766945
vn 0.930427 0.361676 0.059124
v -0.490812 -0.195220 -0.796660
vn 0.971733 0.097045 -0.215216
v -0.480098 -0.231137 -0.759398
vn 0.980981 -0.005873 -0.194017
v -0.485423 -0.221573 -0.780897
vn 0.987805 -0.038179 -0.150945
v -0.489329 -0.210328 -0.805548
vn 0.915129 -0.158767 -0.370584
v -0.482284 -0.241135 -0.764884
vn -0.717155 -0.532318 -0.449806
v -0.553428 -0.295151 -0.720361
vn -0.337881 -0.730495 -0.593476
v -0.540765 -0.302862 -0.725282
vn -0.716499 -0.553035 -0.425184
v -0.548966 -0.264443 -0.767193
vn -0.398009 -0.758134 -0.516548
v -0.536804 -0.267533 -0.776338
vn -0.422416 -0.777827 -0.465350
v -0.535258 -0.253034 -0.800333
vn -0.684669 -0.595949 -0.419612
v -0.545142 -0.247340 -0.796008
vn -0.491770 -0.783452 -0.379954
v -0.533370 -0.241974 -0.823104
vn -0.750060 -0.559095 -0.353303
v -0.541752 -0.235444 -0.819748
vn -0.077971 -0.824904 -0.559869
v -0.526229 -0.283042 -0.758254
vn -0.046260 -0.837485 -0.544499
v -0.525795 -0.268806 -0.779073
vn -0.059351 -0.876568 -0.477604
v -0.525658 -0.254147 -0.802548
vn -0.090195 -0.920827 -0.379398
v -0.524468 -0.243908 -0.825306
vn 0.304083 -0.796258 -0.522979
v -0.515085 -0.267238 -0.779082
vn 0.334668 -0.830325 -0.445598
v -0.515918 -0.252725 -0.802770
vn 0.371013 -0.866039 -0.335150
v -0.514510 -0.241848 -0.825841
vn 0.465722 -0.719576 -0.515086
v -0.502750 -0.278353 -0.752017
vn 0.558946 -0.670114 -0.488391
v -0.503033 -0.261075 -0.775825
vn 0.611321 -0.686942 -0.392933
v -0.505040 -0.246852 -0.799240
vn 0.703272 -0.659165 -0.266289
v -0.505155 -0.236227 -0.822808
vn 0.692120 -0.546837 -0.471104
v -0.492300 -0.253356 -0.771404
vn 0.286674 0.913243 0.289492
v -0.509405 -0.198714 -0.736612
vn 0.300091 0.898680 0.319875
v -0.510264 -0.190518 -0.760142
vn 0.013842 0.961332 0.275045
v -0.524883 -0.202765 -0.714932
vn -0.022710 0.953710 0.299869
v -0.523337 -0.196580 -0.735791
vn -0.058529 0.948955 0.309934
v -0.520705 -0.181866 -0.779562
vn -0.404409 0.879917 0.249398
v -0.542204 -0.209178 -0.706180
vn -0.425679 0.874995 0.230610
v -0.537437 -0.199193 -0.737407
vn -0.469826 0.855451 0.217867
v -0.532925 -0.186718 -0.775072
vn -0.792801 0.605104 0.072904
v -0.554068 -0.215635 -0.720075
vn -0.772148 0.628894 0.090997
v -0.547526 -0.203661 -0.752393
vn -0.752595 0.648356 0.115045
v -0.541241 -0.189342 -0.796014
vn -0.983378 0.156276 -0.092446
v -0.561211 -0.236501 -0.725589
vn -0.974412 0.216874 -0.059046
v -0.554354 -0.218806 -0.764100
vn -0.972873 0.230233 -0.022612
v -0.549200 -0.203474 -0.803866
vn -0.988367 0.000437 -0.152088
v -0.559515 -0.243815 -0.740043
vn -0.944980 -0.215041 -0.246517
v -0.556205 -0.258168 -0.755205
vn -0.930899 -0.260125 -0.256441
v -0.550963 -0.236978 -0.795134
vn 0.814204 0.551713 0.180790
v -0.495640 -0.184002 -0.805282
vn -0.796652 -0.550933 -0.248633
v -0.539611 -0.225911 -0.841535
vn 0.729260 -0.670693 -0.135463
v -0.504874 -0.228574 -0.844639
vn 0.255307 0.902375 0.347186
v -0.507399 -0.170921 -0.815672
vn -0.989156 0.145740 -0.018148
v -0.546577 -0.195338 -0.827487
vn -0.909426 -0.339612 -0.240015
v -0.544061 -0.217873 -0.838584
vn -0.971397 -0.235223 -0.032536
v -0.564123 -0.348087 -0.607784
vn -0.915756 -0.361489 -0.175260
v -0.559538 -0.362232 -0.616106
vn -0.725306 -0.520763 -0.450263
v -0.555500 -0.321662 -0.687817
vn -0.926892 -0.279434 -0.250576
v -0.563989 -0.309879 -0.677283
vn 0.622968 -0.629162 -0.464828
v -0.496746 -0.426386 -0.552469
vn 0.378630 -0.721599 -0.579598
v -0.511193 -0.426696 -0.566051
vn 0.513064 -0.799261 -0.312966
v -0.500330 -0.434295 -0.545643
vn -0.581708 -0.812884 -0.028895
v -0.539066 -0.434127 -0.540004
vn -0.442583 -0.828188 -0.343838
v -0.536654 -0.431772 -0.556284
vn -0.855213 -0.496462 -0.148784
v -0.550518 -0.420959 -0.547608
vn -0.637559 -0.653487 -0.408011
v -0.542213 -0.420453 -0.569830
vn -0.842435 -0.453725 -0.290580
v -0.549086 -0.408057 -0.574734
vn -0.240561 -0.956491 -0.165091
v -0.527401 -0.439099 -0.544897
vn -0.312915 -0.787966 -0.530278
v -0.534844 -0.425349 -0.570169
vn -0.388158 -0.724265 -0.569889
v -0.535867 -0.414419 -0.584166
vn 0.038096 -0.754169 -0.655574
v -0.525822 -0.415424 -0.584824
vn -0.037873 -0.829152 -0.557739
v -0.525841 -0.426595 -0.571714
vn 0.381593 -0.662376 -0.644705
v -0.514688 -0.410049 -0.586333
vn 0.060514 -0.912997 -0.403452
v -0.519497 -0.437626 -0.553676
vn 0.576834 -0.565110 -0.589841
v -0.503611 -0.403121 -0.584182
vn 0.649282 -0.480524 -0.589517
v -0.488326 -0.371587 -0.592140
vn 0.639943 -0.480601 -0.599579
v -0.499491 -0.382547 -0.596932
vn 0.754307 0.400256 0.520400
v -0.480228 -0.298285 -0.574533
vn 0.877113 0.365061 0.312094
v -0.469559 -0.279677 -0.616619
vn 0.914289 0.196295 0.354322
v -0.472942 -0.307182 -0.581778
vn 0.974874 -0.222449 -0.011682
v -0.469871 -0.330158 -0.600251
vn 0.983011 -0.177220 0.047765
v -0.462456 -0.307134 -0.638570
vn 0.825301 -0.411957 -0.386225
v -0.476663 -0.352828 -0.594649
vn 0.832385 -0.508600 -0.220139
v -0.476488 -0.341361 -0.611825
vn -0.767477 -0.533044 -0.356150
v -0.548876 -0.394890 -0.593943
vn -0.312914 -0.736815 -0.599323
v -0.537667 -0.401135 -0.599385
vn -0.283146 -0.763815 -0.580012
v -0.538485 -0.388716 -0.614049
vn -0.675996 -0.613018 -0.408948
v -0.550000 -0.383795 -0.609524
vn -0.040029 -0.787746 -0.614699
v -0.539571 -0.376309 -0.630523
vn -0.166398 -0.800956 -0.575135
v -0.541335 -0.351929 -0.662995
vn -0.662684 -0.615639 -0.426426
v -0.552399 -0.348052 -0.658011
vn 0.174796 -0.732005 -0.658495
v -0.526675 -0.388241 -0.613800
vn 0.332002 -0.714749 -0.615556
v -0.526343 -0.371190 -0.632738
vn 0.086234 -0.804152 -0.588135
v -0.531158 -0.323704 -0.702373
vn 0.510909 -0.599182 -0.616404
v -0.513327 -0.387495 -0.606968
vn 0.526345 -0.661361 -0.534381
v -0.514285 -0.363687 -0.631894
vn 0.388193 -0.774754 -0.499062
v -0.520900 -0.339139 -0.672905
vn 0.350258 -0.786952 -0.507962
v -0.519203 -0.320400 -0.702184
vn 0.642183 -0.551688 -0.532205
v -0.501565 -0.369329 -0.611366
vn 0.588324 -0.662597 -0.463509
v -0.503764 -0.357345 -0.628607
vn 0.632237 -0.588073 -0.504428
v -0.491717 -0.362319 -0.605845
vn 0.559643 -0.709382 -0.428459
v -0.494081 -0.351442 -0.623630
vn -0.990846 -0.125223 0.050432
v -0.555063 -0.400410 -0.543885
vn -0.991366 -0.128873 0.024192
v -0.557376 -0.378709 -0.567720
vn -0.953849 -0.270724 -0.129924
v -0.555129 -0.393338 -0.572617
vn -0.952621 -0.287148 -0.100294
v -0.556880 -0.380736 -0.589477
vn -0.967643 -0.252282 -0.004503
v -0.563980 -0.351214 -0.571329
vn -0.909385 -0.376858 0.176059
v -0.549959 -0.421315 -0.529658
vn -0.982689 -0.184204 0.019778
v -0.557186 -0.371405 -0.558981
vn -0.986968 -0.029536 0.158184
v -0.565071 -0.341133 -0.569659
vn 0.196963 0.775456 0.599895
v -0.511585 -0.257433 -0.598045
vn -0.242651 0.578858 0.778488
v -0.528313 -0.286189 -0.567672
vn -0.153362 0.782914 0.602931
v -0.531108 -0.255355 -0.599695
vn -0.465050 0.509235 0.724160
v -0.547840 -0.302514 -0.565600
vn -0.979241 -0.158368 -0.126515
v -0.570967 -0.304295 -0.642611
vn -0.981397 -0.101393 -0.163034
v -0.567263 -0.284920 -0.678526
vn -0.946173 -0.228604 -0.229121
v -0.563139 -0.298924 -0.692443
vn -0.680300 0.431107 0.592738
v -0.558174 -0.317376 -0.564682
vn -0.517613 0.575374 0.633263
v -0.549692 -0.275520 -0.585632
vn -0.762995 0.391079 0.514681
v -0.563083 -0.287745 -0.591664
vn -0.161205 0.717982 0.677137
v -0.529639 -0.269582 -0.582422
vn -0.139374 0.532160 0.835093
v -0.526953 -0.298722 -0.559182
vn 0.113449 0.475516 0.872361
v -0.510532 -0.297140 -0.558898
vn 0.138743 0.750081 0.646629
v -0.511328 -0.271690 -0.581265
vn -0.129985 0.844908 0.518878
v -0.530984 -0.241151 -0.619859
vn 0.227764 0.825502 0.516401
v -0.511536 -0.243075 -0.617662
vn 0.461761 0.746035 0.479800
v -0.495896 -0.250956 -0.619336
vn 0.703463 0.587471 0.400022
v -0.478322 -0.256441 -0.629067
vn 0.390182 0.294236 0.872458
v -0.490096 -0.310860 -0.558775
vn 0.901771 0.233904 0.363452
v -0.474372 -0.332634 -0.567336
vn 0.869113 0.349062 0.350427
v -0.470727 -0.293663 -0.597254
vn 0.720104 0.523433 0.455487
v -0.479402 -0.285535 -0.588865
vn 0.849442 0.438751 0.293165
v -0.468188 -0.265328 -0.637751
vn 0.982929 0.043366 0.178799
v -0.466204 -0.304945 -0.607346
vn 0.971500 0.169894 0.165298
v -0.461327 -0.279123 -0.649123
vn 0.987795 0.008708 0.155517
v -0.469355 -0.319336 -0.589127
vn -0.499691 0.732541 0.462269
v -0.551750 -0.247617 -0.623844
vn -0.771207 0.546363 0.326692
v -0.565356 -0.260783 -0.628363
vn -0.821186 -0.400225 0.406785
v -0.546097 -0.419963 -0.515174
vn 0.745539 -0.613297 0.260841
v -0.471328 -0.398234 -0.482159
vn -0.231795 -0.192713 0.953485
v -0.493774 -0.381197 -0.455291
vn -0.718195 0.125176 0.684490
v -0.511101 -0.353465 -0.466550
vn -0.504319 -0.014777 0.863391
v -0.512375 -0.381617 -0.462879
vn -0.777609 0.125095 0.616178
v -0.522559 -0.374901 -0.471300
vn -0.235446 -0.378830 0.895016
v -0.506275 -0.399802 -0.462989
vn -0.805618 -0.061504 0.589235
v -0.527497 -0.388833 -0.478210
vn -0.624751 -0.210796 0.751832
v -0.518611 -0.396303 -0.468113
vn 0.574549 -0.818275 0.017871
v -0.496338 -0.433996 -0.524000
vn 0.307288 -0.938179 0.159357
v -0.505882 -0.438041 -0.516081
vn -0.672738 -0.406638 0.618117
v -0.529784 -0.415533 -0.488627
vn -0.319997 -0.860857 0.395636
v -0.524104 -0.434192 -0.505055
vn -0.601218 -0.651962 0.462041
v -0.532609 -0.427965 -0.504277
vn -0.372277 -0.729475 0.573825
v -0.520881 -0.427328 -0.491603
vn -0.277942 -0.644523 0.712277
v -0.516840 -0.418296 -0.479873
vn 0.160117 -0.643134 0.748827
v -0.494804 -0.406695 -0.466977
vn 0.129443 -0.788294 0.601528
v -0.503492 -0.422110 -0.482571
vn 0.040361 -0.867398 0.495975
v -0.509716 -0.432213 -0.497038
vn 0.032261 -0.950896 0.307823
v -0.514699 -0.438207 -0.510341
vn 0.348879 -0.886099 0.305143
v -0.500433 -0.432320 -0.502885
vn 0.405665 -0.823869 0.395822
v -0.493928 -0.424066 -0.490494
vn 0.513490 -0.694314 0.504238
v -0.482873 -0.410593 -0.477240
vn 0.725373 -0.685668 0.060780
v -0.482858 -0.420488 -0.509404
vn 0.561928 -0.806630 0.183263
v -0.493867 -0.429646 -0.508476
vn 0.691626 -0.681288 0.239792
v -0.479834 -0.413360 -0.487421
vn -0.851204 -0.076445 0.519239
v -0.535680 -0.406408 -0.491164
vn -0.926277 -0.021478 0.376230
v -0.547306 -0.403689 -0.514889
vn -0.993887 0.043821 -0.101330
v -0.550520 -0.215223 -0.806286
vn -0.985692 -0.116058 -0.122235
v -0.546159 -0.207887 -0.838052
vn -0.993683 -0.090434 0.066456
v -0.552713 -0.172020 -0.887760
vn -0.996253 -0.083506 0.022508
v -0.545609 -0.199625 -0.855542
vn -0.936452 0.345124 0.062833
v -0.552250 -0.164653 -0.887428
vn -0.556267 0.814316 0.165700
v -0.547632 -0.159183 -0.884304
vn -0.508426 0.806912 0.300659
v -0.522915 -0.152107 -0.877215
vn -0.139123 0.929861 0.340592
v -0.510710 -0.144519 -0.876525
vn -0.992836 0.031802 -0.115173
v -0.552894 -0.224946 -0.783117
vn -0.970440 -0.213045 -0.113390
v -0.567722 -0.321593 -0.634177
vn -0.869935 -0.480321 -0.111821
v -0.540221 -0.221634 -0.851699
vn -0.582350 -0.776552 -0.240490
v -0.532649 -0.232225 -0.847295
vn 0.486128 -0.858740 -0.162004
v -0.512638 -0.233895 -0.847767
vn 0.957483 0.287054 0.028736
v -0.493606 -0.184340 -0.823407
vn -0.194212 0.932146 0.305590
v -0.517029 -0.169348 -0.818016
vn -0.515112 0.828778 0.218600
v -0.527787 -0.172876 -0.820520
vn -0.723582 0.664006 0.188479
v -0.538387 -0.181226 -0.821010
vn -0.895687 0.432989 0.101315
v -0.544358 -0.188090 -0.823711
vn -0.882334 0.465981 0.065948
v -0.546156 -0.196430 -0.800025
vn -0.915148 0.403101 0.003723
v -0.551633 -0.210929 -0.758951
vn -0.944941 0.325171 -0.036738
v -0.558778 -0.226054 -0.722579
vn -0.958452 0.281790 -0.044316
v -0.562762 -0.235925 -0.702489
vn -0.990683 0.086155 -0.105471
v -0.565176 -0.250116 -0.700471
vn -0.988125 -0.027049 -0.151251
v -0.563717 -0.260314 -0.711833
vn -0.944598 -0.212198 -0.250413
v -0.561078 -0.281318 -0.716190
vn -0.389149 -0.744295 -0.542760
v -0.539584 -0.289629 -0.743301
vn -0.022139 -0.811641 -0.583737
v -0.528571 -0.300741 -0.731504
vn 0.239342 -0.810707 -0.534294
v -0.513988 -0.284933 -0.752117
vn -0.791621 -0.452324 -0.410780
v -0.554561 -0.309546 -0.702511
vn -0.384381 -0.718156 -0.580089
v -0.542665 -0.325171 -0.698171
vn 0.287938 -0.787412 -0.545045
v -0.517473 -0.305883 -0.721473
vn 0.375637 -0.757626 -0.533760
v -0.504676 -0.296470 -0.726156
vn 0.424989 -0.709418 -0.562237
v -0.485223 -0.287915 -0.725896
vn -0.999590 0.022627 -0.017563
v -0.572394 -0.290702 -0.639004
vn -0.974450 -0.167490 -0.149645
v -0.567073 -0.311369 -0.653933
vn -0.961392 -0.233242 -0.146028
v -0.565532 -0.329205 -0.645098
vn -0.853593 -0.426198 -0.299558
v -0.558813 -0.334157 -0.664654
vn -0.652927 -0.599765 -0.462567
v -0.553261 -0.335896 -0.674477
vn -0.349205 -0.743175 -0.570742
v -0.542071 -0.337942 -0.681943
vn 0.136121 -0.812975 -0.566166
v -0.530875 -0.335531 -0.685025
vn 0.415781 -0.787527 -0.454893
v -0.506664 -0.324846 -0.682151
vn 0.467882 -0.773818 -0.426957
v -0.480227 -0.317231 -0.677598
vn 0.753220 -0.588878 -0.293056
v -0.467016 -0.310064 -0.671078
vn 0.980706 -0.186899 -0.057305
v -0.459704 -0.294783 -0.660193
vn -0.935098 0.184498 0.302577
v -0.568248 -0.296897 -0.595614
vn -0.974958 -0.217526 -0.046245
v -0.570131 -0.322724 -0.611162
vn -0.976392 -0.212578 -0.038340
v -0.567308 -0.330792 -0.617049
vn -0.959849 -0.264587 -0.093190
v -0.565579 -0.339675 -0.624479
vn -0.896283 -0.385530 -0.219190
v -0.559803 -0.350303 -0.634206
vn -0.659951 -0.618568 -0.426425
v -0.552242 -0.364251 -0.636344
vn 0.280099 -0.776416 -0.564555
v -0.528153 -0.356638 -0.650822
vn 0.426444 -0.731236 -0.532391
v -0.516372 -0.352335 -0.649368
vn 0.467214 -0.745193 -0.475813
v -0.502719 -0.337172 -0.657821
vn 0.483926 -0.762153 -0.430046
v -0.492795 -0.340391 -0.642828
vn 0.747213 -0.635463 -0.194576
v -0.473241 -0.330654 -0.631974
vn 0.944503 -0.328476 -0.004157
v -0.466158 -0.318052 -0.619678
vn -0.981750 -0.188983 0.021283
v -0.567242 -0.333071 -0.593332
vn -0.970863 -0.239218 -0.014146
v -0.562368 -0.351878 -0.582701
vn -0.981643 -0.189046 0.025290
v -0.562032 -0.356373 -0.589302
vn -0.996461 -0.039032 0.074442
v -0.572595 -0.305635 -0.614539
vn -0.987336 -0.010209 0.158313
v -0.567592 -0.324354 -0.587973
vn -0.914499 0.187203 0.358674
v -0.564629 -0.318479 -0.575146
vn -0.942580 0.291411 0.163162
v -0.570659 -0.270770 -0.631556
vn -0.931493 0.353083 0.087482
v -0.567881 -0.249684 -0.659838
vn 0.431026 0.752296 0.498264
v -0.501721 -0.247863 -0.617151
vn 0.403814 0.735523 0.544003
v -0.500388 -0.264295 -0.595505
vn 0.341238 0.710508 0.615414
v -0.501570 -0.278871 -0.577423
vn 0.339516 0.578804 0.741428
v -0.501203 -0.289147 -0.566680
vn 0.678783 0.717346 0.157061
v -0.478640 -0.230382 -0.683199
vn 0.845620 0.533753 0.005786
v -0.472142 -0.235690 -0.707369
vn 0.959436 0.225030 -0.169836
v -0.466888 -0.248769 -0.715367
vn 0.931220 -0.098920 -0.350776
v -0.467143 -0.263564 -0.721978
vn 0.728212 -0.447749 -0.518872
v -0.474640 -0.276318 -0.728293
vn 0.529327 0.642146 0.554492
v -0.487992 -0.280600 -0.584009
vn 0.499960 0.691875 0.520912
v -0.487693 -0.266529 -0.602324
vn 0.497242 0.730951 0.467398
v -0.487318 -0.252308 -0.623648
vn 0.485017 0.784054 0.387322
v -0.487409 -0.237379 -0.648929
vn 0.487048 0.824113 0.289176
v -0.488616 -0.225521 -0.676288
vn 0.529649 0.824037 0.201082
v -0.490665 -0.221270 -0.689837
vn 0.542343 0.814274 0.206936
v -0.494158 -0.211939 -0.714365
vn 0.493159 0.836740 0.238035
v -0.498576 -0.202800 -0.739336
vn 0.559363 0.785070 0.266041
v -0.500408 -0.194058 -0.764128
vn 0.610034 0.727954 0.312957
v -0.500498 -0.169523 -0.829053
vn 0.534755 0.504214 0.678089
v -0.488531 -0.292926 -0.570097
vn 0.975344 -0.160953 -0.150990
v -0.471175 -0.341280 -0.585530
vn 0.645355 -0.661567 -0.381897
v -0.486197 -0.348078 -0.619606
vn 0.524891 -0.771863 -0.358771
v -0.484077 -0.337210 -0.639546
vn 0.654330 -0.585163 -0.478996
v -0.484996 -0.358730 -0.602146
vn 0.498784 -0.791816 -0.352481
v -0.481312 -0.327754 -0.658043
vn 0.986089 -0.144431 0.082270
v -0.495099 -0.205310 -0.855051
vn 0.788233 -0.417034 -0.452517
v -0.487145 -0.248141 -0.768537
vn 0.909046 -0.271620 -0.316004
v -0.487823 -0.229953 -0.787133
vn 0.655364 -0.540254 -0.527847
v -0.486738 -0.264686 -0.752847
vn 0.940056 -0.246519 -0.235633
v -0.491948 -0.219428 -0.811887
vn 0.951593 -0.280252 -0.126215
v -0.495556 -0.211193 -0.838464
vn 0.887317 -0.402984 0.224216
v -0.497283 -0.220399 -0.863591
vn 0.857137 -0.503675 -0.107836
v -0.502470 -0.225112 -0.843365
vn 0.827555 -0.557710 0.064133
v -0.501630 -0.224341 -0.855950
vn 0.984707 0.166653 -0.050779
v -0.489137 -0.202062 -0.800625
vn 0.970482 0.225225 -0.086245
v -0.485207 -0.214319 -0.771224
vn 0.988200 0.147115 -0.042632
v -0.494598 -0.183052 -0.842889
vn 0.988583 0.144088 0.044078
v -0.498454 -0.163232 -0.891032
vn -0.528225 0.829155 0.182976
v -0.528398 -0.150551 -0.896539
vn 0.526085 -0.697118 0.487095
v -0.515041 -0.238491 -0.892954
vn 0.703970 -0.503238 0.501176
v -0.517577 -0.249685 -0.900236
vn -0.782611 -0.017919 0.622253
v -0.552156 -0.218121 -0.891896
vn -0.843634 0.180778 0.505571
v -0.561335 -0.216731 -0.904933
vn -0.200523 -0.758556 0.619987
v -0.525665 -0.240452 -0.889146
vn -0.573285 -0.232012 0.785821
v -0.553208 -0.237696 -0.896373
vn -0.986990 0.043181 0.154877
v -0.552653 -0.183422 -0.901826
vn -0.917862 0.089080 0.386775
v -0.551045 -0.194272 -0.895486
vn -0.903078 0.271986 0.332375
v -0.557568 -0.194132 -0.912110
vn -0.218235 -0.402582 0.888989
v -0.536581 -0.239148 -0.890939
vn -0.165188 -0.362705 0.917147
v -0.541690 -0.256359 -0.897895
vn -0.445929 -0.279465 0.850322
v -0.550487 -0.249251 -0.898199
vn 0.115896 0.945390 0.304640
v -0.512554 -0.131663 -0.907801
vn -0.621113 0.714879 0.321195
v -0.527686 -0.135098 -0.926977
vn -0.434820 0.827252 0.355788
v -0.515254 -0.137050 -0.898826
vn -0.712246 0.656900 0.247362
v -0.537679 -0.151070 -0.918916
vn 0.799399 -0.561858 0.212784
v -0.505621 -0.233163 -0.900822
vn 0.266510 -0.485235 0.832778
v -0.528484 -0.257320 -0.898218
vn 0.888902 -0.451271 0.078797
v -0.502102 -0.228263 -0.909733
vn 0.824427 -0.564549 0.040055
v -0.499632 -0.223223 -0.899209
vn 0.947710 -0.313804 -0.058071
v -0.497978 -0.219146 -0.912900
vn 0.854450 -0.481539 -0.195027
v -0.494596 -0.216606 -0.898807
vn 0.954935 -0.117506 -0.272566
v -0.490370 -0.205254 -0.899578
vn 0.982000 0.183621 0.044263
v -0.499138 -0.150444 -0.888474
vn 0.863062 0.486782 0.134783
v -0.498190 -0.141547 -0.915553
vn 0.982321 0.132503 0.132245
v -0.496269 -0.158681 -0.918047
vn 0.999655 0.012365 0.023184
v -0.493552 -0.183783 -0.920652
vn -0.943947 0.315276 0.097803
v -0.552532 -0.176406 -0.914229
vn 0.574314 0.778676 0.252640
v -0.502221 -0.143668 -0.888559
vn -0.429821 -0.105349 0.896747
v -0.591319 -0.292193 -0.935923
vn -0.369566 -0.312120 0.875215
v -0.579314 -0.297624 -0.931675
vn -0.342372 -0.363849 0.866254
v -0.551568 -0.317662 -0.930550
vn -0.625005 0.123481 0.770793
v -0.594742 -0.252800 -0.936747
vn -0.526282 0.022941 0.850001
v -0.597639 -0.269844 -0.937096
vn -0.531653 -0.057556 0.845005
v -0.586856 -0.267711 -0.930858
vn 0.869027 0.034826 -0.493538
v -0.527603 -0.303930 -0.954134
vn -0.595105 0.205508 0.776928
v -0.607692 -0.266636 -0.943013
vn -0.492319 -0.155878 0.856343
v -0.580694 -0.278986 -0.928221
vn -0.455202 -0.280833 0.844940
v -0.565829 -0.281854 -0.920299
vn -0.337827 -0.419057 0.842771
v -0.556604 -0.298493 -0.922836
vn -0.178825 0.123341 -0.976119
v -0.603630 -0.276080 -0.965337
vn -0.331953 0.191823 -0.923586
v -0.598458 -0.254310 -0.962298
vn 0.120170 0.084489 -0.989152
v -0.580858 -0.273299 -0.964487
vn 0.529898 0.184037 -0.827852
v -0.534696 -0.295440 -0.961325
vn 0.398972 0.206131 -0.893494
v -0.539802 -0.305412 -0.968112
vn 0.115500 0.263308 -0.957773
v -0.549198 -0.289166 -0.963270
vn 0.149338 0.207091 -0.966857
v -0.562211 -0.283284 -0.962016
vn 0.006479 0.010583 -0.999923
v -0.575719 -0.247888 -0.964147
vn -0.227895 0.178859 -0.957117
v -0.581112 -0.231492 -0.963063
vn 0.924229 -0.368132 0.101387
v -0.516029 -0.265384 -0.928586
vn 0.921730 -0.302005 -0.243323
v -0.515352 -0.264366 -0.937216
vn 0.864821 -0.332997 -0.375762
v -0.508964 -0.247682 -0.940024
vn 0.762226 -0.175686 -0.623013
v -0.518007 -0.261238 -0.943900
vn 0.866195 -0.441626 0.233821
v -0.512958 -0.253679 -0.917441
vn 0.859683 -0.406051 0.309947
v -0.519013 -0.266759 -0.916913
vn 0.315627 -0.282532 -0.905845
v -0.523370 -0.218012 -0.958083
vn 0.307809 -0.181737 -0.933930
v -0.527256 -0.238450 -0.955025
vn 0.138308 -0.175016 -0.974803
v -0.539785 -0.213964 -0.962243
vn 0.220761 -0.148636 -0.963936
v -0.549011 -0.229648 -0.960579
vn 0.541011 0.070160 -0.838084
v -0.532792 -0.282063 -0.957817
vn 0.186021 0.118135 -0.975418
v -0.546048 -0.271228 -0.958729
vn 0.213709 -0.050099 -0.975612
v -0.543776 -0.251856 -0.957444
vn 0.860769 -0.287567 -0.419978
v -0.499911 -0.206656 -0.946843
vn 0.690453 -0.362650 -0.625907
v -0.497615 -0.188836 -0.956895
vn 0.591922 -0.232770 -0.771652
v -0.511205 -0.234466 -0.947600
vn 0.581085 -0.104576 -0.807096
v -0.524893 -0.258059 -0.950431
vn 0.345377 -0.030265 -0.937976
v -0.532126 -0.254444 -0.954091
vn 0.505599 -0.279969 -0.816080
v -0.514655 -0.223030 -0.952988
vn 0.890767 -0.344836 0.296011
v -0.524879 -0.291041 -0.930175
vn 0.886670 -0.259054 0.383024
v -0.527384 -0.306203 -0.936078
vn 0.698761 -0.395644 0.595986
v -0.532485 -0.302121 -0.926005
vn 0.696117 -0.460758 0.550566
v -0.524550 -0.271242 -0.911216
vn 0.915315 -0.392841 0.088738
v -0.503789 -0.237612 -0.921822
vn 0.968482 -0.178577 -0.173644
v -0.497226 -0.209590 -0.935233
vn 0.961336 -0.270648 -0.050825
v -0.498580 -0.223600 -0.927998
vn 0.891587 -0.249248 -0.378085
v -0.501334 -0.224630 -0.938935
vn 0.979566 -0.194372 -0.051661
v -0.523912 -0.291009 -0.941186
vn 0.866471 -0.086911 -0.491603
v -0.523826 -0.282530 -0.947306
vn -0.784149 0.013853 0.620418
v -0.567336 -0.235474 -0.910085
vn -0.317786 -0.420243 0.849946
v -0.549933 -0.285971 -0.914240
vn -0.403341 -0.350651 0.845198
v -0.547261 -0.265300 -0.903131
vn 0.078105 0.139991 -0.987067
v -0.508283 -0.151140 -0.965920
vn 0.157042 0.047956 -0.986427
v -0.559981 -0.265441 -0.959578
vn 0.216432 -0.069804 -0.973799
v -0.556904 -0.248502 -0.959693
vn 0.104336 -0.186161 -0.976964
v -0.524476 -0.199662 -0.963832
vn 0.362739 -0.233257 -0.902226
v -0.500928 -0.180565 -0.964152
vn 0.349526 0.023000 -0.936644
v -0.499137 -0.162574 -0.965301
vn -0.101728 0.054193 -0.993335
v -0.527417 -0.162332 -0.966127
vn -0.059051 -0.018224 -0.998089
v -0.553551 -0.208638 -0.963493
vn 0.050401 -0.022539 -0.998475
v -0.560196 -0.225147 -0.963616
vn 0.242427 -0.087472 -0.966218
v -0.568642 -0.256536 -0.962944
vn -0.814180 0.399631 -0.421195
v -0.610140 -0.261640 -0.956387
vn -0.587408 0.388437 -0.709978
v -0.592919 -0.237508 -0.959612
vn -0.527541 0.328586 -0.783410
v -0.571987 -0.207272 -0.958660
vn -0.258091 0.146327 -0.954975
v -0.563549 -0.206873 -0.961820
vn -0.562278 0.231896 -0.793768
v -0.561889 -0.187684 -0.958649
vn -0.303386 0.101225 -0.947476
v -0.549050 -0.173119 -0.962426
vn -0.590251 0.473435 -0.653807
v -0.538124 -0.140856 -0.961162
vn -0.292452 0.143914 -0.945389
v -0.538232 -0.151623 -0.963635
vn -0.849156 0.246302 0.467194
v -0.571333 -0.222191 -0.919522
vn -0.695401 -0.122776 0.708056
v -0.567019 -0.248239 -0.911296
vn -0.548962 -0.283884 0.786162
v -0.558740 -0.258784 -0.906950
vn -0.070498 -0.443991 0.893253
v -0.539017 -0.274918 -0.905225
vn -0.574708 0.784066 -0.234416
v -0.533922 -0.132385 -0.951723
vn -0.102827 0.975913 0.192406
v -0.515126 -0.126875 -0.929800
vn -0.643891 0.732133 0.222229
v -0.534742 -0.133298 -0.942074
vn -0.852903 0.497830 0.157229
v -0.553032 -0.156117 -0.943327
vn -0.784317 0.516843 0.343104
v -0.547331 -0.157068 -0.930973
vn -0.875068 0.388563 0.288574
v -0.564645 -0.183056 -0.939452
vn -0.871273 0.369361 0.323197
v -0.558904 -0.181723 -0.928239
vn -0.908674 0.412113 -0.066896
v -0.566159 -0.183839 -0.948245
vn -0.775081 0.349649 -0.526303
v -0.564666 -0.186277 -0.955092
vn -0.779973 0.606749 -0.153293
v -0.545985 -0.145032 -0.953406
vn -0.233813 0.493764 -0.837573
v -0.530552 -0.136653 -0.962891
vn 0.389139 0.911306 -0.134508
v -0.508132 -0.127550 -0.946874
vn 0.614225 0.780162 0.118638
v -0.505337 -0.130260 -0.933966
vn -0.849986 0.497235 0.174014
v -0.547836 -0.162985 -0.921271
vn 0.365472 -0.459213 0.809663
v -0.532864 -0.276166 -0.906861
vn -0.133687 -0.478115 0.868064
v -0.543210 -0.305221 -0.922734
vn -0.684409 0.244426 0.686907
v -0.600683 -0.251862 -0.942615
vn -0.868759 0.486147 0.094441
v -0.595999 -0.234921 -0.947818
vn -0.903541 0.365946 0.222929
v -0.609886 -0.262301 -0.949453
vn -0.816576 0.502834 -0.283481
v -0.594773 -0.236516 -0.956075
vn -0.867592 0.493714 0.059416
v -0.575614 -0.203099 -0.947922
vn -0.777796 0.461531 -0.426642
v -0.573942 -0.204616 -0.954965
vn -0.851032 0.396917 0.343806
v -0.570559 -0.198281 -0.939926
vn -0.772642 0.123589 0.622696
v -0.579156 -0.241779 -0.926031
vn -0.745895 0.336643 0.574728
v -0.591671 -0.233754 -0.940103
vn -0.664655 -0.013190 0.747034
v -0.578647 -0.253002 -0.923810
vn -0.557066 -0.203357 0.805185
v -0.569676 -0.268365 -0.919410
vn -0.854594 0.356799 0.377311
v -0.565281 -0.197168 -0.929262
vn 0.976820 -0.186091 -0.105794
v -0.495694 -0.206641 -0.916505
vn 0.243317 0.716238 -0.654064
v -0.511325 -0.132855 -0.961461
vn 0.622131 0.396041 -0.675355
v -0.498211 -0.141567 -0.961656
vn 0.844718 0.097345 -0.526285
v -0.492205 -0.155547 -0.960206
vn 0.751493 -0.163322 -0.639206
v -0.492974 -0.171191 -0.960992
vn 0.982080 0.178446 -0.060634
v -0.489601 -0.154741 -0.949792
vn 0.966411 -0.172814 -0.190222
v -0.489856 -0.176013 -0.949602
vn 0.802740 0.590789 -0.081093
v -0.495524 -0.139323 -0.948910
vn 0.899081 0.412153 0.147594
v -0.496922 -0.140740 -0.932742
vn 0.967627 0.176000 0.180893
v -0.491601 -0.154257 -0.935284
vn 0.993127 -0.114237 0.025485
v -0.492031 -0.182184 -0.934976
vn -0.785202 0.335282 0.520618
v -0.577754 -0.220163 -0.932778
vn -0.225654 0.955960 -0.187671
v -0.523850 -0.126262 -0.947944
vn -0.756196 0.654171 -0.015124
v -0.546152 -0.161382 -0.907604
vn 0.984497 0.174875 -0.013571
v -0.493755 -0.178131 -0.905000
vn 0.047795 -0.044435 -0.997868
v -0.510963 -0.168031 -0.966541
vn -0.528530 0.226270 -0.818204
v -0.551455 -0.162392 -0.959735
vn -0.813578 0.389063 -0.432111
v -0.555169 -0.161844 -0.955635
vn -0.287561 -0.359992 0.887533
v -0.563252 -0.315851 -0.936607
vn -0.102768 -0.490305 0.865471
v -0.563873 -0.337151 -0.945479
vn -0.868595 0.241579 -0.432645
v -0.613672 -0.274377 -0.958185
vn -0.341045 0.037628 0.939294
v -0.606113 -0.282362 -0.941407
vn 0.103781 0.137520 -0.985047
v -0.575526 -0.281854 -0.965582
vn 0.004236 0.143201 -0.989684
v -0.566157 -0.298878 -0.966637
vn 0.921565 -0.229591 -0.313060
v -0.529592 -0.321684 -0.959011
vn 0.934773 -0.298597 0.192456
v -0.528480 -0.324436 -0.944496
vn 0.217658 -0.467438 0.856812
v -0.538824 -0.306801 -0.923765
vn -0.147868 -0.116066 -0.982173
v -0.609750 -0.318505 -0.960529
vn -0.262812 -0.028140 -0.964437
v -0.616380 -0.310521 -0.963632
vn -0.793610 0.199584 0.574760
v -0.615809 -0.289278 -0.944717
vn -0.670769 -0.268378 0.691406
v -0.623077 -0.311203 -0.947255
vn -0.125618 -0.198525 0.972012
v -0.613878 -0.304889 -0.942702
vn 0.237866 -0.244718 -0.939964
v -0.599840 -0.346983 -0.962270
vn 0.148173 -0.978321 -0.144680
v -0.603310 -0.363554 -0.963073
vn -0.073553 -0.099503 -0.992315
v -0.608272 -0.357349 -0.969269
vn -0.973359 0.006529 -0.229193
v -0.613902 -0.349798 -0.963707
vn 0.363819 -0.340824 -0.866877
v -0.580527 -0.355184 -0.961589
vn -0.548858 0.651244 -0.524058
v -0.595914 -0.357744 -0.966138
vn -0.394153 -0.127371 0.910176
v -0.574405 -0.371703 -0.951799
vn 0.855673 -0.484148 0.182822
v -0.540117 -0.349255 -0.949706
vn 0.052973 -0.361354 0.930923
v -0.550606 -0.354732 -0.943098
vn -0.667176 -0.031565 0.744231
v -0.559283 -0.346291 -0.942806
vn 0.418243 -0.194608 -0.887243
v -0.543028 -0.341045 -0.968508
vn -0.163961 -0.216344 -0.962451
v -0.559694 -0.344952 -0.970231
vn -0.048327 -0.231594 -0.971611
v -0.580330 -0.340184 -0.968244
vn 0.689364 -0.026513 -0.723929
v -0.533677 -0.321952 -0.965991
vn 0.405060 -0.851471 -0.333052
v -0.574864 -0.349797 -0.960789
vn 0.181221 0.025064 -0.983123
v -0.541045 -0.317334 -0.969533
vn -0.138072 -0.008962 -0.990382
v -0.597153 -0.317080 -0.965608
vn -0.142313 -0.233675 -0.961844
v -0.594168 -0.368548 -0.970732
vn -0.822619 0.074950 -0.563632
v -0.615546 -0.327939 -0.959594
vn -0.913727 -0.339191 0.223723
v -0.622451 -0.340034 -0.960646
vn -0.108350 -0.084206 -0.990540
v -0.600711 -0.334827 -0.965462
vn -0.141337 -0.314359 0.938724
v -0.598405 -0.331227 -0.946383
vn -0.183648 -0.109979 0.976820
v -0.577172 -0.337648 -0.944434
vn -0.945582 -0.212067 -0.246783
v -0.585378 -0.377275 -0.963167
vn -0.138458 -0.278014 0.950546
v -0.590939 -0.308353 -0.939481
vn -0.129476 -0.542936 0.829733
v -0.607612 -0.333475 -0.946285
vn 0.743874 -0.512698 -0.428709
v -0.552425 -0.371137 -0.965723
vn -0.138725 -0.651322 0.746013
v -0.572926 -0.386819 -0.953702
vn -0.845692 0.495080 -0.199253
v -0.573599 -0.355912 -0.960291
vn 0.348679 -0.926029 -0.144546
v -0.590094 -0.372968 -0.963334
vn -0.358297 -0.104964 -0.927688
v -0.617697 -0.339350 -0.968112
vn -0.838777 -0.498834 0.218214
v -0.603034 -0.364981 -0.960277
vn -0.910061 0.285605 -0.300365
v -0.617008 -0.288690 -0.954888
vn -0.274683 -0.120720 0.953926
v -0.601451 -0.286845 -0.940584
vn -0.241429 -0.153122 0.958262
v -0.582739 -0.335589 -0.946617
vn -0.419113 -0.002916 -0.907930
v -0.610539 -0.299248 -0.965766
vn 0.664343 -0.398720 0.632195
v -0.534833 -0.328099 -0.936842
vn 0.612880 -0.473679 0.632460
v -0.544204 -0.351854 -0.944663
vn -0.830221 -0.298015 0.471084
v -0.567413 -0.347988 -0.957086
vn -0.028176 0.067860 -0.997297
v -0.558978 -0.359937 -0.966920
vn 0.477401 -0.611956 0.630553
v -0.554430 -0.368795 -0.948077
vn -0.008296 -0.208578 -0.977971
v -0.568653 -0.378095 -0.971637
vn -0.359341 0.318305 -0.877244
v -0.574676 -0.369141 -0.969559
vn 0.513819 -0.644365 0.566378
v -0.561792 -0.377789 -0.955888
vn 0.235989 -0.940298 -0.245252
v -0.569996 -0.388774 -0.963171
vn 0.483104 -0.800794 0.354033
v -0.580018 -0.361696 -0.951442
vn 0.066863 -0.350133 0.934311
v -0.580700 -0.354966 -0.945725
vn -0.167843 -0.460002 0.871910
v -0.601950 -0.348865 -0.947083
vn -0.315052 -0.271551 0.909397
v -0.606715 -0.305734 -0.945276
vn -0.641562 0.027516 0.766577
v -0.611199 -0.324181 -0.944805
vn 0.159328 -0.987216 -0.004395
v -0.610399 -0.344680 -0.962742
vn -0.669140 0.014755 0.742990
v -0.594839 -0.358963 -0.950372
vn -0.591577 -0.731945 0.338073
v -0.591533 -0.349184 -0.954764
vn -0.891700 -0.045460 -0.450338
v -0.626232 -0.312222 -0.959214
vn 0.210434 0.623364 0.753083
v -0.076470 0.176209 -0.494005
vn 0.201597 0.696130 0.689029
v -0.059603 0.180407 -0.502138
vn 0.142108 0.737034 0.660747
v -0.111713 0.189886 -0.497005
vn 0.000170 0.984718 -0.174159
v -0.123137 0.199883 -0.544300
vn 0.313363 -0.904395 0.289609
v -0.070707 0.036236 -0.491650
vn 0.291342 -0.946416 0.139343
v -0.072829 0.032690 -0.507555
vn 0.332478 -0.932066 0.143913
v -0.041471 0.041108 -0.514976
vn 0.328367 -0.944418 0.015784
v -0.059262 0.035111 -0.531312
vn 0.354970 -0.934748 -0.015587
v -0.076199 0.028015 -0.544662
vn 0.367546 -0.794530 0.483356
v -0.091849 0.036146 -0.472255
vn 0.382896 -0.770055 0.510300
v -0.074954 0.040525 -0.478414
vn 0.391842 0.275956 0.877672
v -0.113199 0.102955 -0.446359
vn 0.513291 0.015229 0.858079
v -0.118640 0.078543 -0.441575
vn -0.609126 0.253669 -0.751411
v -0.178420 0.111251 -0.606767
vn -0.612925 0.057484 -0.788047
v -0.189742 0.084363 -0.603419
vn 0.200239 -0.957663 -0.206848
v -0.125951 0.015890 -0.568036
vn -0.407423 -0.408466 -0.816800
v -0.193982 0.035860 -0.591905
vn -0.161979 -0.702993 -0.692505
v -0.176147 0.020266 -0.587957
vn -0.260789 -0.631471 -0.730228
v -0.202495 0.015139 -0.575469
vn -0.530206 -0.259271 -0.807255
v -0.216569 0.032847 -0.576482
vn 0.084864 -0.901718 -0.423914
v -0.149646 0.015672 -0.579254
vn -0.579323 -0.116772 -0.806690
v -0.195460 0.058664 -0.598799
vn -0.542315 0.058646 -0.838126
v -0.168187 0.090584 -0.618746
vn -0.509022 0.346398 -0.787975
v -0.174209 0.136950 -0.598319
vn -0.528534 0.443683 -0.723739
v -0.162861 0.138508 -0.606809
vn -0.347042 0.597470 -0.722905
v -0.158779 0.162274 -0.591886
vn -0.397932 0.629986 -0.666909
v -0.147920 0.162055 -0.598089
vn 0.432625 -0.297976 0.850909
v -0.038036 0.072708 -0.473416
vn 0.464017 -0.652257 0.599374
v -0.035786 0.060386 -0.482074
vn 0.331656 0.007084 0.943374
v -0.043665 0.090737 -0.468828
vn 0.295955 0.235838 0.925630
v -0.027319 0.119072 -0.477579
vn 0.286641 0.177599 0.941433
v -0.049938 0.107171 -0.468601
vn 0.416523 -0.827262 0.377024
v -0.037709 0.045850 -0.501115
vn 0.331639 -0.942717 -0.036066
v -0.023670 0.046621 -0.531923
vn 0.314630 -0.948648 -0.032774
v -0.044117 0.039773 -0.526764
vn 0.366044 -0.929927 -0.035320
v -0.057424 0.035711 -0.545442
vn 0.245465 -0.942045 -0.228689
v -0.087824 0.027522 -0.582930
vn 0.316126 -0.946154 -0.069700
v -0.081794 0.026766 -0.561769
vn 0.225011 -0.956678 -0.184763
v -0.112746 0.019283 -0.572915
vn -0.273870 -0.525630 -0.805424
v -0.171488 0.040442 -0.603614
vn -0.027845 0.939923 -0.340249
v -0.130828 0.197395 -0.555085
vn 0.263772 0.310303 0.913311
v -0.059478 0.126490 -0.470951
vn 0.242668 0.363681 0.899360
v -0.043828 0.135419 -0.478764
vn 0.211354 0.519335 0.828022
v -0.040467 0.158583 -0.491453
vn 0.416840 -0.319079 0.851136
v -0.059385 0.064122 -0.465260
vn 0.427612 -0.654933 0.623066
v -0.057844 0.053797 -0.473443
vn 0.377651 -0.268613 0.886130
v -0.078177 0.058614 -0.458289
vn 0.327021 0.001005 0.945016
v -0.064393 0.082119 -0.461851
vn 0.322658 -0.023302 0.946229
v -0.083201 0.074436 -0.455561
vn 0.294410 0.141973 0.945075
v -0.069532 0.099992 -0.461299
vn 0.330090 0.092089 0.939447
v -0.089273 0.092299 -0.454073
vn 0.399817 0.056045 0.914880
v -0.106877 0.084345 -0.446614
vn 0.441258 -0.687481 0.576768
v -0.037720 0.050902 -0.493008
vn 0.274804 0.272470 0.922086
v -0.077745 0.118540 -0.463385
vn -0.642173 0.044463 -0.765269
v -0.205103 0.078266 -0.589897
vn -0.593575 0.185148 -0.783191
v -0.194288 0.105977 -0.594315
vn 0.009232 -0.857552 -0.514315
v -0.175291 0.008403 -0.571339
vn 0.186061 -0.945927 -0.265715
v -0.146187 0.010475 -0.561888
vn 0.243068 -0.949333 0.199210
v -0.087041 0.029716 -0.504262
vn -0.089943 0.995910 -0.008542
v -0.099441 0.202453 -0.538333
vn -0.083521 -0.729721 -0.678625
v -0.150953 0.026987 -0.597174
vn 0.386074 0.045604 0.921340
v -0.021147 0.101959 -0.476638
vn 0.231144 0.733903 0.638717
v -0.068942 0.188216 -0.507989
vn -0.269570 0.752302 -0.601143
v -0.140948 0.183630 -0.576248
vn -0.463077 0.515218 -0.721187
v -0.145336 0.141342 -0.617160
vn -0.533745 0.309651 -0.786914
v -0.155378 0.118508 -0.621547
vn 0.350652 -0.934643 -0.059041
v -0.029791 0.046977 -0.546849
vn 0.483198 -0.797745 0.360726
v -0.015174 0.054372 -0.509900
vn 0.514674 -0.678846 0.523716
v -0.013506 0.060156 -0.502712
vn 0.253368 0.394015 0.883491
v -0.030465 0.144052 -0.485895
vn 0.224997 0.588823 0.776315
v -0.050303 0.170246 -0.496829
vn 0.287452 0.615207 0.734092
v -0.144735 0.151845 -0.462033
vn 0.534442 0.203846 0.820255
v -0.122523 0.098680 -0.440976
vn 0.410013 -0.078153 0.908725
v -0.110986 0.060645 -0.446563
vn 0.254773 -0.930787 0.262158
v -0.090017 0.032063 -0.486281
vn 0.288214 -0.942743 0.167835
v -0.097251 0.021951 -0.524319
vn -0.656878 -0.083177 -0.749395
v -0.213013 0.055012 -0.583214
vn -0.076103 0.858036 -0.507920
v -0.139463 0.193751 -0.562883
vn -0.644465 -0.655995 -0.392856
v -0.270459 0.023428 -0.522156
vn -0.812721 -0.479940 -0.330366
v -0.307552 0.060705 -0.513676
vn -0.559541 -0.522392 -0.643444
v -0.279042 0.044928 -0.532371
vn -0.664276 -0.522200 -0.534832
v -0.297929 0.055581 -0.522027
vn 0.465831 -0.868163 -0.171160
v -0.215403 -0.014678 -0.520741
vn 0.721746 -0.675125 -0.152608
v -0.220723 -0.018287 -0.493418
vn -0.204877 -0.377873 -0.902905
v -0.225834 -0.002362 -0.533550
vn 0.106277 -0.756007 -0.645878
v -0.215223 -0.008853 -0.532375
vn -0.387959 -0.319971 -0.864353
v -0.244717 0.005647 -0.528885
vn 0.745498 -0.599490 -0.291281
v -0.209427 -0.014226 -0.470795
vn -0.986919 -0.087875 0.135160
v -0.329136 0.130830 -0.466806
vn -0.952660 -0.303648 0.015387
v -0.327360 0.101917 -0.506148
vn 0.724002 -0.689123 0.030507
v -0.163862 0.015202 -0.433926
vn 0.699720 -0.664685 0.261887
v -0.152894 0.026445 -0.437542
vn 0.804258 -0.594259 -0.005025
v -0.161562 0.016434 -0.395428
vn -0.468191 -0.836306 -0.285288
v -0.247564 0.012606 -0.537613
vn -0.310333 -0.905265 -0.290152
v -0.229421 0.006220 -0.542363
vn -0.519754 -0.774593 -0.360362
v -0.259137 0.016273 -0.528274
vn 0.162608 0.583774 0.795466
v -0.132928 0.174615 -0.481091
vn 0.153028 0.988218 0.002656
v -0.142992 0.205492 -0.528157
vn -0.265230 0.162942 -0.950317
v -0.188672 0.133977 -0.592053
vn -0.479483 0.023413 -0.877239
v -0.205214 0.102157 -0.588837
vn -0.028837 -0.308524 -0.950779
v -0.220376 0.097987 -0.585009
vn -0.657776 -0.030641 -0.752590
v -0.216853 0.074856 -0.579178
vn -0.205545 -0.486793 -0.848990
v -0.234825 0.070654 -0.567663
vn -0.652394 -0.011567 -0.757792
v -0.234821 0.035244 -0.563419
vn -0.659623 -0.024459 -0.751199
v -0.234492 0.052532 -0.561442
vn -0.687465 -0.003543 -0.726209
v -0.225586 0.053532 -0.570429
vn -0.617851 -0.511208 -0.597433
v -0.256471 0.022884 -0.540022
vn -0.632619 -0.126705 -0.764028
v -0.254121 0.033349 -0.545467
vn -0.600577 -0.328091 -0.729153
v -0.236973 0.023156 -0.559834
vn 0.553876 0.828496 -0.082560
v -0.170268 0.163455 -0.387515
vn 0.756221 0.648878 -0.084183
v -0.153946 0.148562 -0.391895
vn 0.750111 0.627597 -0.208461
v -0.156744 0.150815 -0.409108
vn 0.984676 0.174368 0.002974
v -0.133551 0.104893 -0.399455
vn 0.954711 0.297271 -0.012542
v -0.137105 0.118152 -0.389544
vn 0.313936 -0.945292 0.088699
v -0.171441 -0.001147 -0.516973
vn 0.309546 -0.949741 0.046610
v -0.190272 -0.006854 -0.511470
vn 0.213183 -0.971691 -0.101836
v -0.185436 -0.005111 -0.529755
vn 0.229731 -0.946191 -0.227919
v -0.203678 -0.009663 -0.524615
vn 0.347551 -0.937640 -0.006294
v -0.208875 -0.012331 -0.502027
vn 0.277125 -0.960834 -0.000196
v -0.153769 0.002461 -0.533144
vn 0.844870 0.509558 -0.162928
v -0.145926 0.135206 -0.406542
vn 0.790427 0.431034 0.435241
v -0.139105 0.119056 -0.434817
vn 0.446706 0.893298 -0.049714
v -0.179606 0.168604 -0.410600
vn 0.328847 -0.748245 0.576185
v -0.122407 0.035714 -0.451283
vn 0.348214 -0.459234 0.817222
v -0.124761 0.043151 -0.445042
vn 0.495481 -0.254373 0.830537
v -0.125992 0.057339 -0.440349
vn 0.701905 -0.092285 0.706267
v -0.126559 0.075058 -0.436434
vn 0.974610 -0.201304 0.098036
v -0.135618 0.070580 -0.387190
vn -0.346002 0.933172 0.097327
v -0.286599 0.176991 -0.449679
vn -0.347684 0.910006 0.225843
v -0.248423 0.167558 -0.365441
vn -0.375884 -0.680410 -0.629089
v -0.228152 0.009969 -0.558358
vn -0.102232 -0.913631 -0.393479
v -0.201678 0.002321 -0.560886
vn -0.471410 -0.258315 -0.843236
v -0.242722 0.050816 -0.554526
vn -0.609863 -0.545669 -0.574728
v -0.289929 0.063620 -0.539966
vn -0.349048 -0.591759 -0.726627
v -0.276406 0.058895 -0.547248
vn -0.282619 -0.524973 -0.802826
v -0.266903 0.071716 -0.559786
vn -0.242132 -0.524187 -0.816456
v -0.250157 0.063291 -0.557567
vn -0.654253 -0.351267 -0.669750
v -0.301794 0.084599 -0.544693
vn -0.436781 -0.335009 -0.834860
v -0.281693 0.084593 -0.560681
vn -0.338686 -0.363112 -0.868010
v -0.258284 0.087127 -0.572552
vn -0.843868 -0.230794 -0.484378
v -0.317919 0.093424 -0.528448
vn -0.959862 -0.185093 -0.210727
v -0.328185 0.105958 -0.510635
vn -0.774122 0.015557 -0.632846
v -0.313974 0.104513 -0.536794
vn -0.548091 -0.116591 -0.828252
v -0.293817 0.099468 -0.557133
vn -0.403714 -0.104717 -0.908873
v -0.265671 0.102291 -0.573848
vn -0.218128 -0.158503 -0.962963
v -0.243771 0.103744 -0.583592
vn -0.017495 -0.230614 -0.972888
v -0.223753 0.103670 -0.587030
vn -0.823721 0.317301 -0.469898
v -0.318304 0.128205 -0.524650
vn -0.693823 0.207306 -0.689662
v -0.300896 0.124057 -0.549233
vn -0.413464 0.132519 -0.900825
v -0.266932 0.124683 -0.573988
vn -0.264704 0.118931 -0.956968
v -0.239303 0.127290 -0.585577
vn -0.131378 0.118632 -0.984208
v -0.218445 0.130468 -0.589846
vn -0.885202 0.437692 0.157619
v -0.324839 0.144830 -0.447519
vn -0.796044 0.598365 -0.090958
v -0.318989 0.154783 -0.480840
vn -0.774004 0.564879 -0.286058
v -0.317490 0.150867 -0.501838
vn -0.894797 0.372895 -0.245536
v -0.326033 0.136257 -0.498812
vn -0.694299 0.514882 -0.502837
v -0.302948 0.147299 -0.533343
vn -0.529007 0.475251 -0.703056
v -0.276005 0.148583 -0.560340
vn -0.254783 0.404321 -0.878413
v -0.236724 0.153216 -0.578753
vn -0.644884 0.755094 -0.118144
v -0.307557 0.166424 -0.482139
vn -0.595106 0.756632 -0.270845
v -0.304282 0.164087 -0.502829
vn -0.549982 0.717397 -0.427622
v -0.285586 0.164012 -0.534087
vn 0.113782 -0.954482 -0.275714
v -0.165675 0.004797 -0.557641
vn 0.190424 -0.941060 -0.279543
v -0.163458 0.001150 -0.544709
vn 0.016243 -0.936619 -0.349972
v -0.183986 0.001423 -0.552785
vn 0.056480 -0.925995 -0.373288
v -0.189211 -0.003871 -0.540019
vn -0.150335 -0.851361 -0.502577
v -0.202995 0.000115 -0.545744
vn -0.017175 -0.851971 -0.523307
v -0.204203 -0.006010 -0.536253
vn -0.253589 -0.729963 -0.634702
v -0.215493 -0.000813 -0.539463
vn -0.492633 -0.764154 -0.416390
v -0.238364 0.010413 -0.547417
vn -0.409583 -0.760575 -0.503754
v -0.233846 0.005794 -0.536985
vn -0.194201 -0.960238 -0.200571
v -0.214128 0.003061 -0.552612
vn 0.454144 -0.716023 0.530155
v -0.140302 0.030000 -0.448572
vn 0.616057 -0.531256 0.581585
v -0.139403 0.039466 -0.440586
vn 0.813990 -0.550860 0.184318
v -0.143312 0.040287 -0.430231
vn 0.842124 -0.537495 0.043885
v -0.146126 0.039763 -0.402120
vn 0.855857 -0.369596 0.361813
v -0.134114 0.054680 -0.432500
vn 0.926861 -0.360204 0.105746
v -0.136203 0.056080 -0.408961
vn 0.987190 -0.127958 0.095306
v -0.132274 0.071701 -0.404842
vn 0.601469 -0.798681 -0.018535
v -0.174162 0.007563 -0.444203
vn 0.718598 -0.693527 -0.051358
v -0.169792 0.006314 -0.410972
vn 0.553960 -0.803085 0.219506
v -0.158686 0.016620 -0.452296
vn 0.474740 -0.877447 0.068625
v -0.184840 0.000324 -0.462002
vn 0.617929 -0.771154 -0.153252
v -0.189231 -0.003895 -0.448885
vn 0.047293 0.996485 0.069146
v -0.215427 0.175614 -0.381553
vn -0.157405 0.980480 0.117827
v -0.228959 0.174081 -0.374066
vn 0.060185 0.996352 0.060503
v -0.230250 0.183152 -0.436616
vn -0.013542 0.998241 0.057723
v -0.241571 0.183628 -0.440280
vn -0.122999 0.986853 0.104845
v -0.254440 0.182698 -0.437223
vn -0.250659 0.952449 0.173238
v -0.269032 0.178853 -0.428003
vn 0.990321 0.059373 0.125457
v -0.131645 0.086611 -0.424010
vn 0.997685 0.059878 0.032252
v -0.131316 0.088237 -0.404478
vn 0.997122 -0.051369 0.055767
v -0.133907 0.087247 -0.384031
vn 0.958466 0.277097 -0.067526
v -0.137170 0.118590 -0.376051
vn 0.925363 0.365675 -0.099927
v -0.138056 0.118359 -0.405994
vn 0.889386 0.440588 -0.121961
v -0.143469 0.136670 -0.375132
vn -0.201921 0.410013 -0.889448
v -0.210118 0.157969 -0.582557
vn -0.195395 0.446771 -0.873050
v -0.191163 0.161464 -0.586071
vn -0.423049 0.710073 -0.562873
v -0.250943 0.171324 -0.559063
vn -0.214121 0.699074 -0.682237
v -0.212615 0.180740 -0.567560
vn 0.248915 -0.942253 0.224055
v -0.104085 0.029899 -0.483662
vn 0.460727 -0.862637 0.208777
v -0.164809 0.009933 -0.466431
vn 0.337644 -0.923940 0.179811
v -0.132835 0.015764 -0.504805
vn 0.367011 -0.922499 0.119573
v -0.163377 0.004089 -0.499744
vn 0.359128 -0.929636 0.082483
v -0.192721 -0.005930 -0.486413
vn 0.477351 -0.877850 -0.038921
v -0.204004 -0.009791 -0.475405
vn -0.195420 0.959126 0.204665
v -0.212714 0.202895 -0.502405
vn -0.026927 0.988766 0.147027
v -0.189665 0.207472 -0.513000
vn 0.059219 0.996013 0.066724
v -0.164862 0.207913 -0.522544
vn -0.396515 0.909173 -0.127202
v -0.247468 0.188408 -0.523384
vn -0.366903 0.910445 -0.190979
v -0.222986 0.198196 -0.530268
vn 0.049247 0.977145 -0.206791
v -0.159372 0.206670 -0.537796
vn -0.424722 0.886431 -0.183988
v -0.288056 0.174005 -0.502343
vn -0.444323 0.846209 -0.294123
v -0.266356 0.177462 -0.531401
vn -0.380296 0.852607 -0.358379
v -0.231227 0.189548 -0.545110
vn -0.184267 0.862430 -0.471445
v -0.200031 0.198652 -0.549087
vn 0.002160 0.862100 -0.506733
v -0.157844 0.201169 -0.552362
vn -0.884962 -0.396237 -0.244618
v -0.319091 0.084340 -0.516767
vn -0.732822 -0.485929 -0.476282
v -0.302070 0.064597 -0.525349
vn -0.996550 0.047093 -0.068339
v -0.330722 0.124145 -0.493982
vn 0.689149 -0.710690 -0.141401
v -0.180713 -0.003512 -0.419354
vn 0.753879 -0.593399 -0.282036
v -0.193761 -0.010471 -0.442588
vn 0.840381 -0.401297 -0.364308
v -0.211531 -0.019119 -0.472348
vn 0.833444 -0.489149 -0.257107
v -0.223638 -0.023312 -0.495109
vn 0.497940 -0.750498 -0.434522
v -0.230056 -0.021725 -0.519036
vn 0.025582 0.967178 0.252810
v -0.088795 0.200866 -0.523817
vn -0.144201 0.975309 -0.167267
v -0.106896 0.199801 -0.553236
vn -0.461009 -0.196982 -0.865257
v -0.173955 0.064179 -0.611238
vn 0.114112 -0.901023 -0.418493
v -0.118271 0.024453 -0.592408
vn 0.341302 -0.937530 -0.067454
v -0.056323 0.035988 -0.569353
vn 0.403401 -0.900955 0.159833
v -0.019034 0.048900 -0.521672
vn 0.537100 -0.583091 0.609532
v -0.012245 0.070915 -0.491253
vn 0.488435 -0.258497 0.833433
v -0.014082 0.084033 -0.481850
vn 0.311961 -0.944163 -0.106006
v -0.027559 0.046560 -0.539441
vn 0.333655 -0.940954 -0.057278
v -0.047748 0.039898 -0.535028
vn 0.334016 -0.942070 0.030600
v -0.095240 0.021084 -0.540770
vn 0.521666 -0.635189 0.569560
v -0.013004 0.065283 -0.498151
vn 0.459115 -0.700689 0.546121
v -0.036630 0.056058 -0.489078
vn 0.409907 -0.715991 0.565095
v -0.067581 0.047960 -0.476758
vn -0.214943 0.875772 -0.432230
v -0.122139 0.191774 -0.572602
vn -0.178344 0.941807 -0.284944
v -0.112837 0.196128 -0.566624
vn -0.250497 0.828099 -0.501502
v -0.128313 0.188833 -0.575078
vn -0.429532 0.877088 0.214986
v -0.278346 0.151140 -0.358803
vn -0.669374 0.698979 0.251726
v -0.308334 0.145251 -0.400592
vn -0.487233 0.838258 0.244799
v -0.299502 0.145237 -0.376781
vn 0.279357 -0.959353 0.040015
v -0.111834 0.015550 -0.537676
vn 0.241883 -0.954252 -0.175774
v -0.137045 0.009825 -0.546784
vn 0.273031 -0.955667 -0.110251
v -0.102278 0.019945 -0.556140
vn 0.409547 -0.650632 0.639491
v -0.088179 0.047327 -0.461222
vn 0.438609 -0.698025 0.566025
v -0.094113 0.041473 -0.465404
vn 0.276907 -0.937233 0.211935
v -0.113093 0.020576 -0.511321
vn 0.302867 -0.881714 0.361734
v -0.105533 0.032754 -0.468569
vn 0.302311 -0.952353 0.040382
v -0.132991 0.009887 -0.533605
vn 0.377612 -0.299327 0.876249
v -0.106818 0.049998 -0.449694
vn 0.399344 -0.651174 0.645365
v -0.112965 0.038717 -0.453312
vn 0.362118 -0.880104 0.307061
v -0.136099 0.026142 -0.462166
vn 0.403254 -0.900512 0.162677
v -0.159866 0.007363 -0.484828
vn 0.355947 -0.907687 0.222272
v -0.124246 0.023486 -0.484966
vn -0.468081 -0.236822 -0.851361
v -0.225884 0.072830 -0.572476
vn -0.259769 -0.175109 -0.949662
v -0.212330 0.100025 -0.586224
vn 0.085608 0.995596 0.038220
v -0.119530 0.201150 -0.527155
vn 0.102395 0.930347 0.352093
v -0.111107 0.197716 -0.509753
vn 0.219506 0.549192 0.806353
v -0.068510 0.163188 -0.486739
vn 0.239113 0.466108 0.851803
v -0.054643 0.151528 -0.483446
vn 0.179149 0.553389 0.813429
v -0.094904 0.171399 -0.485646
vn 0.148028 0.852075 0.502052
v -0.130435 0.196297 -0.501087
vn 0.159417 0.965650 0.205200
v -0.126512 0.200936 -0.515546
vn -0.114337 0.699098 -0.705825
v -0.149070 0.185848 -0.572175
vn 0.124276 0.953690 -0.273916
v -0.144182 0.203891 -0.542813
vn -0.161563 0.397686 -0.903185
v -0.172190 0.161737 -0.587993
vn -0.057180 0.027226 -0.997993
v -0.197776 0.133453 -0.590030
vn -0.102739 -0.456759 -0.883638
v -0.232196 0.091473 -0.581575
vn -0.613566 -0.494620 -0.615539
v -0.263626 0.023090 -0.534054
vn -0.425641 -0.355731 -0.832037
v -0.262086 0.040951 -0.542462
vn -0.199443 -0.575930 -0.792797
v -0.245515 0.073465 -0.567256
vn 0.222411 0.435252 0.872404
v -0.081092 0.144252 -0.471893
vn 0.273642 0.384979 0.881425
v -0.108896 0.127385 -0.457637
vn -0.410354 0.239745 -0.879848
v -0.183246 0.135174 -0.594049
vn -0.315096 0.486039 -0.815157
v -0.165054 0.162129 -0.589683
vn -0.611156 -0.456841 -0.646363
v -0.271906 0.033500 -0.532897
vn -0.317680 -0.518013 -0.794192
v -0.262124 0.060379 -0.553311
vn -0.078013 0.353622 -0.932130
v -0.182273 0.162663 -0.586956
vn -0.067359 -0.012304 -0.997653
v -0.210334 0.131868 -0.590187
vn -0.210441 -0.222587 -0.951929
v -0.234971 0.103852 -0.585818
vn -0.241357 -0.466733 -0.850827
v -0.247523 0.088884 -0.577257
vn -0.222091 -0.573683 -0.788393
v -0.255968 0.072716 -0.563386
vn 0.150803 0.798252 0.583140
v -0.153470 0.196240 -0.494430
vn 0.327990 0.233450 0.915382
v -0.097442 0.109596 -0.454348
vn 0.206927 0.509417 0.835270
v -0.118371 0.144507 -0.464340
vn -0.117188 0.668236 -0.734661
v -0.179316 0.184341 -0.571234
vn -0.107202 0.859269 -0.500165
v -0.182345 0.202717 -0.548073
vn -0.277389 0.091281 -0.956412
v -0.228176 0.128848 -0.588291
vn -0.401209 -0.166153 -0.900791
v -0.254099 0.103224 -0.579732
vn -0.398577 -0.388300 -0.830879
v -0.269205 0.086301 -0.566641
vn -0.449893 -0.489794 -0.746791
v -0.281113 0.070088 -0.553423
vn 0.548011 0.436744 0.713399
v -0.131272 0.119596 -0.443927
vn -0.174893 0.614881 -0.768982
v -0.197522 0.182553 -0.569979
vn -0.054496 0.985719 -0.159338
v -0.185130 0.208044 -0.530378
vn -0.258290 0.355145 -0.898420
v -0.223026 0.155607 -0.581107
vn -0.432561 0.095892 -0.896491
v -0.252288 0.125863 -0.581027
vn -0.537830 -0.123017 -0.834030
v -0.279081 0.100981 -0.566042
vn -0.599426 -0.261164 -0.756625
v -0.292134 0.084869 -0.553990
vn -0.530048 -0.466622 -0.708035
v -0.288419 0.072049 -0.549123
vn 0.123056 0.741702 0.659344
v -0.187326 0.196648 -0.487740
vn 0.342328 0.761811 0.549960
v -0.170490 0.159194 -0.458075
vn -0.331895 0.626762 -0.704993
v -0.229507 0.177254 -0.564736
vn -0.300357 0.817475 -0.491447
v -0.214555 0.194597 -0.548410
vn -0.242372 0.929658 -0.277474
v -0.199731 0.206702 -0.530942
vn -0.463021 0.368370 -0.806173
v -0.253844 0.151377 -0.573120
vn -0.616305 0.150822 -0.772930
v -0.284051 0.124028 -0.562889
vn -0.723605 -0.090614 -0.684241
v -0.303990 0.101620 -0.548457
vn -0.750134 -0.304978 -0.586760
v -0.309737 0.088609 -0.537833
vn 0.581111 0.804225 0.124629
v -0.165623 0.148483 -0.442342
vn 0.824275 0.142844 0.547875
v -0.128803 0.095030 -0.434933
vn 0.430717 0.866558 0.252111
v -0.182448 0.160620 -0.449217
vn 0.971069 -0.113547 0.210077
v -0.131004 0.071021 -0.427173
vn 0.488143 0.841836 -0.230280
v -0.197739 0.173515 -0.437625
vn 0.763681 0.622990 -0.169336
v -0.157036 0.142387 -0.424429
vn 0.870817 0.490272 -0.036200
v -0.143590 0.123414 -0.423396
vn 0.957932 0.278722 0.068417
v -0.134194 0.101091 -0.423761
vn 0.659289 0.703069 -0.266520
v -0.171628 0.156458 -0.429721
vn -0.472500 0.879757 -0.052643
v -0.296365 0.173996 -0.478244
vn -0.213052 0.975533 0.054254
v -0.274532 0.181078 -0.460613
vn -0.639681 0.768160 0.027191
v -0.308285 0.166334 -0.463860
vn -0.782338 0.620813 0.050376
v -0.318723 0.155572 -0.461954
vn 0.320508 0.945198 -0.062256
v -0.206073 0.177553 -0.435183
vn -0.756031 0.629719 0.178526
v -0.317541 0.153704 -0.443877
vn -0.671438 0.719705 0.176624
v -0.308945 0.163590 -0.446699
vn -0.506741 0.849823 0.144964
v -0.299530 0.170822 -0.447039
vn -0.201959 0.954585 0.219044
v -0.257824 0.178199 -0.413505
vn 0.176041 0.981101 0.080314
v -0.216613 0.180246 -0.414902
vn 0.346389 0.937187 -0.041173
v -0.194574 0.174512 -0.422623
vn -0.008517 0.992999 0.117814
v -0.233528 0.182504 -0.419251
vn -0.316671 0.903332 0.289329
v -0.259051 0.171966 -0.392960
vn -0.189606 0.954600 0.229756
v -0.243333 0.174273 -0.385264
vn 0.195099 0.980542 0.021746
v -0.205285 0.175017 -0.389446
vn 0.334287 0.941970 -0.030731
v -0.188212 0.171274 -0.389186
vn -0.032862 0.983427 0.178299
v -0.229828 0.177559 -0.391589
vn 0.888820 0.452849 -0.070193
v -0.144772 0.136159 -0.389889
vn 0.469500 0.658486 0.588189
v -0.142293 0.138838 -0.449942
vn 0.372846 0.482036 0.792860
v -0.124330 0.126028 -0.451221
vn 0.705930 0.642582 0.297911
v -0.150540 0.135231 -0.436265
vn 0.570348 0.797906 -0.195062
v -0.176978 0.157158 -0.440353
vn 0.618832 0.772734 -0.141171
v -0.170178 0.162765 -0.413058
vn 0.540036 0.806758 -0.239798
v -0.185371 0.168478 -0.429973
vn 0.188903 0.638974 0.745673
v -0.173990 0.174679 -0.472255
vn 0.185790 0.655484 0.731999
v -0.095076 0.184534 -0.495404
vn 0.149712 0.837445 0.525616
v -0.091582 0.193672 -0.506443
vn 0.225324 0.752262 0.619137
v -0.197024 0.174920 -0.466683
vn 0.471716 0.881751 0.000162
v -0.196584 0.168062 -0.450644
vn 0.156751 0.661693 0.733206
v -0.138647 0.186981 -0.489008
vn 0.140915 0.678284 0.721161
v -0.171872 0.191681 -0.486314
vn 0.272406 0.848755 0.453222
v -0.206601 0.175556 -0.463626
vn 0.310064 0.936572 0.163380
v -0.221505 0.180009 -0.464620
vn 0.225383 0.974245 0.006965
v -0.217427 0.180845 -0.431109
vn 0.134540 0.844115 0.519007
v -0.162035 0.201278 -0.500379
vn 0.089286 0.757534 0.646661
v -0.220213 0.187047 -0.473342
vn 0.142635 0.946931 0.288057
v -0.153334 0.205810 -0.513514
vn 0.034583 0.938118 0.344584
v -0.185838 0.204382 -0.500756
vn -0.031537 0.876603 0.480180
v -0.212648 0.198534 -0.487745
vn -0.202920 0.895877 0.395257
v -0.228039 0.192502 -0.479844
vn 0.007930 0.964575 0.263691
v -0.238623 0.186253 -0.472470
vn -0.288513 0.944917 0.154568
v -0.245450 0.187763 -0.487263
vn -0.358965 0.922215 0.143746
v -0.229105 0.196163 -0.494865
vn -0.098234 0.992458 0.073326
v -0.249889 0.185094 -0.467954
vn -0.360498 0.885346 0.293605
v -0.270600 0.172653 -0.406635
vn -0.360174 0.932830 -0.010144
v -0.217313 0.202472 -0.514717
vn -0.196898 0.980396 -0.007388
v -0.201057 0.207475 -0.519926
vn -0.386172 0.921647 0.037936
v -0.236551 0.193896 -0.510611
vn -0.261965 0.964711 0.026585
v -0.259008 0.184767 -0.493756
vn -0.348492 0.932386 -0.095962
v -0.271409 0.181155 -0.500659
vn -0.285395 0.957334 -0.045398
v -0.277710 0.180648 -0.478062
vn -0.413959 0.875689 0.248609
v -0.287657 0.173555 -0.433511
vn -0.330297 0.943423 -0.029277
v -0.288034 0.177634 -0.475953
vn -0.766950 0.578261 0.278212
v -0.315421 0.147255 -0.420704
vn -0.587762 0.755356 0.289780
v -0.302458 0.161733 -0.424705
vn -0.509755 0.803733 0.306861
v -0.291243 0.157114 -0.395596
vn -0.747868 -0.480705 -0.457839
v -0.309610 0.076836 -0.528792
vn -0.433321 0.845384 0.312344
v -0.280975 0.158080 -0.383279
vn -0.902594 0.094771 -0.419931
v -0.327448 0.113298 -0.514155
vn -0.936701 0.349517 -0.020709
v -0.327928 0.140318 -0.476135
vn -0.985904 0.022926 0.165736
v -0.326474 0.138442 -0.447007
vn 0.618346 -0.513665 0.594807
v 0.010556 0.081755 -0.502607
vn 0.586504 -0.626157 0.513752
v 0.007812 0.071424 -0.512220
vn 0.547144 -0.743256 0.384971
v 0.008300 0.064286 -0.522150
vn 0.375094 -0.926987 0.000218
v 0.000111 0.055556 -0.540317
vn 0.468313 -0.861239 0.197359
v 0.004756 0.058713 -0.531477
vn 0.328483 -0.942282 -0.064838
v -0.011256 0.054179 -0.558117
vn 0.288634 -0.928210 -0.234769
v -0.058395 0.039626 -0.595760
vn 0.363659 -0.928419 -0.076098
v -0.026704 0.048565 -0.574553
vn 0.351957 -0.926742 -0.131434
v -0.038492 0.044487 -0.583190
vn 0.571711 -0.187698 0.798697
v 0.008250 0.096560 -0.492503
vn 0.461172 0.121776 0.878915
v 0.001407 0.114988 -0.488903
vn -0.057247 -0.750803 -0.658040
v -0.108431 0.038931 -0.615142
vn -0.163835 -0.600693 -0.782513
v -0.135410 0.050201 -0.620776
vn -0.323089 -0.360081 -0.875188
v -0.139908 0.070265 -0.630449
vn 0.165803 -0.904138 -0.393755
v -0.080696 0.036447 -0.607216
vn -0.415267 -0.052622 -0.908176
v -0.135173 0.096945 -0.637235
vn 0.225790 0.670300 0.706907
v -0.030849 0.177531 -0.508607
vn 0.249455 0.615315 0.747770
v -0.021895 0.165722 -0.500900
vn 0.179136 0.779424 0.600340
v -0.037547 0.185674 -0.514437
vn 0.370570 0.332254 0.867344
v -0.005782 0.134877 -0.490760
vn 0.310612 0.475684 0.822949
v -0.015303 0.155518 -0.496032
vn 0.167073 0.847198 0.504324
v -0.053994 0.198315 -0.527586
vn 0.005049 0.969562 0.244793
v -0.065194 0.204309 -0.536744
vn 0.203185 0.792178 0.575474
v -0.045272 0.190474 -0.521535
vn -0.224492 0.967898 -0.113035
v -0.086841 0.201504 -0.565914
vn -0.140968 0.990012 -0.002078
v -0.077949 0.204964 -0.551829
vn -0.358218 0.827834 -0.431707
v -0.098404 0.191211 -0.589266
vn -0.359475 0.759216 -0.542558
v -0.102621 0.180764 -0.603048
vn -0.392001 0.677345 -0.622526
v -0.106701 0.168425 -0.615370
vn -0.313270 0.907391 -0.280186
v -0.094299 0.197190 -0.579413
vn -0.381917 0.768065 -0.514020
v -0.099910 0.186604 -0.594445
vn -0.450422 0.272804 -0.850117
v -0.129860 0.122597 -0.636961
vn -0.432977 0.518170 -0.737585
v -0.120738 0.145970 -0.629427
vn 0.438944 -0.828703 -0.347246
v 0.185064 0.160270 -0.706837
vn 0.122611 -0.829579 -0.544761
v 0.151357 0.150691 -0.724734
vn -0.275129 -0.373677 -0.885816
v 0.147588 0.170796 -0.739397
vn -0.419066 -0.196252 -0.886492
v 0.137730 0.178156 -0.737472
vn -0.499166 -0.089151 -0.861908
v 0.154097 0.191976 -0.747849
vn -0.282350 -0.352552 -0.892180
v 0.165066 0.187252 -0.751394
vn -0.664772 -0.015193 -0.746892
v 0.178128 0.230364 -0.770639
vn -0.732164 0.269587 -0.625506
v 0.165849 0.234547 -0.756321
vn 0.186797 -0.774542 -0.604311
v 0.183059 0.175415 -0.743933
vn 0.364772 -0.863572 -0.348117
v 0.187514 0.169875 -0.729915
vn 0.195261 -0.752680 -0.628765
v 0.174846 0.170857 -0.739770
vn -0.672221 0.099020 -0.733699
v 0.152843 0.206187 -0.746978
vn -0.115309 -0.512343 -0.851004
v 0.163280 0.176469 -0.745430
vn -0.745218 0.387340 -0.542787
v 0.152243 0.235941 -0.739258
vn 0.112901 -0.778688 -0.617170
v 0.194922 0.183778 -0.749681
vn -0.113524 -0.577032 -0.808793
v 0.186285 0.190367 -0.756711
vn -0.570770 0.811373 -0.126078
v 0.149566 0.246337 -0.713291
vn -0.451169 0.887104 0.097437
v 0.166640 0.256133 -0.706774
vn -0.346305 0.933007 0.097829
v 0.139454 0.241428 -0.673628
vn -0.141471 0.926420 0.348900
v 0.165804 0.250918 -0.678958
vn 0.293179 0.500507 0.814579
v 0.181080 0.243018 -0.676334
vn 0.150631 0.722463 0.674802
v 0.186457 0.251404 -0.685390
vn 0.207988 0.724350 0.657312
v 0.169334 0.247411 -0.674270
vn -0.262703 0.886163 0.381711
v 0.179081 0.260016 -0.697965
vn -0.693587 0.646985 -0.316777
v 0.152682 0.245105 -0.731141
vn -0.667873 0.417904 -0.615874
v 0.134486 0.226856 -0.719879
vn -0.653841 0.646165 -0.393653
v 0.135405 0.234216 -0.713595
vn -0.741176 0.166587 -0.650313
v 0.155253 0.225324 -0.747092
vn -0.649449 -0.012166 -0.760308
v 0.163305 0.216100 -0.756380
vn -0.423694 -0.308946 -0.851490
v 0.172783 0.202799 -0.759431
vn 0.360550 -0.837631 -0.410339
v 0.177943 0.166522 -0.731019
vn -0.401069 0.664434 -0.630611
v 0.054800 0.209021 -0.678875
vn -0.326869 0.835369 -0.441946
v 0.062062 0.217896 -0.671712
vn -0.137762 0.990465 -0.001158
v 0.087906 0.226468 -0.655076
vn 0.131420 0.913655 0.384659
v 0.078536 0.220515 -0.615110
vn -0.344681 0.816388 -0.463364
v 0.040802 0.214824 -0.661392
vn -0.410558 0.648181 -0.641329
v 0.032783 0.206043 -0.667857
vn -0.439431 0.481183 -0.758527
v 0.032610 0.190392 -0.679746
vn -0.285231 -0.206941 -0.935852
v 0.041353 0.153701 -0.690141
vn -0.163258 -0.342546 -0.925208
v 0.015285 0.127515 -0.674700
vn -0.291610 0.865537 -0.407198
v 0.011585 0.213441 -0.641684
vn 0.200305 0.840528 0.503379
v 0.045767 0.215980 -0.596748
vn 0.243411 0.815336 0.525336
v 0.017271 0.207503 -0.568185
vn 0.009687 0.969221 0.246003
v 0.021267 0.217944 -0.594612
vn 0.041817 0.957477 0.285464
v 0.004291 0.213895 -0.580104
vn -0.078453 0.995698 0.049306
v 0.011681 0.219055 -0.605356
vn -0.054861 0.989091 0.136711
v -0.005523 0.216583 -0.589824
vn -0.291327 0.885650 -0.361598
v -0.006223 0.213570 -0.629722
vn -0.287662 0.928778 -0.233712
v -0.024188 0.212837 -0.614073
vn -0.401504 0.649841 -0.645369
v -0.013626 0.198586 -0.646401
vn -0.426145 0.683376 -0.592787
v -0.034096 0.199110 -0.632731
vn -0.390176 0.551935 -0.736974
v -0.018004 0.185406 -0.656678
vn -0.421369 0.631586 -0.650805
v -0.037737 0.184965 -0.644983
vn -0.358171 0.153464 -0.920957
v -0.016902 0.158748 -0.668911
vn -0.388883 0.285900 -0.875803
v -0.038121 0.157158 -0.659749
vn -0.267656 0.157412 -0.950569
v -0.041258 0.134131 -0.665228
vn -0.153714 -0.122476 -0.980496
v -0.043028 0.110179 -0.666320
vn 0.290757 0.604116 0.741959
v 0.007334 0.173044 -0.519284
vn 0.240185 0.715958 0.655527
v -0.002429 0.186207 -0.528517
vn 0.163448 0.832247 0.529763
v -0.007121 0.191534 -0.533862
vn 0.199077 0.815430 0.543546
v -0.012655 0.195822 -0.540220
vn 0.104574 0.913300 0.393633
v -0.023653 0.206691 -0.551015
vn 0.222553 0.785589 0.577339
v -0.018170 0.202475 -0.545468
vn 0.626115 -0.588194 0.511867
v 0.033610 0.081246 -0.531646
vn 0.645623 -0.542801 0.537158
v 0.033455 0.087599 -0.525422
vn -0.062335 -0.598276 -0.798862
v -0.079687 0.063376 -0.641141
vn 0.095794 -0.774734 -0.624988
v -0.061154 0.053610 -0.633307
vn -0.237941 0.967893 -0.081034
v -0.056146 0.207666 -0.588247
vn -0.450327 0.734359 -0.507860
v -0.068857 0.196240 -0.610016
vn -0.323999 0.199625 -0.924757
v -0.088882 0.126818 -0.652963
vn -0.363259 0.415976 -0.833671
v -0.080465 0.151312 -0.644977
vn 0.285439 -0.943694 -0.167229
v 0.005606 0.063037 -0.588304
vn 0.311328 -0.948915 -0.051328
v 0.014657 0.063365 -0.572836
vn 0.371679 -0.928360 -0.001523
v 0.023377 0.065545 -0.559413
vn 0.516807 -0.826242 0.224129
v 0.029994 0.070403 -0.544709
vn 0.673020 -0.383267 0.632574
v 0.034104 0.095431 -0.517915
vn 0.645506 -0.164411 0.745849
v 0.032068 0.111652 -0.508858
vn 0.327342 -0.900081 -0.287578
v -0.025667 0.055451 -0.612542
vn -0.225930 -0.346011 -0.910622
v -0.090507 0.079596 -0.649652
vn -0.268541 -0.107298 -0.957274
v -0.093373 0.102926 -0.654605
vn -0.417197 0.722694 -0.551054
v -0.072858 0.183731 -0.622247
vn -0.420481 0.611462 -0.670306
v -0.074669 0.171630 -0.632963
vn 0.001064 0.968125 0.250466
v -0.033847 0.210312 -0.560512
vn 0.397387 0.376095 0.837040
v 0.019143 0.152141 -0.509434
vn 0.534669 0.136854 0.833907
v 0.025700 0.132011 -0.506007
vn 0.445649 -0.893823 0.049779
v 0.107506 0.094432 -0.626127
vn 0.603648 -0.787003 0.127415
v 0.126902 0.104284 -0.636920
vn 0.669862 -0.686415 0.283053
v 0.135852 0.116826 -0.631816
vn 0.633950 -0.666307 0.392608
v 0.111158 0.099860 -0.615316
vn 0.597981 -0.289779 0.747293
v 0.144612 0.138137 -0.617220
vn 0.615006 -0.600183 0.511417
v 0.149280 0.130084 -0.627127
vn 0.536819 -0.831598 0.142369
v 0.158513 0.131091 -0.642129
vn 0.653536 -0.585092 0.480165
v 0.125592 0.116967 -0.615203
vn 0.639911 -0.768309 -0.014693
v 0.144944 0.121716 -0.651025
vn 0.352175 0.699215 0.622150
v 0.109554 0.218208 -0.626878
vn 0.474804 0.661018 0.581047
v 0.081308 0.188933 -0.568908
vn 0.641893 0.351562 0.681453
v 0.090109 0.173704 -0.565818
vn 0.605866 0.502688 0.616628
v 0.120255 0.198149 -0.616213
vn 0.279805 0.845897 0.454057
v 0.071322 0.197498 -0.573774
vn 0.703741 -0.317903 0.635363
v 0.116527 0.127149 -0.596066
vn 0.720505 -0.404335 0.563370
v 0.091387 0.115466 -0.572449
vn 0.636499 -0.738487 -0.222501
v 0.145180 0.123790 -0.661321
vn 0.689649 -0.724144 0.000391
v 0.134845 0.110579 -0.646522
vn 0.447421 -0.785554 -0.427458
v 0.141166 0.128241 -0.676340
vn 0.435485 -0.871684 -0.224764
v 0.160520 0.133661 -0.661208
vn 0.329705 -0.916742 -0.225561
v 0.110119 0.096768 -0.644356
vn 0.122971 -0.940559 -0.316587
v 0.073714 0.084376 -0.628843
vn 0.186290 -0.886092 -0.424426
v 0.103532 0.098400 -0.654491
vn 0.232051 -0.759174 -0.608118
v 0.130076 0.126143 -0.681274
vn 0.366204 -0.766985 -0.526906
v 0.129226 0.114852 -0.669703
vn -0.094129 -0.668174 -0.738027
v 0.080397 0.124588 -0.686121
vn 0.617274 -0.639940 0.457657
v 0.086256 0.096904 -0.586687
vn -0.091413 -0.743862 -0.662052
v 0.071715 0.106517 -0.666070
vn 0.015506 -0.806913 -0.590467
v 0.092064 0.102805 -0.663837
vn -0.005441 -0.868978 -0.494821
v 0.061672 0.088894 -0.640105
vn -0.160600 -0.552287 -0.818039
v 0.047065 0.121659 -0.676929
vn 0.540273 -0.776859 0.323411
v 0.086483 0.088901 -0.596599
vn 0.739194 -0.194033 0.644937
v 0.093907 0.130407 -0.566878
vn 0.721931 0.048888 0.690236
v 0.093504 0.151747 -0.564205
vn -0.309858 -0.156567 -0.937803
v 0.005788 0.145666 -0.677194
vn -0.361273 0.076425 -0.929323
v 0.012986 0.162848 -0.680854
vn -0.396091 0.641067 -0.657378
v 0.010186 0.201510 -0.657977
vn -0.124472 0.992027 -0.019733
v 0.028051 0.220979 -0.618049
vn 0.007025 0.979697 0.200362
v 0.046953 0.222513 -0.613171
vn 0.518450 0.386216 0.762920
v 0.132395 0.202840 -0.629539
vn 0.738221 -0.061333 0.671765
v 0.117813 0.141935 -0.592737
vn 0.592537 -0.005427 0.805525
v 0.143996 0.152698 -0.614455
vn 0.707018 0.224270 0.670693
v 0.120765 0.162399 -0.597686
vn 0.152674 -0.878321 -0.453038
v 0.129901 0.134901 -0.696100
vn -0.051838 -0.804166 -0.592140
v 0.123039 0.140249 -0.707105
vn -0.324157 -0.411774 -0.851683
v 0.089594 0.149820 -0.704448
vn -0.410467 -0.197532 -0.890224
v 0.093871 0.162635 -0.710715
vn 0.073435 0.895104 0.439768
v 0.102889 0.225545 -0.634743
vn -0.061772 0.988660 0.136880
v 0.091998 0.226208 -0.641645
vn 0.589546 -0.756109 -0.284137
v 0.135293 0.112507 -0.658331
vn -0.463444 -0.040905 -0.885181
v 0.096308 0.174812 -0.713831
vn -0.190840 -0.615997 -0.764283
v 0.096701 0.139140 -0.700476
vn -0.332084 -0.204213 -0.920879
v 0.069902 0.159369 -0.700271
vn -0.362297 0.044611 -0.930994
v 0.041398 0.168365 -0.690958
vn -0.319587 0.884024 -0.341124
v 0.094245 0.224157 -0.683268
vn -0.388334 0.890183 -0.238269
v 0.107044 0.227059 -0.688299
vn -0.434634 0.898958 -0.054484
v 0.135445 0.240364 -0.687266
vn -0.285723 0.956550 -0.058094
v 0.110190 0.230126 -0.675002
vn -0.210881 0.958820 -0.190246
v 0.070640 0.223369 -0.664000
vn -0.110852 0.992855 -0.044172
v 0.064300 0.224769 -0.643043
vn 0.007687 0.991214 0.132043
v 0.075408 0.225449 -0.632834
vn -0.129889 0.947726 0.291453
v 0.120122 0.231759 -0.648427
vn 0.298484 0.564852 0.769318
v 0.162471 0.191013 -0.636385
vn 0.752689 0.341466 0.562904
v 0.116343 0.177300 -0.599681
vn 0.259179 0.639092 0.724146
v 0.127270 0.225703 -0.640753
vn -0.417016 0.279439 -0.864877
v 0.061426 0.186933 -0.696613
vn -0.492873 0.701615 -0.514599
v 0.111429 0.223525 -0.700959
vn -0.400181 0.689160 -0.604081
v 0.088630 0.216361 -0.691716
vn -0.454962 0.527269 -0.717633
v 0.094997 0.207515 -0.702919
vn -0.482413 0.367744 -0.795011
v 0.096663 0.198811 -0.708924
vn -0.415228 0.475388 -0.775623
v 0.066480 0.200690 -0.692848
vn -0.460759 0.222295 -0.859235
v 0.097089 0.189464 -0.712485
vn -0.525700 0.306888 -0.793385
v 0.120444 0.199501 -0.724428
vn 0.387903 -0.865932 -0.315741
v 0.168934 0.152199 -0.704072
vn -0.060305 -0.613381 -0.787482
v 0.148114 0.157848 -0.732265
vn 0.421057 -0.827970 -0.370374
v 0.164281 0.153645 -0.719613
vn 0.350986 -0.879728 -0.320762
v 0.152661 0.143822 -0.707792
vn -0.221802 -0.614854 -0.756808
v 0.136648 0.155090 -0.727327
vn -0.515089 -0.007359 -0.857105
v 0.134494 0.185252 -0.736875
vn -0.507126 0.823485 -0.254354
v 0.126375 0.234226 -0.697481
vn -0.110313 0.911828 0.395477
v 0.148206 0.243331 -0.666278
vn 0.447665 0.348283 0.823587
v 0.159436 0.216898 -0.650206
vn 0.385127 0.483815 0.785875
v 0.165361 0.231168 -0.660842
vn 0.148089 0.732528 0.664433
v 0.143124 0.235933 -0.654581
vn -0.621880 0.310584 -0.718890
v 0.136526 0.214328 -0.727851
vn -0.525844 0.445107 -0.724822
v 0.116916 0.210831 -0.716747
vn -0.563175 0.205682 -0.800331
v 0.139118 0.199200 -0.737464
vn 0.166485 0.878434 0.447925
v 0.024259 0.201130 -0.562428
vn 0.263826 0.707576 0.655539
v 0.038897 0.188524 -0.544175
vn 0.173436 0.845356 0.505265
v 0.029033 0.197396 -0.552591
vn 0.677439 -0.492659 0.546227
v 0.057892 0.098468 -0.543251
vn 0.649571 -0.610626 0.452983
v 0.057277 0.091389 -0.549826
vn 0.589131 -0.743707 0.315952
v 0.055124 0.084182 -0.557552
vn 0.516034 -0.820285 0.246660
v 0.052341 0.079324 -0.565554
vn 0.118114 -0.954082 -0.275277
v 0.034084 0.072485 -0.606319
vn 0.115183 -0.618964 -0.776928
v -0.026467 0.081208 -0.653778
vn 0.691531 -0.339550 0.637566
v 0.058723 0.108388 -0.536139
vn 0.281630 -0.959148 -0.026820
v 0.043525 0.071979 -0.587758
vn 0.391887 -0.912236 0.119374
v 0.048850 0.075053 -0.573630
vn 0.659655 -0.076610 0.747654
v 0.058086 0.128158 -0.530043
vn 0.405155 0.482672 0.776452
v 0.047712 0.172763 -0.534342
vn 0.559373 0.210505 0.801741
v 0.054856 0.151736 -0.529542
vn 0.484012 0.299246 0.822304
v 0.140826 0.168053 -0.615602
vn 0.602992 0.376007 0.703576
v 0.125747 0.185389 -0.615677
vn 0.655606 -0.472188 0.589253
v 0.120593 0.122531 -0.604123
vn 0.434011 0.046966 0.899682
v 0.157740 0.162106 -0.622152
vn 0.033809 0.808221 0.587908
v 0.182585 0.256551 -0.691223
vn 0.449276 0.455533 0.768532
v 0.134613 0.193282 -0.627458
vn 0.343302 0.382613 0.857759
v 0.144793 0.175469 -0.620642
vn 0.264314 0.759649 0.594198
v 0.089308 0.214150 -0.609782
vn 0.227617 0.836696 0.498127
v 0.064982 0.204351 -0.589727
vn 0.302956 0.831934 0.464869
v 0.085970 0.199359 -0.588986
vn 0.486272 0.657399 0.575644
v 0.092587 0.192837 -0.583481
vn 0.651887 0.462439 0.600994
v 0.100024 0.185335 -0.583060
vn 0.741543 0.295713 0.602220
v 0.106402 0.174707 -0.583146
vn 0.754241 0.081464 0.651524
v 0.107692 0.156961 -0.580126
vn 0.363411 0.731727 0.576634
v 0.097025 0.204613 -0.603256
vn 0.149965 0.902560 0.403603
v 0.029606 0.214638 -0.587084
vn 0.220351 0.873004 0.435097
v 0.044079 0.202994 -0.576127
vn 0.261331 0.824467 0.501957
v 0.056185 0.194077 -0.559758
vn 0.442003 0.590833 0.674944
v 0.066215 0.182617 -0.551658
vn 0.611147 0.259607 0.747732
v 0.074487 0.164346 -0.548155
vn 0.696850 -0.030842 0.716553
v 0.078217 0.142040 -0.547714
vn 0.722559 -0.314916 0.615415
v 0.078631 0.121296 -0.552339
vn 0.705897 -0.454147 0.543563
v 0.076816 0.108146 -0.559277
vn 0.473108 -0.872407 0.122779
v 0.026625 0.066850 -0.552404
vn 0.588055 -0.709475 0.388377
v 0.032112 0.074733 -0.538592
vn 0.618281 -0.686338 0.382973
v 0.073441 0.089691 -0.579705
vn -0.231083 -0.040449 -0.972093
v -0.011719 0.142157 -0.670904
vn -0.080809 -0.181745 -0.980020
v -0.010491 0.119138 -0.671224
vn 0.217898 -0.684561 -0.695627
v 0.010047 0.096344 -0.656299
vn 0.203140 -0.794650 -0.572071
v 0.029199 0.093544 -0.642759
vn 0.034068 -0.905797 -0.422339
v 0.047576 0.080663 -0.625656
vn 0.166110 -0.961327 -0.219677
v 0.055128 0.077963 -0.617391
vn 0.335464 -0.941995 0.010434
v 0.077369 0.082359 -0.606586
vn 0.502443 -0.813908 0.291729
v 0.069920 0.082846 -0.585697
vn 0.669712 -0.575449 0.469408
v 0.075731 0.099728 -0.566141
vn 0.682105 -0.515200 0.518943
v 0.105485 0.110917 -0.594390
vn 0.256099 -0.948219 -0.187869
v 0.092670 0.089731 -0.635414
vn 0.099783 -0.911909 -0.398077
v 0.087283 0.091053 -0.643551
vn -0.022780 -0.848712 -0.528364
v 0.076149 0.095967 -0.653477
vn -0.091962 -0.718583 -0.689334
v 0.052728 0.115842 -0.673066
vn -0.223999 -0.365032 -0.903646
v 0.031442 0.132211 -0.680423
vn -0.306453 -0.153334 -0.939455
v 0.022437 0.149269 -0.683349
vn 0.753389 -0.166380 0.636178
v 0.105553 0.135609 -0.578182
vn -0.348331 0.886734 -0.303921
v -0.064262 0.203818 -0.600325
vn -0.351463 0.828399 -0.436153
v -0.029792 0.206508 -0.625033
vn -0.354374 0.783884 -0.509848
v -0.010654 0.207158 -0.638107
vn -0.450297 0.661004 -0.600256
v -0.069889 0.190758 -0.614234
vn -0.448549 0.628956 -0.634995
v -0.035050 0.193454 -0.636599
vn -0.384092 0.543904 -0.746084
v 0.005675 0.187875 -0.666425
vn -0.419793 0.509969 -0.750803
v 0.018243 0.188327 -0.672481
vn -0.369225 0.754367 -0.542774
v 0.021914 0.207159 -0.658850
vn -0.175653 0.984325 0.015833
v -0.046495 0.210205 -0.575382
vn -0.185991 0.982121 -0.029072
v -0.016636 0.216794 -0.602938
vn -0.167182 0.976394 -0.136769
v 0.000986 0.218682 -0.618241
vn -0.197650 0.961731 -0.189760
v 0.024861 0.219118 -0.637155
vn -0.245773 0.931924 -0.266672
v 0.046526 0.220541 -0.652416
vn -0.414887 0.461865 -0.783932
v -0.039057 0.172755 -0.653422
vn -0.411047 0.398134 -0.820079
v -0.018618 0.173960 -0.663735
vn -0.399660 0.359981 -0.843022
v 0.017109 0.176495 -0.678493
vn -0.393780 0.007465 -0.919174
v 0.076992 0.177488 -0.705549
vn -0.060107 -0.405934 -0.911924
v -0.036830 0.092258 -0.661442
vn 0.078235 -0.484686 -0.871182
v -0.002831 0.104055 -0.665651
vn -0.025071 -0.552163 -0.833359
v 0.025124 0.114839 -0.668338
vn -0.533277 0.086471 -0.841509
v 0.114455 0.186113 -0.724017
vn -0.398638 -0.310805 -0.862837
v 0.126769 0.162070 -0.727909
vn 0.271625 -0.850094 -0.451176
v 0.118883 0.107324 -0.663572
vn 0.439432 -0.872018 -0.215602
v 0.125284 0.105118 -0.652829
vn -0.241391 -0.395969 -0.885968
v 0.056146 0.140155 -0.689552
vn -0.213034 -0.516409 -0.829421
v 0.072741 0.130401 -0.688578
vn 0.124494 -0.744054 -0.656418
v 0.106216 0.111832 -0.674002
vn -0.036204 -0.708014 -0.705269
v 0.088690 0.117569 -0.679501
vn 0.016082 -0.792015 -0.610290
v 0.108047 0.132797 -0.696609
vn 0.069907 -0.724109 -0.686134
v 0.103258 0.123896 -0.684732
vn 0.288387 -0.866743 -0.406926
v -0.042838 0.052392 -0.623628
vn 0.321611 -0.800429 -0.505846
v -0.002317 0.076617 -0.638477
vn 0.257488 -0.786878 -0.560823
v 0.021853 0.094102 -0.648118
vn 0.086528 -0.732788 -0.674933
v 0.035902 0.105500 -0.659401
vn 0.300324 -0.824275 -0.479974
v 0.007453 0.076004 -0.630284
vn -0.023699 -0.786743 -0.616826
v 0.041848 0.103433 -0.656452
vn 0.221406 -0.725404 -0.651743
v -0.014768 0.076628 -0.646818
vn 0.342677 -0.914910 -0.213334
v -0.010221 0.058558 -0.601244
vn 0.023641 -0.787084 -0.616393
v 0.034986 0.089256 -0.637904
vn 0.250163 -0.876859 -0.410533
v 0.017477 0.075749 -0.622545
vn 0.157613 -0.924829 -0.346192
v 0.027165 0.075164 -0.614049
vn -0.095271 -0.788685 -0.607371
v 0.064496 0.101024 -0.658816
vn 0.010766 -0.853586 -0.520841
v 0.040393 0.084867 -0.632622
vn -0.030091 -0.923851 -0.381567
v 0.505487 0.251267 -0.928143
vn 0.028559 -0.991535 -0.126661
v 0.518574 0.249607 -0.920975
vn 0.461101 -0.532346 0.709925
v 0.524204 0.258066 -0.905444
vn 0.493941 -0.338604 0.800856
v 0.532158 0.270021 -0.903386
vn 0.643437 0.137459 0.753056
v 0.516460 0.296342 -0.895452
vn 0.079308 0.827844 0.555324
v 0.475077 0.321047 -0.885188
vn -0.508025 0.389744 -0.768121
v 0.449992 0.319764 -0.920532
vn -0.650708 -0.093933 -0.753496
v 0.463952 0.315638 -0.928739
vn -0.509370 -0.121408 -0.851940
v 0.464186 0.291472 -0.925173
vn -0.087559 -0.984191 -0.153955
v 0.491531 0.248563 -0.917859
vn 0.080856 -0.993282 0.082788
v 0.504903 0.248901 -0.911941
vn 0.265537 -0.862633 0.430529
v 0.517939 0.250536 -0.908421
vn 0.551547 -0.282903 0.784705
v 0.513153 0.274675 -0.890531
vn 0.530451 -0.054904 0.845936
v 0.525062 0.276834 -0.897814
vn 0.479248 0.129826 0.868025
v 0.494847 0.299320 -0.878536
vn 0.233953 0.419642 0.877021
v 0.487288 0.313028 -0.880143
vn 0.598039 0.075562 0.797897
v 0.502066 0.282849 -0.880509
vn 0.551623 -0.517476 0.654165
v 0.501372 0.261889 -0.888773
vn 0.341421 -0.829428 0.442132
v 0.500183 0.252936 -0.896409
vn 0.155235 -0.968314 0.195628
v 0.494062 0.250693 -0.896945
vn -0.120508 -0.991952 -0.038841
v 0.480859 0.248207 -0.903251
vn -0.435181 -0.837697 -0.329973
v 0.473355 0.253740 -0.914744
vn -0.414808 -0.328335 -0.848605
v 0.441330 0.288783 -0.912456
vn -0.119747 -0.992802 0.002043
v 0.471616 0.249784 -0.890571
vn -0.106354 0.993522 -0.040043
v 0.447156 0.325891 -0.903459
vn -0.360569 0.872197 -0.330550
v 0.448163 0.323833 -0.913803
vn 0.391169 -0.816191 0.425228
v 0.488211 0.252548 -0.884212
vn 0.382835 0.332854 0.861769
v 0.475194 0.293720 -0.869685
vn -0.617165 -0.278068 -0.736061
v 0.486441 0.272683 -0.940664
vn 0.673235 0.385240 0.631146
v 0.513324 0.319557 -0.896682
vn 0.016821 0.979826 0.199142
v 0.467140 0.323547 -0.898031
vn -0.468006 -0.457925 -0.755827
v 0.486559 0.261330 -0.936170
vn 0.596164 -0.447907 0.666309
v 0.491339 0.261465 -0.877318
vn 0.598894 -0.175039 0.781465
v 0.495564 0.273713 -0.875480
vn 0.479979 0.185784 0.857382
v 0.489147 0.280493 -0.870955
vn 0.800038 -0.335856 0.497132
v 0.207840 0.172638 -0.668214
vn 0.718330 -0.029372 0.695082
v 0.206498 0.184441 -0.661329
vn -0.328514 0.806263 -0.491954
v 0.289897 0.309456 -0.826706
vn -0.414146 0.353855 -0.838612
v 0.287426 0.279575 -0.849695
vn -0.157952 0.983432 0.088954
v 0.281837 0.317290 -0.782695
vn 0.051506 0.927894 0.369268
v 0.292486 0.313617 -0.768467
vn -0.078799 0.995132 0.059183
v 0.297729 0.319368 -0.792610
vn -0.245656 0.937716 -0.245645
v 0.296309 0.316983 -0.814450
vn -0.312744 0.925383 -0.214144
v 0.271054 0.312454 -0.800294
vn -0.458363 0.752247 -0.473315
v 0.261833 0.302450 -0.812690
vn 0.261563 0.769309 0.582879
v 0.301097 0.310072 -0.763673
vn 0.402695 0.635702 0.658574
v 0.318253 0.306075 -0.770210
vn -0.326534 0.931496 0.160284
v 0.239725 0.303546 -0.755339
vn -0.098895 0.881886 0.460974
v 0.249355 0.300012 -0.739585
vn -0.555522 0.291624 -0.778685
v 0.261291 0.272511 -0.836466
vn -0.389399 0.086861 -0.916964
v 0.292012 0.265477 -0.855549
vn -0.510174 -0.002539 -0.860067
v 0.265951 0.257912 -0.842001
vn -0.291601 -0.263283 -0.919593
v 0.297154 0.248679 -0.856259
vn -0.430226 -0.291885 -0.854230
v 0.273604 0.240627 -0.843234
vn -0.126490 -0.623098 -0.771848
v 0.303483 0.232728 -0.850429
vn -0.259643 -0.583313 -0.769631
v 0.282330 0.224647 -0.838710
vn 0.079884 -0.834671 -0.544924
v 0.311910 0.222916 -0.840391
vn 0.018543 -0.874173 -0.485260
v 0.292970 0.213590 -0.827012
vn 0.295772 -0.925404 -0.236952
v 0.316549 0.219768 -0.831540
vn 0.278703 -0.950547 -0.137057
v 0.301114 0.211671 -0.814871
vn 0.324125 -0.945685 -0.024955
v 0.308292 0.214782 -0.797510
vn 0.370257 -0.922352 -0.110345
v 0.328051 0.223242 -0.823727
vn -0.365569 0.635994 -0.679611
v 0.312549 0.304310 -0.845487
vn -0.314391 0.752154 -0.579156
v 0.333594 0.310462 -0.848656
vn 0.223969 0.897609 0.379652
v 0.339025 0.317988 -0.796408
vn -0.053113 0.997929 -0.036293
v 0.336416 0.322153 -0.815765
vn -0.222014 0.907610 -0.356306
v 0.337303 0.318766 -0.835563
vn -0.373220 0.357422 -0.856129
v 0.302494 0.283197 -0.853438
vn -0.373626 0.133629 -0.917904
v 0.319500 0.272652 -0.864650
vn 0.439889 0.503193 0.743838
v 0.303274 0.289494 -0.748406
vn 0.361593 0.594694 0.718045
v 0.297011 0.302888 -0.754824
vn 0.231609 0.632100 0.739464
v 0.260684 0.286377 -0.726346
vn -0.176852 0.954008 -0.242060
v 0.312600 0.317956 -0.821861
vn -0.685346 0.640551 -0.346404
v 0.190048 0.266802 -0.761795
vn -0.337999 0.088939 -0.936935
v 0.308769 0.269729 -0.860510
vn -0.662479 0.152603 -0.733371
v 0.218358 0.254488 -0.805574
vn -0.670199 0.439058 -0.598382
v 0.215517 0.270501 -0.794046
vn 0.190004 -0.860686 -0.472354
v 0.353358 0.240145 -0.851702
vn 0.155344 -0.785939 -0.598472
v 0.333610 0.236039 -0.851862
vn -0.128216 -0.917267 -0.377070
v 0.256112 0.200968 -0.796705
vn -0.259597 -0.175508 -0.949635
v 0.318411 0.255522 -0.863068
vn -0.061379 -0.557181 -0.828120
v 0.317205 0.238659 -0.855736
vn -0.041182 -0.826993 -0.560701
v 0.393772 0.257455 -0.871921
vn -0.132052 -0.641717 -0.755488
v 0.385544 0.264966 -0.879925
vn -0.229104 -0.595235 -0.770199
v 0.409732 0.270815 -0.890806
vn -0.182530 -0.756114 -0.628470
v 0.415664 0.264219 -0.885193
vn -0.308587 -0.575468 -0.757371
v 0.434495 0.273465 -0.901503
vn -0.400727 0.348698 -0.847247
v 0.330910 0.289562 -0.864697
vn -0.336417 0.022345 -0.941448
v 0.338124 0.278115 -0.870995
vn -0.448810 0.349914 -0.822271
v 0.370033 0.298672 -0.879691
vn -0.411668 0.106913 -0.905041
v 0.371304 0.290177 -0.882741
vn -0.215649 -0.327602 -0.919876
v 0.353875 0.265958 -0.873877
vn -0.259794 -0.396464 -0.880524
v 0.378865 0.273060 -0.882897
vn -0.312052 -0.395512 -0.863825
v 0.402964 0.279849 -0.894009
vn -0.043791 -0.618973 -0.784190
v 0.361372 0.257143 -0.870688
vn 0.623786 -0.672764 0.397843
v 0.351437 0.235793 -0.778567
vn 0.615400 -0.567389 0.547132
v 0.370057 0.241501 -0.794778
vn 0.660065 -0.134704 0.739032
v 0.367884 0.254216 -0.784922
vn 0.535594 -0.674938 0.507542
v 0.399383 0.249518 -0.817569
vn 0.632154 -0.180714 0.753475
v 0.397979 0.261149 -0.809303
vn 0.473776 -0.687953 0.549779
v 0.423659 0.254255 -0.834313
vn 0.589201 -0.205022 0.781542
v 0.422279 0.264949 -0.827401
vn 0.441110 -0.643110 0.625965
v 0.448450 0.256337 -0.850091
vn 0.556769 -0.137772 0.819162
v 0.446637 0.266686 -0.844430
vn 0.473545 -0.865225 0.164743
v 0.349081 0.230144 -0.790249
vn 0.436408 -0.875739 0.206470
v 0.371860 0.237425 -0.810873
vn 0.348457 -0.927695 0.134014
v 0.395201 0.244535 -0.827763
vn 0.234554 -0.963266 0.130779
v 0.419497 0.250176 -0.843100
vn 0.180892 -0.957746 0.223608
v 0.445002 0.251437 -0.857559
vn 0.312145 -0.948773 -0.048949
v 0.366720 0.234445 -0.821731
vn 0.219014 -0.961471 -0.166151
v 0.388679 0.243029 -0.838032
vn 0.076933 -0.980488 -0.180899
v 0.411068 0.250311 -0.853259
vn -0.046297 -0.985506 -0.163204
v 0.435768 0.251786 -0.867336
vn 0.238456 -0.932386 -0.271654
v 0.362102 0.236850 -0.837027
vn 0.155456 -0.925008 -0.346690
v 0.380703 0.244737 -0.849285
vn 0.008308 -0.924224 -0.381760
v 0.402746 0.253013 -0.863478
vn -0.168419 -0.875941 -0.452064
v 0.423934 0.257376 -0.877692
vn 0.094649 -0.856939 -0.506653
v 0.372333 0.248572 -0.859703
vn -0.339646 0.773872 -0.534568
v 0.350564 0.311745 -0.856913
vn -0.357189 0.798857 -0.483987
v 0.376336 0.315284 -0.869354
vn -0.213311 0.931169 -0.295672
v 0.356006 0.319243 -0.846204
vn -0.193492 0.955118 -0.224300
v 0.378480 0.320852 -0.858858
vn -0.180755 0.964067 -0.194686
v 0.403424 0.322713 -0.874372
vn 0.011068 0.999241 0.037340
v 0.363557 0.321992 -0.834150
vn 0.033951 0.995168 0.092135
v 0.386153 0.322550 -0.848582
vn 0.080997 0.985569 0.148641
v 0.410699 0.323155 -0.864970
vn 0.279133 0.876796 0.391552
v 0.372190 0.318156 -0.821870
vn 0.258236 0.888669 0.378923
v 0.395007 0.318362 -0.838667
vn 0.499447 0.514623 0.696933
v 0.362867 0.301916 -0.796161
vn 0.486079 0.538509 0.688284
v 0.405881 0.305174 -0.829840
vn 0.474124 0.523073 0.708238
v 0.429402 0.306096 -0.846554
vn 0.593485 0.199524 0.779721
v 0.335175 0.261036 -0.756569
vn 0.611146 0.180394 0.770687
v 0.367151 0.269310 -0.783784
vn 0.613425 0.160271 0.773320
v 0.393608 0.274678 -0.806276
vn 0.571445 0.198497 0.796272
v 0.418269 0.278481 -0.826488
vn -0.493850 0.340529 -0.800095
v 0.409651 0.306866 -0.900155
vn -0.457405 0.054509 -0.887586
v 0.408557 0.299195 -0.900962
vn 0.456380 -0.618019 0.640132
v 0.473612 0.258640 -0.865734
vn 0.145878 -0.958840 0.243609
v 0.469691 0.252216 -0.871622
vn -0.147610 -0.976574 -0.156572
v 0.458236 0.251610 -0.880657
vn -0.355732 -0.855689 -0.375834
v 0.450858 0.257668 -0.892186
vn -0.352032 0.841640 -0.409531
v 0.422477 0.320105 -0.897587
vn 0.083533 0.976424 0.199046
v 0.436923 0.323328 -0.882180
vn 0.248177 0.868872 0.428334
v 0.438445 0.318336 -0.868214
vn 0.491563 0.439928 0.751551
v 0.450008 0.306558 -0.861032
vn 0.510639 0.141712 0.848036
v 0.467709 0.278815 -0.859327
vn 0.399083 0.314760 0.861196
v 0.261078 0.244321 -0.702800
vn 0.472863 0.041855 0.880141
v 0.250884 0.225905 -0.693899
vn 0.543338 0.017333 0.839335
v 0.280962 0.233378 -0.711217
vn 0.691434 -0.120693 0.712286
v 0.322106 0.238370 -0.743605
vn 0.594746 0.195919 0.779675
v 0.315365 0.255002 -0.740074
vn 0.735714 -0.191897 0.649538
v 0.222535 0.194605 -0.680281
vn 0.768020 -0.462494 0.442995
v 0.221968 0.185022 -0.684677
vn 0.701797 -0.695351 0.154818
v 0.218895 0.178463 -0.690134
vn 0.716437 -0.686079 0.126547
v 0.201593 0.158571 -0.676381
vn 0.544842 -0.832100 -0.103713
v 0.212507 0.173028 -0.697699
vn 0.416178 -0.889952 -0.186498
v 0.203157 0.169353 -0.705733
vn 0.403064 -0.871018 -0.280833
v 0.192761 0.167526 -0.713925
vn 0.352934 -0.906836 -0.230406
v 0.219069 0.179041 -0.721713
vn -0.688497 0.014912 -0.725086
v 0.188558 0.237889 -0.779403
vn -0.604665 -0.136077 -0.784769
v 0.223522 0.240801 -0.810425
vn -0.586710 -0.308180 -0.748863
v 0.193210 0.225360 -0.781543
vn -0.434939 -0.543767 -0.717736
v 0.200293 0.212866 -0.780100
vn -0.523435 -0.378631 -0.763318
v 0.231921 0.225701 -0.810743
vn -0.301613 -0.735112 -0.607158
v 0.210325 0.202102 -0.775398
vn -0.392809 -0.652108 -0.648426
v 0.242278 0.210697 -0.806315
vn -0.052665 -0.920289 -0.387678
v 0.223812 0.194982 -0.767189
vn 0.067948 -0.881061 -0.468097
v 0.208745 0.188894 -0.755383
vn 0.567691 -0.169281 0.805649
v 0.233571 0.205393 -0.686009
vn 0.638443 -0.536581 0.551790
v 0.235427 0.193745 -0.693308
vn 0.556762 -0.687996 0.465486
v 0.249859 0.199835 -0.703196
vn 0.563922 -0.318961 0.761746
v 0.248326 0.210418 -0.694766
vn 0.656921 -0.584478 0.476277
v 0.328414 0.225542 -0.755431
vn 0.557266 -0.795269 0.238750
v 0.241990 0.191056 -0.708750
vn 0.472948 -0.856272 0.207651
v 0.260428 0.198426 -0.721435
vn 0.403507 -0.900631 0.161386
v 0.288879 0.208860 -0.738112
vn 0.463725 -0.885876 -0.013550
v 0.227879 0.181660 -0.711447
vn 0.404740 -0.913834 -0.033062
v 0.247600 0.191368 -0.725063
vn 0.308336 -0.951155 -0.015240
v 0.289524 0.208481 -0.752567
vn 0.298437 -0.923971 -0.239191
v 0.236701 0.189015 -0.733606
vn 0.263623 -0.951236 -0.160163
v 0.249441 0.194851 -0.742352
vn 0.242187 -0.960815 -0.134834
v 0.241240 0.194937 -0.751602
vn 0.585323 0.128832 0.800499
v 0.217620 0.203797 -0.675355
vn 0.302932 0.330720 0.893788
v 0.210713 0.225385 -0.677978
vn 0.406129 0.168648 0.898119
v 0.216528 0.215310 -0.676580
vn 0.399871 0.115373 0.909281
v 0.230308 0.218958 -0.683105
vn 0.281670 0.411039 0.867012
v 0.238152 0.257655 -0.699996
vn 0.355136 0.394986 0.847269
v 0.200470 0.219747 -0.671690
vn 0.263161 0.387040 0.883712
v 0.204945 0.232164 -0.679422
vn 0.125148 0.631445 0.765255
v 0.211457 0.257488 -0.693174
vn -0.646720 0.637794 -0.418297
v 0.220309 0.285552 -0.786452
vn -0.599148 0.796104 -0.085094
v 0.196078 0.277108 -0.749338
vn -0.531586 0.831119 -0.163272
v 0.228715 0.297903 -0.773451
vn -0.439734 0.875463 0.200494
v 0.204733 0.283273 -0.732293
vn -0.199469 0.861305 0.467296
v 0.229227 0.290038 -0.727308
vn -0.285133 0.861073 0.421013
v 0.200691 0.273926 -0.711729
vn -0.494888 0.855900 0.150070
v 0.183080 0.268292 -0.718846
vn -0.408478 0.895552 0.176440
v 0.222237 0.294401 -0.744179
vn -0.593639 0.793187 -0.135821
v 0.212083 0.288345 -0.761704
vn -0.606426 0.786115 -0.119462
v 0.167275 0.257968 -0.729972
vn -0.696702 0.563260 -0.444235
v 0.168588 0.253729 -0.745686
vn -0.676409 0.644976 -0.355636
v 0.204697 0.276392 -0.773818
vn -0.445959 0.866907 -0.222695
v 0.247734 0.306144 -0.786812
vn -0.571687 0.656172 -0.492558
v 0.238557 0.294230 -0.800035
vn -0.618718 0.449688 -0.644181
v 0.234658 0.278793 -0.807901
vn -0.634679 0.172367 -0.753307
v 0.237585 0.263257 -0.820758
vn -0.541419 -0.263377 -0.798435
v 0.182720 0.217975 -0.771261
vn -0.633707 -0.147445 -0.759392
v 0.206373 0.232849 -0.795696
vn -0.690010 0.097238 -0.717239
v 0.201247 0.245713 -0.791619
vn -0.582693 -0.073224 -0.809387
v 0.242176 0.249139 -0.825942
vn -0.503175 -0.487046 -0.713864
v 0.214619 0.219491 -0.795346
vn -0.497489 -0.352868 -0.792457
v 0.250473 0.232469 -0.826965
vn -0.380496 -0.488478 -0.785247
v 0.186266 0.204238 -0.766069
vn -0.271102 0.957465 0.098813
v 0.259202 0.311361 -0.768491
vn -0.046294 0.923421 0.380986
v 0.268552 0.307128 -0.752185
vn 0.448182 0.410686 0.794021
v 0.197715 0.197335 -0.655383
vn 0.607056 -0.289193 0.740169
v 0.171105 0.154305 -0.629744
vn 0.425179 0.384873 0.819204
v 0.164480 0.177744 -0.626821
vn 0.523843 0.039381 0.850904
v 0.170029 0.167160 -0.626777
vn 0.661025 0.091090 0.744815
v 0.189812 0.174314 -0.645989
vn 0.749451 -0.276552 0.601533
v 0.190009 0.163837 -0.648357
vn 0.683496 -0.608066 0.403842
v 0.171503 0.143658 -0.638097
vn 0.753358 -0.555243 0.352359
v 0.202059 0.162825 -0.667970
vn 0.617746 -0.778736 0.109360
v 0.186831 0.149639 -0.664383
vn 0.473900 -0.878404 -0.061847
v 0.168744 0.134226 -0.655724
vn 0.519029 -0.824455 -0.225573
v 0.195816 0.155214 -0.689533
vn 0.430290 -0.880576 -0.198586
v 0.179986 0.146164 -0.676914
vn 0.523850 0.313255 0.792119
v 0.176320 0.183676 -0.637935
vn 0.400427 0.415898 0.816509
v 0.168025 0.208886 -0.653568
vn 0.388611 0.417199 0.821539
v 0.179991 0.217635 -0.662598
vn 0.542183 0.349979 0.763906
v 0.431073 0.295169 -0.841568
vn 0.527957 0.227223 0.818310
v 0.506654 0.310682 -0.886468
vn 0.385777 0.752572 0.533677
v 0.508858 0.328202 -0.900393
vn 0.299536 0.581654 0.756279
v 0.498504 0.319486 -0.886341
vn -0.126746 0.874134 0.468855
v 0.484554 0.326481 -0.910894
vn -0.171729 0.968243 0.181700
v 0.462688 0.326772 -0.912375
vn -0.778859 -0.266846 -0.567602
v 0.474773 0.303995 -0.932954
vn -0.026196 0.913835 0.405240
v 0.499130 0.324844 -0.892609
vn 0.418900 0.266332 0.868096
v 0.490645 0.292795 -0.875072
vn 0.489083 0.345948 0.800699
v 0.456644 0.295974 -0.860922
vn 0.545989 0.357307 0.757779
v 0.410744 0.293227 -0.826739
vn 0.555733 0.363901 0.747487
v 0.368182 0.289191 -0.792713
vn 0.538666 0.369287 0.757276
v 0.349063 0.285506 -0.777086
vn 0.503938 0.344899 0.791891
v 0.294027 0.263468 -0.730223
vn 0.433979 0.360020 0.825862
v 0.266625 0.264928 -0.714915
vn 0.419754 0.424690 0.802150
v 0.468421 0.307191 -0.872073
vn 0.544215 -0.186310 0.817997
v 0.478086 0.268896 -0.864854
vn -0.470713 0.184681 -0.862741
v 0.440902 0.313775 -0.917094
vn -0.117616 0.989126 -0.088293
v 0.426335 0.323796 -0.889136
vn 0.145837 0.897224 0.416799
v 0.456807 0.319987 -0.879186
vn 0.265667 0.610734 0.745939
v 0.469625 0.316640 -0.878899
vn 0.351182 0.691709 0.631039
v 0.446076 0.313408 -0.863880
vn 0.374383 0.719596 0.584824
v 0.425011 0.312470 -0.850315
vn 0.404580 0.711964 0.573953
v 0.390455 0.311805 -0.826056
vn 0.427908 0.655044 0.622746
v 0.344908 0.309526 -0.789947
vn 0.256528 -0.952416 -0.164610
v 0.349487 0.230868 -0.826055
vn 0.280095 -0.911494 -0.301205
v 0.339930 0.231799 -0.843009
vn 0.486187 0.481987 0.728911
v 0.341509 0.299151 -0.779281
vn 0.520363 0.361646 0.773585
v 0.310601 0.276312 -0.746423
vn 0.692033 -0.171927 0.701093
v 0.343213 0.246925 -0.763280
vn 0.488074 -0.857191 0.164340
v 0.326395 0.220706 -0.766720
vn 0.354930 -0.934857 -0.008220
v 0.341382 0.225474 -0.798301
vn 0.308792 -0.944837 -0.109226
v 0.337727 0.225870 -0.813986
vn 0.316321 0.610404 0.726187
v 0.278854 0.293134 -0.739245
vn 0.383020 0.541412 0.748444
v 0.282590 0.285208 -0.733851
vn 0.467838 0.381188 0.797385
v 0.288915 0.272956 -0.730418
vn 0.489259 0.303439 0.817650
v 0.285458 0.248834 -0.717827
vn 0.610067 0.070620 0.789197
v 0.305805 0.237464 -0.729419
vn 0.649880 -0.193477 0.734998
v 0.309003 0.229748 -0.732596
vn 0.618556 -0.569667 0.541173
v 0.312432 0.219816 -0.742190
vn 0.433930 -0.878574 0.199530
v 0.310470 0.215425 -0.753608
vn 0.313135 -0.949709 0.000023
v 0.320982 0.217501 -0.777710
vn 0.281752 -0.958841 -0.035210
v 0.286979 0.208799 -0.766838
vn 0.328160 -0.942249 0.066923
v 0.283743 0.207371 -0.782179
vn 0.257161 -0.962839 -0.082523
v 0.284347 0.205611 -0.800264
vn 0.022142 -0.938555 -0.344418
v 0.273375 0.205811 -0.812149
vn -0.302023 -0.676611 -0.671550
v 0.260390 0.216533 -0.822757
vn 0.145366 0.625800 0.766318
v 0.243661 0.278969 -0.716119
vn 0.352035 0.393140 0.849419
v 0.254815 0.263588 -0.708429
vn 0.379316 0.355315 0.854325
v 0.259650 0.254431 -0.707452
vn 0.587794 -0.337484 0.735257
v 0.290364 0.223666 -0.719173
vn 0.525384 -0.695958 0.489503
v 0.288739 0.212834 -0.725928
vn 0.344569 -0.938172 -0.033244
v 0.267732 0.200116 -0.740483
vn 0.265591 -0.962518 -0.054956
v 0.258156 0.199726 -0.765155
vn -0.049505 -0.966683 -0.251145
v 0.240887 0.198507 -0.782235
vn -0.305794 -0.797608 -0.519915
v 0.226545 0.206802 -0.791283
vn 0.110500 0.645085 0.756079
v 0.215550 0.266754 -0.702479
vn 0.256777 0.406336 0.876902
v 0.208787 0.245781 -0.685369
vn 0.293987 0.387578 0.873702
v 0.232202 0.245118 -0.692743
vn 0.309257 0.312451 0.898184
v 0.227480 0.232584 -0.685043
vn 0.326725 0.535732 0.778616
v 0.264367 0.280016 -0.721534
vn 0.177323 0.595926 0.783217
v 0.248259 0.273591 -0.711822
vn -0.036978 0.753203 0.656748
v 0.212342 0.272483 -0.706687
vn 0.027722 0.722144 0.691187
v 0.238327 0.286082 -0.720547
vn 0.135546 0.707413 0.693681
v 0.255391 0.294292 -0.730633
vn 0.189259 0.749902 0.633898
v 0.273585 0.301314 -0.743545
vn 0.168628 0.906524 0.387013
v 0.313342 0.315750 -0.779086
vn -0.037080 0.998056 0.050090
v 0.317573 0.320617 -0.803459
vn -0.546785 0.543308 -0.637058
v 0.258109 0.291460 -0.820107
vn -0.627601 0.465575 -0.623985
v 0.234624 0.284913 -0.804644
vn -0.680310 0.473610 -0.559350
v 0.216486 0.276506 -0.791288
vn -0.709289 0.493645 -0.503214
v 0.201410 0.267838 -0.778892
vn -0.724650 0.456290 -0.516412
v 0.183377 0.256564 -0.763670
vn -0.438036 0.610557 -0.659806
v 0.284160 0.302314 -0.830621
vn 0.205425 -0.812343 -0.545802
v 0.324813 0.228796 -0.846149
vn 0.334642 -0.888663 -0.313518
v 0.328854 0.225219 -0.834452
vn -0.715900 0.324465 -0.618232
v 0.200016 0.255215 -0.787246
vn -0.674101 0.362463 -0.643591
v 0.216163 0.264005 -0.800322
vn -0.629795 0.423577 -0.651107
v 0.235663 0.272337 -0.814795
vn -0.545547 0.490650 -0.679442
v 0.259293 0.282258 -0.829438
vn -0.450648 0.529524 -0.718694
v 0.285161 0.289468 -0.842167
vn -0.380625 0.522063 -0.763265
v 0.298869 0.292481 -0.846511
vn -0.384035 0.540208 -0.748794
v 0.324093 0.297854 -0.856601
vn -0.392308 0.588234 -0.707160
v 0.348143 0.303290 -0.864902
vn -0.436836 0.580943 -0.686789
v 0.370465 0.307083 -0.874846
vn -0.475065 0.567776 -0.672267
v 0.411638 0.313477 -0.897440
vn -0.676407 0.635047 -0.373080
v 0.456105 0.324584 -0.922702
vn -0.728681 0.272927 -0.628120
v 0.177600 0.241670 -0.766892
vn -0.169533 -0.712596 -0.680782
v 0.195612 0.197103 -0.764108
vn 0.170034 -0.962493 -0.211415
v 0.234650 0.193827 -0.758273
vn 0.187613 -0.980945 -0.050483
v 0.251937 0.197984 -0.772560
vn 0.261798 -0.897956 -0.353747
v 0.209153 0.183717 -0.742400
vn 0.187550 -0.981394 -0.041129
v 0.267682 0.200915 -0.786074
vn -0.310801 -0.771747 -0.554805
v 0.486897 0.254683 -0.931116
vn -0.581348 -0.373372 -0.722930
v 0.451065 0.275856 -0.913180
vn -0.586106 -0.204517 -0.783998
v 0.471944 0.269931 -0.930807
vn 0.055436 -0.778195 -0.625571
v 0.367702 0.251922 -0.865093
vn -0.472416 -0.505877 -0.721742
v 0.442151 0.275184 -0.906575
vn -0.570832 -0.545825 -0.613373
v 0.473967 0.260040 -0.925051
vn -0.541975 -0.649135 -0.533748
v 0.457778 0.262013 -0.907983
vn -0.346446 -0.733735 -0.584472
v 0.442599 0.262738 -0.894678
vn -0.387127 -0.179113 -0.904462
v 0.401637 0.289008 -0.896719
vn -0.337938 -0.168414 -0.925978
v 0.372183 0.281813 -0.883092
vn -0.418191 -0.103375 -0.902458
v 0.444203 0.304823 -0.918167
vn -0.515268 -0.413824 -0.750499
v 0.493168 0.269986 -0.944484
vn -0.126889 -0.978114 -0.164901
v 0.532655 0.251222 -0.929759
vn -0.161299 -0.913023 -0.374661
v 0.521468 0.255633 -0.937172
vn -0.308121 -0.927594 -0.211259
v 0.538827 0.253319 -0.943693
vn -0.255230 -0.963050 -0.085977
v 0.546003 0.250300 -0.939573
vn 0.419891 0.132243 0.897888
v 0.544624 0.284040 -0.909296
vn 0.554278 0.219635 0.802830
v 0.524867 0.289003 -0.899611
vn 0.322031 0.281877 0.903793
v 0.552493 0.298805 -0.914786
vn 0.242555 -0.905201 0.348968
v 0.535649 0.251029 -0.921449
vn -0.118720 0.865950 0.485836
v 0.499365 0.332114 -0.912587
vn 0.638561 0.469377 0.609857
v 0.521717 0.318131 -0.908672
vn 0.540196 0.299638 0.786387
v 0.528130 0.306186 -0.908454
vn 0.365521 0.454968 0.812034
v 0.537779 0.317036 -0.917956
vn 0.436524 -0.199087 0.877389
v 0.547307 0.274194 -0.910928
vn 0.352473 -0.582344 0.732556
v 0.542685 0.259171 -0.917280
vn 0.309683 -0.532204 0.787944
v 0.560968 0.258512 -0.924044
vn 0.186950 -0.687378 0.701827
v 0.562289 0.253582 -0.928670
vn -0.805732 0.422397 0.415183
v 0.470028 0.339366 -0.927776
vn -0.264845 0.617629 0.740535
v 0.480787 0.346251 -0.927897
vn -0.032486 0.659483 0.751017
v 0.497468 0.342836 -0.924786
vn 0.447527 0.595925 0.666778
v 0.522166 0.328521 -0.917809
vn -0.034104 -0.954720 0.295545
v 0.552217 0.248926 -0.933237
vn -0.359840 -0.845889 -0.393683
v 0.537187 0.256302 -0.952046
vn -0.455506 -0.695937 -0.555145
v 0.513934 0.268835 -0.954421
vn -0.279421 -0.687134 -0.670649
v 0.505658 0.265437 -0.946415
vn -0.537094 -0.551758 -0.638039
v 0.502786 0.281128 -0.956751
vn -0.958379 -0.203528 -0.200216
v 0.466961 0.329892 -0.943246
vn -0.885060 -0.376453 -0.273772
v 0.473423 0.315608 -0.946223
vn -0.772734 -0.323153 -0.546310
v 0.482173 0.293861 -0.944746
vn -0.725430 -0.466737 -0.505873
v 0.487723 0.298946 -0.956399
vn 0.206526 -0.148979 0.967033
v 0.614460 0.293574 -0.933158
vn 0.190937 -0.288615 0.938213
v 0.625312 0.275241 -0.939510
vn 0.240243 -0.433777 0.868401
v 0.625785 0.262400 -0.944218
vn 0.211216 -0.469982 0.857033
v 0.617709 0.230957 -0.960909
vn 0.189285 0.037122 0.981220
v 0.609332 0.302093 -0.931355
vn -0.551657 -0.819838 -0.153425
v 0.601207 0.227924 -0.978926
vn -0.294234 0.238980 -0.925373
v 0.611414 0.244710 -0.998016
vn 0.359647 0.600770 0.713954
v 0.629828 0.310831 -0.936993
vn 0.173992 0.155949 0.972320
v 0.614341 0.310469 -0.933157
vn 0.097707 0.496963 -0.862254
v 0.620118 0.296108 -0.966013
vn -0.049883 0.514538 -0.856015
v 0.606238 0.264088 -0.986996
vn -0.021969 0.536309 -0.843735
v 0.613253 0.258207 -0.992436
vn 0.010407 0.555337 -0.831560
v 0.612639 0.277645 -0.975839
vn -0.536652 -0.239541 -0.809089
v 0.596100 0.243774 -0.989260
vn 0.248769 0.477284 -0.842801
v 0.607870 0.307115 -0.962477
vn 0.319977 0.750775 -0.577886
v 0.586017 0.327837 -0.956234
vn 0.257277 0.487822 -0.834169
v 0.578181 0.319920 -0.964828
vn 0.302471 0.708398 -0.637718
v 0.616234 0.318217 -0.951298
vn -0.399236 -0.647582 -0.649037
v 0.559645 0.257000 -0.974758
vn -0.254675 -0.201741 -0.945749
v 0.561598 0.264854 -0.979136
vn -0.435877 -0.846721 -0.305083
v 0.558497 0.247952 -0.957819
vn 0.148985 0.168288 -0.974414
v 0.556686 0.291386 -0.978582
vn 0.233510 0.291624 -0.927593
v 0.566287 0.314524 -0.969264
vn -0.041854 0.402234 -0.914580
v 0.587118 0.269353 -0.984249
vn 0.099689 0.474767 -0.874448
v 0.592168 0.277895 -0.978687
vn 0.163495 0.336332 -0.927443
v 0.577731 0.290462 -0.974727
vn -0.275659 -0.400840 -0.873693
v 0.514477 0.297940 -0.979477
vn -0.048428 -0.070816 -0.996313
v 0.540597 0.283163 -0.980069
vn 0.053157 -0.036001 -0.997937
v 0.537241 0.295820 -0.980257
vn 0.069651 -0.170340 -0.982921
v 0.520563 0.305314 -0.982414
vn -0.107064 0.043177 -0.993314
v 0.566314 0.273616 -0.980213
vn 0.024521 0.274961 -0.961143
v 0.570156 0.281454 -0.978651
vn -0.478897 -0.860498 -0.173786
v 0.584892 0.237326 -0.967182
vn -0.346824 -0.937020 -0.041299
v 0.563289 0.244561 -0.950913
vn -0.395236 -0.913736 0.094206
v 0.593181 0.233168 -0.963615
vn -0.363442 -0.416058 -0.833550
v 0.524784 0.281520 -0.976040
vn -0.268308 -0.422211 -0.865880
v 0.545322 0.268697 -0.977822
vn -0.418351 -0.753919 -0.506546
v 0.529957 0.264753 -0.963422
vn -0.496458 -0.603482 -0.623970
v 0.519024 0.275632 -0.968267
vn -0.413049 -0.279847 -0.866647
v 0.580375 0.253555 -0.983252
vn -0.546045 -0.653429 -0.524276
v 0.582095 0.243432 -0.977387
vn -0.285883 0.177617 -0.941660
v 0.601566 0.252193 -0.991946
vn -0.234084 0.104314 -0.966604
v 0.583702 0.262933 -0.985592
vn 0.368237 0.114976 0.922595
v 0.562196 0.292615 -0.916988
vn 0.328614 -0.450135 0.830296
v 0.577201 0.259165 -0.930758
vn 0.269441 -0.389509 0.880729
v 0.603279 0.261557 -0.938582
vn 0.277039 -0.517739 0.809442
v 0.607113 0.245830 -0.948151
vn 0.258926 -0.530316 0.807293
v 0.591394 0.247880 -0.941998
vn 0.318940 0.570427 -0.756896
v 0.511016 0.352855 -0.971446
vn 0.129914 0.435127 -0.890947
v 0.598589 0.289122 -0.970881
vn 0.161815 0.304650 -0.938618
v 0.585532 0.300183 -0.968956
vn 0.229549 0.127505 -0.964909
v 0.541656 0.306090 -0.978798
vn 0.329610 0.332011 -0.883813
v 0.537458 0.326126 -0.975676
vn 0.260706 0.079923 -0.962104
v 0.523796 0.317862 -0.983014
vn 0.294195 0.435597 -0.850709
v 0.503117 0.341162 -0.981662
vn 0.073848 0.435950 -0.896936
v 0.488886 0.345999 -0.983196
vn 0.361095 0.518168 -0.775315
v 0.544188 0.336454 -0.967668
vn 0.317012 0.455115 -0.832090
v 0.558370 0.327280 -0.966613
vn 0.182515 0.300755 -0.936074
v 0.589613 0.308396 -0.967182
vn 0.144391 0.312111 -0.939009
v 0.602963 0.298330 -0.967663
vn 0.365473 0.682812 -0.632611
v 0.564062 0.334946 -0.958356
vn 0.419262 0.687016 -0.593489
v 0.532238 0.353253 -0.959308
vn 0.288199 0.685901 -0.668192
v 0.503607 0.368002 -0.961934
vn 0.247314 0.457392 0.854183
v 0.549683 0.326952 -0.928576
vn 0.310464 0.350543 0.883590
v 0.567292 0.306621 -0.922695
vn 0.386996 -0.053810 0.920510
v 0.578094 0.283731 -0.923233
vn 0.366997 -0.339421 0.866087
v 0.568085 0.265878 -0.922894
vn -0.696966 0.710201 -0.099258
v 0.474922 0.365142 -0.958124
vn -0.410959 0.895473 0.170998
v 0.481456 0.369394 -0.951663
vn -0.043333 0.890922 0.452084
v 0.491437 0.370398 -0.948362
vn -0.116109 0.612244 0.782097
v 0.483220 0.355739 -0.935021
vn -0.193407 0.723017 0.663205
v 0.486674 0.363567 -0.940498
vn 0.043059 0.658722 0.751153
v 0.503608 0.362996 -0.939629
vn 0.202141 0.848039 0.489866
v 0.509031 0.366703 -0.944909
vn 0.333063 0.745230 0.577669
v 0.526555 0.357004 -0.940787
vn 0.228607 0.633302 0.739370
v 0.518836 0.355292 -0.935585
vn 0.288038 0.548467 0.784996
v 0.543083 0.342017 -0.934300
vn 0.292366 0.502109 0.813885
v 0.534931 0.334816 -0.927808
vn 0.396656 0.757243 0.518891
v 0.547188 0.346456 -0.940908
vn 0.429472 0.846938 0.313448
v 0.527355 0.361095 -0.948098
vn 0.490722 0.853691 -0.174367
v 0.550126 0.347404 -0.950506
vn 0.051580 0.990574 -0.126895
v 0.496205 0.372477 -0.959138
vn -0.251495 0.790631 -0.558259
v 0.482958 0.366046 -0.968800
vn -0.132904 -0.919590 0.369718
v 0.571149 0.242823 -0.943798
vn 0.105987 -0.719852 0.685988
v 0.591381 0.238607 -0.949802
vn -0.146389 -0.843773 0.516350
v 0.599880 0.232040 -0.958980
vn 0.146315 0.414689 0.898123
v 0.595566 0.317901 -0.931551
vn 0.280852 0.724487 0.629476
v 0.601111 0.322680 -0.935713
vn 0.360073 0.932208 0.036538
v 0.605290 0.325125 -0.945569
vn 0.432776 0.899018 0.066874
v 0.631479 0.314656 -0.942527
vn 0.282593 0.744984 0.604268
v 0.566192 0.336573 -0.939762
vn 0.390364 0.919879 -0.037930
v 0.567939 0.338708 -0.949019
vn 0.245531 0.530707 0.811212
v 0.557214 0.333828 -0.934815
vn 0.125577 0.380004 0.916421
v 0.576959 0.321180 -0.931254
vn 0.283714 0.136833 0.949096
v 0.587288 0.299066 -0.928088
vn 0.284650 -0.096565 0.953755
v 0.593666 0.288420 -0.929208
vn 0.285966 -0.269222 0.919643
v 0.597175 0.272616 -0.933422
vn -0.613855 0.335846 -0.714416
v 0.475634 0.352249 -0.978725
vn -0.499236 -0.051838 -0.864914
v 0.479954 0.338446 -0.983666
vn -0.243473 -0.127588 -0.961479
v 0.490794 0.327689 -0.987234
vn -0.794088 -0.299474 -0.528904
v 0.474596 0.332718 -0.976291
vn -0.526536 -0.488446 -0.695831
v 0.488416 0.317104 -0.980524
vn -0.157239 -0.351980 -0.922706
v 0.500427 0.317341 -0.985531
vn -0.814606 0.501572 -0.291277
v 0.469301 0.357427 -0.961293
vn -0.983620 -0.144813 -0.107335
v 0.465880 0.338096 -0.955424
vn -0.851362 -0.413565 -0.322718
v 0.471536 0.326913 -0.963199
vn -0.522169 -0.500251 -0.690716
v 0.511128 0.288839 -0.971958
vn 0.168651 0.243793 0.955051
v 0.577885 0.313399 -0.928958
vn -0.459781 0.697703 0.549373
v 0.470854 0.337150 -0.923999
vn -0.771274 -0.153786 -0.617645
v 0.478821 0.289371 -0.934799
vn -0.976587 0.209594 -0.048457
v 0.465988 0.334768 -0.936308
vn -0.988973 0.103785 0.105645
v 0.466757 0.345675 -0.947863
vn -0.481715 0.668879 0.566172
v 0.473795 0.361229 -0.944674
vn -0.791333 0.576693 0.203020
v 0.469843 0.358471 -0.947994
vn -0.961450 0.273772 0.025727
v 0.466696 0.352783 -0.953627
vn -0.937245 0.020150 -0.348090
v 0.468620 0.346397 -0.969167
vn 0.175558 0.771647 0.611343
v 0.511550 0.337314 -0.920614
vn 0.391493 0.905978 -0.161049
v 0.512902 0.369176 -0.953576
vn 0.146294 0.575376 0.804699
v 0.514019 0.348794 -0.931100
vn 0.140114 0.100682 -0.985003
v 0.502047 0.326900 -0.987813
vn -0.638217 -0.562050 -0.526097
v 0.489728 0.306428 -0.968654
vn 0.099180 -0.470376 0.876875
v 0.643695 0.265827 -0.946320
vn 0.558269 0.776024 0.293467
v 0.644226 0.307383 -0.945450
vn -0.031622 -0.302790 0.952532
v 0.638144 0.291392 -0.936915
vn 0.280339 -0.497415 0.820968
v 0.624342 0.243110 -0.958210
vn 0.077967 0.517282 -0.852256
v 0.621590 0.291132 -0.969534
vn 0.200719 0.555721 -0.806775
v 0.640340 0.301858 -0.958434
vn 0.208125 0.516927 -0.830344
v 0.628894 0.268160 -0.981390
vn -0.282103 -0.197024 -0.938935
v 0.613606 0.235359 -0.999239
vn 0.083043 0.323116 -0.942709
v 0.620091 0.245181 -0.998719
vn -0.523482 -0.635114 -0.567976
v 0.607934 0.227205 -0.988486
vn 0.505357 0.575208 -0.643234
v 0.677513 0.283394 -0.961435
vn 0.854459 0.222996 0.469226
v 0.678323 0.284352 -0.949991
vn 0.800717 0.554475 -0.226737
v 0.677995 0.270029 -0.957352
vn 0.539393 0.829009 0.147646
v 0.670040 0.289745 -0.946484
vn 0.428552 -0.325727 0.842761
v 0.667954 0.275171 -0.943125
vn 0.319298 0.147411 -0.936119
v 0.676897 0.241689 -0.971138
vn 0.804329 0.579046 -0.133270
v 0.694912 0.252619 -0.967259
vn 0.432419 -0.890497 -0.141522
v 0.690489 0.237215 -0.968953
vn 0.137377 0.148638 -0.979303
v 0.690348 0.248390 -0.975958
vn 0.308749 -0.091800 0.946703
v 0.679222 0.246303 -0.955646
vn 0.520499 0.204171 -0.829093
v 0.659653 0.242333 -0.986482
vn 0.295141 -0.058368 -0.953669
v 0.687848 0.230036 -0.984815
vn 0.459698 0.321244 0.827937
v 0.682055 0.235027 -0.964908
vn 0.425194 0.839355 -0.338664
v 0.687937 0.239131 -0.978169
vn 0.855926 0.491043 -0.162074
v 0.686512 0.218900 -0.984855
vn -0.138505 -0.760961 0.633841
v 0.643252 0.209382 -0.976358
vn 0.791353 0.109080 -0.601550
v 0.661177 0.231120 -0.982351
vn 0.209484 -0.055799 0.976219
v 0.647307 0.219513 -0.971206
vn 0.136500 -0.661273 0.737622
v 0.643723 0.230800 -0.970089
vn 0.388346 0.745983 -0.541014
v 0.666609 0.288615 -0.955283
vn -0.170744 -0.396133 -0.902178
v 0.632471 0.221923 -0.997484
vn 0.676427 -0.601409 0.425151
v 0.683293 0.200510 -0.978301
vn 0.360471 0.363439 -0.859053
v 0.667007 0.277409 -0.961586
vn 0.413982 0.522573 -0.745343
v 0.658981 0.288774 -0.961452
vn -0.175078 -0.609419 -0.773276
v 0.670884 0.225561 -0.977412
vn 0.315208 0.463951 -0.827885
v 0.657622 0.270095 -0.970825
vn 0.757015 -0.635158 0.153307
v 0.693481 0.226023 -0.975371
vn 0.156490 0.810484 -0.564470
v 0.672008 0.220946 -0.991445
vn 0.209496 0.425305 -0.880470
v 0.655335 0.217524 -0.994808
vn 0.506185 0.425919 0.749913
v 0.678028 0.267858 -0.952180
vn 0.384528 0.848184 -0.364311
v 0.688058 0.269066 -0.964365
vn -0.025354 -0.732039 0.680790
v 0.668491 0.225090 -0.965934
vn 0.322596 0.885886 0.333373
v 0.670187 0.225876 -0.979990
vn -0.022711 -0.368311 0.929425
v 0.651910 0.284598 -0.937488
vn 0.211450 0.145970 0.966427
v 0.631461 0.302991 -0.934052
vn 0.192529 0.384111 -0.902990
v 0.679127 0.249710 -0.970255
vn 0.051038 -0.400004 0.915091
v 0.650193 0.277958 -0.942981
vn 0.885500 0.130710 0.445876
v 0.691946 0.264786 -0.960147
vn -0.141703 -0.967598 0.208986
v 0.665353 0.199801 -0.986290
vn 0.341580 0.036737 0.939134
v 0.683329 0.212929 -0.975095
vn 0.447138 -0.737215 -0.506539
v 0.687130 0.257335 -0.968630
vn 0.301737 -0.443631 0.843888
v 0.674004 0.260512 -0.948377
vn 0.396308 0.769943 -0.500127
v 0.638407 0.307519 -0.954287
vn 0.305676 0.126487 -0.943697
v 0.643368 0.229910 -0.998871
vn -0.416232 -0.881594 -0.222581
v 0.622702 0.215310 -0.983874
vn -0.401655 -0.900515 0.166570
v 0.620858 0.216191 -0.976843
vn -0.141578 -0.772524 0.619002
v 0.653360 0.203527 -0.979531
vn 0.118277 -0.245318 0.962200
v 0.663035 0.213362 -0.972770
vn -0.065572 -0.397101 -0.915430
v 0.660186 0.207559 -0.997600
vn 0.319420 0.337444 -0.885496
v 0.678688 0.215235 -0.994678
vn 0.547230 -0.560319 -0.621757
v 0.683470 0.202076 -0.991289
vn -0.010134 -0.491889 0.870599
v 0.657609 0.241407 -0.962956
vn 0.022905 -0.525010 0.850788
v 0.637300 0.239050 -0.963858
vn 0.022939 -0.681254 0.731688
v 0.655997 0.256366 -0.952511
vn 0.339696 0.592302 -0.730606
v 0.674277 0.261340 -0.968255
vn 0.441471 0.239486 0.864725
v 0.665644 0.285846 -0.939740
# 5255 vertices, 0 vertices normals

f 239//239 8//8 238//238
f 3003//3003 99//99 29//29
f 22//22 14//14 61//61
f 56//56 64//64 2924//2924
f 2939//2939 70//70 71//71
f 29//29 3087//3087 3003//3003
f 99//99 3003//3003 18//18
f 3143//3143 45//45 25//25
f 117//117 296//296 131//131
f 290//290 145//145 95//95
f 136//136 138//138 134//134
f 135//135 4237//4237 4197//4197
f 320//320 129//129 140//140
f 111//111 110//110 95//95
f 4126//4126 106//106 4127//4127
f 214//214 215//215 71//71
f 198//198 214//214 71//71
f 198//198 71//71 70//70
f 198//198 70//70 2//2
f 201//201 74//74 75//75
f 216//216 201//201 75//75
f 216//216 75//75 73//73
f 215//215 216//216 73//73
f 215//215 73//73 72//72
f 71//71 215//215 72//72
f 218//218 76//76 217//217
f 74//74 217//217 76//76
f 192//192 195//195 36//36
f 192//192 36//36 69//69
f 6//6 239//239 240//240
f 6//6 5//5 239//239
f 192//192 6//6 240//240
f 192//192 240//240 241//241
f 69//69 6//6 192//192
f 238//238 8//8 4//4
f 8//8 9//9 4//4
f 7//7 291//291 96//96
f 187//187 1//1 191//191
f 191//191 1//1 218//218
f 36//36 194//194 49//49
f 7//7 219//219 291//291
f 3//3 15//15 204//204
f 5//5 35//35 8//8
f 3//3 189//189 188//188
f 4//4 3//3 188//188
f 4//4 188//188 238//238
f 9//9 3//3 4//4
f 15//15 3//3 9//9
f 8//8 239//239 5//5
f 3//3 204//204 189//189
f 28//28 147//147 148//148
f 28//28 148//148 31//31
f 24//24 146//146 147//147
f 24//24 147//147 28//28
f 26//26 91//91 146//146
f 26//26 146//146 24//24
f 68//68 150//150 149//149
f 68//68 149//149 66//66
f 150//150 2970//2970 29//29
f 10//10 11//11 65//65
f 11//11 12//12 19//19
f 31//31 148//148 32//32
f 27//27 19//19 12//12
f 27//27 91//91 26//26
f 46//46 76//76 218//218
f 46//46 218//218 1//1
f 1//1 7//7 13//13
f 62//62 22//22 61//61
f 13//13 25//25 45//45
f 30//30 14//14 17//17
f 30//30 17//17 16//16
f 63//63 9//9 8//8
f 9//9 63//63 30//30
f 64//64 30//30 63//63
f 23//23 28//28 31//31
f 23//23 31//31 17//17
f 21//21 24//24 28//28
f 21//21 28//28 23//23
f 26//26 24//24 21//21
f 22//22 23//23 17//17
f 21//21 23//23 22//22
f 20//20 26//26 21//21
f 33//33 27//27 26//26
f 33//33 26//26 20//20
f 19//19 27//27 33//33
f 21//21 22//22 62//62
f 60//60 19//19 33//33
f 65//65 11//11 19//19
f 65//65 19//19 60//60
f 25//25 18//18 3140//3140
f 17//17 31//31 16//16
f 14//14 22//22 17//17
f 14//14 30//30 64//64
f 10//10 12//12 11//11
f 84//84 67//67 149//149
f 66//66 149//149 67//67
f 10//10 84//84 83//83
f 7//7 96//96 13//13
f 13//13 96//96 25//25
f 25//25 96//96 99//99
f 25//25 99//99 18//18
f 13//13 46//46 1//1
f 16//16 15//15 9//9
f 30//30 16//16 9//9
f 32//32 16//16 31//31
f 32//32 15//15 16//16
f 62//62 34//34 21//21
f 21//21 34//34 20//20
f 5//5 6//6 39//39
f 2984//2984 84//84 10//10
f 38//38 5//5 39//39
f 35//35 5//5 38//38
f 58//58 62//62 61//61
f 58//58 61//61 57//57
f 58//58 34//34 62//62
f 57//57 61//61 64//64
f 57//57 64//64 56//56
f 2836//2836 35//35 38//38
f 63//63 35//35 2924//2924
f 2924//2924 35//35 2836//2836
f 64//64 63//63 2924//2924
f 2982//2982 65//65 60//60
f 33//33 20//20 59//59
f 59//59 20//20 34//34
f 59//59 34//34 58//58
f 2983//2983 10//10 65//65
f 2983//2983 65//65 2982//2982
f 14//14 64//64 61//61
f 63//63 8//8 35//35
f 2981//2981 60//60 33//33
f 2981//2981 33//33 2980//2980
f 2982//2982 60//60 2981//2981
f 2984//2984 10//10 2983//2983
f 67//67 84//84 2984//2984
f 2978//2978 58//58 2977//2977
f 2979//2979 59//59 58//58
f 2979//2979 58//58 2978//2978
f 2980//2980 33//33 59//59
f 2980//2980 59//59 2979//2979
f 2976//2976 57//57 56//56
f 2977//2977 58//58 57//57
f 2977//2977 57//57 2976//2976
f 37//37 50//50 2864//2864
f 37//37 2864//2864 2861//2861
f 69//69 36//36 50//50
f 69//69 50//50 37//37
f 55//55 42//42 43//43
f 75//75 74//74 42//42
f 75//75 42//42 55//55
f 54//54 55//55 48//48
f 73//73 75//75 55//55
f 73//73 55//55 54//54
f 53//53 54//54 48//48
f 53//53 48//48 47//47
f 72//72 73//73 54//54
f 72//72 54//54 53//53
f 52//52 53//53 47//47
f 52//52 47//47 2860//2860
f 71//71 72//72 53//53
f 71//71 53//53 52//52
f 2939//2939 52//52 2860//2860
f 2939//2939 51//51 2//2
f 2939//2939 2//2 70//70
f 49//49 2//2 51//51
f 49//49 50//50 36//36
f 2938//2938 50//50 49//49
f 2938//2938 2864//2864 50//50
f 76//76 46//46 41//41
f 74//74 76//76 41//41
f 74//74 41//41 42//42
f 37//37 39//39 69//69
f 37//37 2862//2862 39//39
f 55//55 43//43 2941//2941
f 48//48 55//55 2941//2941
f 48//48 2941//2941 2940//2940
f 47//47 48//48 2940//2940
f 2939//2939 2860//2860 3094//3094
f 2932//2932 40//40 44//44
f 44//44 40//40 41//41
f 44//44 41//41 46//46
f 42//42 41//41 40//40
f 42//42 40//40 43//43
f 2862//2862 38//38 39//39
f 2862//2862 2847//2847 38//38
f 2862//2862 37//37 2861//2861
f 2970//2970 150//150 2974//2974
f 2974//2974 150//150 2845//2845
f 2845//2845 68//68 3139//3139
f 2845//2845 150//150 68//68
f 2939//2939 71//71 52//52
f 49//49 51//51 2938//2938
f 39//39 6//6 69//69
f 13//13 2932//2932 46//46
f 13//13 45//45 2932//2932
f 46//46 2932//2932 44//44
f 131//131 297//297 293//293
f 131//131 293//293 105//105
f 143//143 306//306 142//142
f 142//142 306//306 141//141
f 300//300 296//296 117//117
f 297//297 131//131 296//296
f 77//77 315//315 321//321
f 77//77 321//321 295//295
f 145//145 290//290 322//322
f 141//141 302//302 140//140
f 140//140 302//302 320//320
f 144//144 77//77 295//295
f 336//336 78//78 139//139
f 336//336 139//139 338//338
f 338//338 139//139 293//293
f 338//338 293//293 339//339
f 105//105 293//293 139//139
f 105//105 139//139 104//104
f 136//136 81//81 138//138
f 136//136 78//78 81//81
f 291//291 292//292 96//96
f 145//145 322//322 315//315
f 77//77 145//145 315//315
f 77//77 144//144 145//145
f 204//204 15//15 80//80
f 204//204 80//80 79//79
f 78//78 336//336 81//81
f 82//82 138//138 81//81
f 82//82 79//79 138//138
f 79//79 80//80 138//138
f 99//99 96//96 4259//4259
f 27//27 12//12 90//90
f 90//90 12//12 137//137
f 148//148 147//147 94//94
f 148//148 94//94 98//98
f 147//147 146//146 94//94
f 99//99 4259//4259 4261//4261
f 32//32 97//97 80//80
f 32//32 80//80 15//15
f 32//32 148//148 98//98
f 32//32 98//98 97//97
f 144//144 111//111 145//145
f 292//292 290//290 95//95
f 85//85 93//93 133//133
f 85//85 133//133 132//132
f 4259//4259 96//96 95//95
f 86//86 87//87 88//88
f 134//134 87//87 135//135
f 95//95 96//96 292//292
f 98//98 94//94 89//89
f 94//94 146//146 92//92
f 146//146 91//91 92//92
f 89//89 94//94 93//93
f 89//89 93//93 85//85
f 94//94 92//92 93//93
f 91//91 27//27 100//100
f 27//27 90//90 100//100
f 93//93 92//92 101//101
f 93//93 101//101 133//133
f 92//92 91//91 102//102
f 92//92 102//102 101//101
f 91//91 100//100 102//102
f 88//88 97//97 86//86
f 86//86 97//97 98//98
f 86//86 98//98 89//89
f 85//85 86//86 89//89
f 87//87 134//134 138//138
f 87//87 138//138 88//88
f 135//135 87//87 86//86
f 135//135 86//86 85//85
f 149//149 4096//4096 84//84
f 83//83 12//12 10//10
f 12//12 83//83 137//137
f 99//99 4261//4261 4260//4260
f 29//29 99//99 4260//4260
f 145//145 111//111 95//95
f 88//88 138//138 80//80
f 88//88 80//80 97//97
f 124//124 100//100 90//90
f 137//137 124//124 90//90
f 78//78 103//103 139//139
f 83//83 84//84 126//126
f 83//83 4095//4095 125//125
f 104//104 139//139 103//103
f 132//132 133//133 120//120
f 132//132 120//120 119//119
f 133//133 101//101 121//121
f 133//133 121//121 120//120
f 135//135 132//132 119//119
f 135//135 119//119 4237//4237
f 103//103 4109//4109 104//104
f 103//103 136//136 134//134
f 4109//4109 103//103 134//134
f 4109//4109 134//134 4197//4197
f 134//134 135//135 4197//4197
f 137//137 125//125 124//124
f 102//102 100//100 123//123
f 102//102 123//123 122//122
f 100//100 124//124 123//123
f 101//101 102//102 122//122
f 101//101 122//122 121//121
f 4098//4098 126//126 4096//4096
f 126//126 84//84 4096//4096
f 137//137 83//83 125//125
f 135//135 85//85 132//132
f 103//103 78//78 136//136
f 83//83 126//126 4095//4095
f 120//120 121//121 4240//4240
f 120//120 4240//4240 4239//4239
f 121//121 122//122 4241//4241
f 121//121 4241//4241 4240//4240
f 122//122 123//123 4241//4241
f 4237//4237 119//119 4238//4238
f 119//119 120//120 4239//4239
f 119//119 4239//4239 4238//4238
f 4209//4209 118//118 115//115
f 4209//4209 115//115 4144//4144
f 118//118 131//131 105//105
f 118//118 105//105 115//115
f 108//108 295//295 143//143
f 108//108 143//143 114//114
f 114//114 143//143 142//142
f 114//114 142//142 113//113
f 113//113 141//141 112//112
f 113//113 142//142 141//141
f 112//112 141//141 140//140
f 112//112 140//140 106//106
f 106//106 140//140 129//129
f 106//106 129//129 4212//4212
f 300//300 130//130 129//129
f 300//300 129//129 320//320
f 130//130 4210//4210 4212//4212
f 130//130 4212//4212 129//129
f 4210//4210 130//130 116//116
f 300//300 117//117 130//130
f 131//131 118//118 117//117
f 118//118 116//116 117//117
f 118//118 4209//4209 116//116
f 111//111 144//144 109//109
f 109//109 144//144 295//295
f 109//109 295//295 108//108
f 104//104 115//115 105//105
f 104//104 107//107 115//115
f 4201//4201 108//108 114//114
f 4201//4201 114//114 4352//4352
f 4352//4352 114//114 113//113
f 4352//4352 113//113 4353//4353
f 4353//4353 113//113 112//112
f 4353//4353 112//112 4126//4126
f 4126//4126 112//112 106//106
f 4127//4127 106//106 4212//4212
f 4127//4127 4212//4212 4355//4355
f 4146//4146 4259//4259 95//95
f 109//109 4202//4202 110//110
f 4202//4202 4351//4351 4146//4146
f 4202//4202 4146//4146 110//110
f 109//109 110//110 111//111
f 4202//4202 109//109 108//108
f 4202//4202 108//108 4201//4201
f 4192//4192 104//104 4109//4109
f 115//115 107//107 4144//4144
f 107//107 104//104 4192//4192
f 150//150 29//29 4398//4398
f 150//150 4105//4105 127//127
f 128//128 127//127 4106//4106
f 149//149 150//150 127//127
f 149//149 127//127 128//128
f 4096//4096 149//149 128//128
f 130//130 117//117 116//116
f 4146//4146 95//95 110//110
f 150//150 4398//4398 4105//4105
f 190//190 212//212 171//171
f 212//212 205//205 176//176
f 222//222 223//223 253//253
f 231//231 234//234 232//232
f 234//234 229//229 230//230
f 236//236 227//227 237//237
f 321//321 315//315 294//294
f 176//176 309//309 281//281
f 325//325 324//324 358//358
f 338//338 339//339 328//328
f 338//338 328//328 336//336
f 329//329 729//729 718//718
f 328//328 308//308 336//336
f 326//326 327//327 323//323
f 507//507 168//168 449//449
f 507//507 449//449 450//450
f 155//155 361//361 374//374
f 155//155 374//374 375//375
f 153//153 211//211 155//155
f 163//163 451//451 452//452
f 163//163 452//452 445//445
f 157//157 437//437 451//451
f 157//157 451//451 163//163
f 183//183 168//168 507//507
f 168//168 167//167 448//448
f 168//168 448//448 449//449
f 183//183 166//166 167//167
f 183//183 167//167 168//168
f 208//208 178//178 166//166
f 208//208 166//166 183//183
f 167//167 165//165 447//447
f 167//167 447//447 448//448
f 166//166 159//159 165//165
f 166//166 165//165 167//167
f 178//178 159//159 166//166
f 165//165 164//164 446//446
f 165//165 446//446 447//447
f 159//159 158//158 164//164
f 159//159 164//164 165//165
f 162//162 163//163 445//445
f 162//162 445//445 444//444
f 162//162 157//157 163//163
f 161//161 162//162 444//444
f 161//161 444//444 443//443
f 160//160 162//162 161//161
f 160//160 181//181 162//162
f 439//439 242//242 548//548
f 181//181 169//169 157//157
f 181//181 157//157 162//162
f 157//157 169//169 438//438
f 157//157 438//438 437//437
f 453//453 374//374 361//361
f 220//220 156//156 154//154
f 154//154 156//156 153//153
f 155//155 211//211 361//361
f 151//151 155//155 375//375
f 155//155 154//154 153//153
f 151//151 154//154 155//155
f 211//211 213//213 152//152
f 361//361 567//567 453//453
f 154//154 151//151 220//220
f 360//360 212//212 176//176
f 212//212 170//170 171//171
f 360//360 317//317 170//170
f 360//360 170//170 212//212
f 203//203 174//174 175//175
f 171//171 174//174 203//203
f 156//156 202//202 175//175
f 156//156 175//175 173//173
f 174//174 173//173 175//175
f 174//174 172//172 173//173
f 171//171 170//170 172//172
f 171//171 172//172 174//174
f 213//213 172//172 170//170
f 213//213 170//170 152//152
f 156//156 173//173 153//153
f 220//220 236//236 156//156
f 201//201 193//193 74//74
f 255//255 201//201 216//216
f 200//200 255//255 216//216
f 199//199 200//200 214//214
f 198//198 199//199 214//214
f 193//193 257//257 74//74
f 187//187 191//191 210//210
f 244//244 219//219 177//177
f 190//190 204//204 206//206
f 190//190 206//206 205//205
f 206//206 310//310 205//205
f 208//208 244//244 177//177
f 254//254 182//182 193//193
f 255//255 200//200 256//256
f 182//182 257//257 193//193
f 177//177 219//219 186//186
f 256//256 200//200 199//199
f 203//203 190//190 171//171
f 190//190 203//203 189//189
f 189//189 204//204 190//190
f 189//189 203//203 188//188
f 202//202 203//203 175//175
f 188//188 203//203 202//202
f 188//188 202//202 238//238
f 241//241 224//224 195//195
f 241//241 195//195 192//192
f 254//254 193//193 201//201
f 255//255 254//254 201//201
f 198//198 197//197 258//258
f 198//198 258//258 243//243
f 196//196 197//197 194//194
f 259//259 258//258 197//197
f 259//259 197//197 196//196
f 196//196 195//195 224//224
f 196//196 224//224 259//259
f 194//194 36//36 195//195
f 194//194 195//195 196//196
f 177//177 186//186 252//252
f 187//187 252//252 186//186
f 245//245 180//180 179//179
f 245//245 179//179 439//439
f 169//169 185//185 180//180
f 169//169 180//180 245//245
f 169//169 181//181 185//185
f 181//181 246//246 185//185
f 248//248 246//246 181//181
f 160//160 248//248 181//181
f 179//179 250//250 242//242
f 179//179 242//242 439//439
f 180//180 249//249 179//179
f 179//179 249//249 250//250
f 208//208 177//177 178//178
f 251//251 178//178 252//252
f 362//362 507//507 754//754
f 362//362 183//183 507//507
f 207//207 183//183 362//362
f 291//291 219//219 311//311
f 311//311 219//219 244//244
f 244//244 208//208 207//207
f 164//164 161//161 443//443
f 164//164 443//443 446//446
f 158//158 209//209 161//161
f 158//158 161//161 164//164
f 209//209 160//160 161//161
f 209//209 247//247 248//248
f 209//209 248//248 160//160
f 210//210 191//191 257//257
f 191//191 218//218 257//257
f 316//316 361//361 211//211
f 152//152 316//316 211//211
f 190//190 205//205 212//212
f 211//211 153//153 213//213
f 213//213 153//153 173//173
f 213//213 173//173 172//172
f 198//198 2//2 197//197
f 49//49 194//194 197//197
f 49//49 197//197 2//2
f 214//214 200//200 215//215
f 215//215 200//200 216//216
f 74//74 257//257 217//217
f 218//218 217//217 257//257
f 187//187 186//186 1//1
f 7//7 1//1 186//186
f 7//7 186//186 219//219
f 242//242 221//221 540//540
f 242//242 540//540 548//548
f 221//221 231//231 538//538
f 221//221 538//538 540//540
f 236//236 220//220 227//227
f 230//230 229//229 224//224
f 230//230 224//224 241//241
f 240//240 239//239 226//226
f 238//238 202//202 239//239
f 250//250 253//253 223//223
f 223//223 222//222 231//231
f 223//223 231//231 221//221
f 250//250 223//223 221//221
f 250//250 221//221 242//242
f 229//229 234//234 231//231
f 229//229 231//231 222//222
f 156//156 236//236 202//202
f 230//230 241//241 240//240
f 233//233 232//232 234//234
f 228//228 536//536 535//535
f 220//220 537//537 536//536
f 220//220 536//536 227//227
f 231//231 232//232 538//538
f 227//227 536//536 228//228
f 227//227 228//228 237//237
f 230//230 235//235 234//234
f 240//240 226//226 225//225
f 240//240 225//225 230//230
f 230//230 225//225 235//235
f 225//225 226//226 235//235
f 234//234 228//228 233//233
f 234//234 235//235 237//237
f 234//234 237//237 228//228
f 226//226 237//237 235//235
f 239//239 202//202 226//226
f 236//236 226//226 202//202
f 535//535 233//233 228//228
f 237//237 226//226 236//236
f 204//204 79//79 206//206
f 207//207 208//208 183//183
f 199//199 198//198 243//243
f 187//187 210//210 252//252
f 185//185 184//184 256//256
f 185//185 256//256 180//180
f 439//439 438//438 245//245
f 169//169 245//245 438//438
f 246//246 182//182 184//184
f 246//246 184//184 185//185
f 178//178 251//251 159//159
f 251//251 247//247 158//158
f 251//251 158//158 159//159
f 248//248 182//182 246//246
f 180//180 256//256 199//199
f 180//180 199//199 249//249
f 249//249 199//199 243//243
f 249//249 243//243 250//250
f 251//251 252//252 210//210
f 251//251 210//210 247//247
f 178//178 177//177 252//252
f 247//247 209//209 158//158
f 247//247 210//210 248//248
f 250//250 243//243 253//253
f 254//254 184//184 182//182
f 255//255 256//256 184//184
f 255//255 184//184 254//254
f 182//182 248//248 257//257
f 210//210 257//257 248//248
f 243//243 258//258 253//253
f 259//259 222//222 253//253
f 259//259 253//253 258//258
f 259//259 224//224 229//229
f 259//259 229//229 222//222
f 643//643 276//276 698//698
f 274//274 277//277 207//207
f 642//642 275//275 276//276
f 642//642 276//276 643//643
f 568//568 260//260 569//569
f 645//645 644//644 269//269
f 645//645 269//269 638//638
f 644//644 629//629 264//264
f 644//644 264//264 269//269
f 275//275 274//274 276//276
f 641//641 273//273 275//275
f 641//641 275//275 642//642
f 273//273 272//272 274//274
f 273//273 274//274 275//275
f 272//272 287//287 277//277
f 272//272 277//277 274//274
f 640//640 271//271 273//273
f 640//640 273//273 641//641
f 271//271 267//267 272//272
f 271//271 272//272 273//273
f 267//267 287//287 272//272
f 639//639 270//270 271//271
f 639//639 271//271 640//640
f 270//270 266//266 267//267
f 270//270 267//267 271//271
f 638//638 269//269 268//268
f 638//638 268//268 637//637
f 269//269 264//264 265//265
f 269//269 265//265 268//268
f 637//637 268//268 312//312
f 637//637 312//312 636//636
f 268//268 265//265 313//313
f 268//268 313//313 312//312
f 265//265 352//352 263//263
f 265//265 263//263 313//313
f 734//734 340//340 282//282
f 734//734 282//282 632//632
f 264//264 351//351 352//352
f 264//264 352//352 265//265
f 630//630 351//351 264//264
f 630//630 264//264 629//629
f 260//260 568//568 566//566
f 260//260 566//566 567//567
f 262//262 335//335 733//733
f 316//316 318//318 260//260
f 260//260 318//318 261//261
f 260//260 261//261 569//569
f 262//262 261//261 318//318
f 733//733 261//261 262//262
f 733//733 570//570 261//261
f 570//570 569//569 261//261
f 281//281 360//360 176//176
f 317//317 360//360 281//281
f 280//280 279//279 309//309
f 279//279 281//281 309//309
f 280//280 308//308 335//335
f 280//280 335//335 278//278
f 280//280 278//278 279//279
f 278//278 319//319 279//279
f 319//319 317//317 281//281
f 319//319 281//281 279//279
f 317//317 319//319 318//318
f 317//317 318//318 316//316
f 278//278 335//335 262//262
f 295//295 344//344 307//307
f 295//295 307//307 143//143
f 143//143 307//307 306//306
f 321//321 294//294 344//344
f 321//321 344//344 295//295
f 291//291 311//311 292//292
f 310//310 79//79 309//309
f 310//310 206//206 79//79
f 205//205 310//310 176//176
f 342//342 207//207 277//277
f 342//342 244//244 207//207
f 303//303 305//305 350//350
f 345//345 283//283 341//341
f 345//345 341//341 301//301
f 346//346 286//286 344//344
f 345//345 303//303 350//350
f 345//345 350//350 283//283
f 309//309 79//79 82//82
f 308//308 280//280 81//81
f 280//280 82//82 81//81
f 297//297 337//337 339//339
f 297//297 339//339 293//293
f 344//344 343//343 307//307
f 307//307 343//343 305//305
f 307//307 305//305 306//306
f 306//306 305//305 303//303
f 306//306 303//303 304//304
f 304//304 303//303 345//345
f 304//304 345//345 302//302
f 320//320 302//302 345//345
f 320//320 345//345 301//301
f 299//299 300//300 320//320
f 299//299 320//320 301//301
f 300//300 299//299 298//298
f 300//300 298//298 296//296
f 337//337 297//297 298//298
f 297//297 296//296 298//298
f 294//294 346//346 344//344
f 311//311 342//342 347//347
f 311//311 347//347 292//292
f 82//82 280//280 309//309
f 290//290 292//292 347//347
f 290//290 347//347 349//349
f 290//290 349//349 348//348
f 290//290 348//348 322//322
f 284//284 350//350 289//289
f 284//284 289//289 351//351
f 285//285 352//352 351//351
f 285//285 351//351 289//289
f 353//353 342//342 277//277
f 285//285 314//314 263//263
f 285//285 263//263 352//352
f 282//282 283//283 350//350
f 282//282 350//350 284//284
f 356//356 283//283 282//282
f 356//356 282//282 340//340
f 353//353 354//354 349//349
f 698//698 276//276 362//362
f 698//698 362//362 754//754
f 276//276 274//274 362//362
f 274//274 207//207 362//362
f 311//311 244//244 342//342
f 712//712 312//312 270//270
f 712//712 270//270 639//639
f 636//636 312//312 712//712
f 312//312 313//313 266//266
f 312//312 266//266 270//270
f 313//313 355//355 266//266
f 313//313 263//263 355//355
f 263//263 314//314 355//355
f 346//346 357//357 286//286
f 294//294 322//322 348//348
f 294//294 348//348 346//346
f 294//294 315//315 322//322
f 567//567 361//361 260//260
f 316//316 260//260 361//361
f 170//170 317//317 316//316
f 170//170 316//316 152//152
f 176//176 310//310 309//309
f 278//278 262//262 318//318
f 278//278 318//318 319//319
f 304//304 302//302 141//141
f 306//306 304//304 141//141
f 730//730 325//325 340//340
f 730//730 340//340 734//734
f 729//729 325//325 730//730
f 327//327 335//335 323//323
f 733//733 335//335 327//327
f 337//337 329//329 330//330
f 337//337 330//330 339//339
f 299//299 301//301 341//341
f 299//299 341//341 358//358
f 299//299 358//358 359//359
f 299//299 359//359 298//298
f 337//337 298//298 359//359
f 325//325 358//358 356//356
f 325//325 356//356 340//340
f 729//729 324//324 325//325
f 729//729 329//329 324//324
f 308//308 323//323 335//335
f 339//339 330//330 328//328
f 332//332 330//330 329//329
f 333//333 329//329 718//718
f 728//728 725//725 331//331
f 725//725 727//727 733//733
f 332//332 329//329 333//333
f 331//331 725//725 327//327
f 725//725 733//733 327//327
f 332//332 333//333 334//334
f 334//334 330//330 332//332
f 326//326 328//328 330//330
f 326//326 330//330 334//334
f 728//728 331//331 333//333
f 331//331 327//327 334//334
f 331//331 334//334 333//333
f 327//327 326//326 334//334
f 308//308 328//328 326//326
f 326//326 323//323 308//308
f 308//308 81//81 336//336
f 350//350 288//288 289//289
f 630//630 632//632 282//282
f 630//630 282//282 284//284
f 630//630 284//284 351//351
f 288//288 286//286 285//285
f 288//288 285//285 289//289
f 287//287 353//353 277//277
f 354//354 353//353 287//287
f 354//354 287//287 267//267
f 266//266 355//355 354//354
f 266//266 354//354 267//267
f 286//286 314//314 285//285
f 341//341 283//283 356//356
f 357//357 348//348 354//354
f 357//357 354//354 355//355
f 349//349 347//347 353//353
f 347//347 342//342 353//353
f 349//349 354//354 348//348
f 357//357 355//355 314//314
f 286//286 357//357 314//314
f 346//346 348//348 357//357
f 358//358 341//341 356//356
f 286//286 288//288 343//343
f 286//286 343//343 344//344
f 288//288 350//350 305//305
f 288//288 305//305 343//343
f 358//358 324//324 359//359
f 329//329 337//337 359//359
f 329//329 359//359 324//324
f 404//404 513//513 411//411
f 1326//1326 471//471 1322//1322
f 477//477 1322//1322 471//471
f 461//461 454//454 374//374
f 431//431 460//460 453//453
f 450//450 407//407 411//411
f 429//429 1266//1266 1397//1397
f 376//376 377//377 385//385
f 393//393 1295//1295 391//391
f 480//480 512//512 504//504
f 412//412 409//409 413//413
f 515//515 1336//1336 1291//1291
f 407//407 403//403 404//404
f 450//450 449//449 407//407
f 484//484 376//376 519//519
f 1390//1390 533//533 542//542
f 528//528 529//529 530//530
f 525//525 531//531 540//540
f 540//540 538//538 539//539
f 537//537 220//220 546//546
f 704//704 603//603 608//608
f 2219//2219 2203//2203 671//671
f 563//563 657//657 661//661
f 657//657 2169//2169 693//693
f 693//693 661//661 657//657
f 562//562 657//657 563//563
f 576//576 573//573 577//577
f 751//751 625//625 624//624
f 602//602 643//643 608//608
f 622//622 620//620 619//619
f 2123//2123 669//669 614//614
f 2228//2228 2201//2201 571//571
f 686//686 683//683 685//685
f 689//689 696//696 668//668
f 696//696 702//702 667//667
f 708//708 609//609 610//610
f 598//598 602//602 603//603
f 642//642 643//643 602//602
f 721//721 2215//2215 722//722
f 733//733 727//727 570//570
f 723//723 719//719 730//730
f 565//565 570//570 724//724
f 520//520 368//368 756//756
f 520//520 756//756 758//758
f 492//492 369//369 368//368
f 492//492 368//368 520//520
f 490//490 559//559 801//801
f 495//495 371//371 370//370
f 488//488 371//371 495//495
f 486//486 487//487 488//488
f 462//462 435//435 436//436
f 462//462 424//424 432//432
f 436//436 424//424 462//462
f 372//372 521//521 522//522
f 505//505 510//510 504//504
f 510//510 410//410 480//480
f 510//510 480//480 504//504
f 498//498 497//497 367//367
f 507//507 450//450 411//411
f 507//507 411//411 506//506
f 431//431 453//453 751//751
f 751//751 384//384 431//431
f 583//583 384//384 751//751
f 382//382 381//381 522//522
f 383//383 753//753 580//580
f 383//383 580//580 381//381
f 508//508 509//509 413//413
f 508//508 413//413 414//414
f 508//508 414//414 510//510
f 511//511 513//513 412//412
f 506//506 411//411 513//513
f 506//506 513//513 511//511
f 514//514 408//408 412//412
f 514//514 412//412 513//513
f 383//383 752//752 753//753
f 752//752 417//417 557//557
f 752//752 557//557 583//583
f 752//752 383//383 417//417
f 381//381 382//382 418//418
f 381//381 418//418 383//383
f 518//518 485//485 376//376
f 519//519 482//482 484//484
f 369//369 518//518 484//484
f 482//482 369//369 484//484
f 369//369 482//482 368//368
f 756//756 481//481 483//483
f 756//756 368//368 481//481
f 483//483 800//800 756//756
f 522//522 521//521 1331//1331
f 406//406 397//397 500//500
f 498//498 503//503 497//497
f 476//476 478//478 497//497
f 476//476 497//497 503//503
f 478//478 487//487 486//486
f 478//478 486//486 497//497
f 478//478 477//477 487//487
f 487//487 477//477 473//473
f 487//487 473//473 488//488
f 1326//1326 1313//1313 471//471
f 1283//1283 389//389 470//470
f 474//474 380//380 370//370
f 474//474 370//370 371//371
f 472//472 475//475 380//380
f 472//472 380//380 474//474
f 470//470 390//390 475//475
f 470//470 475//475 472//472
f 389//389 387//387 390//390
f 389//389 390//390 470//470
f 475//475 469//469 379//379
f 475//475 379//379 380//380
f 390//390 469//469 475//475
f 473//473 474//474 371//371
f 473//473 371//371 488//488
f 471//471 472//472 474//474
f 471//471 474//474 473//473
f 1313//1313 470//470 472//472
f 1313//1313 472//472 471//471
f 1283//1283 470//470 1313//1313
f 379//379 469//469 468//468
f 469//469 378//378 468//468
f 468//468 485//485 559//559
f 378//378 377//377 485//485
f 378//378 485//485 468//468
f 553//553 430//430 459//459
f 553//553 465//465 430//430
f 464//464 432//432 465//465
f 455//455 463//463 467//467
f 466//466 433//433 463//463
f 466//466 463//463 455//455
f 554//554 433//433 466//466
f 464//464 462//462 432//432
f 467//467 463//463 462//462
f 467//467 462//462 464//464
f 430//430 465//465 428//428
f 151//151 547//547 546//546
f 151//151 546//546 220//220
f 453//453 461//461 374//374
f 374//374 454//454 373//373
f 374//374 373//373 375//375
f 453//453 460//460 461//461
f 527//527 459//459 526//526
f 457//457 458//458 527//527
f 547//547 456//456 457//457
f 373//373 456//456 547//547
f 460//460 466//466 461//461
f 445//445 452//452 415//415
f 445//445 415//415 393//393
f 442//442 388//388 415//415
f 442//442 415//415 452//452
f 451//451 441//441 442//442
f 451//451 442//442 452//452
f 437//437 440//440 441//441
f 437//437 441//441 451//451
f 437//437 438//438 439//439
f 437//437 439//439 440//440
f 449//449 448//448 403//403
f 449//449 403//403 407//407
f 448//448 447//447 398//398
f 448//448 398//398 403//403
f 447//447 446//446 394//394
f 447//447 394//394 398//398
f 444//444 445//445 393//393
f 444//444 393//393 391//391
f 443//443 444//444 391//391
f 443//443 391//391 517//517
f 442//442 552//552 551//551
f 442//442 551//551 388//388
f 441//441 550//550 552//552
f 441//441 552//552 442//442
f 440//440 549//549 550//550
f 440//440 550//550 441//441
f 439//439 548//548 549//549
f 439//439 549//549 440//440
f 751//751 453//453 567//567
f 436//436 435//435 420//420
f 435//435 434//434 420//420
f 434//434 1306//1306 420//420
f 434//434 555//555 1306//1306
f 434//434 416//416 555//555
f 554//554 434//434 435//435
f 554//554 435//435 433//433
f 557//557 434//434 554//554
f 557//557 416//416 434//434
f 459//459 430//430 1397//1397
f 428//428 465//465 432//432
f 384//384 460//460 431//431
f 459//459 1397//1397 1400//1400
f 430//430 429//429 1397//1397
f 432//432 426//426 428//428
f 430//430 428//428 429//429
f 429//429 427//427 1265//1265
f 428//428 426//426 427//427
f 428//428 427//427 429//429
f 427//427 425//425 1264//1264
f 427//427 1264//1264 1265//1265
f 426//426 425//425 427//427
f 426//426 424//424 425//425
f 425//425 423//423 1264//1264
f 424//424 422//422 423//423
f 424//424 423//423 425//425
f 423//423 422//422 1166//1166
f 422//422 421//421 1166//1166
f 422//422 436//436 421//421
f 424//424 436//436 422//422
f 1166//1166 421//421 1401//1401
f 436//436 420//420 421//421
f 421//421 1306//1306 1401//1401
f 385//385 1372//1372 376//376
f 419//419 382//382 1272//1272
f 418//418 382//382 419//419
f 417//417 383//383 418//418
f 555//555 1304//1304 1306//1306
f 416//416 417//417 556//556
f 393//393 415//415 1300//1300
f 393//393 1300//1300 1295//1295
f 388//388 1277//1277 1300//1300
f 388//388 1300//1300 415//415
f 410//410 405//405 406//406
f 410//410 414//414 405//405
f 409//409 408//408 501//501
f 515//515 408//408 400//400
f 405//405 501//501 406//406
f 501//501 401//401 402//402
f 515//515 400//400 396//396
f 515//515 396//396 1336//1336
f 403//403 398//398 399//399
f 403//403 399//399 404//404
f 402//402 401//401 1297//1297
f 516//516 396//396 400//400
f 398//398 394//394 395//395
f 398//398 395//395 399//399
f 401//401 1291//1291 1297//1297
f 391//391 1295//1295 1296//1296
f 391//391 1296//1296 1294//1294
f 517//517 391//391 1294//1294
f 517//517 1294//1294 392//392
f 387//387 386//386 469//469
f 387//387 469//469 390//390
f 378//378 385//385 377//377
f 1209//1209 389//389 1283//1283
f 388//388 551//551 1393//1393
f 388//388 1393//1393 1277//1277
f 1272//1272 382//382 522//522
f 1272//1272 522//522 1331//1331
f 1208//1208 1240//1240 387//387
f 1208//1208 387//387 389//389
f 1240//1240 386//386 387//387
f 1240//1240 1239//1239 386//386
f 386//386 1236//1236 378//378
f 1239//1239 1236//1236 386//386
f 1236//1236 385//385 378//378
f 1236//1236 1369//1369 385//385
f 1230//1230 1208//1208 389//389
f 1230//1230 389//389 1209//1209
f 1231//1231 1208//1208 1230//1230
f 379//379 489//489 370//370
f 379//379 370//370 380//380
f 468//468 490//490 489//489
f 468//468 489//489 379//379
f 559//559 490//490 468//468
f 378//378 469//469 386//386
f 376//376 485//485 377//377
f 151//151 375//375 373//373
f 151//151 373//373 547//547
f 488//488 502//502 486//486
f 502//502 496//496 486//486
f 502//502 493//493 759//759
f 779//779 502//502 759//759
f 684//684 502//502 779//779
f 759//759 493//493 776//776
f 759//759 776//776 785//785
f 494//494 777//777 776//776
f 494//494 776//776 493//493
f 495//495 493//493 502//502
f 495//495 502//502 488//488
f 370//370 494//494 493//493
f 370//370 493//493 495//495
f 489//489 780//780 494//494
f 489//489 494//494 370//370
f 490//490 780//780 489//489
f 801//801 780//780 490//490
f 520//520 766//766 492//492
f 496//496 502//502 684//684
f 496//496 497//497 486//486
f 497//497 496//496 367//367
f 498//498 367//367 363//363
f 512//512 499//499 498//498
f 514//514 516//516 400//400
f 514//514 400//400 408//408
f 406//406 500//500 479//479
f 499//499 476//476 503//503
f 1323//1323 1322//1322 476//476
f 1322//1322 478//478 476//476
f 1322//1322 477//477 478//478
f 471//471 473//473 477//477
f 1323//1323 476//476 479//479
f 1323//1323 479//479 500//500
f 408//408 409//409 412//412
f 402//402 397//397 406//406
f 402//402 406//406 501//501
f 413//413 409//409 405//405
f 413//413 405//405 414//414
f 480//480 499//499 512//512
f 503//503 498//498 499//499
f 504//504 512//512 689//689
f 754//754 507//507 506//506
f 754//754 506//506 755//755
f 508//508 365//365 509//509
f 508//508 510//510 505//505
f 365//365 364//364 511//511
f 365//365 511//511 509//509
f 755//755 506//506 511//511
f 755//755 511//511 364//364
f 479//479 476//476 499//499
f 512//512 498//498 689//689
f 479//479 499//499 480//480
f 402//402 1297//1297 397//397
f 409//409 501//501 405//405
f 480//480 406//406 479//479
f 410//410 406//406 480//480
f 407//407 404//404 411//411
f 410//410 510//510 414//414
f 501//501 408//408 515//515
f 501//501 515//515 401//401
f 1291//1291 401//401 515//515
f 412//412 413//413 509//509
f 412//412 509//509 511//511
f 516//516 404//404 399//399
f 516//516 399//399 395//395
f 516//516 395//395 396//396
f 1150//1150 392//392 1294//1294
f 1150//1150 1294//1294 1334//1334
f 404//404 516//516 514//514
f 404//404 514//514 513//513
f 395//395 392//392 396//396
f 392//392 1150//1150 396//396
f 394//394 517//517 392//392
f 394//394 392//392 395//395
f 446//446 443//443 517//517
f 446//446 517//517 394//394
f 396//396 1150//1150 1336//1336
f 518//518 376//376 484//484
f 1372//1372 519//519 376//376
f 518//518 369//369 491//491
f 492//492 491//491 369//369
f 492//492 801//801 491//491
f 481//481 482//482 519//519
f 368//368 482//482 481//481
f 372//372 522//522 366//366
f 739//739 521//521 372//372
f 757//757 521//521 739//739
f 381//381 580//580 366//366
f 381//381 366//366 522//522
f 524//524 532//532 541//541
f 524//524 541//541 523//523
f 524//524 531//531 525//525
f 524//524 525//525 532//532
f 552//552 524//524 523//523
f 552//552 523//523 551//551
f 550//550 531//531 524//524
f 550//550 524//524 552//552
f 549//549 531//531 550//550
f 548//548 540//540 531//531
f 548//548 531//531 549//549
f 523//523 541//541 1392//1392
f 523//523 1392//1392 1394//1394
f 533//533 1390//1390 1391//1391
f 551//551 523//523 1394//1394
f 551//551 1394//1394 1393//1393
f 542//542 526//526 1400//1400
f 528//528 542//542 533//533
f 525//525 529//529 532//532
f 539//539 529//529 525//525
f 540//540 539//539 525//525
f 534//534 457//457 527//527
f 528//528 526//526 542//542
f 543//543 527//527 526//526
f 534//534 527//527 543//543
f 526//526 528//528 530//530
f 545//545 529//529 539//539
f 534//534 537//537 546//546
f 543//543 544//544 537//537
f 543//543 537//537 534//534
f 530//530 529//529 545//545
f 532//532 528//528 533//533
f 546//546 547//547 457//457
f 546//546 457//457 534//534
f 539//539 538//538 232//232
f 232//232 233//233 545//545
f 232//232 545//545 539//539
f 535//535 544//544 545//545
f 544//544 535//535 536//536
f 541//541 533//533 1391//1391
f 541//541 1391//1391 1392//1392
f 532//532 533//533 541//541
f 543//543 530//530 544//544
f 530//530 545//545 544//544
f 526//526 530//530 543//543
f 544//544 536//536 537//537
f 535//535 545//545 233//233
f 492//492 766//766 801//801
f 796//796 757//757 797//797
f 558//558 800//800 483//483
f 799//799 797//797 757//757
f 796//796 1331//1331 521//521
f 757//757 796//796 521//521
f 458//458 465//465 553//553
f 458//458 464//464 465//465
f 456//456 464//464 458//458
f 467//467 464//464 456//456
f 583//583 557//557 554//554
f 555//555 419//419 1304//1304
f 555//555 556//556 419//419
f 416//416 556//556 555//555
f 527//527 553//553 459//459
f 458//458 553//553 527//527
f 456//456 458//458 457//457
f 373//373 467//467 456//456
f 454//454 455//455 467//467
f 454//454 467//467 373//373
f 461//461 466//466 455//455
f 461//461 455//455 454//454
f 460//460 554//554 466//466
f 526//526 459//459 1400//1400
f 384//384 554//554 460//460
f 384//384 583//583 554//554
f 419//419 1272//1272 1304//1304
f 556//556 418//418 419//419
f 417//417 418//418 556//556
f 557//557 417//417 416//416
f 1306//1306 421//421 420//420
f 558//558 796//796 800//800
f 559//559 491//491 801//801
f 559//559 485//485 518//518
f 385//385 1369//1369 1402//1402
f 559//559 518//518 491//491
f 532//532 529//529 528//528
f 683//683 687//687 561//561
f 683//683 561//561 562//562
f 687//687 678//678 561//561
f 683//683 562//562 563//563
f 685//685 683//683 563//563
f 688//688 679//679 678//678
f 688//688 678//678 687//687
f 849//849 748//748 679//679
f 849//849 679//679 688//688
f 672//672 674//674 682//682
f 672//672 682//682 834//834
f 563//563 662//662 685//685
f 677//677 367//367 496//496
f 677//677 496//496 685//685
f 669//669 738//738 372//372
f 738//738 739//739 372//372
f 667//667 607//607 668//668
f 608//608 643//643 698//698
f 608//608 698//698 697//697
f 751//751 624//624 583//583
f 610//610 700//700 699//699
f 610//610 699//699 606//606
f 607//607 699//699 668//668
f 609//609 704//704 701//701
f 704//704 608//608 697//697
f 704//704 697//697 701//701
f 607//607 606//606 699//699
f 605//605 708//708 610//610
f 609//609 604//604 705//705
f 609//609 705//705 704//704
f 583//583 582//582 752//752
f 582//582 753//753 752//752
f 581//581 746//746 580//580
f 581//581 580//580 753//753
f 746//746 614//614 580//580
f 675//675 2228//2228 572//572
f 670//670 2174//2174 675//675
f 675//675 674//674 672//672
f 675//675 672//672 670//670
f 673//673 670//670 575//575
f 848//848 673//673 575//575
f 2203//2203 2172//2172 673//673
f 2172//2172 2227//2227 670//670
f 2172//2172 670//670 673//673
f 2170//2170 738//738 669//669
f 696//696 667//667 668//668
f 692//692 2144//2144 601//601
f 694//694 665//665 363//363
f 694//694 663//663 664//664
f 694//694 664//664 665//665
f 662//662 661//661 663//663
f 662//662 663//663 694//694
f 662//662 563//563 661//661
f 2159//2159 2169//2169 657//657
f 588//588 2069//2069 2158//2158
f 588//588 2158//2158 655//655
f 561//561 579//579 659//659
f 561//561 659//659 562//562
f 579//579 658//658 659//659
f 579//579 660//660 656//656
f 579//579 656//656 658//658
f 660//660 586//586 655//655
f 660//660 655//655 656//656
f 586//586 588//588 655//655
f 578//578 574//574 660//660
f 578//578 660//660 579//579
f 574//574 586//586 660//660
f 562//562 659//659 657//657
f 659//659 658//658 657//657
f 658//658 656//656 2159//2159
f 658//658 2159//2159 657//657
f 656//656 655//655 2158//2158
f 656//656 2158//2158 2159//2159
f 577//577 573//573 574//574
f 577//577 574//574 578//578
f 576//576 571//571 573//573
f 627//627 743//743 742//742
f 631//631 740//740 627//627
f 740//740 653//653 741//741
f 653//653 654//654 741//741
f 654//654 628//628 745//745
f 653//653 628//628 654//654
f 631//631 626//626 740//740
f 564//564 652//652 568//568
f 564//564 568//568 569//569
f 652//652 651//651 566//566
f 652//652 566//566 568//568
f 751//751 566//566 651//651
f 650//650 625//625 651//651
f 2226//2226 742//742 649//649
f 743//743 648//648 717//717
f 648//648 724//724 717//717
f 724//724 744//744 565//565
f 744//744 647//647 564//564
f 744//744 564//564 565//565
f 647//647 646//646 652//652
f 647//647 652//652 564//564
f 646//646 651//651 652//652
f 651//651 625//625 751//751
f 611//611 645//645 638//638
f 611//611 638//638 2141//2141
f 611//611 2128//2128 635//635
f 611//611 635//635 645//645
f 635//635 634//634 644//644
f 635//635 644//644 645//645
f 634//634 633//633 629//629
f 634//634 629//629 644//644
f 632//632 630//630 629//629
f 632//632 629//629 633//633
f 598//598 641//641 642//642
f 598//598 642//642 602//602
f 596//596 640//640 641//641
f 596//596 641//641 598//598
f 592//592 639//639 640//640
f 592//592 640//640 596//596
f 2141//2141 638//638 637//637
f 2141//2141 637//637 589//589
f 589//589 637//637 636//636
f 589//589 636//636 590//590
f 2217//2217 737//737 635//635
f 2217//2217 635//635 2128//2128
f 737//737 736//736 634//634
f 737//737 634//634 635//635
f 736//736 735//735 633//633
f 736//736 633//633 634//634
f 735//735 734//734 632//632
f 735//735 632//632 633//633
f 566//566 751//751 567//567
f 615//615 676//676 626//626
f 747//747 613//613 676//676
f 747//747 676//676 615//615
f 613//613 587//587 676//676
f 613//613 612//612 587//587
f 676//676 587//587 628//628
f 628//628 587//587 612//612
f 628//628 612//612 624//624
f 623//623 627//627 742//742
f 622//622 627//627 623//623
f 619//619 627//627 622//622
f 631//631 627//627 619//619
f 740//740 626//626 653//653
f 2114//2114 621//621 2115//2115
f 622//622 2115//2115 621//621
f 622//622 623//623 2115//2115
f 2113//2113 620//620 621//621
f 2113//2113 621//621 2114//2114
f 620//620 622//622 621//621
f 2112//2112 618//618 620//620
f 2112//2112 620//620 2113//2113
f 618//618 619//619 620//620
f 618//618 631//631 619//619
f 617//617 618//618 2112//2112
f 617//617 616//616 618//618
f 616//616 626//626 618//618
f 617//617 2025//2025 616//616
f 2221//2221 616//616 2025//2025
f 2221//2221 615//615 616//616
f 615//615 626//626 616//616
f 747//747 615//615 2221//2221
f 572//572 2228//2228 571//571
f 581//581 753//753 582//582
f 582//582 583//583 612//612
f 2123//2123 614//614 746//746
f 581//581 582//582 613//613
f 582//582 612//612 613//613
f 2148//2148 611//611 2141//2141
f 2148//2148 2128//2128 611//611
f 601//601 600//600 606//606
f 601//601 606//606 607//607
f 599//599 604//604 708//708
f 599//599 708//708 605//605
f 601//601 695//695 600//600
f 695//695 595//595 599//599
f 594//594 703//703 709//709
f 597//597 596//596 598//598
f 597//597 598//598 603//603
f 2143//2143 595//595 695//695
f 594//594 707//707 710//710
f 594//594 710//710 703//703
f 593//593 592//592 596//596
f 593//593 596//596 597//597
f 2143//2143 2014//2014 595//595
f 2014//2014 2008//2008 595//595
f 709//709 595//595 2008//2008
f 2142//2142 2141//2141 589//589
f 2142//2142 589//589 2140//2140
f 2140//2140 589//589 590//590
f 2140//2140 590//590 591//591
f 574//574 585//585 586//586
f 573//573 2092//2092 585//585
f 573//573 585//585 574//574
f 2092//2092 573//573 571//571
f 669//669 2123//2123 2170//2170
f 2092//2092 571//571 750//750
f 586//586 584//584 588//588
f 585//585 584//584 586//586
f 585//585 2093//2093 2068//2068
f 585//585 2068//2068 584//584
f 2092//2092 2093//2093 585//585
f 588//588 584//584 2194//2194
f 588//588 2194//2194 2069//2069
f 584//584 2068//2068 2194//2194
f 561//561 678//678 578//578
f 561//561 578//578 579//579
f 678//678 679//679 577//577
f 678//678 577//577 578//578
f 679//679 748//748 576//576
f 679//679 576//576 577//577
f 748//748 749//749 576//576
f 681//681 749//749 680//680
f 560//560 575//575 670//670
f 564//564 569//569 570//570
f 564//564 570//570 565//565
f 685//685 496//496 684//684
f 818//818 686//686 684//684
f 819//819 818//818 684//684
f 819//819 684//684 811//811
f 685//685 684//684 686//686
f 686//686 687//687 683//683
f 686//686 818//818 687//687
f 818//818 817//817 687//687
f 817//817 816//816 688//688
f 817//817 688//688 687//687
f 816//816 849//849 688//688
f 833//833 834//834 682//682
f 677//677 685//685 662//662
f 363//363 690//690 498//498
f 367//367 677//677 363//363
f 706//706 710//710 705//705
f 706//706 705//705 604//604
f 691//691 692//692 666//666
f 691//691 666//666 702//702
f 692//692 601//601 666//666
f 664//664 702//702 696//696
f 664//664 696//696 665//665
f 664//664 693//693 691//691
f 664//664 691//691 702//702
f 677//677 694//694 363//363
f 663//663 693//693 664//664
f 677//677 662//662 694//694
f 661//661 693//693 663//663
f 609//609 708//708 604//604
f 601//601 2144//2144 695//695
f 600//600 605//605 610//610
f 600//600 610//610 606//606
f 690//690 363//363 665//665
f 690//690 665//665 696//696
f 690//690 696//696 689//689
f 689//689 668//668 504//504
f 668//668 505//505 504//504
f 697//697 698//698 754//754
f 697//697 754//754 755//755
f 365//365 508//508 699//699
f 365//365 699//699 700//700
f 668//668 699//699 505//505
f 699//699 508//508 505//505
f 701//701 364//364 365//365
f 701//701 365//365 700//700
f 701//701 697//697 755//755
f 701//701 755//755 364//364
f 498//498 690//690 689//689
f 2144//2144 2143//2143 695//695
f 695//695 599//599 605//605
f 695//695 605//605 600//600
f 666//666 667//667 702//702
f 666//666 601//601 607//607
f 666//666 607//607 667//667
f 603//603 602//602 608//608
f 706//706 604//604 599//599
f 706//706 599//599 595//595
f 710//710 706//706 703//703
f 706//706 595//595 709//709
f 706//706 709//709 703//703
f 700//700 610//610 609//609
f 700//700 609//609 701//701
f 597//597 603//603 710//710
f 593//593 597//597 710//710
f 593//593 710//710 707//707
f 709//709 2008//2008 594//594
f 2007//2007 594//594 2008//2008
f 2140//2140 591//591 2177//2177
f 2140//2140 2177//2177 2178//2178
f 705//705 710//710 603//603
f 705//705 603//603 704//704
f 711//711 707//707 594//594
f 711//711 2177//2177 707//707
f 2177//2177 591//591 593//593
f 2177//2177 593//593 707//707
f 591//591 590//590 592//592
f 591//591 592//592 593//593
f 592//592 712//712 639//639
f 590//590 636//636 712//712
f 590//590 712//712 592//592
f 2007//2007 711//711 594//594
f 572//572 749//749 675//675
f 749//749 681//681 675//675
f 675//675 681//681 674//674
f 681//681 680//680 682//682
f 681//681 682//682 674//674
f 680//680 833//833 682//682
f 672//672 560//560 670//670
f 672//672 834//834 713//713
f 672//672 713//713 560//560
f 834//834 830//830 713//713
f 669//669 372//372 366//366
f 366//366 580//580 614//614
f 366//366 614//614 669//669
f 731//731 716//716 715//715
f 731//731 715//715 714//714
f 719//719 723//723 715//715
f 719//719 715//715 716//716
f 714//714 715//715 737//737
f 714//714 737//737 2217//2217
f 715//715 723//723 736//736
f 715//715 736//736 737//737
f 723//723 735//735 736//736
f 723//723 730//730 734//734
f 723//723 734//734 735//735
f 2226//2226 649//649 722//722
f 731//731 714//714 2218//2218
f 2215//2215 721//721 716//716
f 2215//2215 716//716 2216//2216
f 2218//2218 714//714 2217//2217
f 718//718 729//729 719//719
f 719//719 729//729 730//730
f 720//720 743//743 717//717
f 724//724 726//726 717//717
f 720//720 649//649 743//743
f 721//721 649//649 720//720
f 732//732 720//720 728//728
f 720//720 719//719 721//721
f 721//721 719//719 716//716
f 724//724 570//570 727//727
f 724//724 727//727 726//726
f 727//727 725//725 728//728
f 727//727 728//728 726//726
f 718//718 732//732 333//333
f 2216//2216 716//716 731//731
f 2226//2226 722//722 2215//2215
f 722//722 649//649 721//721
f 726//726 720//720 717//717
f 728//728 720//720 726//726
f 732//732 718//718 719//719
f 333//333 732//732 728//728
f 719//719 720//720 732//732
f 848//848 2203//2203 673//673
f 739//739 738//738 2219//2219
f 803//803 757//757 739//739
f 2219//2219 738//738 2170//2170
f 2219//2219 803//803 739//739
f 2219//2219 671//671 803//803
f 743//743 627//627 648//648
f 627//627 740//740 648//648
f 740//740 741//741 744//744
f 740//740 744//744 648//648
f 741//741 647//647 744//744
f 741//741 654//654 646//646
f 741//741 646//646 647//647
f 654//654 650//650 646//646
f 654//654 745//745 650//650
f 623//623 742//742 2226//2226
f 628//628 624//624 745//745
f 624//624 612//612 583//583
f 747//747 746//746 613//613
f 746//746 581//581 613//613
f 742//742 743//743 649//649
f 648//648 744//744 724//724
f 646//646 650//650 651//651
f 745//745 625//625 650//650
f 745//745 624//624 625//625
f 2123//2123 746//746 747//747
f 848//848 671//671 2203//2203
f 849//849 833//833 680//680
f 680//680 748//748 849//849
f 571//571 576//576 749//749
f 571//571 749//749 572//572
f 750//750 571//571 2201//2201
f 680//680 749//749 748//748
f 424//424 426//426 432//432
f 462//462 463//463 435//435
f 463//463 433//433 435//435
f 626//626 628//628 653//653
f 626//626 676//676 628//628
f 631//631 618//618 626//626
f 787//787 777//777 780//780
f 868//868 769//769 774//774
f 793//793 804//804 788//788
f 771//771 952//952 1006//1006
f 1006//1006 868//868 771//771
f 795//795 791//791 781//781
f 793//793 788//788 794//794
f 804//804 850//850 788//788
f 775//775 787//787 780//780
f 760//760 790//790 761//761
f 766//766 760//760 775//775
f 785//785 812//812 811//811
f 772//772 764//764 763//763
f 792//792 772//772 763//763
f 789//789 790//790 782//782
f 779//779 759//759 785//785
f 779//779 785//785 811//811
f 813//813 792//792 763//763
f 771//771 774//774 770//770
f 768//768 852//852 762//762
f 762//762 851//851 767//767
f 767//767 851//851 861//861
f 868//868 774//774 771//771
f 863//863 773//773 769//769
f 863//863 769//769 868//868
f 773//773 862//862 768//768
f 773//773 768//768 802//802
f 852//852 768//768 862//862
f 946//946 792//792 784//784
f 778//778 772//772 792//792
f 771//771 772//772 778//778
f 774//774 769//769 770//770
f 773//773 761//761 769//769
f 802//802 761//761 773//773
f 768//768 787//787 802//802
f 762//762 787//787 768//768
f 861//861 786//786 767//767
f 860//860 783//783 786//786
f 860//860 786//786 861//861
f 780//780 777//777 494//494
f 801//801 775//775 780//780
f 766//766 775//775 801//801
f 782//782 790//790 760//760
f 850//850 813//813 763//763
f 811//811 684//684 779//779
f 776//776 786//786 785//785
f 786//786 783//783 785//785
f 777//777 767//767 786//786
f 777//777 786//786 776//776
f 777//777 762//762 767//767
f 787//787 762//762 777//777
f 802//802 787//787 775//775
f 760//760 761//761 802//802
f 760//760 802//802 775//775
f 772//772 771//771 764//764
f 813//813 784//784 792//792
f 785//785 783//783 812//812
f 520//520 758//758 782//782
f 758//758 789//789 782//782
f 781//781 789//789 798//798
f 850//850 763//763 788//788
f 520//520 782//782 766//766
f 782//782 760//760 766//766
f 758//758 798//798 789//789
f 798//798 758//758 756//756
f 798//798 756//756 800//800
f 799//799 791//791 795//795
f 799//799 795//795 797//797
f 791//791 765//765 781//781
f 765//765 764//764 770//770
f 763//763 764//764 794//794
f 788//788 763//763 794//794
f 778//778 792//792 946//946
f 853//853 946//946 784//784
f 791//791 793//793 794//794
f 793//793 791//791 799//799
f 791//791 794//794 764//764
f 791//791 764//764 765//765
f 764//764 771//771 770//770
f 769//769 765//765 770//770
f 790//790 769//769 761//761
f 790//790 765//765 769//769
f 789//789 765//765 790//790
f 804//804 799//799 757//757
f 799//799 804//804 793//793
f 797//797 800//800 796//796
f 798//798 795//795 781//781
f 800//800 797//797 795//795
f 800//800 795//795 798//798
f 781//781 765//765 789//789
f 560//560 838//838 575//575
f 835//835 806//806 843//843
f 835//835 850//850 806//806
f 806//806 850//850 804//804
f 671//671 845//845 806//806
f 671//671 806//806 803//803
f 809//809 808//808 815//815
f 817//817 818//818 827//827
f 817//817 827//827 809//809
f 819//819 827//827 818//818
f 808//808 807//807 815//815
f 846//846 831//831 844//844
f 829//829 843//843 844//844
f 813//813 835//835 829//829
f 813//813 829//829 841//841
f 835//835 813//813 850//850
f 849//849 816//816 815//815
f 1010//1010 824//824 823//823
f 1010//1010 823//823 857//857
f 1010//1010 828//828 824//824
f 828//828 1010//1010 853//853
f 823//823 1011//1011 857//857
f 825//825 826//826 821//821
f 820//820 825//825 821//821
f 854//854 822//822 858//858
f 847//847 856//856 1011//1011
f 858//858 826//826 855//855
f 826//826 825//825 859//859
f 825//825 820//820 871//871
f 825//825 871//871 859//859
f 820//820 783//783 860//860
f 820//820 860//860 871//871
f 822//822 810//810 826//826
f 822//822 826//826 858//858
f 810//810 821//821 826//826
f 821//821 812//812 820//820
f 812//812 783//783 820//820
f 817//817 809//809 816//816
f 809//809 815//815 816//816
f 815//815 834//834 833//833
f 834//834 815//815 807//807
f 814//814 829//829 844//844
f 821//821 810//810 819//819
f 821//821 819//819 811//811
f 810//810 822//822 827//827
f 810//810 827//827 819//819
f 822//822 809//809 827//827
f 822//822 854//854 809//809
f 854//854 808//808 809//809
f 808//808 856//856 807//807
f 847//847 836//836 807//807
f 847//847 807//807 856//856
f 844//844 832//832 814//814
f 824//824 832//832 823//823
f 842//842 784//784 841//841
f 828//828 784//784 842//842
f 812//812 821//821 811//811
f 713//713 838//838 560//560
f 837//837 838//838 713//713
f 837//837 840//840 805//805
f 837//837 805//805 838//838
f 837//837 846//846 840//840
f 829//829 835//835 843//843
f 807//807 836//836 830//830
f 807//807 830//830 834//834
f 575//575 838//838 839//839
f 837//837 713//713 830//830
f 839//839 838//838 805//805
f 839//839 805//805 848//848
f 839//839 848//848 575//575
f 846//846 844//844 840//840
f 831//831 823//823 832//832
f 814//814 842//842 841//841
f 814//814 841//841 829//829
f 832//832 842//842 814//814
f 824//824 828//828 842//842
f 824//824 842//842 832//832
f 813//813 841//841 784//784
f 784//784 828//828 853//853
f 843//843 806//806 845//845
f 803//803 804//804 757//757
f 844//844 843//843 840//840
f 831//831 832//832 844//844
f 843//843 845//845 840//840
f 840//840 845//845 805//805
f 836//836 846//846 830//830
f 831//831 846//846 836//836
f 831//831 836//836 847//847
f 823//823 831//831 847//847
f 803//803 806//806 804//804
f 848//848 805//805 845//845
f 848//848 845//845 671//671
f 846//846 837//837 830//830
f 1011//1011 823//823 847//847
f 833//833 849//849 815//815
f 856//856 854//854 1034//1034
f 808//808 854//854 856//856
f 946//946 952//952 778//778
f 852//852 933//933 892//892
f 861//861 851//851 884//884
f 861//861 884//884 871//871
f 861//861 871//871 860//860
f 863//863 862//862 773//773
f 880//880 918//918 862//862
f 852//852 851//851 762//762
f 884//884 1064//1064 871//871
f 851//851 887//887 884//884
f 863//863 880//880 862//862
f 863//863 868//868 880//880
f 852//852 887//887 851//851
f 933//933 852//852 862//862
f 778//778 952//952 771//771
f 859//859 855//855 826//826
f 1034//1034 1063//1063 856//856
f 1063//1063 1139//1139 856//856
f 1035//1035 1139//1139 1063//1063
f 854//854 858//858 855//855
f 1034//1034 854//854 1080//1080
f 1064//1064 859//859 871//871
f 1064//1064 1039//1039 859//859
f 1039//1039 1047//1047 855//855
f 1039//1039 855//855 859//859
f 1139//1139 1011//1011 856//856
f 855//855 1080//1080 854//854
f 853//853 1010//1010 1096//1096
f 853//853 1096//1096 962//962
f 1010//1010 1089//1089 1096//1096
f 962//962 946//946 853//853
f 978//978 880//880 950//950
f 950//950 880//880 868//868
f 953//953 916//916 867//867
f 956//956 928//928 975//975
f 995//995 989//989 990//990
f 987//987 1118//1118 998//998
f 1073//1073 1074//1074 1065//1065
f 1082//1082 1079//1079 1069//1069
f 1115//1115 907//907 1088//1088
f 1012//1012 1088//1088 1112//1112
f 1097//1097 1078//1078 1140//1140
f 1097//1097 1077//1077 1076//1076
f 1126//1126 1124//1124 1132//1132
f 967//967 978//978 881//881
f 880//880 978//978 967//967
f 931//931 930//930 873//873
f 928//928 870//870 975//975
f 938//938 878//878 879//879
f 918//918 881//881 934//934
f 918//918 934//934 933//933
f 881//881 893//893 934//934
f 881//881 940//940 941//941
f 881//881 941//941 893//893
f 933//933 934//934 892//892
f 934//934 893//893 890//890
f 934//934 890//890 892//892
f 893//893 891//891 890//890
f 893//893 941//941 891//891
f 941//941 942//942 891//891
f 892//892 890//890 888//888
f 891//891 889//889 890//890
f 891//891 942//942 889//889
f 888//888 890//890 886//886
f 890//890 885//885 886//886
f 890//890 889//889 885//885
f 889//889 942//942 943//943
f 888//888 886//886 887//887
f 885//885 889//889 901//901
f 889//889 943//943 936//936
f 889//889 936//936 901//901
f 887//887 886//886 883//883
f 887//887 883//883 864//864
f 886//886 885//885 882//882
f 886//886 882//882 883//883
f 885//885 901//901 882//882
f 901//901 936//936 937//937
f 864//864 883//883 911//911
f 883//883 882//882 908//908
f 883//883 908//908 911//911
f 967//967 881//881 918//918
f 881//881 968//968 940//940
f 924//924 921//921 878//878
f 879//879 942//942 938//938
f 879//879 878//878 876//876
f 879//879 876//876 877//877
f 917//917 931//931 919//919
f 877//877 876//876 874//874
f 877//877 874//874 875//875
f 876//876 925//925 874//874
f 919//919 931//931 873//873
f 875//875 874//874 926//926
f 875//875 926//926 872//872
f 874//874 925//925 926//926
f 919//919 873//873 904//904
f 864//864 911//911 909//909
f 929//929 914//914 904//904
f 929//929 910//910 914//914
f 1142//1142 905//905 915//915
f 905//905 927//927 1141//1141
f 905//905 1141//1141 915//915
f 913//913 904//904 914//914
f 873//873 929//929 904//904
f 873//873 930//930 929//929
f 906//906 930//930 955//955
f 882//882 901//901 912//912
f 882//882 912//912 908//908
f 901//901 937//937 944//944
f 901//901 944//944 912//912
f 939//939 944//944 937//937
f 872//872 926//926 927//927
f 872//872 927//927 905//905
f 884//884 864//864 1064//1064
f 972//972 957//957 975//975
f 921//921 935//935 917//917
f 917//917 919//919 922//922
f 922//922 919//919 902//902
f 902//902 919//919 904//904
f 902//902 904//904 913//913
f 918//918 933//933 862//862
f 892//892 888//888 852//852
f 852//852 888//888 887//887
f 884//884 887//887 864//864
f 880//880 967//967 918//918
f 935//935 928//928 917//917
f 968//968 975//975 870//870
f 924//924 935//935 921//921
f 921//921 917//917 922//922
f 869//869 870//870 924//924
f 968//968 870//870 869//869
f 902//902 913//913 920//920
f 922//922 902//902 925//925
f 925//925 902//902 923//923
f 923//923 920//920 1060//1060
f 923//923 902//902 920//920
f 938//938 924//924 878//878
f 878//878 921//921 922//922
f 878//878 922//922 876//876
f 876//876 922//922 925//925
f 925//925 923//923 926//926
f 927//927 923//923 1060//1060
f 927//927 1060//1060 1141//1141
f 926//926 923//923 927//927
f 917//917 894//894 931//931
f 929//929 906//906 910//910
f 930//930 906//906 929//929
f 928//928 932//932 894//894
f 928//928 894//894 917//917
f 931//931 984//984 930//930
f 894//894 984//984 931//931
f 932//932 928//928 956//956
f 906//906 955//955 1140//1140
f 928//928 935//935 870//870
f 924//924 870//870 935//935
f 937//937 936//936 875//875
f 937//937 875//875 872//872
f 936//936 943//943 877//877
f 936//936 877//877 875//875
f 943//943 942//942 879//879
f 943//943 879//879 877//877
f 869//869 924//924 938//938
f 939//939 905//905 1142//1142
f 939//939 937//937 872//872
f 939//939 872//872 905//905
f 941//941 940//940 938//938
f 940//940 968//968 869//869
f 940//940 869//869 938//938
f 941//941 938//938 942//942
f 966//966 958//958 945//945
f 945//945 958//958 1086//1086
f 958//958 895//895 1086//1086
f 903//903 980//980 959//959
f 947//947 981//981 865//865
f 866//866 960//960 865//865
f 895//895 961//961 1086//1086
f 949//949 964//964 948//948
f 900//900 981//981 947//947
f 964//964 932//932 956//956
f 979//979 978//978 950//950
f 896//896 951//951 950//950
f 896//896 950//950 1006//1006
f 952//952 896//896 1006//1006
f 895//895 896//896 952//952
f 895//895 952//952 946//946
f 895//895 953//953 896//896
f 953//953 866//866 916//916
f 953//953 867//867 896//896
f 954//954 894//894 932//932
f 984//984 894//894 954//954
f 956//956 975//975 957//957
f 916//916 957//957 951//951
f 867//867 951//951 896//896
f 916//916 951//951 867//867
f 1112//1112 959//959 897//897
f 960//960 866//866 987//987
f 966//966 987//987 958//958
f 987//987 866//866 958//958
f 897//897 960//960 987//987
f 961//961 946//946 962//962
f 895//895 946//946 961//961
f 959//959 947//947 960//960
f 958//958 866//866 953//953
f 964//964 956//956 981//981
f 981//981 956//956 865//865
f 963//963 955//955 949//949
f 955//955 984//984 949//949
f 947//947 865//865 960//960
f 959//959 980//980 947//947
f 895//895 958//958 953//953
f 897//897 959//959 960//960
f 965//965 897//897 987//987
f 1118//1118 966//966 1102//1102
f 966//966 1118//1118 987//987
f 969//969 971//971 977//977
f 969//969 977//977 898//898
f 972//972 969//969 898//898
f 977//977 973//973 898//898
f 970//970 978//978 973//973
f 898//898 973//973 974//974
f 973//973 978//978 974//974
f 979//979 898//898 974//974
f 971//971 969//969 972//972
f 971//971 976//976 977//977
f 970//970 976//976 899//899
f 976//976 970//970 977//977
f 977//977 970//970 973//973
f 970//970 899//899 968//968
f 970//970 968//968 978//978
f 971//971 975//975 899//899
f 974//974 978//978 979//979
f 968//968 899//899 975//975
f 972//972 898//898 979//979
f 976//976 971//971 899//899
f 907//907 980//980 903//903
f 947//947 980//980 900//900
f 980//980 985//985 900//900
f 907//907 985//985 980//980
f 907//907 948//948 985//985
f 985//985 948//948 964//964
f 985//985 964//964 900//900
f 900//900 964//964 981//981
f 959//959 982//982 903//903
f 907//907 1113//1113 948//948
f 982//982 907//907 903//903
f 983//983 949//949 948//948
f 963//963 1140//1140 955//955
f 865//865 957//957 916//916
f 865//865 956//956 957//957
f 957//957 972//972 979//979
f 951//951 957//957 979//979
f 951//951 979//979 950//950
f 983//983 963//963 949//949
f 964//964 954//954 932//932
f 949//949 954//954 964//964
f 949//949 984//984 954//954
f 978//978 968//968 881//881
f 955//955 930//930 984//984
f 965//965 986//986 988//988
f 987//987 998//998 996//996
f 987//987 989//989 986//986
f 986//986 989//989 993//993
f 986//986 993//993 988//988
f 999//999 997//997 998//998
f 998//998 997//997 996//996
f 989//989 995//995 993//993
f 993//993 995//995 992//992
f 996//996 997//997 991//991
f 992//992 995//995 1124//1124
f 996//996 994//994 990//990
f 996//996 991//991 994//994
f 989//989 996//996 990//990
f 996//996 989//989 987//987
f 999//999 998//998 1118//1118
f 993//993 992//992 1120//1120
f 997//997 1128//1128 991//991
f 1124//1124 995//995 1131//1131
f 987//987 986//986 965//965
f 1001//1001 995//995 990//990
f 1001//1001 1131//1131 995//995
f 1128//1128 1002//1002 991//991
f 1001//1001 990//990 994//994
f 1002//1002 1004//1004 991//991
f 991//991 1004//1004 994//994
f 1000//1000 1001//1001 994//994
f 1133//1133 1131//1131 1001//1001
f 1000//1000 994//994 1004//1004
f 1003//1003 1001//1001 1000//1000
f 1003//1003 1133//1133 1001//1001
f 1002//1002 1135//1135 1004//1004
f 1005//1005 1000//1000 1004//1004
f 1005//1005 1003//1003 1000//1000
f 948//948 1113//1113 983//983
f 866//866 865//865 916//916
f 868//868 1006//1006 950//950
f 975//975 971//971 972//972
f 1033//1033 1050//1050 1053//1053
f 1075//1075 1022//1022 1074//1074
f 1013//1013 1022//1022 1075//1075
f 1077//1077 1013//1013 1075//1075
f 1013//1013 1062//1062 1083//1083
f 1033//1033 1104//1104 1050//1050
f 1026//1026 1069//1069 1079//1079
f 1048//1048 1032//1032 1034//1034
f 1048//1048 1034//1034 1080//1080
f 1081//1081 1032//1032 1048//1048
f 1079//1079 1033//1033 1032//1032
f 1079//1079 1032//1032 1081//1081
f 1046//1046 1080//1080 1047//1047
f 1044//1044 1081//1081 1046//1046
f 1084//1084 1081//1081 1044//1044
f 1045//1045 1046//1046 1047//1047
f 1044//1044 1046//1046 1045//1045
f 1043//1043 1084//1084 1044//1044
f 1042//1042 1045//1045 1047//1047
f 1041//1041 1044//1044 1045//1045
f 1041//1041 1045//1045 1042//1042
f 1040//1040 1043//1043 1044//1044
f 1040//1040 1044//1044 1041//1041
f 1028//1028 1043//1043 1040//1040
f 1042//1042 1047//1047 1039//1039
f 1038//1038 1039//1039 1064//1064
f 1037//1037 1042//1042 1039//1039
f 1037//1037 1039//1039 1038//1038
f 1036//1036 1041//1041 1042//1042
f 1036//1036 1042//1042 1037//1037
f 1056//1056 1040//1040 1041//1041
f 1056//1056 1041//1041 1036//1036
f 1030//1030 1028//1028 1040//1040
f 1030//1030 1040//1040 1056//1056
f 909//909 1038//1038 1064//1064
f 1016//1016 1037//1037 1038//1038
f 1016//1016 1038//1038 909//909
f 1015//1015 1036//1036 1037//1037
f 1015//1015 1037//1037 1016//1016
f 1032//1032 1103//1103 1063//1063
f 1032//1032 1063//1063 1034//1034
f 1033//1033 1053//1053 1032//1032
f 1103//1103 1032//1032 1053//1053
f 1025//1025 1083//1083 1082//1082
f 1029//1029 1031//1031 1018//1018
f 1028//1028 1030//1030 1031//1031
f 1028//1028 1031//1031 1029//1029
f 1043//1043 1028//1028 1029//1029
f 1043//1043 1029//1029 1027//1027
f 1084//1084 1043//1043 1027//1027
f 1084//1084 1027//1027 1026//1026
f 1079//1079 1084//1084 1026//1026
f 1070//1070 1069//1069 1026//1026
f 1070//1070 1026//1026 1027//1027
f 1071//1071 1070//1070 1027//1027
f 1071//1071 1027//1027 1029//1029
f 1074//1074 1022//1022 1020//1020
f 1072//1072 1071//1071 1029//1029
f 1072//1072 1029//1029 1018//1018
f 1065//1065 1074//1074 1020//1020
f 1017//1017 1072//1072 1018//1018
f 909//909 1064//1064 864//864
f 911//911 1016//1016 909//909
f 908//908 1015//1015 1016//1016
f 908//908 1016//1016 911//911
f 910//910 1078//1078 1059//1059
f 910//910 1059//1059 914//914
f 915//915 1057//1057 1142//1142
f 1141//1141 1017//1017 915//915
f 920//920 1068//1068 1060//1060
f 914//914 1059//1059 1066//1066
f 914//914 1066//1066 913//913
f 912//912 1058//1058 1015//1015
f 912//912 1015//1015 908//908
f 944//944 1085//1085 1058//1058
f 944//944 1058//1058 912//912
f 939//939 1057//1057 1085//1085
f 939//939 1085//1085 944//944
f 1059//1059 1073//1073 1065//1065
f 1078//1078 1073//1073 1059//1059
f 1058//1058 1056//1056 1036//1036
f 1058//1058 1036//1036 1015//1015
f 1085//1085 1030//1030 1056//1056
f 1085//1085 1056//1056 1058//1058
f 1018//1018 1031//1031 1057//1057
f 1018//1018 1057//1057 915//915
f 1030//1030 1085//1085 1057//1057
f 1030//1030 1057//1057 1031//1031
f 1017//1017 1018//1018 915//915
f 1059//1059 1065//1065 1066//1066
f 1022//1022 1083//1083 1023//1023
f 1020//1020 1022//1022 1023//1023
f 1065//1065 1020//1020 1067//1067
f 913//913 1066//1066 920//920
f 1066//1066 1065//1065 1067//1067
f 1047//1047 1080//1080 855//855
f 1022//1022 1013//1013 1083//1083
f 1023//1023 1083//1083 1025//1025
f 920//920 1066//1066 1068//1068
f 1066//1066 1067//1067 1068//1068
f 1023//1023 1025//1025 1024//1024
f 1020//1020 1023//1023 1024//1024
f 1020//1020 1024//1024 1021//1021
f 1067//1067 1020//1020 1021//1021
f 1067//1067 1021//1021 1019//1019
f 1104//1104 1033//1033 1014//1014
f 1068//1068 1067//1067 1019//1019
f 1068//1068 1019//1019 1060//1060
f 1025//1025 1082//1082 1069//1069
f 1024//1024 1025//1025 1069//1069
f 1024//1024 1069//1069 1070//1070
f 1021//1021 1024//1024 1070//1070
f 1021//1021 1070//1070 1071//1071
f 1019//1019 1021//1021 1071//1071
f 1019//1019 1071//1071 1072//1072
f 1019//1019 1072//1072 1017//1017
f 1060//1060 1019//1019 1017//1017
f 1060//1060 1017//1017 1141//1141
f 1073//1073 1076//1076 1074//1074
f 1076//1076 1075//1075 1074//1074
f 1078//1078 1076//1076 1073//1073
f 1076//1076 1077//1077 1075//1075
f 906//906 1078//1078 910//910
f 1140//1140 1078//1078 906//906
f 1048//1048 1080//1080 1046//1046
f 1081//1081 1048//1048 1046//1046
f 1079//1079 1081//1081 1084//1084
f 1014//1014 1082//1082 1083//1083
f 1014//1014 1083//1083 1062//1062
f 1082//1082 1014//1014 1079//1079
f 1142//1142 1057//1057 939//939
f 1014//1014 1033//1033 1079//1079
f 1086//1086 1007//1007 945//945
f 1086//1086 1089//1089 1007//1007
f 1100//1100 966//966 1007//1007
f 1007//1007 966//966 945//945
f 1088//1088 982//982 1112//1112
f 1087//1087 1008//1008 1012//1012
f 1096//1096 1089//1089 1086//1086
f 1092//1092 1061//1061 1101//1101
f 1009//1009 1113//1113 1091//1091
f 1049//1049 1089//1089 1010//1010
f 857//857 1093//1093 1049//1049
f 1049//1049 1093//1093 1098//1098
f 1049//1049 1098//1098 1099//1099
f 1049//1049 1099//1099 1089//1089
f 1099//1099 1138//1138 1087//1087
f 1095//1095 1138//1138 1099//1099
f 1098//1098 1095//1095 1099//1099
f 1013//1013 1077//1077 1061//1061
f 1077//1077 1097//1097 1114//1114
f 1104//1104 1062//1062 1092//1092
f 1104//1104 1092//1092 1090//1090
f 1062//1062 1013//1013 1061//1061
f 1094//1094 1090//1090 1095//1095
f 1093//1093 1094//1094 1098//1098
f 1094//1094 1095//1095 1098//1098
f 857//857 1035//1035 1093//1093
f 1089//1089 1099//1099 1087//1087
f 1102//1102 1012//1012 1112//1112
f 1087//1087 1012//1012 1102//1102
f 1102//1102 966//966 1100//1100
f 1087//1087 1102//1102 1100//1100
f 962//962 1096//1096 961//961
f 857//857 1049//1049 1010//1010
f 1096//1096 1086//1086 961//961
f 1089//1089 1100//1100 1007//1007
f 1089//1089 1087//1087 1100//1100
f 1092//1092 1101//1101 1110//1110
f 1092//1092 1008//1008 1090//1090
f 1092//1092 1110//1110 1008//1008
f 1102//1102 1112//1112 897//897
f 1102//1102 897//897 965//965
f 1102//1102 1117//1117 1118//1118
f 1106//1106 1055//1055 1094//1094
f 1109//1109 1051//1051 1106//1106
f 1107//1107 1108//1108 1106//1106
f 1106//1106 1051//1051 1055//1055
f 1103//1103 1053//1053 1107//1107
f 1107//1107 1106//1106 1094//1094
f 1051//1051 1052//1052 1055//1055
f 1105//1105 1104//1104 1051//1051
f 1109//1109 1054//1054 1105//1105
f 1109//1109 1105//1105 1051//1051
f 1106//1106 1108//1108 1109//1109
f 1108//1108 1054//1054 1109//1109
f 1053//1053 1050//1050 1107//1107
f 1105//1105 1054//1054 1050//1050
f 1050//1050 1054//1054 1108//1108
f 1107//1107 1050//1050 1108//1108
f 1105//1105 1050//1050 1104//1104
f 1051//1051 1104//1104 1052//1052
f 1103//1103 1094//1094 1035//1035
f 1052//1052 1090//1090 1094//1094
f 1055//1055 1052//1052 1094//1094
f 1111//1111 1091//1091 1113//1113
f 1012//1012 1115//1115 1088//1088
f 1115//1115 1113//1113 907//907
f 1110//1110 1012//1012 1008//1008
f 1115//1115 1012//1012 1110//1110
f 1111//1111 1113//1113 1115//1115
f 1101//1101 1091//1091 1110//1110
f 1110//1110 1091//1091 1111//1111
f 907//907 982//982 1088//1088
f 1112//1112 982//982 959//959
f 1140//1140 963//963 983//983
f 1097//1097 1140//1140 1009//1009
f 1009//1009 983//983 1113//1113
f 1062//1062 1061//1061 1092//1092
f 1061//1061 1114//1114 1101//1101
f 1114//1114 1009//1009 1091//1091
f 1090//1090 1008//1008 1138//1138
f 1095//1095 1090//1090 1138//1138
f 1101//1101 1114//1114 1091//1091
f 1035//1035 1094//1094 1093//1093
f 1009//1009 1140//1140 983//983
f 1077//1077 1114//1114 1061//1061
f 1114//1114 1097//1097 1009//1009
f 1076//1076 1078//1078 1097//1097
f 1094//1094 1103//1103 1107//1107
f 1103//1103 1035//1035 1063//1063
f 1123//1123 1127//1127 1117//1117
f 1126//1126 1119//1119 1116//1116
f 1120//1120 1126//1126 1116//1116
f 1120//1120 1116//1116 988//988
f 1123//1123 1125//1125 1127//1127
f 1126//1126 1121//1121 1119//1119
f 1124//1124 1126//1126 1120//1120
f 1129//1129 1125//1125 1123//1123
f 1122//1122 1123//1123 1121//1121
f 1132//1132 1121//1121 1126//1126
f 1122//1122 1129//1129 1123//1123
f 1132//1132 1122//1122 1121//1121
f 1130//1130 1132//1132 1124//1124
f 1131//1131 1130//1130 1124//1124
f 1121//1121 1123//1123 1119//1119
f 1123//1123 1117//1117 1116//1116
f 1123//1123 1116//1116 1119//1119
f 993//993 1120//1120 988//988
f 1127//1127 999//999 1118//1118
f 1127//1127 1118//1118 1117//1117
f 997//997 999//999 1127//1127
f 1125//1125 997//997 1127//1127
f 992//992 1124//1124 1120//1120
f 1128//1128 997//997 1125//1125
f 1129//1129 1128//1128 1125//1125
f 1102//1102 1116//1116 1117//1117
f 1102//1102 988//988 1116//1116
f 965//965 988//988 1102//1102
f 1122//1122 1135//1135 1129//1129
f 1129//1129 1002//1002 1128//1128
f 1132//1132 1130//1130 1133//1133
f 1130//1130 1131//1131 1133//1133
f 1135//1135 1002//1002 1129//1129
f 1122//1122 1134//1134 1136//1136
f 1122//1122 1132//1132 1133//1133
f 1122//1122 1133//1133 1134//1134
f 1122//1122 1136//1136 1135//1135
f 1133//1133 1003//1003 1134//1134
f 1134//1134 1003//1003 1137//1137
f 1134//1134 1137//1137 1136//1136
f 1003//1003 1005//1005 1137//1137
f 1008//1008 1087//1087 1138//1138
f 1011//1011 1139//1139 857//857
f 1035//1035 857//857 1139//1139
f 1104//1104 1090//1090 1052//1052
f 1104//1104 1014//1014 1062//1062
f 1331//1331 1328//1328 1273//1273
f 1330//1330 1328//1328 1403//1403
f 1323//1323 500//500 1321//1321
f 1400//1400 1311//1311 1312//1312
f 1327//1327 1307//1307 1395//1395
f 1279//1279 1280//1280 1300//1300
f 1336//1336 1149//1149 1291//1291
f 1292//1292 1288//1288 1314//1314
f 1278//1278 1188//1188 1279//1279
f 1370//1370 1402//1402 1369//1369
f 1248//1248 1244//1244 1242//1242
f 1249//1249 1244//1244 1248//1248
f 1362//1362 1227//1227 1226//1226
f 1214//1214 1213//1213 1218//1218
f 1214//1214 1204//1204 1205//1205
f 1196//1196 1195//1195 1194//1194
f 1270//1270 1180//1180 1267//1267
f 1167//1167 1170//1170 1509//1509
f 1335//1335 1190//1190 1191//1191
f 1145//1145 1281//1281 1146//1146
f 1402//1402 1372//1372 385//385
f 1387//1387 1356//1356 1355//1355
f 796//796 558//558 1331//1331
f 1399//1399 1263//1263 1398//1398
f 1403//1403 1308//1308 1330//1330
f 558//558 483//483 1329//1329
f 1327//1327 1328//1328 1330//1330
f 1273//1273 1328//1328 1327//1327
f 1403//1403 1328//1328 1329//1329
f 1329//1329 1328//1328 558//558
f 1307//1307 1330//1330 1301//1301
f 1307//1307 1301//1301 1303//1303
f 1330//1330 1308//1308 1301//1301
f 500//500 1325//1325 1321//1321
f 397//397 1293//1293 1325//1325
f 1326//1326 1319//1319 1313//1313
f 1318//1318 1285//1285 1286//1286
f 1315//1315 1285//1285 1318//1318
f 1359//1359 1360//1360 1358//1358
f 1321//1321 1324//1324 1320//1320
f 1325//1325 1293//1293 1324//1324
f 1325//1325 1324//1324 1321//1321
f 1292//1292 1324//1324 1293//1293
f 1324//1324 1316//1316 1317//1317
f 1324//1324 1317//1317 1320//1320
f 1324//1324 1314//1314 1316//1316
f 1326//1326 1322//1322 1323//1323
f 1326//1326 1323//1323 1321//1321
f 1321//1321 1320//1320 1319//1319
f 1321//1321 1319//1319 1326//1326
f 1319//1319 1320//1320 1317//1317
f 1319//1319 1282//1282 1283//1283
f 1319//1319 1283//1283 1313//1313
f 1317//1317 1286//1286 1282//1282
f 1317//1317 1282//1282 1319//1319
f 1317//1317 1318//1318 1286//1286
f 1316//1316 1315//1315 1318//1318
f 1316//1316 1318//1318 1317//1317
f 1314//1314 1315//1315 1316//1316
f 1400//1400 1312//1312 1390//1390
f 1397//1397 1311//1311 1400//1400
f 1311//1311 1397//1397 1266//1266
f 1372//1372 1308//1308 1375//1375
f 1402//1402 1396//1396 1372//1372
f 1311//1311 1299//1299 1312//1312
f 1273//1273 1327//1327 1309//1309
f 1305//1305 1310//1310 1271//1271
f 1305//1305 1271//1271 1376//1376
f 1395//1395 1310//1310 1305//1305
f 1395//1395 1307//1307 1310//1310
f 1309//1309 1327//1327 1395//1395
f 1310//1310 1303//1303 1271//1271
f 1307//1307 1303//1303 1310//1310
f 1327//1327 1330//1330 1307//1307
f 1401//1401 1165//1165 1166//1166
f 1306//1306 1304//1304 1401//1401
f 1305//1305 1376//1376 1165//1165
f 1301//1301 1302//1302 1268//1268
f 1301//1301 1308//1308 1302//1302
f 1300//1300 1277//1277 1278//1278
f 1300//1300 1278//1278 1279//1279
f 1333//1333 1281//1281 1332//1332
f 1296//1296 1295//1295 1300//1300
f 1296//1296 1300//1300 1280//1280
f 1394//1394 1392//1392 1389//1389
f 1394//1394 1389//1389 1275//1275
f 1183//1183 1178//1178 1274//1274
f 1183//1183 1274//1274 1298//1298
f 1391//1391 1298//1298 1274//1274
f 1298//1298 1312//1312 1299//1299
f 1298//1298 1299//1299 1183//1183
f 1391//1391 1390//1390 1312//1312
f 1391//1391 1312//1312 1298//1298
f 1297//1297 1293//1293 397//397
f 1287//1287 1360//1360 1359//1359
f 1287//1287 1284//1284 1360//1360
f 1289//1289 1284//1284 1287//1287
f 1148//1148 1147//1147 1357//1357
f 1148//1148 1357//1357 1289//1289
f 1151//1151 1332//1332 1338//1338
f 1151//1151 1338//1338 1337//1337
f 1334//1334 1332//1332 1151//1151
f 1150//1150 1334//1334 1151//1151
f 1297//1297 1292//1292 1293//1293
f 1292//1292 1290//1290 1288//1288
f 1297//1297 1291//1291 1290//1290
f 1297//1297 1290//1290 1292//1292
f 1287//1287 1288//1288 1289//1289
f 1359//1359 1314//1314 1288//1288
f 1359//1359 1288//1288 1287//1287
f 1282//1282 1225//1225 1209//1209
f 1282//1282 1286//1286 1225//1225
f 1286//1286 1285//1285 1220//1220
f 1286//1286 1220//1220 1225//1225
f 1285//1285 1358//1358 1220//1220
f 1358//1358 1360//1360 1216//1216
f 1360//1360 1284//1284 1216//1216
f 1283//1283 1282//1282 1209//1209
f 1357//1357 1147//1147 1145//1145
f 1357//1357 1145//1145 1144//1144
f 1338//1338 1332//1332 1281//1281
f 1281//1281 1333//1333 1335//1335
f 1281//1281 1335//1335 1181//1181
f 1279//1279 1188//1188 1190//1190
f 1279//1279 1190//1190 1280//1280
f 1278//1278 1276//1276 1186//1186
f 1278//1278 1186//1186 1188//1188
f 1277//1277 1393//1393 1276//1276
f 1277//1277 1276//1276 1278//1278
f 1276//1276 1275//1275 1179//1179
f 1276//1276 1179//1179 1186//1186
f 1393//1393 1394//1394 1275//1275
f 1393//1393 1275//1275 1276//1276
f 1388//1388 1179//1179 1275//1275
f 1388//1388 1275//1275 1389//1389
f 1272//1272 1331//1331 1273//1273
f 1272//1272 1273//1273 1309//1309
f 1396//1396 1402//1402 1180//1180
f 1378//1378 1377//1377 1376//1376
f 1378//1378 1376//1376 1271//1271
f 1176//1176 1175//1175 1156//1156
f 1156//1156 1386//1386 1269//1269
f 1175//1175 1270//1270 1386//1386
f 1175//1175 1386//1386 1156//1156
f 1270//1270 1267//1267 1386//1386
f 1267//1267 1250//1250 1386//1386
f 1175//1175 1176//1176 1243//1243
f 1268//1268 1175//1175 1243//1243
f 1268//1268 1396//1396 1175//1175
f 1271//1271 1303//1303 1243//1243
f 1271//1271 1243//1243 1378//1378
f 1165//1165 1376//1376 1377//1377
f 1165//1165 1377//1377 1164//1164
f 1377//1377 1378//1378 1379//1379
f 1377//1377 1379//1379 1251//1251
f 1171//1171 1495//1495 1143//1143
f 1385//1385 1171//1171 1159//1159
f 1159//1159 1171//1171 1168//1168
f 1159//1159 1168//1168 1160//1160
f 1383//1383 1384//1384 1495//1495
f 1385//1385 1254//1254 1157//1157
f 1159//1159 1256//1256 1254//1254
f 1159//1159 1254//1254 1385//1385
f 1161//1161 1256//1256 1159//1159
f 1161//1161 1259//1259 1256//1256
f 1174//1174 1185//1185 1259//1259
f 1174//1174 1259//1259 1161//1161
f 1311//1311 1398//1398 1184//1184
f 1311//1311 1184//1184 1299//1299
f 429//429 1399//1399 1266//1266
f 429//429 1261//1261 1399//1399
f 1265//1265 1261//1261 429//429
f 423//423 1164//1164 1264//1264
f 1398//1398 1258//1258 1341//1341
f 1398//1398 1341//1341 1184//1184
f 1263//1263 1258//1258 1398//1398
f 1374//1374 1257//1257 1263//1263
f 1374//1374 1255//1255 1257//1257
f 1373//1373 1255//1255 1374//1374
f 1373//1373 1253//1253 1255//1255
f 1260//1260 1252//1252 1253//1253
f 1164//1164 1251//1251 1252//1252
f 1164//1164 1252//1252 1260//1260
f 1342//1342 1259//1259 1185//1185
f 1342//1342 1185//1185 1341//1341
f 1256//1256 1259//1259 1342//1342
f 1255//1255 1380//1380 1256//1256
f 1255//1255 1256//1256 1257//1257
f 1253//1253 1381//1381 1380//1380
f 1253//1253 1380//1380 1255//1255
f 1252//1252 1382//1382 1381//1381
f 1252//1252 1381//1381 1253//1253
f 1251//1251 1379//1379 1382//1382
f 1251//1251 1382//1382 1252//1252
f 1250//1250 1466//1466 1413//1413
f 1386//1386 1413//1413 1269//1269
f 1250//1250 1413//1413 1386//1386
f 1245//1245 1154//1154 1248//1248
f 1247//1247 1248//1248 1158//1158
f 1242//1242 1245//1245 1248//1248
f 1248//1248 1247//1247 1249//1249
f 1247//1247 1157//1157 1246//1246
f 1157//1157 1254//1254 1246//1246
f 1244//1244 1176//1176 1242//1242
f 1378//1378 1243//1243 1244//1244
f 1378//1378 1244//1244 1249//1249
f 1303//1303 1301//1301 1243//1243
f 1242//1242 1176//1176 1156//1156
f 1242//1242 1156//1156 1245//1245
f 1301//1301 1268//1268 1243//1243
f 1241//1241 1172//1172 1199//1199
f 1241//1241 1199//1199 1193//1193
f 1173//1173 1169//1169 1172//1172
f 1173//1173 1172//1172 1241//1241
f 1172//1172 1497//1497 1201//1201
f 1172//1172 1201//1201 1199//1199
f 1172//1172 1169//1169 1167//1167
f 1172//1172 1167//1167 1497//1497
f 1497//1497 1503//1503 1201//1201
f 1497//1497 1167//1167 1496//1496
f 1174//1174 1161//1161 1160//1160
f 1207//1207 1240//1240 1208//1208
f 1207//1207 1238//1238 1239//1239
f 1207//1207 1239//1239 1240//1240
f 1206//1206 1237//1237 1238//1238
f 1206//1206 1238//1238 1207//1207
f 1238//1238 1235//1235 1236//1236
f 1238//1238 1236//1236 1239//1239
f 1237//1237 1234//1234 1235//1235
f 1237//1237 1235//1235 1238//1238
f 1501//1501 1500//1500 1234//1234
f 1501//1501 1234//1234 1237//1237
f 1502//1502 1501//1501 1237//1237
f 1502//1502 1237//1237 1206//1206
f 1506//1506 1507//1507 1233//1233
f 1506//1506 1233//1233 1229//1229
f 1229//1229 1224//1224 1508//1508
f 1229//1229 1508//1508 1506//1506
f 1505//1505 1200//1200 1441//1441
f 1441//1441 1200//1200 1201//1201
f 1441//1441 1201//1201 1503//1503
f 1209//1209 1225//1225 1230//1230
f 1232//1232 1228//1228 1229//1229
f 1232//1232 1229//1229 1233//1233
f 1361//1361 1227//1227 1228//1228
f 1361//1361 1228//1228 1232//1232
f 1231//1231 1227//1227 1361//1361
f 1231//1231 1226//1226 1227//1227
f 1230//1230 1226//1226 1231//1231
f 1225//1225 1226//1226 1230//1230
f 1228//1228 1223//1223 1224//1224
f 1228//1228 1224//1224 1229//1229
f 1225//1225 1220//1220 1221//1221
f 1225//1225 1221//1221 1226//1226
f 1223//1223 1210//1210 1152//1152
f 1223//1223 1152//1152 1224//1224
f 1362//1362 1223//1223 1228//1228
f 1362//1362 1228//1228 1227//1227
f 1221//1221 1211//1211 1222//1222
f 1220//1220 1219//1219 1221//1221
f 1218//1218 1217//1217 1215//1215
f 1218//1218 1215//1215 1214//1214
f 1216//1216 1215//1215 1217//1217
f 1219//1219 1220//1220 1358//1358
f 1218//1218 1221//1221 1219//1219
f 1211//1211 1221//1221 1218//1218
f 1219//1219 1217//1217 1218//1218
f 1358//1358 1216//1216 1217//1217
f 1363//1363 1364//1364 1210//1210
f 1363//1363 1210//1210 1212//1212
f 1214//1214 1203//1203 1204//1204
f 1215//1215 1202//1202 1203//1203
f 1215//1215 1203//1203 1214//1214
f 1284//1284 1340//1340 1215//1215
f 1215//1215 1216//1216 1284//1284
f 1205//1205 1153//1153 1213//1213
f 1205//1205 1213//1213 1214//1214
f 1366//1366 1363//1363 1211//1211
f 1364//1364 1365//1365 1152//1152
f 1364//1364 1152//1152 1210//1210
f 1205//1205 1505//1505 1153//1153
f 1205//1205 1198//1198 1200//1200
f 1205//1205 1200//1200 1505//1505
f 1204//1204 1197//1197 1198//1198
f 1204//1204 1198//1198 1205//1205
f 1203//1203 1196//1196 1197//1197
f 1203//1203 1197//1197 1204//1204
f 1202//1202 1195//1195 1196//1196
f 1202//1202 1196//1196 1203//1203
f 1202//1202 1343//1343 1195//1195
f 1144//1144 1145//1145 1344//1344
f 1144//1144 1344//1344 1340//1340
f 1198//1198 1199//1199 1201//1201
f 1198//1198 1201//1201 1200//1200
f 1197//1197 1193//1193 1199//1199
f 1197//1197 1199//1199 1198//1198
f 1196//1196 1193//1193 1197//1197
f 1343//1343 1345//1345 1194//1194
f 1343//1343 1194//1194 1195//1195
f 1344//1344 1339//1339 1346//1346
f 1194//1194 1347//1347 1193//1193
f 1348//1348 1182//1182 1191//1191
f 1348//1348 1191//1191 1192//1192
f 1181//1181 1335//1335 1191//1191
f 1181//1181 1191//1191 1182//1182
f 1347//1347 1349//1349 1241//1241
f 1347//1347 1241//1241 1193//1193
f 1192//1192 1191//1191 1189//1189
f 1192//1192 1189//1189 1350//1350
f 1190//1190 1188//1188 1189//1189
f 1190//1190 1189//1189 1191//1191
f 1349//1349 1351//1351 1173//1173
f 1349//1349 1173//1173 1241//1241
f 1350//1350 1189//1189 1187//1187
f 1350//1350 1187//1187 1352//1352
f 1188//1188 1186//1186 1187//1187
f 1188//1188 1187//1187 1189//1189
f 1351//1351 1353//1353 1404//1404
f 1351//1351 1404//1404 1173//1173
f 1352//1352 1187//1187 1177//1177
f 1352//1352 1177//1177 1354//1354
f 1186//1186 1179//1179 1177//1177
f 1186//1186 1177//1177 1187//1187
f 1353//1353 1185//1185 1404//1404
f 1353//1353 1355//1355 1185//1185
f 1387//1387 1354//1354 1177//1177
f 1387//1387 1177//1177 1388//1388
f 1185//1185 1174//1174 1404//1404
f 1355//1355 1341//1341 1185//1185
f 1356//1356 1178//1178 1184//1184
f 1356//1356 1184//1184 1341//1341
f 1183//1183 1299//1299 1184//1184
f 1183//1183 1184//1184 1178//1178
f 1388//1388 1177//1177 1179//1179
f 1170//1170 1167//1167 1169//1169
f 1509//1509 1496//1496 1167//1167
f 1169//1169 1173//1173 1404//1404
f 1169//1169 1404//1404 1170//1170
f 1495//1495 1384//1384 1155//1155
f 1160//1160 1168//1168 1163//1163
f 1160//1160 1163//1163 1174//1174
f 1168//1168 1171//1171 1143//1143
f 1168//1168 1143//1143 1162//1162
f 1168//1168 1162//1162 1163//1163
f 1165//1165 1164//1164 423//423
f 1165//1165 423//423 1166//1166
f 1498//1498 1163//1163 1162//1162
f 1159//1159 1160//1160 1161//1161
f 1158//1158 1383//1383 1385//1385
f 1247//1247 1158//1158 1157//1157
f 1383//1383 1495//1495 1171//1171
f 1383//1383 1171//1171 1385//1385
f 1494//1494 1422//1422 1155//1155
f 1154//1154 1494//1494 1155//1155
f 1245//1245 1494//1494 1154//1154
f 1154//1154 1155//1155 1384//1384
f 1365//1365 1153//1153 1505//1505
f 1365//1365 1504//1504 1152//1152
f 1148//1148 1290//1290 1149//1149
f 1289//1289 1290//1290 1148//1148
f 1336//1336 1150//1150 1151//1151
f 1336//1336 1151//1151 1337//1337
f 1149//1149 1290//1290 1291//1291
f 1145//1145 1146//1146 1339//1339
f 1145//1145 1339//1339 1344//1344
f 1284//1284 1144//1144 1340//1340
f 500//500 397//397 1325//1325
f 1333//1333 1332//1332 1296//1296
f 1333//1333 1296//1296 1280//1280
f 1334//1334 1294//1294 1296//1296
f 1334//1334 1296//1296 1332//1332
f 1333//1333 1280//1280 1190//1190
f 1333//1333 1190//1190 1335//1335
f 1337//1337 1148//1148 1149//1149
f 1337//1337 1149//1149 1336//1336
f 1338//1338 1147//1147 1148//1148
f 1338//1338 1148//1148 1337//1337
f 1281//1281 1145//1145 1147//1147
f 1281//1281 1147//1147 1338//1338
f 1194//1194 1193//1193 1196//1196
f 1345//1345 1347//1347 1194//1194
f 1346//1346 1339//1339 1182//1182
f 1346//1346 1182//1182 1348//1348
f 1146//1146 1181//1181 1182//1182
f 1146//1146 1182//1182 1339//1339
f 1340//1340 1202//1202 1215//1215
f 1263//1263 1257//1257 1258//1258
f 1258//1258 1342//1342 1341//1341
f 1257//1257 1256//1256 1342//1342
f 1257//1257 1342//1342 1258//1258
f 1340//1340 1344//1344 1343//1343
f 1340//1340 1343//1343 1202//1202
f 1343//1343 1346//1346 1345//1345
f 1344//1344 1346//1346 1343//1343
f 1347//1347 1348//1348 1192//1192
f 1347//1347 1192//1192 1349//1349
f 1192//1192 1350//1350 1349//1349
f 1349//1349 1352//1352 1351//1351
f 1350//1350 1352//1352 1349//1349
f 1351//1351 1352//1352 1354//1354
f 1351//1351 1354//1354 1353//1353
f 1353//1353 1354//1354 1355//1355
f 1354//1354 1387//1387 1355//1355
f 1356//1356 1341//1341 1355//1355
f 1345//1345 1346//1346 1348//1348
f 1345//1345 1348//1348 1347//1347
f 1289//1289 1357//1357 1284//1284
f 1289//1289 1288//1288 1290//1290
f 1144//1144 1284//1284 1357//1357
f 1359//1359 1358//1358 1285//1285
f 1359//1359 1285//1285 1315//1315
f 1292//1292 1314//1314 1324//1324
f 1314//1314 1359//1359 1315//1315
f 1358//1358 1217//1217 1219//1219
f 1233//1233 1502//1502 1206//1206
f 1507//1507 1502//1502 1233//1233
f 1206//1206 1232//1232 1233//1233
f 1207//1207 1361//1361 1232//1232
f 1207//1207 1232//1232 1206//1206
f 1361//1361 1207//1207 1208//1208
f 1361//1361 1208//1208 1231//1231
f 1224//1224 1152//1152 1504//1504
f 1224//1224 1504//1504 1508//1508
f 1226//1226 1221//1221 1222//1222
f 1226//1226 1222//1222 1362//1362
f 1362//1362 1212//1212 1210//1210
f 1362//1362 1210//1210 1223//1223
f 1212//1212 1362//1362 1222//1222
f 1363//1363 1366//1366 1153//1153
f 1363//1363 1153//1153 1364//1364
f 1363//1363 1212//1212 1222//1222
f 1363//1363 1222//1222 1211//1211
f 1364//1364 1153//1153 1365//1365
f 1218//1218 1213//1213 1211//1211
f 1366//1366 1211//1211 1213//1213
f 1366//1366 1213//1213 1153//1153
f 1235//1235 1367//1367 1369//1369
f 1235//1235 1369//1369 1236//1236
f 1367//1367 1370//1370 1369//1369
f 1234//1234 1367//1367 1235//1235
f 1367//1367 1371//1371 1370//1370
f 1234//1234 1368//1368 1367//1367
f 1368//1368 1371//1371 1367//1367
f 1500//1500 1368//1368 1234//1234
f 1368//1368 1499//1499 1371//1371
f 1500//1500 1454//1454 1368//1368
f 1454//1454 1414//1414 1499//1499
f 1454//1454 1499//1499 1368//1368
f 1370//1370 1180//1180 1402//1402
f 1250//1250 1371//1371 1499//1499
f 1250//1250 1499//1499 1466//1466
f 1370//1370 1371//1371 1250//1250
f 1180//1180 1370//1370 1267//1267
f 1396//1396 1180//1180 1270//1270
f 1375//1375 1329//1329 481//481
f 481//481 1329//1329 483//483
f 519//519 1372//1372 1375//1375
f 1262//1262 1373//1373 1374//1374
f 1262//1262 1374//1374 1263//1263
f 1261//1261 1373//1373 1262//1262
f 1253//1253 1373//1373 1261//1261
f 1375//1375 481//481 519//519
f 1377//1377 1251//1251 1164//1164
f 1378//1378 1249//1249 1379//1379
f 1380//1380 1254//1254 1256//1256
f 1381//1381 1254//1254 1380//1380
f 1381//1381 1246//1246 1254//1254
f 1382//1382 1247//1247 1246//1246
f 1382//1382 1246//1246 1381//1381
f 1379//1379 1249//1249 1247//1247
f 1379//1379 1247//1247 1382//1382
f 1157//1157 1158//1158 1385//1385
f 1158//1158 1154//1154 1384//1384
f 1248//1248 1154//1154 1158//1158
f 1383//1383 1158//1158 1384//1384
f 1245//1245 1156//1156 1269//1269
f 1245//1245 1269//1269 1494//1494
f 1175//1175 1396//1396 1270//1270
f 1387//1387 1388//1388 1178//1178
f 1387//1387 1178//1178 1356//1356
f 1178//1178 1388//1388 1389//1389
f 1178//1178 1389//1389 1274//1274
f 1392//1392 1391//1391 1274//1274
f 1392//1392 1274//1274 1389//1389
f 1390//1390 542//542 1400//1400
f 1302//1302 1396//1396 1268//1268
f 1267//1267 1370//1370 1250//1250
f 1401//1401 1305//1305 1165//1165
f 1398//1398 1311//1311 1266//1266
f 1398//1398 1266//1266 1399//1399
f 1261//1261 1262//1262 1399//1399
f 1265//1265 1253//1253 1261//1261
f 1264//1264 1260//1260 1253//1253
f 1264//1264 1253//1253 1265//1265
f 1164//1164 1260//1260 1264//1264
f 1399//1399 1262//1262 1263//1263
f 1309//1309 1395//1395 1401//1401
f 1304//1304 1309//1309 1401//1401
f 1304//1304 1272//1272 1309//1309
f 1401//1401 1395//1395 1305//1305
f 1329//1329 1375//1375 1308//1308
f 1329//1329 1308//1308 1403//1403
f 1331//1331 558//558 1328//1328
f 1372//1372 1302//1302 1308//1308
f 1396//1396 1302//1302 1372//1372
f 1404//1404 1174//1174 1170//1170
f 1170//1170 1174//1174 1163//1163
f 1170//1170 1163//1163 1509//1509
f 1498//1498 1509//1509 1163//1163
f 1411//1411 1451//1451 1450//1450
f 1411//1411 1450//1450 1410//1410
f 1410//1410 1450//1450 1502//1502
f 1408//1408 1449//1449 1506//1506
f 1408//1408 1506//1506 1448//1448
f 1143//1143 1495//1495 1464//1464
f 1435//1435 1411//1411 1410//1410
f 1435//1435 1410//1410 1409//1409
f 1409//1409 1408//1408 1469//1469
f 1155//1155 1422//1422 1428//1428
f 1155//1155 1428//1428 1495//1495
f 1412//1412 1437//1437 1417//1417
f 1412//1412 1417//1417 1491//1491
f 1416//1416 1415//1415 1464//1464
f 1463//1463 1447//1447 1415//1415
f 1459//1459 1269//1269 1413//1413
f 1415//1415 1143//1143 1464//1464
f 1474//1474 1447//1447 1463//1463
f 1472//1472 1431//1431 1473//1473
f 1439//1439 1438//1438 1434//1434
f 1439//1439 1434//1434 1469//1469
f 1429//1429 1439//1439 1469//1469
f 1405//1405 1441//1441 1420//1420
f 1405//1405 1420//1420 1419//1419
f 1445//1445 1433//1433 1418//1418
f 1420//1420 1441//1441 1503//1503
f 1420//1420 1503//1503 1432//1432
f 1432//1432 1503//1503 1440//1440
f 1461//1461 1421//1421 1430//1430
f 1461//1461 1430//1430 1462//1462
f 1476//1476 1477//1477 1431//1431
f 1476//1476 1431//1431 1443//1443
f 1420//1420 1432//1432 1460//1460
f 1420//1420 1460//1460 1445//1445
f 1491//1491 1417//1417 1510//1510
f 1433//1433 1481//1481 1478//1478
f 1433//1433 1478//1478 1467//1467
f 1480//1480 1445//1445 1446//1446
f 1480//1480 1446//1446 1479//1479
f 1479//1479 1446//1446 1442//1442
f 1479//1479 1442//1442 1515//1515
f 1480//1480 1481//1481 1433//1433
f 1480//1480 1433//1433 1445//1445
f 1482//1482 1483//1483 1444//1444
f 1482//1482 1444//1444 1463//1463
f 1483//1483 1484//1484 1444//1444
f 1485//1485 1517//1517 1427//1427
f 1485//1485 1427//1427 1426//1426
f 1416//1416 1427//1427 1517//1517
f 1486//1486 1487//1487 1476//1476
f 1486//1486 1476//1476 1443//1443
f 1488//1488 1515//1515 1442//1442
f 1488//1488 1442//1442 1462//1462
f 1441//1441 1405//1405 1505//1505
f 1497//1497 1440//1440 1503//1503
f 1496//1496 1440//1440 1497//1497
f 1509//1509 1475//1475 1473//1473
f 1469//1469 1408//1408 1407//1407
f 1436//1436 1437//1437 1412//1412
f 1409//1409 1434//1434 1435//1435
f 1409//1409 1469//1469 1434//1434
f 1407//1407 1429//1429 1469//1469
f 1418//1418 1433//1433 1467//1467
f 1418//1418 1467//1467 1452//1452
f 1440//1440 1421//1421 1432//1432
f 1496//1496 1430//1430 1421//1421
f 1496//1496 1421//1421 1440//1440
f 1496//1496 1473//1473 1477//1477
f 1496//1496 1477//1477 1430//1430
f 1452//1452 1429//1429 1407//1407
f 1459//1459 1424//1424 1422//1422
f 1425//1425 1485//1485 1426//1426
f 1428//1428 1464//1464 1495//1495
f 1428//1428 1426//1426 1427//1427
f 1428//1428 1427//1427 1464//1464
f 1424//1424 1428//1428 1422//1422
f 1426//1426 1428//1428 1424//1424
f 1464//1464 1427//1427 1416//1416
f 1424//1424 1425//1425 1426//1426
f 1424//1424 1489//1489 1425//1425
f 1447//1447 1498//1498 1162//1162
f 1447//1447 1162//1162 1415//1415
f 1475//1475 1498//1498 1447//1447
f 1423//1423 1458//1458 1466//1466
f 1413//1413 1466//1466 1458//1458
f 1452//1452 1407//1407 1453//1453
f 1459//1459 1413//1413 1458//1458
f 1405//1405 1365//1365 1505//1505
f 1494//1494 1459//1459 1422//1422
f 1465//1465 1512//1512 1490//1490
f 1465//1465 1490//1490 1423//1423
f 1460//1460 1432//1432 1421//1421
f 1460//1460 1421//1421 1461//1461
f 1418//1418 1419//1419 1420//1420
f 1418//1418 1420//1420 1445//1445
f 1418//1418 1406//1406 1419//1419
f 1482//1482 1463//1463 1416//1416
f 1463//1463 1415//1415 1416//1416
f 1162//1162 1143//1143 1415//1415
f 1448//1448 1506//1506 1508//1508
f 1449//1449 1507//1507 1506//1506
f 1450//1450 1501//1501 1502//1502
f 1451//1451 1500//1500 1501//1501
f 1451//1451 1501//1501 1450//1450
f 1449//1449 1408//1408 1409//1409
f 1453//1453 1407//1407 1408//1408
f 1453//1453 1408//1408 1448//1448
f 1405//1405 1419//1419 1406//1406
f 1507//1507 1449//1449 1410//1410
f 1507//1507 1410//1410 1502//1502
f 1449//1449 1409//1409 1410//1410
f 1453//1453 1448//1448 1504//1504
f 1448//1448 1508//1508 1504//1504
f 1453//1453 1405//1405 1406//1406
f 1453//1453 1406//1406 1452//1452
f 1453//1453 1504//1504 1365//1365
f 1453//1453 1365//1365 1405//1405
f 1492//1492 1438//1438 1439//1439
f 1588//1588 1492//1492 1439//1439
f 1451//1451 1454//1454 1500//1500
f 1454//1454 1455//1455 1414//1414
f 1411//1411 1455//1455 1454//1454
f 1411//1411 1454//1454 1451//1451
f 1435//1435 1455//1455 1411//1411
f 1435//1435 1436//1436 1455//1455
f 1434//1434 1456//1456 1435//1435
f 1456//1456 1437//1437 1436//1436
f 1456//1456 1436//1436 1435//1435
f 1438//1438 1457//1457 1456//1456
f 1438//1438 1456//1456 1434//1434
f 1457//1457 1417//1417 1437//1437
f 1457//1457 1437//1437 1456//1456
f 1492//1492 1493//1493 1457//1457
f 1492//1492 1457//1457 1438//1438
f 1493//1493 1417//1417 1457//1457
f 1436//1436 1414//1414 1455//1455
f 1493//1493 1510//1510 1417//1417
f 1414//1414 1436//1436 1412//1412
f 1414//1414 1412//1412 1466//1466
f 1414//1414 1466//1466 1499//1499
f 1490//1490 1489//1489 1423//1423
f 1423//1423 1489//1489 1458//1458
f 1458//1458 1489//1489 1424//1424
f 1458//1458 1424//1424 1459//1459
f 1459//1459 1494//1494 1269//1269
f 1460//1460 1446//1446 1445//1445
f 1461//1461 1442//1442 1446//1446
f 1461//1461 1446//1446 1460//1460
f 1461//1461 1462//1462 1442//1442
f 1443//1443 1471//1471 1470//1470
f 1638//1638 1465//1465 1491//1491
f 1638//1638 1491//1491 1511//1511
f 1423//1423 1412//1412 1465//1465
f 1412//1412 1491//1491 1465//1465
f 1466//1466 1412//1412 1423//1423
f 1478//1478 1641//1641 1468//1468
f 1478//1478 1468//1468 1467//1467
f 1467//1467 1468//1468 1429//1429
f 1467//1467 1429//1429 1452//1452
f 1641//1641 1588//1588 1468//1468
f 1468//1468 1588//1588 1439//1439
f 1468//1468 1439//1439 1429//1429
f 1418//1418 1452//1452 1406//1406
f 1471//1471 1443//1443 1431//1431
f 1471//1471 1431//1431 1472//1472
f 1472//1472 1475//1475 1474//1474
f 1484//1484 1486//1486 1443//1443
f 1484//1484 1443//1443 1470//1470
f 1471//1471 1474//1474 1444//1444
f 1471//1471 1444//1444 1470//1470
f 1474//1474 1471//1471 1472//1472
f 1484//1484 1470//1470 1444//1444
f 1509//1509 1498//1498 1475//1475
f 1475//1475 1472//1472 1473//1473
f 1475//1475 1447//1447 1474//1474
f 1474//1474 1463//1463 1444//1444
f 1473//1473 1496//1496 1509//1509
f 1476//1476 1462//1462 1430//1430
f 1476//1476 1430//1430 1477//1477
f 1487//1487 1488//1488 1462//1462
f 1487//1487 1462//1462 1476//1476
f 1473//1473 1431//1431 1477//1477
f 1481//1481 1518//1518 1478//1478
f 1416//1416 1651//1651 1482//1482
f 1483//1483 1658//1658 1484//1484
f 1651//1651 1416//1416 1517//1517
f 1486//1486 1644//1644 1487//1487
f 1488//1488 1516//1516 1515//1515
f 1489//1489 1513//1513 1425//1425
f 1490//1490 1513//1513 1489//1489
f 1511//1511 1491//1491 1510//1510
f 1492//1492 1588//1588 1655//1655
f 1492//1492 1655//1655 1493//1493
f 1493//1493 1655//1655 1510//1510
f 1512//1512 1465//1465 1638//1638
f 1478//1478 1518//1518 1641//1641
f 1487//1487 1644//1644 1516//1516
f 1487//1487 1516//1516 1488//1488
f 1146//1146 1281//1281 1181//1181
f 1243//1243 1176//1176 1244//1244
f 1551//1551 1550//1550 1533//1533
f 1536//1536 1535//1535 1573//1573
f 1646//1646 1577//1577 1645//1645
f 1678//1678 1623//1623 1619//1619
f 1562//1562 1617//1617 1643//1643
f 1666//1666 1747//1747 1740//1740
f 1595//1595 1594//1594 1632//1632
f 1668//1668 1620//1620 1631//1631
f 1668//1668 1631//1631 1600//1600
f 1639//1639 1600//1600 1631//1631
f 1565//1565 1568//1568 1569//1569
f 1565//1565 1569//1569 1571//1571
f 1569//1569 1568//1568 1578//1578
f 1569//1569 1578//1578 1575//1575
f 1575//1575 1578//1578 1579//1579
f 1555//1555 1566//1566 1563//1563
f 1658//1658 1618//1618 1522//1522
f 1566//1566 1555//1555 1584//1584
f 1566//1566 1584//1584 1581//1581
f 1581//1581 1564//1564 1582//1582
f 1582//1582 1564//1564 1565//1565
f 1582//1582 1565//1565 1571//1571
f 1628//1628 1665//1665 1661//1661
f 1529//1529 1526//1526 1528//1528
f 1529//1529 1528//1528 1587//1587
f 1527//1527 1681//1681 1679//1679
f 1527//1527 1679//1679 1526//1526
f 1681//1681 1527//1527 1680//1680
f 1527//1527 1623//1623 1680//1680
f 1623//1623 1527//1527 1529//1529
f 1620//1620 1548//1548 1530//1530
f 1620//1620 1530//1530 1619//1619
f 1673//1673 1659//1659 1684//1684
f 1673//1673 1684//1684 1672//1672
f 1536//1536 1765//1765 1664//1664
f 1536//1536 1574//1574 1765//1765
f 1574//1574 1662//1662 1765//1765
f 1552//1552 1534//1534 1554//1554
f 1552//1552 1554//1554 1553//1553
f 1553//1553 1554//1554 1748//1748
f 1534//1534 1547//1547 1554//1554
f 1549//1549 1667//1667 1666//1666
f 1550//1550 1551//1551 1549//1549
f 1549//1549 1553//1553 1667//1667
f 1551//1551 1553//1553 1549//1549
f 1551//1551 1552//1552 1553//1553
f 1532//1532 1533//1533 1550//1550
f 1530//1530 1548//1548 1630//1630
f 1675//1675 1549//1549 1666//1666
f 1675//1675 1666//1666 1878//1878
f 1677//1677 1550//1550 1549//1549
f 1677//1677 1549//1549 1675//1675
f 1674//1674 1550//1550 1677//1677
f 1674//1674 1532//1532 1550//1550
f 1531//1531 1532//1532 1674//1674
f 1619//1619 1530//1530 1531//1531
f 1543//1543 1598//1598 1533//1533
f 1533//1533 1598//1598 1545//1545
f 1536//1536 1573//1573 1541//1541
f 1536//1536 1664//1664 1736//1736
f 1536//1536 1736//1736 1535//1535
f 1535//1535 1736//1736 1663//1663
f 1535//1535 1547//1547 1573//1573
f 1663//1663 1554//1554 1535//1535
f 1563//1563 1585//1585 1586//1586
f 1563//1563 1586//1586 1629//1629
f 1586//1586 1585//1585 1546//1546
f 1541//1541 1574//1574 1536//1536
f 1574//1574 1628//1628 1662//1662
f 1628//1628 1627//1627 1634//1634
f 1632//1632 1529//1529 1587//1587
f 1631//1631 1623//1623 1529//1529
f 1631//1631 1529//1529 1632//1632
f 1535//1535 1554//1554 1547//1547
f 1552//1552 1629//1629 1534//1534
f 1551//1551 1545//1545 1629//1629
f 1551//1551 1629//1629 1552//1552
f 1533//1533 1545//1545 1551//1551
f 1532//1532 1543//1543 1533//1533
f 1531//1531 1630//1630 1532//1532
f 1530//1530 1630//1630 1531//1531
f 1529//1529 1527//1527 1526//1526
f 1647//1647 1524//1524 1577//1577
f 1647//1647 1577//1577 1646//1646
f 1647//1647 1512//1512 1525//1525
f 1647//1647 1525//1525 1524//1524
f 1522//1522 1648//1648 1644//1644
f 1522//1522 1644//1644 1486//1486
f 1523//1523 1649//1649 1515//1515
f 1523//1523 1515//1515 1516//1516
f 1649//1649 1650//1650 1479//1479
f 1649//1649 1479//1479 1515//1515
f 1522//1522 1486//1486 1484//1484
f 1522//1522 1484//1484 1658//1658
f 1651//1651 1652//1652 1580//1580
f 1651//1651 1580//1580 1521//1521
f 1652//1652 1517//1517 1485//1485
f 1652//1652 1485//1485 1653//1653
f 1641//1641 1654//1654 1520//1520
f 1641//1641 1520//1520 1588//1588
f 1650//1650 1519//1519 1480//1480
f 1650//1650 1480//1480 1479//1479
f 1519//1519 1481//1481 1480//1480
f 1645//1645 1653//1653 1485//1485
f 1645//1645 1485//1485 1425//1425
f 1627//1627 1628//1628 1540//1540
f 1574//1574 1540//1540 1628//1628
f 1534//1534 1586//1586 1547//1547
f 1629//1629 1586//1586 1534//1534
f 1541//1541 1569//1569 1575//1575
f 1571//1571 1569//1569 1541//1541
f 1573//1573 1582//1582 1571//1571
f 1585//1585 1566//1566 1583//1583
f 1566//1566 1585//1585 1563//1563
f 1578//1578 1524//1524 1525//1525
f 1578//1578 1525//1525 1579//1579
f 1577//1577 1524//1524 1578//1578
f 1572//1572 1514//1514 1577//1577
f 1580//1580 1514//1514 1572//1572
f 1584//1584 1642//1642 1521//1521
f 1520//1520 1655//1655 1588//1588
f 1655//1655 1592//1592 1510//1510
f 1632//1632 1639//1639 1631//1631
f 1633//1633 1595//1595 1632//1632
f 1595//1595 1604//1604 1594//1594
f 1595//1595 1605//1605 1604//1604
f 1596//1596 1595//1595 1633//1633
f 1596//1596 1605//1605 1595//1595
f 1634//1634 1597//1597 1596//1596
f 1597//1597 1605//1605 1596//1596
f 1634//1634 1627//1627 1597//1597
f 1597//1597 1627//1627 1539//1539
f 1573//1573 1571//1571 1541//1541
f 1546//1546 1573//1573 1547//1547
f 1546//1546 1547//1547 1586//1586
f 1545//1545 1608//1608 1629//1629
f 1608//1608 1563//1563 1629//1629
f 1598//1598 1608//1608 1545//1545
f 1598//1598 1544//1544 1608//1608
f 1543//1543 1599//1599 1598//1598
f 1599//1599 1544//1544 1598//1598
f 1548//1548 1542//1542 1599//1599
f 1548//1548 1599//1599 1543//1543
f 1668//1668 1542//1542 1620//1620
f 1603//1603 1668//1668 1600//1600
f 1601//1601 1621//1621 1639//1639
f 1603//1603 1600//1600 1621//1621
f 1603//1603 1621//1621 1556//1556
f 1557//1557 1610//1610 1556//1556
f 1558//1558 1609//1609 1610//1610
f 1558//1558 1610//1610 1557//1557
f 1560//1560 1559//1559 1609//1609
f 1560//1560 1609//1609 1558//1558
f 1562//1562 1561//1561 1559//1559
f 1562//1562 1559//1559 1560//1560
f 1555//1555 1563//1563 1561//1561
f 1555//1555 1561//1561 1562//1562
f 1582//1582 1583//1583 1566//1566
f 1582//1582 1566//1566 1581//1581
f 1576//1576 1575//1575 1579//1579
f 1626//1626 1593//1593 1567//1567
f 1591//1591 1606//1606 1593//1593
f 1589//1589 1606//1606 1591//1591
f 1602//1602 1589//1589 1591//1591
f 1602//1602 1570//1570 1589//1589
f 1624//1624 1622//1622 1601//1601
f 1604//1604 1570//1570 1594//1594
f 1604//1604 1589//1589 1570//1570
f 1605//1605 1589//1589 1604//1604
f 1605//1605 1606//1606 1589//1589
f 1597//1597 1606//1606 1605//1605
f 1597//1597 1539//1539 1607//1607
f 1607//1607 1567//1567 1593//1593
f 1574//1574 1575//1575 1576//1576
f 1574//1574 1576//1576 1540//1540
f 1574//1574 1541//1541 1575//1575
f 1546//1546 1583//1583 1582//1582
f 1546//1546 1582//1582 1573//1573
f 1585//1585 1583//1583 1546//1546
f 1608//1608 1561//1561 1563//1563
f 1544//1544 1559//1559 1561//1561
f 1544//1544 1561//1561 1608//1608
f 1599//1599 1609//1609 1544//1544
f 1609//1609 1559//1559 1544//1544
f 1542//1542 1610//1610 1609//1609
f 1542//1542 1609//1609 1599//1599
f 1621//1621 1622//1622 1611//1611
f 1621//1621 1611//1611 1556//1556
f 1622//1622 1657//1657 1656//1656
f 1624//1624 1640//1640 1622//1622
f 1640//1640 1612//1612 1520//1520
f 1612//1612 1590//1590 1520//1520
f 1591//1591 1612//1612 1602//1602
f 1591//1591 1613//1613 1612//1612
f 1613//1613 1590//1590 1612//1612
f 1593//1593 1613//1613 1591//1591
f 1613//1613 1592//1592 1590//1590
f 1626//1626 1567//1567 1614//1614
f 1626//1626 1614//1614 1625//1625
f 1578//1578 1568//1568 1577//1577
f 1568//1568 1565//1565 1572//1572
f 1568//1568 1572//1572 1577//1577
f 1564//1564 1580//1580 1572//1572
f 1564//1564 1572//1572 1565//1565
f 1580//1580 1564//1564 1581//1581
f 1580//1580 1581//1581 1521//1521
f 1521//1521 1581//1581 1584//1584
f 1642//1642 1584//1584 1555//1555
f 1556//1556 1611//1611 1557//1557
f 1611//1611 1519//1519 1557//1557
f 1557//1557 1615//1615 1558//1558
f 1557//1557 1519//1519 1615//1615
f 1558//1558 1615//1615 1616//1616
f 1558//1558 1616//1616 1560//1560
f 1560//1560 1616//1616 1617//1617
f 1560//1560 1617//1617 1562//1562
f 1616//1616 1523//1523 1617//1617
f 1562//1562 1643//1643 1618//1618
f 1562//1562 1618//1618 1555//1555
f 1643//1643 1648//1648 1522//1522
f 1643//1643 1522//1522 1618//1618
f 1542//1542 1668//1668 1603//1603
f 1610//1610 1542//1542 1603//1603
f 1610//1610 1603//1603 1556//1556
f 1620//1620 1619//1619 1623//1623
f 1621//1621 1601//1601 1622//1622
f 1622//1622 1656//1656 1611//1611
f 1623//1623 1678//1678 1680//1680
f 1624//1624 1602//1602 1612//1612
f 1624//1624 1612//1612 1640//1640
f 1639//1639 1594//1594 1570//1570
f 1639//1639 1570//1570 1601//1601
f 1624//1624 1601//1601 1570//1570
f 1624//1624 1570//1570 1602//1602
f 1597//1597 1607//1607 1606//1606
f 1607//1607 1593//1593 1606//1606
f 1626//1626 1625//1625 1592//1592
f 1626//1626 1592//1592 1613//1613
f 1511//1511 1510//1510 1592//1592
f 1626//1626 1613//1613 1593//1593
f 1628//1628 1634//1634 1665//1665
f 1628//1628 1661//1661 1662//1662
f 1633//1633 1587//1587 1538//1538
f 1633//1633 1538//1538 1596//1596
f 1634//1634 1596//1596 1538//1538
f 1634//1634 1538//1538 1537//1537
f 1540//1540 1539//1539 1627//1627
f 1576//1576 1539//1539 1540//1540
f 1576//1576 1635//1635 1539//1539
f 1635//1635 1567//1567 1607//1607
f 1635//1635 1607//1607 1539//1539
f 1579//1579 1635//1635 1576//1576
f 1579//1579 1636//1636 1635//1635
f 1636//1636 1567//1567 1635//1635
f 1636//1636 1614//1614 1567//1567
f 1525//1525 1637//1637 1636//1636
f 1525//1525 1636//1636 1579//1579
f 1637//1637 1625//1625 1614//1614
f 1637//1637 1614//1614 1636//1636
f 1639//1639 1621//1621 1600//1600
f 1657//1657 1518//1518 1656//1656
f 1654//1654 1641//1641 1518//1518
f 1654//1654 1518//1518 1657//1657
f 1640//1640 1657//1657 1622//1622
f 1481//1481 1656//1656 1518//1518
f 1658//1658 1642//1642 1618//1618
f 1618//1618 1642//1642 1555//1555
f 1648//1648 1523//1523 1516//1516
f 1648//1648 1516//1516 1644//1644
f 1643//1643 1617//1617 1523//1523
f 1643//1643 1523//1523 1648//1648
f 1645//1645 1425//1425 1513//1513
f 1645//1645 1513//1513 1646//1646
f 1647//1647 1646//1646 1513//1513
f 1647//1647 1513//1513 1490//1490
f 1647//1647 1490//1490 1512//1512
f 1523//1523 1616//1616 1649//1649
f 1649//1649 1616//1616 1615//1615
f 1649//1649 1615//1615 1650//1650
f 1483//1483 1482//1482 1642//1642
f 1651//1651 1521//1521 1642//1642
f 1651//1651 1517//1517 1652//1652
f 1652//1652 1653//1653 1514//1514
f 1652//1652 1514//1514 1580//1580
f 1654//1654 1640//1640 1520//1520
f 1650//1650 1615//1615 1519//1519
f 1519//1519 1611//1611 1481//1481
f 1645//1645 1577//1577 1514//1514
f 1645//1645 1514//1514 1653//1653
f 1482//1482 1651//1651 1642//1642
f 1520//1520 1590//1590 1655//1655
f 1655//1655 1590//1590 1592//1592
f 1511//1511 1592//1592 1625//1625
f 1512//1512 1638//1638 1637//1637
f 1512//1512 1637//1637 1525//1525
f 1638//1638 1511//1511 1625//1625
f 1638//1638 1625//1625 1637//1637
f 1654//1654 1657//1657 1640//1640
f 1481//1481 1611//1611 1656//1656
f 1658//1658 1483//1483 1642//1642
f 1765//1765 1766//1766 1737//1737
f 1766//1766 1765//1765 1828//1828
f 1765//1765 1662//1662 1841//1841
f 1661//1661 1839//1839 1763//1763
f 1684//1684 1659//1659 1685//1685
f 1882//1882 1683//1683 1685//1685
f 1882//1882 1685//1685 1659//1659
f 1666//1666 1667//1667 1749//1749
f 1666//1666 1749//1749 1747//1747
f 1667//1667 1553//1553 1748//1748
f 1667//1667 1748//1748 1749//1749
f 1878//1878 1666//1666 1740//1740
f 1878//1878 1740//1740 1738//1738
f 1827//1827 1754//1754 1554//1554
f 1827//1827 1554//1554 1663//1663
f 1765//1765 1737//1737 1664//1664
f 1660//1660 1684//1684 1837//1837
f 1661//1661 1660//1660 1837//1837
f 1661//1661 1837//1837 1839//1839
f 1665//1665 1660//1660 1661//1661
f 1662//1662 1661//1661 1763//1763
f 1662//1662 1763//1763 1841//1841
f 1639//1639 1632//1632 1594//1594
f 1537//1537 1665//1665 1634//1634
f 1679//1679 1882//1882 1659//1659
f 1679//1679 1659//1659 1673//1673
f 1660//1660 1665//1665 1672//1672
f 1660//1660 1672//1672 1684//1684
f 1528//1528 1670//1670 1538//1538
f 1528//1528 1538//1538 1587//1587
f 1670//1670 1537//1537 1538//1538
f 1669//1669 1537//1537 1670//1670
f 1528//1528 1526//1526 1671//1671
f 1528//1528 1671//1671 1670//1670
f 1670//1670 1671//1671 1669//1669
f 1665//1665 1669//1669 1672//1672
f 1526//1526 1679//1679 1673//1673
f 1526//1526 1673//1673 1671//1671
f 1671//1671 1673//1673 1672//1672
f 1671//1671 1672//1672 1669//1669
f 1669//1669 1665//1665 1537//1537
f 1620//1620 1623//1623 1631//1631
f 1620//1620 1542//1542 1548//1548
f 1543//1543 1532//1532 1630//1630
f 1543//1543 1630//1630 1548//1548
f 1632//1632 1587//1587 1633//1633
f 1680//1680 1678//1678 1880//1880
f 1726//1726 1809//1809 1806//1806
f 1806//1806 1848//1848 1849//1849
f 1752//1752 1753//1753 1784//1784
f 1774//1774 1769//1769 1772//1772
f 1768//1768 1772//1772 1769//1769
f 1768//1768 1769//1769 1755//1755
f 1865//1865 1686//1686 1706//1706
f 1695//1695 1706//1706 1867//1867
f 1756//1756 1685//1685 1683//1683
f 1830//1830 1877//1877 1691//1691
f 1681//1681 1881//1881 1882//1882
f 1681//1681 1882//1882 1679//1679
f 1681//1681 1680//1680 1880//1880
f 1681//1681 1880//1880 1881//1881
f 1678//1678 1619//1619 1676//1676
f 1879//1879 1678//1678 1676//1676
f 1879//1879 1880//1880 1678//1678
f 1676//1676 1531//1531 1674//1674
f 1676//1676 1674//1674 1677//1677
f 1676//1676 1619//1619 1531//1531
f 1755//1755 1675//1675 1878//1878
f 1755//1755 1878//1878 1739//1739
f 1677//1677 1675//1675 1755//1755
f 1879//1879 1676//1676 1677//1677
f 1879//1879 1677//1677 1755//1755
f 1783//1783 1819//1819 1778//1778
f 1783//1783 1778//1778 1771//1771
f 1871//1871 1872//1872 1819//1819
f 1871//1871 1819//1819 1783//1783
f 1795//1795 1817//1817 1818//1818
f 1795//1795 1818//1818 1871//1871
f 1710//1710 1734//1734 1856//1856
f 1710//1710 1856//1856 1857//1857
f 1819//1819 1816//1816 1776//1776
f 1819//1819 1776//1776 1778//1778
f 1872//1872 1873//1873 1816//1816
f 1872//1872 1816//1816 1819//1819
f 1817//1817 1814//1814 1815//1815
f 1817//1817 1815//1815 1818//1818
f 1734//1734 1731//1731 1855//1855
f 1734//1734 1855//1855 1856//1856
f 1816//1816 1813//1813 1775//1775
f 1816//1816 1775//1775 1776//1776
f 1873//1873 1812//1812 1813//1813
f 1873//1873 1813//1813 1816//1816
f 1814//1814 1811//1811 1812//1812
f 1814//1814 1812//1812 1815//1815
f 1855//1855 1810//1810 1811//1811
f 1731//1731 1810//1810 1855//1855
f 1813//1813 1874//1874 1761//1761
f 1813//1813 1761//1761 1775//1775
f 1812//1812 1874//1874 1813//1813
f 1811//1811 1803//1803 1812//1812
f 1811//1811 1810//1810 1854//1854
f 1810//1810 1711//1711 1854//1854
f 1800//1800 1809//1809 1726//1726
f 1800//1800 1726//1726 1709//1709
f 1808//1808 1809//1809 1800//1800
f 1808//1808 1800//1800 1823//1823
f 1802//1802 1807//1807 1808//1808
f 1802//1802 1808//1808 1823//1823
f 1808//1808 1848//1848 1806//1806
f 1808//1808 1806//1806 1809//1809
f 1720//1720 1804//1804 1851//1851
f 1853//1853 1804//1804 1720//1720
f 1846//1846 1844//1844 1804//1804
f 1875//1875 1846//1846 1845//1845
f 1875//1875 1874//1874 1843//1843
f 1875//1875 1843//1843 1844//1844
f 1874//1874 1875//1875 1760//1760
f 1874//1874 1760//1760 1761//1761
f 1802//1802 1801//1801 1820//1820
f 1821//1821 1801//1801 1802//1802
f 1821//1821 1802//1802 1823//1823
f 1823//1823 1800//1800 1785//1785
f 1823//1823 1785//1785 1821//1821
f 1709//1709 1703//1703 1785//1785
f 1709//1709 1785//1785 1800//1800
f 1781//1781 1752//1752 1784//1784
f 1782//1782 1799//1799 1871//1871
f 1782//1782 1871//1871 1783//1783
f 1870//1870 1799//1799 1782//1782
f 1781//1781 1868//1868 1869//1869
f 1784//1784 1796//1796 1868//1868
f 1784//1784 1868//1868 1781//1781
f 1791//1791 1796//1796 1779//1779
f 1826//1826 1824//1824 1791//1791
f 1801//1801 1824//1824 1826//1826
f 1799//1799 1858//1858 1795//1795
f 1799//1799 1795//1795 1871//1871
f 1870//1870 1794//1794 1858//1858
f 1870//1870 1858//1858 1799//1799
f 1798//1798 1793//1793 1794//1794
f 1798//1798 1794//1794 1870//1870
f 1797//1797 1793//1793 1798//1798
f 1796//1796 1792//1792 1797//1797
f 1824//1824 1801//1801 1821//1821
f 1858//1858 1790//1790 1857//1857
f 1859//1859 1789//1789 1790//1790
f 1859//1859 1790//1790 1858//1858
f 1860//1860 1788//1788 1789//1789
f 1860//1860 1789//1789 1859//1859
f 1861//1861 1787//1787 1788//1788
f 1861//1861 1788//1788 1860//1860
f 1792//1792 1825//1825 1787//1787
f 1792//1792 1787//1787 1861//1861
f 1824//1824 1786//1786 1825//1825
f 1821//1821 1785//1785 1786//1786
f 1821//1821 1786//1786 1824//1824
f 1790//1790 1710//1710 1857//1857
f 1786//1786 1704//1704 1705//1705
f 1786//1786 1705//1705 1825//1825
f 1785//1785 1703//1703 1704//1704
f 1785//1785 1704//1704 1786//1786
f 1746//1746 1782//1782 1783//1783
f 1746//1746 1783//1783 1771//1771
f 1744//1744 1870//1870 1782//1782
f 1744//1744 1782//1782 1746//1746
f 1742//1742 1869//1869 1870//1870
f 1742//1742 1870//1870 1744//1744
f 1781//1781 1869//1869 1742//1742
f 1822//1822 1820//1820 1737//1737
f 1820//1820 1780//1780 1737//1737
f 1780//1780 1826//1826 1735//1735
f 1780//1780 1735//1735 1737//1737
f 1826//1826 1779//1779 1827//1827
f 1826//1826 1827//1827 1735//1735
f 1747//1747 1743//1743 1740//1740
f 1770//1770 1757//1757 1772//1772
f 1771//1771 1778//1778 1757//1757
f 1771//1771 1757//1757 1770//1770
f 1778//1778 1776//1776 1777//1777
f 1778//1778 1777//1777 1757//1757
f 1777//1777 1759//1759 1756//1756
f 1777//1777 1756//1756 1757//1757
f 1776//1776 1775//1775 1759//1759
f 1776//1776 1759//1759 1777//1777
f 1759//1759 1758//1758 1756//1756
f 1775//1775 1761//1761 1759//1759
f 1881//1881 1773//1773 1683//1683
f 1881//1881 1683//1683 1882//1882
f 1774//1774 1772//1772 1756//1756
f 1773//1773 1767//1767 1769//1769
f 1773//1773 1769//1769 1774//1774
f 1880//1880 1767//1767 1773//1773
f 1773//1773 1881//1881 1880//1880
f 1768//1768 1770//1770 1772//1772
f 1767//1767 1880//1880 1879//1879
f 1755//1755 1769//1769 1767//1767
f 1755//1755 1767//1767 1879//1879
f 1765//1765 1841//1841 1828//1828
f 1839//1839 1840//1840 1764//1764
f 1762//1762 1845//1845 1837//1837
f 1758//1758 1759//1759 1761//1761
f 1758//1758 1761//1761 1760//1760
f 1683//1683 1773//1773 1774//1774
f 1683//1683 1774//1774 1756//1756
f 1772//1772 1757//1757 1756//1756
f 1878//1878 1738//1738 1739//1739
f 1755//1755 1739//1739 1768//1768
f 1750//1750 1748//1748 1754//1754
f 1748//1748 1554//1554 1754//1754
f 1741//1741 1751//1751 1752//1752
f 1741//1741 1752//1752 1781//1781
f 1747//1747 1749//1749 1751//1751
f 1747//1747 1751//1751 1741//1741
f 1751//1751 1750//1750 1753//1753
f 1751//1751 1753//1753 1752//1752
f 1749//1749 1750//1750 1751//1751
f 1749//1749 1748//1748 1750//1750
f 1745//1745 1770//1770 1768//1768
f 1747//1747 1741//1741 1744//1744
f 1747//1747 1744//1744 1743//1743
f 1745//1745 1746//1746 1771//1771
f 1745//1745 1771//1771 1770//1770
f 1743//1743 1744//1744 1746//1746
f 1743//1743 1746//1746 1745//1745
f 1741//1741 1781//1781 1742//1742
f 1741//1741 1742//1742 1744//1744
f 1739//1739 1745//1745 1768//1768
f 1738//1738 1743//1743 1745//1745
f 1738//1738 1745//1745 1739//1739
f 1738//1738 1740//1740 1743//1743
f 1737//1737 1736//1736 1664//1664
f 1719//1719 1730//1730 1732//1732
f 1719//1719 1732//1732 1682//1682
f 1732//1732 1696//1696 1682//1682
f 1701//1701 1733//1733 1734//1734
f 1701//1701 1734//1734 1710//1710
f 1696//1696 1732//1732 1733//1733
f 1696//1696 1733//1733 1701//1701
f 1733//1733 1730//1730 1731//1731
f 1733//1733 1731//1731 1734//1734
f 1732//1732 1730//1730 1733//1733
f 1731//1731 1729//1729 1810//1810
f 1730//1730 1729//1729 1731//1731
f 1730//1730 1687//1687 1729//1729
f 1729//1729 1713//1713 1711//1711
f 1729//1729 1711//1711 1810//1810
f 1687//1687 1716//1716 1713//1713
f 1687//1687 1713//1713 1729//1729
f 1691//1691 1728//1728 1830//1830
f 1697//1697 1728//1728 1691//1691
f 1702//1702 1727//1727 1728//1728
f 1702//1702 1728//1728 1697//1697
f 1709//1709 1726//1726 1727//1727
f 1709//1709 1727//1727 1702//1702
f 1830//1830 1725//1725 1832//1832
f 1728//1728 1724//1724 1725//1725
f 1728//1728 1725//1725 1830//1830
f 1728//1728 1723//1723 1724//1724
f 1727//1727 1722//1722 1723//1723
f 1727//1727 1723//1723 1728//1728
f 1726//1726 1722//1722 1727//1727
f 1725//1725 1886//1886 1832//1832
f 1725//1725 1718//1718 1886//1886
f 1724//1724 1715//1715 1718//1718
f 1724//1724 1718//1718 1725//1725
f 1723//1723 1714//1714 1715//1715
f 1723//1723 1715//1715 1724//1724
f 1722//1722 1721//1721 1714//1714
f 1722//1722 1714//1714 1723//1723
f 1722//1722 1720//1720 1721//1721
f 1718//1718 1927//1927 1886//1886
f 1716//1716 1687//1687 1835//1835
f 1687//1687 1730//1730 1719//1719
f 1927//1927 1718//1718 1717//1717
f 1927//1927 1717//1717 1901//1901
f 1717//1717 1716//1716 1901//1901
f 1715//1715 1863//1863 1717//1717
f 1715//1715 1717//1717 1718//1718
f 1714//1714 1863//1863 1715//1715
f 1721//1721 1851//1851 1863//1863
f 1721//1721 1863//1863 1714//1714
f 1720//1720 1851//1851 1721//1721
f 1790//1790 1708//1708 1710//1710
f 1789//1789 1707//1707 1708//1708
f 1789//1789 1708//1708 1790//1790
f 1788//1788 1706//1706 1707//1707
f 1788//1788 1707//1707 1789//1789
f 1787//1787 1867//1867 1706//1706
f 1787//1787 1706//1706 1788//1788
f 1705//1705 1867//1867 1825//1825
f 1709//1709 1702//1702 1703//1703
f 1708//1708 1700//1700 1701//1701
f 1708//1708 1701//1701 1710//1710
f 1707//1707 1699//1699 1700//1700
f 1707//1707 1700//1700 1708//1708
f 1706//1706 1699//1699 1707//1707
f 1705//1705 1698//1698 1695//1695
f 1705//1705 1695//1695 1867//1867
f 1704//1704 1694//1694 1698//1698
f 1704//1704 1698//1698 1705//1705
f 1703//1703 1693//1693 1694//1694
f 1703//1703 1694//1694 1704//1704
f 1702//1702 1697//1697 1693//1693
f 1702//1702 1693//1693 1703//1703
f 1700//1700 1690//1690 1696//1696
f 1700//1700 1696//1696 1701//1701
f 1699//1699 1864//1864 1690//1690
f 1699//1699 1690//1690 1700//1700
f 1695//1695 1865//1865 1706//1706
f 1698//1698 1692//1692 1695//1695
f 1694//1694 1692//1692 1698//1698
f 1694//1694 1877//1877 1692//1692
f 1693//1693 1691//1691 1877//1877
f 1693//1693 1877//1877 1694//1694
f 1697//1697 1691//1691 1693//1693
f 1877//1877 1876//1876 1692//1692
f 1688//1688 1690//1690 1864//1864
f 1865//1865 1689//1689 1686//1686
f 1866//1866 1692//1692 1876//1876
f 1688//1688 1864//1864 1831//1831
f 1682//1682 1836//1836 1719//1719
f 1756//1756 1758//1758 1685//1685
f 1682//1682 1688//1688 1836//1836
f 1901//1901 1716//1716 1835//1835
f 1682//1682 1690//1690 1688//1688
f 1682//1682 1696//1696 1690//1690
f 1807//1807 1848//1848 1808//1808
f 1796//1796 1791//1791 1792//1792
f 1842//1842 1805//1805 1848//1848
f 1802//1802 1766//1766 1807//1807
f 1801//1801 1780//1780 1820//1820
f 1826//1826 1780//1780 1801//1801
f 1791//1791 1779//1779 1826//1826
f 1779//1779 1796//1796 1784//1784
f 1779//1779 1784//1784 1753//1753
f 1822//1822 1802//1802 1820//1820
f 1766//1766 1802//1802 1822//1822
f 1828//1828 1807//1807 1766//1766
f 1754//1754 1779//1779 1753//1753
f 1754//1754 1753//1753 1750//1750
f 1754//1754 1827//1827 1779//1779
f 1663//1663 1735//1735 1827//1827
f 1736//1736 1737//1737 1735//1735
f 1736//1736 1735//1735 1663//1663
f 1766//1766 1822//1822 1737//1737
f 1841//1841 1842//1842 1828//1828
f 1849//1849 1847//1847 1850//1850
f 1825//1825 1791//1791 1824//1824
f 1792//1792 1791//1791 1825//1825
f 1866//1866 1887//1887 1689//1689
f 1926//1926 1866//1866 1833//1833
f 1835//1835 1687//1687 1903//1903
f 1834//1834 1688//1688 1831//1831
f 1903//1903 1719//1719 1920//1920
f 1903//1903 1901//1901 1835//1835
f 1687//1687 1719//1719 1903//1903
f 1719//1719 1836//1836 1920//1920
f 1866//1866 1876//1876 1833//1833
f 1836//1836 1688//1688 1834//1834
f 1866//1866 1689//1689 1865//1865
f 1689//1689 1831//1831 1686//1686
f 1837//1837 1684//1684 1762//1762
f 1839//1839 1837//1837 1838//1838
f 1839//1839 1838//1838 1840//1840
f 1762//1762 1684//1684 1685//1685
f 1762//1762 1685//1685 1758//1758
f 1762//1762 1758//1758 1760//1760
f 1762//1762 1760//1760 1845//1845
f 1845//1845 1760//1760 1875//1875
f 1841//1841 1839//1839 1764//1764
f 1841//1841 1764//1764 1842//1842
f 1841//1841 1763//1763 1839//1839
f 1843//1843 1874//1874 1803//1803
f 1846//1846 1838//1838 1845//1845
f 1838//1838 1837//1837 1845//1845
f 1847//1847 1840//1840 1838//1838
f 1847//1847 1838//1838 1853//1853
f 1847//1847 1853//1853 1850//1850
f 1764//1764 1805//1805 1842//1842
f 1842//1842 1807//1807 1828//1828
f 1842//1842 1848//1848 1807//1807
f 1848//1848 1805//1805 1849//1849
f 1764//1764 1840//1840 1805//1805
f 1726//1726 1806//1806 1849//1849
f 1726//1726 1849//1849 1722//1722
f 1849//1849 1850//1850 1720//1720
f 1849//1849 1720//1720 1722//1722
f 1850//1850 1853//1853 1720//1720
f 1851//1851 1804//1804 1852//1852
f 1851//1851 1852//1852 1712//1712
f 1852//1852 1843//1843 1712//1712
f 1854//1854 1711//1711 1712//1712
f 1854//1854 1712//1712 1843//1843
f 1846//1846 1804//1804 1853//1853
f 1846//1846 1853//1853 1838//1838
f 1847//1847 1849//1849 1805//1805
f 1847//1847 1805//1805 1840//1840
f 1804//1804 1844//1844 1852//1852
f 1843//1843 1852//1852 1844//1844
f 1843//1843 1803//1803 1854//1854
f 1811//1811 1854//1854 1803//1803
f 1855//1855 1811//1811 1814//1814
f 1857//1857 1856//1856 1817//1817
f 1857//1857 1817//1817 1795//1795
f 1856//1856 1855//1855 1814//1814
f 1856//1856 1814//1814 1817//1817
f 1858//1858 1857//1857 1795//1795
f 1794//1794 1859//1859 1858//1858
f 1793//1793 1860//1860 1859//1859
f 1793//1793 1859//1859 1794//1794
f 1797//1797 1861//1861 1860//1860
f 1797//1797 1860//1860 1793//1793
f 1792//1792 1861//1861 1797//1797
f 1862//1862 1713//1713 1716//1716
f 1862//1862 1712//1712 1711//1711
f 1862//1862 1711//1711 1713//1713
f 1851//1851 1712//1712 1862//1862
f 1851//1851 1862//1862 1863//1863
f 1863//1863 1862//1862 1716//1716
f 1863//1863 1716//1716 1717//1717
f 1699//1699 1706//1706 1686//1686
f 1699//1699 1686//1686 1864//1864
f 1864//1864 1686//1686 1831//1831
f 1865//1865 1692//1692 1866//1866
f 1865//1865 1695//1695 1692//1692
f 1825//1825 1867//1867 1787//1787
f 1871//1871 1818//1818 1872//1872
f 1872//1872 1818//1818 1815//1815
f 1872//1872 1815//1815 1873//1873
f 1873//1873 1815//1815 1812//1812
f 1812//1812 1803//1803 1874//1874
f 1869//1869 1798//1798 1870//1870
f 1868//1868 1797//1797 1798//1798
f 1868//1868 1798//1798 1869//1869
f 1796//1796 1797//1797 1868//1868
f 1875//1875 1844//1844 1846//1846
f 1833//1833 1876//1876 1877//1877
f 1829//1829 1830//1830 1832//1832
f 1833//1833 1877//1877 1829//1829
f 1829//1829 1877//1877 1830//1830
f 1955//1955 1891//1891 1925//1925
f 1884//1884 1912//1912 1895//1895
f 1962//1962 1897//1897 1907//1907
f 1992//1992 1919//1919 1917//1917
f 1898//1898 1899//1899 1885//1885
f 1885//1885 1899//1899 1903//1903
f 1901//1901 1899//1899 1900//1900
f 1896//1896 1900//1900 1897//1897
f 1904//1904 1896//1896 1902//1902
f 1832//1832 1905//1905 1829//1829
f 1689//1689 1887//1887 1884//1884
f 1689//1689 1884//1884 1831//1831
f 1834//1834 1831//1831 1884//1884
f 1920//1920 1836//1836 1834//1834
f 1866//1866 1926//1926 1887//1887
f 1901//1901 1903//1903 1899//1899
f 1832//1832 1904//1904 1905//1905
f 1928//1928 1905//1905 1904//1904
f 1896//1896 1886//1886 1927//1927
f 1896//1896 1897//1897 1902//1902
f 1906//1906 1934//1934 1935//1935
f 1926//1926 1833//1833 1906//1906
f 1927//1927 1901//1901 1900//1900
f 1896//1896 1904//1904 1886//1886
f 1886//1886 1904//1904 1832//1832
f 1904//1904 1902//1902 1928//1928
f 1906//1906 1905//1905 1931//1931
f 1905//1905 1906//1906 1829//1829
f 1900//1900 1896//1896 1927//1927
f 1906//1906 1833//1833 1829//1829
f 1935//1935 1926//1926 1906//1906
f 1962//1962 1914//1914 1955//1955
f 1937//1937 1908//1908 1915//1915
f 1928//1928 1908//1908 1937//1937
f 1914//1914 1963//1963 1955//1955
f 1893//1893 1890//1890 1992//1992
f 1924//1924 1907//1907 1900//1900
f 1924//1924 1900//1900 1892//1892
f 1907//1907 1897//1897 1900//1900
f 1962//1962 1902//1902 1897//1897
f 1890//1890 1893//1893 1898//1898
f 1898//1898 1885//1885 1909//1909
f 1890//1890 1898//1898 1909//1909
f 1915//1915 1908//1908 1910//1910
f 1937//1937 1915//1915 1933//1933
f 1883//1883 1915//1915 1910//1910
f 1908//1908 1952//1952 1910//1910
f 1963//1963 1965//1965 1980//1980
f 1963//1963 1980//1980 1891//1891
f 1891//1891 1980//1980 1916//1916
f 1916//1916 1980//1980 1921//1921
f 1913//1913 1912//1912 1923//1923
f 1889//1889 1912//1912 1913//1913
f 1923//1923 1887//1887 1888//1888
f 1913//1913 1923//1923 1888//1888
f 1955//1955 1963//1963 1891//1891
f 1883//1883 1911//1911 1925//1925
f 1911//1911 1955//1955 1925//1925
f 1883//1883 1910//1910 1911//1911
f 1916//1916 1921//1921 1917//1917
f 1917//1917 1919//1919 1895//1895
f 1919//1919 1992//1992 1890//1890
f 1918//1918 1916//1916 1917//1917
f 1919//1919 1909//1909 1894//1894
f 1919//1919 1890//1890 1909//1909
f 1895//1895 1919//1919 1894//1894
f 1912//1912 1918//1918 1895//1895
f 1923//1923 1912//1912 1884//1884
f 1894//1894 1884//1884 1895//1895
f 1894//1894 1909//1909 1920//1920
f 1894//1894 1920//1920 1834//1834
f 1885//1885 1903//1903 1920//1920
f 1885//1885 1920//1920 1909//1909
f 1917//1917 1921//1921 1995//1995
f 1922//1922 1918//1918 1912//1912
f 1922//1922 1912//1912 1889//1889
f 1922//1922 1916//1916 1918//1918
f 1891//1891 1916//1916 1925//1925
f 1916//1916 1922//1922 1925//1925
f 1883//1883 1925//1925 1922//1922
f 1895//1895 1918//1918 1917//1917
f 1887//1887 1926//1926 1888//1888
f 1926//1926 1935//1935 1888//1888
f 1964//1964 1924//1924 1965//1965
f 1921//1921 1978//1978 1994//1994
f 1915//1915 1883//1883 1930//1930
f 1913//1913 1888//1888 1929//1929
f 1929//1929 1889//1889 1913//1913
f 1930//1930 1889//1889 1929//1929
f 1883//1883 1889//1889 1930//1930
f 1883//1883 1922//1922 1889//1889
f 1884//1884 1887//1887 1923//1923
f 1908//1908 1902//1902 1952//1952
f 1928//1928 1902//1902 1908//1908
f 1899//1899 1892//1892 1900//1900
f 1899//1899 1898//1898 1893//1893
f 1894//1894 1834//1834 1884//1884
f 1893//1893 1892//1892 1899//1899
f 1931//1931 1932//1932 1906//1906
f 1932//1932 1934//1934 1906//1906
f 1928//1928 1931//1931 1905//1905
f 1937//1937 1931//1931 1928//1928
f 1937//1937 1932//1932 1931//1931
f 1936//1936 1932//1932 1937//1937
f 1934//1934 1932//1932 1940//1940
f 1933//1933 1915//1915 1930//1930
f 1929//1929 1933//1933 1930//1930
f 1938//1938 1933//1933 1929//1929
f 1935//1935 1938//1938 1929//1929
f 1934//1934 1938//1938 1935//1935
f 1935//1935 1929//1929 1888//1888
f 1934//1934 1940//1940 1938//1938
f 1933//1933 1948//1948 1937//1937
f 1940//1940 1932//1932 1939//1939
f 1933//1933 1938//1938 1940//1940
f 1948//1948 1933//1933 1947//1947
f 1939//1939 1936//1936 1943//1943
f 1932//1932 1936//1936 1939//1939
f 1944//1944 1940//1940 1942//1942
f 1944//1944 1947//1947 1933//1933
f 1939//1939 1943//1943 1942//1942
f 1940//1940 1939//1939 1942//1942
f 1936//1936 1937//1937 1948//1948
f 1944//1944 1933//1933 1940//1940
f 1943//1943 1947//1947 1945//1945
f 1942//1942 1943//1943 1945//1945
f 1941//1941 1945//1945 1946//1946
f 1944//1944 1942//1942 1941//1941
f 1946//1946 1947//1947 1944//1944
f 1943//1943 1948//1948 1947//1947
f 1936//1936 1948//1948 1943//1943
f 1946//1946 1945//1945 1947//1947
f 1941//1941 1946//1946 1944//1944
f 1941//1941 1942//1942 1945//1945
f 1957//1957 1954//1954 1950//1950
f 1950//1950 1962//1962 1951//1951
f 1957//1957 1951//1951 1959//1959
f 1910//1910 1952//1952 1911//1911
f 1951//1951 1957//1957 1950//1950
f 1911//1911 1952//1952 1954//1954
f 1955//1955 1954//1954 1949//1949
f 1955//1955 1911//1911 1954//1954
f 1949//1949 1962//1962 1955//1955
f 1952//1952 1950//1950 1954//1954
f 1949//1949 1954//1954 1956//1956
f 1959//1959 1951//1951 1949//1949
f 1953//1953 1902//1902 1962//1962
f 1952//1952 1902//1902 1953//1953
f 1950//1950 1952//1952 1953//1953
f 1950//1950 1953//1953 1962//1962
f 1949//1949 1951//1951 1962//1962
f 1954//1954 1957//1957 1956//1956
f 1956//1956 1958//1958 1949//1949
f 1958//1958 1959//1959 1949//1949
f 1960//1960 1959//1959 1958//1958
f 1957//1957 1959//1959 1960//1960
f 1961//1961 1958//1958 1956//1956
f 1956//1956 1957//1957 1960//1960
f 1960//1960 1958//1958 1961//1961
f 1956//1956 1960//1960 1961//1961
f 1907//1907 1924//1924 1964//1964
f 1963//1963 1914//1914 1970//1970
f 1967//1967 1964//1964 1965//1965
f 1962//1962 1907//1907 1914//1914
f 1964//1964 1967//1967 1966//1966
f 1907//1907 1964//1964 1966//1966
f 1963//1963 1970//1970 1973//1973
f 1973//1973 1965//1965 1963//1963
f 1907//1907 1966//1966 1914//1914
f 1914//1914 1966//1966 1970//1970
f 1967//1967 1965//1965 1973//1973
f 1966//1966 1968//1968 1970//1970
f 1968//1968 1967//1967 1969//1969
f 1970//1970 1968//1968 1972//1972
f 1968//1968 1966//1966 1967//1967
f 1971//1971 1970//1970 1972//1972
f 1973//1973 1970//1970 1971//1971
f 1969//1969 1973//1973 1971//1971
f 1969//1969 1967//1967 1973//1973
f 1975//1975 1976//1976 1974//1974
f 1971//1971 1972//1972 1975//1975
f 1971//1971 1975//1975 1977//1977
f 1969//1969 1971//1971 1977//1977
f 1977//1977 1974//1974 1969//1969
f 1975//1975 1974//1974 1977//1977
f 1974//1974 1968//1968 1969//1969
f 1972//1972 1976//1976 1975//1975
f 1968//1968 1976//1976 1972//1972
f 1968//1968 1974//1974 1976//1976
f 1980//1980 1924//1924 1986//1986
f 1965//1965 1924//1924 1980//1980
f 1984//1984 1982//1982 1978//1978
f 1986//1986 1924//1924 1979//1979
f 1979//1979 1978//1978 1982//1982
f 1979//1979 1924//1924 1978//1978
f 1924//1924 1892//1892 1978//1978
f 1987//1987 1984//1984 1921//1921
f 1984//1984 1978//1978 1921//1921
f 1987//1987 1980//1980 1986//1986
f 1921//1921 1980//1980 1987//1987
f 1983//1983 1982//1982 1988//1988
f 1979//1979 1983//1983 1986//1986
f 1988//1988 1989//1989 1983//1983
f 1981//1981 1988//1988 1984//1984
f 1988//1988 1982//1982 1984//1984
f 1986//1986 1985//1985 1987//1987
f 1987//1987 1981//1981 1984//1984
f 1985//1985 1983//1983 1989//1989
f 1987//1987 1985//1985 1981//1981
f 1986//1986 1983//1983 1985//1985
f 1983//1983 1979//1979 1982//1982
f 1989//1989 1991//1991 1985//1985
f 1991//1991 1990//1990 1981//1981
f 1985//1985 1991//1991 1981//1981
f 1989//1989 1988//1988 1990//1990
f 1990//1990 1988//1988 1981//1981
f 1989//1989 1990//1990 1991//1991
f 1978//1978 1892//1892 1993//1993
f 1978//1978 1993//1993 1994//1994
f 1995//1995 1921//1921 1994//1994
f 1998//1998 1993//1993 1992//1992
f 1998//1998 1994//1994 1993//1993
f 1993//1993 1893//1893 1992//1992
f 1993//1993 1892//1892 1893//1893
f 1995//1995 1992//1992 1917//1917
f 1998//1998 1992//1992 1995//1995
f 1994//1994 1998//1998 1996//1996
f 1997//1997 1998//1998 1995//1995
f 1997//1997 1996//1996 1998//1998
f 1996//1996 1997//1997 1995//1995
f 1994//1994 1996//1996 1995//1995
f 1999//1999 1996//1996 1997//1997
f 1997//1997 1996//1996 1999//1999
f 2171//2171 2170//2170 2124//2124
f 2164//2164 2163//2163 2169//2169
f 2160//2160 2139//2139 2167//2167
f 2131//2131 2130//2130 2148//2148
f 2136//2136 2139//2139 2192//2192
f 2047//2047 2129//2129 2130//2130
f 2100//2100 2209//2209 2101//2101
f 2099//2099 2205//2205 2103//2103
f 2196//2196 2070//2070 2074//2074
f 2065//2065 2070//2070 2066//2066
f 2059//2059 2060//2060 2180//2180
f 2032//2032 2026//2026 2315//2315
f 692//692 2168//2168 2144//2144
f 2052//2052 2179//2179 2053//2053
f 2003//2003 2001//2001 2002//2002
f 2190//2190 2064//2064 2184//2184
f 2111//2111 2224//2224 2223//2223
f 2236//2236 2256//2256 2260//2260
f 2299//2299 2253//2253 2315//2315
f 2322//2322 2275//2275 2321//2321
f 2253//2253 2295//2295 2315//2315
f 2330//2330 2309//2309 2283//2283
f 2154//2154 2155//2155 2173//2173
f 2173//2173 2171//2171 2154//2154
f 2172//2172 2171//2171 2227//2227
f 2154//2154 2171//2171 2153//2153
f 2171//2171 2124//2124 2153//2153
f 2155//2155 2154//2154 2149//2149
f 2166//2166 2168//2168 691//691
f 2168//2168 692//692 691//691
f 2168//2168 2143//2143 2144//2144
f 2159//2159 2164//2164 2169//2169
f 2069//2069 2165//2165 2158//2158
f 2069//2069 2083//2083 2165//2165
f 2083//2083 2078//2078 2162//2162
f 2083//2083 2162//2162 2165//2165
f 2078//2078 2134//2134 2162//2162
f 2134//2134 2161//2161 2162//2162
f 2134//2134 2133//2133 2161//2161
f 2072//2072 2191//2191 2133//2133
f 2167//2167 2168//2168 2166//2166
f 2168//2168 2138//2138 2143//2143
f 2167//2167 2139//2139 2168//2168
f 2139//2139 2138//2138 2168//2168
f 2160//2160 2192//2192 2139//2139
f 693//693 2166//2166 691//691
f 693//693 2169//2169 2166//2166
f 2169//2169 2167//2167 2166//2166
f 2163//2163 2160//2160 2167//2167
f 2167//2167 2169//2169 2163//2163
f 2158//2158 2165//2165 2164//2164
f 2158//2158 2164//2164 2159//2159
f 2165//2165 2163//2163 2164//2164
f 2165//2165 2162//2162 2163//2163
f 2162//2162 2160//2160 2163//2163
f 2162//2162 2161//2161 2160//2160
f 2161//2161 2192//2192 2160//2160
f 2220//2220 2226//2226 2215//2215
f 2220//2220 2115//2115 623//623
f 2215//2215 2146//2146 2220//2220
f 2146//2146 2147//2147 2220//2220
f 2147//2147 2223//2223 2220//2220
f 2118//2118 2157//2157 2122//2122
f 2156//2156 2153//2153 2151//2151
f 2153//2153 2225//2225 2151//2151
f 2153//2153 2124//2124 2225//2225
f 2122//2122 2157//2157 2152//2152
f 2122//2122 2152//2152 2117//2117
f 2157//2157 2156//2156 2152//2152
f 2151//2151 2152//2152 2156//2156
f 2120//2120 2150//2150 2149//2149
f 2154//2154 2156//2156 2157//2157
f 2154//2154 2153//2153 2156//2156
f 2152//2152 747//747 2221//2221
f 2117//2117 2152//2152 2025//2025
f 2152//2152 2225//2225 747//747
f 2149//2149 2157//2157 2118//2118
f 2149//2149 2154//2154 2157//2157
f 2150//2150 2155//2155 2149//2149
f 2129//2129 2128//2128 2148//2148
f 2129//2129 2148//2148 2130//2130
f 2132//2132 2003//2003 2176//2176
f 2132//2132 2176//2176 2175//2175
f 2148//2148 2141//2141 2142//2142
f 2148//2148 2142//2142 2131//2131
f 2125//2125 731//731 2218//2218
f 2125//2125 2218//2218 2126//2126
f 2125//2125 2035//2035 2036//2036
f 2125//2125 2036//2036 2145//2145
f 2145//2145 2216//2216 731//731
f 2145//2145 731//731 2125//2125
f 2147//2147 2146//2146 2145//2145
f 2147//2147 2145//2145 2036//2036
f 2146//2146 2215//2215 2216//2216
f 2146//2146 2216//2216 2145//2145
f 2072//2072 2135//2135 2191//2191
f 2072//2072 2193//2193 2135//2135
f 2193//2193 2013//2013 2135//2135
f 2012//2012 2005//2005 2009//2009
f 2012//2012 2009//2009 2013//2013
f 2004//2004 2132//2132 2010//2010
f 2004//2004 2010//2010 2006//2006
f 2132//2132 2175//2175 2178//2178
f 2132//2132 2178//2178 2010//2010
f 2010//2010 2178//2178 2177//2177
f 2010//2010 2177//2177 711//711
f 2138//2138 2014//2014 2143//2143
f 2139//2139 2136//2136 2138//2138
f 2136//2136 2137//2137 2138//2138
f 2137//2137 2014//2014 2138//2138
f 2008//2008 2014//2014 2137//2137
f 2136//2136 2135//2135 2013//2013
f 2136//2136 2192//2192 2191//2191
f 2136//2136 2191//2191 2135//2135
f 2073//2073 2134//2134 2078//2078
f 2073//2073 2133//2133 2134//2134
f 2072//2072 2133//2133 2071//2071
f 2071//2071 2193//2193 2072//2072
f 2001//2001 2005//2005 2012//2012
f 2001//2001 2012//2012 2183//2183
f 2003//2003 2132//2132 2004//2004
f 2179//2179 2176//2176 2003//2003
f 2179//2179 2003//2003 2002//2002
f 2052//2052 2047//2047 2130//2130
f 2052//2052 2130//2130 2131//2131
f 2042//2042 2127//2127 2129//2129
f 2042//2042 2129//2129 2047//2047
f 2127//2127 2217//2217 2128//2128
f 2127//2127 2128//2128 2129//2129
f 2034//2034 2126//2126 2127//2127
f 2034//2034 2127//2127 2042//2042
f 2126//2126 2218//2218 2217//2217
f 2126//2126 2217//2217 2127//2127
f 2126//2126 2034//2034 2035//2035
f 2126//2126 2035//2035 2125//2125
f 2124//2124 2170//2170 2123//2123
f 2225//2225 2124//2124 2123//2123
f 2201//2201 2228//2228 2119//2119
f 2201//2201 2119//2119 2202//2202
f 2201//2201 2202//2202 2198//2198
f 2121//2121 2098//2098 2019//2019
f 2212//2212 2097//2097 2098//2098
f 2119//2119 2120//2120 2097//2097
f 2116//2116 2212//2212 2121//2121
f 2121//2121 2104//2104 2116//2116
f 2105//2105 2117//2117 2025//2025
f 2205//2205 2117//2117 2105//2105
f 2199//2199 2198//2198 2202//2202
f 2199//2199 2202//2202 2116//2116
f 2314//2314 2208//2208 2236//2236
f 2314//2314 2017//2017 2210//2210
f 2236//2236 2208//2208 2027//2027
f 2027//2027 2208//2208 2021//2021
f 2030//2030 2027//2027 2021//2021
f 2030//2030 2021//2021 2024//2024
f 2100//2100 2108//2108 2022//2022
f 2100//2100 2022//2022 2209//2209
f 2108//2108 2109//2109 2023//2023
f 2108//2108 2023//2023 2022//2022
f 2109//2109 2038//2038 2039//2039
f 2109//2109 2039//2039 2023//2023
f 2037//2037 2222//2222 2223//2223
f 2037//2037 2223//2223 2147//2147
f 2224//2224 2114//2114 2115//2115
f 2113//2113 2106//2106 2112//2112
f 2106//2106 617//617 2112//2112
f 2186//2186 2185//2185 2222//2222
f 2186//2186 2222//2222 2037//2037
f 2185//2185 2111//2111 2222//2222
f 2107//2107 2206//2206 2204//2204
f 2206//2206 2110//2110 2204//2204
f 2038//2038 2109//2109 2187//2187
f 2038//2038 2187//2187 2186//2186
f 2109//2109 2108//2108 2213//2213
f 2109//2109 2213//2213 2187//2187
f 2213//2213 2206//2206 2107//2107
f 2206//2206 2207//2207 2110//2110
f 2207//2207 2102//2102 2106//2106
f 2207//2207 2106//2106 2110//2110
f 2102//2102 2205//2205 2105//2105
f 2102//2102 2105//2105 2106//2106
f 2018//2018 2248//2248 2019//2019
f 2017//2017 2020//2020 2211//2211
f 2018//2018 2098//2098 2103//2103
f 2018//2018 2020//2020 2017//2017
f 2103//2103 2098//2098 2099//2099
f 2102//2102 2020//2020 2103//2103
f 2102//2102 2103//2103 2205//2205
f 2101//2101 2211//2211 2020//2020
f 2101//2101 2020//2020 2102//2102
f 2098//2098 2097//2097 2099//2099
f 2097//2097 2096//2096 2099//2099
f 2099//2099 2118//2118 2122//2122
f 2099//2099 2122//2122 2205//2205
f 2096//2096 2149//2149 2118//2118
f 2097//2097 2120//2120 2096//2096
f 2120//2120 2149//2149 2096//2096
f 2063//2063 2031//2031 2051//2051
f 2063//2063 2051//2051 2056//2056
f 2031//2031 2032//2032 2046//2046
f 2031//2031 2046//2046 2051//2051
f 2229//2229 2033//2033 2032//2032
f 2318//2318 2095//2095 2031//2031
f 2318//2318 2031//2031 2063//2063
f 2026//2026 2032//2032 2031//2031
f 2026//2026 2031//2031 2095//2095
f 2023//2023 2039//2039 2029//2029
f 2023//2023 2029//2029 2024//2024
f 2068//2068 2093//2093 2067//2067
f 2093//2093 2094//2094 2067//2067
f 2093//2093 2091//2091 2094//2094
f 2091//2091 2087//2087 2094//2094
f 2087//2087 2086//2086 2094//2094
f 2092//2092 2091//2091 2093//2093
f 2091//2091 2089//2089 2087//2087
f 2089//2089 2088//2088 2087//2087
f 2088//2088 2086//2086 2087//2087
f 2088//2088 2317//2317 2086//2086
f 2086//2086 2317//2317 2234//2234
f 2324//2324 2323//2323 2082//2082
f 2325//2325 2077//2077 2082//2082
f 2325//2325 2082//2082 2323//2323
f 2194//2194 2083//2083 2069//2069
f 2082//2082 2085//2085 2324//2324
f 2082//2082 2081//2081 2085//2085
f 2081//2081 2084//2084 2085//2085
f 2081//2081 2080//2080 2084//2084
f 2080//2080 2079//2079 2194//2194
f 2080//2080 2194//2194 2084//2084
f 2079//2079 2078//2078 2083//2083
f 2079//2079 2083//2083 2194//2194
f 2080//2080 2075//2075 2079//2079
f 2075//2075 2073//2073 2078//2078
f 2075//2075 2078//2078 2079//2079
f 2082//2082 2077//2077 2081//2081
f 2195//2195 2075//2075 2080//2080
f 2195//2195 2080//2080 2076//2076
f 2074//2074 2073//2073 2075//2075
f 2190//2190 2074//2074 2070//2070
f 2190//2190 2071//2071 2074//2074
f 2075//2075 2195//2195 2074//2074
f 2015//2015 2016//2016 2195//2195
f 2015//2015 2195//2195 2076//2076
f 2065//2065 2064//2064 2070//2070
f 2064//2064 2190//2190 2070//2070
f 2196//2196 2016//2016 2066//2066
f 2196//2196 2066//2066 2070//2070
f 2195//2195 2196//2196 2074//2074
f 2016//2016 2321//2321 2066//2066
f 2319//2319 2062//2062 2066//2066
f 2319//2319 2066//2066 2321//2321
f 2062//2062 2061//2061 2065//2065
f 2062//2062 2065//2065 2066//2066
f 2061//2061 2060//2060 2064//2064
f 2061//2061 2064//2064 2065//2065
f 2060//2060 2059//2059 2184//2184
f 2060//2060 2184//2184 2064//2064
f 2059//2059 2058//2058 2184//2184
f 2188//2188 2001//2001 2183//2183
f 2188//2188 2183//2183 2189//2189
f 2318//2318 2063//2063 2062//2062
f 2318//2318 2062//2062 2319//2319
f 2063//2063 2056//2056 2061//2061
f 2063//2063 2061//2061 2062//2062
f 2056//2056 2060//2060 2061//2061
f 2180//2180 2181//2181 2058//2058
f 2180//2180 2058//2058 2059//2059
f 2182//2182 2188//2188 2181//2181
f 2056//2056 2055//2055 2180//2180
f 2055//2055 2057//2057 2180//2180
f 2053//2053 2182//2182 2057//2057
f 2053//2053 2057//2057 2054//2054
f 2053//2053 2179//2179 2002//2002
f 2053//2053 2002//2002 2182//2182
f 2051//2051 2050//2050 2055//2055
f 2051//2051 2055//2055 2056//2056
f 2048//2048 2053//2053 2054//2054
f 2048//2048 2054//2054 2049//2049
f 2048//2048 2047//2047 2052//2052
f 2048//2048 2052//2052 2053//2053
f 2046//2046 2045//2045 2050//2050
f 2046//2046 2050//2050 2051//2051
f 2043//2043 2048//2048 2049//2049
f 2043//2043 2049//2049 2044//2044
f 2043//2043 2042//2042 2047//2047
f 2043//2043 2047//2047 2048//2048
f 2033//2033 2041//2041 2045//2045
f 2033//2033 2045//2045 2046//2046
f 2041//2041 2040//2040 2045//2045
f 2034//2034 2043//2043 2044//2044
f 2034//2034 2044//2044 2040//2040
f 2034//2034 2042//2042 2043//2043
f 2039//2039 2041//2041 2033//2033
f 2041//2041 2038//2038 2040//2040
f 2034//2034 2040//2040 2214//2214
f 2034//2034 2214//2214 2035//2035
f 2039//2039 2038//2038 2041//2041
f 2037//2037 2035//2035 2214//2214
f 2037//2037 2214//2214 2186//2186
f 2037//2037 2147//2147 2036//2036
f 2037//2037 2036//2036 2035//2035
f 2030//2030 2024//2024 2029//2029
f 2028//2028 2027//2027 2030//2030
f 2033//2033 2046//2046 2032//2032
f 2210//2210 2208//2208 2314//2314
f 2248//2248 2017//2017 2314//2314
f 2017//2017 2211//2211 2210//2210
f 2028//2028 2030//2030 2029//2029
f 2315//2315 2229//2229 2032//2032
f 2315//2315 2326//2326 2229//2229
f 2024//2024 2022//2022 2023//2023
f 2024//2024 2021//2021 2022//2022
f 2210//2210 2211//2211 2209//2209
f 2208//2208 2210//2210 2209//2209
f 2018//2018 2019//2019 2098//2098
f 2017//2017 2248//2248 2018//2018
f 2321//2321 2016//2016 2322//2322
f 2015//2015 2320//2320 2322//2322
f 2015//2015 2322//2322 2016//2016
f 2007//2007 2137//2137 2009//2009
f 2137//2137 2013//2013 2009//2009
f 2013//2013 2011//2011 2012//2012
f 2010//2010 711//711 2007//2007
f 2010//2010 2007//2007 2006//2006
f 2137//2137 2007//2007 2008//2008
f 2182//2182 2002//2002 2001//2001
f 2182//2182 2001//2001 2188//2188
f 2142//2142 2175//2175 2176//2176
f 2142//2142 2176//2176 2131//2131
f 2142//2142 2140//2140 2178//2178
f 2142//2142 2178//2178 2175//2175
f 2052//2052 2131//2131 2176//2176
f 2052//2052 2176//2176 2179//2179
f 2007//2007 2009//2009 2006//2006
f 2009//2009 2005//2005 2004//2004
f 2009//2009 2004//2004 2006//2006
f 2005//2005 2001//2001 2003//2003
f 2005//2005 2003//2003 2004//2004
f 2056//2056 2180//2180 2060//2060
f 2180//2180 2057//2057 2181//2181
f 2182//2182 2181//2181 2057//2057
f 2011//2011 2000//2000 2183//2183
f 2011//2011 2183//2183 2012//2012
f 2184//2184 2189//2189 2190//2190
f 2189//2189 2183//2183 2000//2000
f 2185//2185 2107//2107 2111//2111
f 2186//2186 2187//2187 2185//2185
f 2187//2187 2213//2213 2107//2107
f 2187//2187 2107//2107 2185//2185
f 2058//2058 2188//2188 2189//2189
f 2058//2058 2189//2189 2184//2184
f 2181//2181 2188//2188 2058//2058
f 2054//2054 2057//2057 2055//2055
f 2049//2049 2054//2054 2055//2055
f 2049//2049 2055//2055 2050//2050
f 2044//2044 2049//2049 2050//2050
f 2044//2044 2050//2050 2045//2045
f 2040//2040 2044//2044 2045//2045
f 2038//2038 2214//2214 2040//2040
f 2186//2186 2214//2214 2038//2038
f 2193//2193 2011//2011 2013//2013
f 2137//2137 2136//2136 2013//2013
f 2193//2193 2000//2000 2011//2011
f 2193//2193 2071//2071 2190//2190
f 2193//2193 2190//2190 2000//2000
f 2189//2189 2000//2000 2190//2190
f 2133//2133 2191//2191 2161//2161
f 2161//2161 2191//2191 2192//2192
f 2133//2133 2073//2073 2071//2071
f 2074//2074 2071//2071 2073//2073
f 2194//2194 2068//2068 2084//2084
f 2068//2068 2067//2067 2084//2084
f 2086//2086 2234//2234 2324//2324
f 2324//2324 2085//2085 2094//2094
f 2324//2324 2094//2094 2086//2086
f 2067//2067 2094//2094 2085//2085
f 2067//2067 2085//2085 2084//2084
f 2320//2320 2015//2015 2077//2077
f 2320//2320 2077//2077 2325//2325
f 2076//2076 2080//2080 2081//2081
f 2015//2015 2076//2076 2081//2081
f 2015//2015 2081//2081 2077//2077
f 2016//2016 2196//2196 2195//2195
f 750//750 2197//2197 2091//2091
f 750//750 2091//2091 2092//2092
f 750//750 2090//2090 2197//2197
f 2197//2197 2089//2089 2091//2091
f 2197//2197 2316//2316 2088//2088
f 2197//2197 2088//2088 2089//2089
f 2090//2090 2316//2316 2197//2197
f 2090//2090 2200//2200 2316//2316
f 2316//2316 2317//2317 2088//2088
f 2201//2201 2198//2198 750//750
f 2198//2198 2090//2090 750//750
f 2198//2198 2199//2199 2090//2090
f 2199//2199 2200//2200 2090//2090
f 2200//2200 2199//2199 2116//2116
f 2200//2200 2116//2116 2290//2290
f 2228//2228 675//675 2174//2174
f 2107//2107 2204//2204 2224//2224
f 2111//2111 2107//2107 2224//2224
f 2227//2227 2173//2173 2174//2174
f 2174//2174 670//670 2227//2227
f 2205//2205 2122//2122 2117//2117
f 2108//2108 2100//2100 2206//2206
f 2108//2108 2206//2206 2213//2213
f 2100//2100 2207//2207 2206//2206
f 2100//2100 2101//2101 2207//2207
f 2101//2101 2102//2102 2207//2207
f 2021//2021 2208//2208 2209//2209
f 2021//2021 2209//2209 2022//2022
f 2209//2209 2211//2211 2101//2101
f 2020//2020 2018//2018 2103//2103
f 2212//2212 2119//2119 2097//2097
f 2121//2121 2212//2212 2098//2098
f 2104//2104 2121//2121 2019//2019
f 2104//2104 2019//2019 2284//2284
f 2172//2172 2203//2203 2219//2219
f 2171//2171 2172//2172 2219//2219
f 2171//2171 2219//2219 2170//2170
f 2120//2120 2119//2119 2150//2150
f 2290//2290 2104//2104 2232//2232
f 2290//2290 2116//2116 2104//2104
f 2212//2212 2116//2116 2202//2202
f 2212//2212 2202//2202 2119//2119
f 2220//2220 2223//2223 2115//2115
f 2025//2025 2152//2152 2221//2221
f 2115//2115 2223//2223 2224//2224
f 2224//2224 2204//2204 2114//2114
f 2204//2204 2110//2110 2113//2113
f 2204//2204 2113//2113 2114//2114
f 2110//2110 2106//2106 2113//2113
f 2106//2106 2105//2105 617//617
f 2105//2105 2025//2025 617//617
f 2222//2222 2111//2111 2223//2223
f 2151//2151 2225//2225 2152//2152
f 2225//2225 2123//2123 747//747
f 2220//2220 623//623 2226//2226
f 2155//2155 2174//2174 2173//2173
f 2171//2171 2173//2173 2227//2227
f 2150//2150 2228//2228 2155//2155
f 2150//2150 2119//2119 2228//2228
f 2155//2155 2228//2228 2174//2174
f 2029//2029 2039//2039 2033//2033
f 2029//2029 2033//2033 2229//2229
f 2028//2028 2029//2029 2229//2229
f 2229//2229 2326//2326 2028//2028
f 2317//2317 2273//2273 2234//2234
f 2234//2234 2273//2273 2231//2231
f 2234//2234 2231//2231 2274//2274
f 2235//2235 2272//2272 2271//2271
f 2235//2235 2271//2271 2323//2323
f 2235//2235 2274//2274 2272//2272
f 2323//2323 2271//2271 2276//2276
f 2323//2323 2276//2276 2325//2325
f 2236//2236 2027//2027 2255//2255
f 2027//2027 2028//2028 2254//2254
f 2027//2027 2254//2254 2255//2255
f 2274//2274 2231//2231 2263//2263
f 2230//2230 2274//2274 2263//2263
f 2264//2264 2251//2251 2310//2310
f 2255//2255 2288//2288 2268//2268
f 2297//2297 2288//2288 2255//2255
f 2253//2253 2294//2294 2295//2295
f 2293//2293 2262//2262 2261//2261
f 2245//2245 2292//2292 2244//2244
f 2291//2291 2269//2269 2244//2244
f 2318//2318 2245//2245 2246//2246
f 2247//2247 2318//2318 2246//2246
f 2252//2252 2247//2247 2286//2286
f 2252//2252 2286//2286 2287//2287
f 2253//2253 2299//2299 2267//2267
f 2285//2285 2246//2246 2245//2245
f 2285//2285 2245//2245 2269//2269
f 2282//2282 2264//2264 2310//2310
f 2239//2239 2240//2240 2265//2265
f 2300//2300 2301//2301 2291//2291
f 2300//2300 2291//2291 2242//2242
f 2270//2270 2269//2269 2302//2302
f 2270//2270 2302//2302 2338//2338
f 2266//2266 2270//2270 2338//2338
f 2266//2266 2338//2338 2335//2335
f 2291//2291 2301//2301 2302//2302
f 2291//2291 2302//2302 2269//2269
f 2233//2233 2250//2250 2283//2283
f 2233//2233 2283//2283 2309//2309
f 2238//2238 2327//2327 2303//2303
f 2268//2268 2442//2442 2327//2327
f 2296//2296 2442//2442 2268//2268
f 2256//2256 2304//2304 2259//2259
f 2256//2256 2238//2238 2303//2303
f 2256//2256 2303//2303 2304//2304
f 2298//2298 2306//2306 2305//2305
f 2298//2298 2305//2305 2267//2267
f 2266//2266 2335//2335 2307//2307
f 2266//2266 2307//2307 2287//2287
f 2292//2292 2245//2245 2319//2319
f 2292//2292 2319//2319 2321//2321
f 2245//2245 2318//2318 2319//2319
f 2318//2318 2247//2247 2095//2095
f 2247//2247 2252//2252 2026//2026
f 2247//2247 2026//2026 2095//2095
f 2295//2295 2326//2326 2315//2315
f 2264//2264 2281//2281 2251//2251
f 2239//2239 2265//2265 2263//2263
f 2239//2239 2263//2263 2231//2231
f 2293//2293 2263//2263 2265//2265
f 2293//2293 2261//2261 2230//2230
f 2243//2243 2261//2261 2262//2262
f 2242//2242 2291//2291 2244//2244
f 2242//2242 2244//2244 2243//2243
f 2259//2259 2308//2308 2258//2258
f 2308//2308 2332//2332 2257//2257
f 2308//2308 2257//2257 2258//2258
f 2332//2332 2283//2283 2257//2257
f 2236//2236 2260//2260 2314//2314
f 2260//2260 2249//2249 2314//2314
f 2249//2249 2248//2248 2314//2314
f 2256//2256 2237//2237 2238//2238
f 2249//2249 2260//2260 2258//2258
f 2256//2256 2259//2259 2260//2260
f 2259//2259 2258//2258 2260//2260
f 2256//2256 2236//2236 2237//2237
f 2255//2255 2237//2237 2236//2236
f 2255//2255 2254//2254 2297//2297
f 2254//2254 2326//2326 2297//2297
f 2233//2233 2232//2232 2250//2250
f 2261//2261 2243//2243 2276//2276
f 2321//2321 2275//2275 2292//2292
f 2247//2247 2246//2246 2285//2285
f 2247//2247 2285//2285 2286//2286
f 2245//2245 2244//2244 2269//2269
f 2238//2238 2268//2268 2327//2327
f 2237//2237 2255//2255 2268//2268
f 2237//2237 2268//2268 2238//2238
f 2322//2322 2320//2320 2275//2275
f 2323//2323 2324//2324 2235//2235
f 2249//2249 2019//2019 2248//2248
f 2230//2230 2272//2272 2274//2274
f 2230//2230 2261//2261 2271//2271
f 2230//2230 2271//2271 2272//2272
f 2271//2271 2261//2261 2276//2276
f 2234//2234 2274//2274 2235//2235
f 2234//2234 2235//2235 2324//2324
f 2325//2325 2276//2276 2275//2275
f 2325//2325 2275//2275 2320//2320
f 2292//2292 2275//2275 2243//2243
f 2276//2276 2243//2243 2275//2275
f 2293//2293 2240//2240 2241//2241
f 2316//2316 2277//2277 2317//2317
f 2277//2277 2273//2273 2317//2317
f 2277//2277 2278//2278 2231//2231
f 2277//2277 2231//2231 2273//2273
f 2278//2278 2279//2279 2239//2239
f 2278//2278 2239//2239 2231//2231
f 2278//2278 2264//2264 2279//2279
f 2279//2279 2280//2280 2239//2239
f 2264//2264 2280//2280 2279//2279
f 2280//2280 2311//2311 2240//2240
f 2280//2280 2240//2240 2239//2239
f 2200//2200 2281//2281 2316//2316
f 2281//2281 2277//2277 2316//2316
f 2281//2281 2278//2278 2277//2277
f 2281//2281 2264//2264 2278//2278
f 2264//2264 2282//2282 2280//2280
f 2282//2282 2311//2311 2280//2280
f 2290//2290 2251//2251 2281//2281
f 2290//2290 2281//2281 2200//2200
f 2250//2250 2257//2257 2283//2283
f 2250//2250 2232//2232 2284//2284
f 2284//2284 2232//2232 2104//2104
f 2258//2258 2257//2257 2250//2250
f 2258//2258 2250//2250 2249//2249
f 2250//2250 2284//2284 2249//2249
f 2249//2249 2284//2284 2019//2019
f 2269//2269 2270//2270 2285//2285
f 2270//2270 2266//2266 2286//2286
f 2270//2270 2286//2286 2285//2285
f 2287//2287 2286//2286 2266//2266
f 2298//2298 2299//2299 2287//2287
f 2296//2296 2294//2294 2267//2267
f 2312//2312 2289//2289 2233//2233
f 2312//2312 2233//2233 2309//2309
f 2312//2312 2310//2310 2289//2289
f 2310//2310 2251//2251 2289//2289
f 2289//2289 2290//2290 2233//2233
f 2251//2251 2290//2290 2289//2289
f 2290//2290 2232//2232 2233//2233
f 2313//2313 2300//2300 2242//2242
f 2262//2262 2313//2313 2242//2242
f 2262//2262 2242//2242 2243//2243
f 2293//2293 2241//2241 2313//2313
f 2293//2293 2313//2313 2262//2262
f 2243//2243 2244//2244 2292//2292
f 2293//2293 2230//2230 2263//2263
f 2265//2265 2240//2240 2293//2293
f 2253//2253 2267//2267 2294//2294
f 2297//2297 2295//2295 2294//2294
f 2267//2267 2305//2305 2439//2439
f 2267//2267 2439//2439 2296//2296
f 2296//2296 2288//2288 2294//2294
f 2294//2294 2288//2288 2297//2297
f 2296//2296 2439//2439 2442//2442
f 2254//2254 2028//2028 2326//2326
f 2295//2295 2297//2297 2326//2326
f 2268//2268 2288//2288 2296//2296
f 2026//2026 2252//2252 2299//2299
f 2026//2026 2299//2299 2315//2315
f 2252//2252 2287//2287 2299//2299
f 2287//2287 2307//2307 2306//2306
f 2287//2287 2306//2306 2298//2298
f 2267//2267 2299//2299 2298//2298
f 2460//2460 2437//2437 2301//2301
f 2460//2460 2301//2301 2300//2300
f 2338//2338 2302//2302 2337//2337
f 2437//2437 2337//2337 2302//2302
f 2437//2437 2302//2302 2301//2301
f 2304//2304 2334//2334 2259//2259
f 2306//2306 2449//2449 2305//2305
f 2335//2335 2336//2336 2307//2307
f 2334//2334 2332//2332 2308//2308
f 2334//2334 2308//2308 2259//2259
f 2331//2331 2330//2330 2283//2283
f 2331//2331 2283//2283 2332//2332
f 2330//2330 2329//2329 2309//2309
f 2282//2282 2310//2310 2328//2328
f 2456//2456 2240//2240 2311//2311
f 2457//2457 2456//2456 2311//2311
f 2457//2457 2311//2311 2282//2282
f 2328//2328 2310//2310 2312//2312
f 2312//2312 2309//2309 2329//2329
f 2312//2312 2329//2329 2435//2435
f 2328//2328 2312//2312 2435//2435
f 2456//2456 2241//2241 2240//2240
f 2449//2449 2439//2439 2305//2305
f 2336//2336 2306//2306 2307//2307
f 2099//2099 2096//2096 2118//2118
f 2441//2441 2440//2440 2367//2367
f 2413//2413 2371//2371 2443//2443
f 2353//2353 2429//2429 2466//2466
f 2391//2391 2379//2379 2375//2375
f 2391//2391 2375//2375 2382//2382
f 2378//2378 2379//2379 2391//2391
f 2378//2378 2391//2391 2388//2388
f 2377//2377 2378//2378 2388//2388
f 2377//2377 2388//2388 2390//2390
f 2440//2440 2438//2438 2449//2449
f 2368//2368 2367//2367 2396//2396
f 2393//2393 2368//2368 2396//2396
f 2374//2374 2393//2393 2392//2392
f 2375//2375 2374//2374 2392//2392
f 2375//2375 2392//2392 2382//2382
f 2468//2468 2475//2475 2476//2476
f 2353//2353 2476//2476 2350//2350
f 2468//2468 2469//2469 2480//2480
f 2463//2463 2366//2366 2348//2348
f 2366//2366 2383//2383 2348//2348
f 2383//2383 2366//2366 2384//2384
f 2546//2546 2366//2366 2463//2463
f 2546//2546 2352//2352 2366//2366
f 2425//2425 2352//2352 2546//2546
f 2542//2542 2365//2365 2362//2362
f 2365//2365 2364//2364 2361//2361
f 2365//2365 2361//2361 2362//2362
f 2464//2464 2359//2359 2365//2365
f 2464//2464 2365//2365 2542//2542
f 2359//2359 2364//2364 2365//2365
f 2363//2363 2426//2426 2472//2472
f 2363//2363 2472//2472 2639//2639
f 2426//2426 2470//2470 2472//2472
f 2362//2362 2361//2361 2426//2426
f 2362//2362 2426//2426 2363//2363
f 2359//2359 2398//2398 2364//2364
f 2465//2465 2463//2463 2348//2348
f 2360//2360 2465//2465 2348//2348
f 2360//2360 2348//2348 2383//2383
f 2360//2360 2462//2462 2465//2465
f 2359//2359 2462//2462 2360//2360
f 2359//2359 2464//2464 2462//2462
f 2398//2398 2397//2397 2357//2357
f 2398//2398 2357//2357 2356//2356
f 2358//2358 2397//2397 2398//2398
f 2384//2384 2387//2387 2351//2351
f 2384//2384 2351//2351 2383//2383
f 2352//2352 2386//2386 2384//2384
f 2352//2352 2384//2384 2366//2366
f 2386//2386 2387//2387 2384//2384
f 2425//2425 2385//2385 2352//2352
f 2385//2385 2386//2386 2352//2352
f 2389//2389 2386//2386 2385//2385
f 2351//2351 2395//2395 2383//2383
f 2349//2349 2476//2476 2430//2430
f 2364//2364 2356//2356 2361//2361
f 2356//2356 2426//2426 2361//2361
f 2426//2426 2427//2427 2470//2470
f 2468//2468 2476//2476 2349//2349
f 2459//2459 2458//2458 2328//2328
f 2446//2446 2346//2346 2447//2447
f 2347//2347 2448//2448 2447//2447
f 2347//2347 2447//2447 2346//2346
f 2306//2306 2444//2444 2449//2449
f 2335//2335 2450//2450 2336//2336
f 2338//2338 2451//2451 2450//2450
f 2338//2338 2450//2450 2335//2335
f 2439//2439 2449//2449 2438//2438
f 2327//2327 2442//2442 2441//2441
f 2303//2303 2327//2327 2452//2452
f 2453//2453 2452//2452 2343//2343
f 2334//2334 2304//2304 2453//2453
f 2455//2455 2454//2454 2313//2313
f 2455//2455 2313//2313 2241//2241
f 2337//2337 2451//2451 2338//2338
f 2334//2334 2445//2445 2332//2332
f 2327//2327 2441//2441 2452//2452
f 2360//2360 2358//2358 2359//2359
f 2358//2358 2398//2398 2359//2359
f 2390//2390 2388//2388 2389//2389
f 2388//2388 2391//2391 2387//2387
f 2391//2391 2382//2382 2351//2351
f 2391//2391 2351//2351 2387//2387
f 2382//2382 2392//2392 2395//2395
f 2382//2382 2395//2395 2351//2351
f 2392//2392 2394//2394 2395//2395
f 2357//2357 2397//2397 2372//2372
f 2347//2347 2346//2346 2378//2378
f 2347//2347 2378//2378 2377//2377
f 2346//2346 2446//2446 2379//2379
f 2346//2346 2379//2379 2378//2378
f 2446//2446 2333//2333 2375//2375
f 2446//2446 2375//2375 2379//2379
f 2333//2333 2453//2453 2374//2374
f 2333//2333 2374//2374 2375//2375
f 2453//2453 2343//2343 2374//2374
f 2456//2456 2455//2455 2241//2241
f 2282//2282 2458//2458 2457//2457
f 2424//2424 2401//2401 2403//2403
f 2402//2402 2430//2430 2467//2467
f 2402//2402 2403//2403 2430//2430
f 2380//2380 2403//2403 2402//2402
f 2380//2380 2419//2419 2403//2403
f 2403//2403 2419//2419 2424//2424
f 2419//2419 2431//2431 2385//2385
f 2419//2419 2385//2385 2424//2424
f 2360//2360 2383//2383 2395//2395
f 2356//2356 2404//2404 2426//2426
f 2357//2357 2404//2404 2356//2356
f 2404//2404 2427//2427 2426//2426
f 2404//2404 2355//2355 2427//2427
f 2355//2355 2354//2354 2428//2428
f 2355//2355 2428//2428 2427//2427
f 2428//2428 2405//2405 2429//2429
f 2354//2354 2405//2405 2428//2428
f 2405//2405 2466//2466 2429//2429
f 2416//2416 2406//2406 2411//2411
f 2416//2416 2411//2411 2415//2415
f 2406//2406 2407//2407 2412//2412
f 2406//2406 2412//2412 2411//2411
f 2407//2407 2369//2369 2412//2412
f 2407//2407 2355//2355 2369//2369
f 2369//2369 2370//2370 2371//2371
f 2355//2355 2370//2370 2369//2369
f 2370//2370 2373//2373 2371//2371
f 2370//2370 2372//2372 2373//2373
f 2397//2397 2376//2376 2396//2396
f 2397//2397 2396//2396 2367//2367
f 2396//2396 2376//2376 2394//2394
f 2396//2396 2394//2394 2393//2393
f 2392//2392 2393//2393 2394//2394
f 2420//2420 2400//2400 2409//2409
f 2380//2380 2400//2400 2420//2420
f 2400//2400 2399//2399 2409//2409
f 2400//2400 2381//2381 2399//2399
f 2414//2414 2408//2408 2418//2418
f 2414//2414 2418//2418 2381//2381
f 2414//2414 2381//2381 2417//2417
f 2467//2467 2400//2400 2402//2402
f 2381//2381 2400//2400 2467//2467
f 2400//2400 2380//2380 2402//2402
f 2380//2380 2420//2420 2419//2419
f 2420//2420 2431//2431 2419//2419
f 2423//2423 2431//2431 2420//2420
f 2389//2389 2388//2388 2386//2386
f 2387//2387 2386//2386 2388//2388
f 2395//2395 2394//2394 2360//2360
f 2394//2394 2376//2376 2358//2358
f 2394//2394 2358//2358 2360//2360
f 2358//2358 2376//2376 2397//2397
f 2357//2357 2370//2370 2404//2404
f 2372//2372 2370//2370 2357//2357
f 2370//2370 2355//2355 2404//2404
f 2355//2355 2407//2407 2354//2354
f 2354//2354 2406//2406 2405//2405
f 2407//2407 2406//2406 2354//2354
f 2341//2341 2418//2418 2436//2436
f 2341//2341 2409//2409 2399//2399
f 2409//2409 2410//2410 2420//2420
f 2393//2393 2374//2374 2343//2343
f 2368//2368 2393//2393 2343//2343
f 2368//2368 2343//2343 2452//2452
f 2368//2368 2452//2452 2441//2441
f 2368//2368 2441//2441 2367//2367
f 2339//2339 2415//2415 2411//2411
f 2340//2340 2339//2339 2411//2411
f 2340//2340 2411//2411 2412//2412
f 2344//2344 2412//2412 2369//2369
f 2344//2344 2340//2340 2412//2412
f 2413//2413 2344//2344 2369//2369
f 2413//2413 2369//2369 2371//2371
f 2345//2345 2344//2344 2413//2413
f 2440//2440 2443//2443 2371//2371
f 2440//2440 2371//2371 2373//2373
f 2449//2449 2444//2444 2443//2443
f 2449//2449 2443//2443 2440//2440
f 2466//2466 2405//2405 2406//2406
f 2466//2466 2406//2406 2416//2416
f 2353//2353 2350//2350 2429//2429
f 2466//2466 2416//2416 2417//2417
f 2414//2414 2416//2416 2415//2415
f 2414//2414 2415//2415 2408//2408
f 2342//2342 2408//2408 2415//2415
f 2467//2467 2430//2430 2476//2476
f 2467//2467 2476//2476 2353//2353
f 2381//2381 2418//2418 2399//2399
f 2467//2467 2417//2417 2381//2381
f 2341//2341 2399//2399 2418//2418
f 2372//2372 2397//2397 2367//2367
f 2372//2372 2367//2367 2373//2373
f 2458//2458 2421//2421 2422//2422
f 2458//2458 2422//2422 2410//2410
f 2282//2282 2328//2328 2458//2458
f 2410//2410 2422//2422 2423//2423
f 2420//2420 2410//2410 2423//2423
f 2424//2424 2385//2385 2425//2425
f 2364//2364 2398//2398 2356//2356
f 2427//2427 2428//2428 2470//2470
f 2474//2474 2470//2470 2428//2428
f 2474//2474 2428//2428 2429//2429
f 2350//2350 2474//2474 2429//2429
f 2401//2401 2349//2349 2430//2430
f 2401//2401 2430//2430 2403//2403
f 2401//2401 2424//2424 2469//2469
f 2431//2431 2389//2389 2385//2385
f 2431//2431 2432//2432 2390//2390
f 2431//2431 2390//2390 2389//2389
f 2431//2431 2423//2423 2432//2432
f 2432//2432 2433//2433 2377//2377
f 2432//2432 2377//2377 2390//2390
f 2423//2423 2433//2433 2432//2432
f 2423//2423 2422//2422 2433//2433
f 2433//2433 2434//2434 2347//2347
f 2433//2433 2347//2347 2377//2377
f 2422//2422 2421//2421 2434//2434
f 2422//2422 2434//2434 2433//2433
f 2435//2435 2329//2329 2448//2448
f 2435//2435 2448//2448 2459//2459
f 2328//2328 2435//2435 2459//2459
f 2417//2417 2416//2416 2414//2414
f 2300//2300 2313//2313 2454//2454
f 2300//2300 2454//2454 2460//2460
f 2408//2408 2342//2342 2436//2436
f 2408//2408 2436//2436 2418//2418
f 2440//2440 2441//2441 2438//2438
f 2442//2442 2439//2439 2438//2438
f 2367//2367 2440//2440 2373//2373
f 2336//2336 2444//2444 2306//2306
f 2345//2345 2413//2413 2443//2443
f 2345//2345 2443//2443 2444//2444
f 2421//2421 2458//2458 2459//2459
f 2331//2331 2332//2332 2445//2445
f 2331//2331 2445//2445 2446//2446
f 2331//2331 2446//2446 2447//2447
f 2331//2331 2447//2447 2330//2330
f 2329//2329 2330//2330 2447//2447
f 2329//2329 2447//2447 2448//2448
f 2344//2344 2345//2345 2336//2336
f 2344//2344 2336//2336 2450//2450
f 2340//2340 2344//2344 2450//2450
f 2340//2340 2450//2450 2451//2451
f 2304//2304 2303//2303 2452//2452
f 2304//2304 2452//2452 2453//2453
f 2333//2333 2334//2334 2453//2453
f 2341//2341 2436//2436 2454//2454
f 2341//2341 2454//2454 2455//2455
f 2339//2339 2340//2340 2451//2451
f 2339//2339 2451//2451 2337//2337
f 2415//2415 2339//2339 2337//2337
f 2415//2415 2337//2337 2437//2437
f 2333//2333 2446//2446 2445//2445
f 2333//2333 2445//2445 2334//2334
f 2409//2409 2341//2341 2455//2455
f 2409//2409 2455//2455 2456//2456
f 2410//2410 2456//2456 2457//2457
f 2458//2458 2410//2410 2457//2457
f 2434//2434 2459//2459 2448//2448
f 2434//2434 2448//2448 2347//2347
f 2421//2421 2459//2459 2434//2434
f 2342//2342 2460//2460 2454//2454
f 2342//2342 2454//2454 2436//2436
f 2342//2342 2415//2415 2437//2437
f 2342//2342 2437//2437 2460//2460
f 2441//2441 2442//2442 2438//2438
f 2345//2345 2444//2444 2336//2336
f 2595//2595 2424//2424 2545//2545
f 2547//2547 2463//2463 2461//2461
f 2546//2546 2463//2463 2547//2547
f 2589//2589 2425//2425 2546//2546
f 2599//2599 2425//2425 2589//2589
f 2480//2480 2469//2469 2598//2598
f 2480//2480 2475//2475 2468//2468
f 2528//2528 2464//2464 2542//2542
f 2538//2538 2363//2363 2639//2639
f 2538//2538 2639//2639 2531//2531
f 2362//2362 2363//2363 2538//2538
f 2465//2465 2530//2530 2461//2461
f 2465//2465 2461//2461 2463//2463
f 2461//2461 2530//2530 2479//2479
f 2464//2464 2528//2528 2462//2462
f 2462//2462 2530//2530 2465//2465
f 2462//2462 2528//2528 2590//2590
f 2462//2462 2590//2590 2530//2530
f 2598//2598 2469//2469 2596//2596
f 2545//2545 2424//2424 2425//2425
f 2545//2545 2425//2425 2599//2599
f 2595//2595 2596//2596 2469//2469
f 2417//2417 2353//2353 2466//2466
f 2467//2467 2353//2353 2417//2417
f 2410//2410 2409//2409 2456//2456
f 2468//2468 2401//2401 2469//2469
f 2469//2469 2424//2424 2595//2595
f 2401//2401 2468//2468 2349//2349
f 2474//2474 2350//2350 2641//2641
f 2474//2474 2641//2641 2473//2473
f 2560//2560 2537//2537 2548//2548
f 2550//2550 2473//2473 2641//2641
f 2594//2594 2478//2478 2636//2636
f 2593//2593 2481//2481 2509//2509
f 2576//2576 2577//2577 2606//2606
f 2654//2654 2592//2592 2685//2685
f 2645//2645 2682//2682 2638//2638
f 2641//2641 2476//2476 2475//2475
f 2640//2640 2472//2472 2471//2471
f 2471//2471 2474//2474 2473//2473
f 2640//2640 2471//2471 2473//2473
f 2639//2639 2472//2472 2640//2640
f 2472//2472 2470//2470 2471//2471
f 2470//2470 2474//2474 2471//2471
f 2641//2641 2350//2350 2476//2476
f 2554//2554 2585//2585 2560//2560
f 2554//2554 2560//2560 2548//2548
f 2585//2585 2570//2570 2560//2560
f 2585//2585 2584//2584 2570//2570
f 2584//2584 2527//2527 2504//2504
f 2553//2553 2583//2583 2585//2585
f 2553//2553 2585//2585 2554//2554
f 2583//2583 2582//2582 2585//2585
f 2582//2582 2581//2581 2584//2584
f 2582//2582 2584//2584 2585//2585
f 2580//2580 2524//2524 2527//2527
f 2580//2580 2527//2527 2584//2584
f 2551//2551 2630//2630 2583//2583
f 2551//2551 2583//2583 2553//2553
f 2630//2630 2582//2582 2583//2583
f 2573//2573 2575//2575 2581//2581
f 2573//2573 2581//2581 2582//2582
f 2617//2617 2522//2522 2524//2524
f 2617//2617 2524//2524 2580//2580
f 2544//2544 2631//2631 2630//2630
f 2544//2544 2630//2630 2551//2551
f 2616//2616 2505//2505 2522//2522
f 2616//2616 2522//2522 2617//2617
f 2499//2499 2518//2518 2579//2579
f 2499//2499 2579//2579 2587//2587
f 2579//2579 2578//2578 2572//2572
f 2579//2579 2572//2572 2587//2587
f 2572//2572 2578//2578 2586//2586
f 2588//2588 2579//2579 2518//2518
f 2606//2606 2605//2605 2599//2599
f 2623//2623 2614//2614 2613//2613
f 2623//2623 2613//2613 2513//2513
f 2597//2597 2605//2605 2607//2607
f 2574//2574 2633//2633 2601//2601
f 2600//2600 2631//2631 2633//2633
f 2600//2600 2633//2633 2602//2602
f 2601//2601 2631//2631 2544//2544
f 2556//2556 2572//2572 2586//2586
f 2572//2572 2556//2556 2565//2565
f 2572//2572 2565//2565 2587//2587
f 2561//2561 2499//2499 2587//2587
f 2561//2561 2493//2493 2499//2499
f 2570//2570 2559//2559 2560//2560
f 2557//2557 2629//2629 2532//2532
f 2629//2629 2568//2568 2541//2541
f 2629//2629 2541//2541 2532//2532
f 2618//2618 2619//2619 2557//2557
f 2619//2619 2620//2620 2629//2629
f 2619//2619 2629//2629 2557//2557
f 2620//2620 2568//2568 2629//2629
f 2566//2566 2571//2571 2567//2567
f 2556//2556 2566//2566 2565//2565
f 2504//2504 2503//2503 2569//2569
f 2503//2503 2502//2502 2618//2618
f 2503//2503 2618//2618 2569//2569
f 2502//2502 2564//2564 2619//2619
f 2502//2502 2619//2619 2618//2618
f 2564//2564 2563//2563 2620//2620
f 2564//2564 2620//2620 2619//2619
f 2563//2563 2621//2621 2620//2620
f 2563//2563 2501//2501 2621//2621
f 2500//2500 2494//2494 2562//2562
f 2500//2500 2562//2562 2567//2567
f 2494//2494 2493//2493 2561//2561
f 2494//2494 2561//2561 2562//2562
f 2500//2500 2567//2567 2621//2621
f 2500//2500 2621//2621 2501//2501
f 2560//2560 2559//2559 2537//2537
f 2559//2559 2558//2558 2535//2535
f 2558//2558 2557//2557 2534//2534
f 2558//2558 2534//2534 2535//2535
f 2557//2557 2532//2532 2534//2534
f 2590//2590 2529//2529 2479//2479
f 2528//2528 2543//2543 2591//2591
f 2550//2550 2555//2555 2549//2549
f 2555//2555 2554//2554 2548//2548
f 2555//2555 2548//2548 2549//2549
f 2555//2555 2553//2553 2554//2554
f 2475//2475 2552//2552 2555//2555
f 2475//2475 2555//2555 2550//2550
f 2552//2552 2551//2551 2553//2553
f 2552//2552 2553//2553 2555//2555
f 2552//2552 2544//2544 2551//2551
f 2550//2550 2641//2641 2475//2475
f 2549//2549 2473//2473 2550//2550
f 2549//2549 2537//2537 2473//2473
f 2548//2548 2537//2537 2549//2549
f 2547//2547 2461//2461 2586//2586
f 2546//2546 2547//2547 2589//2589
f 2597//2597 2545//2545 2605//2605
f 2544//2544 2552//2552 2480//2480
f 2544//2544 2480//2480 2601//2601
f 2475//2475 2480//2480 2552//2552
f 2543//2543 2542//2542 2540//2540
f 2542//2542 2362//2362 2540//2540
f 2528//2528 2542//2542 2543//2543
f 2541//2541 2539//2539 2533//2533
f 2541//2541 2533//2533 2532//2532
f 2539//2539 2538//2538 2531//2531
f 2539//2539 2531//2531 2533//2533
f 2540//2540 2538//2538 2539//2539
f 2540//2540 2362//2362 2538//2538
f 2537//2537 2536//2536 2473//2473
f 2537//2537 2559//2559 2536//2536
f 2559//2559 2535//2535 2536//2536
f 2535//2535 2534//2534 2531//2531
f 2534//2534 2532//2532 2533//2533
f 2534//2534 2533//2533 2531//2531
f 2536//2536 2535//2535 2640//2640
f 2536//2536 2640//2640 2473//2473
f 2535//2535 2531//2531 2640//2640
f 2531//2531 2639//2639 2640//2640
f 2479//2479 2586//2586 2461//2461
f 2530//2530 2590//2590 2479//2479
f 2638//2638 2525//2525 2510//2510
f 2527//2527 2526//2526 2498//2498
f 2527//2527 2498//2498 2504//2504
f 2526//2526 2525//2525 2491//2491
f 2526//2526 2491//2491 2498//2498
f 2525//2525 2477//2477 2491//2491
f 2524//2524 2523//2523 2526//2526
f 2524//2524 2526//2526 2527//2527
f 2523//2523 2525//2525 2526//2526
f 2523//2523 2510//2510 2525//2525
f 2522//2522 2523//2523 2524//2524
f 2522//2522 2521//2521 2523//2523
f 2521//2521 2511//2511 2510//2510
f 2521//2521 2510//2510 2523//2523
f 2505//2505 2507//2507 2521//2521
f 2505//2505 2521//2521 2522//2522
f 2507//2507 2511//2511 2521//2521
f 2478//2478 2520//2520 2485//2485
f 2478//2478 2485//2485 2636//2636
f 2520//2520 2519//2519 2492//2492
f 2520//2520 2492//2492 2485//2485
f 2519//2519 2518//2518 2499//2499
f 2519//2519 2499//2499 2492//2492
f 2634//2634 2517//2517 2478//2478
f 2517//2517 2520//2520 2478//2478
f 2517//2517 2516//2516 2520//2520
f 2516//2516 2515//2515 2519//2519
f 2516//2516 2519//2519 2520//2520
f 2515//2515 2518//2518 2519//2519
f 2685//2685 2517//2517 2634//2634
f 2685//2685 2514//2514 2517//2517
f 2514//2514 2508//2508 2516//2516
f 2514//2514 2516//2516 2517//2517
f 2508//2508 2513//2513 2515//2515
f 2508//2508 2515//2515 2516//2516
f 2513//2513 2512//2512 2515//2515
f 2511//2511 2507//2507 2509//2509
f 2509//2509 2481//2481 2511//2511
f 2481//2481 2638//2638 2510//2510
f 2481//2481 2510//2510 2511//2511
f 2624//2624 2514//2514 2592//2592
f 2624//2624 2508//2508 2514//2514
f 2624//2624 2623//2623 2513//2513
f 2624//2624 2513//2513 2508//2508
f 2498//2498 2497//2497 2503//2503
f 2498//2498 2503//2503 2504//2504
f 2497//2497 2496//2496 2502//2502
f 2497//2497 2502//2502 2503//2503
f 2496//2496 2495//2495 2564//2564
f 2496//2496 2564//2564 2502//2502
f 2495//2495 2563//2563 2564//2564
f 2493//2493 2492//2492 2499//2499
f 2491//2491 2490//2490 2497//2497
f 2491//2491 2497//2497 2498//2498
f 2490//2490 2489//2489 2496//2496
f 2490//2490 2496//2496 2497//2497
f 2489//2489 2625//2625 2495//2495
f 2489//2489 2495//2495 2496//2496
f 2625//2625 2627//2627 2495//2495
f 2627//2627 2488//2488 2500//2500
f 2627//2627 2500//2500 2501//2501
f 2488//2488 2487//2487 2494//2494
f 2488//2488 2494//2494 2500//2500
f 2487//2487 2483//2483 2493//2493
f 2487//2487 2493//2493 2494//2494
f 2483//2483 2485//2485 2492//2492
f 2483//2483 2492//2492 2493//2493
f 2477//2477 2490//2490 2491//2491
f 2477//2477 2482//2482 2490//2490
f 2625//2625 2628//2628 2627//2627
f 2627//2627 2484//2484 2488//2488
f 2484//2484 2486//2486 2487//2487
f 2484//2484 2487//2487 2488//2488
f 2486//2486 2483//2483 2487//2487
f 2628//2628 2484//2484 2627//2627
f 2483//2483 2636//2636 2485//2485
f 2628//2628 2635//2635 2484//2484
f 2635//2635 2486//2486 2484//2484
f 2637//2637 2483//2483 2486//2486
f 2637//2637 2636//2636 2483//2483
f 2490//2490 2482//2482 2626//2626
f 2490//2490 2626//2626 2489//2489
f 2675//2675 2626//2626 2482//2482
f 2638//2638 2682//2682 2477//2477
f 2477//2477 2525//2525 2638//2638
f 2625//2625 2626//2626 2628//2628
f 2482//2482 2477//2477 2682//2682
f 2509//2509 2592//2592 2593//2593
f 2577//2577 2576//2576 2578//2578
f 2577//2577 2578//2578 2579//2579
f 2567//2567 2571//2571 2568//2568
f 2576//2576 2547//2547 2578//2578
f 2547//2547 2586//2586 2578//2578
f 2556//2556 2591//2591 2566//2566
f 2591//2591 2543//2543 2571//2571
f 2591//2591 2571//2571 2566//2566
f 2568//2568 2571//2571 2541//2541
f 2541//2541 2571//2571 2543//2543
f 2541//2541 2543//2543 2539//2539
f 2591//2591 2556//2556 2529//2529
f 2556//2556 2479//2479 2529//2529
f 2556//2556 2586//2586 2479//2479
f 2547//2547 2576//2576 2589//2589
f 2539//2539 2543//2543 2540//2540
f 2591//2591 2529//2529 2590//2590
f 2591//2591 2590//2590 2528//2528
f 2606//2606 2599//2599 2589//2589
f 2611//2611 2612//2612 2610//2610
f 2577//2577 2579//2579 2588//2588
f 2587//2587 2565//2565 2561//2561
f 2565//2565 2566//2566 2562//2562
f 2565//2565 2562//2562 2561//2561
f 2566//2566 2567//2567 2562//2562
f 2567//2567 2568//2568 2621//2621
f 2644//2644 2635//2635 2628//2628
f 2645//2645 2481//2481 2593//2593
f 2675//2675 2482//2482 2649//2649
f 2593//2593 2654//2654 2645//2645
f 2645//2645 2638//2638 2481//2481
f 2685//2685 2634//2634 2655//2655
f 2626//2626 2644//2644 2628//2628
f 2675//2675 2644//2644 2626//2626
f 2592//2592 2654//2654 2593//2593
f 2596//2596 2595//2595 2545//2545
f 2596//2596 2545//2545 2597//2597
f 2601//2601 2480//2480 2598//2598
f 2601//2601 2598//2598 2574//2574
f 2605//2605 2545//2545 2599//2599
f 2631//2631 2600//2600 2573//2573
f 2575//2575 2573//2573 2600//2600
f 2574//2574 2598//2598 2596//2596
f 2574//2574 2596//2596 2603//2603
f 2604//2604 2574//2574 2632//2632
f 2603//2603 2596//2596 2597//2597
f 2632//2632 2603//2603 2597//2597
f 2632//2632 2597//2597 2612//2612
f 2607//2607 2605//2605 2606//2606
f 2576//2576 2606//2606 2589//2589
f 2607//2607 2606//2606 2577//2577
f 2607//2607 2577//2577 2608//2608
f 2608//2608 2577//2577 2588//2588
f 2612//2612 2597//2597 2607//2607
f 2632//2632 2612//2612 2611//2611
f 2609//2609 2612//2612 2608//2608
f 2609//2609 2608//2608 2588//2588
f 2609//2609 2588//2588 2518//2518
f 2609//2609 2518//2518 2515//2515
f 2512//2512 2610//2610 2609//2609
f 2512//2512 2609//2609 2515//2515
f 2609//2609 2610//2610 2612//2612
f 2513//2513 2613//2613 2610//2610
f 2513//2513 2610//2610 2512//2512
f 2615//2615 2614//2614 2623//2623
f 2615//2615 2623//2623 2622//2622
f 2622//2622 2616//2616 2615//2615
f 2622//2622 2505//2505 2616//2616
f 2611//2611 2604//2604 2632//2632
f 2607//2607 2608//2608 2612//2612
f 2611//2611 2610//2610 2613//2613
f 2614//2614 2604//2604 2611//2611
f 2614//2614 2611//2611 2613//2613
f 2602//2602 2604//2604 2614//2614
f 2602//2602 2614//2614 2615//2615
f 2615//2615 2616//2616 2600//2600
f 2615//2615 2600//2600 2602//2602
f 2575//2575 2600//2600 2616//2616
f 2575//2575 2616//2616 2617//2617
f 2575//2575 2617//2617 2580//2580
f 2575//2575 2580//2580 2581//2581
f 2584//2584 2504//2504 2570//2570
f 2581//2581 2580//2580 2584//2584
f 2504//2504 2569//2569 2570//2570
f 2620//2620 2621//2621 2568//2568
f 2509//2509 2507//2507 2592//2592
f 2507//2507 2506//2506 2592//2592
f 2507//2507 2505//2505 2622//2622
f 2507//2507 2622//2622 2506//2506
f 2506//2506 2622//2622 2623//2623
f 2506//2506 2623//2623 2624//2624
f 2592//2592 2506//2506 2624//2624
f 2489//2489 2626//2626 2625//2625
f 2627//2627 2501//2501 2495//2495
f 2495//2495 2501//2501 2563//2563
f 2573//2573 2582//2582 2630//2630
f 2573//2573 2630//2630 2631//2631
f 2570//2570 2569//2569 2559//2559
f 2569//2569 2618//2618 2558//2558
f 2569//2569 2558//2558 2559//2559
f 2618//2618 2557//2557 2558//2558
f 2574//2574 2603//2603 2632//2632
f 2604//2604 2602//2602 2633//2633
f 2604//2604 2633//2633 2574//2574
f 2631//2631 2601//2601 2633//2633
f 2594//2594 2655//2655 2634//2634
f 2634//2634 2478//2478 2594//2594
f 2486//2486 2635//2635 2684//2684
f 2685//2685 2592//2592 2514//2514
f 2683//2683 2594//2594 2636//2636
f 2486//2486 2683//2683 2637//2637
f 2486//2486 2684//2684 2683//2683
f 2637//2637 2683//2683 2636//2636
f 2682//2682 2649//2649 2482//2482
f 2651//2651 2685//2685 2655//2655
f 2708//2708 2676//2676 2657//2657
f 2708//2708 2705//2705 2676//2676
f 2681//2681 2648//2648 2658//2658
f 2656//2656 2653//2653 2652//2652
f 2656//2656 2646//2646 2653//2653
f 2681//2681 2658//2658 2651//2651
f 2651//2651 2658//2658 2646//2646
f 2654//2654 2685//2685 2651//2651
f 2657//2657 2676//2676 2681//2681
f 2679//2679 2674//2674 2661//2661
f 2656//2656 2652//2652 2645//2645
f 2656//2656 2654//2654 2646//2646
f 2684//2684 2635//2635 2644//2644
f 2664//2664 2708//2708 2657//2657
f 2659//2659 2655//2655 2594//2594
f 2659//2659 2664//2664 2657//2657
f 2653//2653 2646//2646 2658//2658
f 2646//2646 2654//2654 2651//2651
f 2683//2683 2686//2686 2688//2688
f 2594//2594 2683//2683 2659//2659
f 2645//2645 2654//2654 2656//2656
f 2657//2657 2681//2681 2651//2651
f 2655//2655 2657//2657 2651//2651
f 2659//2659 2657//2657 2655//2655
f 2689//2689 2659//2659 2688//2688
f 2688//2688 2659//2659 2683//2683
f 2688//2688 2686//2686 2693//2693
f 2684//2684 2686//2686 2683//2683
f 2666//2666 2653//2653 2751//2751
f 2667//2667 2650//2650 2647//2647
f 2667//2667 2647//2647 2662//2662
f 2643//2643 2642//2642 2690//2690
f 2643//2643 2690//2690 2694//2694
f 2642//2642 2678//2678 2690//2690
f 2648//2648 2681//2681 2719//2719
f 2676//2676 2719//2719 2681//2681
f 2722//2722 2676//2676 2705//2705
f 2662//2662 2749//2749 2750//2750
f 2652//2652 2666//2666 2671//2671
f 2652//2652 2653//2653 2666//2666
f 2682//2682 2645//2645 2652//2652
f 2712//2712 2678//2678 2642//2642
f 2680//2680 2679//2679 2668//2668
f 2663//2663 2647//2647 2721//2721
f 2663//2663 2642//2642 2643//2643
f 2749//2749 2662//2662 2670//2670
f 2670//2670 2660//2660 2672//2672
f 2670//2670 2672//2672 2671//2671
f 2672//2672 2660//2660 2673//2673
f 2660//2660 2661//2661 2674//2674
f 2649//2649 2673//2673 2674//2674
f 2649//2649 2671//2671 2672//2672
f 2649//2649 2682//2682 2671//2671
f 2675//2675 2649//2649 2674//2674
f 2665//2665 2751//2751 2653//2653
f 2666//2666 2751//2751 2749//2749
f 2666//2666 2749//2749 2670//2670
f 2662//2662 2660//2660 2670//2670
f 2677//2677 2674//2674 2680//2680
f 2662//2662 2647//2647 2661//2661
f 2662//2662 2661//2661 2660//2660
f 2647//2647 2663//2663 2661//2661
f 2686//2686 2684//2684 2677//2677
f 2684//2684 2644//2644 2677//2677
f 2678//2678 2664//2664 2689//2689
f 2682//2682 2652//2652 2671//2671
f 2644//2644 2675//2675 2674//2674
f 2661//2661 2643//2643 2669//2669
f 2661//2661 2669//2669 2679//2679
f 2719//2719 2676//2676 2722//2722
f 2643//2643 2694//2694 2669//2669
f 2687//2687 2686//2686 2677//2677
f 2663//2663 2643//2643 2661//2661
f 2708//2708 2664//2664 2678//2678
f 2712//2712 2708//2708 2678//2678
f 2665//2665 2658//2658 2648//2648
f 2672//2672 2673//2673 2649//2649
f 2670//2670 2671//2671 2666//2666
f 2673//2673 2660//2660 2674//2674
f 2674//2674 2679//2679 2680//2680
f 2644//2644 2674//2674 2677//2677
f 2665//2665 2653//2653 2658//2658
f 2689//2689 2664//2664 2659//2659
f 2693//2693 2691//2691 2688//2688
f 2688//2688 2691//2691 2689//2689
f 2678//2678 2689//2689 2691//2691
f 2678//2678 2691//2691 2690//2690
f 2692//2692 2697//2697 2680//2680
f 2697//2697 2696//2696 2687//2687
f 2696//2696 2693//2693 2687//2687
f 2668//2668 2669//2669 2692//2692
f 2668//2668 2692//2692 2680//2680
f 2679//2679 2669//2669 2668//2668
f 2697//2697 2677//2677 2680//2680
f 2694//2694 2692//2692 2669//2669
f 2698//2698 2697//2697 2692//2692
f 2693//2693 2686//2686 2687//2687
f 2687//2687 2677//2677 2697//2697
f 2692//2692 2694//2694 2698//2698
f 2696//2696 2690//2690 2691//2691
f 2693//2693 2696//2696 2691//2691
f 2700//2700 2696//2696 2697//2697
f 2694//2694 2695//2695 2699//2699
f 2690//2690 2695//2695 2694//2694
f 2695//2695 2690//2690 2696//2696
f 2699//2699 2695//2695 2701//2701
f 2701//2701 2695//2695 2703//2703
f 2695//2695 2696//2696 2700//2700
f 2700//2700 2697//2697 2698//2698
f 2698//2698 2694//2694 2699//2699
f 2703//2703 2695//2695 2700//2700
f 2703//2703 2700//2700 2702//2702
f 2704//2704 2701//2701 2703//2703
f 2704//2704 2703//2703 2702//2702
f 2698//2698 2704//2704 2702//2702
f 2699//2699 2704//2704 2698//2698
f 2699//2699 2701//2701 2704//2704
f 2698//2698 2702//2702 2700//2700
f 2706//2706 2707//2707 2709//2709
f 2721//2721 2722//2722 2711//2711
f 2706//2706 2709//2709 2713//2713
f 2721//2721 2711//2711 2663//2663
f 2663//2663 2710//2710 2642//2642
f 2705//2705 2707//2707 2706//2706
f 2722//2722 2705//2705 2706//2706
f 2709//2709 2707//2707 2710//2710
f 2710//2710 2663//2663 2711//2711
f 2711//2711 2722//2722 2706//2706
f 2707//2707 2712//2712 2710//2710
f 2707//2707 2705//2705 2712//2712
f 2705//2705 2708//2708 2712//2712
f 2712//2712 2642//2642 2710//2710
f 2706//2706 2713//2713 2711//2711
f 2709//2709 2710//2710 2715//2715
f 2713//2713 2709//2709 2716//2716
f 2716//2716 2709//2709 2715//2715
f 2714//2714 2715//2715 2710//2710
f 2714//2714 2710//2710 2711//2711
f 2711//2711 2713//2713 2714//2714
f 2717//2717 2715//2715 2714//2714
f 2714//2714 2713//2713 2717//2717
f 2713//2713 2716//2716 2717//2717
f 2717//2717 2716//2716 2715//2715
f 2648//2648 2719//2719 2735//2735
f 2722//2722 2721//2721 2726//2726
f 2735//2735 2718//2718 2650//2650
f 2735//2735 2719//2719 2720//2720
f 2726//2726 2721//2721 2647//2647
f 2718//2718 2724//2724 2725//2725
f 2720//2720 2719//2719 2722//2722
f 2723//2723 2720//2720 2722//2722
f 2724//2724 2727//2727 2725//2725
f 2718//2718 2720//2720 2724//2724
f 2735//2735 2720//2720 2718//2718
f 2727//2727 2724//2724 2723//2723
f 2723//2723 2724//2724 2720//2720
f 2647//2647 2718//2718 2726//2726
f 2647//2647 2650//2650 2718//2718
f 2723//2723 2722//2722 2726//2726
f 2725//2725 2728//2728 2731//2731
f 2731//2731 2729//2729 2726//2726
f 2729//2729 2727//2727 2726//2726
f 2727//2727 2723//2723 2726//2726
f 2728//2728 2727//2727 2729//2729
f 2718//2718 2725//2725 2731//2731
f 2726//2726 2718//2718 2731//2731
f 2725//2725 2727//2727 2728//2728
f 2733//2733 2732//2732 2730//2730
f 2728//2728 2730//2730 2732//2732
f 2730//2730 2729//2729 2731//2731
f 2733//2733 2731//2731 2732//2732
f 2730//2730 2728//2728 2729//2729
f 2731//2731 2728//2728 2732//2732
f 2730//2730 2731//2731 2733//2733
f 2662//2662 2734//2734 2667//2667
f 2736//2736 2648//2648 2735//2735
f 2739//2739 2736//2736 2735//2735
f 2739//2739 2738//2738 2741//2741
f 2738//2738 2739//2739 2735//2735
f 2665//2665 2648//2648 2734//2734
f 2736//2736 2739//2739 2737//2737
f 2736//2736 2737//2737 2734//2734
f 2648//2648 2736//2736 2734//2734
f 2734//2734 2737//2737 2667//2667
f 2738//2738 2735//2735 2650//2650
f 2741//2741 2738//2738 2650//2650
f 2741//2741 2667//2667 2737//2737
f 2741//2741 2650//2650 2667//2667
f 2740//2740 2739//2739 2741//2741
f 2741//2741 2748//2748 2740//2740
f 2737//2737 2739//2739 2740//2740
f 2744//2744 2743//2743 2737//2737
f 2737//2737 2743//2743 2741//2741
f 2740//2740 2744//2744 2737//2737
f 2740//2740 2748//2748 2744//2744
f 2748//2748 2741//2741 2742//2742
f 2742//2742 2741//2741 2743//2743
f 2746//2746 2742//2742 2747//2747
f 2745//2745 2747//2747 2743//2743
f 2745//2745 2746//2746 2747//2747
f 2742//2742 2743//2743 2747//2747
f 2744//2744 2748//2748 2745//2745
f 2746//2746 2748//2748 2742//2742
f 2744//2744 2745//2745 2743//2743
f 2746//2746 2745//2745 2748//2748
f 2734//2734 2749//2749 2665//2665
f 2754//2754 2734//2734 2662//2662
f 2753//2753 2749//2749 2734//2734
f 2753//2753 2734//2734 2752//2752
f 2752//2752 2734//2734 2754//2754
f 2754//2754 2662//2662 2750//2750
f 2751//2751 2665//2665 2749//2749
f 2757//2757 2753//2753 2752//2752
f 2757//2757 2756//2756 2753//2753
f 2750//2750 2753//2753 2756//2756
f 2750//2750 2756//2756 2754//2754
f 2757//2757 2752//2752 2754//2754
f 2750//2750 2749//2749 2753//2753
f 2755//2755 2754//2754 2756//2756
f 2755//2755 2757//2757 2754//2754
f 2756//2756 2757//2757 2755//2755
f 3164//3164 3243//3243 3167//3167
f 3168//3168 3247//3247 3248//3248
f 2797//2797 2782//2782 2777//2777
f 2975//2975 2838//2838 2846//2846
f 2881//2881 2975//2975 2883//2883
f 3022//3022 2982//2982 2837//2837
f 2920//2920 2863//2863 3072//3072
f 2908//2908 2872//2872 3008//3008
f 3052//3052 3051//3051 2884//2884
f 2781//2781 2856//2856 2879//2879
f 2869//2869 2868//2868 2870//2870
f 2862//2862 2861//2861 2863//2863
f 67//67 2838//2838 2851//2851
f 2990//2990 3154//3154 3155//3155
f 2962//2962 2969//2969 3000//3000
f 3017//3017 3021//3021 3117//3117
f 2885//2885 2854//2854 2892//2892
f 2881//2881 2883//2883 3044//3044
f 3063//3063 2830//2830 3069//3069
f 25//25 3140//3140 3143//3143
f 3112//3112 3105//3105 3103//3103
f 3139//3139 2888//2888 2845//2845
f 3162//3162 3264//3264 3255//3255
f 3162//3162 3255//3255 3178//3178
f 3179//3179 3256//3256 3266//3266
f 3179//3179 3266//3266 3175//3175
f 3161//3161 3444//3444 3252//3252
f 3161//3161 3252//3252 3158//3158
f 3156//3156 3157//3157 3269//3269
f 3156//3156 3269//3269 3261//3261
f 3157//3157 3166//3166 3268//3268
f 3157//3157 3268//3268 3269//3269
f 3166//3166 3167//3167 3243//3243
f 3166//3166 3243//3243 3268//3268
f 3170//3170 3168//3168 3248//3248
f 3170//3170 3248//3248 3246//3246
f 3168//3168 3169//3169 3267//3267
f 3168//3168 3267//3267 3247//3247
f 3169//3169 3172//3172 3416//3416
f 3169//3169 3416//3416 3267//3267
f 3171//3171 3253//3253 3416//3416
f 3171//3171 3416//3416 3172//3172
f 3177//3177 3174//3174 3265//3265
f 3177//3177 3265//3265 3411//3411
f 3266//3266 3265//3265 3174//3174
f 3266//3266 3174//3174 3175//3175
f 3162//3162 3160//3160 3263//3263
f 3162//3162 3263//3263 3264//3264
f 3160//3160 3159//3159 3251//3251
f 3160//3160 3251//3251 3263//3263
f 3262//3262 3444//3444 3161//3161
f 3262//3262 3161//3161 3153//3153
f 3155//3155 3154//3154 3257//3257
f 3155//3155 3257//3257 3451//3451
f 3261//3261 3260//3260 3147//3147
f 3261//3261 3147//3147 3156//3156
f 3249//3249 3148//3148 3250//3250
f 3387//3387 3259//3259 3151//3151
f 3387//3387 3151//3151 3149//3149
f 3385//3385 3152//3152 3150//3150
f 3385//3385 3150//3150 3386//3386
f 3154//3154 3152//3152 3258//3258
f 3154//3154 3258//3258 3257//3257
f 3178//3178 3255//3255 3256//3256
f 3178//3178 3256//3256 3179//3179
f 3176//3176 3173//3173 3254//3254
f 3176//3176 3254//3254 3408//3408
f 3159//3159 3158//3158 3252//3252
f 3159//3159 3252//3252 3251//3251
f 3165//3165 3170//3170 3246//3246
f 3165//3165 3246//3246 3245//3245
f 3245//3245 3244//3244 3163//3163
f 3245//3245 3163//3163 3165//3165
f 3164//3164 3163//3163 3244//3244
f 3164//3164 3244//3244 3243//3243
f 3385//3385 3258//3258 3152//3152
f 3150//3150 3151//3151 3259//3259
f 3150//3150 3259//3259 3386//3386
f 3250//3250 3148//3148 3147//3147
f 3250//3250 3147//3147 3260//3260
f 3249//3249 3387//3387 3149//3149
f 3171//3171 3176//3176 3408//3408
f 3171//3171 3408//3408 3253//3253
f 3177//3177 3411//3411 3254//3254
f 3177//3177 3254//3254 3173//3173
f 3153//3153 3155//3155 3451//3451
f 3153//3153 3451//3451 3262//3262
f 2809//2809 2812//2812 2800//2800
f 2809//2809 2800//2800 2791//2791
f 2811//2811 2773//2773 3034//3034
f 2811//2811 3034//3034 2810//2810
f 2830//2830 2773//2773 2811//2811
f 2830//2830 2811//2811 2774//2774
f 3037//3037 3098//3098 3045//3045
f 3095//3095 3035//3035 2762//2762
f 3034//3034 2762//2762 3035//3035
f 2773//2773 2763//2763 2762//2762
f 2773//2773 2762//2762 3034//3034
f 2766//2766 3103//3103 3019//3019
f 2794//2794 2995//2995 2996//2996
f 2817//2817 2832//2832 2768//2768
f 2793//2793 2795//2795 2769//2769
f 2793//2793 2769//2769 2768//2768
f 2795//2795 2794//2794 2996//2996
f 2795//2795 2996//2996 2769//2769
f 2999//2999 2792//2792 2772//2772
f 2998//2998 2792//2792 2999//2999
f 2832//2832 2771//2771 2772//2772
f 2832//2832 2772//2772 2768//2768
f 2792//2792 2768//2768 2772//2772
f 2792//2792 2793//2793 2768//2768
f 2774//2774 2811//2811 2808//2808
f 2774//2774 2808//2808 2831//2831
f 2810//2810 2807//2807 2808//2808
f 2810//2810 2808//2808 2811//2811
f 2809//2809 2806//2806 2807//2807
f 2809//2809 2807//2807 2810//2810
f 2791//2791 2790//2790 2806//2806
f 2791//2791 2806//2806 2809//2809
f 3009//3009 2831//2831 2808//2808
f 2807//2807 2804//2804 3009//3009
f 2807//2807 3009//3009 2808//2808
f 2806//2806 2804//2804 2807//2807
f 2790//2790 2788//2788 2804//2804
f 2790//2790 2804//2804 2806//2806
f 2804//2804 2805//2805 3006//3006
f 2788//2788 2789//2789 2805//2805
f 2788//2788 2805//2805 2804//2804
f 2994//2994 2801//2801 2828//2828
f 2791//2791 2800//2800 2801//2801
f 2791//2791 2801//2801 2994//2994
f 2829//2829 2803//2803 2802//2802
f 2829//2829 2802//2802 2760//2760
f 2801//2801 2802//2802 2803//2803
f 2801//2801 2803//2803 2828//2828
f 2759//2759 2758//2758 2821//2821
f 2759//2759 2821//2821 2761//2761
f 3000//3000 3001//3001 3002//3002
f 3000//3000 3002//3002 2835//2835
f 2776//2776 2783//2783 2988//2988
f 2776//2776 2988//2988 2784//2784
f 2797//2797 2989//2989 2782//2782
f 2779//2779 2782//2782 2989//2989
f 2779//2779 2989//2989 2819//2819
f 2819//2819 2798//2798 2778//2778
f 2819//2819 2778//2778 2779//2779
f 2778//2778 2798//2798 2988//2988
f 2778//2778 2988//2988 2783//2783
f 2995//2995 2990//2990 2796//2796
f 2796//2796 2797//2797 2777//2777
f 2796//2796 2777//2777 3004//3004
f 2990//2990 2797//2797 2796//2796
f 2826//2826 2991//2991 2795//2795
f 2826//2826 2795//2795 2793//2793
f 2991//2991 2794//2794 2795//2795
f 2997//2997 2827//2827 2792//2792
f 2997//2997 2792//2792 2998//2998
f 2827//2827 2826//2826 2793//2793
f 2827//2827 2793//2793 2792//2792
f 2994//2994 2820//2820 2790//2790
f 2994//2994 2790//2790 2791//2791
f 2820//2820 2993//2993 2788//2788
f 2820//2820 2788//2788 2790//2790
f 2993//2993 2992//2992 2789//2789
f 2993//2993 2789//2789 2788//2788
f 2834//2834 2987//2987 2823//2823
f 2834//2834 2787//2787 2987//2987
f 2987//2987 2786//2786 2824//2824
f 2787//2787 2785//2785 2786//2786
f 2787//2787 2786//2786 2987//2987
f 2786//2786 2775//2775 2825//2825
f 2786//2786 2825//2825 2824//2824
f 2785//2785 2814//2814 2775//2775
f 2785//2785 2775//2775 2786//2786
f 2775//2775 2776//2776 2784//2784
f 2775//2775 2784//2784 2825//2825
f 3096//3096 3097//3097 3046//3046
f 2778//2778 2783//2783 2833//2833
f 2778//2778 2833//2833 2781//2781
f 2813//2813 2833//2833 2783//2783
f 2813//2813 2783//2783 2776//2776
f 2777//2777 2782//2782 2815//2815
f 2777//2777 2815//2815 2816//2816
f 2780//2780 2815//2815 2782//2782
f 2780//2780 2782//2782 2779//2779
f 2779//2779 2778//2778 2781//2781
f 2779//2779 2781//2781 2780//2780
f 3004//3004 2777//2777 2816//2816
f 2814//2814 2813//2813 2776//2776
f 2814//2814 2776//2776 2775//2775
f 3009//3009 3006//3006 2873//2873
f 3005//3005 2817//2817 2996//2996
f 2817//2817 2769//2769 2996//2996
f 2768//2768 2769//2769 2817//2817
f 3095//3095 3098//3098 3037//3037
f 3103//3103 3102//3102 3019//3019
f 2763//2763 3098//3098 3095//3095
f 2763//2763 3095//3095 2762//2762
f 2761//2761 2829//2829 2760//2760
f 2761//2761 2760//2760 2759//2759
f 2984//2984 2846//2846 2838//2838
f 2984//2984 2838//2838 67//67
f 2983//2983 2982//2982 2846//2846
f 2983//2983 2846//2846 2984//2984
f 2981//2981 2915//2915 2837//2837
f 2981//2981 2837//2837 2982//2982
f 2981//2981 2841//2841 2915//2915
f 2980//2980 2842//2842 2841//2841
f 2980//2980 2841//2841 2981//2981
f 2979//2979 2839//2839 2842//2842
f 2979//2979 2842//2842 2980//2980
f 2978//2978 2840//2840 2839//2839
f 2978//2978 2839//2839 2979//2979
f 2977//2977 2844//2844 2840//2840
f 2977//2977 2840//2840 2978//2978
f 2976//2976 2843//2843 2844//2844
f 2976//2976 2844//2844 2977//2977
f 56//56 2843//2843 2976//2976
f 2846//2846 3027//3027 2975//2975
f 3028//3028 2883//2883 2975//2975
f 3028//3028 2975//2975 3027//3027
f 2851//2851 2838//2838 2975//2975
f 2851//2851 2975//2975 2881//2881
f 3146//3146 2888//2888 3145//3145
f 2898//2898 2974//2974 3146//3146
f 2970//2970 2974//2974 2898//2898
f 2888//2888 2886//2886 2887//2887
f 3146//3146 2845//2845 2888//2888
f 2974//2974 2845//2845 3146//3146
f 3142//3142 2972//2972 2973//2973
f 3142//3142 2973//2973 2882//2882
f 2973//2973 2851//2851 2881//2881
f 2973//2973 2881//2881 2882//2882
f 66//66 67//67 2851//2851
f 66//66 2851//2851 2973//2973
f 68//68 66//66 2973//2973
f 68//68 2973//2973 2972//2972
f 3109//3109 3036//3036 3108//3108
f 3057//3057 3109//3109 3111//3111
f 3057//3057 3111//3111 3113//3113
f 2969//2969 2968//2968 3038//3038
f 2969//2969 3038//3038 2948//2948
f 3039//3039 2967//2967 2947//2947
f 3039//3039 2947//2947 3038//3038
f 2967//2967 2966//2966 2946//2946
f 2967//2967 2946//2946 2947//2947
f 3059//3059 2965//2965 2945//2945
f 3059//3059 2945//2945 3058//3058
f 2964//2964 2906//2906 2945//2945
f 2964//2964 2945//2945 2965//2965
f 2963//2963 2905//2905 2906//2906
f 2963//2963 2906//2906 2964//2964
f 3029//3029 2968//2968 2969//2969
f 3040//3040 2961//2961 2967//2967
f 3040//3040 2967//2967 3039//3039
f 2961//2961 2960//2960 2966//2966
f 2961//2961 2966//2966 2967//2967
f 3060//3060 2959//2959 2965//2965
f 3060//3060 2965//2965 3059//3059
f 2958//2958 2964//2964 2965//2965
f 2958//2958 2965//2965 2959//2959
f 3135//3135 2963//2963 2964//2964
f 3135//3135 2964//2964 2958//2958
f 3041//3041 3047//3047 2961//2961
f 3041//3041 2961//2961 3040//3040
f 2961//2961 3047//3047 2956//2956
f 2961//2961 2956//2956 2960//2960
f 3131//3131 3061//3061 2954//2954
f 3131//3131 2954//2954 3130//3130
f 3125//3125 3126//3126 3123//3123
f 3125//3125 3123//3123 3124//3124
f 2871//2871 2912//2912 2839//2839
f 2871//2871 2839//2839 2840//2840
f 2950//2950 3012//3012 2926//2926
f 2950//2950 2926//2926 2922//2922
f 2926//2926 2953//2953 2844//2844
f 2926//2926 2844//2844 2843//2843
f 3012//3012 2952//2952 2953//2953
f 3012//3012 2953//2953 2926//2926
f 2817//2817 3007//3007 3011//3011
f 2817//2817 3011//3011 2832//2832
f 2844//2844 2871//2871 2840//2840
f 2953//2953 2869//2869 2871//2871
f 2953//2953 2871//2871 2844//2844
f 2952//2952 2868//2868 2869//2869
f 2952//2952 2869//2869 2953//2953
f 2951//2951 2868//2868 2952//2952
f 2917//2917 2949//2949 2925//2925
f 2917//2917 2925//2925 2848//2848
f 2873//2873 3010//3010 2949//2949
f 2873//2873 2949//2949 2917//2917
f 2925//2925 2950//2950 2922//2922
f 2925//2925 2922//2922 2923//2923
f 3009//3009 2873//2873 2917//2917
f 3009//3009 2917//2917 2918//2918
f 2948//2948 2944//2944 3014//3014
f 2948//2948 3038//3038 2944//2944
f 3038//3038 2947//2947 3042//3042
f 2947//2947 2946//2946 2903//2903
f 2947//2947 2903//2903 3048//3048
f 3058//3058 2945//2945 2902//2902
f 3058//3058 2902//2902 3062//3062
f 2906//2906 2901//2901 2902//2902
f 2906//2906 2902//2902 2945//2945
f 3014//3014 2944//2944 2943//2943
f 3048//3048 2903//2903 2895//2895
f 3048//3048 2895//2895 3049//3049
f 2787//2787 3014//3014 3026//3026
f 3026//3026 3016//3016 2853//2853
f 3072//3072 2863//2863 2936//2936
f 3072//3072 2936//2936 3071//3071
f 2863//2863 2937//2937 2936//2936
f 3080//3080 2942//2942 2928//2928
f 2942//2942 2941//2941 3091//3091
f 2942//2942 3091//3091 2928//2928
f 2941//2941 43//43 3091//3091
f 3081//3081 2874//2874 2942//2942
f 3081//3081 2942//2942 3080//3080
f 2874//2874 2940//2940 2941//2941
f 2874//2874 2941//2941 2942//2942
f 3092//3092 47//47 2940//2940
f 2875//2875 3067//3067 3084//3084
f 3094//3094 2867//2867 51//51
f 3094//3094 51//51 2939//2939
f 3073//3073 2876//2876 3089//3089
f 3073//3073 3089//3089 3099//3099
f 3074//3074 2865//2865 2876//2876
f 3074//3074 2876//2876 3073//3073
f 2938//2938 51//51 2867//2867
f 2938//2938 2867//2867 2866//2866
f 2866//2866 2864//2864 2938//2938
f 2865//2865 2936//2936 2937//2937
f 3074//3074 3071//3071 2936//2936
f 3074//3074 2936//2936 2865//2865
f 3128//3128 3085//3085 3129//3129
f 3128//3128 2935//2935 3085//3085
f 3077//3077 2933//2933 3127//3127
f 2929//2929 3090//3090 3085//3085
f 3090//3090 3093//3093 3141//3141
f 3090//3090 3141//3141 3129//3129
f 2927//2927 40//40 2932//2932
f 2927//2927 2932//2932 3093//3093
f 3113//3113 3111//3111 3110//3110
f 3113//3113 3110//3110 2930//2930
f 2928//2928 3091//3091 2927//2927
f 2928//2928 2927//2927 2929//2929
f 3091//3091 43//43 40//40
f 3091//3091 40//40 2927//2927
f 2922//2922 2926//2926 2843//2843
f 2922//2922 2843//2843 56//56
f 2847//2847 2923//2923 2924//2924
f 2848//2848 2925//2925 2923//2923
f 2848//2848 2923//2923 2847//2847
f 2923//2923 2922//2922 56//56
f 2923//2923 56//56 2924//2924
f 2863//2863 2921//2921 2862//2862
f 2863//2863 2920//2920 2921//2921
f 2921//2921 2919//2919 2847//2847
f 2921//2921 2847//2847 2862//2862
f 2920//2920 2918//2918 2919//2919
f 2920//2920 2919//2919 2921//2921
f 2831//2831 3009//3009 2918//2918
f 2831//2831 2918//2918 2920//2920
f 2919//2919 2848//2848 2847//2847
f 2918//2918 2917//2917 2848//2848
f 2918//2918 2848//2848 2919//2919
f 2847//2847 2836//2836 38//38
f 3023//3023 3024//3024 3027//3027
f 3025//3025 3028//3028 3027//3027
f 3025//3025 3027//3027 3024//3024
f 2913//2913 2915//2915 2841//2841
f 2911//2911 2850//2850 2915//2915
f 2911//2911 2915//2915 2913//2913
f 2909//2909 2916//2916 2850//2850
f 2909//2909 2850//2850 2911//2911
f 2907//2907 2880//2880 2916//2916
f 2907//2907 2916//2916 2909//2909
f 2816//2816 2815//2815 2880//2880
f 2816//2816 2880//2880 2907//2907
f 2914//2914 2916//2916 2880//2880
f 2914//2914 2880//2880 2878//2878
f 2849//2849 2850//2850 2916//2916
f 2849//2849 2916//2916 2914//2914
f 2837//2837 2915//2915 2850//2850
f 2914//2914 2879//2879 2858//2858
f 2914//2914 2858//2858 2849//2849
f 2878//2878 2879//2879 2914//2914
f 2912//2912 2842//2842 2839//2839
f 2870//2870 2910//2910 2912//2912
f 2872//2872 2908//2908 2910//2910
f 2872//2872 2910//2910 2870//2870
f 2912//2912 2913//2913 2841//2841
f 2912//2912 2841//2841 2842//2842
f 2910//2910 2911//2911 2913//2913
f 2910//2910 2913//2913 2912//2912
f 2908//2908 2909//2909 2911//2911
f 2908//2908 2911//2911 2910//2910
f 3004//3004 2907//2907 2909//2909
f 3004//3004 2909//2909 2908//2908
f 2905//2905 2899//2899 2901//2901
f 2905//2905 2901//2901 2906//2906
f 2904//2904 2897//2897 2899//2899
f 2904//2904 2899//2899 2905//2905
f 3062//3062 2902//2902 2894//2894
f 3062//3062 2894//2894 3064//3064
f 2901//2901 2893//2893 2894//2894
f 2901//2901 2894//2894 2902//2902
f 2899//2899 2900//2900 2893//2893
f 2899//2899 2893//2893 2901//2901
f 2897//2897 2898//2898 2900//2900
f 2897//2897 2900//2900 2899//2899
f 3049//3049 2895//2895 2890//2890
f 3049//3049 2890//2890 3050//3050
f 3064//3064 2894//2894 2889//2889
f 3064//3064 2889//2889 3065//3065
f 3145//3145 2888//2888 2887//2887
f 3145//3145 2887//2887 2889//2889
f 2891//2891 3051//3051 3043//3043
f 3050//3050 2890//2890 2884//2884
f 3050//3050 2884//2884 3051//3051
f 3065//3065 2889//2889 2887//2887
f 3065//3065 2887//2887 3066//3066
f 2884//2884 3142//3142 2882//2882
f 2884//2884 2882//2882 3052//3052
f 2887//2887 2886//2886 3142//3142
f 2887//2887 3142//3142 3066//3066
f 3043//3043 3051//3051 3052//3052
f 3043//3043 3052//3052 3044//3044
f 3033//3033 2883//2883 3028//3028
f 2882//2882 2881//2881 3044//3044
f 2882//2882 3044//3044 3052//3052
f 2859//2859 2856//2856 2857//2857
f 2859//2859 2857//2857 3024//3024
f 2781//2781 2833//2833 2857//2857
f 2781//2781 2857//2857 2856//2856
f 2855//2855 2857//2857 2833//2833
f 2855//2855 2833//2833 2813//2813
f 3015//3015 3025//3025 3024//3024
f 3015//3015 3024//3024 2857//2857
f 2878//2878 2880//2880 2815//2815
f 2878//2878 2815//2815 2780//2780
f 2780//2780 2781//2781 2879//2879
f 2780//2780 2879//2879 2878//2878
f 2853//2853 2855//2855 2813//2813
f 2853//2853 2813//2813 2814//2814
f 3128//3128 3086//3086 2935//2935
f 3144//3144 3003//3003 3087//3087
f 3107//3107 2875//2875 3081//3081
f 3089//3089 3094//3094 3088//3088
f 2876//2876 3094//3094 3089//3089
f 3084//3084 3088//3088 3101//3101
f 3099//3099 3089//3089 3084//3084
f 3099//3099 3084//3084 3100//3100
f 3089//3089 3088//3088 3084//3084
f 2872//2872 2870//2870 2868//2868
f 2872//2872 2868//2868 2951//2951
f 2951//2951 3007//3007 3008//3008
f 2951//2951 3008//3008 2872//2872
f 2870//2870 2912//2912 2871//2871
f 2870//2870 2871//2871 2869//2869
f 2876//2876 2867//2867 3094//3094
f 2865//2865 2866//2866 2867//2867
f 2865//2865 2867//2867 2876//2876
f 2937//2937 2864//2864 2866//2866
f 2937//2937 2866//2866 2865//2865
f 2863//2863 2861//2861 2864//2864
f 2863//2863 2864//2864 2937//2937
f 2860//2860 47//47 3092//3092
f 2859//2859 2858//2858 2879//2879
f 2859//2859 2879//2879 2856//2856
f 3016//3016 2854//2854 3025//3025
f 3016//3016 3025//3025 3015//3015
f 3026//3026 2854//2854 3016//3016
f 2955//2955 2957//2957 3117//3117
f 2955//2955 3117//3117 3021//3021
f 3020//3020 2852//2852 2955//2955
f 3020//3020 2955//2955 3021//3021
f 2850//2850 3022//3022 2837//2837
f 2850//2850 2849//2849 3022//3022
f 2836//2836 2847//2847 2924//2924
f 2823//2823 2987//2987 3175//3175
f 2823//2823 3175//3175 3174//3174
f 2824//2824 3179//3179 3175//3175
f 2824//2824 3175//3175 2987//2987
f 2825//2825 3178//3178 3179//3179
f 2825//2825 3179//3179 2824//2824
f 2784//2784 3162//3162 3178//3178
f 2784//2784 3178//3178 2825//2825
f 3166//3166 2994//2994 2828//2828
f 3166//3166 2828//2828 3167//3167
f 3163//3163 3164//3164 2803//2803
f 3163//3163 2803//2803 2829//2829
f 3167//3167 2828//2828 2803//2803
f 3167//3167 2803//2803 3164//3164
f 2821//2821 2822//2822 3168//3168
f 2821//2821 3168//3168 3170//3170
f 3002//3002 3001//3001 3173//3173
f 3002//3002 3173//3173 3176//3176
f 2818//2818 2986//2986 3171//3171
f 2818//2818 3171//3171 3172//3172
f 2818//2818 3172//3172 3169//3169
f 2818//2818 3169//3169 2985//2985
f 3162//3162 2784//2784 2988//2988
f 3162//3162 2988//2988 3160//3160
f 3153//3153 3161//3161 2989//2989
f 3153//3153 2989//2989 2797//2797
f 2819//2819 2989//2989 3161//3161
f 2819//2819 3161//3161 3158//3158
f 3158//3158 3159//3159 2798//2798
f 3158//3158 2798//2798 2819//2819
f 3160//3160 2988//2988 2798//2798
f 3160//3160 2798//2798 3159//3159
f 3152//3152 3154//3154 2990//2990
f 3152//3152 2990//2990 2995//2995
f 3150//3150 3152//3152 2995//2995
f 3150//3150 2995//2995 2794//2794
f 3149//3149 3151//3151 2991//2991
f 3149//3149 2991//2991 2826//2826
f 3151//3151 3150//3150 2794//2794
f 3151//3151 2794//2794 2991//2991
f 3148//3148 3249//3249 2827//2827
f 3148//3148 2827//2827 2997//2997
f 3249//3249 3149//3149 2826//2826
f 3249//3249 2826//2826 2827//2827
f 3166//3166 3157//3157 2820//2820
f 3166//3166 2820//2820 2994//2994
f 3157//3157 3156//3156 2993//2993
f 3157//3157 2993//2993 2820//2820
f 3156//3156 3147//3147 2992//2992
f 3156//3156 2992//2992 2993//2993
f 3170//3170 3165//3165 2761//2761
f 3170//3170 2761//2761 2821//2821
f 3165//3165 3163//3163 2829//2829
f 3165//3165 2829//2829 2761//2761
f 2822//2822 2985//2985 3169//3169
f 2822//2822 3169//3169 3168//3168
f 2995//2995 2770//2770 2996//2996
f 3005//3005 2996//2996 2770//2770
f 3147//3147 3148//3148 2997//2997
f 3147//3147 2997//2997 2992//2992
f 2992//2992 2997//2997 2998//2998
f 2992//2992 2998//2998 2789//2789
f 2789//2789 2998//2998 2999//2999
f 2789//2789 2999//2999 2805//2805
f 2805//2805 2999//2999 3006//3006
f 2823//2823 3001//3001 3000//3000
f 2823//2823 3000//3000 2834//2834
f 3001//3001 2823//2823 3174//3174
f 3001//3001 3174//3174 3177//3177
f 2767//2767 2835//2835 3002//3002
f 2767//2767 3002//3002 2986//2986
f 2986//2986 3002//3002 3176//3176
f 2986//2986 3176//3176 3171//3171
f 3001//3001 3177//3177 3173//3173
f 3155//3155 3153//3153 2797//2797
f 3155//3155 2797//2797 2990//2990
f 3004//3004 3008//3008 2770//2770
f 3004//3004 2816//2816 2907//2907
f 3008//3008 3005//3005 2770//2770
f 2770//2770 2995//2995 2796//2796
f 2770//2770 2796//2796 3004//3004
f 2804//2804 3006//3006 3009//3009
f 2999//2999 2772//2772 2771//2771
f 2999//2999 2771//2771 3006//3006
f 2873//2873 3006//3006 2771//2771
f 2873//2873 2771//2771 3010//3010
f 2771//2771 2832//2832 3011//3011
f 2771//2771 3011//3011 3010//3010
f 3008//3008 3004//3004 2908//2908
f 3005//3005 3008//3008 3007//3007
f 3005//3005 3007//3007 2817//2817
f 3007//3007 2951//2951 3011//3011
f 3011//3011 2951//2951 2952//2952
f 3011//3011 2952//2952 3012//3012
f 2949//2949 3012//3012 2950//2950
f 2949//2949 2950//2950 2925//2925
f 2949//2949 3010//3010 3011//3011
f 2949//2949 3011//3011 3012//3012
f 3000//3000 2969//2969 2948//2948
f 3000//3000 2948//2948 2834//2834
f 3013//3013 2962//2962 2835//2835
f 3013//3013 2835//2835 2767//2767
f 2834//2834 2948//2948 3014//3014
f 2834//2834 3014//3014 2787//2787
f 2857//2857 2855//2855 3015//3015
f 2853//2853 3016//3016 3015//3015
f 2853//2853 3015//3015 2855//2855
f 2767//2767 2986//2986 2818//2818
f 2767//2767 2818//2818 3017//3017
f 2822//2822 2821//2821 2758//2758
f 2822//2822 2758//2758 3104//3104
f 2985//2985 3018//3018 3017//3017
f 2985//2985 3017//3017 2818//2818
f 2799//2799 2760//2760 2802//2802
f 2800//2800 2799//2799 2802//2802
f 2800//2800 2802//2802 2801//2801
f 3017//3017 3018//3018 3021//3021
f 3102//3102 3020//3020 3018//3018
f 3102//3102 3018//3018 3104//3104
f 3019//3019 3102//3102 2758//2758
f 3019//3019 2758//2758 2759//2759
f 3019//3019 2759//2759 2760//2760
f 3019//3019 2760//2760 2799//2799
f 3105//3105 3020//3020 3102//3102
f 3020//3020 3021//3021 3018//3018
f 3014//3014 2943//2943 3026//3026
f 2943//2943 2892//2892 2854//2854
f 2943//2943 2854//2854 3026//3026
f 3022//3022 2858//2858 2859//2859
f 3022//3022 2859//2859 3023//3023
f 3023//3023 2859//2859 3024//3024
f 3022//3022 2849//2849 2858//2858
f 2885//2885 3025//3025 2854//2854
f 2766//2766 2799//2799 2764//2764
f 2812//2812 2764//2764 2799//2799
f 2812//2812 2799//2799 2800//2800
f 3019//3019 2799//2799 2766//2766
f 3105//3105 2852//2852 3020//3020
f 2787//2787 3026//3026 2785//2785
f 2785//2785 3026//3026 2853//2853
f 2785//2785 2853//2853 2814//2814
f 3000//3000 2835//2835 2962//2962
f 2982//2982 3022//3022 3023//3023
f 2982//2982 3023//3023 2846//2846
f 2846//2846 3023//3023 3027//3027
f 3029//3029 2969//2969 2962//2962
f 2957//2957 3029//3029 2962//2962
f 2957//2957 2962//2962 3013//3013
f 2944//2944 3030//3030 2943//2943
f 3030//3030 3031//3031 2892//2892
f 3030//3030 2892//2892 2943//2943
f 3031//3031 3032//3032 2885//2885
f 3031//3031 2885//2885 2892//2892
f 3032//3032 3033//3033 3025//3025
f 3032//3032 3025//3025 2885//2885
f 3033//3033 3028//3028 3025//3025
f 2810//2810 3034//3034 2812//2812
f 2810//2810 2812//2812 2809//2809
f 3035//3035 3095//3095 2766//2766
f 3035//3035 2766//2766 2764//2764
f 3034//3034 3035//3035 2764//2764
f 3034//3034 2764//2764 2812//2812
f 3103//3103 2766//2766 3095//3095
f 3036//3036 3112//3112 3103//3103
f 3036//3036 3103//3103 3037//3037
f 3039//3039 3038//3038 2968//2968
f 3040//3040 3039//3039 2968//2968
f 3040//3040 2968//2968 3029//3029
f 3041//3041 3040//3040 3029//3029
f 3041//3041 3029//3029 2957//2957
f 3115//3115 3119//3119 3116//3116
f 3114//3114 3115//3115 3116//3116
f 3114//3114 3116//3116 2852//2852
f 3038//3038 3042//3042 2944//2944
f 3042//3042 2896//2896 3030//3030
f 3042//3042 3030//3030 2944//2944
f 2896//2896 2891//2891 3031//3031
f 2896//2896 3031//3031 3030//3030
f 2891//2891 3043//3043 3032//3032
f 2891//2891 3032//3032 3031//3031
f 3043//3043 3044//3044 3033//3033
f 3043//3043 3033//3033 3032//3032
f 3044//3044 2883//2883 3033//3033
f 3037//3037 3103//3103 3095//3095
f 3037//3037 3045//3045 3108//3108
f 3037//3037 3108//3108 3036//3036
f 3120//3120 3119//3119 3115//3115
f 2763//2763 3046//3046 3097//3097
f 2763//2763 3097//3097 3098//3098
f 3046//3046 2763//2763 2773//2773
f 3046//3046 2773//2773 2830//2830
f 3054//3054 3118//3118 3120//3120
f 3054//3054 3120//3120 3115//3115
f 2947//2947 3048//3048 3042//3042
f 3048//3048 3049//3049 2896//2896
f 3048//3048 2896//2896 3042//3042
f 3049//3049 3050//3050 2891//2891
f 3049//3049 2891//2891 2896//2896
f 3050//3050 3051//3051 2891//2891
f 3053//3053 3108//3108 3045//3045
f 3055//3055 3036//3036 3109//3109
f 3053//3053 2765//2765 3056//3056
f 3108//3108 3053//3053 3056//3056
f 3108//3108 3056//3056 3106//3106
f 3059//3059 3058//3058 2946//2946
f 3059//3059 2946//2946 2966//2966
f 3060//3060 3059//3059 2966//2966
f 3060//3060 2966//2966 2960//2960
f 3061//3061 3131//3131 2960//2960
f 3061//3061 2960//2960 2956//2956
f 3121//3121 3118//3118 3054//3054
f 3121//3121 3054//3054 3057//3057
f 3058//3058 3062//3062 2903//2903
f 3058//3058 2903//2903 2946//2946
f 2830//2830 3063//3063 3046//3046
f 3062//3062 3064//3064 2895//2895
f 3062//3062 2895//2895 2903//2903
f 3064//3064 3065//3065 2890//2890
f 3064//3064 2890//2890 2895//2895
f 3065//3065 3066//3066 2884//2884
f 3065//3065 2884//2884 2890//2890
f 3056//3056 2765//2765 3100//3100
f 3056//3056 3100//3100 3067//3067
f 2875//2875 3056//3056 3067//3067
f 3068//3068 3096//3096 3046//3046
f 3068//3068 3046//3046 3063//3063
f 2774//2774 3069//3069 2830//2830
f 3057//3057 3055//3055 3109//3109
f 3122//3122 3121//3121 3057//3057
f 3130//3130 2954//2954 3126//3126
f 3130//3130 3126//3126 3132//3132
f 2958//2958 3132//3132 3070//3070
f 2958//2958 3070//3070 3135//3135
f 3127//3127 3125//3125 3124//3124
f 3127//3127 3124//3124 3077//3077
f 3138//3138 2904//2904 2905//2905
f 3138//3138 2905//2905 2963//2963
f 3134//3134 3136//3136 3135//3135
f 3134//3134 3135//3135 3070//3070
f 3072//3072 3071//3071 3069//3069
f 3072//3072 3069//3069 2774//2774
f 3074//3074 3073//3073 3063//3063
f 3074//3074 3063//3063 3069//3069
f 3074//3074 3069//3069 3071//3071
f 2774//2774 2831//2831 2920//2920
f 2774//2774 2920//2920 3072//3072
f 3100//3100 3084//3084 3067//3067
f 3133//3133 3134//3134 3127//3127
f 3133//3133 3127//3127 2933//2933
f 3138//3138 3075//3075 3078//3078
f 3138//3138 3078//3078 2904//2904
f 3078//3078 3079//3079 2897//2897
f 3078//3078 2897//2897 2904//2904
f 3079//3079 2971//2971 2898//2898
f 3079//3079 2898//2898 2897//2897
f 3080//3080 2930//2930 3110//3110
f 3111//3111 3081//3081 3080//3080
f 3111//3111 3080//3080 3110//3110
f 3082//3082 2877//2877 3079//3079
f 3082//3082 3079//3079 3078//3078
f 3079//3079 2877//2877 2971//2971
f 3083//3083 3082//3082 3078//3078
f 3083//3083 3078//3078 3075//3075
f 2875//2875 3084//3084 3101//3101
f 2935//2935 3086//3086 3137//3137
f 2935//2935 3137//3137 3133//3133
f 2935//2935 3133//3133 2933//2933
f 2935//2935 2933//2933 2934//2934
f 2928//2928 2934//2934 2933//2933
f 2928//2928 2933//2933 2931//2931
f 3080//3080 2928//2928 2931//2931
f 3137//3137 3086//3086 3083//3083
f 3087//3087 2971//2971 2877//2877
f 2929//2929 3085//3085 2934//2934
f 2928//2928 2929//2929 2934//2934
f 2934//2934 3085//3085 2935//2935
f 3144//3144 3083//3083 3086//3086
f 3082//3082 3144//3144 3087//3087
f 3082//3082 3087//3087 2877//2877
f 29//29 2970//2970 2971//2971
f 29//29 2971//2971 3087//3087
f 3090//3090 3129//3129 3085//3085
f 2929//2929 2927//2927 3090//3090
f 3140//3140 3003//3003 3144//3144
f 3092//3092 2940//2940 2874//2874
f 3093//3093 2932//2932 45//45
f 3093//3093 45//45 3141//3141
f 3093//3093 3090//3090 2927//2927
f 2860//2860 3088//3088 3094//3094
f 2860//2860 3092//3092 3101//3101
f 2860//2860 3101//3101 3088//3088
f 3097//3097 3096//3096 2765//2765
f 3097//3097 2765//2765 3053//3053
f 3097//3097 3053//3053 3045//3045
f 3097//3097 3045//3045 3098//3098
f 2765//2765 3096//3096 3068//3068
f 2765//2765 3068//3068 3100//3100
f 3068//3068 3063//3063 3073//3073
f 3068//3068 3073//3073 3099//3099
f 3099//3099 3100//3100 3068//3068
f 3092//3092 2874//2874 3101//3101
f 3106//3106 3056//3056 2875//2875
f 3137//3137 3083//3083 3075//3075
f 3137//3137 3075//3075 3076//3076
f 3081//3081 2875//2875 3101//3101
f 3081//3081 3101//3101 2874//2874
f 2875//2875 3107//3107 3106//3106
f 3102//3102 3103//3103 3105//3105
f 2985//2985 2822//2822 3104//3104
f 2985//2985 3104//3104 3018//3018
f 3102//3102 3104//3104 2758//2758
f 3108//3108 3106//3106 3109//3109
f 3107//3107 3109//3109 3106//3106
f 3111//3111 3109//3109 3107//3107
f 3081//3081 3111//3111 3107//3107
f 2852//2852 3105//3105 3112//3112
f 3036//3036 3055//3055 3114//3114
f 3036//3036 3114//3114 3112//3112
f 2852//2852 3112//3112 3114//3114
f 3080//3080 2931//2931 2930//2930
f 3055//3055 3054//3054 3115//3115
f 3055//3055 3115//3115 3114//3114
f 2955//2955 2852//2852 3116//3116
f 3055//3055 3057//3057 3054//3054
f 2957//2957 2955//2955 3116//3116
f 2957//2957 3116//3116 3119//3119
f 3122//3122 3057//3057 3113//3113
f 3122//3122 3113//3113 3123//3123
f 2933//2933 3077//3077 2931//2931
f 2957//2957 3013//3013 3117//3117
f 3017//3017 3117//3117 2767//2767
f 3117//3117 3013//3013 2767//2767
f 3113//3113 2930//2930 3124//3124
f 3113//3113 3124//3124 3123//3123
f 3077//3077 3124//3124 2930//2930
f 3077//3077 2930//2930 2931//2931
f 3118//3118 2956//2956 3047//3047
f 3119//3119 3041//3041 2957//2957
f 3120//3120 3047//3047 3041//3041
f 3120//3120 3041//3041 3119//3119
f 3120//3120 3118//3118 3047//3047
f 3118//3118 3121//3121 3061//3061
f 3118//3118 3061//3061 2956//2956
f 3061//3061 3121//3121 3122//3122
f 3061//3061 3122//3122 2954//2954
f 2954//2954 3122//3122 3123//3123
f 2954//2954 3123//3123 3126//3126
f 3127//3127 3134//3134 3070//3070
f 3127//3127 3070//3070 3125//3125
f 3131//3131 3130//3130 2959//2959
f 3131//3131 2959//2959 3060//3060
f 3131//3131 3060//3060 2960//2960
f 3130//3130 3132//3132 2958//2958
f 3130//3130 2958//2958 2959//2959
f 3132//3132 3126//3126 3125//3125
f 3132//3132 3125//3125 3070//3070
f 3076//3076 3136//3136 3134//3134
f 3076//3076 3134//3134 3133//3133
f 3076//3076 3133//3133 3137//3137
f 3128//3128 3140//3140 3086//3086
f 3136//3136 3138//3138 2963//2963
f 3136//3136 2963//2963 3135//3135
f 3140//3140 3128//3128 3129//3129
f 3076//3076 3138//3138 3136//3136
f 3076//3076 3075//3075 3138//3138
f 2888//2888 3139//3139 2972//2972
f 2888//2888 2972//2972 2886//2886
f 3144//3144 3082//3082 3083//3083
f 3144//3144 3086//3086 3140//3140
f 3141//3141 3143//3143 3129//3129
f 3143//3143 3141//3141 45//45
f 68//68 2972//2972 3139//3139
f 3066//3066 3142//3142 2884//2884
f 3142//3142 2886//2886 2972//2972
f 3140//3140 3129//3129 3143//3143
f 18//18 3003//3003 3140//3140
f 2900//2900 3146//3146 3145//3145
f 2900//2900 3145//3145 2893//2893
f 2898//2898 3146//3146 2900//2900
f 2971//2971 2970//2970 2898//2898
f 3145//3145 2889//2889 2894//2894
f 3145//3145 2894//2894 2893//2893
f 3696//3696 3213//3213 3201//3201
f 3455//3455 3257//3257 3355//3355
f 3353//3353 3259//3259 3387//3387
f 3350//3350 3244//3244 3245//3245
f 3324//3324 3186//3186 3329//3329
f 3272//3272 3294//3294 3437//3437
f 3312//3312 3287//3287 3285//3285
f 3301//3301 3295//3295 3300//3300
f 3290//3290 3292//3292 3291//3291
f 3290//3290 3273//3273 3270//3270
f 3271//3271 3270//3270 3272//3272
f 3673//3673 3314//3314 3672//3672
f 3401//3401 3297//3297 3400//3400
f 3415//3415 3414//3414 3220//3220
f 3666//3666 3211//3211 3781//3781
f 3437//3437 3271//3271 3272//3272
f 3317//3317 3438//3438 3443//3443
f 3355//3355 3394//3394 3393//3393
f 3192//3192 3196//3196 3347//3347
f 3192//3192 3347//3347 3205//3205
f 3192//3192 3205//3205 3425//3425
f 3192//3192 3197//3197 3196//3196
f 3197//3197 3207//3207 3206//3206
f 3207//3207 3197//3197 3192//3192
f 3207//3207 3192//3192 3208//3208
f 3208//3208 3192//3192 3209//3209
f 3212//3212 3198//3198 3197//3197
f 3212//3212 3197//3197 3206//3206
f 3199//3199 3198//3198 3212//3212
f 3329//3329 3199//3199 3203//3203
f 3329//3329 3202//3202 3184//3184
f 3203//3203 3202//3202 3329//3329
f 3203//3203 3200//3200 3202//3202
f 3201//3201 3213//3213 3184//3184
f 3201//3201 3184//3184 3202//3202
f 3201//3201 3202//3202 3200//3200
f 3200//3200 3633//3633 3201//3201
f 3200//3200 3639//3639 3633//3633
f 3198//3198 3199//3199 3329//3329
f 3329//3329 3186//3186 3198//3198
f 3186//3186 3197//3197 3198//3198
f 3186//3186 3196//3196 3197//3197
f 3193//3193 3784//3784 3613//3613
f 3781//3781 3195//3195 3194//3194
f 3781//3781 3194//3194 3613//3613
f 3193//3193 3613//3613 3194//3194
f 3188//3188 3194//3194 3195//3195
f 3189//3189 3193//3193 3194//3194
f 3189//3189 3194//3194 3188//3188
f 3660//3660 3210//3210 3205//3205
f 3425//3425 3209//3209 3192//3192
f 3193//3193 3189//3189 3190//3190
f 3205//3205 3187//3187 3660//3660
f 3346//3346 3183//3183 3187//3187
f 3183//3183 3341//3341 3191//3191
f 3183//3183 3191//3191 3187//3187
f 3188//3188 3195//3195 3191//3191
f 3188//3188 3191//3191 3341//3341
f 3211//3211 3187//3187 3191//3191
f 3211//3211 3191//3191 3195//3195
f 3205//3205 3347//3347 3346//3346
f 3205//3205 3346//3346 3187//3187
f 3181//3181 3188//3188 3341//3341
f 3182//3182 3189//3189 3188//3188
f 3182//3182 3188//3188 3181//3181
f 3180//3180 3190//3190 3189//3189
f 3180//3180 3189//3189 3182//3182
f 3180//3180 3605//3605 3190//3190
f 3187//3187 3211//3211 3660//3660
f 3605//3605 3180//3180 3590//3590
f 3199//3199 3640//3640 3203//3203
f 3199//3199 3212//3212 3648//3648
f 3206//3206 3204//3204 3648//3648
f 3206//3206 3648//3648 3212//3212
f 3207//3207 3208//3208 3204//3204
f 3207//3207 3204//3204 3206//3206
f 3425//3425 3185//3185 3209//3209
f 3211//3211 3195//3195 3781//3781
f 3660//3660 3211//3211 3666//3666
f 3185//3185 3653//3653 3209//3209
f 3652//3652 3208//3208 3209//3209
f 3652//3652 3209//3209 3653//3653
f 3644//3644 3204//3204 3208//3208
f 3644//3644 3208//3208 3652//3652
f 3648//3648 3204//3204 3644//3644
f 3758//3758 3640//3640 3199//3199
f 3269//3269 3362//3362 3360//3360
f 3269//3269 3360//3360 3261//3261
f 3268//3268 3361//3361 3362//3362
f 3268//3268 3362//3362 3269//3269
f 3243//3243 3349//3349 3361//3361
f 3243//3243 3361//3361 3268//3268
f 3267//3267 3233//3233 3231//3231
f 3267//3267 3231//3231 3247//3247
f 3416//3416 3417//3417 3233//3233
f 3416//3416 3233//3233 3267//3267
f 3408//3408 3254//3254 3236//3236
f 3408//3408 3236//3236 3409//3409
f 3411//3411 3265//3265 3238//3238
f 3411//3411 3238//3238 3412//3412
f 3266//3266 3422//3422 3238//3238
f 3266//3266 3238//3238 3265//3265
f 3256//3256 3255//3255 3241//3241
f 3256//3256 3241//3241 3240//3240
f 3255//3255 3264//3264 3242//3242
f 3255//3255 3242//3242 3241//3241
f 3264//3264 3263//3263 3426//3426
f 3264//3264 3426//3426 3242//3242
f 3251//3251 3356//3356 3426//3426
f 3251//3251 3426//3426 3263//3263
f 3251//3251 3252//3252 3449//3449
f 3251//3251 3449//3449 3356//3356
f 3360//3360 3357//3357 3260//3260
f 3360//3360 3260//3260 3261//3261
f 3250//3250 3260//3260 3357//3357
f 3250//3250 3357//3357 3351//3351
f 3257//3257 3258//3258 3358//3358
f 3257//3257 3358//3358 3355//3355
f 3246//3246 3248//3248 3229//3229
f 3246//3246 3229//3229 3348//3348
f 3385//3385 3386//3386 3354//3354
f 3385//3385 3354//3354 3359//3359
f 3351//3351 3352//3352 3249//3249
f 3351//3351 3249//3249 3250//3250
f 3248//3248 3247//3247 3229//3229
f 3245//3245 3246//3246 3348//3348
f 3245//3245 3348//3348 3350//3350
f 3243//3243 3244//3244 3350//3350
f 3243//3243 3350//3350 3349//3349
f 3382//3382 3360//3360 3362//3362
f 3382//3382 3362//3362 3381//3381
f 3361//3361 3380//3380 3381//3381
f 3361//3361 3381//3381 3362//3362
f 3380//3380 3361//3361 3349//3349
f 3380//3380 3349//3349 3379//3379
f 3377//3377 3378//3378 3350//3350
f 3377//3377 3350//3350 3348//3348
f 3229//3229 3247//3247 3376//3376
f 3229//3229 3376//3376 3377//3377
f 3232//3232 3310//3310 3311//3311
f 3232//3232 3311//3311 3230//3230
f 3232//3232 3418//3418 3419//3419
f 3232//3232 3419//3419 3310//3310
f 3382//3382 3383//3383 3357//3357
f 3382//3382 3357//3357 3360//3360
f 3397//3397 3290//3290 3303//3303
f 3397//3397 3303//3303 3388//3388
f 3396//3396 3388//3388 3303//3303
f 3396//3396 3303//3303 3399//3399
f 3396//3396 3399//3399 3395//3395
f 3394//3394 3395//3395 3297//3297
f 3383//3383 3384//3384 3351//3351
f 3383//3383 3351//3351 3357//3357
f 3424//3424 3225//3225 3237//3237
f 3424//3424 3237//3237 3423//3423
f 3413//3413 3237//3237 3225//3225
f 3389//3389 3390//3390 3224//3224
f 3390//3390 3427//3427 3428//3428
f 3390//3390 3428//3428 3224//3224
f 3391//3391 3446//3446 3450//3450
f 3456//3456 3393//3393 3305//3305
f 3456//3456 3305//3305 3403//3403
f 3393//3393 3394//3394 3297//3297
f 3393//3393 3297//3297 3305//3305
f 3397//3397 3352//3352 3351//3351
f 3397//3397 3351//3351 3384//3384
f 3379//3379 3349//3349 3350//3350
f 3379//3379 3350//3350 3378//3378
f 3376//3376 3247//3247 3231//3231
f 3376//3376 3231//3231 3230//3230
f 3377//3377 3348//3348 3229//3229
f 3347//3347 3345//3345 3346//3346
f 3336//3336 3346//3346 3345//3345
f 3345//3345 3347//3347 3196//3196
f 3335//3335 3345//3345 3196//3196
f 3335//3335 3336//3336 3345//3345
f 3196//3196 3325//3325 3335//3335
f 3333//3333 3329//3329 3184//3184
f 3344//3344 3333//3333 3184//3184
f 3344//3344 3184//3184 3213//3213
f 3344//3344 3343//3343 3330//3330
f 3344//3344 3330//3330 3333//3333
f 3213//3213 3343//3343 3344//3344
f 3343//3343 3213//3213 3696//3696
f 3332//3332 3330//3330 3343//3343
f 3695//3695 3676//3676 3332//3332
f 3325//3325 3196//3196 3186//3186
f 3325//3325 3186//3186 3324//3324
f 3342//3342 3322//3322 3321//3321
f 3342//3342 3321//3321 3430//3430
f 3322//3322 3183//3183 3346//3346
f 3340//3340 3342//3342 3430//3430
f 3340//3340 3341//3341 3342//3342
f 3340//3340 3431//3431 3181//3181
f 3341//3341 3183//3183 3342//3342
f 3293//3293 3338//3338 3431//3431
f 3293//3293 3431//3431 3432//3432
f 3293//3293 3429//3429 3338//3338
f 3339//3339 3338//3338 3429//3429
f 3338//3338 3339//3339 3182//3182
f 3181//3181 3431//3431 3338//3338
f 3181//3181 3338//3338 3182//3182
f 3339//3339 3337//3337 3180//3180
f 3429//3429 3337//3337 3339//3339
f 3692//3692 3429//3429 3293//3293
f 3337//3337 3429//3429 3692//3692
f 3590//3590 3180//3180 3337//3337
f 3301//3301 3433//3433 3434//3434
f 3301//3301 3434//3434 3320//3320
f 3373//3373 3374//3374 3312//3312
f 3373//3373 3312//3312 3285//3285
f 3216//3216 3370//3370 3369//3369
f 3217//3217 3216//3216 3369//3369
f 3327//3327 3218//3218 3326//3326
f 3218//3218 3421//3421 3326//3326
f 3346//3346 3336//3336 3322//3322
f 3322//3322 3336//3336 3214//3214
f 3220//3220 3225//3225 3336//3336
f 3334//3334 3328//3328 3329//3329
f 3319//3319 3328//3328 3334//3334
f 3319//3319 3334//3334 3282//3282
f 3217//3217 3319//3319 3282//3282
f 3217//3217 3282//3282 3216//3216
f 3282//3282 3313//3313 3216//3216
f 3334//3334 3329//3329 3333//3333
f 3313//3313 3331//3331 3284//3284
f 3674//3674 3332//3332 3676//3676
f 3330//3330 3332//3332 3674//3674
f 3323//3323 3373//3373 3364//3364
f 3323//3323 3364//3364 3365//3365
f 3365//3365 3316//3316 3323//3323
f 3215//3215 3319//3319 3217//3217
f 3215//3215 3217//3217 3327//3327
f 3328//3328 3319//3319 3326//3326
f 3328//3328 3324//3324 3329//3329
f 3326//3326 3324//3324 3328//3328
f 3215//3215 3327//3327 3326//3326
f 3325//3325 3324//3324 3421//3421
f 3324//3324 3326//3326 3421//3421
f 3440//3440 3430//3430 3318//3318
f 3440//3440 3318//3318 3222//3222
f 3440//3440 3441//3441 3430//3430
f 3436//3436 3442//3442 3443//3443
f 3316//3316 3315//3315 3323//3323
f 3363//3363 3366//3366 3291//3291
f 3280//3280 3270//3270 3273//3273
f 3280//3280 3273//3273 3366//3366
f 3278//3278 3320//3320 3294//3294
f 3278//3278 3294//3294 3281//3281
f 3434//3434 3437//3437 3294//3294
f 3434//3434 3294//3294 3320//3320
f 3442//3442 3301//3301 3300//3300
f 3436//3436 3433//3433 3301//3301
f 3436//3436 3301//3301 3442//3442
f 3318//3318 3430//3430 3321//3321
f 3295//3295 3301//3301 3320//3320
f 3295//3295 3320//3320 3278//3278
f 3439//3439 3436//3436 3443//3443
f 3443//3443 3299//3299 3317//3317
f 3300//3300 3302//3302 3299//3299
f 3277//3277 3281//3281 3280//3280
f 3277//3277 3280//3280 3276//3276
f 3281//3281 3277//3277 3278//3278
f 3274//3274 3276//3276 3280//3280
f 3319//3319 3215//3215 3326//3326
f 3321//3321 3322//3322 3214//3214
f 3441//3441 3340//3340 3430//3430
f 3317//3317 3340//3340 3441//3441
f 3299//3299 3432//3432 3317//3317
f 3302//3302 3432//3432 3299//3299
f 3279//3279 3432//3432 3302//3302
f 3278//3278 3279//3279 3295//3295
f 3291//3291 3375//3375 3315//3315
f 3291//3291 3315//3315 3363//3363
f 3371//3371 3307//3307 3287//3287
f 3371//3371 3287//3287 3312//3312
f 3288//3288 3286//3286 3289//3289
f 3369//3369 3370//3370 3283//3283
f 3369//3369 3283//3283 3228//3228
f 3227//3227 3311//3311 3310//3310
f 3227//3227 3310//3310 3218//3218
f 3420//3420 3218//3218 3310//3310
f 3420//3420 3310//3310 3419//3419
f 3415//3415 3226//3226 3309//3309
f 3415//3415 3309//3309 3410//3410
f 3414//3414 3308//3308 3413//3413
f 3239//3239 3389//3389 3406//3406
f 3239//3239 3406//3406 3221//3221
f 3405//3405 3406//3406 3389//3389
f 3405//3405 3389//3389 3224//3224
f 3223//3223 3405//3405 3404//3404
f 3407//3407 3306//3306 3307//3307
f 3407//3407 3307//3307 3371//3371
f 3292//3292 3398//3398 3407//3407
f 3292//3292 3407//3407 3375//3375
f 3270//3270 3399//3399 3290//3290
f 3271//3271 3395//3395 3399//3399
f 3271//3271 3399//3399 3270//3270
f 3296//3296 3400//3400 3395//3395
f 3296//3296 3395//3395 3271//3271
f 3453//3453 3438//3438 3404//3404
f 3304//3304 3402//3402 3401//3401
f 3304//3304 3401//3401 3298//3298
f 3439//3439 3403//3403 3402//3402
f 3439//3439 3402//3402 3304//3304
f 3290//3290 3291//3291 3273//3273
f 3291//3291 3292//3292 3375//3375
f 3295//3295 3279//3279 3302//3302
f 3295//3295 3302//3302 3300//3300
f 3299//3299 3442//3442 3300//3300
f 3400//3400 3296//3296 3298//3298
f 3400//3400 3298//3298 3401//3401
f 3281//3281 3294//3294 3272//3272
f 3281//3281 3272//3272 3280//3280
f 3290//3290 3398//3398 3292//3292
f 3370//3370 3288//3288 3289//3289
f 3370//3370 3289//3289 3378//3378
f 3216//3216 3372//3372 3288//3288
f 3216//3216 3288//3288 3370//3370
f 3372//3372 3216//3216 3313//3313
f 3286//3286 3285//3285 3287//3287
f 3370//3370 3378//3378 3283//3283
f 3366//3366 3274//3274 3280//3280
f 3366//3366 3273//3273 3291//3291
f 3278//3278 3670//3670 3279//3279
f 3277//3277 3670//3670 3278//3278
f 3276//3276 3670//3670 3277//3277
f 3274//3274 3275//3275 3276//3276
f 3272//3272 3270//3270 3280//3280
f 3390//3390 3389//3389 3241//3241
f 3390//3390 3241//3241 3242//3242
f 3241//3241 3389//3389 3239//3239
f 3241//3241 3239//3239 3240//3240
f 3423//3423 3237//3237 3238//3238
f 3423//3423 3238//3238 3422//3422
f 3413//3413 3412//3412 3238//3238
f 3413//3413 3238//3238 3237//3237
f 3410//3410 3409//3409 3236//3236
f 3410//3410 3236//3236 3308//3308
f 3418//3418 3232//3232 3233//3233
f 3418//3418 3233//3233 3417//3417
f 3230//3230 3231//3231 3233//3233
f 3230//3230 3233//3233 3232//3232
f 3228//3228 3368//3368 3369//3369
f 3368//3368 3311//3311 3227//3227
f 3218//3218 3327//3327 3227//3227
f 3415//3415 3220//3220 3219//3219
f 3415//3415 3219//3219 3226//3226
f 3220//3220 3414//3414 3225//3225
f 3406//3406 3222//3222 3221//3221
f 3405//3405 3223//3223 3222//3222
f 3405//3405 3222//3222 3406//3406
f 3214//3214 3225//3225 3424//3424
f 3421//3421 3218//3218 3420//3420
f 3220//3220 3335//3335 3325//3325
f 3220//3220 3325//3325 3219//3219
f 3336//3336 3335//3335 3220//3220
f 3225//3225 3214//3214 3336//3336
f 3222//3222 3318//3318 3221//3221
f 3363//3363 3274//3274 3366//3366
f 3315//3315 3314//3314 3363//3363
f 3316//3316 3672//3672 3314//3314
f 3316//3316 3314//3314 3315//3315
f 3365//3365 3367//3367 3672//3672
f 3365//3365 3672//3672 3316//3316
f 3364//3364 3331//3331 3367//3367
f 3364//3364 3367//3367 3365//3365
f 3284//3284 3331//3331 3364//3364
f 3363//3363 3671//3671 3275//3275
f 3363//3363 3275//3275 3274//3274
f 3314//3314 3673//3673 3671//3671
f 3314//3314 3671//3671 3363//3363
f 3200//3200 3203//3203 3640//3640
f 3200//3200 3640//3640 3637//3637
f 3758//3758 3199//3199 3648//3648
f 3313//3313 3334//3334 3333//3333
f 3313//3313 3333//3333 3330//3330
f 3313//3313 3330//3330 3331//3331
f 3331//3331 3330//3330 3367//3367
f 3367//3367 3330//3330 3674//3674
f 3367//3367 3674//3674 3672//3672
f 3313//3313 3282//3282 3334//3334
f 3227//3227 3327//3327 3217//3217
f 3227//3227 3217//3217 3368//3368
f 3368//3368 3217//3217 3369//3369
f 3288//3288 3372//3372 3286//3286
f 3286//3286 3372//3372 3285//3285
f 3374//3374 3371//3371 3312//3312
f 3375//3375 3407//3407 3371//3371
f 3375//3375 3371//3371 3374//3374
f 3372//3372 3284//3284 3285//3285
f 3373//3373 3285//3285 3284//3284
f 3373//3373 3323//3323 3374//3374
f 3374//3374 3323//3323 3315//3315
f 3374//3374 3315//3315 3375//3375
f 3376//3376 3230//3230 3311//3311
f 3376//3376 3311//3311 3368//3368
f 3376//3376 3368//3368 3228//3228
f 3376//3376 3228//3228 3377//3377
f 3377//3377 3228//3228 3283//3283
f 3377//3377 3283//3283 3378//3378
f 3289//3289 3379//3379 3378//3378
f 3380//3380 3379//3379 3289//3289
f 3380//3380 3289//3289 3286//3286
f 3380//3380 3286//3286 3287//3287
f 3380//3380 3287//3287 3381//3381
f 3307//3307 3382//3382 3381//3381
f 3307//3307 3381//3381 3287//3287
f 3382//3382 3307//3307 3306//3306
f 3382//3382 3306//3306 3383//3383
f 3383//3383 3306//3306 3398//3398
f 3383//3383 3398//3398 3384//3384
f 3397//3397 3384//3384 3398//3398
f 3397//3397 3398//3398 3290//3290
f 3359//3359 3358//3358 3258//3258
f 3359//3359 3258//3258 3385//3385
f 3386//3386 3259//3259 3353//3353
f 3386//3386 3353//3353 3354//3354
f 3352//3352 3353//3353 3387//3387
f 3352//3352 3387//3387 3249//3249
f 3352//3352 3397//3397 3388//3388
f 3352//3352 3388//3388 3353//3353
f 3388//3388 3354//3354 3353//3353
f 3427//3427 3390//3390 3242//3242
f 3427//3427 3242//3242 3426//3426
f 3449//3449 3446//3446 3391//3391
f 3449//3449 3391//3391 3356//3356
f 3394//3394 3355//3355 3358//3358
f 3394//3394 3358//3358 3395//3395
f 3396//3396 3395//3395 3358//3358
f 3396//3396 3358//3358 3359//3359
f 3396//3396 3359//3359 3354//3354
f 3396//3396 3354//3354 3388//3388
f 3398//3398 3306//3306 3407//3407
f 3399//3399 3303//3303 3290//3290
f 3400//3400 3297//3297 3395//3395
f 3402//3402 3305//3305 3297//3297
f 3402//3402 3297//3297 3401//3401
f 3403//3403 3305//3305 3402//3402
f 3404//3404 3405//3405 3224//3224
f 3404//3404 3224//3224 3428//3428
f 3408//3408 3409//3409 3235//3235
f 3408//3408 3235//3235 3253//3253
f 3410//3410 3234//3234 3235//3235
f 3410//3410 3235//3235 3409//3409
f 3410//3410 3309//3309 3234//3234
f 3411//3411 3412//3412 3236//3236
f 3411//3411 3236//3236 3254//3254
f 3413//3413 3308//3308 3236//3236
f 3413//3413 3236//3236 3412//3412
f 3414//3414 3413//3413 3225//3225
f 3415//3415 3410//3410 3308//3308
f 3415//3415 3308//3308 3414//3414
f 3416//3416 3253//3253 3235//3235
f 3416//3416 3235//3235 3417//3417
f 3418//3418 3417//3417 3235//3235
f 3418//3418 3235//3235 3234//3234
f 3418//3418 3234//3234 3309//3309
f 3418//3418 3309//3309 3419//3419
f 3420//3420 3419//3419 3309//3309
f 3420//3420 3309//3309 3226//3226
f 3420//3420 3226//3226 3219//3219
f 3421//3421 3420//3420 3219//3219
f 3421//3421 3219//3219 3325//3325
f 3256//3256 3240//3240 3422//3422
f 3256//3256 3422//3422 3266//3266
f 3423//3423 3422//3422 3240//3240
f 3423//3423 3240//3240 3239//3239
f 3424//3424 3423//3423 3239//3239
f 3424//3424 3239//3239 3221//3221
f 3214//3214 3424//3424 3221//3221
f 3221//3221 3321//3321 3214//3214
f 3321//3321 3221//3221 3318//3318
f 3425//3425 3205//3205 3210//3210
f 3425//3425 3210//3210 3659//3659
f 3425//3425 3659//3659 3185//3185
f 3427//3427 3391//3391 3450//3450
f 3427//3427 3450//3450 3428//3428
f 3427//3427 3426//3426 3356//3356
f 3427//3427 3356//3356 3391//3391
f 3453//3453 3404//3404 3428//3428
f 3453//3453 3428//3428 3450//3450
f 3284//3284 3364//3364 3373//3373
f 3372//3372 3313//3313 3284//3284
f 3322//3322 3342//3342 3183//3183
f 3340//3340 3181//3181 3341//3341
f 3182//3182 3339//3339 3180//3180
f 3431//3431 3340//3340 3317//3317
f 3431//3431 3317//3317 3432//3432
f 3293//3293 3432//3432 3279//3279
f 3293//3293 3279//3279 3670//3670
f 3193//3193 3190//3190 3606//3606
f 3433//3433 3298//3298 3296//3296
f 3433//3433 3296//3296 3434//3434
f 3223//3223 3404//3404 3435//3435
f 3304//3304 3436//3436 3439//3439
f 3434//3434 3296//3296 3271//3271
f 3434//3434 3271//3271 3437//3437
f 3435//3435 3404//3404 3438//3438
f 3436//3436 3304//3304 3298//3298
f 3436//3436 3298//3298 3433//3433
f 3440//3440 3222//3222 3223//3223
f 3440//3440 3223//3223 3435//3435
f 3440//3440 3435//3435 3441//3441
f 3441//3441 3435//3435 3438//3438
f 3441//3441 3438//3438 3317//3317
f 3443//3443 3438//3438 3439//3439
f 3442//3442 3299//3299 3443//3443
f 3444//3444 3262//3262 3447//3447
f 3444//3444 3447//3447 3445//3445
f 3439//3439 3453//3453 3403//3403
f 3392//3392 3446//3446 3445//3445
f 3392//3392 3445//3445 3447//3447
f 3446//3446 3392//3392 3448//3448
f 3252//3252 3444//3444 3445//3445
f 3252//3252 3445//3445 3449//3449
f 3446//3446 3448//3448 3450//3450
f 3449//3449 3445//3445 3446//3446
f 3448//3448 3453//3453 3450//3450
f 3262//3262 3451//3451 3454//3454
f 3262//3262 3454//3454 3447//3447
f 3452//3452 3403//3403 3448//3448
f 3452//3452 3448//3448 3392//3392
f 3439//3439 3438//3438 3453//3453
f 3452//3452 3392//3392 3447//3447
f 3452//3452 3447//3447 3454//3454
f 3453//3453 3448//3448 3403//3403
f 3455//3455 3454//3454 3451//3451
f 3455//3455 3451//3451 3257//3257
f 3403//3403 3452//3452 3456//3456
f 3454//3454 3455//3455 3456//3456
f 3454//3454 3456//3456 3452//3452
f 3393//3393 3456//3456 3455//3455
f 3393//3393 3455//3455 3355//3355
f 3945//3945 3465//3465 3483//3483
f 3477//3477 3478//3478 3480//3480
f 3804//3804 3476//3476 3469//3469
f 3597//3597 3615//3615 3596//3596
f 3604//3604 3591//3591 3592//3592
f 3561//3561 3582//3582 3793//3793
f 3530//3530 3529//3529 3542//3542
f 3515//3515 3519//3519 3514//3514
f 3518//3518 3517//3517 3499//3499
f 3516//3516 3520//3520 3766//3766
f 3492//3492 3491//3491 3493//3493
f 3695//3695 3696//3696 3669//3669
f 3733//3733 3588//3588 3734//3734
f 3760//3760 3492//3492 3499//3499
f 3796//3796 3537//3537 3526//3526
f 3476//3476 3707//3707 3470//3470
f 3474//3474 3712//3712 3462//3462
f 3462//3462 3712//3712 3711//3711
f 3462//3462 3711//3711 3473//3473
f 3480//3480 3708//3708 3477//3477
f 3477//3477 3708//3708 3707//3707
f 3477//3477 3707//3707 3476//3476
f 3797//3797 3466//3466 3481//3481
f 3484//3484 3703//3703 3799//3799
f 3703//3703 3704//3704 3814//3814
f 3703//3703 3814//3814 3799//3799
f 3484//3484 3702//3702 3461//3461
f 3472//3472 3699//3699 3471//3471
f 3470//3470 3459//3459 3458//3458
f 3470//3470 3458//3458 3469//3469
f 3457//3457 3468//3468 3478//3478
f 3457//3457 3478//3478 3800//3800
f 3483//3483 3485//3485 3822//3822
f 3485//3485 3483//3483 3467//3467
f 3485//3485 3821//3821 3822//3822
f 3485//3485 3468//3468 3457//3457
f 3828//3828 3464//3464 3823//3823
f 3798//3798 3465//3465 3945//3945
f 3473//3473 3704//3704 3703//3703
f 3463//3463 3464//3464 3828//3828
f 3704//3704 3828//3828 3814//3814
f 3702//3702 3799//3799 3944//3944
f 3699//3699 3459//3459 3471//3471
f 3478//3478 3468//3468 3480//3480
f 3473//3473 3711//3711 3479//3479
f 3792//3792 3794//3794 3468//3468
f 3779//3779 3481//3481 3464//3464
f 3779//3779 3464//3464 3463//3463
f 3466//3466 3464//3464 3481//3481
f 3786//3786 3467//3467 3466//3466
f 3786//3786 3466//3466 3482//3482
f 3468//3468 3485//3485 3792//3792
f 3700//3700 3475//3475 3471//3471
f 3460//3460 3471//3471 3475//3475
f 3474//3474 3461//3461 3460//3460
f 3462//3462 3461//3461 3474//3474
f 3479//3479 3463//3463 3473//3473
f 3472//3472 3471//3471 3460//3460
f 3472//3472 3460//3460 3461//3461
f 3469//3469 3476//3476 3470//3470
f 3804//3804 3477//3477 3476//3476
f 3478//3478 3477//3477 3804//3804
f 3465//3465 3466//3466 3467//3467
f 3798//3798 3466//3466 3465//3465
f 3823//3823 3464//3464 3466//3466
f 3823//3823 3466//3466 3798//3798
f 3704//3704 3473//3473 3463//3463
f 3703//3703 3462//3462 3473//3473
f 3484//3484 3461//3461 3462//3462
f 3484//3484 3462//3462 3703//3703
f 3469//3469 3458//3458 3802//3802
f 3809//3809 3804//3804 3469//3469
f 3800//3800 3478//3478 3804//3804
f 3457//3457 3800//3800 3816//3816
f 3821//3821 3485//3485 3457//3457
f 3725//3725 3588//3588 3589//3589
f 3725//3725 3589//3589 3647//3647
f 3734//3734 3621//3621 3733//3733
f 3745//3745 3746//3746 3587//3587
f 3731//3731 3706//3706 3645//3645
f 3743//3743 3754//3754 3753//3753
f 3743//3743 3753//3753 3742//3742
f 3639//3639 3200//3200 3637//3637
f 3639//3639 3637//3637 3754//3754
f 3646//3646 3521//3521 3719//3719
f 3756//3756 3757//3757 3741//3741
f 3757//3757 3758//3758 3741//3741
f 3517//3517 3568//3568 3571//3571
f 3499//3499 3493//3493 3518//3518
f 3650//3650 3648//3648 3644//3644
f 3650//3650 3644//3644 3649//3649
f 3493//3493 3524//3524 3518//3518
f 3655//3655 3495//3495 3491//3491
f 3655//3655 3491//3491 3667//3667
f 3649//3649 3644//3644 3642//3642
f 3649//3649 3642//3642 3651//3651
f 3644//3644 3652//3652 3642//3642
f 3519//3519 3515//3515 3565//3565
f 3655//3655 3656//3656 3496//3496
f 3655//3655 3496//3496 3495//3495
f 3651//3651 3642//3642 3525//3525
f 3651//3651 3525//3525 3654//3654
f 3652//3652 3653//3653 3525//3525
f 3652//3652 3525//3525 3642//3642
f 3656//3656 3761//3761 3497//3497
f 3656//3656 3497//3497 3496//3496
f 3763//3763 3654//3654 3525//3525
f 3763//3763 3525//3525 3764//3764
f 3633//3633 3639//3639 3634//3634
f 3669//3669 3696//3696 3638//3638
f 3587//3587 3618//3618 3615//3615
f 3587//3587 3615//3615 3636//3636
f 3755//3755 3587//3587 3636//3636
f 3754//3754 3637//3637 3753//3753
f 3636//3636 3634//3634 3755//3755
f 3615//3615 3597//3597 3635//3635
f 3615//3615 3635//3635 3636//3636
f 3636//3636 3635//3635 3634//3634
f 3635//3635 3597//3597 3595//3595
f 3633//3633 3634//3634 3635//3635
f 3633//3633 3635//3635 3595//3595
f 3638//3638 3201//3201 3633//3633
f 3633//3633 3595//3595 3638//3638
f 3638//3638 3696//3696 3201//3201
f 3595//3595 3593//3593 3638//3638
f 3488//3488 3669//3669 3638//3638
f 3488//3488 3638//3638 3593//3593
f 3783//3783 3751//3751 3614//3614
f 3783//3783 3614//3614 3782//3782
f 3613//3613 3784//3784 3782//3782
f 3613//3613 3782//3782 3614//3614
f 3729//3729 3513//3513 3728//3728
f 3531//3531 3749//3749 3737//3737
f 3750//3750 3632//3632 3630//3630
f 3750//3750 3630//3630 3749//3749
f 3631//3631 3629//3629 3630//3630
f 3631//3631 3630//3630 3632//3632
f 3606//3606 3607//3607 3629//3629
f 3606//3606 3629//3629 3631//3631
f 3728//3728 3513//3513 3628//3628
f 3728//3728 3628//3628 3727//3727
f 3737//3737 3749//3749 3627//3627
f 3749//3749 3630//3630 3626//3626
f 3749//3749 3626//3626 3748//3748
f 3629//3629 3625//3625 3626//3626
f 3629//3629 3626//3626 3630//3630
f 3607//3607 3625//3625 3629//3629
f 3605//3605 3603//3603 3625//3625
f 3605//3605 3625//3625 3607//3607
f 3727//3727 3628//3628 3624//3624
f 3627//3627 3747//3747 3736//3736
f 3748//3748 3626//3626 3623//3623
f 3748//3748 3623//3623 3747//3747
f 3625//3625 3622//3622 3623//3623
f 3625//3625 3623//3623 3626//3626
f 3603//3603 3601//3601 3622//3622
f 3603//3603 3622//3622 3625//3625
f 3736//3736 3747//3747 3620//3620
f 3736//3736 3620//3620 3735//3735
f 3747//3747 3623//3623 3619//3619
f 3747//3747 3619//3619 3620//3620
f 3622//3622 3617//3617 3619//3619
f 3622//3622 3619//3619 3623//3623
f 3622//3622 3616//3616 3617//3617
f 3601//3601 3600//3600 3616//3616
f 3601//3601 3616//3616 3622//3622
f 3726//3726 3588//3588 3725//3725
f 3735//3735 3620//3620 3621//3621
f 3735//3735 3621//3621 3734//3734
f 3620//3620 3619//3619 3746//3746
f 3617//3617 3618//3618 3746//3746
f 3617//3617 3746//3746 3619//3619
f 3616//3616 3615//3615 3618//3618
f 3616//3616 3618//3618 3617//3617
f 3600//3600 3596//3596 3615//3615
f 3600//3600 3615//3615 3616//3616
f 3509//3509 3769//3769 3768//3768
f 3509//3509 3768//3768 3507//3507
f 3740//3740 3612//3612 3532//3532
f 3740//3740 3532//3532 3739//3739
f 3752//3752 3611//3611 3614//3614
f 3752//3752 3614//3614 3751//3751
f 3507//3507 3768//3768 3767//3767
f 3507//3507 3767//3767 3505//3505
f 3664//3664 3666//3666 3611//3611
f 3664//3664 3611//3611 3752//3752
f 3505//3505 3767//3767 3766//3766
f 3505//3505 3766//3766 3503//3503
f 3665//3665 3506//3506 3504//3504
f 3665//3665 3504//3504 3663//3663
f 3610//3610 3666//3666 3664//3664
f 3610//3610 3664//3664 3661//3661
f 3666//3666 3610//3610 3660//3660
f 3660//3660 3610//3610 3608//3608
f 3660//3660 3608//3608 3210//3210
f 3661//3661 3662//3662 3608//3608
f 3661//3661 3608//3608 3610//3610
f 3503//3503 3766//3766 3765//3765
f 3663//3663 3504//3504 3502//3502
f 3663//3663 3502//3502 3658//3658
f 3770//3770 3780//3780 3608//3608
f 3770//3770 3608//3608 3662//3662
f 3210//3210 3608//3608 3780//3780
f 3210//3210 3780//3780 3659//3659
f 3607//3607 3606//3606 3190//3190
f 3607//3607 3190//3190 3605//3605
f 3605//3605 3591//3591 3603//3603
f 3605//3605 3590//3590 3591//3591
f 3604//3604 3592//3592 3486//3486
f 3602//3602 3591//3591 3604//3604
f 3601//3601 3603//3603 3591//3591
f 3601//3601 3591//3591 3602//3602
f 3598//3598 3604//3604 3486//3486
f 3598//3598 3486//3486 3487//3487
f 3599//3599 3600//3600 3601//3601
f 3599//3599 3601//3601 3602//3602
f 3602//3602 3604//3604 3594//3594
f 3602//3602 3594//3594 3599//3599
f 3598//3598 3594//3594 3604//3604
f 3600//3600 3599//3599 3596//3596
f 3594//3594 3596//3596 3599//3599
f 3594//3594 3598//3598 3593//3593
f 3487//3487 3488//3488 3593//3593
f 3487//3487 3593//3593 3598//3598
f 3596//3596 3595//3595 3597//3597
f 3594//3594 3595//3595 3596//3596
f 3593//3593 3595//3595 3594//3594
f 3591//3591 3590//3590 3592//3592
f 3745//3745 3587//3587 3586//3586
f 3745//3745 3586//3586 3744//3744
f 3550//3550 3579//3579 3585//3585
f 3550//3550 3585//3585 3581//3581
f 3579//3579 3697//3697 3698//3698
f 3697//3697 3576//3576 3584//3584
f 3697//3697 3584//3584 3698//3698
f 3576//3576 3715//3715 3714//3714
f 3576//3576 3714//3714 3584//3584
f 3573//3573 3570//3570 3712//3712
f 3573//3573 3712//3712 3713//3713
f 3570//3570 3567//3567 3711//3711
f 3570//3570 3711//3711 3712//3712
f 3567//3567 3564//3564 3583//3583
f 3567//3567 3583//3583 3711//3711
f 3778//3778 3580//3580 3779//3779
f 3541//3541 3790//3790 3791//3791
f 3541//3541 3791//3791 3482//3482
f 3561//3561 3557//3557 3709//3709
f 3561//3561 3709//3709 3582//3582
f 3557//3557 3554//3554 3480//3480
f 3557//3557 3480//3480 3709//3709
f 3554//3554 3549//3549 3708//3708
f 3554//3554 3708//3708 3480//3480
f 3549//3549 3550//3550 3581//3581
f 3549//3549 3581//3581 3708//3708
f 3795//3795 3541//3541 3482//3482
f 3795//3795 3482//3482 3797//3797
f 3580//3580 3538//3538 3710//3710
f 3548//3548 3579//3579 3550//3550
f 3545//3545 3578//3578 3579//3579
f 3545//3545 3579//3579 3548//3548
f 3705//3705 3697//3697 3579//3579
f 3705//3705 3575//3575 3576//3576
f 3705//3705 3576//3576 3697//3697
f 3577//3577 3575//3575 3705//3705
f 3577//3577 3574//3574 3575//3575
f 3575//3575 3716//3716 3715//3715
f 3575//3575 3715//3715 3576//3576
f 3574//3574 3717//3717 3716//3716
f 3574//3574 3716//3716 3575//3575
f 3572//3572 3570//3570 3573//3573
f 3572//3572 3569//3569 3570//3570
f 3571//3571 3568//3568 3569//3569
f 3571//3571 3569//3569 3572//3572
f 3569//3569 3566//3566 3567//3567
f 3569//3569 3567//3567 3570//3570
f 3568//3568 3565//3565 3566//3566
f 3568//3568 3566//3566 3569//3569
f 3566//3566 3563//3563 3564//3564
f 3566//3566 3564//3564 3567//3567
f 3565//3565 3515//3515 3563//3563
f 3565//3565 3563//3563 3566//3566
f 3778//3778 3536//3536 3580//3580
f 3777//3777 3536//3536 3778//3778
f 3776//3776 3516//3516 3536//3536
f 3776//3776 3536//3536 3777//3777
f 3542//3542 3787//3787 3788//3788
f 3529//3529 3789//3789 3787//3787
f 3529//3529 3787//3787 3542//3542
f 3534//3534 3560//3560 3561//3561
f 3534//3534 3561//3561 3535//3535
f 3562//3562 3559//3559 3560//3560
f 3562//3562 3560//3560 3534//3534
f 3789//3789 3558//3558 3559//3559
f 3789//3789 3559//3559 3562//3562
f 3528//3528 3729//3729 3728//3728
f 3528//3528 3728//3728 3558//3558
f 3560//3560 3556//3556 3557//3557
f 3560//3560 3557//3557 3561//3561
f 3559//3559 3555//3555 3556//3556
f 3559//3559 3556//3556 3560//3560
f 3558//3558 3724//3724 3555//3555
f 3558//3558 3555//3555 3559//3559
f 3558//3558 3728//3728 3727//3727
f 3558//3558 3727//3727 3724//3724
f 3556//3556 3553//3553 3554//3554
f 3556//3556 3554//3554 3557//3557
f 3555//3555 3552//3552 3553//3553
f 3555//3555 3553//3553 3556//3556
f 3724//3724 3551//3551 3552//3552
f 3724//3724 3552//3552 3555//3555
f 3724//3724 3727//3727 3723//3723
f 3553//3553 3547//3547 3549//3549
f 3553//3553 3549//3549 3554//3554
f 3552//3552 3546//3546 3547//3547
f 3552//3552 3547//3547 3553//3553
f 3551//3551 3722//3722 3546//3546
f 3551//3551 3546//3546 3552//3552
f 3723//3723 3544//3544 3722//3722
f 3547//3547 3548//3548 3550//3550
f 3547//3547 3550//3550 3549//3549
f 3546//3546 3545//3545 3548//3548
f 3546//3546 3548//3548 3547//3547
f 3722//3722 3545//3545 3546//3546
f 3722//3722 3544//3544 3543//3543
f 3768//3768 3769//3769 3530//3530
f 3540//3540 3788//3788 3790//3790
f 3540//3540 3790//3790 3541//3541
f 3539//3539 3542//3542 3788//3788
f 3539//3539 3788//3788 3540//3540
f 3533//3533 3530//3530 3542//3542
f 3533//3533 3542//3542 3539//3539
f 3796//3796 3540//3540 3541//3541
f 3796//3796 3541//3541 3795//3795
f 3796//3796 3539//3539 3540//3540
f 3526//3526 3533//3533 3539//3539
f 3526//3526 3539//3539 3796//3796
f 3533//3533 3526//3526 3766//3766
f 3536//3536 3537//3537 3538//3538
f 3536//3536 3538//3538 3580//3580
f 3516//3516 3526//3526 3537//3537
f 3516//3516 3537//3537 3536//3536
f 3533//3533 3767//3767 3768//3768
f 3533//3533 3768//3768 3530//3530
f 3766//3766 3767//3767 3533//3533
f 3785//3785 3738//3738 3739//3739
f 3785//3785 3739//3739 3532//3532
f 3769//3769 3509//3509 3511//3511
f 3769//3769 3529//3529 3530//3530
f 3772//3772 3658//3658 3502//3502
f 3772//3772 3502//3502 3773//3773
f 3775//3775 3520//3520 3776//3776
f 3766//3766 3526//3526 3516//3516
f 3764//3764 3525//3525 3653//3653
f 3764//3764 3653//3653 3185//3185
f 3493//3493 3494//3494 3524//3524
f 3759//3759 3760//3760 3522//3522
f 3759//3759 3522//3522 3730//3730
f 3756//3756 3523//3523 3730//3730
f 3522//3522 3760//3760 3498//3498
f 3522//3522 3498//3498 3521//3521
f 3719//3719 3521//3521 3498//3498
f 3776//3776 3520//3520 3516//3516
f 3565//3565 3524//3524 3519//3519
f 3568//3568 3518//3518 3524//3524
f 3568//3568 3524//3524 3565//3565
f 3517//3517 3518//3518 3568//3568
f 3511//3511 3512//3512 3513//3513
f 3511//3511 3513//3513 3729//3729
f 3509//3509 3510//3510 3512//3512
f 3509//3509 3512//3512 3511//3511
f 3507//3507 3508//3508 3510//3510
f 3507//3507 3510//3510 3509//3509
f 3505//3505 3506//3506 3508//3508
f 3505//3505 3508//3508 3507//3507
f 3503//3503 3504//3504 3506//3506
f 3503//3503 3506//3506 3505//3505
f 3765//3765 3502//3502 3504//3504
f 3765//3765 3504//3504 3503//3503
f 3774//3774 3773//3773 3502//3502
f 3774//3774 3502//3502 3765//3765
f 3668//3668 3667//3667 3491//3491
f 3668//3668 3491//3491 3492//3492
f 3760//3760 3499//3499 3498//3498
f 3490//3490 3489//3489 3496//3496
f 3490//3490 3496//3496 3497//3497
f 3494//3494 3495//3495 3496//3496
f 3494//3494 3496//3496 3489//3489
f 3493//3493 3491//3491 3495//3495
f 3493//3493 3495//3495 3494//3494
f 3649//3649 3500//3500 3501//3501
f 3649//3649 3501//3501 3650//3650
f 3651//3651 3643//3643 3500//3500
f 3651//3651 3500//3500 3649//3649
f 3654//3654 3641//3641 3643//3643
f 3654//3654 3643//3643 3651//3651
f 3763//3763 3762//3762 3641//3641
f 3763//3763 3641//3641 3654//3654
f 3661//3661 3609//3609 3527//3527
f 3661//3661 3527//3527 3662//3662
f 3664//3664 3665//3665 3609//3609
f 3664//3664 3609//3609 3661//3661
f 3665//3665 3612//3612 3740//3740
f 3663//3663 3609//3609 3665//3665
f 3658//3658 3527//3527 3609//3609
f 3658//3658 3609//3609 3663//3663
f 3772//3772 3771//3771 3527//3527
f 3772//3772 3527//3527 3658//3658
f 3761//3761 3656//3656 3641//3641
f 3761//3761 3641//3641 3762//3762
f 3655//3655 3643//3643 3641//3641
f 3655//3655 3641//3641 3656//3656
f 3667//3667 3500//3500 3643//3643
f 3667//3667 3643//3643 3655//3655
f 3668//3668 3501//3501 3500//3500
f 3668//3668 3500//3500 3667//3667
f 3759//3759 3730//3730 3523//3523
f 3681//3681 3688//3688 3687//3687
f 3681//3681 3687//3687 3683//3683
f 3676//3676 3695//3695 3680//3680
f 3676//3676 3680//3680 3677//3677
f 3669//3669 3682//3682 3680//3680
f 3669//3669 3680//3680 3695//3695
f 3695//3695 3332//3332 3343//3343
f 3695//3695 3343//3343 3696//3696
f 3682//3682 3669//3669 3488//3488
f 3293//3293 3670//3670 3694//3694
f 3293//3293 3694//3694 3692//3692
f 3690//3690 3694//3694 3691//3691
f 3694//3694 3693//3693 3692//3692
f 3690//3690 3689//3689 3693//3693
f 3690//3690 3693//3693 3694//3694
f 3679//3679 3678//3678 3693//3693
f 3679//3679 3693//3693 3689//3689
f 3678//3678 3692//3692 3693//3693
f 3337//3337 3692//3692 3678//3678
f 3592//3592 3590//3590 3337//3337
f 3337//3337 3678//3678 3592//3592
f 3678//3678 3486//3486 3592//3592
f 3686//3686 3690//3690 3691//3691
f 3686//3686 3691//3691 3685//3685
f 3687//3687 3689//3689 3690//3690
f 3687//3687 3690//3690 3686//3686
f 3688//3688 3679//3679 3689//3689
f 3688//3688 3689//3689 3687//3687
f 3487//3487 3486//3486 3679//3679
f 3487//3487 3679//3679 3688//3688
f 3688//3688 3681//3681 3487//3487
f 3687//3687 3686//3686 3684//3684
f 3687//3687 3684//3684 3683//3683
f 3685//3685 3675//3675 3684//3684
f 3685//3685 3684//3684 3686//3686
f 3684//3684 3675//3675 3677//3677
f 3681//3681 3682//3682 3488//3488
f 3681//3681 3488//3488 3487//3487
f 3683//3683 3680//3680 3682//3682
f 3683//3683 3682//3682 3681//3681
f 3684//3684 3680//3680 3683//3683
f 3677//3677 3680//3680 3684//3684
f 3486//3486 3678//3678 3679//3679
f 3677//3677 3673//3673 3674//3674
f 3677//3677 3674//3674 3676//3676
f 3691//3691 3694//3694 3670//3670
f 3691//3691 3670//3670 3276//3276
f 3685//3685 3691//3691 3276//3276
f 3685//3685 3276//3276 3275//3275
f 3275//3275 3671//3671 3675//3675
f 3275//3275 3675//3675 3685//3685
f 3677//3677 3675//3675 3673//3673
f 3673//3673 3675//3675 3671//3671
f 3673//3673 3672//3672 3674//3674
f 3700//3700 3471//3471 3459//3459
f 3699//3699 3806//3806 3459//3459
f 3701//3701 3827//3827 3806//3806
f 3701//3701 3806//3806 3699//3699
f 3701//3701 3944//3944 3827//3827
f 3702//3702 3484//3484 3799//3799
f 3472//3472 3701//3701 3699//3699
f 3701//3701 3472//3472 3461//3461
f 3701//3701 3461//3461 3702//3702
f 3700//3700 3459//3459 3470//3470
f 3579//3579 3698//3698 3585//3585
f 3578//3578 3577//3577 3705//3705
f 3578//3578 3705//3705 3579//3579
f 3647//3647 3589//3589 3731//3731
f 3647//3647 3731//3731 3646//3646
f 3732//3732 3706//3706 3731//3731
f 3743//3743 3744//3744 3586//3586
f 3743//3743 3586//3586 3754//3754
f 3755//3755 3634//3634 3639//3639
f 3755//3755 3639//3639 3754//3754
f 3700//3700 3698//3698 3584//3584
f 3700//3700 3584//3584 3475//3475
f 3470//3470 3698//3698 3700//3700
f 3707//3707 3698//3698 3470//3470
f 3707//3707 3581//3581 3585//3585
f 3707//3707 3585//3585 3698//3698
f 3708//3708 3581//3581 3707//3707
f 3468//3468 3709//3709 3480//3480
f 3794//3794 3709//3709 3468//3468
f 3794//3794 3582//3582 3709//3709
f 3794//3794 3793//3793 3582//3582
f 3482//3482 3791//3791 3786//3786
f 3481//3481 3580//3580 3710//3710
f 3779//3779 3580//3580 3481//3481
f 3711//3711 3583//3583 3479//3479
f 3474//3474 3713//3713 3712//3712
f 3460//3460 3475//3475 3584//3584
f 3460//3460 3584//3584 3714//3714
f 3460//3460 3713//3713 3474//3474
f 3460//3460 3714//3714 3713//3713
f 3715//3715 3573//3573 3713//3713
f 3715//3715 3713//3713 3714//3714
f 3716//3716 3572//3572 3573//3573
f 3716//3716 3573//3573 3715//3715
f 3717//3717 3571//3571 3572//3572
f 3717//3717 3572//3572 3716//3716
f 3498//3498 3499//3499 3517//3517
f 3498//3498 3517//3517 3718//3718
f 3718//3718 3517//3517 3571//3571
f 3718//3718 3571//3571 3717//3717
f 3719//3719 3718//3718 3717//3717
f 3719//3719 3717//3717 3574//3574
f 3720//3720 3719//3719 3574//3574
f 3720//3720 3574//3574 3577//3577
f 3721//3721 3720//3720 3577//3577
f 3721//3721 3577//3577 3578//3578
f 3543//3543 3721//3721 3578//3578
f 3543//3543 3578//3578 3545//3545
f 3722//3722 3543//3543 3545//3545
f 3723//3723 3722//3722 3551//3551
f 3724//3724 3723//3723 3551//3551
f 3528//3528 3558//3558 3789//3789
f 3528//3528 3789//3789 3529//3529
f 3528//3528 3529//3529 3769//3769
f 3718//3718 3719//3719 3498//3498
f 3646//3646 3719//3719 3720//3720
f 3646//3646 3720//3720 3721//3721
f 3647//3647 3646//3646 3721//3721
f 3725//3725 3647//3647 3721//3721
f 3725//3725 3721//3721 3543//3543
f 3726//3726 3725//3725 3543//3543
f 3726//3726 3543//3543 3544//3544
f 3624//3624 3726//3726 3544//3544
f 3624//3624 3544//3544 3723//3723
f 3727//3727 3624//3624 3723//3723
f 3511//3511 3729//3729 3769//3769
f 3730//3730 3522//3522 3521//3521
f 3645//3645 3730//3730 3521//3521
f 3645//3645 3521//3521 3646//3646
f 3731//3731 3645//3645 3646//3646
f 3732//3732 3731//3731 3589//3589
f 3733//3733 3732//3732 3589//3589
f 3733//3733 3589//3589 3588//3588
f 3735//3735 3734//3734 3588//3588
f 3735//3735 3588//3588 3726//3726
f 3736//3736 3735//3735 3726//3726
f 3736//3736 3726//3726 3624//3624
f 3627//3627 3736//3736 3624//3624
f 3627//3627 3624//3624 3628//3628
f 3737//3737 3627//3627 3628//3628
f 3737//3737 3628//3628 3513//3513
f 3531//3531 3737//3737 3513//3513
f 3531//3531 3513//3513 3512//3512
f 3531//3531 3512//3512 3738//3738
f 3738//3738 3512//3512 3510//3510
f 3738//3738 3510//3510 3739//3739
f 3740//3740 3739//3739 3510//3510
f 3740//3740 3510//3510 3508//3508
f 3740//3740 3508//3508 3506//3506
f 3740//3740 3506//3506 3665//3665
f 3756//3756 3741//3741 3523//3523
f 3706//3706 3743//3743 3742//3742
f 3706//3706 3742//3742 3645//3645
f 3743//3743 3706//3706 3732//3732
f 3743//3743 3732//3732 3744//3744
f 3745//3745 3744//3744 3732//3732
f 3745//3745 3732//3732 3733//3733
f 3745//3745 3733//3733 3621//3621
f 3745//3745 3621//3621 3746//3746
f 3620//3620 3746//3746 3621//3621
f 3748//3748 3747//3747 3627//3627
f 3749//3749 3748//3748 3627//3627
f 3750//3750 3749//3749 3531//3531
f 3751//3751 3783//3783 3785//3785
f 3751//3751 3785//3785 3532//3532
f 3752//3752 3751//3751 3532//3532
f 3752//3752 3532//3532 3612//3612
f 3664//3664 3752//3752 3612//3612
f 3664//3664 3612//3612 3665//3665
f 3640//3640 3758//3758 3757//3757
f 3755//3755 3754//3754 3586//3586
f 3756//3756 3730//3730 3645//3645
f 3742//3742 3756//3756 3645//3645
f 3756//3756 3742//3742 3753//3753
f 3756//3756 3753//3753 3757//3757
f 3753//3753 3640//3640 3757//3757
f 3640//3640 3753//3753 3637//3637
f 3758//3758 3648//3648 3650//3650
f 3758//3758 3650//3650 3741//3741
f 3741//3741 3650//3650 3501//3501
f 3741//3741 3501//3501 3523//3523
f 3759//3759 3523//3523 3501//3501
f 3759//3759 3501//3501 3668//3668
f 3492//3492 3760//3760 3759//3759
f 3492//3492 3759//3759 3668//3668
f 3499//3499 3492//3492 3493//3493
f 3764//3764 3185//3185 3659//3659
f 3764//3764 3659//3659 3780//3780
f 3770//3770 3662//3662 3527//3527
f 3770//3770 3527//3527 3771//3771
f 3761//3761 3657//3657 3497//3497
f 3761//3761 3762//3762 3657//3657
f 3524//3524 3494//3494 3489//3489
f 3524//3524 3489//3489 3519//3519
f 3490//3490 3514//3514 3519//3519
f 3490//3490 3519//3519 3489//3489
f 3775//3775 3774//3774 3765//3765
f 3775//3775 3765//3765 3520//3520
f 3766//3766 3520//3520 3765//3765
f 3729//3729 3528//3528 3769//3769
f 3770//3770 3763//3763 3764//3764
f 3770//3770 3764//3764 3780//3780
f 3763//3763 3770//3770 3771//3771
f 3763//3763 3771//3771 3762//3762
f 3772//3772 3657//3657 3762//3762
f 3772//3772 3762//3762 3771//3771
f 3772//3772 3773//3773 3497//3497
f 3772//3772 3497//3497 3657//3657
f 3774//3774 3490//3490 3497//3497
f 3774//3774 3497//3497 3773//3773
f 3775//3775 3514//3514 3490//3490
f 3775//3775 3490//3490 3774//3774
f 3775//3775 3776//3776 3514//3514
f 3514//3514 3776//3776 3515//3515
f 3515//3515 3776//3776 3777//3777
f 3515//3515 3777//3777 3563//3563
f 3563//3563 3777//3777 3778//3778
f 3563//3563 3778//3778 3564//3564
f 3564//3564 3778//3778 3779//3779
f 3564//3564 3779//3779 3583//3583
f 3779//3779 3479//3479 3583//3583
f 3779//3779 3463//3463 3479//3479
f 3463//3463 3828//3828 3704//3704
f 3781//3781 3613//3613 3614//3614
f 3781//3781 3614//3614 3611//3611
f 3666//3666 3781//3781 3611//3611
f 3587//3587 3746//3746 3618//3618
f 3755//3755 3586//3586 3587//3587
f 3783//3783 3782//3782 3632//3632
f 3783//3783 3632//3632 3750//3750
f 3784//3784 3631//3631 3632//3632
f 3784//3784 3632//3632 3782//3782
f 3193//3193 3606//3606 3631//3631
f 3193//3193 3631//3631 3784//3784
f 3785//3785 3531//3531 3738//3738
f 3783//3783 3750//3750 3531//3531
f 3783//3783 3531//3531 3785//3785
f 3483//3483 3465//3465 3467//3467
f 3702//3702 3944//3944 3701//3701
f 3787//3787 3562//3562 3534//3534
f 3787//3787 3534//3534 3788//3788
f 3789//3789 3562//3562 3787//3787
f 3790//3790 3535//3535 3791//3791
f 3788//3788 3534//3534 3535//3535
f 3788//3788 3535//3535 3790//3790
f 3792//3792 3467//3467 3786//3786
f 3792//3792 3485//3485 3467//3467
f 3535//3535 3561//3561 3793//3793
f 3535//3535 3793//3793 3791//3791
f 3792//3792 3786//3786 3794//3794
f 3794//3794 3786//3786 3791//3791
f 3794//3794 3791//3791 3793//3793
f 3797//3797 3482//3482 3466//3466
f 3538//3538 3795//3795 3797//3797
f 3538//3538 3797//3797 3710//3710
f 3537//3537 3796//3796 3795//3795
f 3537//3537 3795//3795 3538//3538
f 3797//3797 3481//3481 3710//3710
f 3807//3807 3459//3459 3806//3806
f 3944//3944 3799//3799 3815//3815
f 3919//3919 3952//3952 3833//3833
f 3996//3996 3834//3834 3833//3833
f 3842//3842 3841//3841 3847//3847
f 3873//3873 3874//3874 3875//3875
f 3849//3849 3872//3872 3853//3853
f 3880//3880 3838//3838 3879//3879
f 3933//3933 3886//3886 3881//3881
f 3887//3887 3913//3913 3881//3881
f 3925//3925 3927//3927 3942//3942
f 3849//3849 3850//3850 3851//3851
f 3909//3909 3808//3808 3827//3827
f 3458//3458 3459//3459 3807//3807
f 3878//3878 3802//3802 3803//3803
f 3805//3805 3469//3469 3802//3802
f 3809//3809 3469//3469 3805//3805
f 3806//3806 3808//3808 3807//3807
f 3802//3802 3878//3878 3805//3805
f 3803//3803 3802//3802 3807//3807
f 3803//3803 3807//3807 3808//3808
f 3458//3458 3807//3807 3802//3802
f 3809//3809 3811//3811 3810//3810
f 3811//3811 3809//3809 3805//3805
f 3812//3812 3813//3813 3814//3814
f 3814//3814 3813//3813 3815//3815
f 3814//3814 3815//3815 3799//3799
f 3827//3827 3944//3944 3916//3916
f 3944//3944 3815//3815 3916//3916
f 3809//3809 3810//3810 3817//3817
f 3809//3809 3817//3817 3804//3804
f 3817//3817 3801//3801 3800//3800
f 3817//3817 3800//3800 3804//3804
f 3816//3816 3818//3818 3819//3819
f 3818//3818 3820//3820 3821//3821
f 3818//3818 3821//3821 3819//3819
f 3821//3821 3820//3820 3931//3931
f 3826//3826 3822//3822 3931//3931
f 3821//3821 3931//3931 3822//3822
f 3457//3457 3816//3816 3819//3819
f 3457//3457 3819//3819 3821//3821
f 3824//3824 3828//3828 3823//3823
f 3824//3824 3823//3823 3825//3825
f 3825//3825 3945//3945 3826//3826
f 3800//3800 3801//3801 3816//3816
f 3996//3996 4011//4011 3829//3829
f 3987//3987 3949//3949 3830//3830
f 3832//3832 3833//3833 3834//3834
f 3832//3832 3834//3834 3928//3928
f 3999//3999 3869//3869 3870//3870
f 3956//3956 3869//3869 3999//3999
f 3844//3844 3843//3843 3835//3835
f 3891//3891 3951//3951 3921//3921
f 3919//3919 3836//3836 3952//3952
f 3996//3996 3833//3833 3952//3952
f 3829//3829 3837//3837 3834//3834
f 3829//3829 3834//3834 3996//3996
f 3830//3830 3838//3838 3837//3837
f 3830//3830 3837//3837 3829//3829
f 3829//3829 3987//3987 3830//3830
f 3839//3839 3838//3838 3830//3830
f 3839//3839 3830//3830 3949//3949
f 3951//3951 3891//3891 3841//3841
f 3841//3841 3840//3840 3951//3951
f 3842//3842 3953//3953 3840//3840
f 3842//3842 3840//3840 3841//3841
f 3843//3843 3844//3844 3845//3845
f 3976//3976 3978//3978 3844//3844
f 3954//3954 3844//3844 3978//3978
f 3845//3845 3844//3844 3954//3954
f 3845//3845 3954//3954 3846//3846
f 3846//3846 3954//3954 3953//3953
f 3846//3846 3953//3953 3842//3842
f 3976//3976 3844//3844 3835//3835
f 3976//3976 3835//3835 3955//3955
f 3955//3955 3835//3835 3876//3876
f 3955//3955 3876//3876 3956//3956
f 3876//3876 3869//3869 3956//3956
f 3999//3999 3870//3870 3957//3957
f 3831//3831 3957//3957 3918//3918
f 3831//3831 3839//3839 3949//3949
f 3848//3848 3889//3889 3847//3847
f 3841//3841 3848//3848 3847//3847
f 3851//3851 3850//3850 3852//3852
f 3849//3849 3853//3853 3854//3854
f 3853//3853 3816//3816 3801//3801
f 3853//3853 3801//3801 3854//3854
f 3857//3857 3855//3855 3856//3856
f 3857//3857 3856//3856 3858//3858
f 3866//3866 3859//3859 3860//3860
f 3866//3866 3860//3860 3861//3861
f 3856//3856 3866//3866 3861//3861
f 3862//3862 3864//3864 3867//3867
f 3862//3862 3867//3867 3863//3863
f 3864//3864 3865//3865 3866//3866
f 3864//3864 3866//3866 3856//3856
f 3856//3856 3867//3867 3864//3864
f 3868//3868 3854//3854 3871//3871
f 3868//3868 3871//3871 3870//3870
f 3864//3864 3875//3875 3851//3851
f 3872//3872 3849//3849 3851//3851
f 3851//3851 3875//3875 3874//3874
f 3851//3851 3874//3874 3872//3872
f 3876//3876 3850//3850 3849//3849
f 3876//3876 3849//3849 3868//3868
f 3835//3835 3877//3877 3876//3876
f 3877//3877 3835//3835 3843//3843
f 3877//3877 3843//3843 3859//3859
f 3881//3881 3946//3946 3887//3887
f 3882//3882 3860//3860 3845//3845
f 3882//3882 3845//3845 3846//3846
f 3860//3860 3859//3859 3843//3843
f 3860//3860 3843//3843 3845//3845
f 3860//3860 3882//3882 3883//3883
f 3860//3860 3883//3883 3861//3861
f 3858//3858 3856//3856 3861//3861
f 3858//3858 3861//3861 3883//3883
f 3884//3884 3855//3855 3857//3857
f 3855//3855 3884//3884 3885//3885
f 3884//3884 3946//3946 3885//3885
f 3946//3946 3886//3886 3885//3885
f 3886//3886 3946//3946 3881//3881
f 3946//3946 3884//3884 3888//3888
f 3946//3946 3888//3888 3887//3887
f 3884//3884 3857//3857 3888//3888
f 3857//3857 3858//3858 3889//3889
f 3857//3857 3889//3889 3888//3888
f 3858//3858 3883//3883 3890//3890
f 3858//3858 3890//3890 3889//3889
f 3883//3883 3882//3882 3890//3890
f 3882//3882 3846//3846 3842//3842
f 3882//3882 3842//3842 3890//3890
f 3890//3890 3842//3842 3847//3847
f 3841//3841 3891//3891 3892//3892
f 3841//3841 3892//3892 3848//3848
f 3893//3893 3848//3848 3892//3892
f 3890//3890 3847//3847 3889//3889
f 3889//3889 3848//3848 3894//3894
f 3889//3889 3894//3894 3888//3888
f 3848//3848 3893//3893 3894//3894
f 3895//3895 3896//3896 3894//3894
f 3895//3895 3894//3894 3893//3893
f 3894//3894 3896//3896 3888//3888
f 3887//3887 3888//3888 3896//3896
f 3895//3895 3947//3947 3896//3896
f 3947//3947 3897//3897 3898//3898
f 3947//3947 3898//3898 3896//3896
f 3896//3896 3898//3898 3887//3887
f 3898//3898 3897//3897 3913//3913
f 3932//3932 3881//3881 3913//3913
f 3808//3808 3909//3909 3930//3930
f 3808//3808 3930//3930 3899//3899
f 3808//3808 3899//3899 3803//3803
f 3878//3878 3803//3803 3899//3899
f 3878//3878 3900//3900 3805//3805
f 3900//3900 3901//3901 3811//3811
f 3900//3900 3811//3811 3805//3805
f 3901//3901 3880//3880 3810//3810
f 3901//3901 3810//3810 3811//3811
f 3880//3880 3902//3902 3810//3810
f 3914//3914 3932//3932 3943//3943
f 3943//3943 3903//3903 3905//3905
f 3813//3813 3812//3812 3904//3904
f 3904//3904 3914//3914 3943//3943
f 3905//3905 3903//3903 3912//3912
f 3906//3906 3905//3905 3912//3912
f 3907//3907 3906//3906 3908//3908
f 3907//3907 3908//3908 3909//3909
f 3906//3906 3910//3910 3908//3908
f 3910//3910 3906//3906 3948//3948
f 3910//3910 3948//3948 3911//3911
f 3906//3906 3912//3912 3948//3948
f 3912//3912 3903//3903 3897//3897
f 3903//3903 3943//3943 3913//3913
f 3903//3903 3913//3913 3897//3897
f 3915//3915 3914//3914 3904//3904
f 3915//3915 3904//3904 3812//3812
f 3813//3813 3907//3907 3815//3815
f 3907//3907 3916//3916 3815//3815
f 3916//3916 3909//3909 3827//3827
f 3810//3810 3902//3902 3917//3917
f 3810//3810 3917//3917 3817//3817
f 3902//3902 3918//3918 3957//3957
f 3902//3902 3957//3957 3917//3917
f 3918//3918 3839//3839 3831//3831
f 3919//3919 3832//3832 3927//3927
f 3920//3920 3921//3921 3919//3919
f 3920//3920 3919//3919 3927//3927
f 3921//3921 3920//3920 3922//3922
f 3921//3921 3922//3922 3891//3891
f 3927//3927 3923//3923 3920//3920
f 3920//3920 3923//3923 3924//3924
f 3920//3920 3924//3924 3922//3922
f 3924//3924 3923//3923 3910//3910
f 3924//3924 3910//3910 3911//3911
f 3910//3910 3923//3923 3925//3925
f 3910//3910 3925//3925 3908//3908
f 3923//3923 3927//3927 3925//3925
f 3899//3899 3942//3942 3926//3926
f 3899//3899 3926//3926 3878//3878
f 3926//3926 3927//3927 3928//3928
f 3834//3834 3837//3837 3929//3929
f 3834//3834 3929//3929 3928//3928
f 3837//3837 3838//3838 3929//3929
f 3838//3838 3839//3839 3879//3879
f 3839//3839 3918//3918 3879//3879
f 3902//3902 3880//3880 3879//3879
f 3902//3902 3879//3879 3918//3918
f 3880//3880 3901//3901 3929//3929
f 3880//3880 3929//3929 3838//3838
f 3901//3901 3900//3900 3928//3928
f 3901//3901 3928//3928 3929//3929
f 3900//3900 3878//3878 3926//3926
f 3900//3900 3926//3926 3928//3928
f 3925//3925 3930//3930 3909//3909
f 3925//3925 3909//3909 3908//3908
f 3874//3874 3820//3820 3818//3818
f 3874//3874 3818//3818 3872//3872
f 3853//3853 3872//3872 3818//3818
f 3853//3853 3818//3818 3816//3816
f 3870//3870 3871//3871 3917//3917
f 3870//3870 3917//3917 3957//3957
f 3871//3871 3801//3801 3817//3817
f 3871//3871 3817//3817 3917//3917
f 3874//3874 3873//3873 3931//3931
f 3874//3874 3931//3931 3820//3820
f 3934//3934 3936//3936 3937//3937
f 3934//3934 3937//3937 3935//3935
f 3937//3937 3863//3863 3935//3935
f 3885//3885 3935//3935 3863//3863
f 3856//3856 3855//3855 3867//3867
f 3863//3863 3867//3867 3855//3855
f 3863//3863 3855//3855 3885//3885
f 3863//3863 3937//3937 3862//3862
f 3932//3932 3914//3914 3938//3938
f 3932//3932 3938//3938 3933//3933
f 3914//3914 3915//3915 3938//3938
f 3915//3915 3824//3824 3939//3939
f 3933//3933 3938//3938 3936//3936
f 3933//3933 3936//3936 3934//3934
f 3938//3938 3940//3940 3936//3936
f 3939//3939 3824//3824 3825//3825
f 3939//3939 3825//3825 3940//3940
f 3852//3852 3877//3877 3859//3859
f 3852//3852 3859//3859 3865//3865
f 3851//3851 3852//3852 3865//3865
f 3851//3851 3865//3865 3864//3864
f 3875//3875 3864//3864 3862//3862
f 3875//3875 3862//3862 3873//3873
f 3862//3862 3937//3937 3941//3941
f 3862//3862 3941//3941 3873//3873
f 3936//3936 3940//3940 3941//3941
f 3936//3936 3941//3941 3937//3937
f 3940//3940 3825//3825 3826//3826
f 3940//3940 3826//3826 3941//3941
f 3868//3868 3849//3849 3854//3854
f 3932//3932 3933//3933 3881//3881
f 3943//3943 3932//3932 3913//3913
f 3913//3913 3887//3887 3898//3898
f 3934//3934 3886//3886 3933//3933
f 3935//3935 3886//3886 3934//3934
f 3885//3885 3886//3886 3935//3935
f 3948//3948 3912//3912 3897//3897
f 3948//3948 3897//3897 3947//3947
f 3948//3948 3947//3947 3895//3895
f 3948//3948 3895//3895 3911//3911
f 3911//3911 3895//3895 3893//3893
f 3911//3911 3893//3893 3924//3924
f 3924//3924 3893//3893 3892//3892
f 3924//3924 3892//3892 3922//3922
f 3922//3922 3892//3892 3891//3891
f 3813//3813 3905//3905 3907//3907
f 3907//3907 3905//3905 3906//3906
f 3916//3916 3907//3907 3909//3909
f 3930//3930 3942//3942 3899//3899
f 3873//3873 3941//3941 3931//3931
f 3850//3850 3876//3876 3877//3877
f 3850//3850 3877//3877 3852//3852
f 3868//3868 3869//3869 3876//3876
f 3871//3871 3854//3854 3801//3801
f 3870//3870 3869//3869 3868//3868
f 3927//3927 3926//3926 3942//3942
f 3930//3930 3925//3925 3942//3942
f 3927//3927 3832//3832 3928//3928
f 3859//3859 3866//3866 3865//3865
f 3827//3827 3808//3808 3806//3806
f 3825//3825 3798//3798 3945//3945
f 3823//3823 3798//3798 3825//3825
f 3812//3812 3814//3814 3828//3828
f 3836//3836 3919//3919 3921//3921
f 3833//3833 3832//3832 3919//3919
f 3828//3828 3824//3824 3812//3812
f 3915//3915 3812//3812 3824//3824
f 3904//3904 3943//3943 3905//3905
f 3904//3904 3905//3905 3813//3813
f 3915//3915 3939//3939 3938//3938
f 3938//3938 3939//3939 3940//3940
f 3826//3826 3945//3945 3822//3822
f 3941//3941 3826//3826 3931//3931
f 3945//3945 3483//3483 3822//3822
f 3984//3984 4013//4013 3983//3983
f 3995//3995 3951//3951 3998//3998
f 3984//3984 3997//3997 3987//3987
f 4001//4001 3974//3974 3991//3991
f 4006//4006 3990//3990 4007//4007
f 4002//4002 3973//3973 3989//3989
f 3960//3960 3921//3921 3951//3951
f 4012//4012 4011//4011 3981//3981
f 3986//3986 3990//3990 3969//3969
f 4008//4008 3994//3994 3992//3992
f 4016//4016 3961//3961 3995//3995
f 3960//3960 3951//3951 3995//3995
f 4011//4011 3962//3962 3961//3961
f 3962//3962 3952//3952 3960//3960
f 3996//3996 3952//3952 3962//3962
f 3979//3979 3958//3958 3998//3998
f 3995//3995 3959//3959 4016//4016
f 3959//3959 3998//3998 3958//3958
f 3982//3982 3993//3993 4013//4013
f 3982//3982 3981//3981 3993//3993
f 3958//3958 3983//3983 3981//3981
f 3993//3993 3983//3983 4013//4013
f 3987//3987 3988//3988 3984//3984
f 4012//4012 3988//3988 3987//3987
f 4012//4012 3987//3987 3829//3829
f 3983//3983 3967//3967 3963//3963
f 3963//3963 3966//3966 3983//3983
f 3975//3975 3983//3983 3979//3979
f 4013//4013 3988//3988 3982//3982
f 4015//4015 3963//3963 3967//3967
f 3975//3975 3967//3967 3983//3983
f 3964//3964 4010//4010 3966//3966
f 3997//3997 3984//3984 4010//4010
f 3949//3949 3987//3987 3997//3997
f 3985//3985 4009//4009 3950//3950
f 3968//3968 3994//3994 4014//4014
f 4014//4014 4008//4008 4009//4009
f 3992//3992 3980//3980 3967//3967
f 4001//4001 3977//3977 3974//3974
f 4008//4008 3967//3967 3977//3977
f 4002//4002 3991//3991 3974//3974
f 4001//4001 3991//3991 3972//3972
f 4004//4004 3989//3989 4007//4007
f 3956//3956 3970//3970 3955//3955
f 3957//3957 3971//3971 3999//3999
f 3973//3973 3976//3976 3955//3955
f 3981//3981 3982//3982 4012//4012
f 3988//3988 4013//4013 3984//3984
f 4012//4012 3982//3982 3988//3988
f 4015//4015 3968//3968 4014//4014
f 3960//3960 3836//3836 3921//3921
f 3831//3831 3949//3949 3950//3950
f 4011//4011 4012//4012 3829//3829
f 3952//3952 3836//3836 3960//3960
f 3971//3971 3957//3957 3831//3831
f 3972//3972 3991//3991 3969//3969
f 3950//3950 4001//4001 3972//3972
f 4009//4009 3985//3985 4014//4014
f 3969//3969 4006//4006 4003//4003
f 3971//3971 3972//3972 3969//3969
f 3954//3954 3974//3974 3975//3975
f 3979//3979 3983//3983 3958//3958
f 3968//3968 3967//3967 3980//3980
f 3975//3975 3974//3974 3977//3977
f 4004//4004 3986//3986 4005//4005
f 3979//3979 3998//3998 3840//3840
f 3979//3979 3840//3840 3953//3953
f 3979//3979 3953//3953 3954//3954
f 3979//3979 3954//3954 3975//3975
f 3978//3978 3973//3973 3974//3974
f 3976//3976 3973//3973 3978//3978
f 4001//4001 3950//3950 3977//3977
f 3980//3980 3992//3992 3994//3994
f 3980//3980 3994//3994 3968//3968
f 3974//3974 3954//3954 3978//3978
f 3970//3970 4000//4000 4003//4003
f 4003//4003 3989//3989 3970//3970
f 3998//3998 3951//3951 3840//3840
f 4002//4002 3974//3974 3973//3973
f 4014//4014 3994//3994 4008//4008
f 4015//4015 4014//4014 3997//3997
f 3965//3965 3963//3963 3964//3964
f 4010//4010 3984//3984 3966//3966
f 4015//4015 3997//3997 4010//4010
f 4015//4015 3964//3964 3963//3963
f 3966//3966 3984//3984 3983//3983
f 4015//4015 4010//4010 3964//3964
f 3963//3963 3965//3965 3966//3966
f 3966//3966 3965//3965 3964//3964
f 3958//3958 3981//3981 3959//3959
f 3961//3961 4016//4016 3981//3981
f 3959//3959 3981//3981 4016//4016
f 3998//3998 3959//3959 3995//3995
f 3960//3960 3995//3995 3961//3961
f 3997//3997 3985//3985 3949//3949
f 3949//3949 3985//3985 3950//3950
f 3999//3999 4000//4000 3970//3970
f 3999//3999 3970//3970 3956//3956
f 3971//3971 4000//4000 3999//3999
f 3831//3831 3950//3950 3972//3972
f 3971//3971 3831//3831 3972//3972
f 3970//3970 3989//3989 3955//3955
f 3955//3955 3989//3989 3973//3973
f 4003//4003 4000//4000 3971//3971
f 4003//4003 3971//3971 3969//3969
f 3989//3989 4004//4004 4002//4002
f 3991//3991 4002//4002 4005//4005
f 4005//4005 4002//4002 4004//4004
f 3986//3986 3991//3991 4005//4005
f 3989//3989 4003//4003 4006//4006
f 3986//3986 4007//4007 3990//3990
f 3986//3986 4004//4004 4007//4007
f 3990//3990 4006//4006 3969//3969
f 3969//3969 3991//3991 3986//3986
f 4007//4007 3989//3989 4006//4006
f 3977//3977 3967//3967 3975//3975
f 3997//3997 4014//4014 3985//3985
f 3968//3968 4015//4015 3967//3967
f 3950//3950 4008//4008 3977//3977
f 4009//4009 4008//4008 3950//3950
f 4011//4011 3996//3996 3962//3962
f 3961//3961 3962//3962 3960//3960
f 3983//3983 3993//3993 3981//3981
f 4008//4008 3992//3992 3967//3967
f 3981//3981 4011//4011 3961//3961
f 4489//4489 4416//4416 4419//4419
f 4493//4493 4420//4420 4494//4494
f 4292//4292 4058//4058 4280//4280
f 4037//4037 4055//4055 4032//4032
f 126//126 4296//4296 4095//4095
f 4097//4097 4150//4150 4151//4151
f 4095//4095 4112//4112 125//125
f 4349//4349 4371//4371 4203//4203
f 4136//4136 4180//4180 4269//4269
f 4318//4318 4319//4319 4154//4154
f 4120//4120 4036//4036 4125//4125
f 29//29 4260//4260 4391//4391
f 4131//4131 4132//4132 4133//4133
f 4144//4144 4194//4194 4195//4195
f 4097//4097 126//126 4098//4098
f 4192//4192 4107//4107 4108//4108
f 4406//4406 4246//4246 4407//4407
f 4258//4258 4094//4094 4256//4256
f 4117//4117 4288//4288 4163//4163
f 4119//4119 4153//4153 4291//4291
f 4151//4151 4150//4150 4311//4311
f 4370//4370 4378//4378 4371//4371
f 4137//4137 4355//4355 4211//4211
f 4324//4324 4384//4384 4314//4314
f 4338//4338 4390//4390 4229//4229
f 4501//4501 4511//4511 4414//4414
f 4501//4501 4414//4414 4430//4430
f 4513//4513 4502//4502 4431//4431
f 4513//4513 4431//4431 4427//4427
f 4498//4498 4692//4692 4413//4413
f 4498//4498 4413//4413 4410//4410
f 4516//4516 4409//4409 4408//4408
f 4516//4516 4408//4408 4508//4508
f 4515//4515 4418//4418 4409//4409
f 4515//4515 4409//4409 4516//4516
f 4489//4489 4419//4419 4418//4418
f 4489//4489 4418//4418 4515//4515
f 4494//4494 4420//4420 4422//4422
f 4494//4494 4422//4422 4492//4492
f 4514//4514 4421//4421 4420//4420
f 4514//4514 4420//4420 4493//4493
f 4670//4670 4424//4424 4421//4421
f 4670//4670 4421//4421 4514//4514
f 4670//4670 4499//4499 4423//4423
f 4670//4670 4423//4423 4424//4424
f 4512//4512 4426//4426 4429//4429
f 4512//4512 4429//4429 4665//4665
f 4426//4426 4512//4512 4513//4513
f 4426//4426 4513//4513 4427//4427
f 4510//4510 4412//4412 4414//4414
f 4510//4510 4414//4414 4511//4511
f 4497//4497 4411//4411 4412//4412
f 4497//4497 4412//4412 4510//4510
f 4413//4413 4692//4692 4509//4509
f 4413//4413 4509//4509 4405//4405
f 4503//4503 4406//4406 4407//4407
f 4503//4503 4407//4407 4699//4699
f 4399//4399 4507//4507 4508//4508
f 4399//4399 4508//4508 4408//4408
f 4400//4400 4495//4495 4496//4496
f 4403//4403 4506//4506 4643//4643
f 4403//4403 4643//4643 4401//4401
f 4402//4402 4404//4404 4505//4505
f 4402//4402 4505//4505 4642//4642
f 4504//4504 4404//4404 4406//4406
f 4504//4504 4406//4406 4503//4503
f 4502//4502 4501//4501 4430//4430
f 4502//4502 4430//4430 4431//4431
f 4500//4500 4425//4425 4428//4428
f 4500//4500 4428//4428 4662//4662
f 4498//4498 4410//4410 4411//4411
f 4498//4498 4411//4411 4497//4497
f 4492//4492 4422//4422 4417//4417
f 4492//4492 4417//4417 4491//4491
f 4415//4415 4490//4490 4491//4491
f 4415//4415 4491//4491 4417//4417
f 4490//4490 4415//4415 4416//4416
f 4490//4490 4416//4416 4489//4489
f 4404//4404 4504//4504 4505//4505
f 4506//4506 4403//4403 4402//4402
f 4506//4506 4402//4402 4642//4642
f 4399//4399 4400//4400 4496//4496
f 4399//4399 4496//4496 4507//4507
f 4401//4401 4643//4643 4495//4495
f 4401//4401 4495//4495 4400//4400
f 4662//4662 4428//4428 4423//4423
f 4662//4662 4423//4423 4499//4499
f 4500//4500 4665//4665 4429//4429
f 4500//4500 4429//4429 4425//4425
f 4699//4699 4407//4407 4405//4405
f 4699//4699 4405//4405 4509//4509
f 4058//4058 4070//4070 4066//4066
f 4058//4058 4066//4066 4048//4048
f 4304//4304 4028//4028 4068//4068
f 4304//4304 4068//4068 4067//4067
f 4068//4068 4028//4028 4089//4089
f 4068//4068 4089//4089 4029//4029
f 4293//4293 4292//4292 4305//4305
f 4293//4293 4357//4357 4028//4028
f 4293//4293 4028//4028 4304//4304
f 4363//4363 4113//4113 4281//4281
f 4252//4252 4264//4264 4025//4025
f 4024//4024 4251//4251 4051//4051
f 4021//4021 4091//4091 4075//4075
f 4021//4021 4075//4075 4022//4022
f 4023//4023 4049//4049 4021//4021
f 4092//4092 4252//4252 4022//4022
f 4092//4092 4022//4022 4075//4075
f 4024//4024 4051//4051 4023//4023
f 4027//4027 4069//4069 4255//4255
f 4069//4069 4254//4254 4255//4255
f 4027//4027 4026//4026 4091//4091
f 4027//4027 4091//4091 4021//4021
f 4021//4021 4069//4069 4027//4027
f 4021//4021 4049//4049 4069//4069
f 4090//4090 4068//4068 4029//4029
f 4090//4090 4065//4065 4067//4067
f 4090//4090 4067//4067 4068//4068
f 4065//4065 4064//4064 4066//4066
f 4065//4065 4066//4066 4067//4067
f 4064//4064 4046//4046 4048//4048
f 4064//4064 4048//4048 4066//4066
f 4270//4270 4063//4063 4065//4065
f 4270//4270 4065//4065 4090//4090
f 4063//4063 4061//4061 4064//4064
f 4063//4063 4064//4064 4065//4065
f 4061//4061 4044//4044 4046//4046
f 4061//4061 4046//4046 4064//4064
f 4265//4265 4062//4062 4061//4061
f 4265//4265 4061//4061 4063//4063
f 4062//4062 4045//4045 4044//4044
f 4062//4062 4044//4044 4061//4061
f 4086//4086 4059//4059 4047//4047
f 4059//4059 4058//4058 4048//4048
f 4059//4059 4048//4048 4047//4047
f 4292//4292 4280//4280 4279//4279
f 4280//4280 4060//4060 4087//4087
f 4280//4280 4087//4087 4279//4279
f 4060//4060 4280//4280 4059//4059
f 4060//4060 4059//4059 4086//4086
f 4079//4079 4363//4363 4017//4017
f 4079//4079 4017//4017 4018//4018
f 4080//4080 4094//4094 4258//4258
f 4094//4094 4057//4057 4256//4256
f 4257//4257 4256//4256 4057//4057
f 4244//4244 4038//4038 4031//4031
f 4244//4244 4031//4031 4039//4039
f 4037//4037 4245//4245 4053//4053
f 4037//4037 4053//4053 4055//4055
f 4245//4245 4037//4037 4034//4034
f 4245//4245 4034//4034 4077//4077
f 4033//4033 4056//4056 4077//4077
f 4033//4033 4077//4077 4034//4034
f 4244//4244 4056//4056 4033//4033
f 4244//4244 4033//4033 4038//4038
f 4054//4054 4246//4246 4083//4083
f 4054//4054 4083//4083 4052//4052
f 4032//4032 4055//4055 4054//4054
f 4032//4032 4054//4054 4264//4264
f 4055//4055 4053//4053 4246//4246
f 4055//4055 4246//4246 4054//4054
f 4251//4251 4250//4250 4050//4050
f 4251//4251 4050//4050 4051//4051
f 4023//4023 4247//4247 4084//4084
f 4023//4023 4084//4084 4049//4049
f 4051//4051 4050//4050 4247//4247
f 4051//4051 4247//4247 4023//4023
f 4069//4069 4085//4085 4253//4253
f 4069//4069 4253//4253 4254//4254
f 4049//4049 4084//4084 4085//4085
f 4049//4049 4085//4085 4069//4069
f 4046//4046 4078//4078 4047//4047
f 4046//4046 4047//4047 4048//4048
f 4044//4044 4249//4249 4078//4078
f 4044//4044 4078//4078 4046//4046
f 4045//4045 4248//4248 4249//4249
f 4045//4045 4249//4249 4044//4044
f 4043//4043 4042//4042 4080//4080
f 4081//4081 4041//4041 4043//4043
f 4041//4041 4040//4040 4042//4042
f 4041//4041 4042//4042 4043//4043
f 4082//4082 4030//4030 4041//4041
f 4082//4082 4041//4041 4081//4081
f 4030//4030 4072//4072 4040//4040
f 4030//4030 4040//4040 4041//4041
f 4039//4039 4031//4031 4030//4030
f 4039//4039 4030//4030 4082//4082
f 4312//4312 4356//4356 4358//4358
f 4093//4093 4038//4038 4033//4033
f 4093//4093 4033//4033 4036//4036
f 4038//4038 4093//4093 4071//4071
f 4038//4038 4071//4071 4031//4031
f 4073//4073 4037//4037 4032//4032
f 4073//4073 4032//4032 4074//4074
f 4037//4037 4073//4073 4035//4035
f 4037//4037 4035//4035 4034//4034
f 4036//4036 4033//4033 4034//4034
f 4036//4036 4034//4034 4035//4035
f 4032//4032 4264//4264 4074//4074
f 4031//4031 4071//4071 4072//4072
f 4031//4031 4072//4072 4030//4030
f 4265//4265 4270//4270 4271//4271
f 4024//4024 4023//4023 4022//4022
f 4024//4024 4022//4022 4252//4252
f 4023//4023 4021//4021 4022//4022
f 4305//4305 4113//4113 4088//4088
f 4292//4292 4279//4279 4281//4281
f 4305//4305 4357//4357 4293//4293
f 4279//4279 4087//4087 4018//4018
f 4279//4279 4018//4018 4017//4017
f 4103//4103 124//124 125//125
f 4103//4103 4101//4101 124//124
f 4101//4101 4102//4102 123//123
f 4101//4101 123//123 124//124
f 4102//4102 4099//4099 4241//4241
f 4102//4102 4241//4241 123//123
f 4099//4099 4100//4100 4240//4240
f 4099//4099 4240//4240 4241//4241
f 4100//4100 4104//4104 4239//4239
f 4100//4100 4239//4239 4240//4240
f 4104//4104 4200//4200 4238//4238
f 4104//4104 4238//4238 4239//4239
f 4200//4200 4237//4237 4238//4238
f 4097//4097 4296//4296 126//126
f 4097//4097 4151//4151 4297//4297
f 4097//4097 4297//4297 4296//4296
f 4097//4097 4098//4098 4150//4150
f 4158//4158 4236//4236 4396//4396
f 4236//4236 4105//4105 4397//4397
f 4105//4105 4398//4398 4397//4397
f 4234//4234 4106//4106 4158//4158
f 4234//4234 4158//4158 4157//4157
f 4106//4106 127//127 4236//4236
f 4106//4106 4236//4236 4158//4158
f 127//127 4105//4105 4236//4236
f 4235//4235 4394//4394 4150//4150
f 4150//4150 4098//4098 4235//4235
f 4098//4098 4096//4096 4235//4235
f 4235//4235 4096//4096 128//128
f 4235//4235 128//128 4394//4394
f 128//128 4106//4106 4234//4234
f 4088//4088 4321//4321 4356//4356
f 4370//4370 4369//4369 4373//4373
f 4284//4284 4233//4233 4094//4094
f 4313//4313 4307//4307 4306//4306
f 4216//4216 4232//4232 4307//4307
f 4216//4216 4307//4307 4313//4313
f 4215//4215 4231//4231 4323//4323
f 4215//4215 4323//4323 4322//4322
f 4215//4215 4178//4178 4230//4230
f 4215//4215 4230//4230 4231//4231
f 4178//4178 4177//4177 4229//4229
f 4178//4178 4229//4229 4230//4230
f 4233//4233 4228//4228 4285//4285
f 4233//4233 4285//4285 4094//4094
f 4307//4307 4314//4314 4228//4228
f 4232//4232 4324//4324 4314//4314
f 4232//4232 4314//4314 4307//4307
f 4231//4231 4227//4227 4324//4324
f 4231//4231 4324//4324 4323//4323
f 4231//4231 4230//4230 4226//4226
f 4231//4231 4226//4226 4227//4227
f 4230//4230 4229//4229 4387//4387
f 4230//4230 4387//4387 4226//4226
f 4228//4228 4114//4114 4285//4285
f 4228//4228 4225//4225 4114//4114
f 4314//4314 4224//4224 4225//4225
f 4314//4314 4225//4225 4228//4228
f 4224//4224 4314//4314 4384//4384
f 4223//4223 4384//4384 4383//4383
f 4303//4303 4282//4282 4374//4374
f 4377//4377 4380//4380 4379//4379
f 4377//4377 4379//4379 4378//4378
f 4099//4099 4134//4134 4135//4135
f 4099//4099 4135//4135 4100//4100
f 4199//4199 4273//4273 4218//4218
f 4199//4199 4218//4218 4196//4196
f 4273//4273 4274//4274 4218//4218
f 4104//4104 4222//4222 4200//4200
f 4222//4222 4221//4221 4199//4199
f 4222//4222 4199//4199 4200//4200
f 4221//4221 4220//4220 4273//4273
f 4221//4221 4273//4273 4199//4199
f 4217//4217 4267//4267 4075//4075
f 4217//4217 4075//4075 4091//4091
f 4100//4100 4135//4135 4222//4222
f 4100//4100 4222//4222 4104//4104
f 4135//4135 4132//4132 4221//4221
f 4135//4135 4221//4221 4222//4222
f 4132//4132 4131//4131 4220//4220
f 4132//4132 4220//4220 4221//4221
f 4131//4131 4219//4219 4220//4220
f 4198//4198 4272//4272 4189//4189
f 4198//4198 4189//4189 4108//4108
f 4272//4272 4140//4140 4189//4189
f 4196//4196 4218//4218 4198//4198
f 4196//4196 4198//4198 4107//4107
f 4189//4189 4140//4140 4141//4141
f 4189//4189 4141//4141 4190//4190
f 4298//4298 4284//4284 4286//4286
f 4214//4214 4306//4306 4298//4298
f 4213//4213 4313//4313 4306//4306
f 4175//4175 4216//4216 4313//4313
f 4175//4175 4313//4313 4315//4315
f 4174//4174 4215//4215 4322//4322
f 4174//4174 4322//4322 4325//4325
f 4174//4174 4173//4173 4178//4178
f 4174//4174 4178//4178 4215//4215
f 4287//4287 4298//4298 4286//4286
f 4168//4168 4214//4214 4298//4298
f 4168//4168 4298//4298 4299//4299
f 4167//4167 4213//4213 4308//4308
f 4166//4166 4175//4175 4315//4315
f 4166//4166 4315//4315 4316//4316
f 4162//4162 4168//4168 4299//4299
f 4162//4162 4299//4299 4300//4300
f 4115//4115 4286//4286 4295//4295
f 4115//4115 4295//4295 4294//4294
f 4276//4276 4115//4115 4294//4294
f 4276//4276 4294//4294 4116//4116
f 4207//4207 4208//4208 4195//4195
f 4207//4207 4195//4195 4332//4332
f 4366//4366 4370//4370 4333//4333
f 4201//4201 4352//4352 4347//4347
f 4342//4342 4348//4348 4333//4333
f 4352//4352 4353//4353 4348//4348
f 4352//4352 4348//4348 4347//4347
f 4353//4353 4139//4139 4348//4348
f 4353//4353 4126//4126 4139//4139
f 4337//4337 4329//4329 4359//4359
f 4210//4210 4130//4130 4355//4355
f 4210//4210 4355//4355 4212//4212
f 4211//4211 4335//4335 4137//4137
f 4211//4211 4336//4336 4335//4335
f 4211//4211 4129//4129 4336//4336
f 4130//4130 4210//4210 116//116
f 4130//4130 116//116 4129//4129
f 4209//4209 4129//4129 116//116
f 4208//4208 4207//4207 4336//4336
f 4208//4208 4336//4336 4129//4129
f 4346//4346 4382//4382 4350//4350
f 4346//4346 4206//4206 4382//4382
f 4205//4205 4204//4204 4381//4381
f 4351//4351 4202//4202 4354//4354
f 4354//4354 4201//4201 4347//4347
f 4354//4354 4347//4347 4349//4349
f 4202//4202 4201//4201 4354//4354
f 4200//4200 4196//4196 4237//4237
f 4200//4200 4199//4199 4196//4196
f 4197//4197 4107//4107 4109//4109
f 4107//4107 4198//4198 4108//4108
f 4237//4237 4196//4196 4197//4197
f 4196//4196 4107//4107 4197//4197
f 107//107 4194//4194 4144//4144
f 4194//4194 4193//4193 4332//4332
f 4194//4194 4332//4332 4195//4195
f 4192//4192 4194//4194 107//107
f 4192//4192 4191//4191 4194//4194
f 4191//4191 4190//4190 4193//4193
f 4191//4191 4193//4193 4194//4194
f 4190//4190 4141//4141 4142//4142
f 4190//4190 4142//4142 4193//4193
f 4192//4192 4108//4108 4191//4191
f 4108//4108 4189//4189 4190//4190
f 4108//4108 4190//4190 4191//4191
f 4296//4296 4290//4290 4289//4289
f 4103//4103 4187//4187 4185//4185
f 4103//4103 4185//4185 4101//4101
f 4187//4187 4111//4111 4183//4183
f 4187//4187 4183//4183 4185//4185
f 4111//4111 4188//4188 4181//4181
f 4111//4111 4181//4181 4183//4183
f 4188//4188 4148//4148 4179//4179
f 4188//4188 4179//4179 4181//4181
f 4148//4148 4073//4073 4074//4074
f 4148//4148 4074//4074 4179//4179
f 4148//4148 4188//4188 4186//4186
f 4148//4148 4186//4186 4147//4147
f 4188//4188 4111//4111 4110//4110
f 4188//4188 4110//4110 4186//4186
f 4123//4123 4125//4125 4186//4186
f 4123//4123 4186//4186 4110//4110
f 4125//4125 4147//4147 4186//4186
f 4102//4102 4184//4184 4134//4134
f 4102//4102 4134//4134 4099//4099
f 4184//4184 4182//4182 4133//4133
f 4184//4184 4133//4133 4134//4134
f 4182//4182 4180//4180 4136//4136
f 4182//4182 4136//4136 4133//4133
f 4101//4101 4185//4185 4184//4184
f 4101//4101 4184//4184 4102//4102
f 4185//4185 4183//4183 4182//4182
f 4185//4185 4182//4182 4184//4184
f 4183//4183 4181//4181 4180//4180
f 4183//4183 4180//4180 4182//4182
f 4181//4181 4179//4179 4263//4263
f 4181//4181 4263//4263 4180//4180
f 4173//4173 4171//4171 4177//4177
f 4173//4173 4177//4177 4178//4178
f 4171//4171 4170//4170 4176//4176
f 4171//4171 4176//4176 4177//4177
f 4165//4165 4174//4174 4325//4325
f 4165//4165 4325//4325 4326//4326
f 4165//4165 4164//4164 4173//4173
f 4165//4165 4173//4173 4174//4174
f 4164//4164 4172//4172 4171//4171
f 4164//4164 4171//4171 4173//4173
f 4172//4172 4397//4397 4170//4170
f 4172//4172 4170//4170 4171//4171
f 4161//4161 4167//4167 4308//4308
f 4161//4161 4308//4308 4309//4309
f 4160//4160 4166//4166 4316//4316
f 4160//4160 4316//4316 4317//4317
f 4159//4159 4165//4165 4326//4326
f 4159//4159 4326//4326 4327//4327
f 4157//4157 4158//4158 4396//4396
f 4157//4157 4396//4396 4159//4159
f 4156//4156 4162//4162 4300//4300
f 4156//4156 4300//4300 4301//4301
f 4155//4155 4161//4161 4309//4309
f 4155//4155 4309//4309 4310//4310
f 4154//4154 4160//4160 4317//4317
f 4154//4154 4317//4317 4318//4318
f 4157//4157 4159//4159 4327//4327
f 4157//4157 4327//4327 4328//4328
f 4150//4150 4394//4394 4154//4154
f 4150//4150 4154//4154 4319//4319
f 4394//4394 4234//4234 4157//4157
f 4394//4394 4157//4157 4328//4328
f 4152//4152 4156//4156 4301//4301
f 4152//4152 4301//4301 4302//4302
f 4319//4319 4155//4155 4310//4310
f 4319//4319 4310//4310 4311//4311
f 4151//4151 4152//4152 4302//4302
f 4151//4151 4302//4302 4297//4297
f 4311//4311 4150//4150 4319//4319
f 4121//4121 4120//4120 4124//4124
f 4121//4121 4124//4124 4149//4149
f 4122//4122 4093//4093 4036//4036
f 4122//4122 4036//4036 4120//4120
f 4093//4093 4122//4122 4118//4118
f 4093//4093 4118//4118 4071//4071
f 4149//4149 4119//4119 4275//4275
f 4149//4149 4275//4275 4121//4121
f 4073//4073 4148//4148 4147//4147
f 4073//4073 4147//4147 4035//4035
f 4125//4125 4036//4036 4035//4035
f 4125//4125 4035//4035 4147//4147
f 4071//4071 4118//4118 4116//4116
f 4071//4071 4116//4116 4072//4072
f 4206//4206 4389//4389 4382//4382
f 4260//4260 4392//4392 4391//4391
f 4337//4337 4359//4359 4361//4361
f 4361//4361 4333//4333 4348//4348
f 4128//4128 4334//4334 4337//4337
f 4143//4143 4142//4142 4090//4090
f 4143//4143 4090//4090 4029//4029
f 4142//4142 4141//4141 4270//4270
f 4142//4142 4270//4270 4090//4090
f 4141//4141 4140//4140 4271//4271
f 4141//4141 4271//4271 4270//4270
f 4334//4334 4128//4128 4137//4137
f 4334//4334 4137//4137 4335//4335
f 4131//4131 4133//4133 4136//4136
f 4131//4131 4136//4136 4219//4219
f 4269//4269 4267//4267 4219//4219
f 4269//4269 4219//4219 4136//4136
f 4135//4135 4134//4134 4133//4133
f 4135//4135 4133//4133 4132//4132
f 4355//4355 4130//4130 4211//4211
f 4130//4130 4129//4129 4211//4211
f 4129//4129 4209//4209 4208//4208
f 4209//4209 4144//4144 4195//4195
f 4209//4209 4195//4195 4208//4208
f 4126//4126 4127//4127 4360//4360
f 4125//4125 4123//4123 4124//4124
f 4125//4125 4124//4124 4120//4120
f 4122//4122 4120//4120 4121//4121
f 4119//4119 4117//4117 4276//4276
f 4119//4119 4276//4276 4275//4275
f 4117//4117 4287//4287 4115//4115
f 4117//4117 4115//4115 4276//4276
f 4286//4286 4115//4115 4287//4287
f 4277//4277 4114//4114 4283//4283
f 4095//4095 4289//4289 4112//4112
f 125//125 4112//4112 4187//4187
f 125//125 4187//4187 4103//4103
f 4112//4112 4110//4110 4111//4111
f 4112//4112 4111//4111 4187//4187
f 4192//4192 4109//4109 4107//4107
f 4427//4427 4043//4043 4080//4080
f 4427//4427 4080//4080 4426//4426
f 4427//4427 4431//4431 4081//4081
f 4427//4427 4081//4081 4043//4043
f 4431//4431 4430//4430 4082//4082
f 4431//4431 4082//4082 4081//4081
f 4430//4430 4414//4414 4039//4039
f 4430//4430 4039//4039 4082//4082
f 4086//4086 4047//4047 4418//4418
f 4086//4086 4418//4418 4419//4419
f 4060//4060 4416//4416 4415//4415
f 4060//4060 4415//4415 4087//4087
f 4060//4060 4086//4086 4419//4419
f 4060//4060 4419//4419 4416//4416
f 4420//4420 4364//4364 4079//4079
f 4420//4420 4079//4079 4422//4422
f 4425//4425 4256//4256 4257//4257
f 4425//4425 4257//4257 4428//4428
f 4423//4423 4243//4243 4076//4076
f 4423//4423 4076//4076 4424//4424
f 4421//4421 4424//4424 4076//4076
f 4421//4421 4076//4076 4242//4242
f 4244//4244 4039//4039 4414//4414
f 4244//4244 4414//4414 4412//4412
f 4245//4245 4413//4413 4405//4405
f 4245//4245 4405//4405 4053//4053
f 4413//4413 4245//4245 4077//4077
f 4413//4413 4077//4077 4410//4410
f 4056//4056 4411//4411 4410//4410
f 4056//4056 4410//4410 4077//4077
f 4056//4056 4244//4244 4412//4412
f 4056//4056 4412//4412 4411//4411
f 4246//4246 4406//4406 4404//4404
f 4246//4246 4404//4404 4083//4083
f 4250//4250 4404//4404 4402//4402
f 4250//4250 4402//4402 4050//4050
f 4247//4247 4403//4403 4401//4401
f 4247//4247 4401//4401 4084//4084
f 4050//4050 4402//4402 4403//4403
f 4050//4050 4403//4403 4247//4247
f 4085//4085 4400//4400 4253//4253
f 4084//4084 4401//4401 4400//4400
f 4084//4084 4400//4400 4085//4085
f 4078//4078 4409//4409 4418//4418
f 4078//4078 4418//4418 4047//4047
f 4249//4249 4408//4408 4409//4409
f 4249//4249 4409//4409 4078//4078
f 4248//4248 4399//4399 4408//4408
f 4248//4248 4408//4408 4249//4249
f 4018//4018 4417//4417 4422//4422
f 4018//4018 4422//4422 4079//4079
f 4087//4087 4415//4415 4417//4417
f 4087//4087 4417//4417 4018//4018
f 4421//4421 4242//4242 4364//4364
f 4421//4421 4364//4364 4420//4420
f 4083//4083 4404//4404 4250//4250
f 4052//4052 4083//4083 4250//4250
f 4052//4052 4250//4250 4251//4251
f 4025//4025 4052//4052 4251//4251
f 4025//4025 4251//4251 4024//4024
f 4025//4025 4024//4024 4252//4252
f 4253//4253 4400//4400 4399//4399
f 4253//4253 4399//4399 4248//4248
f 4254//4254 4253//4253 4248//4248
f 4254//4254 4248//4248 4045//4045
f 4255//4255 4254//4254 4045//4045
f 4255//4255 4045//4045 4062//4062
f 4255//4255 4062//4062 4265//4265
f 4426//4426 4080//4080 4258//4258
f 4426//4426 4258//4258 4429//4429
f 4257//4257 4057//4057 4020//4020
f 4257//4257 4020//4020 4243//4243
f 4428//4428 4257//4257 4243//4243
f 4428//4428 4243//4243 4423//4423
f 4429//4429 4258//4258 4256//4256
f 4429//4429 4256//4256 4425//4425
f 4053//4053 4405//4405 4407//4407
f 4053//4053 4407//4407 4246//4246
f 4262//4262 4263//4263 4264//4264
f 4262//4262 4264//4264 4252//4252
f 4262//4262 4252//4252 4092//4092
f 4074//4074 4264//4264 4263//4263
f 4074//4074 4263//4263 4179//4179
f 4054//4054 4052//4052 4025//4025
f 4054//4054 4025//4025 4264//4264
f 4265//4265 4063//4063 4270//4270
f 4265//4265 4266//4266 4255//4255
f 4026//4026 4027//4027 4255//4255
f 4026//4026 4255//4255 4266//4266
f 4267//4267 4092//4092 4075//4075
f 4026//4026 4266//4266 4271//4271
f 4026//4026 4271//4271 4268//4268
f 4217//4217 4091//4091 4026//4026
f 4217//4217 4026//4026 4268//4268
f 4263//4263 4262//4262 4269//4269
f 4263//4263 4269//4269 4180//4180
f 4267//4267 4269//4269 4262//4262
f 4267//4267 4262//4262 4092//4092
f 4271//4271 4266//4266 4265//4265
f 4268//4268 4271//4271 4140//4140
f 4268//4268 4140//4140 4272//4272
f 4217//4217 4268//4268 4272//4272
f 4217//4217 4272//4272 4274//4274
f 4274//4274 4219//4219 4267//4267
f 4274//4274 4267//4267 4217//4217
f 4220//4220 4219//4219 4274//4274
f 4220//4220 4274//4274 4273//4273
f 4218//4218 4274//4274 4272//4272
f 4218//4218 4272//4272 4198//4198
f 4057//4057 4285//4285 4020//4020
f 4286//4286 4284//4284 4295//4295
f 4118//4118 4122//4122 4121//4121
f 4118//4118 4121//4121 4275//4275
f 4275//4275 4276//4276 4116//4116
f 4275//4275 4116//4116 4118//4118
f 4076//4076 4243//4243 4020//4020
f 4076//4076 4020//4020 4277//4277
f 4363//4363 4079//4079 4364//4364
f 4277//4277 4278//4278 4242//4242
f 4277//4277 4242//4242 4076//4076
f 4280//4280 4058//4058 4059//4059
f 4278//4278 4277//4277 4283//4283
f 4278//4278 4019//4019 4364//4364
f 4363//4363 4281//4281 4017//4017
f 4279//4279 4017//4017 4281//4281
f 4278//4278 4282//4282 4019//4019
f 4283//4283 4282//4282 4278//4278
f 4114//4114 4374//4374 4283//4283
f 4374//4374 4282//4282 4283//4283
f 4117//4117 4163//4163 4287//4287
f 4124//4124 4123//4123 4289//4289
f 4124//4124 4289//4289 4290//4290
f 4149//4149 4124//4124 4290//4290
f 4149//4149 4290//4290 4153//4153
f 4149//4149 4153//4153 4119//4119
f 4123//4123 4110//4110 4112//4112
f 4123//4123 4112//4112 4289//4289
f 4119//4119 4291//4291 4288//4288
f 4119//4119 4288//4288 4117//4117
f 4292//4292 4293//4293 4070//4070
f 4292//4292 4070//4070 4058//4058
f 4282//4282 4367//4367 4019//4019
f 4040//4040 4294//4294 4295//4295
f 4040//4040 4295//4295 4042//4042
f 4116//4116 4294//4294 4040//4040
f 4116//4116 4040//4040 4072//4072
f 4080//4080 4284//4284 4094//4094
f 4057//4057 4094//4094 4285//4285
f 4042//4042 4295//4295 4284//4284
f 4042//4042 4284//4284 4080//4080
f 4296//4296 4289//4289 4095//4095
f 4290//4290 4296//4296 4297//4297
f 4290//4290 4297//4297 4153//4153
f 4284//4284 4306//4306 4233//4233
f 4298//4298 4306//4306 4284//4284
f 4287//4287 4299//4299 4298//4298
f 4163//4163 4300//4300 4299//4299
f 4163//4163 4299//4299 4287//4287
f 4288//4288 4301//4301 4300//4300
f 4288//4288 4300//4300 4163//4163
f 4291//4291 4302//4302 4301//4301
f 4291//4291 4301//4301 4288//4288
f 4153//4153 4297//4297 4302//4302
f 4153//4153 4302//4302 4291//4291
f 4305//4305 4281//4281 4113//4113
f 4070//4070 4304//4304 4067//4067
f 4070//4070 4067//4067 4066//4066
f 4293//4293 4304//4304 4070//4070
f 4113//4113 4362//4362 4088//4088
f 4306//4306 4307//4307 4233//4233
f 4233//4233 4307//4307 4228//4228
f 4372//4372 4368//4368 4303//4303
f 4214//4214 4213//4213 4306//4306
f 4168//4168 4308//4308 4213//4213
f 4168//4168 4213//4213 4214//4214
f 4162//4162 4309//4309 4308//4308
f 4162//4162 4308//4308 4168//4168
f 4156//4156 4310//4310 4309//4309
f 4156//4156 4309//4309 4162//4162
f 4152//4152 4311//4311 4310//4310
f 4152//4152 4310//4310 4156//4156
f 4152//4152 4151//4151 4311//4311
f 4372//4372 4374//4374 4375//4375
f 4356//4356 4312//4312 4357//4357
f 4028//4028 4357//4357 4312//4312
f 4028//4028 4312//4312 4089//4089
f 4375//4375 4320//4320 4372//4372
f 4213//4213 4315//4315 4313//4313
f 4167//4167 4316//4316 4315//4315
f 4167//4167 4315//4315 4213//4213
f 4161//4161 4317//4317 4316//4316
f 4161//4161 4316//4316 4167//4167
f 4155//4155 4318//4318 4317//4317
f 4155//4155 4317//4317 4161//4161
f 4155//4155 4319//4319 4318//4318
f 4362//4362 4321//4321 4088//4088
f 4362//4362 4320//4320 4365//4365
f 4356//4356 4321//4321 4329//4329
f 4216//4216 4322//4322 4323//4323
f 4216//4216 4323//4323 4232//4232
f 4232//4232 4323//4323 4324//4324
f 4384//4384 4223//4223 4224//4224
f 4320//4320 4375//4375 4376//4376
f 4320//4320 4376//4376 4373//4373
f 4175//4175 4325//4325 4322//4322
f 4175//4175 4322//4322 4216//4216
f 4138//4138 4330//4330 4089//4089
f 4138//4138 4089//4089 4312//4312
f 4166//4166 4326//4326 4325//4325
f 4166//4166 4325//4325 4175//4175
f 4160//4160 4327//4327 4326//4326
f 4160//4160 4326//4326 4166//4166
f 4154//4154 4328//4328 4327//4327
f 4154//4154 4327//4327 4160//4160
f 4358//4358 4356//4356 4329//4329
f 4312//4312 4358//4358 4138//4138
f 4330//4330 4143//4143 4029//4029
f 4330//4330 4029//4029 4089//4089
f 4365//4365 4373//4373 4369//4369
f 4331//4331 4321//4321 4365//4365
f 4329//4329 4321//4321 4331//4331
f 4380//4380 4223//4223 4383//4383
f 4380//4380 4383//4383 4385//4385
f 4359//4359 4331//4331 4366//4366
f 4386//4386 4385//4385 4226//4226
f 4386//4386 4226//4226 4387//4387
f 4378//4378 4379//4379 4381//4381
f 4177//4177 4176//4176 4338//4338
f 4177//4177 4338//4338 4229//4229
f 4387//4387 4388//4388 4386//4386
f 4330//4330 4207//4207 4332//4332
f 4330//4330 4332//4332 4143//4143
f 4138//4138 4335//4335 4336//4336
f 4138//4138 4336//4336 4330//4330
f 4330//4330 4336//4336 4207//4207
f 4193//4193 4142//4142 4143//4143
f 4193//4193 4143//4143 4332//4332
f 4333//4333 4359//4359 4366//4366
f 4329//4329 4337//4337 4334//4334
f 4329//4329 4334//4334 4358//4358
f 4335//4335 4138//4138 4358//4358
f 4381//4381 4386//4386 4339//4339
f 4381//4381 4339//4339 4205//4205
f 4340//4340 4338//4338 4176//4176
f 4170//4170 4341//4341 4340//4340
f 4170//4170 4340//4340 4176//4176
f 4397//4397 4169//4169 4341//4341
f 4397//4397 4341//4341 4170//4170
f 4370//4370 4371//4371 4342//4342
f 4370//4370 4342//4342 4333//4333
f 4341//4341 4343//4343 4344//4344
f 4341//4341 4344//4344 4340//4340
f 4169//4169 4343//4343 4341//4341
f 4340//4340 4344//4344 4345//4345
f 4340//4340 4345//4345 4338//4338
f 4128//4128 4337//4337 4360//4360
f 4145//4145 4389//4389 4206//4206
f 4145//4145 4206//4206 4339//4339
f 4205//4205 4339//4339 4206//4206
f 4345//4345 4389//4389 4145//4145
f 4169//4169 4391//4391 4343//4343
f 4205//4205 4346//4346 4349//4349
f 4205//4205 4349//4349 4204//4204
f 4349//4349 4203//4203 4204//4204
f 4206//4206 4346//4346 4205//4205
f 4389//4389 4345//4345 4392//4392
f 4391//4391 4392//4392 4344//4344
f 4391//4391 4344//4344 4343//4343
f 4169//4169 4398//4398 29//29
f 4169//4169 29//29 4391//4391
f 4371//4371 4347//4347 4342//4342
f 4342//4342 4347//4347 4348//4348
f 4348//4348 4139//4139 4361//4361
f 4349//4349 4347//4347 4371//4371
f 4346//4346 4350//4350 4351//4351
f 4346//4346 4351//4351 4349//4349
f 4351//4351 4354//4354 4349//4349
f 4392//4392 4260//4260 4393//4393
f 4146//4146 4351//4351 4350//4350
f 4137//4137 4128//4128 4127//4127
f 4137//4137 4127//4127 4355//4355
f 4128//4128 4360//4360 4127//4127
f 4305//4305 4088//4088 4357//4357
f 4088//4088 4356//4356 4357//4357
f 4334//4334 4335//4335 4358//4358
f 4305//4305 4292//4292 4281//4281
f 4329//4329 4331//4331 4359//4359
f 4126//4126 4360//4360 4139//4139
f 4361//4361 4139//4139 4360//4360
f 4338//4338 4345//4345 4145//4145
f 4338//4338 4145//4145 4390//4390
f 4360//4360 4337//4337 4361//4361
f 4113//4113 4367//4367 4368//4368
f 4113//4113 4368//4368 4362//4362
f 4113//4113 4363//4363 4019//4019
f 4113//4113 4019//4019 4367//4367
f 4364//4364 4242//4242 4278//4278
f 4364//4364 4019//4019 4363//4363
f 4365//4365 4321//4321 4362//4362
f 4365//4365 4369//4369 4331//4331
f 4331//4331 4369//4369 4366//4366
f 4333//4333 4361//4361 4359//4359
f 4303//4303 4368//4368 4367//4367
f 4367//4367 4282//4282 4303//4303
f 4366//4366 4369//4369 4370//4370
f 4368//4368 4320//4320 4362//4362
f 4378//4378 4370//4370 4373//4373
f 4203//4203 4371//4371 4378//4378
f 4372//4372 4320//4320 4368//4368
f 4303//4303 4374//4374 4372//4372
f 4320//4320 4373//4373 4365//4365
f 4373//4373 4376//4376 4377//4377
f 4285//4285 4114//4114 4277//4277
f 4285//4285 4277//4277 4020//4020
f 4225//4225 4374//4374 4114//4114
f 4378//4378 4373//4373 4377//4377
f 4378//4378 4381//4381 4203//4203
f 4204//4204 4203//4203 4381//4381
f 4225//4225 4224//4224 4375//4375
f 4225//4225 4375//4375 4374//4374
f 4223//4223 4376//4376 4375//4375
f 4223//4223 4375//4375 4224//4224
f 4377//4377 4376//4376 4223//4223
f 4377//4377 4223//4223 4380//4380
f 4386//4386 4381//4381 4379//4379
f 4393//4393 4395//4395 4382//4382
f 4227//4227 4383//4383 4384//4384
f 4227//4227 4384//4384 4324//4324
f 4226//4226 4385//4385 4383//4383
f 4226//4226 4383//4383 4227//4227
f 4379//4379 4380//4380 4385//4385
f 4379//4379 4385//4385 4386//4386
f 4386//4386 4388//4388 4339//4339
f 4389//4389 4393//4393 4382//4382
f 4229//4229 4390//4390 4388//4388
f 4229//4229 4388//4388 4387//4387
f 4390//4390 4339//4339 4388//4388
f 4390//4390 4145//4145 4339//4339
f 4344//4344 4392//4392 4345//4345
f 4389//4389 4392//4392 4393//4393
f 4350//4350 4382//4382 4395//4395
f 4146//4146 4395//4395 4259//4259
f 4395//4395 4146//4146 4350//4350
f 4234//4234 4394//4394 128//128
f 4394//4394 4328//4328 4154//4154
f 4261//4261 4259//4259 4395//4395
f 4261//4261 4395//4395 4393//4393
f 4393//4393 4260//4260 4261//4261
f 4396//4396 4236//4236 4172//4172
f 4396//4396 4172//4172 4164//4164
f 4236//4236 4397//4397 4172//4172
f 4397//4397 4398//4398 4169//4169
f 4165//4165 4159//4159 4396//4396
f 4165//4165 4396//4396 4164//4164
f 4450//4450 4597//4597 4451//4451
f 4573//4573 4448//4448 4596//4596
f 4444//4444 4440//4440 4442//4442
f 4443//4443 4603//4603 4601//4601
f 4503//4503 4702//4702 4611//4611
f 4506//4506 4609//4609 4643//4643
f 4490//4490 4606//4606 4491//4491
f 4603//4603 4589//4589 4601//4601
f 4589//4589 4602//4602 4601//4601
f 4578//4578 4574//4574 4465//4465
f 4528//4528 4631//4631 4630//4630
f 4621//4621 4521//4521 4531//4531
f 4535//4535 4541//4541 4540//4540
f 4534//4534 4533//4533 4525//4525
f 4520//4520 4517//4517 4518//4518
f 4522//4522 4621//4621 4524//4524
f 4558//4558 4622//4622 4619//4619
f 4538//4538 4656//4656 4655//4655
f 4553//4553 4669//4669 4468//4468
f 4535//4535 4593//4593 4536//4536
f 4688//4688 4689//4689 4691//4691
f 4542//4542 4690//4690 4691//4691
f 4695//4695 4658//4658 4697//4697
f 4650//4650 4611//4611 4649//4649
f 4445//4445 4457//4457 4458//4458
f 4596//4596 4448//4448 4458//4458
f 4448//4448 4456//4456 4458//4458
f 4459//4459 4443//4443 4601//4601
f 4457//4457 4445//4445 4459//4459
f 4457//4457 4459//4459 4601//4601
f 4894//4894 4453//4453 4452//4452
f 4904//4904 4448//4448 4449//4449
f 4456//4456 4448//4448 4904//4904
f 4456//4456 4904//4904 4905//4905
f 4445//4445 4456//4456 4905//4905
f 4623//4623 4451//4451 4454//4454
f 4623//4623 4454//4454 4453//4453
f 4451//4451 4597//4597 4454//4454
f 4452//4452 4453//4453 4454//4454
f 4454//4454 4599//4599 4452//4452
f 4452//4452 4599//4599 4934//4934
f 4452//4452 4892//4892 4893//4893
f 4452//4452 4893//4893 4992//4992
f 4934//4934 4892//4892 4452//4452
f 4451//4451 4623//4623 4455//4455
f 4450//4450 4451//4451 4449//4449
f 4449//4449 4451//4451 4455//4455
f 4448//4448 4573//4573 4449//4449
f 4573//4573 4450//4450 4449//4449
f 5026//5026 4446//4446 4872//4872
f 4446//4446 4447//4447 5023//5023
f 4446//4446 5023//5023 4872//4872
f 4447//4447 4444//4444 4437//4437
f 4447//4447 4437//4437 4461//4461
f 4447//4447 4446//4446 4440//4440
f 4447//4447 4440//4440 4444//4444
f 4445//4445 4905//4905 4439//4439
f 4440//4440 4446//4446 5026//5026
f 4440//4440 5026//5026 4441//4441
f 4436//4436 4437//4437 4435//4435
f 4436//4436 4443//4443 4460//4460
f 4436//4436 4460//4460 4461//4461
f 4436//4436 4603//4603 4443//4443
f 4444//4444 4434//4434 4435//4435
f 4444//4444 4435//4435 4437//4437
f 4434//4434 4444//4444 4591//4591
f 4442//4442 4591//4591 4444//4444
f 4442//4442 4433//4433 4591//4591
f 4442//4442 4462//4462 4592//4592
f 4442//4442 4592//4592 4433//4433
f 4441//4441 4590//4590 4462//4462
f 4441//4441 4862//4862 4432//4432
f 4441//4441 4432//4432 4590//4590
f 4441//4441 4462//4462 4440//4440
f 4462//4462 4442//4442 4440//4440
f 4443//4443 4459//4459 4460//4460
f 4437//4437 4436//4436 4461//4461
f 4432//4432 4862//4862 4861//4861
f 4894//4894 4623//4623 4453//4453
f 4455//4455 4901//4901 4449//4449
f 4901//4901 4904//4904 4449//4449
f 5007//5007 4439//4439 4905//4905
f 4439//4439 4438//4438 4460//4460
f 4439//4439 4460//4460 4459//4459
f 4438//4438 4911//4911 4461//4461
f 4438//4438 4461//4461 4460//4460
f 4911//4911 4917//4917 4461//4461
f 4447//4447 4461//4461 4917//4917
f 4447//4447 4917//4917 5023//5023
f 4438//4438 4439//4439 5022//5022
f 4901//4901 4455//4455 4900//4900
f 4894//4894 4991//4991 4997//4997
f 4894//4894 4997//4997 4623//4623
f 4616//4616 4618//4618 4516//4516
f 4616//4616 4516//4516 4508//4508
f 4618//4618 4617//4617 4515//4515
f 4618//4618 4515//4515 4516//4516
f 4617//4617 4605//4605 4489//4489
f 4617//4617 4489//4489 4515//4515
f 4476//4476 4478//4478 4514//4514
f 4476//4476 4514//4514 4493//4493
f 4478//4478 4671//4671 4670//4670
f 4478//4478 4670//4670 4514//4514
f 4482//4482 4500//4500 4662//4662
f 4482//4482 4662//4662 4663//4663
f 4484//4484 4512//4512 4665//4665
f 4484//4484 4665//4665 4666//4666
f 4484//4484 4675//4675 4513//4513
f 4484//4484 4513//4513 4512//4512
f 4487//4487 4501//4501 4502//4502
f 4487//4487 4502//4502 4486//4486
f 4488//4488 4511//4511 4501//4501
f 4488//4488 4501//4501 4487//4487
f 4679//4679 4510//4510 4511//4511
f 4679//4679 4511//4511 4488//4488
f 4679//4679 4612//4612 4497//4497
f 4679//4679 4497//4497 4510//4510
f 4698//4698 4498//4498 4497//4497
f 4698//4698 4497//4497 4612//4612
f 4507//4507 4613//4613 4616//4616
f 4507//4507 4616//4616 4508//4508
f 4613//4613 4507//4507 4496//4496
f 4613//4613 4496//4496 4607//4607
f 4614//4614 4504//4504 4503//4503
f 4614//4614 4503//4503 4611//4611
f 4474//4474 4494//4494 4492//4492
f 4474//4474 4492//4492 4604//4604
f 4610//4610 4642//4642 4505//4505
f 4610//4610 4505//4505 4615//4615
f 4495//4495 4608//4608 4607//4607
f 4495//4495 4607//4607 4496//4496
f 4493//4493 4494//4494 4474//4474
f 4604//4604 4492//4492 4491//4491
f 4604//4604 4491//4491 4606//4606
f 4606//4606 4490//4490 4489//4489
f 4606//4606 4489//4489 4605//4605
f 4618//4618 4616//4616 4639//4639
f 4618//4618 4639//4639 4638//4638
f 4638//4638 4637//4637 4617//4617
f 4638//4638 4617//4617 4618//4618
f 4605//4605 4617//4617 4637//4637
f 4605//4605 4637//4637 4636//4636
f 4606//4606 4635//4635 4604//4604
f 4634//4634 4493//4493 4474//4474
f 4634//4634 4474//4474 4635//4635
f 4555//4555 4554//4554 4477//4477
f 4555//4555 4477//4477 4475//4475
f 4673//4673 4672//4672 4477//4477
f 4673//4673 4477//4477 4554//4554
f 4613//4613 4640//4640 4639//4639
f 4613//4613 4639//4639 4616//4616
f 4543//4543 4654//4654 4653//4653
f 4543//4543 4653//4653 4644//4644
f 4543//4543 4644//4644 4652//4652
f 4543//4543 4652//4652 4548//4548
f 4651//4651 4548//4548 4652//4652
f 4651//4651 4650//4650 4538//4538
f 4607//4607 4641//4641 4640//4640
f 4607//4607 4640//4640 4613//4613
f 4553//4553 4481//4481 4664//4664
f 4553//4553 4664//4664 4669//4669
f 4483//4483 4667//4667 4677//4677
f 4483//4483 4677//4677 4676//4676
f 4483//4483 4481//4481 4667//4667
f 4551//4551 4645//4645 4485//4485
f 4551//4551 4485//4485 4552//4552
f 4471//4471 4646//4646 4645//4645
f 4471//4471 4645//4645 4551//4551
f 4681//4681 4680//4680 4646//4646
f 4681//4681 4646//4646 4471//4471
f 4546//4546 4649//4649 4704//4704
f 4546//4546 4704//4704 4703//4703
f 4538//4538 4650//4650 4649//4649
f 4538//4538 4649//4649 4546//4546
f 4607//4607 4608//4608 4653//4653
f 4607//4607 4653//4653 4641//4641
f 4606//4606 4605//4605 4636//4636
f 4606//4606 4636//4636 4635//4635
f 4476//4476 4493//4493 4634//4634
f 4476//4476 4634//4634 4475//4475
f 4474//4474 4604//4604 4635//4635
f 4589//4589 4603//4603 4682//4682
f 4602//4602 4457//4457 4601//4601
f 4457//4457 4602//4602 4583//4583
f 4457//4457 4583//4583 4458//4458
f 4596//4596 4458//4458 4583//4583
f 4600//4600 4454//4454 4597//4597
f 4581//4581 4599//4599 4600//4600
f 4599//4599 4454//4454 4600//4600
f 4599//4599 4581//4581 4598//4598
f 4598//4598 4934//4934 4599//4599
f 4933//4933 4598//4598 4556//4556
f 4933//4933 4934//4934 4598//4598
f 4595//4595 4436//4436 4435//4435
f 4436//4436 4595//4595 4603//4603
f 4595//4595 4682//4682 4603//4603
f 4434//4434 4591//4591 4594//4594
f 4434//4434 4594//4594 4683//4683
f 4433//4433 4594//4594 4591//4591
f 4683//4683 4435//4435 4434//4434
f 4594//4594 4433//4433 4561//4561
f 4560//4560 4561//4561 4433//4433
f 4560//4560 4433//4433 4593//4593
f 4593//4593 4592//4592 4590//4590
f 4592//4592 4462//4462 4590//4590
f 4593//4593 4433//4433 4592//4592
f 4590//4590 4929//4929 4536//4536
f 4590//4590 4536//4536 4593//4593
f 4685//4685 4684//4684 4541//4541
f 4685//4685 4541//4541 4566//4566
f 4619//4619 4622//4622 4625//4625
f 4626//4626 4627//4627 4633//4633
f 4587//4587 4469//4469 4463//4463
f 4588//4588 4682//4682 4567//4567
f 4589//4589 4682//4682 4588//4588
f 4586//4586 4602//4602 4589//4589
f 4586//4586 4589//4589 4588//4588
f 4588//4588 4582//4582 4587//4587
f 4588//4588 4587//4587 4586//4586
f 4585//4585 4586//4586 4587//4587
f 4585//4585 4602//4602 4586//4586
f 4602//4602 4585//4585 4583//4583
f 4585//4585 4584//4584 4583//4583
f 4585//4585 4587//4587 4584//4584
f 4587//4587 4463//4463 4584//4584
f 4467//4467 4464//4464 4463//4463
f 4464//4464 4571//4571 4584//4584
f 4464//4464 4584//4584 4463//4463
f 4571//4571 4572//4572 4583//4583
f 4571//4571 4583//4583 4584//4584
f 4572//4572 4596//4596 4583//4583
f 4578//4578 4581//4581 4600//4600
f 4578//4578 4600//4600 4597//4597
f 4581//4581 4578//4578 4564//4564
f 4581//4581 4564//4564 4526//4526
f 4526//4526 4564//4564 4466//4466
f 4526//4526 4466//4466 4626//4626
f 4633//4633 4529//4529 4526//4526
f 4633//4633 4526//4526 4626//4626
f 4581//4581 4556//4556 4598//4598
f 4581//4581 4526//4526 4556//4556
f 4633//4633 4629//4629 4529//4529
f 4620//4620 4556//4556 4529//4529
f 4933//4933 4556//4556 4624//4624
f 4932//4932 4579//4579 4922//4922
f 4559//4559 4619//4619 4620//4620
f 4559//4559 4620//4620 4580//4580
f 4466//4466 4564//4564 4565//4565
f 4466//4466 4565//4565 4577//4577
f 4564//4564 4578//4578 4565//4565
f 4578//4578 4597//4597 4450//4450
f 4450//4450 4573//4573 4574//4574
f 4578//4578 4450//4450 4574//4574
f 4465//4465 4565//4565 4578//4578
f 4576//4576 4577//4577 4565//4565
f 4576//4576 4565//4565 4465//4465
f 4576//4576 4465//4465 4575//4575
f 4576//4576 4575//4575 4674//4674
f 4575//4575 4574//4574 4571//4571
f 4574//4574 4572//4572 4571//4571
f 4574//4574 4573//4573 4572//4572
f 4465//4465 4574//4574 4575//4575
f 4572//4572 4573//4573 4596//4596
f 4569//4569 4470//4470 4570//4570
f 4686//4686 4470//4470 4569//4569
f 4524//4524 4520//4520 4519//4519
f 4534//4534 4566//4566 4533//4533
f 4534//4534 4518//4518 4685//4685
f 4534//4534 4685//4685 4566//4566
f 4540//4540 4541//4541 4688//4688
f 4541//4541 4684//4684 4688//4688
f 4569//4569 4678//4678 4563//4563
f 4563//4563 4567//4567 4683//4683
f 4563//4563 4683//4683 4562//4562
f 4562//4562 4569//4569 4563//4563
f 4690//4690 4568//4568 4561//4561
f 4567//4567 4682//4682 4435//4435
f 4561//4561 4560//4560 4690//4690
f 4566//4566 4541//4541 4535//4535
f 4566//4566 4535//4535 4533//4533
f 4690//4690 4560//4560 4540//4540
f 4690//4690 4540//4540 4691//4691
f 4519//4519 4525//4525 4523//4523
f 4525//4525 4536//4536 4523//4523
f 4523//4523 4522//4522 4519//4519
f 4588//4588 4567//4567 4678//4678
f 4588//4588 4678//4678 4582//4582
f 4567//4567 4563//4563 4678//4678
f 4535//4535 4536//4536 4533//4533
f 4559//4559 4557//4557 4558//4558
f 4559//4559 4558//4558 4619//4619
f 4558//4558 4557//4557 4531//4531
f 4558//4558 4531//4531 4521//4521
f 4528//4528 4550//4550 4632//4632
f 4528//4528 4632//4632 4631//4631
f 4527//4527 4629//4629 4628//4628
f 4527//4527 4628//4628 4530//4530
f 4627//4627 4626//4626 4473//4473
f 4553//4553 4668//4668 4667//4667
f 4667//4667 4668//4668 4677//4677
f 4660//4660 4551//4551 4552//4552
f 4551//4551 4660//4660 4659//4659
f 4551//4551 4659//4659 4471//4471
f 4547//4547 4659//4659 4686//4686
f 4550//4550 4549//4549 4661//4661
f 4550//4550 4661//4661 4632//4632
f 4661//4661 4532//4532 4531//4531
f 4661//4661 4531//4531 4557//4557
f 4517//4517 4655//4655 4537//4537
f 4547//4547 4542//4542 4658//4658
f 4656//4656 4657//4657 4545//4545
f 4656//4656 4545//4545 4539//4539
f 4657//4657 4703//4703 4544//4544
f 4657//4657 4544//4544 4545//4545
f 4524//4524 4621//4621 4654//4654
f 4524//4524 4654//4654 4520//4520
f 4542//4542 4691//4691 4689//4689
f 4560//4560 4535//4535 4540//4540
f 4540//4540 4688//4688 4691//4691
f 4539//4539 4537//4537 4655//4655
f 4539//4539 4655//4655 4656//4656
f 4518//4518 4534//4534 4519//4519
f 4519//4519 4534//4534 4525//4525
f 4531//4531 4532//4532 4654//4654
f 4531//4531 4654//4654 4621//4621
f 4530//4530 4628//4628 4627//4627
f 4628//4628 4629//4629 4633//4633
f 4628//4628 4633//4633 4627//4627
f 4528//4528 4630//4630 4629//4629
f 4528//4528 4629//4629 4527//4527
f 4519//4519 4522//4522 4524//4524
f 4536//4536 4525//4525 4533//4533
f 4520//4520 4518//4518 4519//4519
f 4487//4487 4645//4645 4646//4646
f 4487//4487 4646//4646 4488//4488
f 4485//4485 4645//4645 4487//4487
f 4485//4485 4487//4487 4486//4486
f 4484//4484 4483//4483 4676//4676
f 4484//4484 4676//4676 4675//4675
f 4484//4484 4666//4666 4481//4481
f 4484//4484 4481//4481 4483//4483
f 4482//4482 4663//4663 4664//4664
f 4482//4482 4664//4664 4481//4481
f 4478//4478 4477//4477 4672//4672
f 4478//4478 4672//4672 4671//4671
f 4478//4478 4476//4476 4475//4475
f 4478//4478 4475//4475 4477//4477
f 4466//4466 4473//4473 4626//4626
f 4555//4555 4473//4473 4466//4466
f 4555//4555 4576//4576 4554//4554
f 4576//4576 4674//4674 4673//4673
f 4576//4576 4673//4673 4554//4554
f 4467//4467 4468//4468 4669//4669
f 4467//4467 4669//4669 4472//4472
f 4668//4668 4553//4553 4468//4468
f 4668//4668 4468//4468 4469//4469
f 4469//4469 4677//4677 4668//4668
f 4570//4570 4470//4470 4660//4660
f 4570//4570 4660//4660 4552//4552
f 4470//4470 4686//4686 4659//4659
f 4470//4470 4659//4659 4660//4660
f 4469//4469 4582//4582 4677//4677
f 4469//4469 4468//4468 4463//4463
f 4468//4468 4467//4467 4463//4463
f 4576//4576 4555//4555 4577//4577
f 4555//4555 4466//4466 4577//4577
f 4582//4582 4469//4469 4587//4587
f 4678//4678 4569//4569 4570//4570
f 4522//4522 4521//4521 4621//4621
f 4619//4619 4625//4625 4620//4620
f 4625//4625 4624//4624 4620//4620
f 4624//4624 4556//4556 4620//4620
f 4521//4521 4622//4622 4558//4558
f 4894//4894 4452//4452 4992//4992
f 4455//4455 4623//4623 4997//4997
f 4455//4455 4997//4997 4900//4900
f 4579//4579 4933//4933 4624//4624
f 4579//4579 4624//4624 4625//4625
f 4922//4922 4579//4579 4625//4625
f 4556//4556 4526//4526 4529//4529
f 4632//4632 4661//4661 4557//4557
f 4529//4529 4629//4629 4630//4630
f 4630//4630 4631//4631 4580//4580
f 4630//4630 4580//4580 4529//4529
f 4559//4559 4580//4580 4631//4631
f 4559//4559 4631//4631 4632//4632
f 4557//4557 4559//4559 4632//4632
f 4555//4555 4475//4475 4634//4634
f 4555//4555 4634//4634 4473//4473
f 4473//4473 4634//4634 4635//4635
f 4473//4473 4635//4635 4627//4627
f 4635//4635 4636//4636 4530//4530
f 4635//4635 4530//4530 4627//4627
f 4530//4530 4636//4636 4637//4637
f 4530//4530 4637//4637 4527//4527
f 4528//4528 4527//4527 4637//4637
f 4528//4528 4637//4637 4638//4638
f 4638//4638 4639//4639 4550//4550
f 4638//4638 4550//4550 4528//4528
f 4549//4549 4550//4550 4639//4639
f 4549//4549 4639//4639 4640//4640
f 4532//4532 4549//4549 4640//4640
f 4532//4532 4640//4640 4641//4641
f 4532//4532 4641//4641 4653//4653
f 4532//4532 4653//4653 4654//4654
f 4504//4504 4614//4614 4615//4615
f 4504//4504 4615//4615 4505//4505
f 4609//4609 4506//4506 4642//4642
f 4609//4609 4642//4642 4610//4610
f 4643//4643 4609//4609 4608//4608
f 4643//4643 4608//4608 4495//4495
f 4644//4644 4653//4653 4608//4608
f 4644//4644 4608//4608 4609//4609
f 4609//4609 4610//4610 4644//4644
f 4488//4488 4646//4646 4680//4680
f 4488//4488 4680//4680 4679//4679
f 4647//4647 4698//4698 4612//4612
f 4614//4614 4611//4611 4650//4650
f 4614//4614 4650//4650 4651//4651
f 4614//4614 4651//4651 4652//4652
f 4614//4614 4652//4652 4615//4615
f 4610//4610 4615//4615 4652//4652
f 4610//4610 4652//4652 4644//4644
f 4549//4549 4532//4532 4661//4661
f 4543//4543 4520//4520 4654//4654
f 4543//4543 4548//4548 4520//4520
f 4548//4548 4651//4651 4517//4517
f 4548//4548 4517//4517 4520//4520
f 4651//4651 4538//4538 4655//4655
f 4651//4651 4655//4655 4517//4517
f 4538//4538 4546//4546 4657//4657
f 4538//4538 4657//4657 4656//4656
f 4546//4546 4703//4703 4657//4657
f 4471//4471 4659//4659 4547//4547
f 4471//4471 4547//4547 4681//4681
f 4480//4480 4663//4663 4662//4662
f 4480//4480 4662//4662 4499//4499
f 4480//4480 4479//4479 4664//4664
f 4480//4480 4664//4664 4663//4663
f 4472//4472 4669//4669 4664//4664
f 4472//4472 4664//4664 4479//4479
f 4482//4482 4666//4666 4665//4665
f 4482//4482 4665//4665 4500//4500
f 4482//4482 4481//4481 4666//4666
f 4481//4481 4553//4553 4667//4667
f 4480//4480 4499//4499 4670//4670
f 4480//4480 4670//4670 4671//4671
f 4480//4480 4671//4671 4672//4672
f 4480//4480 4672//4672 4479//4479
f 4472//4472 4479//4479 4672//4672
f 4472//4472 4672//4672 4673//4673
f 4467//4467 4472//4472 4673//4673
f 4467//4467 4673//4673 4674//4674
f 4674//4674 4575//4575 4464//4464
f 4674//4674 4464//4464 4467//4467
f 4575//4575 4571//4571 4464//4464
f 4675//4675 4486//4486 4502//4502
f 4675//4675 4502//4502 4513//4513
f 4486//4486 4675//4675 4676//4676
f 4486//4486 4676//4676 4485//4485
f 4485//4485 4676//4676 4677//4677
f 4485//4485 4677//4677 4552//4552
f 4570//4570 4552//4552 4677//4677
f 4570//4570 4677//4677 4582//4582
f 4678//4678 4570//4570 4582//4582
f 4459//4459 4445//4445 4439//4439
f 5007//5007 5022//5022 4439//4439
f 4695//4695 4647//4647 4680//4680
f 4695//4695 4680//4680 4681//4681
f 4612//4612 4679//4679 4680//4680
f 4612//4612 4680//4680 4647//4647
f 4681//4681 4547//4547 4658//4658
f 4681//4681 4658//4658 4695//4695
f 4580//4580 4620//4620 4529//4529
f 4595//4595 4435//4435 4682//4682
f 4683//4683 4567//4567 4435//4435
f 4562//4562 4683//4683 4594//4594
f 4562//4562 4594//4594 4568//4568
f 4568//4568 4594//4594 4561//4561
f 4560//4560 4593//4593 4535//4535
f 4456//4456 4445//4445 4458//4458
f 4537//4537 4539//4539 4684//4684
f 4537//4537 4684//4684 4685//4685
f 4547//4547 4686//4686 4687//4687
f 4689//4689 4688//4688 4545//4545
f 4689//4689 4545//4545 4544//4544
f 4517//4517 4537//4537 4685//4685
f 4517//4517 4685//4685 4518//4518
f 4542//4542 4547//4547 4687//4687
f 4539//4539 4545//4545 4688//4688
f 4539//4539 4688//4688 4684//4684
f 4569//4569 4562//4562 4686//4686
f 4687//4687 4686//4686 4562//4562
f 4687//4687 4562//4562 4568//4568
f 4542//4542 4687//4687 4568//4568
f 4542//4542 4568//4568 4690//4690
f 4696//4696 4509//4509 4692//4692
f 4696//4696 4692//4692 4693//4693
f 4693//4693 4694//4694 4648//4648
f 4693//4693 4648//4648 4696//4696
f 4697//4697 4648//4648 4694//4694
f 4697//4697 4694//4694 4695//4695
f 4693//4693 4692//4692 4498//4498
f 4693//4693 4498//4498 4698//4698
f 4695//4695 4694//4694 4647//4647
f 4694//4694 4693//4693 4698//4698
f 4694//4694 4698//4698 4647//4647
f 4701//4701 4699//4699 4509//4509
f 4701//4701 4509//4509 4696//4696
f 4697//4697 4703//4703 4700//4700
f 4697//4697 4700//4700 4648//4648
f 4658//4658 4542//4542 4689//4689
f 4658//4658 4689//4689 4544//4544
f 4696//4696 4648//4648 4700//4700
f 4696//4696 4700//4700 4701//4701
f 4697//4697 4658//4658 4544//4544
f 4697//4697 4544//4544 4703//4703
f 4699//4699 4701//4701 4702//4702
f 4699//4699 4702//4702 4503//4503
f 4700//4700 4703//4703 4704//4704
f 4704//4704 4702//4702 4701//4701
f 4704//4704 4701//4701 4700//4700
f 4702//4702 4704//4704 4649//4649
f 4702//4702 4649//4649 4611//4611
f 4723//4723 4731//4731 4724//4724
f 5178//5178 5067//5067 4733//4733
f 4937//4937 4938//4938 4734//4734
f 4723//4723 4722//4722 4731//4731
f 4873//4873 4887//4887 4856//4856
f 4861//4861 4862//4862 4863//4863
f 4740//4740 4927//4927 4857//4857
f 4845//4845 4821//4821 5035//5035
f 4769//4769 5002//5002 5001//5001
f 4772//4772 4792//4792 4773//4773
f 4744//4744 4745//4745 4746//4746
f 4854//4854 4972//4972 4973//4973
f 4745//4745 4750//4750 5001//5001
f 4961//4961 4766//4766 5010//5010
f 4739//4739 4738//4738 4721//4721
f 4732//4732 4739//4739 4943//4943
f 4735//4735 4847//4847 4954//4954
f 4735//4735 4954//4954 4710//4710
f 4729//4729 4847//4847 4735//4735
f 4722//4722 4737//4737 4731//4731
f 4738//4738 4737//4737 4722//4722
f 4716//4716 4715//4715 4706//4706
f 4707//4707 4708//4708 4717//4717
f 4942//4942 4735//4735 4710//4710
f 4938//4938 4942//4942 4710//4710
f 4938//4938 4710//4710 4720//4720
f 4942//4942 4938//4938 4937//4937
f 4936//4936 4938//4938 4720//4720
f 4936//4936 4720//4720 4719//4719
f 5050//5050 4734//4734 4709//4709
f 4708//4708 4718//4718 4717//4717
f 4715//4715 4714//4714 4705//4705
f 4715//4715 4705//4705 4706//4706
f 4736//4736 4733//4733 5039//5039
f 4733//4733 4736//4736 5033//5033
f 4733//4733 5033//5033 5030//5030
f 5063//5063 4736//4736 5039//5039
f 5028//5028 5033//5033 4736//4736
f 4705//4705 4714//4714 5028//5028
f 5063//5063 4705//4705 5028//5028
f 4941//4941 4713//4713 4712//4712
f 4713//4713 5178//5178 5030//5030
f 4941//4941 5178//5178 4713//4713
f 5177//5177 5021//5021 4940//4940
f 5048//5048 4939//4939 4942//4942
f 5048//5048 4942//4942 4937//4937
f 5034//5034 5033//5033 4726//4726
f 5034//5034 4726//4726 4845//4845
f 4728//4728 4725//4725 4724//4724
f 4728//4728 4724//4724 4731//4731
f 4943//4943 4955//4955 4950//4950
f 4943//4943 4950//4950 4732//4732
f 4728//4728 4845//4845 4726//4726
f 4728//4728 4726//4726 4725//4725
f 4711//4711 4712//4712 5038//5038
f 4711//4711 5038//5038 4952//4952
f 5038//5038 4713//4713 4727//4727
f 4713//4713 5029//5029 4727//4727
f 4713//4713 5030//5030 5029//5029
f 4726//4726 4714//4714 4725//4725
f 4714//4714 4715//4715 4724//4724
f 4714//4714 4724//4724 4725//4725
f 4715//4715 4723//4723 4724//4724
f 4717//4717 4738//4738 4722//4722
f 4717//4717 4721//4721 4738//4738
f 4720//4720 4955//4955 4943//4943
f 4720//4720 4943//4943 4719//4719
f 4720//4720 4710//4710 4955//4955
f 4735//4735 4940//4940 4729//4729
f 4940//4940 4730//4730 4729//4729
f 4719//4719 4943//4943 4709//4709
f 4721//4721 4717//4717 4718//4718
f 4721//4721 4718//4718 5045//5045
f 4717//4717 4722//4722 4707//4707
f 4722//4722 4723//4723 4716//4716
f 4722//4722 4716//4716 4707//4707
f 4723//4723 4715//4715 4716//4716
f 4714//4714 4726//4726 5028//5028
f 4726//4726 5033//5033 5028//5028
f 4712//4712 4711//4711 5021//5021
f 4730//4730 4940//4940 5021//5021
f 4735//4735 4939//4939 4940//4940
f 4734//4734 5049//5049 4937//4937
f 5049//5049 5059//5059 4937//4937
f 4709//4709 5045//5045 5050//5050
f 5045//5045 4718//4718 5044//5044
f 4718//4718 4708//4708 5052//5052
f 4718//4718 5052//5052 5044//5044
f 4707//4707 4716//4716 5047//5047
f 4716//4716 4706//4706 5047//5047
f 4855//4855 4854//4854 4964//4964
f 4855//4855 4964//4964 4836//4836
f 4853//4853 4985//4985 4973//4973
f 4853//4853 4973//4973 4972//4972
f 4876//4876 4985//4985 4853//4853
f 4876//4876 4853//4853 4852//4852
f 4949//4949 4948//4948 4970//4970
f 4891//4891 4993//4993 4984//4984
f 4891//4891 4984//4984 4983//4983
f 4992//4992 4893//4893 4993//4993
f 4774//4774 4963//4963 4962//4962
f 4991//4991 4894//4894 4996//4996
f 4991//4991 4996//4996 4982//4982
f 4998//4998 4997//4997 4991//4991
f 4998//4998 4991//4991 4982//4982
f 4898//4898 4899//4899 4902//4902
f 4898//4898 4901//4901 4900//4900
f 4898//4898 4900//4900 4899//4899
f 4744//4744 4748//4748 4907//4907
f 4744//4744 4907//4907 4918//4918
f 4896//4896 4898//4898 4902//4902
f 4896//4896 4902//4902 4903//4903
f 4896//4896 4904//4904 4901//4901
f 4896//4896 4901//4901 4898//4898
f 4749//4749 4908//4908 4907//4907
f 4749//4749 4907//4907 4748//4748
f 4778//4778 4896//4896 4903//4903
f 4778//4778 4903//4903 4906//4906
f 4778//4778 4905//4905 4904//4904
f 4778//4778 4904//4904 4896//4896
f 5003//5003 5004//5004 4908//4908
f 5003//5003 4908//4908 4749//4749
f 4778//4778 4906//4906 5006//5006
f 4778//4778 5006//5006 5007//5007
f 4888//4888 4893//4893 4892//4892
f 4873//4873 4876//4876 4852//4852
f 4873//4873 4852//4852 4890//4890
f 4852//4852 4994//4994 4890//4890
f 4888//4888 4889//4889 4890//4890
f 4888//4888 4890//4890 4994//4994
f 4889//4889 4887//4887 4873//4873
f 4889//4889 4873//4873 4890//4890
f 4892//4892 4889//4889 4888//4888
f 4889//4889 4892//4892 4887//4887
f 4892//4892 4934//4934 4920//4920
f 4892//4892 4920//4920 4887//4887
f 4871//4871 4989//4989 5025//5025
f 4871//4871 5025//5025 5024//5024
f 5024//5024 5026//5026 4872//4872
f 5024//5024 4872//4872 4871//4871
f 4765//4765 4766//4766 4967//4967
f 4885//4885 4886//4886 4988//4988
f 4885//4885 4988//4988 4987//4987
f 4885//4885 4884//4884 4886//4886
f 4884//4884 4863//4863 5026//5026
f 4976//4976 4765//4765 4967//4967
f 4976//4976 4967//4967 4966//4966
f 4883//4883 4977//4977 4976//4976
f 4882//4882 4885//4885 4987//4987
f 4882//4882 4884//4884 4885//4885
f 4882//4882 4881//4881 4863//4863
f 4882//4882 4863//4863 4884//4884
f 4881//4881 4860//4860 4861//4861
f 4881//4881 4861//4861 4863//4863
f 4965//4965 4976//4976 4966//4966
f 4880//4880 4883//4883 4976//4976
f 4880//4880 4976//4976 4975//4975
f 4879//4879 4882//4882 4987//4987
f 4879//4879 4987//4987 4880//4880
f 4879//4879 4878//4878 4882//4882
f 4878//4878 4881//4881 4882//4882
f 4878//4878 4858//4858 4860//4860
f 4878//4878 4860//4860 4881//4881
f 4986//4986 4880//4880 4975//4975
f 4986//4986 4975//4975 4974//4974
f 4875//4875 4879//4879 4880//4880
f 4875//4875 4880//4880 4986//4986
f 4875//4875 4878//4878 4879//4879
f 4875//4875 4874//4874 4878//4878
f 4874//4874 4857//4857 4858//4858
f 4874//4874 4858//4858 4878//4878
f 4854//4854 4877//4877 4964//4964
f 4985//4985 4986//4986 4974//4974
f 4985//4985 4974//4974 4973//4973
f 4876//4876 4875//4875 4986//4986
f 4876//4876 4986//4986 4985//4985
f 4876//4876 4873//4873 4874//4874
f 4876//4876 4874//4874 4875//4875
f 4873//4873 4856//4856 4857//4857
f 4873//4873 4857//4857 4874//4874
f 4786//4786 5009//5009 4761//4761
f 4786//4786 4761//4761 4759//4759
f 4784//4784 4870//4870 4981//4981
f 4784//4784 4981//4981 4980//4980
f 4871//4871 4869//4869 4990//4990
f 4871//4871 4990//4990 4989//4989
f 4757//4757 4786//4786 4759//4759
f 4869//4869 4867//4867 4915//4915
f 4869//4869 4915//4915 4990//4990
f 4756//4756 4758//4758 4916//4916
f 4756//4756 4916//4916 4914//4914
f 4915//4915 4867//4867 4866//4866
f 4915//4915 4866//4866 4912//4912
f 4866//4866 4867//4867 4917//4917
f 4866//4866 4917//4917 4911//4911
f 4864//4864 4866//4866 4911//4911
f 4864//4864 4911//4911 4438//4438
f 4864//4864 4913//4913 4912//4912
f 4864//4864 4912//4912 4866//4866
f 4754//4754 4756//4756 4914//4914
f 4754//4754 4914//4914 4910//4910
f 4864//4864 5022//5022 5011//5011
f 4864//4864 5011//5011 4913//4913
f 5022//5022 4864//4864 4438//4438
f 4441//4441 5026//5026 4863//4863
f 4441//4441 4863//4863 4862//4862
f 4432//4432 4861//4861 4860//4860
f 4860//4860 4858//4858 4930//4930
f 4930//4930 4432//4432 4860//4860
f 4930//4930 4858//4858 4859//4859
f 4859//4859 4858//4858 4857//4857
f 4859//4859 4857//4857 4927//4927
f 4856//4856 4741//4741 4740//4740
f 4856//4856 4740//4740 4857//4857
f 4887//4887 4741//4741 4856//4856
f 4971//4971 4853//4853 4972//4972
f 4851//4851 4852//4852 4853//4853
f 4850//4850 4839//4839 4808//4808
f 4850//4850 4808//4808 4951//4951
f 4944//4944 4935//4935 4839//4839
f 4849//4849 4835//4835 4935//4935
f 4849//4849 4935//4935 4944//4944
f 4956//4956 4957//4957 4835//4835
f 4956//4956 4835//4835 4849//4849
f 4847//4847 4830//4830 4848//4848
f 4953//4953 4827//4827 4830//4830
f 4953//4953 4830//4830 4847//4847
f 4846//4846 4824//4824 4827//4827
f 4846//4846 4827//4827 4953//4953
f 4791//4791 4789//4789 4798//4798
f 4791//4791 4798//4798 4727//4727
f 4844//4844 4817//4817 4821//4821
f 4844//4844 4821//4821 4845//4845
f 4843//4843 4813//4813 4817//4817
f 4843//4843 4817//4817 4844//4844
f 4842//4842 4807//4807 4813//4813
f 4842//4842 4813//4813 4843//4843
f 4951//4951 4808//4808 4807//4807
f 4951//4951 4807//4807 4842//4842
f 4727//4727 4798//4798 5036//5036
f 4839//4839 4806//4806 4808//4808
f 4839//4839 4838//4838 4804//4804
f 4839//4839 4804//4804 4806//4806
f 4838//4838 4837//4837 4802//4802
f 4838//4838 4802//4802 4804//4804
f 4836//4836 4964//4964 4802//4802
f 4836//4836 4802//4802 4837//4837
f 4935//4935 4945//4945 4839//4839
f 4835//4835 4834//4834 4945//4945
f 4835//4835 4945//4945 4935//4935
f 4834//4834 4833//4833 4946//4946
f 4834//4834 4946//4946 4945//4945
f 4957//4957 4958//4958 4834//4834
f 4957//4957 4834//4834 4835//4835
f 4958//4958 4833//4833 4834//4834
f 4958//4958 4959//4959 4833//4833
f 4830//4830 4829//4829 4832//4832
f 4830//4830 4832//4832 4848//4848
f 4829//4829 4828//4828 4831//4831
f 4829//4829 4831//4831 4832//4832
f 4828//4828 4770//4770 4769//4769
f 4828//4828 4769//4769 4831//4831
f 4827//4827 4826//4826 4829//4829
f 4827//4827 4829//4829 4830//4830
f 4826//4826 4825//4825 4828//4828
f 4826//4826 4828//4828 4829//4829
f 4825//4825 4771//4771 4770//4770
f 4825//4825 4770//4770 4828//4828
f 4824//4824 4826//4826 4827//4827
f 4824//4824 4823//4823 4825//4825
f 4824//4824 4825//4825 4826//4826
f 4823//4823 4768//4768 4771//4771
f 4823//4823 4771//4771 4825//4825
f 4840//4840 4794//4794 5019//5019
f 4840//4840 5019//5019 5020//5020
f 4794//4794 4792//4792 5018//5018
f 4794//4794 5018//5018 5019//5019
f 4792//4792 5017//5017 5018//5018
f 4788//4788 5031//5031 4799//4799
f 5031//5031 4782//4782 4783//4783
f 5031//5031 4783//4783 4799//4799
f 4821//4821 4820//4820 4787//4787
f 4821//4821 4787//4787 4790//4790
f 4820//4820 4819//4819 4822//4822
f 4820//4820 4822//4822 4787//4787
f 4819//4819 4818//4818 4782//4782
f 4819//4819 4782//4782 4822//4822
f 4967//4967 4766//4766 4961//4961
f 4967//4967 4961//4961 4960//4960
f 4817//4817 4816//4816 4820//4820
f 4817//4817 4820//4820 4821//4821
f 4816//4816 4815//4815 4819//4819
f 4816//4816 4819//4819 4820//4820
f 4815//4815 4814//4814 4818//4818
f 4815//4815 4818//4818 4819//4819
f 4966//4966 4967//4967 4960//4960
f 4966//4966 4960//4960 4814//4814
f 4813//4813 4812//4812 4816//4816
f 4813//4813 4816//4816 4817//4817
f 4812//4812 4811//4811 4815//4815
f 4812//4812 4815//4815 4816//4816
f 4811//4811 4810//4810 4814//4814
f 4811//4811 4814//4814 4815//4815
f 4809//4809 4966//4966 4814//4814
f 4809//4809 4814//4814 4810//4810
f 4807//4807 4805//4805 4812//4812
f 4807//4807 4812//4812 4813//4813
f 4805//4805 4803//4803 4811//4811
f 4805//4805 4811//4811 4812//4812
f 4803//4803 4801//4801 4810//4810
f 4803//4803 4810//4810 4811//4811
f 4800//4800 4809//4809 4810//4810
f 4800//4800 4810//4810 4801//4801
f 4808//4808 4806//4806 4805//4805
f 4808//4808 4805//4805 4807//4807
f 4806//4806 4804//4804 4803//4803
f 4806//4806 4803//4803 4805//4805
f 4804//4804 4802//4802 4801//4801
f 4804//4804 4801//4801 4803//4803
f 4964//4964 4800//4800 4801//4801
f 4964//4964 4801//4801 4802//4802
f 4789//4789 4788//4788 4797//4797
f 4789//4789 4797//4797 4798//4798
f 4788//4788 4799//4799 4796//4796
f 4788//4788 4796//4796 4797//4797
f 4796//4796 4799//4799 4786//4786
f 4796//4796 4786//4786 4785//4785
f 4798//4798 4797//4797 5037//5037
f 4798//4798 5037//5037 5036//5036
f 4797//4797 4796//4796 5037//5037
f 4796//4796 4793//4793 5037//5037
f 4793//4793 4796//4796 4785//4785
f 4793//4793 4785//4785 4773//4773
f 4841//4841 4795//4795 4794//4794
f 4841//4841 4794//4794 4840//4840
f 4795//4795 4793//4793 4792//4792
f 4795//4795 4792//4792 4794//4794
f 4785//4785 4779//4779 4773//4773
f 4980//4980 4979//4979 5027//5027
f 4980//4980 5027//5027 4784//4784
f 4763//4763 4761//4761 5009//5009
f 4799//4799 4783//4783 4786//4786
f 4754//4754 4910//4910 5013//5013
f 4754//4754 5013//5013 5014//5014
f 4772//4772 5016//5016 5017//5017
f 4792//4792 4793//4793 4773//4773
f 4773//4773 4779//4779 4772//4772
f 4905//4905 4778//4778 5007//5007
f 4747//4747 5002//5002 4777//4777
f 4775//4775 4750//4750 5000//5000
f 4775//4775 5000//5000 4968//4968
f 4968//4968 4776//4776 4995//4995
f 4968//4968 4995//4995 4969//4969
f 4751//4751 4750//4750 4775//4775
f 4751//4751 4775//4775 4774//4774
f 4774//4774 4962//4962 4751//4751
f 4772//4772 5017//5017 4792//4792
f 4767//4767 4742//4742 4768//4768
f 4742//4742 4777//4777 4771//4771
f 4742//4742 4771//4771 4768//4768
f 4777//4777 5002//5002 4770//4770
f 4777//4777 4770//4770 4771//4771
f 5002//5002 4769//4769 4770//4770
f 4765//4765 4764//4764 4763//4763
f 4765//4765 4763//4763 4766//4766
f 4764//4764 4762//4762 4761//4761
f 4764//4764 4761//4761 4763//4763
f 4762//4762 4760//4760 4759//4759
f 4762//4762 4759//4759 4761//4761
f 4760//4760 4758//4758 4757//4757
f 4760//4760 4757//4757 4759//4759
f 4758//4758 4756//4756 4755//4755
f 4758//4758 4755//4755 4757//4757
f 4756//4756 4754//4754 4743//4743
f 4756//4756 4743//4743 4755//4755
f 4754//4754 5014//5014 5015//5015
f 4754//4754 5015//5015 4743//4743
f 4744//4744 4918//4918 4919//4919
f 4744//4744 4919//4919 4745//4745
f 5001//5001 4750//4750 4751//4751
f 4749//4749 4742//4742 5008//5008
f 4749//4749 5008//5008 5003//5003
f 4749//4749 4748//4748 4747//4747
f 4749//4749 4747//4747 4742//4742
f 4748//4748 4744//4744 4746//4746
f 4748//4748 4746//4746 4747//4747
f 4753//4753 4752//4752 4902//4902
f 4753//4753 4902//4902 4899//4899
f 4752//4752 4897//4897 4903//4903
f 4752//4752 4903//4903 4902//4902
f 4897//4897 4895//4895 4906//4906
f 4897//4897 4906//4906 4903//4903
f 4895//4895 5005//5005 5006//5006
f 4895//4895 5006//5006 4906//4906
f 4780//4780 4865//4865 4912//4912
f 4780//4780 4912//4912 4913//4913
f 4865//4865 4868//4868 4915//4915
f 4865//4865 4915//4915 4912//4912
f 4870//4870 4868//4868 4916//4916
f 4870//4870 4916//4916 4981//4981
f 4868//4868 4865//4865 4914//4914
f 4868//4868 4914//4914 4916//4916
f 4865//4865 4780//4780 4910//4910
f 4865//4865 4910//4910 4914//4914
f 4780//4780 5012//5012 5013//5013
f 4780//4780 5013//5013 4910//4910
f 4895//4895 4908//4908 5004//5004
f 4895//4895 5004//5004 5005//5005
f 4895//4895 4897//4897 4907//4907
f 4895//4895 4907//4907 4908//4908
f 4897//4897 4752//4752 4918//4918
f 4897//4897 4918//4918 4907//4907
f 4752//4752 4753//4753 4919//4919
f 4752//4752 4919//4919 4918//4918
f 4776//4776 4968//4968 5000//5000
f 4776//4776 5000//5000 4999//4999
f 4932//4932 4924//4924 4741//4741
f 4924//4924 4932//4932 4922//4922
f 4933//4933 4579//4579 4920//4920
f 4933//4933 4920//4920 4934//4934
f 4932//4932 4920//4920 4579//4579
f 4920//4920 4932//4932 4741//4741
f 4929//4929 4523//4523 4536//4536
f 4931//4931 4928//4928 4929//4929
f 4931//4931 4929//4929 4590//4590
f 4931//4931 4930//4930 4928//4928
f 4931//4931 4590//4590 4930//4930
f 4590//4590 4432//4432 4930//4930
f 4929//4929 4928//4928 4926//4926
f 4928//4928 4927//4927 4926//4926
f 4928//4928 4859//4859 4927//4927
f 4740//4740 4925//4925 4927//4927
f 4925//4925 4926//4926 4927//4927
f 4925//4925 4921//4921 4926//4926
f 4921//4921 4925//4925 4923//4923
f 4925//4925 4924//4924 4923//4923
f 4741//4741 4924//4924 4925//4925
f 4741//4741 4925//4925 4740//4740
f 4924//4924 4922//4922 4923//4923
f 4928//4928 4930//4930 4859//4859
f 4523//4523 4926//4926 4522//4522
f 4523//4523 4929//4929 4926//4926
f 4921//4921 4521//4521 4522//4522
f 4921//4921 4522//4522 4926//4926
f 4921//4921 4923//4923 4622//4622
f 4921//4921 4622//4622 4521//4521
f 4625//4625 4622//4622 4923//4923
f 4625//4625 4923//4923 4922//4922
f 4719//4719 4709//4709 4936//4936
f 4734//4734 4936//4936 4709//4709
f 5185//5185 4937//4937 5059//5059
f 5048//5048 4937//4937 5185//5185
f 4734//4734 4938//4938 4936//4936
f 4939//4939 4735//4735 4942//4942
f 4940//4940 4939//4939 5177//5177
f 5021//5021 5179//5179 4712//4712
f 5030//5030 5178//5178 4733//4733
f 4721//4721 5045//5045 4709//4709
f 4721//4721 4709//4709 4943//4943
f 4739//4739 4721//4721 4943//4943
f 4944//4944 4839//4839 4850//4850
f 4945//4945 4946//4946 4838//4838
f 4945//4945 4838//4838 4839//4839
f 4946//4946 4837//4837 4838//4838
f 4947//4947 4836//4836 4837//4837
f 4948//4948 4855//4855 4836//4836
f 4948//4948 4836//4836 4963//4963
f 4949//4949 4971//4971 4948//4948
f 4851//4851 4984//4984 4993//4993
f 4893//4893 4888//4888 4994//4994
f 4893//4893 4994//4994 4993//4993
f 4950//4950 4944//4944 4732//4732
f 4849//4849 4944//4944 4950//4950
f 4944//4944 4739//4739 4732//4732
f 4944//4944 4850//4850 4739//4739
f 4850//4850 4951//4951 4738//4738
f 4850//4850 4738//4738 4739//4739
f 4951//4951 4737//4737 4738//4738
f 4951//4951 4842//4842 4737//4737
f 4842//4842 4843//4843 4731//4731
f 4842//4842 4731//4731 4737//4737
f 4843//4843 4844//4844 4728//4728
f 4843//4843 4728//4728 4731//4731
f 4844//4844 4845//4845 4728//4728
f 4845//4845 5035//5035 5034//5034
f 5032//5032 4727//4727 5029//5029
f 4791//4791 4727//4727 5032//5032
f 4727//4727 5036//5036 5038//5038
f 4841//4841 4840//4840 4952//4952
f 4952//4952 5020//5020 4711//4711
f 4840//4840 5020//5020 4952//4952
f 4846//4846 4953//4953 4729//4729
f 4846//4846 4729//4729 4730//4730
f 4953//4953 4847//4847 4729//4729
f 4847//4847 4848//4848 4954//4954
f 4950//4950 4955//4955 4956//4956
f 4849//4849 4950//4950 4956//4956
f 4955//4955 4710//4710 4954//4954
f 4954//4954 4956//4956 4955//4955
f 4848//4848 4956//4956 4954//4954
f 4848//4848 4957//4957 4956//4956
f 4848//4848 4832//4832 4958//4958
f 4848//4848 4958//4958 4957//4957
f 4832//4832 4831//4831 4958//4958
f 4831//4831 4769//4769 4959//4959
f 4831//4831 4959//4959 4958//4958
f 4769//4769 5001//5001 4751//4751
f 4769//4769 4751//4751 4959//4959
f 4959//4959 4962//4962 4833//4833
f 4833//4833 4962//4962 4947//4947
f 4833//4833 4947//4947 4946//4946
f 4946//4946 4947//4947 4837//4837
f 4814//4814 4960//4960 4818//4818
f 4818//4818 4960//4960 4961//4961
f 4818//4818 4961//4961 4782//4782
f 4783//4783 4782//4782 4961//4961
f 4962//4962 4959//4959 4751//4751
f 4962//4962 4963//4963 4947//4947
f 4947//4947 4963//4963 4836//4836
f 4964//4964 4877//4877 4800//4800
f 4800//4800 4877//4877 4965//4965
f 4800//4800 4965//4965 4809//4809
f 4809//4809 4965//4965 4966//4966
f 5010//5010 4766//4766 4763//4763
f 5010//5010 4763//4763 5009//5009
f 4774//4774 4775//4775 4968//4968
f 4774//4774 4968//4968 4969//4969
f 4774//4774 4969//4969 4970//4970
f 4774//4774 4970//4970 4963//4963
f 4963//4963 4970//4970 4948//4948
f 4948//4948 4971//4971 4855//4855
f 4855//4855 4971//4971 4972//4972
f 4855//4855 4972//4972 4854//4854
f 4854//4854 4973//4973 4974//4974
f 4854//4854 4974//4974 4877//4877
f 4877//4877 4974//4974 4975//4975
f 4877//4877 4975//4975 4965//4965
f 4965//4965 4975//4975 4976//4976
f 4976//4976 4977//4977 4765//4765
f 4765//4765 4977//4977 4978//4978
f 4764//4764 4765//4765 4978//4978
f 4764//4764 4978//4978 4979//4979
f 4762//4762 4764//4764 4979//4979
f 4762//4762 4979//4979 4980//4980
f 4762//4762 4980//4980 4981//4981
f 4762//4762 4981//4981 4760//4760
f 4758//4758 4760//4760 4981//4981
f 4758//4758 4981//4981 4916//4916
f 4999//4999 4998//4998 4982//4982
f 4999//4999 4982//4982 4776//4776
f 4776//4776 4982//4982 4996//4996
f 4776//4776 4996//4996 4995//4995
f 4983//4983 4984//4984 4949//4949
f 4971//4971 4949//4949 4984//4984
f 4971//4971 4984//4984 4851//4851
f 4971//4971 4851//4851 4853//4853
f 4880//4880 4987//4987 4883//4883
f 4883//4883 4987//4987 4977//4977
f 4977//4977 4987//4987 4988//4988
f 4977//4977 4988//4988 4978//4978
f 5027//5027 5025//5025 4989//4989
f 5027//5027 4989//4989 4784//4784
f 4784//4784 4989//4989 4990//4990
f 4784//4784 4990//4990 4870//4870
f 4870//4870 4990//4990 4915//4915
f 4870//4870 4915//4915 4868//4868
f 4891//4891 4992//4992 4993//4993
f 4993//4993 4994//4994 4851//4851
f 4970//4970 4969//4969 4995//4995
f 4970//4970 4995//4995 4949//4949
f 4995//4995 4996//4996 4983//4983
f 4995//4995 4983//4983 4949//4949
f 4891//4891 4983//4983 4996//4996
f 4891//4891 4996//4996 4894//4894
f 4894//4894 4992//4992 4891//4891
f 4899//4899 4900//4900 4997//4997
f 4899//4899 4997//4997 4998//4998
f 4753//4753 4899//4899 4998//4998
f 4753//4753 4998//4998 4999//4999
f 4753//4753 4999//4999 5000//5000
f 4753//4753 5000//5000 4919//4919
f 5000//5000 4750//4750 4745//4745
f 5000//5000 4745//4745 4919//4919
f 4746//4746 4745//4745 5001//5001
f 4746//4746 5001//5001 5002//5002
f 4747//4747 4746//4746 5002//5002
f 4741//4741 4887//4887 4920//4920
f 4780//4780 4913//4913 5011//5011
f 4780//4780 5011//5011 5012//5012
f 5003//5003 4909//4909 5004//5004
f 4781//4781 5005//5005 5004//5004
f 4781//4781 5004//5004 4909//4909
f 4781//4781 5011//5011 5006//5006
f 4781//4781 5006//5006 5005//5005
f 5007//5007 5006//5006 5011//5011
f 5007//5007 5011//5011 5022//5022
f 4742//4742 4747//4747 4777//4777
f 4742//4742 4767//4767 5008//5008
f 4743//4743 5015//5015 5016//5016
f 4743//4743 5016//5016 4772//4772
f 4772//4772 4779//4779 4755//4755
f 4772//4772 4755//4755 4743//4743
f 4779//4779 4785//4785 4757//4757
f 4779//4779 4757//4757 4755//4755
f 4785//4785 4786//4786 4757//4757
f 4786//4786 4783//4783 5009//5009
f 4783//4783 4961//4961 5010//5010
f 4783//4783 5010//5010 5009//5009
f 5012//5012 5011//5011 4781//4781
f 4781//4781 4909//4909 5013//5013
f 4781//4781 5013//5013 5012//5012
f 5003//5003 5014//5014 5013//5013
f 5003//5003 5013//5013 4909//4909
f 5003//5003 5008//5008 5015//5015
f 5003//5003 5015//5015 5014//5014
f 5008//5008 4767//4767 5016//5016
f 5008//5008 5016//5016 5015//5015
f 4767//4767 5017//5017 5016//5016
f 5017//5017 4767//4767 4768//4768
f 5018//5018 5017//5017 4768//4768
f 5018//5018 4768//4768 4823//4823
f 5019//5019 5018//5018 4823//4823
f 5019//5019 4823//4823 4824//4824
f 5020//5020 5019//5019 4824//4824
f 5020//5020 4824//4824 4846//4846
f 4846//4846 4730//4730 4711//4711
f 4846//4846 4711//4711 5020//5020
f 4730//4730 5021//5021 4711//4711
f 5177//5177 5179//5179 5021//5021
f 4871//4871 4872//4872 5023//5023
f 4871//4871 5023//5023 4869//4869
f 5023//5023 4917//4917 4867//4867
f 5023//5023 4867//4867 4869//4869
f 4852//4852 4851//4851 4994//4994
f 4886//4886 5024//5024 5025//5025
f 4886//4886 5025//5025 4988//4988
f 4886//4886 4884//4884 5026//5026
f 4886//4886 5026//5026 5024//5024
f 4978//4978 5027//5027 4979//4979
f 4978//4978 4988//4988 5025//5025
f 4978//4978 5025//5025 5027//5027
f 5028//5028 4736//4736 5063//5063
f 4787//4787 4822//4822 5031//5031
f 4787//4787 5031//5031 4788//4788
f 4822//4822 4782//4782 5031//5031
f 4791//4791 4790//4790 4789//4789
f 4790//4790 4787//4787 4788//4788
f 4790//4790 4788//4788 4789//4789
f 5029//5029 5033//5033 5034//5034
f 5030//5030 5033//5033 5029//5029
f 5035//5035 4821//4821 4790//4790
f 5035//5035 4790//4790 4791//4791
f 5032//5032 5029//5029 5034//5034
f 5032//5032 5034//5034 5035//5035
f 4791//4791 5032//5032 5035//5035
f 5036//5036 5037//5037 4795//4795
f 5036//5036 4795//4795 4841//4841
f 5037//5037 4793//4793 4795//4795
f 4841//4841 4952//4952 5038//5038
f 4841//4841 5038//5038 5036//5036
f 5038//5038 4712//4712 4713//4713
f 5054//5054 5053//5053 5055//5055
f 4939//4939 5048//5048 5058//5058
f 5193//5193 5252//5252 5190//5190
f 5192//5192 5077//5077 5069//5069
f 5194//5194 5196//5196 5081//5081
f 5195//5195 5078//5078 5086//5086
f 5075//5075 5197//5197 5082//5082
f 5110//5110 5075//5075 5082//5082
f 5086//5086 5078//5078 5083//5083
f 5107//5107 5175//5175 5104//5104
f 5106//5106 5087//5087 5061//5061
f 5114//5114 5113//5113 5116//5116
f 5113//5113 5054//5054 5055//5055
f 5131//5131 5117//5117 5124//5124
f 5155//5155 5161//5161 5162//5162
f 5164//5164 5069//5069 5073//5073
f 5074//5074 5245//5245 5103//5103
f 5051//5051 5146//5146 5059//5059
f 5041//5041 5040//5040 4706//4706
f 5040//5040 5041//5041 5042//5042
f 5040//5040 5042//5042 5043//5043
f 5044//5044 5112//5112 5046//5046
f 5047//5047 4706//4706 5040//5040
f 4708//4708 5053//5053 5052//5052
f 5049//5049 4734//4734 5050//5050
f 5051//5051 5049//5049 5050//5050
f 5052//5052 5112//5112 5044//5044
f 5050//5050 5044//5044 5046//5046
f 5050//5050 5046//5046 5051//5051
f 5044//5044 5050//5050 5045//5045
f 4708//4708 4707//4707 5053//5053
f 5135//5135 5053//5053 5054//5054
f 5052//5052 5053//5053 5135//5135
f 5052//5052 5135//5135 5134//5134
f 5057//5057 5181//5181 5056//5056
f 5057//5057 5056//5056 5177//5177
f 5058//5058 5057//5057 5177//5177
f 5058//5058 5177//5177 4939//4939
f 5058//5058 5048//5048 5185//5185
f 4706//4706 4705//4705 5041//5041
f 5047//5047 5053//5053 4707//4707
f 5060//5060 5055//5055 5053//5053
f 5060//5060 5053//5053 5047//5047
f 5040//5040 5043//5043 5060//5060
f 5040//5040 5060//5060 5047//5047
f 5063//5063 5062//5062 5061//5061
f 5063//5063 5061//5061 5041//5041
f 5064//5064 5062//5062 5063//5063
f 5064//5064 5039//5039 5068//5068
f 5039//5039 5064//5064 5063//5063
f 5063//5063 5041//5041 4705//4705
f 5067//5067 5066//5066 5068//5068
f 5056//5056 5180//5180 5179//5179
f 5061//5061 5042//5042 5041//5041
f 5071//5071 5193//5193 5190//5190
f 5218//5218 5252//5252 5193//5193
f 5076//5076 5191//5191 5158//5158
f 5234//5234 5077//5077 5192//5192
f 5069//5069 5236//5236 5192//5192
f 5069//5069 5165//5165 5070//5070
f 5165//5165 5114//5114 5071//5071
f 5165//5165 5071//5071 5070//5070
f 5190//5190 5070//5070 5071//5071
f 5071//5071 5114//5114 5115//5115
f 5071//5071 5115//5115 5193//5193
f 5158//5158 5191//5191 5242//5242
f 5194//5194 5078//5078 5195//5195
f 5080//5080 5081//5081 5196//5196
f 5198//5198 5197//5197 5075//5075
f 5075//5075 5110//5110 5079//5079
f 5075//5075 5079//5079 5080//5080
f 5080//5080 5196//5196 5198//5198
f 5081//5081 5080//5080 5079//5079
f 5194//5194 5081//5081 5078//5078
f 5075//5075 5080//5080 5198//5198
f 5199//5199 5082//5082 5197//5197
f 5244//5244 5074//5074 5199//5199
f 5115//5115 5072//5072 5193//5193
f 5085//5085 5084//5084 5086//5086
f 5085//5085 5086//5086 5083//5083
f 5087//5087 5105//5105 5088//5088
f 5089//5089 5061//5061 5087//5087
f 5042//5042 5061//5061 5089//5089
f 5090//5090 5120//5120 5091//5091
f 5093//5093 5092//5092 5100//5100
f 5093//5093 5100//5100 5094//5094
f 5094//5094 5100//5100 5090//5090
f 5097//5097 5096//5096 5095//5095
f 5097//5097 5095//5095 5098//5098
f 5100//5100 5099//5099 5096//5096
f 5100//5100 5096//5096 5090//5090
f 5096//5096 5097//5097 5090//5090
f 5101//5101 5109//5109 5074//5074
f 5101//5101 5074//5074 5103//5103
f 5102//5102 5089//5089 5101//5101
f 5102//5102 5101//5101 5103//5103
f 5104//5104 5096//5096 5105//5105
f 5105//5105 5087//5087 5106//5106
f 5107//5107 5104//5104 5105//5105
f 5107//5107 5105//5105 5106//5106
f 5109//5109 5108//5108 5082//5082
f 5092//5092 5079//5079 5110//5110
f 5092//5092 5110//5110 5111//5111
f 5110//5110 5082//5082 5108//5108
f 5110//5110 5108//5108 5111//5111
f 5112//5112 5052//5052 5134//5134
f 5123//5123 5124//5124 5117//5117
f 5079//5079 5093//5093 5118//5118
f 5079//5079 5118//5118 5081//5081
f 5079//5079 5092//5092 5093//5093
f 5119//5119 5118//5118 5093//5093
f 5119//5119 5093//5093 5094//5094
f 5094//5094 5090//5090 5091//5091
f 5094//5094 5091//5091 5119//5119
f 5120//5120 5122//5122 5121//5121
f 5120//5120 5121//5121 5091//5091
f 5188//5188 5123//5123 5121//5121
f 5188//5188 5121//5121 5122//5122
f 5124//5124 5123//5123 5188//5188
f 5125//5125 5121//5121 5123//5123
f 5125//5125 5123//5123 5117//5117
f 5126//5126 5091//5091 5121//5121
f 5126//5126 5121//5121 5125//5125
f 5085//5085 5091//5091 5126//5126
f 5127//5127 5119//5119 5091//5091
f 5127//5127 5091//5091 5085//5085
f 5128//5128 5118//5118 5119//5119
f 5128//5128 5119//5119 5127//5127
f 5078//5078 5081//5081 5118//5118
f 5078//5078 5118//5118 5128//5128
f 5083//5083 5128//5128 5127//5127
f 5083//5083 5127//5127 5085//5085
f 5078//5078 5128//5128 5083//5083
f 5157//5157 5158//5158 5086//5086
f 5157//5157 5086//5086 5084//5084
f 5084//5084 5160//5160 5157//5157
f 5129//5129 5084//5084 5085//5085
f 5129//5129 5085//5085 5126//5126
f 5160//5160 5084//5084 5129//5129
f 5129//5129 5130//5130 5149//5149
f 5129//5129 5149//5149 5160//5160
f 5125//5125 5130//5130 5129//5129
f 5125//5125 5129//5129 5126//5126
f 5130//5130 5125//5125 5117//5117
f 5130//5130 5186//5186 5149//5149
f 5131//5131 5186//5186 5130//5130
f 5117//5117 5131//5131 5130//5130
f 5150//5150 5186//5186 5131//5131
f 5124//5124 5151//5151 5131//5131
f 5132//5132 5146//5146 5051//5051
f 5133//5133 5132//5132 5051//5051
f 5133//5133 5051//5051 5046//5046
f 5046//5046 5112//5112 5133//5133
f 5054//5054 5113//5113 5135//5135
f 5181//5181 5057//5057 5139//5139
f 5181//5181 5182//5182 5056//5056
f 5137//5137 5136//5136 5182//5182
f 5137//5137 5182//5182 5181//5181
f 5141//5141 5138//5138 5140//5140
f 5142//5142 5138//5138 5141//5141
f 5141//5141 5144//5144 5142//5142
f 5145//5145 5144//5144 5187//5187
f 5145//5145 5187//5187 5146//5146
f 5147//5147 5143//5143 5144//5144
f 5147//5147 5144//5144 5145//5145
f 5148//5148 5143//5143 5147//5147
f 5148//5148 5147//5147 5149//5149
f 5186//5186 5142//5142 5148//5148
f 5150//5150 5138//5138 5142//5142
f 5150//5150 5142//5142 5186//5186
f 5150//5150 5137//5137 5138//5138
f 5136//5136 5172//5172 5183//5183
f 5136//5136 5183//5183 5182//5182
f 5056//5056 5182//5182 5183//5183
f 5056//5056 5183//5183 5180//5180
f 5058//5058 5187//5187 5139//5139
f 5058//5058 5139//5139 5057//5057
f 5185//5185 5187//5187 5058//5058
f 5059//5059 5146//5146 5187//5187
f 5059//5059 5187//5187 5185//5185
f 5152//5152 5153//5153 5055//5055
f 5152//5152 5055//5055 5060//5060
f 5154//5154 5153//5153 5152//5152
f 5072//5072 5153//5153 5154//5154
f 5176//5176 5073//5073 5077//5077
f 5176//5176 5077//5077 5155//5155
f 5077//5077 5076//5076 5156//5156
f 5077//5077 5156//5156 5155//5155
f 5157//5157 5156//5156 5076//5076
f 5157//5157 5076//5076 5158//5158
f 5159//5159 5155//5155 5156//5156
f 5160//5160 5159//5159 5156//5156
f 5160//5160 5156//5156 5157//5157
f 5147//5147 5159//5159 5160//5160
f 5147//5147 5160//5160 5149//5149
f 5161//5161 5159//5159 5147//5147
f 5161//5161 5147//5147 5145//5145
f 5155//5155 5159//5159 5161//5161
f 5162//5162 5176//5176 5155//5155
f 5163//5163 5176//5176 5133//5133
f 5163//5163 5133//5133 5112//5112
f 5073//5073 5176//5176 5163//5163
f 5073//5073 5163//5163 5164//5164
f 5165//5165 5069//5069 5164//5164
f 5115//5115 5114//5114 5116//5116
f 5153//5153 5072//5072 5115//5115
f 5153//5153 5115//5115 5116//5116
f 5116//5116 5055//5055 5153//5153
f 5116//5116 5113//5113 5055//5055
f 5165//5165 5135//5135 5113//5113
f 5165//5165 5113//5113 5114//5114
f 5164//5164 5134//5134 5135//5135
f 5164//5164 5135//5135 5165//5165
f 5163//5163 5134//5134 5164//5164
f 5163//5163 5112//5112 5134//5134
f 5146//5146 5132//5132 5161//5161
f 5146//5146 5161//5161 5145//5145
f 5062//5062 5107//5107 5106//5106
f 5062//5062 5106//5106 5061//5061
f 5152//5152 5102//5102 5103//5103
f 5152//5152 5103//5103 5154//5154
f 5060//5060 5043//5043 5102//5102
f 5060//5060 5102//5102 5152//5152
f 5064//5064 5175//5175 5107//5107
f 5064//5064 5107//5107 5062//5062
f 5166//5166 5172//5172 5151//5151
f 5170//5170 5169//5169 5167//5167
f 5170//5170 5167//5167 5168//5168
f 5171//5171 5170//5170 5168//5168
f 5168//5168 5188//5188 5171//5171
f 5074//5074 5109//5109 5199//5199
f 5199//5199 5109//5109 5082//5082
f 5097//5097 5120//5120 5090//5090
f 5120//5120 5097//5097 5098//5098
f 5120//5120 5098//5098 5122//5122
f 5098//5098 5171//5171 5188//5188
f 5098//5098 5188//5188 5122//5122
f 5095//5095 5170//5170 5171//5171
f 5095//5095 5171//5171 5098//5098
f 5184//5184 5172//5172 5166//5166
f 5184//5184 5183//5183 5172//5172
f 5065//5065 5179//5179 5180//5180
f 5065//5065 5180//5180 5173//5173
f 5169//5169 5184//5184 5166//5166
f 5169//5169 5166//5166 5167//5167
f 5174//5174 5184//5184 5169//5169
f 5066//5066 5065//5065 5173//5173
f 5066//5066 5173//5173 5174//5174
f 5111//5111 5108//5108 5088//5088
f 5111//5111 5088//5088 5099//5099
f 5099//5099 5088//5088 5105//5105
f 5099//5099 5105//5105 5096//5096
f 5095//5095 5096//5096 5104//5104
f 5095//5095 5104//5104 5175//5175
f 5189//5189 5170//5170 5095//5095
f 5189//5189 5095//5095 5175//5175
f 5189//5189 5174//5174 5169//5169
f 5189//5189 5169//5169 5170//5170
f 5068//5068 5066//5066 5174//5174
f 5068//5068 5174//5174 5189//5189
f 5089//5089 5087//5087 5109//5109
f 5089//5089 5109//5109 5101//5101
f 5151//5151 5172//5172 5136//5136
f 5124//5124 5166//5166 5151//5151
f 5151//5151 5136//5136 5137//5137
f 5151//5151 5137//5137 5150//5150
f 5131//5131 5151//5151 5150//5150
f 5166//5166 5124//5124 5167//5167
f 5124//5124 5168//5168 5167//5167
f 5124//5124 5188//5188 5168//5168
f 5149//5149 5186//5186 5148//5148
f 5140//5140 5138//5138 5137//5137
f 5140//5140 5137//5137 5181//5181
f 5141//5141 5140//5140 5139//5139
f 5141//5141 5139//5139 5187//5187
f 5141//5141 5187//5187 5144//5144
f 5176//5176 5132//5132 5133//5133
f 5189//5189 5175//5175 5064//5064
f 5108//5108 5109//5109 5087//5087
f 5108//5108 5087//5087 5088//5088
f 5042//5042 5089//5089 5102//5102
f 5042//5042 5102//5102 5043//5043
f 5162//5162 5161//5161 5132//5132
f 5162//5162 5132//5132 5176//5176
f 5100//5100 5092//5092 5111//5111
f 5100//5100 5111//5111 5099//5099
f 5244//5244 5245//5245 5074//5074
f 5245//5245 5154//5154 5103//5103
f 5049//5049 5051//5051 5059//5059
f 5178//5178 4941//4941 5066//5066
f 5178//5178 5066//5066 5067//5067
f 4941//4941 4712//4712 5065//5065
f 4941//4941 5065//5065 5066//5066
f 4712//4712 5179//5179 5065//5065
f 5177//5177 5056//5056 5179//5179
f 5086//5086 5242//5242 5195//5195
f 5086//5086 5158//5158 5242//5242
f 5076//5076 5077//5077 5234//5234
f 5077//5077 5073//5073 5069//5069
f 5140//5140 5181//5181 5139//5139
f 5173//5173 5180//5180 5183//5183
f 5173//5173 5183//5183 5184//5184
f 5174//5174 5173//5173 5184//5184
f 5039//5039 5067//5067 5068//5068
f 5144//5144 5143//5143 5142//5142
f 5148//5148 5142//5142 5143//5143
f 5068//5068 5189//5189 5064//5064
f 4733//4733 5067//5067 5039//5039
f 5222//5222 5225//5225 5223//5223
f 5202//5202 5254//5254 5222//5222
f 5230//5230 5254//5254 5202//5202
f 5192//5192 5236//5236 5233//5233
f 5202//5202 5204//5204 5229//5229
f 5203//5203 5255//5255 5201//5201
f 5191//5191 5234//5234 5255//5255
f 5234//5234 5233//5233 5255//5255
f 5233//5233 5236//5236 5204//5204
f 5223//5223 5219//5219 5222//5222
f 5237//5237 5229//5229 5241//5241
f 5240//5240 5230//5230 5237//5237
f 5237//5237 5230//5230 5229//5229
f 5236//5236 5070//5070 5190//5190
f 5236//5236 5069//5069 5070//5070
f 5253//5253 5241//5241 5190//5190
f 5235//5235 5205//5205 5210//5210
f 5206//5206 5235//5235 5254//5254
f 5254//5254 5210//5210 5225//5225
f 5254//5254 5230//5230 5240//5240
f 5241//5241 5240//5240 5237//5237
f 5254//5254 5235//5235 5210//5210
f 5210//5210 5196//5196 5225//5225
f 5253//5253 5251//5251 5209//5209
f 5253//5253 5190//5190 5252//5252
f 5213//5213 5211//5211 5224//5224
f 5224//5224 5211//5211 5226//5226
f 5224//5224 5226//5226 5231//5231
f 5231//5231 5252//5252 5218//5218
f 5226//5226 5213//5213 5212//5212
f 5243//5243 5216//5216 5228//5228
f 5221//5221 5214//5214 5239//5239
f 5228//5228 5227//5227 5249//5249
f 5199//5199 5197//5197 5220//5220
f 5220//5220 5244//5244 5199//5199
f 5245//5245 5215//5215 5154//5154
f 5244//5244 5246//5246 5215//5215
f 5244//5244 5248//5248 5238//5238
f 5246//5246 5244//5244 5238//5238
f 5248//5248 5244//5244 5220//5220
f 5240//5240 5241//5241 5253//5253
f 5232//5232 5247//5247 5239//5239
f 5076//5076 5234//5234 5191//5191
f 5193//5193 5072//5072 5218//5218
f 5190//5190 5241//5241 5236//5236
f 5234//5234 5192//5192 5233//5233
f 5072//5072 5154//5154 5215//5215
f 5247//5247 5232//5232 5217//5217
f 5232//5232 5216//5216 5217//5217
f 5251//5251 5252//5252 5231//5231
f 5251//5251 5231//5231 5212//5212
f 5217//5217 5246//5246 5247//5247
f 5225//5225 5222//5222 5254//5254
f 5212//5212 5213//5213 5205//5205
f 5224//5224 5216//5216 5205//5205
f 5224//5224 5205//5205 5213//5213
f 5216//5216 5210//5210 5205//5205
f 5216//5216 5243//5243 5210//5210
f 5249//5249 5248//5248 5228//5228
f 5227//5227 5214//5214 5249//5249
f 5227//5227 5232//5232 5214//5214
f 5195//5195 5223//5223 5225//5225
f 5195//5195 5225//5225 5194//5194
f 5196//5196 5194//5194 5225//5225
f 5243//5243 5197//5197 5198//5198
f 5226//5226 5211//5211 5213//5213
f 5253//5253 5254//5254 5240//5240
f 5223//5223 5195//5195 5242//5242
f 5196//5196 5210//5210 5243//5243
f 5196//5196 5243//5243 5198//5198
f 5220//5220 5197//5197 5243//5243
f 5242//5242 5191//5191 5219//5219
f 5220//5220 5243//5243 5228//5228
f 5216//5216 5218//5218 5217//5217
f 5215//5215 5217//5217 5072//5072
f 5247//5247 5246//5246 5238//5238
f 5226//5226 5212//5212 5231//5231
f 5206//5206 5208//5208 5235//5235
f 5235//5235 5208//5208 5205//5205
f 5205//5205 5207//5207 5251//5251
f 5208//5208 5207//5207 5205//5205
f 5207//5207 5206//5206 5209//5209
f 5208//5208 5206//5206 5207//5207
f 5200//5200 5219//5219 5203//5203
f 5200//5200 5203//5203 5201//5201
f 5222//5222 5200//5200 5202//5202
f 5204//5204 5255//5255 5233//5233
f 5200//5200 5222//5222 5219//5219
f 5204//5204 5202//5202 5201//5201
f 5202//5202 5200//5200 5201//5201
f 5203//5203 5191//5191 5255//5255
f 5203//5203 5219//5219 5191//5191
f 5251//5251 5253//5253 5252//5252
f 5223//5223 5242//5242 5219//5219
f 5218//5218 5072//5072 5217//5217
f 5244//5244 5215//5215 5245//5245
f 5217//5217 5215//5215 5246//5246
f 5228//5228 5248//5248 5220//5220
f 5228//5228 5216//5216 5232//5232
f 5227//5227 5228//5228 5232//5232
f 5239//5239 5214//5214 5232//5232
f 5214//5214 5221//5221 5250//5250
f 5249//5249 5214//5214 5250//5250
f 5250//5250 5221//5221 5238//5238
f 5238//5238 5221//5221 5239//5239
f 5247//5247 5238//5238 5239//5239
f 5238//5238 5248//5248 5250//5250
f 5249//5249 5250//5250 5248//5248
f 5251//5251 5212//5212 5205//5205
f 5224//5224 5218//5218 5216//5216
f 5224//5224 5231//5231 5218//5218
f 5209//5209 5254//5254 5253//5253
f 5254//5254 5209//5209 5206//5206
f 5204//5204 5236//5236 5229//5229
f 5236//5236 5241//5241 5229//5229
f 5202//5202 5229//5229 5230//5230
f 5209//5209 5251//5251 5207//5207
f 5255//5255 5204//5204 5201//5201
# 10502 faces, 0 coords texture

# End of File
