####
#
# OBJ File Generated by Meshlab
#
####
# Object cat5.obj
#
# Vertices: 1396
# Faces: 2784
#
####
vn 0.046857 0.969870 -0.239073
v -0.013136 0.479705 0.145617
vn 0.431562 0.902061 -0.006350
v 0.011473 0.475306 0.167263
vn 0.751064 0.608458 0.256285
v 0.033970 0.452946 0.190488
vn 0.975159 0.004567 0.221459
v 0.068567 0.322439 0.195120
vn 0.924682 0.135330 0.355878
v 0.059402 0.357358 0.218752
vn 0.967860 -0.223306 0.115675
v 0.060352 0.264677 0.189010
vn 0.961752 -0.273759 -0.009443
v 0.055987 0.240018 0.143557
vn 0.053439 0.321994 -0.945232
v -0.053387 0.409343 0.042408
vn -0.009354 0.179977 -0.983626
v -0.050579 0.333804 0.029347
vn 0.058993 0.182637 -0.981409
v -0.053113 0.388829 0.036548
vn 0.519299 -0.485082 -0.703580
v 0.022120 0.205646 0.033825
vn 0.003290 -0.414481 -0.910052
v 0.002598 0.228543 0.014963
vn 0.135059 -0.756842 -0.639491
v 0.030377 0.221592 0.016130
vn -0.079630 -0.000993 -0.996824
v -0.024996 0.253194 0.008621
vn -0.342921 -0.237352 -0.908884
v -0.016504 0.265718 0.007774
vn -0.565526 -0.044581 -0.823524
v -0.027349 0.292928 0.011805
vn 0.738637 -0.618935 -0.267087
v 0.036357 0.204912 0.054830
vn 0.333610 -0.068384 -0.940227
v -0.005907 0.215543 0.016276
vn 0.257409 0.908466 -0.329288
v -0.065926 0.466799 0.094791
vn -0.328935 0.148985 -0.932526
v -0.036484 0.285324 0.014901
vn -0.037394 0.058203 -0.997604
v -0.051839 0.264102 0.014689
vn 0.959204 -0.230780 -0.163305
v 0.038096 0.199431 0.081442
vn 0.976590 0.032683 -0.212614
v 0.047368 0.202330 0.122067
vn 0.227848 0.952396 -0.202551
v -0.022713 0.487910 0.186967
vn 0.390039 0.481971 -0.784585
v -0.034290 0.493501 0.196418
vn 0.283165 0.956037 -0.076234
v -0.004272 0.480861 0.159339
vn 0.781991 0.446548 -0.434839
v -0.022152 0.491624 0.208250
vn 0.519602 0.846892 0.113084
v -0.004454 0.479092 0.203815
vn 0.690990 0.365044 0.623919
v 0.010452 0.414422 0.272923
vn 0.595390 0.389838 0.702522
v -0.018033 0.461658 0.267047
vn 0.781842 0.422559 0.458439
v -0.013106 0.467646 0.257168
vn 0.705459 0.467848 0.532396
v 0.012960 0.436162 0.254337
vn 0.745425 0.615044 0.257025
v -0.006236 0.472500 0.235822
vn 0.725044 0.566888 0.391087
v 0.019472 0.443870 0.234761
vn 0.650203 0.705959 0.280816
v 0.013928 0.461314 0.216125
vn 0.324678 0.322021 0.889318
v -0.015560 0.402123 0.296524
vn 0.522172 0.365169 0.770706
v -0.004241 0.415302 0.285373
vn 0.849214 0.229558 0.475540
v 0.041725 0.396348 0.236895
vn 0.880656 0.112062 0.460311
v 0.045034 0.336152 0.251694
vn 0.932546 0.018244 0.360590
v 0.060629 0.332582 0.221055
vn 0.803145 0.405340 0.436643
v 0.036681 0.423004 0.228403
vn 0.993159 0.002525 -0.116741
v 0.053692 0.211454 0.156617
vn 0.994409 -0.102635 -0.024834
v 0.055810 0.239137 0.160615
vn 0.981651 -0.119494 0.148605
v 0.071185 0.301043 0.173082
vn 0.975615 -0.059334 0.211316
v 0.056391 0.280809 0.224051
vn 0.939093 0.027995 0.342521
v 0.051722 0.304207 0.242022
vn 0.926660 0.036829 0.374092
v 0.046727 0.233111 0.264388
vn 0.883052 0.056881 0.465815
v 0.040397 0.263526 0.276490
vn 0.828793 0.116551 0.547283
v 0.033142 0.292501 0.283648
vn 0.780860 0.267450 0.564560
v 0.018948 0.390222 0.274605
vn 0.821324 0.173464 0.543449
v 0.031907 0.355194 0.268695
vn 0.684154 0.238414 0.689269
v 0.013350 0.372786 0.288315
vn 0.479037 0.243399 0.843375
v -0.000630 0.368098 0.300351
vn 0.585446 0.166656 0.793397
v 0.007885 0.337993 0.302425
vn 0.423745 0.133846 0.895838
v -0.005604 0.317884 0.313824
vn 0.443315 0.045684 0.895201
v -0.001739 0.281966 0.315253
vn 0.609238 0.023595 0.792636
v 0.017795 0.262604 0.303474
vn 0.603218 0.089441 0.792545
v 0.011805 0.297418 0.305653
vn 0.707464 -0.001733 0.706747
v 0.025653 0.243271 0.296506
vn 0.754857 0.058062 0.653314
v 0.030066 0.269407 0.291474
vn 0.733655 0.139325 0.665085
v 0.018682 0.323902 0.295489
vn 0.240209 0.083202 0.967149
v -0.024809 0.292864 0.322836
vn 0.267240 0.206442 0.941257
v -0.019661 0.348056 0.313711
vn 0.108340 0.293192 0.949895
v -0.037782 0.387184 0.306738
vn 0.081808 0.148617 0.985505
v -0.042789 0.324102 0.321824
vn 0.996360 0.056892 -0.063482
v 0.057102 0.216955 0.188470
vn 0.995791 0.032379 0.085748
v 0.056495 0.238413 0.224926
vn 0.997423 -0.059072 0.040705
v 0.057882 0.252853 0.200447
vn 0.993778 0.111203 -0.006252
v 0.059357 0.204241 0.207986
vn 0.971121 0.042575 0.234759
v 0.052454 0.237525 0.245900
vn 0.002870 0.887579 -0.460647
v -0.040230 0.454579 0.080185
vn -0.123151 0.741711 -0.659317
v -0.043989 0.440680 0.061182
vn -0.590801 0.355707 -0.724173
v -0.033942 0.410370 0.035779
vn -0.847110 0.055566 -0.528505
v -0.034429 0.350559 0.020091
vn -0.412294 0.170165 -0.895018
v -0.043882 0.384522 0.034507
vn -0.671260 0.063408 -0.738505
v -0.037757 0.322749 0.021019
vn -0.384443 0.132351 -0.913612
v -0.044939 0.347628 0.029869
vn -0.085022 0.708875 -0.700191
v -0.060728 0.489153 0.187251
vn 0.765089 0.642332 -0.045248
v -0.013767 0.484657 0.217590
vn 0.929024 0.339829 0.146393
v -0.014465 0.483357 0.245332
vn 0.339784 0.366823 0.866018
v -0.029019 0.456361 0.277101
vn 0.047818 0.316062 0.947533
v -0.050615 0.448399 0.285032
vn 0.858537 -0.512356 0.020137
v 0.054602 0.228471 0.085429
vn 0.920000 -0.381922 0.087955
v 0.065795 0.255107 0.122609
vn 0.968382 -0.223542 0.110745
v 0.069395 0.281112 0.160885
vn 0.970433 -0.240788 0.016768
v 0.069424 0.263294 0.106950
vn -0.927381 0.200151 0.316077
v -0.170924 0.387995 0.196000
vn -0.635558 0.744921 0.202879
v -0.138560 0.466958 0.172918
vn -0.931760 -0.355383 -0.074345
v -0.161147 0.236660 0.107685
vn -0.945214 -0.326447 -0.001943
v -0.177369 0.274167 0.097230
vn 0.246036 0.814963 -0.524692
v -0.061622 0.459890 0.081088
vn -0.026353 -0.486519 -0.873272
v -0.121573 0.234876 0.007931
vn -0.455159 -0.412562 -0.789064
v -0.124203 0.209573 0.023194
vn -0.565203 -0.595642 -0.570751
v -0.138768 0.225998 0.021963
vn 0.279107 -0.068711 -0.957798
v -0.075757 0.243414 0.009723
vn 0.466579 -0.084523 -0.880431
v -0.095885 0.289428 -0.002258
vn 0.356749 0.060645 -0.932230
v -0.067318 0.274651 0.013053
vn -0.837239 -0.434206 -0.332409
v -0.142669 0.215190 0.044113
vn -0.064040 -0.308080 -0.949203
v -0.104435 0.237509 0.007293
vn 0.090145 -0.152754 -0.984144
v -0.087931 0.226437 0.009148
vn 0.269126 -0.261419 -0.926947
v -0.104788 0.267763 -0.001860
vn -0.906875 -0.409462 -0.099590
v -0.173316 0.269005 0.050263
vn 0.138710 0.171566 -0.975359
v -0.057950 0.290579 0.018412
vn 0.059726 0.012648 -0.998135
v -0.056741 0.217024 0.014008
vn -0.845636 0.435240 0.308975
v -0.154392 0.434129 0.196441
vn -0.930181 -0.333474 -0.153486
v -0.149461 0.217205 0.074459
vn 0.049759 0.978455 -0.200376
v -0.061467 0.481644 0.162962
vn -0.048345 0.997177 -0.057447
v -0.096054 0.484973 0.163962
vn -0.352933 0.900740 -0.253193
v -0.086387 0.485207 0.194578
vn -0.704417 0.708433 0.043816
v -0.099326 0.478465 0.215976
vn -0.539510 0.796109 0.274117
v -0.119072 0.470095 0.200855
vn -0.732148 0.589652 0.340984
v -0.101321 0.470214 0.240474
vn -0.720482 0.612254 0.325655
v -0.144088 0.454768 0.188299
vn -0.715887 0.501338 0.485970
v -0.123143 0.437814 0.250157
vn -0.726765 0.309049 0.613434
v -0.122035 0.405148 0.274284
vn -0.717392 0.336359 0.610091
v -0.090626 0.465123 0.263203
vn -0.678470 0.634727 0.369864
v -0.121373 0.454266 0.230765
vn -0.553050 0.434002 0.711181
v -0.101692 0.426063 0.281260
vn -0.438803 0.352926 0.826375
v -0.098909 0.414106 0.289101
vn -0.206693 0.346662 0.914934
v -0.081704 0.404912 0.298478
vn -0.380013 0.393779 0.836976
v -0.079523 0.450921 0.278760
vn -0.110532 0.279015 0.953904
v -0.070629 0.379015 0.309072
vn -0.885283 0.111665 0.451447
v -0.152335 0.339055 0.252467
vn -0.861024 0.197375 0.468701
v -0.154713 0.381864 0.234828
vn -0.918300 0.087304 0.386140
v -0.165145 0.346301 0.225538
vn -0.831388 0.330793 0.446509
v -0.148694 0.415724 0.227376
vn -0.982058 -0.110270 0.152979
v -0.178833 0.314080 0.176541
vn -0.966377 0.011855 0.256856
v -0.174809 0.334168 0.198046
vn -0.966965 -0.251246 -0.043051
v -0.165823 0.245002 0.139922
vn -0.977336 -0.201461 0.065014
v -0.169659 0.262832 0.179114
vn -0.965186 -0.202415 -0.165660
v -0.155120 0.211216 0.114580
vn -0.982874 -0.135496 -0.124896
v -0.160284 0.215043 0.142850
vn -0.942921 0.026214 0.331982
v -0.161921 0.310369 0.235921
vn -0.867965 0.003245 0.496615
v -0.148315 0.246085 0.279102
vn -0.938970 0.027027 0.342936
v -0.155635 0.258109 0.260986
vn -0.980636 -0.017155 0.195089
v -0.161732 0.222123 0.240081
vn -0.870425 0.098254 0.482397
v -0.145305 0.288512 0.279492
vn -0.768403 0.154606 0.621011
v -0.132832 0.326221 0.288287
vn -0.750429 0.223384 0.622058
v -0.125141 0.378711 0.281477
vn -0.644646 0.184458 0.741894
v -0.119528 0.347460 0.297330
vn -0.562375 0.257773 0.785677
v -0.112064 0.376108 0.295381
vn -0.323137 0.261568 0.909486
v -0.093648 0.372711 0.305508
vn -0.443432 0.178313 0.878392
v -0.103034 0.339622 0.309587
vn -0.237999 0.178089 0.954799
v -0.084327 0.336362 0.316751
vn -0.400452 0.075127 0.913233
v -0.102831 0.296082 0.316423
vn -0.589496 0.008058 0.807731
v -0.123317 0.261038 0.306388
vn -0.610974 0.113857 0.783420
v -0.121801 0.302363 0.304485
vn -0.463724 -0.039195 0.885112
v -0.110699 0.238266 0.313628
vn -0.750614 0.061766 0.657848
v -0.136987 0.273101 0.293589
vn -0.029013 0.083474 0.996087
v -0.059375 0.293774 0.325636
vn -0.182631 0.080289 0.979898
v -0.081576 0.291139 0.323395
vn -0.279430 -0.015163 0.960046
v -0.086243 0.241547 0.323776
vn -0.060216 0.181853 0.981480
v -0.062927 0.335986 0.319849
vn -0.994970 -0.100031 0.005248
v -0.166253 0.240527 0.188607
vn -0.981107 -0.061917 0.183291
v -0.166231 0.281027 0.217067
vn -0.980341 -0.139001 0.140036
v -0.169647 0.271247 0.191657
vn -0.833861 0.182782 0.520832
v -0.142871 0.350536 0.265886
vn -0.078258 0.001428 0.996932
v -0.059945 0.241422 0.327620
vn 0.672518 0.481869 -0.561714
v -0.089130 0.445165 0.041158
vn 0.251176 0.607876 -0.753257
v -0.057324 0.437356 0.056764
vn 0.723041 0.060886 -0.688117
v -0.078505 0.332523 0.012889
vn 0.641386 -0.023914 -0.766845
v -0.090472 0.308869 0.000772
vn 0.495142 0.151730 -0.855460
v -0.066247 0.361879 0.029116
vn 0.522834 0.134433 -0.841767
v -0.068226 0.306689 0.016623
vn 0.515295 0.226516 -0.826536
v -0.070707 0.396530 0.033312
vn 0.304070 -0.397082 -0.865949
v -0.124270 0.284246 -0.018220
vn -0.944526 0.256939 0.204581
v -0.096223 0.477404 0.246103
vn -0.210598 0.299963 0.930414
v -0.065655 0.450763 0.283023
vn -0.817191 0.409802 -0.405292
v -0.090832 0.487207 0.209100
vn 0.106293 0.074926 -0.991508
v -0.050713 0.503913 0.192105
vn 0.945347 0.247574 -0.212195
v -0.018122 0.494931 0.221966
vn 0.328142 0.270777 0.904988
v -0.049540 0.524729 0.262478
vn 0.880403 0.280315 0.382511
v -0.026032 0.529285 0.238469
vn 0.584294 0.074225 -0.808141
v -0.037035 0.534881 0.197346
vn -0.439926 0.279671 -0.853375
v -0.073187 0.493578 0.193918
vn -0.957101 0.104813 0.270132
v -0.095917 0.505688 0.241074
vn -0.975284 0.173130 -0.137285
v -0.095210 0.485895 0.223712
vn -0.741112 0.186390 0.644990
v -0.085096 0.503582 0.257292
vn -0.491983 0.252875 0.833071
v -0.075033 0.469002 0.274057
vn -0.805071 -0.062525 -0.589874
v -0.088043 0.526429 0.201286
vn 0.000819 0.231833 0.972755
v -0.059050 0.526132 0.263536
vn 0.535764 0.264925 0.801730
v -0.041672 0.523024 0.259044
vn 0.730400 0.292227 0.617348
v -0.031341 0.523228 0.249678
vn 0.711087 0.267883 0.650073
v -0.039943 0.554126 0.248283
vn 0.912499 0.272493 0.305113
v -0.033223 0.562229 0.231256
vn 0.972763 0.227163 0.046132
v -0.021648 0.521102 0.230493
vn 0.949094 0.182701 -0.256595
v -0.026338 0.533365 0.213080
vn 0.970160 0.236466 -0.053615
v -0.033078 0.566951 0.218967
vn 0.905935 0.179145 -0.383652
v -0.037863 0.575108 0.206573
vn 0.853505 0.140697 -0.501730
v -0.029748 0.533032 0.205320
vn 0.445769 0.006342 -0.895125
v -0.052923 0.575998 0.191295
vn 0.346602 0.239919 0.906811
v -0.053596 0.555359 0.256376
vn 0.730314 0.101813 -0.675481
v -0.044479 0.579021 0.197835
vn -0.802928 0.089353 0.589341
v -0.087234 0.530472 0.247053
vn -0.926681 0.055065 0.371793
v -0.092911 0.533631 0.235820
vn -0.996059 -0.044796 -0.076547
v -0.095131 0.536542 0.219615
vn -0.824117 -0.123984 -0.552683
v -0.093228 0.556273 0.203743
vn -0.356604 -0.069520 -0.931666
v -0.076560 0.537267 0.193012
vn -0.319113 0.189368 0.928605
v -0.068949 0.528564 0.261319
vn -0.837343 -0.023114 0.546189
v -0.094253 0.595109 0.235444
vn 0.833058 0.014343 0.552999
v 0.037130 0.239440 0.282929
vn 0.468724 -0.005602 0.883327
v 0.001724 0.250067 0.313921
vn 0.316587 -0.001605 0.948562
v -0.019381 0.251421 0.322792
vn 0.108829 0.024716 0.993753
v -0.038739 0.257693 0.326799
vn 0.664412 0.043015 -0.746128
v 0.014887 0.192340 0.031842
vn 0.315690 0.125682 -0.940502
v -0.010993 0.169143 0.010254
vn 0.936210 0.183333 -0.299834
v 0.037176 0.165437 0.062262
vn 0.893484 -0.143205 -0.425651
v 0.031103 0.195517 0.054178
vn 0.957411 0.046643 0.284937
v 0.057602 0.171534 0.243020
vn 0.893020 0.010917 0.449884
v 0.049167 0.171360 0.265038
vn 0.749863 -0.021453 0.661245
v 0.036364 0.158487 0.284727
vn 0.986672 0.079003 0.142255
v 0.057112 0.212520 0.231029
vn 0.436035 -0.042512 0.898925
v -0.001411 0.176435 0.313346
vn 0.564831 -0.059868 0.823032
v 0.016848 0.159006 0.302121
vn 0.585947 -0.019759 0.810108
v 0.014011 0.205691 0.305745
vn 0.844425 -0.053125 0.533033
v 0.046003 0.141198 0.269634
vn 0.972387 0.087300 0.216429
v 0.067638 0.125852 0.212261
vn 0.928667 0.018358 0.370460
v 0.060720 0.111465 0.237234
vn 0.309283 -0.058780 0.949152
v -0.016483 0.179376 0.319846
vn 0.703200 -0.097805 0.704233
v 0.029375 0.142192 0.290722
vn 0.111590 -0.081707 0.990390
v -0.040160 0.162344 0.324102
vn 0.261924 -0.137373 0.955261
v -0.024264 0.124223 0.317322
vn -0.004756 -0.168596 0.985674
v -0.044087 0.122068 0.320238
vn 0.412866 -0.108921 0.904256
v -0.005393 0.130751 0.311560
vn 0.196811 -0.033960 0.979853
v -0.026814 0.200389 0.323714
vn 0.984152 0.164374 0.066525
v 0.069226 0.133143 0.194446
vn 0.982514 0.175046 -0.063443
v 0.064109 0.160119 0.183592
vn 0.816048 0.191137 -0.545465
v 0.029240 0.153613 0.038873
vn 0.008535 0.010975 -0.999903
v -0.027586 0.203591 0.010543
vn 0.964513 0.195047 -0.177967
v 0.058058 0.165842 0.142289
vn 0.726407 -0.056078 0.684973
v 0.033545 0.089713 0.277108
vn 0.549374 -0.127185 0.825840
v 0.009267 0.118326 0.301715
vn 0.073633 0.103749 -0.991874
v -0.021996 0.180193 0.009560
vn -0.938737 -0.045426 0.341628
v -0.157030 0.210229 0.256037
vn -0.845696 -0.064070 0.529805
v -0.145668 0.218069 0.281068
vn -0.731873 -0.038479 0.680354
v -0.137171 0.237058 0.293645
vn -0.613747 -0.085402 0.784870
v -0.124163 0.205611 0.302473
vn -0.997258 -0.006966 -0.073670
v -0.162807 0.178200 0.187390
vn -0.997955 -0.033713 0.054308
v -0.164550 0.215421 0.216025
vn -0.956023 -0.144773 -0.255071
v -0.137547 0.171519 0.070991
vn -0.836930 -0.164450 -0.522020
v -0.129520 0.180550 0.043091
vn -0.550835 -0.066298 -0.831977
v -0.109079 0.188870 0.022363
vn -0.827984 0.002091 -0.560748
v -0.128427 0.157123 0.041442
vn -0.164506 -0.112153 -0.979979
v -0.090010 0.210335 0.011061
vn -0.615456 0.027013 -0.787708
v -0.110791 0.152189 0.020879
vn -0.972990 -0.024538 -0.229539
v -0.152012 0.173165 0.123787
vn -0.948243 0.005185 -0.317504
v -0.138801 0.126668 0.069277
vn -0.942951 -0.104267 0.316183
v -0.156740 0.124559 0.237070
vn -0.886396 -0.091109 0.453874
v -0.149597 0.178335 0.267910
vn -0.873688 -0.142935 0.465015
v -0.149012 0.122032 0.255705
vn -0.790236 -0.164789 0.590231
v -0.137677 0.118901 0.272482
vn -0.697478 -0.141367 0.702524
v -0.130425 0.151824 0.288962
vn -0.771636 -0.109680 0.626536
v -0.136463 0.176417 0.287228
vn -0.996172 -0.049656 0.071940
v -0.164217 0.127704 0.203796
vn -0.978298 -0.055467 0.199640
v -0.161421 0.142470 0.224862
vn -0.719456 -0.192200 0.667415
v -0.130331 0.113512 0.279715
vn -0.614628 -0.208513 0.760759
v -0.120056 0.114237 0.289819
vn -0.391664 -0.119998 0.912250
v -0.094269 0.160129 0.314087
vn -0.382847 -0.081493 0.920210
v -0.096378 0.194693 0.317058
vn -0.498271 -0.106449 0.860462
v -0.111982 0.177928 0.307261
vn -0.916739 -0.196321 0.347918
v -0.152193 0.094610 0.236560
vn -0.821572 -0.227064 0.522936
v -0.141361 0.092205 0.257907
vn -0.965144 -0.138793 0.221886
v -0.159296 0.103538 0.218138
vn -0.161364 -0.106237 0.981160
v -0.067056 0.152205 0.322088
vn -0.224666 -0.068359 0.972035
v -0.077411 0.196392 0.323433
vn -0.588447 -0.146050 0.795236
v -0.119363 0.146883 0.297644
vn 0.000127 -0.047534 0.998870
v -0.051625 0.189506 0.326575
vn -0.471210 -0.171283 0.865231
v -0.098719 0.122778 0.306267
vn -0.278785 -0.175491 0.944183
v -0.074117 0.121301 0.316072
vn -0.235856 -0.241862 0.941209
v -0.066473 0.070296 0.306465
vn -0.453152 -0.237415 0.859236
v -0.095214 0.089802 0.300431
vn -0.982655 -0.159863 0.093978
v -0.161317 0.088376 0.193307
vn -0.998714 -0.009375 0.049817
v -0.163406 0.173101 0.213690
vn -0.997555 0.009104 -0.069288
v -0.163459 0.127716 0.178275
vn -0.882271 -0.039888 -0.469048
v -0.129519 0.129364 0.044928
vn -0.328025 0.010139 -0.944615
v -0.090257 0.188001 0.012505
vn -0.304379 0.076092 -0.949507
v -0.086811 0.152439 0.008498
vn -0.984438 0.014397 -0.175141
v -0.158606 0.118441 0.140925
vn -0.988032 -0.028010 -0.151685
v -0.158309 0.175155 0.154181
vn -0.712102 -0.248902 0.656474
v -0.127952 0.090298 0.274639
vn -0.071996 0.088701 -0.993453
v -0.073390 0.178637 0.009161
vn -0.993499 -0.067555 -0.091632
v -0.161981 0.093709 0.166807
vn 0.844961 -0.039937 0.533335
v 0.051170 0.094741 0.255921
vn 0.424354 -0.142760 0.894172
v -0.001237 0.085654 0.301742
vn 0.420260 0.207007 -0.883476
v 0.001097 0.143723 0.011195
vn -0.009660 0.153668 -0.988075
v -0.044565 0.130711 0.000593
vn 0.965274 0.256233 -0.050908
v 0.070518 0.130844 0.168178
vn 0.575445 -0.071351 0.814722
v 0.020935 0.059650 0.284658
vn 0.929084 0.191891 0.316198
v 0.081868 0.048212 0.194517
vn 0.921750 0.067482 0.381867
v 0.068731 0.073915 0.221430
vn 0.937508 0.320720 0.134972
v 0.091956 0.042297 0.160441
vn 0.875912 0.067284 0.477756
v 0.060973 0.064979 0.239766
vn 0.705829 0.014256 0.708238
v 0.040510 0.050783 0.268707
vn 0.971625 0.231564 0.048189
v 0.085941 0.069977 0.158113
vn 0.953178 0.291870 -0.079142
v 0.079593 0.098989 0.141374
vn 0.909275 0.317007 -0.269676
v 0.074180 0.068240 0.062622
vn 0.859637 0.401469 -0.315985
v 0.051430 0.126487 0.063249
vn 0.695073 0.339887 -0.633523
v 0.039437 0.106283 0.025053
vn 0.920892 0.333845 -0.201262
v 0.069288 0.109898 0.097942
vn 0.836680 0.346100 -0.424477
v 0.052040 0.110585 0.049341
vn 0.439510 0.358618 -0.823544
v 0.015473 0.090856 -0.001669
vn 0.241400 0.328403 -0.913169
v -0.002237 0.108530 -0.000460
vn 0.147719 0.364990 -0.919218
v 0.001019 0.071936 -0.014526
vn 0.826203 0.073765 0.558522
v 0.059027 0.044576 0.246275
vn 0.458056 -0.077710 0.885520
v 0.004663 0.045890 0.293574
vn 0.316663 -0.128869 0.939743
v -0.010934 0.053973 0.300533
vn 0.323341 -0.100252 0.940957
v 0.005440 0.006892 0.290845
vn 0.162356 -0.171135 0.971779
v -0.024491 0.051544 0.303576
vn 0.960753 0.142597 0.237950
v 0.081268 0.072403 0.184148
vn 0.610675 0.274313 -0.742851
v 0.017373 0.137466 0.020834
vn 0.819771 0.339219 -0.461418
v 0.036661 0.137715 0.042098
vn 0.912465 0.346838 -0.217052
v 0.057479 0.142847 0.110386
vn 0.125900 0.233000 -0.964293
v -0.023389 0.124569 0.001304
vn -0.067432 0.277527 -0.958348
v -0.017005 0.047113 -0.022302
vn -0.711980 -0.007622 -0.702158
v -0.115430 0.119445 0.026167
vn -0.869932 -0.297398 0.393411
v -0.144837 0.072009 0.239548
vn -0.760827 -0.320695 0.564178
v -0.130682 0.067422 0.261171
vn -0.936318 -0.250048 0.246547
v -0.154459 0.075560 0.214413
vn -0.428268 -0.337122 0.838413
v -0.082317 0.051877 0.294706
vn -0.963870 -0.006955 -0.266281
v -0.150929 0.106907 0.106519
vn -0.837187 -0.438754 0.326518
v -0.116608 -0.035146 0.185751
vn -0.762383 -0.460234 0.454925
v -0.102028 -0.030561 0.219893
vn -0.447798 -0.419161 0.789798
v -0.061993 -0.016419 0.271598
vn -0.472955 -0.410303 0.779721
v -0.078605 0.017989 0.280135
vn -0.557184 -0.439109 0.704791
v -0.081162 -0.004239 0.265424
vn -0.666891 -0.464269 0.582848
v -0.089616 -0.021784 0.246314
vn 0.050925 -0.245501 0.968058
v -0.013026 -0.001447 0.293074
vn -0.982572 -0.183145 -0.031776
v -0.159069 0.071690 0.162071
vn -0.980355 -0.128703 -0.149465
v -0.154272 0.059511 0.138803
vn -0.969342 -0.236723 -0.065869
v -0.147972 0.025229 0.138607
vn -0.974983 -0.127823 -0.181848
v -0.145204 0.038132 0.102447
vn -0.929936 -0.364846 0.045893
v -0.134432 -0.015423 0.146610
vn -0.961129 -0.177971 -0.211088
v -0.135227 0.007783 0.070070
vn -0.962196 -0.256546 -0.091447
v -0.141110 0.007832 0.113332
vn -0.899289 -0.004786 -0.437329
v -0.129266 0.084593 0.050955
vn -0.940173 -0.035681 -0.338824
v -0.132218 0.028213 0.054093
vn -0.781288 0.021503 -0.623800
v -0.115579 0.090822 0.027264
vn -0.483683 0.071026 -0.872356
v -0.090348 0.109088 0.007659
vn -0.332338 0.198394 -0.922058
v -0.072311 0.069250 -0.008372
vn -0.219118 0.157070 -0.962973
v -0.073086 0.112571 0.001866
vn -0.131794 0.248646 -0.959586
v -0.040046 0.063631 -0.016195
vn -0.604045 0.083047 -0.792612
v -0.099643 0.090433 0.012319
vn -0.573507 -0.393147 0.718697
v -0.103518 0.039208 0.274746
vn -0.693866 -0.410664 0.591528
v -0.115241 0.034714 0.260056
vn -0.616309 -0.303061 0.726854
v -0.109189 0.068121 0.283793
vn -0.366198 -0.391559 0.844145
v -0.046792 -0.002663 0.286077
vn -0.188542 -0.345459 0.919299
v -0.031108 -0.007913 0.289315
vn -0.245057 -0.310524 0.918435
v -0.056901 0.038563 0.299472
vn -0.052534 -0.231999 0.971296
v -0.045049 0.059952 0.306720
vn -0.951299 -0.299685 0.072245
v -0.147258 0.024098 0.166234
vn -0.901884 -0.375383 0.213757
v -0.136396 0.000487 0.177384
vn -0.949139 -0.280007 0.143986
v -0.154400 0.054224 0.184888
vn -0.886470 -0.355403 0.296413
v -0.144503 0.049037 0.217998
vn -0.882082 -0.435184 0.180406
v -0.125646 -0.027397 0.169539
vn -0.807585 -0.399854 0.433502
v -0.130004 0.038271 0.241048
vn -0.941543 -0.032101 -0.335361
v -0.140219 0.078795 0.078057
vn -0.973287 -0.061075 -0.221320
v -0.153751 0.084353 0.122481
vn -0.076486 0.245381 -0.966405
v -0.039254 0.098738 -0.006099
vn -0.865359 0.005700 -0.501120
v -0.122159 0.039837 0.033236
vn -0.944993 -0.321991 -0.057525
v -0.133346 -0.016484 0.111496
vn 0.885121 0.390478 0.253156
v 0.092500 0.032504 0.177261
vn 0.746079 0.198054 0.635721
v 0.059347 0.019257 0.250299
vn 0.556727 0.053135 0.828995
v 0.038047 0.007352 0.271598
vn 0.952492 0.279998 -0.119831
v 0.087623 0.056510 0.118326
vn 0.938209 0.343433 -0.042630
v 0.093250 0.043329 0.131302
vn 0.565343 -0.720735 -0.401158
v 0.057586 0.061355 0.024480
vn 0.519203 -0.726992 -0.449345
v 0.070554 0.058805 0.043721
vn 0.830764 0.556437 0.014449
v 0.113568 0.013743 0.112974
vn 0.975038 0.062696 -0.213001
v 0.167072 -0.173414 0.154481
vn 0.778327 -0.221319 -0.587558
v 0.125852 -0.159426 0.040757
vn 0.813593 -0.284565 -0.507040
v 0.135910 -0.168090 0.059230
vn 0.887979 -0.075554 -0.453635
v 0.147206 -0.138158 0.068034
vn 0.780124 0.082393 -0.620176
v 0.119684 -0.114615 0.027380
vn 0.695122 0.004143 -0.718880
v 0.104566 -0.119406 0.010118
vn 0.760769 -0.076710 -0.644474
v 0.118320 -0.136140 0.025596
vn 0.948153 0.289561 -0.130994
v 0.148032 -0.071270 0.115572
vn 0.739570 0.085051 -0.667685
v 0.007964 -0.000977 -0.037218
vn 0.805866 0.001077 -0.592097
v 0.012420 0.026072 -0.030160
vn 0.280614 -0.247965 -0.927237
v 0.073094 -0.127259 -0.010816
vn 0.395787 -0.347904 -0.849892
v 0.085015 -0.146505 -0.000436
vn 0.658942 -0.239795 -0.712948
v 0.111554 -0.155804 0.022154
vn 0.566696 -0.068210 -0.821099
v 0.091479 -0.122282 -0.001400
vn -0.104630 -0.033168 -0.993958
v -0.033190 -0.044853 -0.031186
vn 0.305226 0.037023 -0.951560
v 0.022219 -0.056233 -0.035312
vn -0.160074 0.099952 -0.982031
v -0.016467 -0.008029 -0.033597
vn -0.090461 0.270007 -0.958600
v -0.004702 0.038911 -0.027036
vn -0.719338 -0.678054 0.150984
v 0.069838 0.058731 0.073844
vn 0.040160 0.782886 0.620868
v 0.083264 0.050710 0.095518
vn 0.074051 -0.053605 -0.995813
v -0.010593 -0.083843 -0.029180
vn 0.189011 -0.165738 -0.967887
v 0.036902 -0.090637 -0.028035
vn 0.522635 -0.756469 -0.393201
v 0.042083 0.058628 0.005433
vn -0.260404 -0.789539 0.555714
v 0.026109 0.066976 0.008824
vn -0.517300 -0.837372 0.176659
v 0.055539 0.065267 0.047741
vn 0.956712 0.187313 -0.222746
v 0.159119 -0.112052 0.106425
vn 0.995202 0.055518 -0.080566
v 0.167929 -0.134506 0.139256
vn 0.994550 0.089235 -0.053920
v 0.167643 -0.151061 0.169363
vn 0.897965 0.435399 0.063926
v 0.137104 -0.025661 0.141876
vn 0.398640 -0.558844 -0.727172
v 0.097688 -0.169156 0.018502
vn 0.430391 -0.692399 -0.579092
v 0.107959 -0.189097 0.046047
vn 0.247304 -0.724191 -0.643730
v 0.083830 -0.194617 0.037090
vn 0.801466 0.548005 0.239463
v 0.106084 0.004713 0.178381
vn 0.755575 0.520289 0.398001
v 0.103640 -0.007799 0.205936
vn 0.855589 0.267548 0.443153
v 0.077093 0.031663 0.216607
vn 0.798950 0.571636 0.186844
v 0.101717 0.025643 0.122261
vn 0.701256 0.406786 0.585461
v 0.084562 -0.005473 0.234345
vn 0.567385 0.287271 0.771718
v 0.079962 -0.029854 0.250635
vn 0.472322 0.398240 0.786331
v 0.094057 -0.043546 0.248314
vn 0.643667 0.520805 0.560763
v 0.101105 -0.020828 0.225217
vn 0.437481 0.207475 0.874965
v 0.065596 -0.043000 0.262693
vn 0.561828 0.456264 0.690052
v 0.117899 -0.066041 0.249313
vn 0.773444 0.562355 0.292473
v 0.126381 -0.028129 0.196217
vn 0.892446 0.413963 0.179370
v 0.136364 -0.044116 0.193878
vn 0.804703 0.563768 0.186063
v 0.126575 -0.017205 0.167868
vn 0.823883 0.332629 0.458884
v 0.145488 -0.096556 0.238404
vn 0.761476 0.499710 0.412849
v 0.128999 -0.044871 0.216934
vn 0.318306 0.259862 0.911676
v 0.073370 -0.058880 0.263883
vn 0.339380 0.309261 0.888357
v 0.106085 -0.084388 0.263331
vn 0.600115 0.236339 0.764203
v 0.134565 -0.106824 0.257335
vn 0.283261 0.012571 0.958961
v 0.035766 -0.042904 0.275010
vn 0.090317 0.093296 0.991534
v 0.046400 -0.077755 0.275204
vn 0.199316 0.127334 0.971627
v 0.095414 -0.104675 0.271141
vn 0.830909 0.537114 0.145255
v 0.108441 0.011679 0.144549
vn 0.941351 -0.084578 -0.326657
v 0.084655 0.046599 0.077275
vn 0.981997 0.179808 0.057885
v 0.164894 -0.129414 0.197665
vn 0.951641 0.214262 0.220159
v 0.163189 -0.129897 0.214833
vn 0.971338 0.227033 -0.070422
v 0.172790 -0.170375 0.185086
vn 0.923909 0.321695 0.207135
v 0.154845 -0.098232 0.213547
vn 0.883177 0.215857 0.416419
v 0.170253 -0.187501 0.226037
vn 0.805150 0.144635 0.575164
v 0.151857 -0.127442 0.242054
vn 0.556839 0.206669 0.804499
v 0.136571 -0.173722 0.265175
vn 0.238230 0.151380 0.959339
v 0.112478 -0.144327 0.269479
vn 0.455864 0.117886 0.882208
v 0.123838 -0.119824 0.264958
vn 0.748324 0.208516 0.629708
v 0.152225 -0.186307 0.253556
vn 0.175568 -0.526847 -0.831630
v 0.059223 -0.166075 0.006354
vn 0.961451 0.270368 0.050136
v 0.163129 -0.107292 0.165893
vn 0.960944 0.265272 -0.078847
v 0.163027 -0.108791 0.136047
vn 0.947469 0.319535 0.014116
v 0.149160 -0.068303 0.152572
vn 0.945110 -0.119479 -0.304124
v 0.162106 -0.189488 0.137412
vn 0.853686 0.495095 -0.161557
v 0.096458 0.035098 0.074197
vn 0.921997 0.087621 -0.377151
v 0.150952 -0.126870 0.075630
vn 0.859362 0.147990 -0.489486
v 0.137358 -0.099067 0.055775
vn 0.927256 0.229852 -0.295573
v 0.152972 -0.103016 0.092141
vn 0.847748 0.147597 -0.509450
v 0.122255 -0.061322 0.046144
vn 0.924855 0.284224 -0.252707
v 0.131632 -0.038780 0.081806
vn 0.921924 0.366386 -0.125770
v 0.135336 -0.024406 0.120580
vn 0.893427 0.396625 -0.210895
v 0.123160 -0.010635 0.086401
vn 0.865760 -0.242781 0.437626
v 0.004428 0.018979 -0.013003
vn 0.486928 0.132880 -0.863275
v 0.011750 -0.027080 -0.036725
vn 0.412069 -0.640589 0.647954
v 0.011347 0.049340 -0.009080
vn 0.817938 -0.312682 0.482916
v 0.005116 0.027498 -0.019172
vn 0.829683 -0.045453 -0.556381
v 0.134738 -0.130870 0.046661
vn 0.956755 -0.045868 -0.287256
v 0.161038 -0.137729 0.102536
vn 0.462302 0.377368 -0.802415
v 0.019769 0.063242 -0.010898
vn -0.716794 -0.375375 0.587622
v 0.050870 0.077559 0.061923
vn -0.532315 0.109434 0.839444
v 0.027480 0.090037 0.037511
vn -0.407851 -0.859716 0.307483
v 0.043999 0.065644 0.025329
vn 0.612601 -0.761860 0.210449
v 0.025513 0.047262 -0.016343
vn 0.635407 -0.498456 -0.589745
v 0.117124 -0.176623 0.039629
vn 0.895888 0.223184 -0.384154
v 0.130005 -0.056714 0.062912
vn 0.899545 0.294498 -0.322629
v 0.115418 -0.021743 0.049934
vn -0.930590 -0.284557 -0.230283
v -0.127469 -0.021243 0.063386
vn -0.888918 -0.138813 -0.436527
v -0.122302 -0.000668 0.036959
vn -0.361343 0.147315 -0.920722
v -0.068704 0.026112 -0.019013
vn -0.609769 0.105130 -0.785576
v -0.089940 0.030428 -0.005752
vn 0.116689 -0.204840 0.971815
v 0.015123 -0.031689 0.281686
vn -0.149965 0.194842 -0.969302
v -0.037276 0.036586 -0.022784
vn -0.877897 -0.388569 0.279841
v -0.073232 -0.132486 0.162033
vn -0.767659 -0.634529 0.089850
v 0.000097 -0.213568 0.159902
vn -0.382877 -0.869995 -0.310666
v 0.003594 -0.205818 0.057588
vn -0.819284 -0.538891 0.195880
v -0.071816 -0.143861 0.145295
vn 0.275197 -0.170534 -0.946142
v -0.003651 -0.106813 -0.024568
vn -0.050056 -0.688640 -0.723374
v 0.027884 -0.187331 0.015679
vn 0.105477 -0.508162 -0.854778
v 0.038255 -0.172092 0.005244
vn 0.093762 -0.380340 -0.920082
v 0.037559 -0.129324 -0.014209
vn -0.175486 -0.819952 -0.544870
v 0.026136 -0.199427 0.029936
vn -0.168090 -0.797203 -0.579839
v -0.012621 -0.180060 0.019793
vn 0.001263 -0.725950 -0.687746
v -0.006442 -0.166295 0.002812
vn -0.949405 -0.283605 -0.134903
v -0.111552 -0.056053 0.056786
vn -0.997380 0.057411 -0.044019
v -0.108022 -0.058179 0.031777
vn -0.726939 -0.652173 0.215014
v -0.042776 -0.171634 0.155776
vn -0.825650 -0.514670 0.231123
v 0.002691 -0.206880 0.203119
vn -0.708426 -0.662792 0.242568
v -0.014849 -0.195652 0.188255
vn -0.749972 -0.590888 0.297309
v -0.061266 -0.144736 0.173321
vn -0.785389 -0.493741 0.373342
v -0.056406 -0.137759 0.195804
vn -0.953065 -0.285063 0.102008
v -0.103643 -0.094102 0.082688
vn -0.237807 -0.897143 -0.372268
v 0.026509 -0.213219 0.055816
vn 0.019382 -0.850849 -0.525052
v 0.038540 -0.204397 0.036277
vn 0.158291 -0.713053 -0.683007
v 0.044239 -0.194671 0.024000
vn -0.796451 -0.483865 0.362685
v -0.106687 -0.048091 0.191782
vn -0.729437 -0.456110 0.509789
v -0.075980 -0.072208 0.217964
vn -0.854394 -0.442826 0.271877
v -0.082443 -0.097528 0.170982
vn -0.904256 -0.386911 0.180614
v -0.090582 -0.093478 0.146785
vn -0.332110 -0.381241 0.862762
v -0.033539 -0.040976 0.273013
vn -0.476401 -0.386542 0.789701
v -0.046461 -0.055095 0.259839
vn -0.133938 -0.301407 0.944041
v -0.009302 -0.045472 0.277182
vn -0.621384 -0.419980 0.661437
v -0.057711 -0.064542 0.246053
vn -0.329333 -0.173062 0.928218
v -0.007201 -0.088144 0.265820
vn -0.559075 -0.254155 0.789202
v -0.030946 -0.094162 0.253174
vn -0.722955 -0.337051 0.603102
v -0.051068 -0.095128 0.234444
vn -0.663469 -0.296806 0.686816
v -0.025557 -0.130931 0.247816
vn -0.759706 -0.442502 0.476485
v -0.043432 -0.134205 0.224491
vn -0.156511 -0.001297 0.987675
v 0.025275 -0.133689 0.276336
vn -0.440393 -0.141559 0.886575
v 0.007088 -0.139041 0.270500
vn -0.092939 -0.063144 0.993668
v 0.018691 -0.086733 0.272289
vn 0.000979 0.032458 0.999473
v 0.049499 -0.120054 0.277842
vn -0.819880 -0.393167 0.416193
v -0.068848 -0.102726 0.201194
vn -0.845269 -0.502865 0.180687
v -0.113204 -0.052535 0.165470
vn -0.915287 -0.399961 0.047762
v -0.106749 -0.072674 0.092533
vn -0.892739 -0.448235 0.045848
v -0.122637 -0.041713 0.134593
vn -0.912478 -0.402750 -0.071948
v -0.123242 -0.040505 0.084187
vn -0.686964 -0.470962 0.553421
v 0.003237 -0.177352 0.249260
vn -0.756712 -0.547269 0.357608
v -0.003714 -0.185090 0.229398
vn -0.589144 -0.245437 0.769851
v 0.039182 -0.208962 0.258580
vn -0.488671 -0.356965 0.796101
v 0.013360 -0.169237 0.265210
vn 0.031180 0.025337 0.999193
v 0.072876 -0.165798 0.275808
vn -0.188849 -0.150769 0.970363
v 0.036730 -0.161917 0.276771
vn -0.295133 -0.019159 0.955264
v 0.063678 -0.191923 0.274219
vn -0.920388 -0.188772 -0.342419
v -0.108083 -0.037088 0.027642
vn -0.231155 0.074930 -0.970027
v -0.061452 -0.008384 -0.025670
vn -0.597412 -0.800377 0.049954
v -0.012387 -0.209862 0.134810
vn 0.498198 -0.230098 -0.835975
v -0.003671 -0.130606 -0.019391
vn -0.751501 -0.648438 0.121554
v -0.064348 -0.160823 0.113683
vn -0.854304 -0.511886 0.090203
v -0.078136 -0.142810 0.107823
vn -0.705205 -0.707342 0.048504
v -0.056082 -0.172727 0.088305
vn -0.638812 -0.769160 -0.017649
v -0.051525 -0.176667 0.075543
vn 0.032494 0.260460 -0.964938
v -0.046790 -0.061419 -0.030049
vn -0.453890 -0.871070 -0.187672
v -0.005384 -0.211001 0.090937
vn -0.702506 -0.699279 0.132269
v -0.040317 -0.182244 0.127244
vn -0.526879 0.130917 -0.839797
v -0.075447 -0.026246 -0.020963
vn -0.703512 0.597393 -0.384958
v -0.098311 -0.040838 -0.006996
vn -0.881242 0.470507 -0.045125
v -0.106029 -0.048025 0.003265
vn -0.801437 0.116449 -0.586633
v -0.093318 -0.019140 -0.003122
vn -0.921330 0.056057 -0.384718
v -0.102513 -0.031816 0.014152
vn -0.782249 -0.018197 -0.622700
v -0.106140 0.018921 0.010230
vn -0.736232 -0.593485 0.325173
v -0.037327 -0.164349 0.187230
vn -0.645065 -0.763744 0.024204
v -0.037759 -0.187141 0.107378
vn 0.735067 -0.485908 -0.472831
v 0.134111 -0.189704 0.075349
vn 0.882178 -0.272154 -0.384309
v 0.150930 -0.175011 0.093093
vn 0.957179 0.250549 0.145027
v 0.173463 -0.172813 0.206147
vn 0.082744 0.217950 0.972446
v 0.108813 -0.181393 0.279197
vn 0.473040 -0.635729 -0.609985
v 0.109871 -0.213622 0.078295
vn 0.144608 -0.750497 -0.644859
v 0.082907 -0.225263 0.078632
vn 0.829147 -0.315931 -0.461197
v 0.151687 -0.205561 0.122486
vn 0.625735 -0.572485 -0.529827
v 0.127457 -0.204213 0.084109
vn 0.438876 -0.418409 -0.795186
v 0.128456 -0.240180 0.114256
vn 0.817750 0.165365 -0.551306
v 0.186858 -0.269557 0.171248
vn 0.844879 0.054113 -0.532214
v 0.173003 -0.231915 0.155188
vn 0.734688 -0.043307 -0.677021
v 0.167875 -0.250118 0.148702
vn 0.949390 0.188074 -0.251567
v 0.174797 -0.184848 0.172386
vn 0.945850 0.241373 -0.217043
v 0.192864 -0.248423 0.191723
vn 0.933300 0.301874 0.194483
v 0.182751 -0.213804 0.215159
vn 0.968600 0.242274 -0.055826
v 0.177717 -0.185303 0.192713
vn 0.951150 0.303754 0.055199
v 0.193363 -0.241969 0.213365
vn 0.815736 0.329800 0.475191
v 0.168400 -0.201151 0.237138
vn 0.567287 -0.197993 -0.799365
v 0.149009 -0.259039 0.133295
vn 0.539469 0.135959 0.830956
v 0.172069 -0.290297 0.278005
vn 0.399673 0.237946 0.885236
v 0.127613 -0.217905 0.284761
vn 0.416783 0.254119 0.872763
v 0.123730 -0.179932 0.274627
vn 0.600950 0.289524 0.745007
v 0.157361 -0.234405 0.269330
vn 0.758734 0.322031 0.566232
v 0.179934 -0.245202 0.253543
vn 0.595148 0.266493 0.758142
v 0.142738 -0.206677 0.270333
vn 0.408685 0.154602 0.899486
v 0.145034 -0.249070 0.282229
vn 0.275913 0.115199 0.954254
v 0.125014 -0.237582 0.289181
vn 0.798825 0.218611 0.560435
v 0.188158 -0.274976 0.256656
vn 0.700168 0.306198 0.644986
v 0.157054 -0.213684 0.259103
vn 0.021056 -0.449481 -0.893042
v 0.089708 -0.263032 0.112611
vn -0.072191 0.065353 -0.995247
v 0.073560 -0.282620 0.118511
vn 0.284532 0.024739 -0.958347
v 0.116017 -0.278589 0.121349
vn 0.707818 -0.286671 -0.645611
v 0.145388 -0.223920 0.121720
vn 0.880041 -0.009144 -0.474810
v 0.163942 -0.202218 0.142197
vn 0.926294 0.150796 -0.345311
v 0.180709 -0.215560 0.174847
vn 0.890875 0.335176 0.306591
v 0.189819 -0.241254 0.229690
vn -0.391802 -0.896638 -0.206230
v 0.016803 -0.219576 0.085063
vn -0.647161 -0.757941 -0.081910
v 0.004288 -0.218528 0.133357
vn 0.088773 -0.850135 -0.519028
v 0.066457 -0.215859 0.063426
vn -0.136590 -0.876947 -0.460768
v 0.048331 -0.226132 0.084502
vn -0.340934 -0.680937 -0.648143
v 0.063514 -0.249364 0.105454
vn -0.927246 0.030557 0.373204
v 0.029119 -0.276978 0.252431
vn -0.875219 -0.341352 0.342740
v 0.010575 -0.215231 0.216730
vn -0.974299 -0.117576 -0.192141
v 0.025185 -0.267555 0.188509
vn -0.790814 -0.118400 0.600496
v 0.022902 -0.217410 0.240230
vn -0.657502 0.140301 0.740274
v 0.044311 -0.265592 0.275706
vn -0.612839 0.125559 0.780168
v 0.045483 -0.228016 0.265744
vn -0.336020 0.161079 0.927978
v 0.069262 -0.274526 0.291177
vn -0.309796 0.162814 0.936759
v 0.078255 -0.236919 0.286763
vn 0.216190 0.057882 0.974634
v 0.121555 -0.294164 0.296208
vn -0.085306 0.113216 0.989902
v 0.090288 -0.281317 0.296333
vn 0.096238 0.102218 0.990096
v 0.112230 -0.257735 0.293606
vn -0.511734 -0.143770 -0.847029
v 0.061202 -0.267953 0.120715
vn 0.002742 0.191198 0.981548
v 0.105071 -0.215816 0.289506
vn -0.659597 -0.713737 -0.235608
v 0.015952 -0.226787 0.122191
vn -0.415180 -0.827542 -0.377889
v 0.030983 -0.228877 0.101763
vn -0.730636 -0.520320 -0.442084
v 0.031639 -0.255150 0.150080
vn -0.876931 -0.474196 -0.078288
v 0.011697 -0.236841 0.176908
vn -0.944814 -0.300167 0.131249
v 0.010131 -0.231964 0.198596
vn 0.299390 -0.679456 -0.669854
v 0.105137 -0.400678 0.120565
vn 0.601533 0.173769 -0.779719
v 0.165812 -0.274624 0.147702
vn 0.584085 -0.141512 0.799262
v 0.172824 -0.313710 0.276039
vn 0.732812 0.051935 0.678446
v 0.182447 -0.293450 0.269088
vn 0.971612 0.230535 0.053138
v 0.208987 -0.298670 0.208666
vn -0.554459 0.340139 -0.759527
v 0.028258 -0.358426 0.097015
vn 0.082702 0.171426 -0.981720
v 0.081615 -0.353928 0.096605
vn 0.074105 -0.881811 -0.465745
v 0.109643 -0.429295 0.149937
vn -0.199357 -0.949567 -0.242032
v 0.080456 -0.431088 0.161683
vn 0.743371 -0.507089 -0.436188
v 0.169596 -0.383730 0.150428
vn 0.379381 -0.666726 -0.641519
v 0.129607 -0.409796 0.130576
vn 0.651454 -0.250689 -0.716074
v 0.161419 -0.364823 0.125071
vn -0.011344 -0.643558 -0.765313
v 0.109484 -0.416320 0.139029
vn 0.903600 -0.399428 0.154805
v 0.181203 -0.350701 0.181597
vn 0.884853 -0.355116 -0.301541
v 0.175405 -0.388758 0.188957
vn 0.912895 0.020618 0.407674
v 0.214591 -0.333518 0.217410
vn 0.856139 0.005954 0.516711
v 0.201756 -0.314515 0.243968
vn 0.940355 0.161317 0.299516
v 0.220211 -0.356044 0.207236
vn 0.974198 0.164910 -0.154087
v 0.219017 -0.336316 0.196585
vn 0.855757 0.129764 -0.500841
v 0.212325 -0.347517 0.180177
vn 0.907119 0.262395 -0.329065
v 0.198998 -0.275475 0.190544
vn 0.924199 0.231935 0.303419
v 0.200603 -0.278824 0.232380
vn 0.673712 0.036415 -0.738096
v 0.168066 -0.335303 0.130010
vn 0.790552 -0.206813 -0.576416
v 0.182051 -0.350620 0.148981
vn 0.849310 -0.523749 -0.066031
v 0.171642 -0.397405 0.175764
vn 0.655091 -0.089550 0.750224
v 0.204494 -0.361632 0.223335
vn 0.609651 -0.418087 0.673445
v 0.168914 -0.366972 0.255182
vn 0.297191 -0.494832 0.816590
v 0.175313 -0.392726 0.229240
vn 0.488021 -0.554737 0.673871
v 0.148643 -0.380522 0.265092
vn 0.345055 -0.812024 0.470695
v 0.135188 -0.407319 0.242455
vn 0.665543 -0.276981 0.693061
v 0.178848 -0.332333 0.265357
vn 0.683332 -0.119394 -0.720279
v 0.191337 -0.338498 0.155516
vn 0.833508 0.186510 -0.520076
v 0.203184 -0.312158 0.173481
vn 0.712605 0.139544 -0.687548
v 0.184198 -0.314612 0.148781
vn 0.340604 0.358775 -0.869062
v 0.133318 -0.287186 0.122866
vn 0.527642 0.232856 -0.816928
v 0.161438 -0.310753 0.129474
vn 0.459041 0.061815 -0.886262
v 0.144822 -0.340718 0.113980
vn 0.246820 0.188103 -0.950630
v 0.118765 -0.324528 0.106351
vn 0.036008 0.326615 -0.944471
v 0.100355 -0.295414 0.112181
vn -0.025306 -0.961838 -0.272446
v 0.163581 -0.418159 0.208605
vn 0.301824 -0.284784 -0.909836
v 0.122235 -0.380500 0.106155
vn -0.313762 -0.949485 0.005652
v 0.055911 -0.421609 0.143266
vn -0.078494 -0.902777 -0.422886
v 0.046936 -0.422343 0.105354
vn -0.113229 0.323827 -0.939316
v 0.053246 -0.344781 0.096637
vn -0.557631 0.508038 -0.656464
v 0.040438 -0.333181 0.109087
vn -0.293577 0.291426 -0.910431
v 0.066044 -0.298745 0.116979
vn 0.183167 -0.862362 -0.471998
v 0.086083 -0.413219 0.133694
vn -0.094736 0.110891 -0.989307
v 0.061770 -0.383419 0.083214
vn -0.343566 -0.436918 -0.831303
v 0.040471 -0.411500 0.099052
vn 0.677557 -0.726273 -0.115949
v 0.186642 -0.360171 0.166325
vn 0.007900 -0.668609 -0.743572
v 0.207333 -0.369181 0.171386
vn 0.711898 -0.374069 -0.594369
v 0.177865 -0.370313 0.203373
vn -0.179989 -0.965331 -0.189050
v 0.184308 -0.346175 0.186821
vn -0.655631 -0.570457 -0.494699
v 0.223848 -0.388754 0.196553
vn -0.274730 -0.432598 -0.858710
v 0.199757 -0.377719 0.203522
vn -0.964882 0.210642 -0.156947
v 0.076160 -0.350014 0.144761
vn -0.994345 0.106037 -0.005924
v 0.077657 -0.362853 0.117288
vn -0.535455 0.667595 -0.517306
v 0.068997 -0.369780 0.140947
vn -0.480633 0.875929 -0.041724
v 0.057633 -0.382355 0.112281
vn -0.443014 -0.842327 0.306959
v 0.071572 -0.340628 0.119605
vn -0.105343 -0.644029 -0.757714
v 0.036338 -0.383808 0.091072
vn -0.701393 -0.002218 0.712772
v 0.075568 -0.365997 0.107537
vn -0.546127 0.832911 -0.089467
v 0.046167 -0.384195 0.093803
vn -0.966249 -0.223349 -0.128369
v 0.084982 -0.334426 0.146937
vn 0.284309 -0.718090 0.635228
v 0.062169 -0.323537 0.142711
vn 0.502295 -0.798014 0.332977
v 0.054746 -0.362546 0.116543
vn 0.294353 -0.593251 -0.749273
v 0.066104 -0.402130 0.090862
vn 0.278642 -0.254313 -0.926112
v 0.181173 -0.401722 0.214321
vn 0.368305 -0.885824 0.282253
v 0.156961 -0.410511 0.217899
vn 0.437337 -0.883936 -0.165509
v 0.128091 -0.425696 0.159500
vn 0.398695 -0.283728 -0.872090
v 0.093957 -0.383090 0.100946
vn 0.566340 -0.294986 0.769573
v 0.192661 -0.370447 0.230047
vn 0.760240 -0.229748 0.607660
v 0.199995 -0.329854 0.242407
vn -0.090938 -0.795300 0.599356
v 0.069269 -0.351716 0.133274
vn -0.392597 -0.900296 -0.187973
v 0.045018 -0.423193 0.181283
vn -0.744098 0.160246 0.648568
v 0.038994 -0.299275 0.272687
vn -0.997449 -0.043263 0.056772
v 0.023426 -0.272223 0.220661
vn 0.343413 -0.100632 0.933778
v 0.134556 -0.322293 0.291181
vn -0.184379 -0.953838 0.237061
v 0.027305 -0.382057 0.103269
vn -0.971858 0.069867 -0.224969
v 0.017471 -0.361622 0.132361
vn -0.238482 -0.951937 0.192204
v 0.060518 -0.430453 0.196156
vn 0.165217 -0.936231 0.310120
v 0.102033 -0.416598 0.244905
vn 0.068148 -0.993693 0.089049
v 0.092396 -0.432788 0.189890
vn 0.227393 -0.947532 0.224668
v 0.111552 -0.426546 0.209842
vn -0.944616 -0.258584 0.202074
v 0.009658 -0.369334 0.215007
vn -0.365849 -0.382829 0.848290
v 0.068748 -0.392666 0.262172
vn -0.769201 0.136365 0.624286
v 0.038566 -0.332984 0.284464
vn -0.311668 0.207909 0.927166
v 0.062321 -0.324912 0.295931
vn -0.914212 -0.073692 0.398480
v 0.014822 -0.344395 0.237897
vn -0.278869 -0.765408 0.579985
v 0.044504 -0.366593 0.266827
vn -0.774154 -0.410543 0.481810
v 0.019285 -0.375591 0.235370
vn 0.289885 0.206450 0.934529
v 0.072019 -0.381605 0.312177
vn 0.550480 -0.572876 0.607277
v 0.111197 -0.392363 0.277097
vn 0.867369 -0.360934 0.342632
v 0.099086 -0.408626 0.278394
vn -0.851959 -0.502623 -0.146750
v 0.082034 -0.442838 0.302384
vn -0.891604 -0.063141 0.448392
v 0.024259 -0.330766 0.259647
vn -0.889098 0.129119 0.439127
v 0.023354 -0.312987 0.254473
vn -0.978227 0.097949 0.182967
v 0.008915 -0.334506 0.219350
vn -0.960325 0.186683 -0.207186
v 0.011698 -0.317097 0.174850
vn -0.997618 -0.021381 -0.065583
v 0.007354 -0.358319 0.184498
vn -0.979796 0.198154 -0.027105
v 0.010780 -0.312975 0.189993
vn -0.851553 -0.322048 0.413694
v 0.028596 -0.360030 0.255561
vn -0.206353 -0.822948 -0.529315
v 0.041681 -0.377666 0.286633
vn -0.898104 0.068586 0.434403
v 0.036907 -0.359205 0.276529
vn -0.965678 -0.256130 -0.043176
v 0.012742 -0.379262 0.154010
vn 0.209542 0.018520 0.977624
v 0.092882 -0.348026 0.300735
vn -0.872176 -0.485580 -0.059342
v 0.012949 -0.388110 0.181852
vn -0.673074 -0.737773 0.051591
v 0.033392 -0.402570 0.165823
vn -0.496615 -0.866741 -0.046199
v 0.053531 -0.417066 0.161356
vn -0.681953 -0.672790 -0.286868
v 0.024589 -0.408785 0.109580
vn -0.663128 -0.725788 0.183009
v 0.038424 -0.419389 0.200031
vn -0.623055 0.352560 -0.698215
v 0.040400 -0.295744 0.133428
vn -0.963716 -0.190304 -0.187180
v 0.009905 -0.390485 0.122451
vn -0.281704 -0.375546 0.882954
v 0.066095 -0.361118 0.261551
vn -0.961516 -0.135428 -0.239055
v 0.090195 -0.405719 0.278893
vn -0.820258 -0.430456 0.376676
v 0.088398 -0.403705 0.268219
vn -0.867586 -0.465366 0.175299
v 0.076002 -0.366576 0.272001
vn -0.539602 -0.463259 -0.703009
v 0.067546 -0.393697 0.303145
vn 0.018090 -0.954297 -0.298312
v 0.060995 -0.351069 0.270352
vn 0.644762 -0.007848 -0.764343
v 0.028083 -0.366287 0.141312
vn -0.421873 0.319570 -0.848468
v 0.068672 -0.342392 0.159485
vn 0.699753 -0.686972 0.195999
v 0.052493 -0.352368 0.142199
vn -0.364675 0.612407 -0.701406
v 0.029848 -0.390218 0.098292
vn 0.012389 0.831147 -0.555915
v 0.046299 -0.378389 0.136848
vn 0.442496 -0.530895 -0.722737
v 0.059355 -0.327575 0.161367
vn 0.208024 -0.852070 0.480315
v 0.042751 -0.369008 0.125176
vn -0.432171 -0.683997 0.587688
v 0.052956 -0.401972 0.249690
vn -0.876412 0.173215 -0.449330
v 0.031964 -0.274745 0.159029
vn -0.884870 0.131614 -0.446859
v 0.023005 -0.369395 0.100524
vn 0.497979 -0.296243 0.815019
v 0.154176 -0.347288 0.277362
vn 0.425786 -0.255086 0.868123
v 0.106863 -0.364438 0.294863
vn -0.254050 -0.828780 0.498580
v 0.078866 -0.414102 0.244344
vn 0.382818 0.211030 -0.899398
v 0.051430 -0.357129 0.152199
vn 0.261461 -0.927903 0.265773
v 0.035366 -0.351115 0.140443
vn 0.668270 -0.108699 0.735935
v 0.089393 -0.389525 0.299411
vn 0.204582 -0.916415 0.343989
v 0.077516 -0.448331 0.316780
vn -0.566401 0.267588 0.779478
v 0.052663 -0.363315 0.307357
vn 0.508913 -0.026868 0.860399
v 0.069962 -0.435212 0.325797
vn -0.437498 -0.265645 0.859086
v 0.058286 -0.432395 0.329197
vn -0.715899 -0.598610 -0.359380
v 0.045132 -0.394666 0.308848
vn -0.972236 -0.203145 0.116146
v 0.037489 -0.369934 0.287002
vn 0.872013 0.281149 0.400686
v 0.236221 -0.401363 0.202227
vn 0.316849 -0.064327 0.946292
v 0.206818 -0.409297 0.220796
vn 0.581623 0.124959 0.803803
v 0.219241 -0.387918 0.215562
vn 0.678633 -0.048876 0.732849
v 0.240612 -0.432077 0.209987
vn -0.123156 -0.873307 -0.471346
v 0.218447 -0.438118 0.215064
vn 0.238142 -0.401545 -0.884336
v 0.242693 -0.420413 0.200953
vn 0.896126 0.256085 -0.362461
v 0.230364 -0.383771 0.189378
vn -0.321110 -0.303132 -0.897218
v 0.212176 -0.398732 0.207290
vn 0.737581 0.675076 0.015717
v 0.086463 0.051338 0.080408
vn 0.402903 0.912834 0.066358
v 0.037140 0.094265 0.017081
vn 0.704691 0.708320 -0.041151
v 0.058722 0.075645 0.032152
vn 0.783994 0.073589 -0.616391
v 0.106795 -0.062940 0.023285
vn 0.703205 0.083484 -0.706069
v 0.096517 -0.076871 0.007311
vn 0.689016 -0.066635 -0.721676
v 0.082866 -0.020112 -0.007809
vn 0.622092 -0.088517 -0.777925
v 0.079864 -0.044730 -0.005527
vn 0.517848 -0.056859 -0.853581
v 0.070248 -0.039995 -0.012135
vn 0.444942 -0.197948 -0.873409
v 0.065840 -0.014021 -0.021862
vn 0.274914 -0.181491 -0.944184
v 0.058574 -0.031766 -0.018014
vn 0.688573 -0.049135 -0.723500
v 0.062731 0.020659 -0.027512
vn 0.840266 0.141783 -0.523307
v 0.086998 0.001377 -0.002296
vn 0.258354 -0.435040 -0.862551
v 0.048142 0.004346 -0.032741
vn 0.150990 -0.089352 -0.984489
v 0.042357 -0.020137 -0.023136
vn 0.562926 0.227455 -0.794593
v 0.024841 -0.048111 -0.028608
vn 0.365167 0.093870 -0.926197
v 0.038800 -0.070607 -0.027215
vn 0.402153 0.012668 -0.915485
v 0.055039 -0.073105 -0.021687
vn 0.305438 0.031699 -0.951684
v 0.012930 -0.003303 -0.027894
vn -0.186747 -0.699512 -0.689788
v 0.014985 0.006058 -0.028168
vn -0.047780 -0.353991 -0.934027
v 0.031435 -0.009219 -0.024886
vn 0.879330 0.409381 -0.243282
v 0.103287 0.008147 0.047827
vn 0.822804 0.539477 -0.178768
v 0.071860 0.057954 0.026165
vn 0.875755 0.350984 -0.331457
v 0.080534 0.033847 0.005862
vn -0.099843 0.992301 -0.073277
v 0.020921 0.098193 0.001383
vn -0.775652 0.631055 0.011569
v 0.005590 0.089286 -0.005432
vn 0.413120 0.886685 0.207658
v 0.046190 0.086235 0.040495
vn 0.498989 0.860241 -0.104860
v 0.039754 0.092822 0.006058
vn 0.828444 0.522069 -0.202790
v 0.048124 0.069335 -0.036057
vn 0.724125 0.665177 -0.182161
v 0.046333 0.085570 0.001559
vn -0.313800 0.896583 0.312519
v 0.018356 0.096653 0.025089
vn -0.891824 0.135977 0.431462
v 0.001512 0.078867 0.009114
vn -0.741877 -0.254479 0.620370
v -0.000159 0.056737 0.004702
vn -0.989589 -0.105580 0.097811
v -0.000114 0.032505 -0.016912
vn -0.088846 -0.579554 0.810076
v 0.010851 0.075176 0.016115
vn -0.985310 0.169179 -0.023291
v 0.000595 0.074140 -0.016080
vn 0.480866 0.846525 -0.228394
v 0.035138 0.091099 -0.012998
vn 0.043701 0.974641 -0.219467
v 0.022027 0.093936 -0.022580
vn 0.820720 -0.326472 -0.468865
v 0.054534 0.023894 -0.037995
vn 0.957866 0.088271 -0.273316
v 0.059256 0.046790 -0.026674
vn 0.029123 -0.966242 -0.255983
v 0.026707 0.006663 -0.037955
vn 0.537595 -0.809722 -0.235250
v 0.040880 0.010156 -0.040862
vn -0.834270 -0.515157 -0.196485
v 0.000571 0.018937 -0.034676
vn -0.785765 -0.614640 0.069218
v 0.002794 0.011951 -0.067653
vn -0.995408 0.095694 0.002212
v -0.002610 0.037296 -0.064931
vn -0.891144 0.422981 -0.164163
v 0.003543 0.066415 -0.066006
vn -0.672446 0.718834 -0.176332
v 0.004634 0.085722 -0.031587
vn -0.395025 0.876177 -0.276168
v 0.015591 0.084135 -0.053899
vn 0.932712 0.347306 -0.097091
v 0.055010 0.055770 -0.039577
vn 0.835954 -0.542369 0.083768
v 0.051960 0.020453 -0.049914
vn 0.564352 0.796847 -0.215735
v 0.032784 0.083877 -0.042093
vn 0.714696 0.678058 -0.171602
v 0.037343 0.070202 -0.084856
vn 0.179720 0.950981 -0.251668
v 0.022381 0.083706 -0.057644
vn -0.389910 -0.902071 0.185037
v 0.010816 -0.002837 -0.140777
vn -0.992106 0.109615 -0.060919
v -0.004600 0.019562 -0.155549
vn -0.844337 0.512492 -0.156356
v -0.000502 0.033840 -0.146003
vn -0.680193 0.694051 -0.235862
v 0.014172 0.065994 -0.108742
vn -0.088628 0.951431 -0.294827
v 0.024271 0.070263 -0.109640
vn 0.746271 -0.617600 0.248294
v 0.043197 0.003205 -0.143542
vn -0.050424 -0.956635 0.286891
v 0.022745 -0.005808 -0.141805
vn 0.997039 -0.022136 -0.073639
v 0.052619 0.029004 -0.105760
vn 0.949779 0.305913 -0.065852
v 0.049843 0.024891 -0.171623
vn 0.758491 0.622407 -0.193135
v 0.041585 0.046449 -0.159351
vn 0.265293 0.890193 -0.370374
v 0.033958 0.051190 -0.163562
vn 0.906724 -0.421696 -0.005039
v 0.049431 0.015270 -0.107815
vn 0.996031 0.005572 -0.088831
v 0.057033 0.035031 -0.060483
vn 0.938492 0.324741 -0.117370
v 0.050177 0.046286 -0.099778
vn 0.886133 -0.462023 0.036104
v 0.053369 0.017141 -0.065757
vn 0.436469 0.871544 -0.223394
v 0.030632 0.076316 -0.080150
vn 0.003802 -0.993499 0.113778
v 0.029009 -0.000881 -0.081012
vn 0.545669 -0.828668 0.124722
v 0.043821 0.005428 -0.075222
vn -0.421017 -0.903026 0.085374
v 0.011045 0.007022 -0.049596
vn -0.558503 -0.823710 0.097857
v 0.009491 0.003010 -0.099246
vn 0.556539 -0.817531 0.148010
v 0.035486 -0.001862 -0.137284
vn -0.955196 0.288459 -0.066270
v -0.002502 0.037480 -0.109765
vn -0.987789 -0.151286 0.037221
v -0.003516 0.023379 -0.088053
vn 0.243411 -0.880053 0.407746
v 0.032733 -0.015557 -0.160789
vn 0.991673 -0.101033 0.079852
v 0.050156 0.015975 -0.146187
vn 0.700334 0.619149 -0.355229
v 0.047525 0.020347 -0.204463
vn -0.374853 -0.855502 0.357214
v 0.014085 -0.010706 -0.158371
vn -0.735873 -0.648886 0.193488
v 0.001747 0.000563 -0.157930
vn -0.086432 -0.567653 0.818718
v 0.025663 -0.026409 -0.186320
vn -0.479219 0.812458 -0.332054
v 0.018864 0.051580 -0.154786
vn 0.980967 0.028374 0.192090
v 0.058595 -0.007886 -0.201867
vn -0.829444 0.506956 -0.234559
v 0.001517 0.029229 -0.172069
vn -0.985698 -0.165913 0.029550
v -0.003522 0.004164 -0.175440
vn -0.893987 -0.441449 0.076877
v -0.002369 0.013564 -0.125761
vn -0.753414 -0.414168 0.510718
v 0.002757 -0.020304 -0.194576
vn 0.732464 -0.425158 0.531730
v 0.053628 -0.017563 -0.194377
vn -0.960503 0.236919 -0.145959
v -0.003797 -0.000623 -0.215786
vn -0.013363 -0.332807 -0.942900
v 0.036553 -0.056475 -0.241983
vn 0.557577 -0.112246 -0.822501
v 0.056868 -0.044019 -0.241727
vn 0.943135 0.322384 -0.081028
v 0.058577 -0.004168 -0.215301
vn 0.440324 0.460806 -0.770567
v 0.050992 -0.008474 -0.240272
vn 0.930192 0.247273 -0.271290
v 0.061871 -0.019929 -0.228830
vn 0.950726 -0.270231 0.151970
v 0.064654 -0.055779 -0.218824
vn 0.624842 -0.705946 -0.333485
v 0.054080 -0.065935 -0.231035
vn 0.386365 -0.820333 0.421635
v 0.042009 -0.075317 -0.209751
vn -0.147184 -0.938135 -0.313431
v 0.022939 -0.080439 -0.229296
vn -0.533661 -0.795021 0.288353
v 0.000376 -0.066869 -0.221688
vn -0.791099 -0.309024 -0.527888
v -0.005126 -0.053622 -0.236495
vn -0.541362 -0.807153 -0.235438
v 0.012014 -0.070663 -0.229194
vn -0.837366 -0.250745 0.485742
v -0.002528 -0.047895 -0.203038
vn 0.515766 -0.438833 0.735807
v 0.045106 -0.058057 -0.198091
vn -0.353389 -0.577111 0.736247
v 0.019403 -0.060846 -0.192801
vn -0.437309 -0.442733 0.782782
v 0.011518 -0.047271 -0.196103
vn -0.208425 0.788142 -0.579130
v 0.023775 0.023201 -0.215893
vn -0.321222 0.247479 -0.914096
v 0.003127 -0.018884 -0.241230
vn -0.991036 -0.046447 0.125265
v -0.110765 -0.080731 0.019743
vn -0.313343 -0.858518 -0.405911
v -0.017200 -0.184320 0.029757
vn -0.418865 -0.869898 -0.260440
v -0.029001 -0.184476 0.046048
vn -0.556624 -0.824891 -0.098618
v -0.037196 -0.186171 0.075370
vn -0.136523 -0.878503 -0.457814
v -0.032725 -0.169926 0.007003
vn -0.443379 -0.870763 -0.212573
v -0.067623 -0.157453 -0.001281
vn 0.164253 -0.777574 -0.606960
v -0.035494 -0.153059 -0.018137
vn -0.249803 -0.948858 -0.193048
v -0.078719 -0.138374 -0.045669
vn 0.363601 -0.522911 -0.770947
v -0.016553 -0.140276 -0.021443
vn 0.216890 -0.402114 -0.889530
v 0.007939 -0.151169 -0.007093
vn 0.696278 -0.309156 -0.647781
v -0.026445 -0.118661 -0.040166
vn 0.649073 0.077885 -0.756728
v -0.017650 -0.100632 -0.031794
vn 0.482044 0.413932 -0.772200
v -0.028707 -0.085770 -0.034840
vn 0.104872 -0.580883 -0.807203
v -0.000847 -0.154624 -0.005971
vn -0.866362 -0.493569 0.076192
v -0.096566 -0.128075 0.006595
vn -0.883103 -0.460493 0.089865
v -0.091861 -0.125425 0.052123
vn -0.813620 -0.577193 0.069798
v -0.070183 -0.156922 0.076520
vn -0.776325 -0.628497 0.048071
v -0.081888 -0.145998 0.035947
vn -0.960237 0.258418 0.105662
v -0.113846 -0.059700 -0.012018
vn -0.242948 0.929363 -0.277957
v -0.102193 -0.050440 -0.043232
vn -0.890143 0.436703 -0.130134
v -0.114293 -0.067519 -0.063697
vn -0.837234 0.541890 -0.073447
v -0.114739 -0.058901 -0.031713
vn -0.995084 -0.038190 0.091373
v -0.116128 -0.076411 -0.012963
vn -0.954999 -0.282540 0.090261
v -0.113283 -0.101753 -0.050707
vn 0.473191 0.733356 -0.488138
v -0.072900 -0.058287 -0.038028
vn -0.011586 0.798207 -0.602272
v -0.085315 -0.043620 -0.021871
vn 0.109915 0.921630 -0.372180
v -0.095704 -0.064163 -0.082981
vn 0.302548 0.888937 -0.343882
v -0.088774 -0.057223 -0.061266
vn 0.098235 -0.978757 -0.179959
v -0.066588 -0.139044 -0.051667
vn -0.818555 -0.572329 0.049070
v -0.103530 -0.119103 -0.043446
vn -0.996510 0.083461 -0.001565
v -0.117244 -0.073022 -0.039663
vn -0.941729 -0.321618 0.098530
v -0.104739 -0.103760 0.025645
vn -0.703141 -0.710100 -0.036735
v -0.082287 -0.147963 0.009561
vn 0.708870 -0.671085 -0.217136
v -0.052202 -0.128083 -0.065158
vn 0.473526 -0.747181 -0.466361
v -0.050439 -0.133171 -0.049592
vn 0.815917 0.313449 -0.485829
v -0.044715 -0.097805 -0.066831
vn 0.630951 0.683587 -0.366891
v -0.052388 -0.085705 -0.059676
vn 0.926814 -0.145571 -0.346158
v -0.043869 -0.111050 -0.067197
vn -0.660772 -0.748789 0.051915
v -0.095442 -0.127927 -0.046048
vn -0.872444 -0.459904 0.165316
v -0.111620 -0.113174 -0.068343
vn -0.725059 -0.649880 0.227916
v -0.101178 -0.129209 -0.065933
vn -0.329700 -0.922360 0.201369
v -0.088952 -0.139229 -0.072108
vn 0.319873 -0.945875 0.054797
v -0.071854 -0.139553 -0.070981
vn -0.975777 -0.197131 0.094860
v -0.116926 -0.105886 -0.092357
vn -0.949296 0.300249 -0.093208
v -0.116761 -0.079410 -0.083959
vn -0.999750 0.017670 0.013706
v -0.117994 -0.088206 -0.088837
vn 0.459015 -0.862301 0.213872
v -0.075680 -0.156772 -0.156188
vn 0.640463 0.701999 -0.311456
v -0.070620 -0.103393 -0.145479
vn 0.357503 0.853805 -0.378430
v -0.085512 -0.101360 -0.160456
vn -0.698909 0.625254 -0.347250
v -0.114318 -0.115176 -0.188188
vn -0.406078 0.843973 -0.350444
v -0.107305 -0.087608 -0.137292
vn -0.825802 0.521721 -0.214145
v -0.115214 -0.100361 -0.152629
vn -0.010987 0.884884 -0.465682
v -0.102101 -0.102879 -0.173203
vn -0.036293 -0.926771 0.373870
v -0.089810 -0.160934 -0.160426
vn -0.978195 -0.162454 0.129395
v -0.118992 -0.149539 -0.195289
vn -0.573604 -0.723070 0.384900
v -0.104533 -0.156370 -0.162593
vn -0.998676 -0.037133 0.035610
v -0.118516 -0.112934 -0.139502
vn -0.971291 0.221274 -0.087364
v -0.117584 -0.104350 -0.144891
vn -0.906151 -0.381172 0.183300
v -0.116235 -0.139781 -0.158787
vn -0.722622 -0.658051 0.211630
v -0.106841 -0.146181 -0.139256
vn -0.873755 -0.453844 0.174866
v -0.111369 -0.124722 -0.094877
vn 0.078644 -0.971752 0.222517
v -0.080194 -0.147138 -0.097663
vn 0.706908 -0.705162 0.055030
v -0.060703 -0.136785 -0.096224
vn 0.962585 -0.255433 -0.090463
v -0.056945 -0.127449 -0.124395
vn -0.635863 0.736873 -0.229554
v -0.109684 -0.062667 -0.067137
vn -0.766263 0.603835 -0.219600
v -0.113558 -0.079986 -0.105099
vn -0.395124 0.873090 -0.285642
v -0.103950 -0.059085 -0.066920
vn 0.487993 0.804961 -0.337490
v -0.082981 -0.080959 -0.109362
vn 0.910451 0.327086 -0.253168
v -0.057221 -0.111479 -0.123231
vn -0.998102 -0.057786 0.021272
v -0.120556 -0.167925 -0.222294
vn -0.974748 0.180290 -0.131768
v -0.119799 -0.131729 -0.192846
vn -0.009032 -0.852235 0.523081
v -0.095559 -0.179067 -0.187623
vn -0.851275 -0.452474 0.265703
v -0.113679 -0.176157 -0.205826
vn 0.849028 -0.501760 0.165492
v -0.067753 -0.151705 -0.171935
vn 0.492405 -0.761937 0.420700
v -0.077112 -0.165422 -0.173823
vn 0.997478 -0.048599 0.051729
v -0.063436 -0.145170 -0.185340
vn -0.598158 0.606533 -0.523760
v -0.108238 -0.135460 -0.223634
vn 0.909066 0.367814 -0.195735
v -0.064691 -0.128605 -0.182485
vn 0.425452 0.803356 -0.416665
v -0.077473 -0.121591 -0.197076
vn 0.842091 -0.114154 0.527116
v -0.060971 -0.173813 -0.216067
vn 0.275808 0.301671 -0.912647
v -0.071707 -0.170574 -0.262025
vn -0.530470 -0.512848 0.674973
v -0.104911 -0.190807 -0.210353
vn 0.242206 -0.446619 0.861317
v -0.077143 -0.183918 -0.205884
vn 0.402935 -0.055922 0.913519
v -0.069166 -0.210430 -0.203639
vn 0.110164 -0.609834 -0.784836
v -0.071276 -0.234467 -0.250208
vn -0.134713 -0.081014 -0.987567
v -0.086914 -0.192085 -0.260646
vn 0.800529 0.036363 0.598190
v -0.050582 -0.197352 -0.216158
vn -0.017113 0.766022 -0.642587
v -0.097952 -0.137896 -0.229839
vn -0.823377 -0.124392 -0.553694
v -0.116940 -0.200482 -0.251584
vn -0.543479 0.349792 -0.763070
v -0.111162 -0.171900 -0.251653
vn -0.835050 -0.425080 0.349282
v -0.109118 -0.226156 -0.224826
vn -0.283584 -0.855957 0.432339
v -0.089630 -0.242494 -0.222407
vn -0.210134 -0.249292 0.945356
v -0.084074 -0.217752 -0.206017
vn 0.445961 -0.436943 0.781153
v -0.062137 -0.228620 -0.210792
vn 0.630070 -0.766286 0.125772
v -0.056443 -0.240204 -0.232494
vn 0.712034 -0.251045 0.655731
v -0.058189 -0.210318 -0.216199
vn 0.915651 -0.160591 0.368502
v -0.042441 -0.218641 -0.230172
vn 0.804130 -0.184183 -0.565201
v -0.043888 -0.215294 -0.252044
vn 0.960945 0.268993 -0.065021
v -0.057162 -0.169617 -0.235327
vn -0.477230 -0.645317 -0.596504
v -0.102604 -0.232820 -0.250182
vn 0.749812 0.548437 -0.370134
v -0.062560 -0.152116 -0.236721
vn 0.013037 0.957066 -0.289578
v -0.038439 0.469078 0.114529
vn 0.922635 0.280532 0.264661
v 0.053720 0.405884 0.205540
vn 0.858496 0.467111 0.211640
v 0.045346 0.436441 0.188582
vn 0.911807 0.396287 0.107542
v 0.054334 0.426411 0.159295
vn 0.979308 0.168395 0.112243
v 0.070049 0.371090 0.160411
vn 0.289248 0.937313 -0.194372
v 0.007429 0.473746 0.135242
vn 0.485699 0.864155 -0.131653
v 0.019773 0.468939 0.137743
vn 0.621688 0.777411 0.095587
v 0.023039 0.467461 0.173662
vn 0.970756 0.132898 0.199929
v 0.066352 0.365401 0.189304
vn 0.997127 0.037275 -0.065944
v 0.072757 0.351776 0.071837
vn 0.993493 0.047071 -0.103707
v 0.068772 0.348660 0.016946
vn 0.993146 -0.088390 -0.076478
v 0.072179 0.286506 0.069038
vn 0.976709 0.203239 -0.068798
v 0.069316 0.382315 0.057416
vn 0.902228 0.397845 -0.166444
v 0.064015 0.392728 0.039267
vn 0.841387 -0.447365 -0.303204
v 0.056261 0.239756 0.025284
vn 0.795765 -0.446610 -0.409020
v 0.055194 0.271601 -0.015321
vn 0.362846 -0.697974 -0.617394
v 0.040007 0.272881 -0.032811
vn 0.571853 0.773863 -0.272251
v 0.033687 0.404454 -0.017095
vn -0.888981 -0.046903 -0.455537
v -0.028066 0.327640 0.004216
vn -0.861537 0.049953 -0.505232
v -0.018365 0.354469 -0.008681
vn -0.827824 0.242843 -0.505703
v -0.020201 0.388753 0.004605
vn -0.865005 -0.202421 -0.459121
v -0.009438 0.308001 -0.019807
vn -0.517275 0.648811 -0.558096
v -0.006594 0.413542 0.004191
vn -0.684131 -0.380697 -0.622121
v -0.009300 0.269399 -0.000512
vn 0.960297 -0.201931 -0.192491
v 0.063306 0.271081 0.010321
vn 0.555424 0.770292 -0.313296
v 0.038216 0.427583 0.039774
vn 0.265902 0.879130 -0.395509
v 0.021834 0.436252 0.039253
vn -0.062226 0.873984 -0.481955
v 0.015325 0.418297 0.001912
vn -0.079851 0.869944 -0.486643
v -0.004578 0.443331 0.043921
vn 0.119885 0.932894 -0.339612
v 0.001561 0.460031 0.084264
vn -0.081437 0.934251 -0.347194
v -0.024950 0.466277 0.100989
vn -0.164583 0.878296 -0.448896
v -0.022489 0.454228 0.072452
vn -0.769801 0.365494 -0.523279
v -0.028538 0.421286 0.031482
vn -0.863407 0.138918 -0.485006
v -0.029746 0.371597 0.011181
vn -0.481413 0.680071 -0.552943
v -0.027011 0.439013 0.048544
vn 0.962796 0.269500 0.019820
v 0.066413 0.399511 0.124056
vn 0.994404 0.105627 -0.001821
v 0.073489 0.365427 0.111248
vn 0.995264 0.077395 0.058814
v 0.073930 0.351520 0.140855
vn 0.999187 -0.005659 0.039906
v 0.075535 0.319926 0.130420
vn 0.952316 0.282191 0.116029
v 0.063373 0.398756 0.163564
vn 0.999108 -0.017134 -0.038585
v 0.074917 0.305086 0.094914
vn 0.912718 0.408033 0.021345
v 0.058743 0.420887 0.128467
vn 0.807210 0.588740 0.042384
v 0.041404 0.450630 0.150318
vn 0.816617 0.570523 -0.087414
v 0.048645 0.438474 0.110763
vn 0.991527 0.053897 0.118189
v 0.072952 0.337625 0.161351
vn 0.664539 0.740180 -0.102572
v 0.033160 0.457946 0.122891
vn 0.796020 0.574238 -0.191316
v 0.052550 0.420030 0.060525
vn 0.905672 0.417115 -0.075981
v 0.058351 0.418527 0.092027
vn 0.710757 0.676463 -0.192932
v 0.043585 0.438770 0.086286
vn 0.992715 -0.116847 0.029381
v 0.074512 0.293614 0.123155
vn 0.919015 -0.394044 0.011848
v 0.061237 0.239291 0.078065
vn 0.963853 -0.253704 -0.081373
v 0.067086 0.259886 0.058917
vn 0.865457 -0.493991 -0.083408
v 0.056757 0.230374 0.052145
vn 0.651265 -0.653737 -0.385333
v 0.045686 0.223380 0.025919
vn -0.362810 -0.582277 -0.727545
v 0.017168 0.232101 0.008919
vn -0.841970 -0.141083 -0.520752
v -0.024852 0.308229 0.004375
vn -0.689303 -0.473571 -0.548262
v 0.003735 0.272965 -0.018110
vn -0.347323 -0.662838 -0.663334
v 0.018406 0.253145 -0.014213
vn -0.876232 0.341846 -0.339646
v -0.003089 0.375152 -0.039977
vn -0.435835 0.775620 -0.456577
v 0.005372 0.402596 -0.025085
vn 0.992556 -0.016658 0.120644
v 0.071911 0.316845 0.174285
vn 0.966265 0.209372 -0.149986
v 0.067026 0.375952 0.027614
vn 0.551087 0.802137 -0.229955
v 0.033243 0.452584 0.101158
vn 0.392492 0.876279 -0.279436
v 0.020260 0.457966 0.094884
vn 0.905566 0.369513 -0.208353
v 0.059903 0.375412 -0.007932
vn 0.761315 0.587783 -0.273697
v 0.051194 0.402764 0.013992
vn -0.196048 0.980514 -0.012557
v 0.025541 0.403858 -0.102034
vn -0.787024 0.609476 -0.095564
v 0.017085 0.394287 -0.093382
vn -0.312564 0.945871 -0.087362
v 0.021179 0.397420 -0.055964
vn 0.402395 0.913295 -0.063003
v 0.029336 0.396778 -0.054753
vn 0.796571 0.603824 -0.029503
v 0.040251 0.386210 -0.063592
vn -0.641547 0.729064 -0.238499
v 0.010485 0.393040 -0.049898
vn 0.077429 0.924240 -0.373879
v 0.021609 0.410334 -0.013286
vn 0.801609 0.558369 -0.213651
v 0.045563 0.383192 -0.040641
vn 0.950073 -0.212532 -0.228456
v 0.059351 0.304405 -0.030471
vn 0.989697 -0.045376 -0.135797
v 0.063506 0.335455 -0.026221
vn 0.988541 0.113716 -0.099277
v 0.060774 0.345374 -0.044479
vn 0.980617 -0.148238 -0.128127
v 0.059107 0.335209 -0.059315
vn 0.837625 -0.464464 -0.287501
v 0.053106 0.318251 -0.074945
vn 0.996031 -0.088477 -0.009654
v 0.057367 0.349248 -0.114256
vn 0.911904 0.401935 -0.082940
v 0.057467 0.358381 -0.054068
vn 0.933254 0.355015 -0.054790
v 0.055824 0.366425 -0.098130
vn 0.897742 -0.440130 -0.018562
v 0.051123 0.327543 -0.101764
vn 0.924603 -0.337231 0.177157
v 0.055692 0.330594 -0.131581
vn 0.728710 -0.526469 -0.437964
v 0.050651 0.291634 -0.044237
vn 0.239416 -0.826228 -0.509928
v 0.037707 0.295276 -0.063432
vn -0.378151 -0.724056 -0.576841
v 0.019025 0.288731 -0.048945
vn -0.542201 -0.781404 -0.308912
v 0.010605 0.314301 -0.086699
vn -0.121777 -0.991347 0.049004
v 0.025997 0.314379 -0.102440
vn 0.577471 -0.808871 -0.110696
v 0.043364 0.319017 -0.100552
vn -0.987976 0.051499 -0.145780
v 0.001637 0.348705 -0.103362
vn -0.939782 -0.330136 -0.088433
v 0.003194 0.331645 -0.101620
vn -0.882719 -0.439897 -0.165223
v 0.004895 0.321905 -0.081733
vn -0.815162 -0.464596 -0.345920
v 0.004678 0.304240 -0.049527
vn -0.957035 -0.214772 -0.194825
v -0.000524 0.326654 -0.061392
vn -0.977984 0.081294 -0.192194
v -0.004874 0.351543 -0.050280
vn -0.949083 0.031371 -0.313459
v -0.010023 0.356344 -0.029268
vn -0.927481 0.340583 -0.154213
v 0.003387 0.372945 -0.071933
vn -0.396714 0.797321 -0.454860
v 0.025038 0.401504 -0.112528
vn 0.648767 0.737693 -0.186845
v 0.037571 0.399144 -0.109799
vn 0.157843 -0.719627 0.676182
v 0.033800 0.276741 -0.185772
vn 0.499674 -0.722735 0.477472
v 0.044295 0.286372 -0.176764
vn 0.858588 -0.344364 0.379790
v 0.057680 0.301390 -0.176567
vn 0.223320 0.783159 -0.580337
v 0.040426 0.342587 -0.186820
vn 0.664595 -0.372550 0.647703
v 0.058650 0.277401 -0.199666
vn -0.493205 0.693012 -0.525816
v 0.025742 0.326047 -0.201885
vn -0.895276 0.376193 -0.238661
v 0.013157 0.314907 -0.193315
vn -0.578594 -0.454719 0.677096
v 0.013713 0.274702 -0.194659
vn -0.983959 -0.168163 -0.059542
v 0.006550 0.324836 -0.131342
vn 0.552190 -0.775866 0.305154
v 0.042643 0.306161 -0.135130
vn 0.977122 0.207251 -0.047738
v 0.057824 0.328981 -0.168018
vn 0.812992 0.502193 -0.294695
v 0.044372 0.371861 -0.130767
vn -0.462539 0.686814 -0.560664
v 0.026449 0.373917 -0.141872
vn -0.755429 0.518286 -0.400883
v 0.019089 0.334431 -0.180944
vn -0.910360 0.330347 -0.249231
v 0.006643 0.368345 -0.107964
vn 0.383653 0.748480 -0.540914
v 0.036389 0.374113 -0.141012
vn -0.226445 0.778817 -0.584951
v 0.033399 0.351945 -0.175564
vn -0.064124 -0.885812 0.459593
v 0.027274 0.293044 -0.156877
vn -0.750061 -0.604189 0.269005
v 0.014215 0.300466 -0.158036
vn 0.746872 0.584216 -0.317607
v 0.050899 0.341036 -0.173920
vn -0.995112 -0.087937 0.044944
v 0.009699 0.307616 -0.171710
vn -0.960287 0.204780 -0.189510
v 0.010411 0.328176 -0.162994
vn -0.744936 -0.667136 -0.000098
v 0.010853 0.319358 -0.112927
vn 0.346391 -0.333718 0.876724
v 0.052416 0.254896 -0.199419
vn 0.752147 -0.326636 0.572349
v 0.063554 0.244810 -0.212234
vn -0.990494 0.134095 0.030669
v 0.005319 0.282077 -0.213935
vn -0.648435 0.572504 -0.501768
v 0.015431 0.300412 -0.228559
vn 0.683021 0.560252 -0.468615
v 0.057854 0.301555 -0.228632
vn 0.434580 -0.306734 -0.846791
v 0.062174 0.243717 -0.250349
vn 0.648872 -0.750163 -0.127361
v 0.057888 0.219951 -0.236158
vn 0.446857 -0.745750 0.494140
v 0.051583 0.217655 -0.216945
vn 0.095114 -0.800356 -0.591932
v 0.039295 0.212758 -0.237608
vn -0.337524 -0.900476 0.274265
v 0.021892 0.211743 -0.225373
vn -0.457686 -0.636615 -0.620681
v 0.016835 0.221631 -0.240761
vn -0.787347 -0.084357 -0.610712
v 0.001616 0.245741 -0.247736
vn -0.878144 -0.386665 0.281697
v 0.001614 0.235420 -0.217653
vn 0.950723 -0.308659 -0.029251
v 0.069358 0.231417 -0.231242
vn 0.986552 0.023895 0.161689
v 0.068511 0.286254 -0.212818
vn -0.443621 -0.499426 0.744160
v 0.018846 0.229152 -0.208524
vn -0.095133 0.573336 -0.813779
v 0.032434 0.303561 -0.234741
vn 0.625423 0.240050 -0.742444
v 0.065387 0.263810 -0.247898
vn -0.044998 -0.503624 0.862750
v 0.033400 0.230155 -0.201574
vn -0.047826 -0.027425 -0.998479
v 0.028209 0.247799 -0.251243
vn -0.648120 0.377214 -0.661551
v 0.008102 0.268089 -0.244162
vn -0.448396 0.886638 0.113202
v -0.125750 0.477705 0.162361
vn -0.978391 0.102555 0.179539
v -0.178672 0.375772 0.170530
vn -0.996830 0.004512 -0.079438
v -0.184930 0.335980 0.043419
vn -0.986666 -0.082398 -0.140358
v -0.181581 0.322404 0.012259
vn -0.977166 0.212051 -0.013459
v -0.181172 0.411213 0.070841
vn -0.906100 0.419949 -0.051241
v -0.173172 0.426496 0.023282
vn -0.996884 0.069244 -0.037788
v -0.184833 0.378845 0.073413
vn -0.663526 -0.386363 -0.640669
v -0.163684 0.303373 -0.022632
vn -0.855999 -0.411554 -0.312873
v -0.170175 0.274929 0.011630
vn -0.792793 -0.184885 -0.580773
v -0.169369 0.339563 -0.033380
vn -0.426179 0.890909 0.157011
v -0.142173 0.461993 0.019523
vn -0.821096 0.569319 -0.040951
v -0.165559 0.441424 0.030720
vn 0.799917 0.240049 -0.550008
v -0.086868 0.406640 0.018990
vn 0.768997 0.132020 -0.625472
v -0.077696 0.360266 0.016488
vn 0.944238 0.081888 -0.318920
v -0.100641 0.405057 -0.010617
vn 0.914183 0.291649 -0.281442
v -0.100508 0.428688 0.001855
vn 0.145843 -0.357688 -0.922382
v -0.136744 0.331965 -0.044409
vn 0.840042 -0.026882 -0.541854
v -0.102132 0.362795 -0.020359
vn 0.656442 0.713765 -0.244180
v -0.107406 0.457466 0.021663
vn 0.586881 -0.235442 -0.774685
v -0.121435 0.339056 -0.039094
vn 0.560821 -0.211304 -0.800519
v -0.105541 0.288898 -0.008681
vn -0.921766 -0.217092 -0.321276
v -0.175305 0.312333 -0.009401
vn -0.301713 0.951623 -0.058169
v -0.135548 0.464462 0.036694
vn 0.088175 0.995996 0.014718
v -0.127442 0.464971 0.019348
vn -0.254023 0.958838 -0.126890
v -0.128385 0.470555 0.072445
vn 0.165988 0.956960 -0.238065
v -0.107132 0.469677 0.058709
vn -0.302090 0.948843 0.091866
v -0.115652 0.481744 0.160040
vn 0.064107 0.981216 -0.181950
v -0.107615 0.475864 0.085643
vn -0.280830 0.957416 -0.067009
v -0.123601 0.478331 0.126957
vn 0.189128 0.952207 -0.239859
v -0.071678 0.473100 0.111539
vn 0.481073 0.761868 -0.433734
v -0.092401 0.462581 0.058807
vn 0.507150 0.375876 -0.775574
v -0.077465 0.430480 0.040797
vn -0.938973 0.283666 0.194587
v -0.173419 0.412256 0.160766
vn -0.982544 0.150332 0.109582
v -0.182578 0.387324 0.135679
vn -0.947841 0.308835 0.078861
v -0.176468 0.422151 0.118896
vn -0.872969 0.462748 0.154239
v -0.165539 0.438228 0.145943
vn -0.782180 0.600982 0.164362
v -0.153049 0.455388 0.155837
vn -0.995738 0.044912 0.080555
v -0.185313 0.355342 0.130190
vn -0.999889 -0.012874 0.007538
v -0.187024 0.329968 0.093494
vn -0.992619 -0.005301 0.121156
v -0.183975 0.336388 0.149458
vn -0.862066 0.504519 0.047988
v -0.168793 0.441871 0.100963
vn -0.993366 0.111476 0.028242
v -0.184637 0.385785 0.105402
vn -0.773776 0.631107 0.054550
v -0.159416 0.454205 0.113456
vn -0.994082 -0.091564 0.058459
v -0.185201 0.317129 0.121797
vn -0.993611 -0.107431 -0.034576
v -0.185147 0.312691 0.072442
vn -0.982624 -0.179822 0.045971
v -0.183296 0.298167 0.117526
vn -0.969528 -0.240338 -0.047461
v -0.181573 0.291305 0.065924
vn -0.976025 -0.180799 -0.121191
v -0.180914 0.300070 0.030506
vn -0.944847 -0.288421 -0.155166
v -0.175488 0.284815 0.019427
vn -0.631354 -0.526880 -0.569025
v -0.157525 0.266128 -0.001898
vn -0.799342 -0.527668 -0.287435
v -0.159360 0.250950 0.024230
vn -0.214846 -0.466295 -0.858144
v -0.147789 0.295274 -0.026914
vn -0.206192 -0.562871 -0.800413
v -0.140618 0.254365 -0.004434
vn -0.963586 0.260658 -0.059667
v -0.178044 0.415608 0.037645
vn -0.956548 0.291148 -0.015778
v -0.172569 0.426324 -0.012042
vn -0.941223 0.335131 -0.042270
v -0.177097 0.424496 0.061836
vn -0.901291 0.432886 -0.016855
v -0.173378 0.434087 0.075828
vn -0.577855 0.816128 0.004395
v -0.143992 0.468338 0.124421
vn -0.755789 0.653550 -0.040685
v -0.164630 0.447578 0.068173
vn -0.547868 0.833355 -0.073215
v -0.148481 0.461744 0.063286
vn -0.048481 0.764127 0.643241
v -0.139873 0.485014 -0.026182
vn 0.591015 0.777567 0.214688
v -0.122363 0.465928 -0.009155
vn -0.148928 0.924631 0.350540
v -0.137474 0.470852 -0.005184
vn -0.662420 0.747349 0.051676
v -0.153440 0.454080 0.017348
vn -0.727082 0.607949 0.318983
v -0.151581 0.465467 -0.018817
vn -0.990290 0.060197 -0.125311
v -0.173000 0.413115 -0.025161
vn -0.974941 -0.013310 -0.222066
v -0.177775 0.345920 -0.011936
vn -0.990764 0.101978 -0.089365
v -0.180014 0.397720 0.022985
vn -0.856897 0.507793 0.088737
v -0.167209 0.439160 -0.010652
vn -0.959433 0.267576 0.088830
v -0.170079 0.438638 -0.025522
vn -0.915389 -0.116996 -0.385194
v -0.168895 0.398650 -0.042880
vn -0.691286 -0.337314 -0.639017
v -0.160817 0.398496 -0.058644
vn -0.842570 -0.410218 -0.348995
v -0.160356 0.433610 -0.080754
vn -0.358488 -0.325570 -0.874923
v -0.155292 0.332641 -0.041928
vn -0.540569 -0.265980 -0.798148
v -0.157352 0.368279 -0.051334
vn 0.155600 -0.376775 -0.913143
v -0.138421 0.378162 -0.058272
vn 0.665236 -0.481179 -0.570902
v -0.120069 0.419561 -0.071612
vn -0.294773 -0.438334 -0.849101
v -0.147997 0.399125 -0.067594
vn -0.429689 -0.757192 -0.491963
v -0.153498 0.431032 -0.085042
vn 0.983915 0.120304 -0.132053
v -0.107585 0.435167 -0.033878
vn 0.953213 0.301584 0.020798
v -0.113603 0.466115 -0.060287
vn 0.909918 -0.164327 -0.380850
v -0.111725 0.409334 -0.048424
vn 0.682636 -0.270128 -0.678999
v -0.120643 0.380600 -0.049942
vn 0.904175 0.424543 -0.047227
v -0.112355 0.452220 -0.021555
vn 0.620614 0.768542 0.155503
v -0.131833 0.503736 -0.055111
vn 0.219747 0.845363 0.486900
v -0.139734 0.505121 -0.047215
vn 0.144334 -0.755015 -0.639625
v -0.133254 0.427311 -0.085958
vn -0.861248 -0.449199 0.237638
v -0.172575 0.454361 -0.190059
vn -0.942609 0.333679 0.012111
v -0.174941 0.471686 -0.198320
vn -0.835100 -0.548642 -0.039999
v -0.163418 0.455396 -0.133147
vn 0.466912 -0.841000 0.273335
v -0.130223 0.438847 -0.185786
vn -0.334673 -0.746763 0.574752
v -0.152214 0.439138 -0.187114
vn -0.989353 -0.072564 -0.126157
v -0.168202 0.448121 -0.065202
vn -0.899301 0.410412 0.151063
v -0.165301 0.473990 -0.060126
vn -0.446359 0.874143 0.191411
v -0.144681 0.506735 -0.051237
vn 0.357828 0.926459 -0.116762
v -0.136355 0.498529 -0.092330
vn 0.911239 0.407504 -0.059872
v -0.119789 0.473181 -0.119070
vn 0.894959 0.445196 0.029126
v -0.123200 0.477921 -0.159252
vn 0.721829 0.691874 -0.016556
v -0.131202 0.488191 -0.164382
vn 0.325717 0.941455 -0.087016
v -0.138488 0.494069 -0.152374
vn -0.144331 0.987217 -0.067610
v -0.148053 0.497015 -0.137946
vn -0.417650 -0.903404 -0.097111
v -0.151383 0.437376 -0.129016
vn -0.201766 -0.979421 -0.005037
v -0.140775 0.438895 -0.160692
vn -0.996072 -0.080197 0.037533
v -0.168363 0.466990 -0.145091
vn -0.996924 0.078198 0.005212
v -0.167724 0.466234 -0.069866
vn 0.778778 -0.580021 -0.238915
v -0.120382 0.439214 -0.099506
vn -0.559629 -0.827675 -0.042070
v -0.156484 0.444899 -0.162923
vn 0.356337 -0.928097 -0.107983
v -0.128969 0.439682 -0.142429
vn -0.523539 0.850523 -0.050178
v -0.147724 0.498025 -0.089710
vn -0.816576 0.577194 0.007084
v -0.158886 0.486068 -0.087882
vn 0.983729 -0.091329 -0.154712
v -0.116834 0.456717 -0.102930
vn 0.981971 -0.187683 -0.022542
v -0.118125 0.458481 -0.153609
vn -0.915797 0.395247 0.071382
v -0.167931 0.478312 -0.168468
vn -0.947183 0.319240 0.030501
v -0.166317 0.475058 -0.113932
vn -0.960640 -0.272093 -0.055999
v -0.165992 0.458733 -0.113208
vn -0.636426 0.766457 -0.086641
v -0.163785 0.485421 -0.197243
vn -0.115421 0.956521 -0.267852
v -0.153343 0.489098 -0.203411
vn 0.912725 0.405446 -0.050462
v -0.116438 0.471402 -0.206672
vn 0.967738 -0.119851 0.221627
v -0.115463 0.457988 -0.187393
vn -0.288283 0.751698 -0.593163
v -0.165096 0.476462 -0.220396
vn 0.460046 0.038021 -0.887081
v -0.120870 0.432161 -0.251246
vn -0.891008 -0.298775 0.341816
v -0.178907 0.437459 -0.209369
vn -0.843069 0.219215 -0.491100
v -0.176453 0.442817 -0.247368
vn -0.797672 -0.516899 -0.310700
v -0.176348 0.418472 -0.236738
vn -0.217945 -0.875937 -0.430389
v -0.152503 0.402237 -0.244626
vn -0.278257 -0.031262 -0.959998
v -0.159058 0.426069 -0.255145
vn 0.180513 -0.399548 -0.898764
v -0.133890 0.413155 -0.254443
vn 0.950126 -0.156860 -0.269545
v -0.107811 0.421585 -0.237696
vn 0.105167 -0.903727 0.414991
v -0.135151 0.403177 -0.217250
vn 0.388553 -0.669018 0.633594
v -0.134133 0.419676 -0.199997
vn 0.695123 -0.609605 0.381033
v -0.111872 0.421064 -0.214872
vn 0.501688 0.824024 -0.263238
v -0.128446 0.485861 -0.204777
vn 0.576370 -0.779818 -0.244300
v -0.124535 0.405803 -0.243077
vn -0.550562 -0.815184 0.179878
v -0.160705 0.404571 -0.224064
vn 0.621955 0.520333 -0.585171
v -0.116579 0.457178 -0.237268
vn 0.597188 0.328221 0.731873
v -0.057066 0.610189 0.241098
vn 0.797907 0.319927 0.510873
v -0.049200 0.608038 0.233424
vn 0.916832 0.307995 0.254082
v -0.044473 0.609971 0.222060
vn 0.041034 -0.103369 -0.993796
v -0.062818 0.567883 0.188767
vn 0.395779 -0.070378 -0.915645
v -0.064413 0.611194 0.184395
vn 0.350519 0.302927 0.886212
v -0.064776 0.610250 0.245761
vn 0.952267 0.282723 -0.115127
v -0.053061 0.644910 0.202261
vn -0.987242 -0.149848 -0.053846
v -0.099286 0.581348 0.215780
vn -0.962021 -0.081146 0.260634
v -0.098047 0.583481 0.226864
vn -0.620065 0.123704 0.774736
v -0.078351 0.532704 0.255481
vn -0.657598 0.056491 0.751248
v -0.094271 0.627921 0.235324
vn -0.941034 -0.141694 0.307208
v -0.103639 0.612024 0.220252
vn -0.383699 0.164938 0.908609
v -0.083410 0.618462 0.243554
vn -0.436843 -0.156919 -0.885745
v -0.080703 0.574324 0.190348
vn -0.967040 -0.251180 -0.041735
v -0.104172 0.606909 0.210110
vn -0.912464 -0.222040 -0.343669
v -0.097864 0.588359 0.204223
vn -0.698302 -0.243931 -0.672958
v -0.092185 0.587163 0.196222
vn -0.359627 -0.245574 -0.900201
v -0.083108 0.595016 0.186925
vn -0.056259 0.366516 0.928709
v -0.100262 0.695898 0.218056
vn 0.892139 0.387573 0.232108
v -0.059239 0.659964 0.208123
vn 0.853473 0.177958 -0.489811
v -0.078159 0.701030 0.172828
vn 0.852800 0.138801 -0.503455
v -0.054999 0.640013 0.193118
vn 0.094230 -0.331575 -0.938711
v -0.092594 0.669927 0.166762
vn 0.403869 0.421659 0.811846
v -0.075435 0.661167 0.228949
vn 0.002171 0.249721 0.968315
v -0.074622 0.616366 0.245987
vn 0.450961 -0.120925 -0.884314
v -0.081671 0.676009 0.169670
vn 0.651115 0.021968 -0.758661
v -0.055665 0.620340 0.189856
vn 0.075919 -0.188259 -0.979181
v -0.073448 0.614382 0.181341
vn -0.799718 -0.051717 0.598144
v -0.118070 0.679780 0.208883
vn -0.942695 -0.332016 -0.033022
v -0.118124 0.655852 0.196119
vn -0.317886 -0.346494 -0.882548
v -0.094857 0.638192 0.177651
vn -0.865799 -0.352789 -0.354869
v -0.110847 0.639013 0.192114
vn -0.645445 -0.382831 -0.660940
v -0.104942 0.637538 0.184785
vn 0.749759 0.430479 0.502543
v -0.063937 0.660362 0.218066
vn 0.852024 0.483194 0.201443
v -0.079058 0.708739 0.188972
vn 0.541667 0.541858 0.642640
v -0.091260 0.711780 0.205157
vn 0.250830 0.510636 0.822396
v -0.097252 0.707875 0.211243
vn 0.672981 0.561356 0.481638
v -0.085321 0.713102 0.196876
vn 0.192938 -0.276281 -0.941512
v -0.113747 0.717163 0.144098
vn 0.678702 0.003625 -0.734405
v -0.078689 0.687703 0.170723
vn -0.426859 0.220126 0.877118
v -0.109379 0.697419 0.215049
vn -0.657943 0.066635 0.750114
v -0.117076 0.696071 0.210076
vn -0.917707 -0.218255 0.331932
v -0.122593 0.675280 0.199763
vn -0.921147 -0.379249 0.087510
v -0.128151 0.681490 0.186487
vn -0.330864 -0.496058 -0.802780
v -0.109226 0.676662 0.165679
vn -0.828607 -0.473584 -0.298544
v -0.125076 0.678114 0.178804
vn -0.594362 -0.514340 -0.618213
v -0.120292 0.679222 0.171139
vn 0.398175 0.501675 0.767971
v -0.116729 0.748897 0.188593
vn 0.917824 0.359022 -0.169416
v -0.077590 0.706417 0.179624
vn 0.742983 0.468928 0.477580
v -0.105508 0.747657 0.180925
vn 0.473015 -0.156116 -0.867113
v -0.105766 0.722483 0.146058
vn -0.165500 -0.316396 -0.934079
v -0.129093 0.733258 0.137776
vn 0.570422 -0.007764 -0.821315
v -0.108986 0.743413 0.142090
vn 0.852300 0.214299 -0.477138
v -0.100885 0.742968 0.151201
vn 0.909514 0.415189 0.020036
v -0.098222 0.746734 0.163547
vn -0.554649 0.123958 0.822799
v -0.130625 0.729102 0.194851
vn -0.755872 -0.087188 0.648888
v -0.145568 0.735460 0.180732
vn -0.884304 -0.241373 0.399682
v -0.147354 0.725089 0.175018
vn -0.251285 -0.493023 -0.832937
v -0.125082 0.708453 0.149159
vn -0.778961 -0.475879 -0.408361
v -0.146123 0.719808 0.157560
vn -0.549873 -0.543585 -0.634157
v -0.139265 0.716096 0.151996
vn -0.581587 -0.398167 -0.709380
v -0.140814 0.726567 0.145937
vn -0.928483 -0.371363 0.002839
v -0.149611 0.724176 0.165297
vn 0.341802 0.061235 -0.937775
v -0.133089 0.823450 0.131306
vn 0.960686 0.195924 -0.196712
v -0.115816 0.792090 0.150292
vn 0.330269 -0.074907 -0.940910
v -0.125526 0.755972 0.133323
vn 0.778885 0.095915 -0.619788
v -0.120349 0.790383 0.139028
vn -0.030700 0.327562 0.944331
v -0.126289 0.749458 0.189934
vn 0.491036 0.203588 0.847016
v -0.128686 0.791121 0.179358
vn -0.068900 -0.107139 -0.991854
v -0.140511 0.776742 0.129186
vn -0.918650 -0.050590 0.391819
v -0.167141 0.798348 0.164745
vn -0.730844 -0.083818 0.677379
v -0.159892 0.780292 0.172826
vn -0.356242 0.015551 -0.934264
v -0.151528 0.804824 0.129914
vn -0.729732 -0.024339 -0.683300
v -0.162249 0.797419 0.138690
vn -0.921551 -0.044742 -0.385670
v -0.167284 0.797328 0.146165
vn -0.996899 -0.073818 -0.027266
v -0.169254 0.797419 0.155629
vn -0.899033 -0.256976 -0.354546
v -0.164737 0.776349 0.146569
vn -0.918273 -0.186266 0.349398
v -0.164323 0.775131 0.165025
vn -0.978492 -0.200675 0.047771
v -0.166445 0.776433 0.155264
vn -0.424135 0.052924 0.904051
v -0.141424 0.757786 0.185347
vn -0.416671 -0.019226 0.908854
v -0.150868 0.798526 0.180475
vn -0.481343 -0.198437 -0.853775
v -0.151914 0.776612 0.133149
vn -0.735453 -0.202346 -0.646657
v -0.159988 0.776852 0.139334
vn 0.444920 -0.135239 0.885300
v -0.131759 0.835655 0.182362
vn 0.052938 0.040114 0.997792
v -0.139638 0.800643 0.182213
vn 0.953228 0.190457 0.234698
v -0.116411 0.792622 0.159538
vn 0.828686 0.147132 0.540029
v -0.119433 0.793925 0.167952
vn 0.821989 -0.061191 -0.566207
v -0.119988 0.839392 0.143654
vn 0.548073 0.086423 -0.831953
v -0.121451 0.868167 0.141194
vn 0.986830 -0.160413 -0.020850
v -0.115928 0.837218 0.155700
vn 0.825944 -0.201137 0.526649
v -0.121677 0.835844 0.172649
vn -0.105381 -0.160557 0.981385
v -0.142084 0.849680 0.185346
vn -0.877045 0.106932 0.468357
v -0.165001 0.845203 0.167744
vn -0.953793 0.296924 0.045981
v -0.163676 0.857901 0.162625
vn -0.420234 0.371447 -0.827907
v -0.145928 0.867004 0.139304
vn -0.502387 0.506303 -0.700903
v -0.141494 0.889420 0.149538
vn -0.796636 0.378422 -0.471347
v -0.159485 0.863001 0.150105
vn -0.916444 0.159204 -0.367130
v -0.167084 0.838728 0.148870
vn -0.665640 0.186050 -0.722709
v -0.160548 0.841342 0.140056
vn -0.228598 0.172223 -0.958166
v -0.147867 0.840649 0.132542
vn -0.995884 0.080889 0.040890
v -0.168817 0.834837 0.157247
vn -0.694323 -0.000883 0.719663
v -0.160815 0.832031 0.174266
vn 0.704718 -0.530964 0.470584
v -0.108551 0.872666 0.181624
vn 0.283939 -0.445069 0.849290
v -0.120957 0.873106 0.192640
vn 0.776140 -0.076323 -0.625924
v -0.104628 0.885335 0.156830
vn 0.913902 -0.270235 -0.302912
v -0.102803 0.879734 0.162776
vn 0.880353 -0.469487 0.067532
v -0.103365 0.875564 0.170904
vn 0.459027 0.242632 -0.854648
v -0.102422 0.908343 0.160471
vn 0.093280 0.269757 -0.958400
v -0.133448 0.871423 0.137910
vn -0.062532 0.482832 -0.873478
v -0.122943 0.905969 0.152951
vn 0.924068 -0.209230 -0.319875
v -0.080457 0.917796 0.185179
vn -0.478046 -0.054051 0.876670
v -0.149736 0.850797 0.182458
vn -0.304405 -0.279115 0.910732
v -0.125065 0.886566 0.198579
vn -0.642718 -0.017684 0.765898
v -0.142053 0.881307 0.188512
vn -0.857277 0.226304 0.462453
v -0.145054 0.895086 0.183233
vn -0.755270 0.555203 -0.348307
v -0.146008 0.899427 0.163320
vn -0.894809 0.434940 0.100717
v -0.146545 0.901065 0.173098
vn -0.341655 0.652641 -0.676263
v -0.124904 0.917118 0.162205
vn 0.682791 -0.677017 0.274671
v -0.072987 0.936162 0.233430
vn 0.029904 -0.649555 0.759726
v -0.103674 0.907076 0.214689
vn -0.078525 0.738737 -0.669404
v -0.100518 0.949891 0.187172
vn 0.283882 0.535442 -0.795432
v -0.097995 0.935134 0.173978
vn 0.721989 0.331875 -0.607117
v -0.080059 0.942123 0.191964
vn 0.622931 -0.684798 0.378165
v -0.089218 0.907173 0.205078
vn 0.710642 0.157984 -0.685587
v -0.086032 0.921436 0.175717
vn 0.834942 -0.542596 0.091988
v -0.082505 0.910981 0.193502
vn -0.122432 0.845701 -0.519423
v -0.093838 0.968706 0.210687
vn -0.526090 0.724599 -0.445180
v -0.114312 0.944443 0.188303
vn -0.839212 0.017095 0.543536
v -0.124505 0.922589 0.205274
vn -0.558274 -0.328465 0.761867
v -0.116502 0.914015 0.211856
vn -0.907089 0.371539 0.197857
v -0.125554 0.931606 0.196961
vn -0.798790 0.587937 -0.127532
v -0.122540 0.937838 0.192189
vn -0.391895 -0.691335 0.607021
v -0.095950 0.932655 0.241214
vn 0.415675 0.662402 -0.623247
v -0.080214 0.962571 0.206817
vn 0.762864 0.462363 -0.451949
v -0.070027 0.960872 0.217210
vn 0.906225 0.168506 -0.387766
v -0.067109 0.952716 0.216097
vn 0.978442 -0.170584 -0.116416
v -0.065283 0.947853 0.223282
vn 0.857536 -0.506946 0.087392
v -0.068235 0.939580 0.225660
vn -0.790411 -0.331845 0.514908
v -0.108141 0.942134 0.236893
vn -0.172577 0.904606 -0.389750
v -0.089570 0.984080 0.239103
vn -0.741897 0.640874 -0.197153
v -0.105351 0.970378 0.227181
vn -0.970416 0.096232 0.221433
v -0.111867 0.957763 0.233366
vn -0.821225 -0.473322 0.318679
v -0.100412 0.961366 0.275084
vn 0.315681 -0.816307 0.483723
v -0.081158 0.935785 0.244967
vn 0.557476 -0.768992 0.312844
v -0.069861 0.950946 0.264021
vn 0.840036 -0.516279 0.166718
v -0.064102 0.954533 0.258150
vn 0.381587 0.827048 -0.412775
v -0.073057 0.985137 0.246710
vn 0.985784 -0.167489 0.013296
v -0.059380 0.968694 0.264006
vn 0.952607 0.233562 -0.194908
v -0.059998 0.975498 0.261282
vn 0.965511 0.260223 -0.008467
v -0.059105 0.977048 0.277461
vn 0.488491 -0.723491 0.487788
v -0.072702 0.966573 0.309606
vn 0.809136 0.539799 0.232198
v -0.065344 0.991719 0.301932
vn 0.929272 -0.234293 0.285589
v -0.062451 0.974321 0.300033
vn -0.253828 -0.877323 0.407278
v -0.088489 0.964765 0.313262
vn -0.262128 -0.469619 0.843058
v -0.092764 0.970029 0.320449
vn 0.806458 0.539771 -0.241399
v -0.063499 0.981158 0.257959
vn 0.548779 0.818643 -0.169308
v -0.069182 0.994232 0.278520
vn 0.551694 0.178133 0.814802
v -0.072758 0.982546 0.320753
vn -0.157489 -0.897166 0.412663
v -0.086989 0.950546 0.276523
vn -0.808572 0.585301 0.060283
v -0.101422 0.993958 0.298101
vn -0.900293 -0.323245 0.291522
v -0.103527 0.976198 0.305451
vn -0.995606 0.075157 0.055851
v -0.105496 0.976884 0.270474
vn -0.216721 0.942893 -0.252951
v -0.091360 0.996361 0.275565
vn 0.064766 0.976490 0.205605
v -0.085789 1.001958 0.303241
vn -0.496475 0.513388 0.699961
v -0.093182 0.993699 0.316860
# 1396 vertices, 0 vertices normals

f 24//24 107//107 78//78
f 25//25 24//24 78//78
f 201//201 48//48 60//60
f 20//20 76//76 16//16
f 212//212 67//67 70//70
f 107//107 109//109 78//78
f 112//112 111//111 117//117
f 124//124 126//126 87//87
f 236//236 134//134 235//235
f 149//149 134//134 236//236
f 162//162 161//161 164//164
f 102//102 98//98 106//106
f 954//954 5//5 961//961
f 40//40 4//4 5//5
f 4//4 961//961 5//5
f 43//43 7//7 6//6
f 7//7 84//84 6//6
f 8//8 75//75 10//10
f 91//91 72//72 160//160
f 11//11 18//18 12//12
f 12//12 13//13 11//11
f 14//14 20//20 16//16
f 14//14 16//16 15//15
f 17//17 11//11 13//13
f 17//17 208//208 11//11
f 12//12 18//18 14//14
f 12//12 14//14 15//15
f 12//12 15//15 1007//1007
f 17//17 1005//1005 83//83
f 17//17 83//83 22//22
f 91//91 71//71 72//72
f 19//19 953//953 71//71
f 19//19 71//71 91//91
f 9//9 20//20 103//103
f 21//21 229//229 104//104
f 14//14 229//229 21//21
f 6//6 84//84 85//85
f 22//22 7//7 23//23
f 1//1 24//24 26//26
f 953//953 24//24 1//1
f 953//953 107//107 24//24
f 24//24 25//25 27//27
f 24//24 28//28 26//26
f 24//24 27//27 79//79
f 24//24 79//79 28//28
f 26//26 28//28 2//2
f 28//28 35//35 960//960
f 28//28 960//960 2//2
f 35//35 3//3 960//960
f 3//3 41//41 955//955
f 3//3 34//34 41//41
f 35//35 34//34 3//3
f 18//18 205//205 206//206
f 11//11 205//205 18//18
f 31//31 32//32 34//34
f 30//30 32//32 31//31
f 30//30 37//37 29//29
f 30//30 29//29 32//32
f 34//34 33//33 31//31
f 32//32 29//29 41//41
f 29//29 50//50 41//41
f 34//34 35//35 33//33
f 35//35 28//28 33//33
f 28//28 79//79 33//33
f 81//81 37//37 30//30
f 81//81 36//36 37//37
f 81//81 64//64 36//36
f 64//64 81//81 82//82
f 38//38 39//39 5//5
f 38//38 51//51 39//39
f 38//38 50//50 51//51
f 5//5 954//954 38//38
f 38//38 41//41 50//50
f 39//39 40//40 5//5
f 39//39 46//46 40//40
f 954//954 41//41 38//38
f 954//954 955//955 41//41
f 41//41 34//34 32//32
f 6//6 68//68 43//43
f 43//43 42//42 7//7
f 42//42 23//23 7//7
f 43//43 66//66 42//42
f 7//7 22//22 83//83
f 40//40 46//46 45//45
f 40//40 45//45 4//4
f 44//44 45//45 6//6
f 44//44 6//6 85//85
f 4//4 45//45 44//44
f 46//46 39//39 48//48
f 47//47 46//46 48//48
f 47//47 209//209 70//70
f 48//48 49//49 60//60
f 48//48 39//39 49//49
f 48//48 201//201 47//47
f 50//50 52//52 51//51
f 50//50 29//29 52//52
f 29//29 37//37 52//52
f 37//37 53//53 52//52
f 53//53 54//54 52//52
f 36//36 53//53 37//37
f 36//36 63//63 53//53
f 54//54 61//61 52//52
f 53//53 55//55 54//54
f 53//53 63//63 55//55
f 57//57 58//58 56//56
f 58//58 54//54 55//55
f 58//58 55//55 56//56
f 58//58 61//61 54//54
f 57//57 59//59 60//60
f 59//59 201//201 60//60
f 56//56 202//202 57//57
f 57//57 60//60 58//58
f 60//60 61//61 58//58
f 49//49 61//61 60//60
f 61//61 49//49 51//51
f 61//61 51//51 52//52
f 55//55 62//62 56//56
f 55//55 63//63 62//62
f 62//62 65//65 204//204
f 62//62 63//63 65//65
f 56//56 203//203 202//202
f 62//62 203//203 56//56
f 64//64 63//63 36//36
f 64//64 65//65 63//63
f 64//64 153//153 65//65
f 62//62 204//204 203//203
f 43//43 68//68 66//66
f 68//68 67//67 66//66
f 67//67 68//68 45//45
f 67//67 69//69 66//66
f 70//70 46//46 47//47
f 67//67 45//45 70//70
f 45//45 46//46 70//70
f 67//67 212//212 69//69
f 17//17 22//22 208//208
f 18//18 233//233 229//229
f 18//18 229//229 14//14
f 208//208 205//205 11//11
f 45//45 68//68 6//6
f 39//39 51//51 49//49
f 65//65 150//150 204//204
f 65//65 153//153 150//150
f 150//150 158//158 204//204
f 103//103 14//14 21//21
f 103//103 20//20 14//14
f 984//984 987//987 72//72
f 984//984 72//72 71//71
f 73//73 72//72 987//987
f 74//74 75//75 73//73
f 73//73 160//160 72//72
f 71//71 983//983 984//984
f 71//71 953//953 983//983
f 86//86 85//85 84//84
f 1002//1002 85//85 86//86
f 86//86 1003//1003 1004//1004
f 86//86 84//84 1003//1003
f 83//83 1005//1005 1003//1003
f 84//84 7//7 83//83
f 84//84 83//83 1003//1003
f 1005//1005 17//17 1006//1006
f 1006//1006 17//17 13//13
f 1007//1007 13//13 12//12
f 976//976 16//16 1008//1008
f 16//16 76//76 1008//1008
f 976//976 15//15 16//16
f 1008//1008 76//76 74//74
f 74//74 76//76 75//75
f 76//76 20//20 77//77
f 20//20 9//9 77//77
f 76//76 77//77 75//75
f 77//77 9//9 10//10
f 77//77 10//10 75//75
f 73//73 8//8 160//160
f 75//75 8//8 73//73
f 976//976 1007//1007 15//15
f 170//170 25//25 78//78
f 171//171 79//79 27//27
f 80//80 79//79 171//171
f 80//80 33//33 79//79
f 31//31 33//33 80//80
f 172//172 81//81 30//30
f 44//44 1013//1013 4//4
f 86//86 1004//1004 964//964
f 86//86 964//964 1002//1002
f 111//111 1123//1123 1097//1097
f 113//113 111//111 88//88
f 111//111 1097//1097 88//88
f 128//128 1136//1136 127//127
f 130//130 90//90 129//129
f 90//90 89//89 129//129
f 165//165 8//8 10//10
f 8//8 1128//1128 160//160
f 163//163 10//10 9//9
f 163//163 165//165 10//10
f 93//93 94//94 92//92
f 93//93 92//92 99//99
f 94//94 1149//1149 92//92
f 104//104 100//100 95//95
f 101//101 95//95 100//100
f 101//101 100//100 99//99
f 101//101 96//96 95//95
f 96//96 97//97 95//95
f 93//93 98//98 94//94
f 92//92 101//101 99//99
f 89//89 102//102 106//106
f 97//97 164//164 103//103
f 103//103 163//163 9//9
f 164//164 163//163 103//103
f 104//104 97//97 21//21
f 104//104 95//95 97//97
f 126//126 105//105 87//87
f 1126//1126 107//107 953//953
f 131//131 89//89 106//106
f 109//109 107//107 108//108
f 1123//1123 110//110 109//109
f 1123//1123 109//109 108//108
f 110//110 169//169 109//109
f 111//111 110//110 1123//1123
f 112//112 110//110 111//111
f 113//113 117//117 111//111
f 105//105 114//114 113//113
f 114//114 117//117 113//113
f 244//244 93//93 99//99
f 244//244 242//242 93//93
f 114//114 118//118 116//116
f 115//115 118//118 114//114
f 121//121 116//116 118//118
f 116//116 112//112 114//114
f 112//112 117//117 114//114
f 126//126 115//115 114//114
f 240//240 106//106 98//98
f 240//240 131//131 106//106
f 118//118 119//119 121//121
f 120//120 121//121 119//119
f 120//120 168//168 121//121
f 122//122 82//82 120//120
f 64//64 82//82 122//122
f 168//168 120//120 82//82
f 125//125 123//123 124//124
f 157//157 124//124 123//123
f 157//157 115//115 124//124
f 124//124 87//87 125//125
f 115//115 126//126 124//124
f 133//133 123//123 125//125
f 128//128 125//125 87//87
f 114//114 105//105 126//126
f 154//154 156//156 130//130
f 131//131 129//129 89//89
f 131//131 132//132 129//129
f 154//154 130//130 129//129
f 154//154 129//129 132//132
f 155//155 133//133 128//128
f 155//155 128//128 127//127
f 133//133 125//125 128//128
f 130//130 156//156 127//127
f 156//156 155//155 127//127
f 137//137 123//123 133//133
f 137//137 133//133 135//135
f 137//137 135//135 134//134
f 234//234 135//135 136//136
f 149//149 137//137 134//134
f 234//234 134//134 135//135
f 234//234 235//235 134//134
f 115//115 157//157 139//139
f 138//138 139//139 157//157
f 138//138 140//140 139//139
f 141//141 115//115 139//139
f 119//119 118//118 115//115
f 119//119 115//115 141//141
f 140//140 141//141 139//139
f 141//141 142//142 119//119
f 142//142 120//120 119//119
f 140//140 143//143 141//141
f 147//147 145//145 143//143
f 147//147 143//143 140//140
f 144//144 143//143 145//145
f 143//143 142//142 141//141
f 144//144 142//142 143//143
f 145//145 147//147 146//146
f 236//236 146//146 149//149
f 236//236 237//237 146//146
f 237//237 148//148 146//146
f 148//148 145//145 146//146
f 147//147 149//149 146//146
f 147//147 138//138 149//149
f 138//138 137//137 149//149
f 138//138 147//147 140//140
f 151//151 144//144 145//145
f 153//153 144//144 151//151
f 153//153 151//151 150//150
f 148//148 152//152 145//145
f 152//152 151//151 145//145
f 142//142 122//122 120//120
f 144//144 122//122 142//142
f 144//144 153//153 122//122
f 153//153 64//64 122//122
f 152//152 158//158 151//151
f 279//279 238//238 154//154
f 279//279 154//154 132//132
f 155//155 239//239 136//136
f 155//155 154//154 239//239
f 238//238 239//239 154//154
f 135//135 133//133 136//136
f 133//133 155//155 136//136
f 104//104 244//244 100//100
f 281//281 244//244 104//104
f 244//244 99//99 100//100
f 156//156 154//154 155//155
f 138//138 157//157 137//137
f 157//157 123//123 137//137
f 241//241 98//98 93//93
f 158//158 150//150 151//151
f 1126//1126 953//953 19//19
f 97//97 103//103 21//21
f 1127//1127 160//160 159//159
f 160//160 1128//1128 159//159
f 91//91 160//160 1127//1127
f 19//19 91//91 1127//1127
f 102//102 90//90 1143//1143
f 1105//1105 1147//1147 102//102
f 98//98 102//102 1147//1147
f 102//102 89//89 90//90
f 94//94 98//98 1147//1147
f 94//94 1147//1147 1146//1146
f 94//94 1146//1146 1149//1149
f 96//96 1117//1117 162//162
f 101//101 1117//1117 96//96
f 1110//1110 163//163 161//161
f 1110//1110 165//165 163//163
f 165//165 1109//1109 1128//1128
f 165//165 1110//1110 1109//1109
f 163//163 164//164 161//161
f 97//97 162//162 164//164
f 97//97 96//96 162//162
f 8//8 165//165 1128//1128
f 101//101 92//92 166//166
f 101//101 166//166 1117//1117
f 78//78 175//175 170//170
f 110//110 177//177 169//169
f 110//110 112//112 167//167
f 110//110 167//167 177//177
f 112//112 116//116 167//167
f 116//116 121//121 179//179
f 121//121 168//168 179//179
f 168//168 199//199 179//179
f 168//168 82//82 181//181
f 168//168 181//181 199//199
f 78//78 109//109 175//175
f 109//109 169//169 175//175
f 127//127 1142//1142 130//130
f 1142//1142 90//90 130//130
f 1141//1141 1143//1143 1142//1142
f 1143//1143 90//90 1142//1142
f 30//30 182//182 172//172
f 179//179 1241//1241 178//178
f 170//170 174//174 25//25
f 80//80 186//186 173//173
f 80//80 173//173 31//31
f 80//80 171//171 186//186
f 186//186 171//171 187//187
f 31//31 173//173 183//183
f 31//31 183//183 30//30
f 172//172 82//82 81//81
f 172//172 181//181 82//82
f 30//30 183//183 182//182
f 171//171 27//27 190//190
f 171//171 190//190 187//187
f 27//27 25//25 174//174
f 27//27 174//174 190//190
f 174//174 170//170 191//191
f 169//169 180//180 175//175
f 176//176 167//167 116//116
f 177//177 167//167 176//176
f 178//178 116//116 179//179
f 178//178 176//176 116//116
f 199//199 1241//1241 179//179
f 194//194 178//178 1241//1241
f 195//195 176//176 178//178
f 195//195 178//178 194//194
f 196//196 176//176 195//195
f 196//196 177//177 176//176
f 180//180 177//177 196//196
f 180//180 169//169 177//177
f 198//198 175//175 180//180
f 170//170 175//175 198//198
f 197//197 1245//1245 198//198
f 172//172 192//192 181//181
f 182//182 184//184 192//192
f 182//182 192//192 172//172
f 183//183 184//184 182//182
f 173//173 185//185 184//184
f 173//173 184//184 183//183
f 186//186 188//188 185//185
f 186//186 185//185 173//173
f 187//187 188//188 186//186
f 187//187 189//189 188//188
f 190//190 193//193 189//189
f 190//190 189//189 187//187
f 174//174 193//193 190//190
f 170//170 1235//1235 191//191
f 1237//1237 192//192 1232//1232
f 1256//1256 181//181 192//192
f 1256//1256 192//192 1237//1237
f 192//192 184//184 1232//1232
f 1233//1233 184//184 185//185
f 1232//1232 184//184 1233//1233
f 193//193 174//174 191//191
f 197//197 180//180 196//196
f 197//197 198//198 180//180
f 198//198 1235//1235 170//170
f 197//197 196//196 1239//1239
f 197//197 1239//1239 1247//1247
f 196//196 195//195 1240//1240
f 196//196 1240//1240 1239//1239
f 1241//1241 199//199 1244//1244
f 199//199 181//181 1256//1256
f 199//199 1256//1256 1244//1244
f 195//195 200//200 1240//1240
f 195//195 194//194 200//200
f 194//194 1241//1241 200//200
f 197//197 1248//1248 1245//1245
f 197//197 1247//1247 1248//1248
f 1235//1235 198//198 1245//1245
f 214//214 213//213 224//224
f 214//214 224//224 232//232
f 205//205 285//285 206//206
f 208//208 228//228 205//205
f 228//228 310//310 205//205
f 205//205 310//310 285//285
f 207//207 23//23 230//230
f 207//207 22//22 23//23
f 230//230 312//312 207//207
f 23//23 42//42 230//230
f 208//208 22//22 207//207
f 210//210 218//218 209//209
f 210//210 201//201 211//211
f 210//210 47//47 201//201
f 211//211 216//216 210//210
f 216//216 218//218 210//210
f 211//211 59//59 215//215
f 211//211 215//215 214//214
f 59//59 57//57 215//215
f 211//211 201//201 59//59
f 212//212 217//217 226//226
f 209//209 217//217 212//212
f 209//209 47//47 210//210
f 214//214 220//220 211//211
f 220//220 216//216 211//211
f 214//214 215//215 213//213
f 215//215 202//202 213//213
f 215//215 57//57 202//202
f 216//216 283//283 218//218
f 209//209 218//218 217//217
f 219//219 203//203 225//225
f 213//213 202//202 203//203
f 213//213 203//203 219//219
f 214//214 232//232 220//220
f 221//221 222//222 219//219
f 221//221 223//223 222//222
f 267//267 204//204 158//158
f 219//219 224//224 213//213
f 219//219 222//222 224//224
f 221//221 225//225 267//267
f 219//219 225//225 221//221
f 225//225 204//204 267//267
f 225//225 203//203 204//204
f 222//222 308//308 306//306
f 222//222 306//306 284//284
f 222//222 284//284 224//224
f 212//212 70//70 209//209
f 226//226 69//69 212//212
f 226//226 227//227 69//69
f 207//207 228//228 208//208
f 207//207 312//312 311//311
f 207//207 311//311 228//228
f 233//233 18//18 206//206
f 233//233 206//206 286//286
f 230//230 287//287 312//312
f 230//230 227//227 287//287
f 230//230 42//42 66//66
f 220//220 283//283 216//216
f 231//231 283//283 220//220
f 231//231 232//232 288//288
f 220//220 232//232 231//231
f 286//286 281//281 233//233
f 223//223 308//308 222//222
f 349//349 308//308 223//223
f 233//233 104//104 229//229
f 287//287 227//227 226//226
f 284//284 232//232 224//224
f 284//284 288//288 232//232
f 66//66 69//69 227//227
f 66//66 227//227 230//230
f 241//241 242//242 243//243
f 93//93 242//242 241//241
f 245//245 243//243 242//242
f 277//277 245//245 242//242
f 277//277 242//242 276//276
f 240//240 98//98 241//241
f 315//315 275//275 243//243
f 315//315 243//243 245//245
f 132//132 131//131 246//246
f 131//131 240//240 246//246
f 278//278 279//279 246//246
f 279//279 132//132 246//246
f 263//263 248//248 255//255
f 235//235 249//249 253//253
f 235//235 234//234 249//249
f 250//250 251//251 253//253
f 250//250 253//253 249//249
f 237//237 253//253 252//252
f 237//237 252//252 266//266
f 237//237 236//236 253//253
f 236//236 235//235 253//253
f 254//254 255//255 273//273
f 254//254 263//263 255//255
f 249//249 234//234 248//248
f 249//249 248//248 250//250
f 234//234 255//255 248//248
f 234//234 136//136 255//255
f 251//251 252//252 253//253
f 251//251 256//256 252//252
f 256//256 257//257 266//266
f 256//256 266//266 252//252
f 259//259 260//260 258//258
f 148//148 260//260 259//259
f 260//260 237//237 266//266
f 148//148 237//237 260//260
f 261//261 262//262 250//250
f 316//316 262//262 261//261
f 262//262 251//251 250//250
f 316//316 317//317 262//262
f 263//263 261//261 248//248
f 318//318 261//261 263//263
f 261//261 250//250 248//248
f 318//318 316//316 261//261
f 265//265 259//259 258//258
f 265//265 258//258 264//264
f 152//152 259//259 265//265
f 152//152 148//148 259//259
f 266//266 268//268 258//258
f 266//266 258//258 260//260
f 257//257 268//268 266//266
f 267//267 264//264 221//221
f 268//268 269//269 258//258
f 269//269 264//264 258//258
f 267//267 265//265 264//264
f 158//158 152//152 265//265
f 158//158 265//265 267//267
f 269//269 223//223 264//264
f 264//264 223//223 221//221
f 271//271 269//269 268//268
f 271//271 270//270 269//269
f 319//319 270//270 271//271
f 136//136 239//239 273//273
f 136//136 273//273 255//255
f 272//272 263//263 254//254
f 272//272 318//318 263//263
f 274//274 254//254 273//273
f 274//274 238//238 278//278
f 241//241 243//243 247//247
f 241//241 247//247 240//240
f 275//275 247//247 243//243
f 244//244 276//276 242//242
f 244//244 281//281 276//276
f 286//286 340//340 277//277
f 286//286 277//277 281//281
f 277//277 276//276 281//281
f 247//247 246//246 240//240
f 247//247 320//320 246//246
f 320//320 278//278 246//246
f 279//279 278//278 238//238
f 320//320 357//357 278//278
f 282//282 278//278 357//357
f 282//282 274//274 278//278
f 262//262 280//280 256//256
f 262//262 256//256 251//251
f 317//317 280//280 262//262
f 280//280 257//257 256//256
f 345//345 280//280 317//317
f 345//345 257//257 280//280
f 271//271 268//268 257//257
f 271//271 257//257 345//345
f 270//270 349//349 223//223
f 270//270 223//223 269//269
f 104//104 233//233 281//281
f 254//254 282//282 272//272
f 274//274 282//282 254//254
f 282//282 328//328 272//272
f 271//271 345//345 319//319
f 273//273 238//238 274//274
f 239//239 238//238 273//273
f 366//366 391//391 298//298
f 366//366 298//298 300//300
f 359//359 462//462 336//336
f 289//289 290//290 292//292
f 289//289 291//291 309//309
f 289//289 361//361 291//291
f 403//403 292//292 304//304
f 292//292 403//403 289//289
f 403//403 361//361 289//289
f 362//362 293//293 363//363
f 307//307 306//306 308//308
f 305//305 306//306 307//307
f 305//305 307//307 363//363
f 294//294 364//364 295//295
f 294//294 365//365 364//364
f 300//300 297//297 296//296
f 296//296 297//297 299//299
f 300//300 367//367 366//366
f 296//296 367//367 300//300
f 301//301 302//302 310//310
f 302//302 303//303 314//314
f 303//303 386//386 314//314
f 301//301 303//303 302//302
f 304//304 293//293 362//362
f 362//362 403//403 304//304
f 293//293 231//231 288//288
f 304//304 231//231 293//293
f 292//292 283//283 231//231
f 292//292 231//231 304//304
f 293//293 288//288 363//363
f 288//288 305//305 363//363
f 305//305 284//284 306//306
f 288//288 284//284 305//305
f 308//308 327//327 307//307
f 308//308 349//349 327//327
f 294//294 226//226 309//309
f 226//226 217//217 309//309
f 294//294 295//295 287//287
f 294//294 287//287 226//226
f 309//309 218//218 290//290
f 309//309 217//217 218//218
f 309//309 290//290 289//289
f 309//309 291//291 294//294
f 291//291 365//365 294//294
f 290//290 283//283 292//292
f 290//290 218//218 283//283
f 301//301 453//453 303//303
f 301//301 298//298 453//453
f 310//310 298//298 301//301
f 310//310 311//311 298//298
f 310//310 228//228 311//311
f 302//302 285//285 310//310
f 300//300 311//311 297//297
f 298//298 311//311 300//300
f 297//297 312//312 299//299
f 297//297 311//311 312//312
f 299//299 312//312 295//295
f 312//312 287//287 295//295
f 314//314 313//313 302//302
f 358//358 313//313 314//314
f 313//313 285//285 302//302
f 313//313 206//206 285//285
f 286//286 206//206 313//313
f 327//327 465//465 307//307
f 358//358 286//286 313//313
f 314//314 341//341 358//358
f 314//314 466//466 341//341
f 364//364 299//299 295//295
f 355//355 321//321 322//322
f 355//355 353//353 321//321
f 354//354 321//321 351//351
f 507//507 321//321 354//354
f 344//344 355//355 322//322
f 344//344 322//322 326//326
f 489//489 322//322 321//321
f 324//324 325//325 323//323
f 324//324 343//343 325//325
f 496//496 494//494 325//325
f 496//496 325//325 326//326
f 494//494 323//323 325//325
f 494//494 493//493 323//323
f 493//493 495//495 347//347
f 495//495 327//327 347//347
f 350//350 330//330 332//332
f 350//350 328//328 330//330
f 330//330 334//334 332//332
f 329//329 330//330 328//328
f 329//329 331//331 330//330
f 331//331 334//334 330//330
f 360//360 332//332 334//334
f 509//509 332//332 360//360
f 331//331 333//333 334//334
f 357//357 356//356 336//336
f 357//357 336//336 331//331
f 333//333 331//331 336//336
f 461//461 360//360 333//333
f 360//360 334//334 333//333
f 335//335 359//359 336//336
f 337//337 359//359 335//335
f 356//356 335//335 336//336
f 462//462 461//461 333//333
f 462//462 333//333 336//336
f 338//338 340//340 339//339
f 466//466 463//463 339//339
f 466//466 339//339 341//341
f 338//338 339//339 342//342
f 325//325 344//344 326//326
f 343//343 344//344 325//325
f 345//345 317//317 344//344
f 345//345 344//344 343//343
f 319//319 343//343 324//324
f 319//319 345//345 343//343
f 317//317 355//355 344//344
f 346//346 324//324 323//323
f 348//348 319//319 346//346
f 270//270 319//319 348//348
f 319//319 324//324 346//346
f 323//323 493//493 346//346
f 493//493 347//347 346//346
f 348//348 346//346 347//347
f 349//349 348//348 347//347
f 349//349 347//347 327//327
f 349//349 270//270 348//348
f 351//351 350//350 332//332
f 351//351 352//352 350//350
f 318//318 272//272 352//352
f 328//328 352//352 272//272
f 328//328 350//350 352//352
f 316//316 318//318 353//353
f 318//318 352//352 353//353
f 353//353 351//351 321//321
f 353//353 352//352 351//351
f 332//332 354//354 351//351
f 509//509 507//507 354//354
f 509//509 354//354 332//332
f 317//317 316//316 355//355
f 316//316 353//353 355//355
f 339//339 464//464 342//342
f 463//463 464//464 339//339
f 464//464 337//337 342//342
f 315//315 245//245 338//338
f 315//315 338//338 342//342
f 275//275 315//315 337//337
f 315//315 342//342 337//337
f 245//245 277//277 338//338
f 277//277 340//340 338//338
f 275//275 337//337 335//335
f 320//320 247//247 356//356
f 320//320 356//356 357//357
f 356//356 275//275 335//335
f 247//247 275//275 356//356
f 331//331 329//329 357//357
f 340//340 358//358 339//339
f 495//495 465//465 327//327
f 286//286 358//358 340//340
f 358//358 341//341 339//339
f 337//337 534//534 359//359
f 359//359 534//534 462//462
f 329//329 282//282 357//357
f 329//329 328//328 282//282
f 464//464 534//534 337//337
f 451//451 371//371 370//370
f 451//451 370//370 375//375
f 373//373 451//451 375//375
f 394//394 452//452 440//440
f 439//439 446//446 765//765
f 453//453 298//298 391//391
f 392//392 449//449 457//457
f 417//417 418//418 410//410
f 467//467 485//485 470//470
f 486//486 527//527 469//469
f 579//579 581//581 511//511
f 516//516 517//517 515//515
f 525//525 855//855 536//536
f 525//525 536//536 524//524
f 526//526 383//383 389//389
f 526//526 389//389 864//864
f 461//461 510//510 360//360
f 397//397 368//368 422//422
f 397//397 422//422 413//413
f 371//371 372//372 538//538
f 372//372 452//452 538//538
f 371//371 451//451 372//372
f 374//374 373//373 375//375
f 378//378 449//449 450//450
f 457//457 449//449 378//378
f 474//474 390//390 379//379
f 379//379 434//434 474//474
f 382//382 381//381 380//380
f 374//374 381//381 382//382
f 382//382 761//761 752//752
f 382//382 379//379 761//761
f 380//380 379//379 382//382
f 389//389 384//384 390//390
f 383//383 384//384 389//389
f 385//385 448//448 383//383
f 383//383 448//448 384//384
f 385//385 377//377 448//448
f 386//386 303//303 378//378
f 378//378 303//303 453//453
f 386//386 378//378 377//377
f 388//388 387//387 404//404
f 456//456 391//391 366//366
f 456//456 366//366 393//393
f 456//456 392//392 391//391
f 393//393 387//387 454//454
f 436//436 395//395 394//394
f 397//397 445//445 368//368
f 370//370 381//381 375//375
f 458//458 381//381 370//370
f 381//381 374//374 375//375
f 381//381 398//398 380//380
f 542//542 400//400 399//399
f 361//361 403//403 402//402
f 402//402 401//401 361//361
f 403//403 362//362 405//405
f 401//401 422//422 361//361
f 422//422 291//291 361//361
f 291//291 404//404 365//365
f 291//291 422//422 404//404
f 405//405 362//362 406//406
f 406//406 362//362 363//363
f 363//363 409//409 406//406
f 363//363 419//419 409//409
f 363//363 307//307 419//419
f 406//406 407//407 405//405
f 405//405 402//402 403//403
f 407//407 408//408 405//405
f 408//408 402//402 405//405
f 409//409 416//416 407//407
f 409//409 407//407 406//406
f 407//407 410//410 408//408
f 408//408 415//415 402//402
f 408//408 410//410 415//415
f 415//415 411//411 402//402
f 402//402 411//411 401//401
f 411//411 415//415 412//412
f 412//412 413//413 411//411
f 411//411 413//413 401//401
f 427//427 415//415 414//414
f 415//415 410//410 414//414
f 407//407 417//417 410//410
f 416//416 417//417 407//407
f 418//418 417//417 432//432
f 417//417 421//421 432//432
f 418//418 414//414 410//410
f 409//409 419//419 416//416
f 419//419 420//420 416//416
f 419//419 307//307 465//465
f 416//416 421//421 417//417
f 420//420 421//421 416//416
f 420//420 505//505 421//421
f 505//505 515//515 421//421
f 413//413 422//422 401//401
f 413//413 412//412 397//397
f 404//404 422//422 368//368
f 404//404 423//423 365//365
f 423//423 364//364 365//365
f 296//296 364//364 423//423
f 296//296 299//299 364//364
f 423//423 387//387 367//367
f 404//404 387//387 423//423
f 367//367 296//296 423//423
f 412//412 415//415 427//427
f 426//426 424//424 425//425
f 396//396 424//424 426//426
f 396//396 395//395 424//424
f 396//396 426//426 369//369
f 425//425 539//539 426//426
f 424//424 427//427 425//425
f 424//424 435//435 427//427
f 424//424 395//395 435//435
f 425//425 429//429 428//428
f 425//425 427//427 414//414
f 425//425 414//414 429//429
f 428//428 539//539 425//425
f 429//429 433//433 428//428
f 429//429 414//414 418//418
f 429//429 418//418 432//432
f 432//432 431//431 430//430
f 432//432 430//430 433//433
f 432//432 433//433 429//429
f 400//400 434//434 398//398
f 398//398 434//434 380//380
f 380//380 434//434 379//379
f 515//515 431//431 421//421
f 431//431 515//515 540//540
f 421//421 431//431 432//432
f 435//435 436//436 437//437
f 435//435 412//412 427//427
f 435//435 437//437 412//412
f 397//397 437//437 376//376
f 397//397 376//376 445//445
f 435//435 395//395 436//436
f 431//431 558//558 430//430
f 540//540 558//558 431//431
f 393//393 367//367 387//387
f 393//393 366//366 367//367
f 386//386 377//377 385//385
f 385//385 314//314 386//386
f 396//396 369//369 395//395
f 395//395 438//438 452//452
f 369//369 438//438 395//395
f 438//438 538//538 452//452
f 385//385 466//466 314//314
f 385//385 519//519 466//466
f 745//745 404//404 368//368
f 745//745 388//388 404//404
f 368//368 439//439 745//745
f 745//745 439//439 766//766
f 440//440 452//452 372//372
f 441//441 442//442 440//440
f 442//442 394//394 440//440
f 748//748 441//441 373//373
f 748//748 373//373 749//749
f 443//443 441//441 748//748
f 760//760 390//390 384//384
f 761//761 379//379 390//390
f 444//444 446//446 445//445
f 444//444 460//460 446//446
f 444//444 459//459 460//460
f 444//444 445//445 376//376
f 439//439 368//368 446//446
f 459//459 442//442 441//441
f 455//455 454//454 770//770
f 447//447 450//450 776//776
f 447//447 377//377 450//450
f 448//448 377//377 447//447
f 450//450 778//778 776//776
f 450//450 449//449 778//778
f 377//377 378//378 450//450
f 372//372 451//451 441//441
f 372//372 441//441 440//440
f 451//451 373//373 441//441
f 749//749 373//373 374//374
f 452//452 394//394 395//395
f 378//378 453//453 457//457
f 778//778 392//392 455//455
f 449//449 392//392 778//778
f 454//454 388//388 770//770
f 393//393 454//454 456//456
f 454//454 455//455 392//392
f 454//454 392//392 456//456
f 388//388 454//454 387//387
f 457//457 391//391 392//392
f 453//453 391//391 457//457
f 436//436 394//394 376//376
f 394//394 442//442 376//376
f 436//436 376//376 437//437
f 368//368 445//445 446//446
f 459//459 441//441 443//443
f 459//459 444//444 442//442
f 444//444 376//376 442//442
f 397//397 412//412 437//437
f 458//458 398//398 381//381
f 399//399 400//400 398//398
f 399//399 398//398 458//458
f 458//458 371//371 537//537
f 458//458 370//370 371//371
f 756//756 459//459 443//443
f 765//765 446//446 460//460
f 491//491 492//492 467//467
f 508//508 485//485 492//492
f 520//520 574//574 468//468
f 591//591 574//574 573//573
f 573//573 527//527 486//486
f 520//520 527//527 573//573
f 520//520 573//573 574//574
f 522//522 480//480 470//470
f 528//528 480//480 522//522
f 530//530 532//532 529//529
f 471//471 390//390 474//474
f 861//861 471//471 474//474
f 472//472 473//473 488//488
f 472//472 865//865 473//473
f 474//474 434//434 473//473
f 474//474 473//473 861//861
f 865//865 861//861 473//473
f 475//475 476//476 472//472
f 475//475 853//853 476//476
f 477//477 472//472 476//476
f 865//865 472//472 477//477
f 390//390 471//471 389//389
f 385//385 383//383 519//519
f 463//463 519//519 529//529
f 464//464 463//463 529//529
f 526//526 529//529 519//519
f 485//485 508//508 478//478
f 462//462 533//533 518//518
f 534//534 532//532 533//533
f 534//534 533//533 462//462
f 481//481 482//482 468//468
f 467//467 470//470 483//483
f 492//492 485//485 467//467
f 853//853 475//475 486//486
f 853//853 486//486 469//469
f 472//472 487//487 475//475
f 488//488 487//487 472//472
f 487//487 575//575 576//576
f 488//488 575//575 487//487
f 488//488 400//400 575//575
f 326//326 322//322 490//490
f 322//322 489//489 490//490
f 506//506 490//490 489//489
f 507//507 491//491 489//489
f 492//492 491//491 507//507
f 321//321 507//507 489//489
f 493//493 494//494 497//497
f 497//497 495//495 493//493
f 498//498 497//497 494//494
f 490//490 496//496 326//326
f 496//496 498//498 494//494
f 496//496 499//499 498//498
f 490//490 499//499 496//496
f 504//504 495//495 497//497
f 503//503 497//497 498//498
f 502//502 497//497 503//503
f 504//504 497//497 502//502
f 500//500 503//503 498//498
f 506//506 499//499 490//490
f 501//501 500//500 499//499
f 500//500 498//498 499//499
f 506//506 501//501 499//499
f 506//506 484//484 501//501
f 511//511 514//514 500//500
f 500//500 514//514 503//503
f 512//512 511//511 501//501
f 502//502 503//503 516//516
f 465//465 495//495 504//504
f 419//419 465//465 504//504
f 420//420 419//419 504//504
f 502//502 505//505 504//504
f 504//504 505//505 420//420
f 467//467 506//506 491//491
f 491//491 506//506 489//489
f 467//467 484//484 506//506
f 483//483 484//484 467//467
f 507//507 509//509 508//508
f 507//507 508//508 492//492
f 509//509 510//510 508//508
f 509//509 360//360 510//510
f 478//478 508//508 510//510
f 510//510 461//461 478//478
f 500//500 501//501 511//511
f 511//511 512//512 579//579
f 481//481 579//579 512//512
f 482//482 481//481 512//512
f 513//513 511//511 581//581
f 514//514 511//511 513//513
f 468//468 595//595 481//481
f 513//513 517//517 514//514
f 434//434 400//400 488//488
f 434//434 488//488 473//473
f 502//502 516//516 515//515
f 502//502 515//515 505//505
f 514//514 516//516 503//503
f 514//514 517//517 516//516
f 501//501 535//535 512//512
f 535//535 482//482 512//512
f 535//535 480//480 482//482
f 480//480 483//483 470//470
f 480//480 535//535 483//483
f 517//517 540//540 515//515
f 479//479 478//478 518//518
f 461//461 518//518 478//478
f 462//462 518//518 461//461
f 526//526 519//519 383//383
f 466//466 519//519 463//463
f 867//867 523//523 485//485
f 855//855 527//527 520//520
f 527//527 855//855 854//854
f 471//471 861//861 521//521
f 471//471 863//863 864//864
f 470//470 523//523 522//522
f 523//523 868//868 522//522
f 524//524 528//528 522//522
f 524//524 522//522 868//868
f 524//524 536//536 528//528
f 529//529 526//526 877//877
f 530//530 529//529 877//877
f 389//389 471//471 864//864
f 469//469 527//527 854//854
f 469//469 854//854 853//853
f 482//482 520//520 468//468
f 480//480 528//528 520//520
f 480//480 520//520 482//482
f 528//528 536//536 520//520
f 532//532 534//534 529//529
f 534//534 464//464 529//529
f 533//533 531//531 479//479
f 533//533 479//479 518//518
f 479//479 485//485 478//478
f 530//530 533//533 532//532
f 533//533 530//530 531//531
f 485//485 523//523 470//470
f 855//855 520//520 536//536
f 535//535 484//484 483//483
f 535//535 501//501 484//484
f 475//475 487//487 486//486
f 487//487 576//576 486//486
f 573//573 486//486 576//576
f 867//867 868//868 523//523
f 525//525 524//524 869//869
f 524//524 868//868 869//869
f 554//554 572//572 551//551
f 426//426 549//549 369//369
f 549//549 570//570 369//369
f 369//369 570//570 438//438
f 570//570 569//569 543//543
f 573//573 576//576 592//592
f 592//592 577//577 593//593
f 583//583 582//582 585//585
f 578//578 671//671 582//582
f 538//538 537//537 371//371
f 538//538 543//543 537//537
f 458//458 544//544 399//399
f 544//544 541//541 399//399
f 399//399 541//541 542//542
f 541//541 545//545 542//542
f 541//541 544//544 569//569
f 543//543 544//544 537//537
f 545//545 566//566 542//542
f 550//550 616//616 546//546
f 547//547 548//548 570//570
f 547//547 546//546 548//548
f 597//597 548//548 546//546
f 597//597 555//555 548//548
f 570//570 548//548 569//569
f 549//549 571//571 570//570
f 569//569 555//555 545//545
f 550//550 552//552 551//551
f 552//552 539//539 551//551
f 551//551 553//553 550//550
f 428//428 554//554 551//551
f 572//572 554//554 560//560
f 572//572 617//617 553//553
f 617//617 600//600 553//553
f 545//545 555//555 568//568
f 555//555 597//597 568//568
f 539//539 428//428 551//551
f 552//552 426//426 539//539
f 549//549 426//426 552//552
f 554//554 428//428 433//433
f 556//556 562//562 586//586
f 556//556 598//598 599//599
f 562//562 588//588 586//586
f 586//586 673//673 556//556
f 673//673 598//598 556//556
f 562//562 557//557 563//563
f 557//557 561//561 558//558
f 556//556 559//559 562//562
f 559//559 557//557 562//562
f 559//559 561//561 557//557
f 563//563 588//588 562//562
f 556//556 564//564 560//560
f 556//556 560//560 559//559
f 599//599 564//564 556//556
f 559//559 565//565 561//561
f 560//560 565//565 559//559
f 565//565 430//430 561//561
f 565//565 433//433 430//430
f 565//565 554//554 433//433
f 560//560 554//554 565//565
f 567//567 641//641 589//589
f 561//561 430//430 558//558
f 557//557 558//558 540//540
f 560//560 617//617 572//572
f 564//564 617//617 560//560
f 589//589 566//566 567//567
f 566//566 589//589 577//577
f 566//566 577//577 542//542
f 544//544 458//458 537//537
f 567//567 566//566 568//568
f 568//568 566//566 545//545
f 569//569 544//544 543//543
f 541//541 569//569 545//545
f 548//548 555//555 569//569
f 571//571 552//552 550//550
f 571//571 549//549 552//552
f 538//538 438//438 543//543
f 438//438 570//570 543//543
f 550//550 546//546 571//571
f 546//546 547//547 571//571
f 550//550 553//553 600//600
f 571//571 547//547 570//570
f 600//600 616//616 550//550
f 551//551 572//572 553//553
f 592//592 591//591 573//573
f 542//542 576//576 575//575
f 542//542 575//575 400//400
f 576//576 577//577 592//592
f 576//576 542//542 577//577
f 593//593 580//580 591//591
f 672//672 595//595 594//594
f 595//595 672//672 578//578
f 580//580 594//594 591//591
f 580//580 672//672 594//594
f 579//579 481//481 595//595
f 583//583 581//581 582//582
f 578//578 582//582 581//581
f 585//585 582//582 584//584
f 517//517 513//513 583//583
f 517//517 583//583 585//585
f 701//701 673//673 586//586
f 563//563 590//590 588//588
f 585//585 587//587 588//588
f 587//587 586//586 588//588
f 590//590 585//585 588//588
f 586//586 587//587 701//701
f 585//585 584//584 587//587
f 593//593 589//589 723//723
f 593//593 577//577 589//589
f 517//517 585//585 590//590
f 540//540 517//517 590//590
f 540//540 590//590 557//557
f 563//563 557//557 590//590
f 513//513 581//581 583//583
f 683//683 587//587 584//584
f 723//723 589//589 707//707
f 593//593 723//723 580//580
f 574//574 591//591 594//594
f 592//592 593//593 591//591
f 594//594 468//468 574//574
f 594//594 595//595 468//468
f 595//595 578//578 579//579
f 579//579 578//578 581//581
f 602//602 643//643 658//658
f 624//624 623//623 622//622
f 663//663 635//635 610//610
f 674//674 656//656 661//661
f 623//623 738//738 667//667
f 665//665 620//620 664//664
f 717//717 669//669 660//660
f 657//657 652//652 655//655
f 582//582 683//683 584//584
f 696//696 694//694 695//695
f 694//694 580//580 723//723
f 711//711 690//690 710//710
f 715//715 729//729 717//717
f 676//676 670//670 604//604
f 658//658 643//643 718//718
f 656//656 601//601 639//639
f 602//602 657//657 656//656
f 644//644 705//705 718//718
f 644//644 662//662 638//638
f 603//603 606//606 665//665
f 665//665 664//664 679//679
f 603//603 608//608 606//606
f 603//603 678//678 604//604
f 679//679 678//678 665//665
f 678//678 603//603 665//665
f 606//606 605//605 665//665
f 605//605 606//606 607//607
f 606//606 636//636 607//607
f 607//607 636//636 632//632
f 607//607 632//632 618//618
f 609//609 620//620 645//645
f 620//620 609//609 610//610
f 614//614 600//600 611//611
f 600//600 612//612 611//611
f 600//600 617//617 612//612
f 614//614 615//615 628//628
f 614//614 628//628 616//616
f 616//616 600//600 614//614
f 564//564 612//612 617//617
f 619//619 618//618 629//629
f 619//619 645//645 605//605
f 619//619 605//605 607//607
f 619//619 607//607 618//618
f 738//738 739//739 621//621
f 621//621 667//667 738//738
f 739//739 613//613 621//621
f 622//622 623//623 667//667
f 738//738 623//623 741//741
f 623//623 635//635 741//741
f 664//664 635//635 623//623
f 664//664 623//623 624//624
f 725//725 626//626 598//598
f 598//598 673//673 725//725
f 624//624 625//625 664//664
f 625//625 679//679 664//664
f 628//628 615//615 627//627
f 627//627 629//629 628//628
f 627//627 619//619 629//629
f 615//615 646//646 627//627
f 629//629 618//618 631//631
f 631//631 597//597 629//629
f 546//546 628//628 629//629
f 630//630 597//597 631//631
f 631//631 633//633 630//630
f 631//631 632//632 633//633
f 631//631 618//618 632//632
f 633//633 634//634 630//630
f 634//634 568//568 630//630
f 597//597 546//546 629//629
f 639//639 641//641 634//634
f 613//613 615//615 614//614
f 613//613 614//614 611//611
f 613//613 611//611 621//621
f 620//620 605//605 645//645
f 610//610 664//664 620//620
f 610//610 635//635 664//664
f 627//627 645//645 619//619
f 627//627 646//646 645//645
f 741//741 635//635 663//663
f 602//602 633//633 636//636
f 632//632 636//636 633//633
f 612//612 564//564 599//599
f 668//668 612//612 626//626
f 612//612 599//599 598//598
f 612//612 598//598 626//626
f 662//662 642//642 638//638
f 707//707 641//641 640//640
f 640//640 641//641 639//639
f 662//662 643//643 666//666
f 643//643 644//644 718//718
f 642//642 662//662 596//596
f 644//644 643//643 662//662
f 638//638 642//642 637//637
f 636//636 606//606 596//596
f 639//639 634//634 633//633
f 609//609 645//645 648//648
f 647//647 663//663 610//610
f 609//609 648//648 647//647
f 609//609 647//647 610//610
f 645//645 646//646 648//648
f 648//648 650//650 647//647
f 744//744 650//650 649//649
f 602//602 658//658 657//657
f 651//651 716//716 659//659
f 653//653 651//651 652//652
f 653//653 652//652 654//654
f 655//655 652//652 669//669
f 669//669 659//659 660//660
f 652//652 657//657 654//654
f 658//658 718//718 654//654
f 657//657 658//658 654//654
f 657//657 661//661 656//656
f 657//657 655//655 661//661
f 720//720 660//660 659//659
f 721//721 669//669 717//717
f 669//669 661//661 655//655
f 669//669 721//721 661//661
f 666//666 596//596 662//662
f 666//666 636//636 596//596
f 636//636 666//666 602//602
f 666//666 643//643 602//602
f 663//663 650//650 744//744
f 665//665 605//605 620//620
f 603//603 642//642 608//608
f 637//637 642//642 604//604
f 604//604 642//642 603//603
f 647//647 650//650 663//663
f 650//650 648//648 649//649
f 630//630 568//568 597//597
f 567//567 634//634 641//641
f 567//567 568//568 634//634
f 639//639 633//633 602//602
f 639//639 601//601 640//640
f 628//628 546//546 616//616
f 667//667 626//626 622//622
f 622//622 626//626 725//725
f 667//667 668//668 626//626
f 611//611 668//668 621//621
f 611//611 612//612 668//668
f 621//621 668//668 667//667
f 656//656 639//639 602//602
f 669//669 652//652 651//651
f 669//669 651//651 659//659
f 653//653 654//654 719//719
f 708//708 675//675 718//718
f 724//724 656//656 674//674
f 724//724 601//601 656//656
f 674//674 675//675 724//724
f 694//694 724//724 675//675
f 675//675 674//674 715//715
f 708//708 700//700 675//675
f 695//695 675//675 700//700
f 638//638 705//705 644//644
f 676//676 727//727 722//722
f 676//676 722//722 706//706
f 679//679 677//677 678//678
f 706//706 670//670 676//676
f 604//604 670//670 704//704
f 706//706 722//722 686//686
f 695//695 680//680 693//693
f 695//695 702//702 680//680
f 684//684 680//680 686//686
f 685//685 722//722 681//681
f 722//722 727//727 681//681
f 677//677 711//711 727//727
f 687//687 683//683 732//732
f 701//701 683//683 687//687
f 682//682 732//732 683//683
f 683//683 701//701 587//587
f 684//684 697//697 691//691
f 686//686 685//685 697//697
f 684//684 686//686 697//697
f 687//687 730//730 701//701
f 726//726 701//701 730//730
f 689//689 688//688 730//730
f 688//688 726//726 730//730
f 689//689 677//677 688//688
f 677//677 625//625 688//688
f 624//624 726//726 688//688
f 688//688 625//625 624//624
f 679//679 625//625 677//677
f 690//690 677//677 689//689
f 673//673 701//701 726//726
f 673//673 726//726 725//725
f 682//682 691//691 699//699
f 691//691 697//697 699//699
f 682//682 692//692 691//691
f 671//671 692//692 682//682
f 578//578 693//693 692//692
f 671//671 578//578 692//692
f 696//696 693//693 672//672
f 693//693 578//578 672//672
f 707//707 724//724 723//723
f 694//694 723//723 724//724
f 685//685 686//686 722//722
f 692//692 684//684 691//691
f 693//693 684//684 692//692
f 693//693 680//680 684//684
f 696//696 695//695 693//693
f 699//699 736//736 732//732
f 580//580 694//694 696//696
f 711//711 677//677 690//690
f 697//697 736//736 699//699
f 685//685 736//736 697//697
f 732//732 682//682 699//699
f 702//702 695//695 700//700
f 707//707 640//640 724//724
f 604//604 704//704 637//637
f 637//637 705//705 638//638
f 708//708 703//703 700//700
f 705//705 708//708 718//718
f 680//680 706//706 686//686
f 702//702 706//706 680//680
f 704//704 703//703 637//637
f 703//703 706//706 702//702
f 736//736 685//685 698//698
f 694//694 675//675 695//695
f 698//698 735//735 736//736
f 703//703 708//708 705//705
f 709//709 714//714 685//685
f 685//685 681//681 709//709
f 698//698 685//685 714//714
f 711//711 681//681 727//727
f 698//698 714//714 735//735
f 690//690 731//731 710//710
f 712//712 709//709 681//681
f 712//712 681//681 711//711
f 712//712 714//714 709//709
f 735//735 714//714 713//713
f 710//710 713//713 712//712
f 715//715 718//718 675//675
f 715//715 674//674 729//729
f 728//728 716//716 653//653
f 720//720 716//716 728//728
f 716//716 651//651 653//653
f 719//719 728//728 653//653
f 719//719 715//715 728//728
f 661//661 721//721 674//674
f 674//674 721//721 729//729
f 721//721 717//717 729//729
f 660//660 720//720 717//717
f 718//718 719//719 654//654
f 718//718 715//715 719//719
f 720//720 659//659 716//716
f 705//705 637//637 703//703
f 702//702 700//700 703//703
f 678//678 676//676 604//604
f 677//677 727//727 676//676
f 678//678 677//677 676//676
f 711//711 710//710 712//712
f 712//712 713//713 714//714
f 672//672 580//580 696//696
f 707//707 589//589 641//641
f 601//601 724//724 640//640
f 671//671 683//683 582//582
f 671//671 682//682 683//683
f 622//622 725//725 624//624
f 725//725 726//726 624//624
f 720//720 728//728 717//717
f 728//728 715//715 717//717
f 731//731 689//689 730//730
f 687//687 733//733 730//730
f 690//690 689//689 731//731
f 734//734 733//733 687//687
f 732//732 734//734 687//687
f 730//730 733//733 731//731
f 734//734 731//731 733//733
f 735//735 734//734 732//732
f 736//736 735//735 732//732
f 713//713 731//731 734//734
f 713//713 734//734 735//735
f 713//713 710//710 731//731
f 739//739 737//737 613//613
f 737//737 743//743 613//613
f 613//613 743//743 615//615
f 739//739 740//740 737//737
f 740//740 742//742 737//737
f 738//738 740//740 739//739
f 738//738 741//741 740//740
f 737//737 742//742 743//743
f 741//741 742//742 740//740
f 742//742 646//646 743//743
f 649//649 646//646 742//742
f 646//646 615//615 743//743
f 741//741 744//744 742//742
f 646//646 649//649 648//648
f 741//741 663//663 744//744
f 742//742 744//744 649//649
f 746//746 747//747 771//771
f 455//455 770//770 774//774
f 775//775 776//776 778//778
f 749//749 374//374 752//752
f 752//752 374//374 382//382
f 766//766 747//747 745//745
f 770//770 388//388 745//745
f 770//770 747//747 746//746
f 745//745 747//747 770//770
f 748//748 751//751 750//750
f 748//748 749//749 751//751
f 443//443 748//748 756//756
f 748//748 750//750 756//756
f 751//751 753//753 750//750
f 750//750 755//755 756//756
f 750//750 753//753 755//755
f 753//753 757//757 755//755
f 752//752 754//754 753//753
f 752//752 753//753 751//751
f 754//754 757//757 753//753
f 758//758 757//757 754//754
f 764//764 758//758 762//762
f 758//758 760//760 762//762
f 764//764 757//757 758//758
f 764//764 784//784 757//757
f 764//764 763//763 784//784
f 760//760 759//759 762//762
f 760//760 761//761 390//390
f 758//758 761//761 760//760
f 762//762 763//763 764//764
f 760//760 384//384 759//759
f 759//759 384//384 448//448
f 759//759 448//448 447//447
f 759//759 786//786 762//762
f 447//447 777//777 786//786
f 447//447 786//786 759//759
f 765//765 766//766 439//439
f 768//768 774//774 746//746
f 774//774 770//770 746//746
f 768//768 769//769 774//774
f 768//768 790//790 769//769
f 768//768 781//781 790//790
f 746//746 771//771 768//768
f 771//771 780//780 781//781
f 771//771 781//781 768//768
f 767//767 772//772 766//766
f 783//783 767//767 756//756
f 766//766 772//772 773//773
f 783//783 772//772 767//767
f 783//783 756//756 755//755
f 769//769 775//775 774//774
f 769//769 790//790 779//779
f 779//779 775//775 769//769
f 775//775 779//779 776//776
f 775//775 778//778 455//455
f 775//775 455//455 774//774
f 776//776 777//777 447//447
f 779//779 777//777 776//776
f 815//815 763//763 786//786
f 763//763 762//762 786//786
f 784//784 763//763 815//815
f 796//796 781//781 780//780
f 796//796 780//780 794//794
f 791//791 781//781 796//796
f 790//790 781//781 791//791
f 782//782 755//755 757//757
f 783//783 755//755 782//782
f 782//782 757//757 785//785
f 792//792 772//772 783//783
f 794//794 773//773 772//772
f 794//794 780//780 773//773
f 785//785 757//757 784//784
f 761//761 754//754 752//752
f 761//761 758//758 754//754
f 752//752 751//751 749//749
f 747//747 766//766 773//773
f 765//765 767//767 766//766
f 767//767 460//460 756//756
f 460//460 459//459 756//756
f 767//767 765//765 460//460
f 773//773 771//771 747//747
f 773//773 780//780 771//771
f 789//789 788//788 779//779
f 809//809 783//783 811//811
f 786//786 819//819 787//787
f 777//777 788//788 819//819
f 777//777 819//819 786//786
f 786//786 787//787 815//815
f 779//779 788//788 777//777
f 790//790 789//789 779//779
f 790//790 791//791 789//789
f 783//783 793//793 811//811
f 783//783 782//782 793//793
f 783//783 809//809 792//792
f 794//794 795//795 812//812
f 772//772 795//795 794//794
f 794//794 812//812 796//796
f 785//785 793//793 782//782
f 785//785 814//814 793//793
f 797//797 813//813 816//816
f 803//803 813//813 797//797
f 803//803 817//817 813//813
f 816//816 787//787 830//830
f 830//830 819//819 798//798
f 816//816 824//824 797//797
f 830//830 824//824 816//816
f 798//798 818//818 799//799
f 798//798 819//819 818//818
f 799//799 800//800 826//826
f 826//826 800//800 801//801
f 826//826 828//828 799//799
f 801//801 807//807 826//826
f 821//821 804//804 808//808
f 821//821 805//805 810//810
f 802//802 808//808 817//817
f 821//821 808//808 802//802
f 808//808 811//811 817//817
f 806//806 810//810 805//805
f 810//810 804//804 821//821
f 804//804 809//809 808//808
f 810//810 806//806 795//795
f 810//810 795//795 772//772
f 810//810 792//792 809//809
f 810//810 809//809 804//804
f 808//808 809//809 811//811
f 806//806 812//812 795//795
f 806//806 807//807 812//812
f 785//785 784//784 814//814
f 784//784 813//813 814//814
f 784//784 815//815 813//813
f 814//814 811//811 793//793
f 815//815 816//816 813//813
f 815//815 787//787 816//816
f 813//813 817//817 814//814
f 817//817 811//811 814//814
f 812//812 801//801 796//796
f 801//801 791//791 796//796
f 791//791 800//800 789//789
f 801//801 800//800 791//791
f 772//772 792//792 810//810
f 812//812 807//807 801//801
f 800//800 799//799 818//818
f 800//800 818//818 789//789
f 788//788 789//789 818//818
f 819//819 830//830 787//787
f 819//819 788//788 818//818
f 823//823 797//797 824//824
f 798//798 799//799 828//828
f 802//802 820//820 832//832
f 850//850 807//807 822//822
f 822//822 806//806 805//805
f 822//822 807//807 806//806
f 805//805 836//836 822//822
f 802//802 817//817 820//820
f 832//832 821//821 802//802
f 817//817 803//803 820//820
f 797//797 823//823 803//803
f 803//803 823//823 820//820
f 823//823 824//824 831//831
f 820//820 825//825 832//832
f 807//807 850//850 826//826
f 821//821 836//836 805//805
f 832//832 827//827 821//821
f 828//828 829//829 798//798
f 850//850 833//833 828//828
f 829//829 830//830 798//798
f 824//824 830//830 829//829
f 824//824 829//829 831//831
f 823//823 831//831 825//825
f 823//823 825//825 820//820
f 821//821 827//827 836//836
f 850//850 828//828 826//826
f 832//832 839//839 827//827
f 846//846 831//831 833//833
f 848//848 847//847 825//825
f 833//833 831//831 829//829
f 848//848 825//825 849//849
f 825//825 847//847 832//832
f 849//849 825//825 831//831
f 849//849 831//831 846//846
f 822//822 837//837 850//850
f 833//833 829//829 828//828
f 837//837 822//822 838//838
f 840//840 839//839 847//847
f 834//834 844//844 851//851
f 834//834 845//845 844//844
f 835//835 851//851 837//837
f 836//836 838//838 822//822
f 838//838 839//839 835//835
f 835//835 837//837 838//838
f 839//839 840//840 835//835
f 840//840 842//842 834//834
f 840//840 847//847 841//841
f 840//840 841//841 842//842
f 834//834 835//835 840//840
f 841//841 847//847 848//848
f 848//848 849//849 845//845
f 848//848 845//845 842//842
f 844//844 845//845 843//843
f 843//843 849//849 846//846
f 843//843 845//845 849//849
f 838//838 827//827 839//839
f 836//836 827//827 838//838
f 839//839 832//832 847//847
f 848//848 842//842 841//841
f 846//846 844//844 843//843
f 850//850 851//851 833//833
f 845//845 834//834 842//842
f 846//846 833//833 844//844
f 835//835 834//834 851//851
f 833//833 851//851 844//844
f 851//851 850//850 837//837
f 860//860 861//861 865//865
f 873//873 874//874 870//870
f 882//882 874//874 873//873
f 886//886 885//885 862//862
f 479//479 852//852 485//485
f 857//857 854//854 855//855
f 856//856 853//853 854//854
f 884//884 855//855 525//525
f 476//476 853//853 856//856
f 857//857 856//856 854//854
f 880//880 858//858 859//859
f 890//890 859//859 857//857
f 858//858 856//856 859//859
f 856//856 857//857 859//859
f 884//884 857//857 855//855
f 476//476 856//856 477//477
f 856//856 858//858 477//477
f 880//880 886//886 858//858
f 860//860 858//858 886//886
f 862//862 860//860 886//886
f 521//521 860//860 862//862
f 863//863 521//521 862//862
f 863//863 471//471 521//521
f 861//861 860//860 521//521
f 862//862 887//887 863//863
f 887//887 864//864 863//863
f 889//889 887//887 862//862
f 885//885 889//889 862//862
f 888//888 864//864 887//887
f 876//876 864//864 888//888
f 526//526 864//864 876//876
f 866//866 869//869 868//868
f 866//866 868//868 867//867
f 525//525 869//869 884//884
f 852//852 883//883 485//485
f 883//883 867//867 485//485
f 870//870 531//531 873//873
f 479//479 531//531 870//870
f 530//530 871//871 873//873
f 530//530 873//873 531//531
f 918//918 916//916 873//873
f 918//918 873//873 871//871
f 874//874 852//852 870//870
f 479//479 870//870 852//852
f 916//916 872//872 873//873
f 872//872 882//882 873//873
f 874//874 875//875 883//883
f 884//884 881//881 890//890
f 884//884 866//866 881//881
f 881//881 866//866 875//875
f 866//866 883//883 875//875
f 857//857 884//884 890//890
f 877//877 879//879 871//871
f 877//877 871//871 530//530
f 876//876 879//879 877//877
f 877//877 526//526 876//876
f 871//871 879//879 878//878
f 882//882 872//872 896//896
f 918//918 871//871 878//878
f 875//875 882//882 897//897
f 882//882 896//896 897//897
f 858//858 865//865 477//477
f 858//858 860//860 865//865
f 883//883 852//852 874//874
f 866//866 867//867 883//883
f 869//869 866//866 884//884
f 882//882 875//875 874//874
f 920//920 888//888 887//887
f 888//888 919//919 876//876
f 876//876 919//919 879//879
f 893//893 859//859 890//890
f 891//891 881//881 875//875
f 891//891 892//892 890//890
f 891//891 890//890 881//881
f 893//893 894//894 880//880
f 893//893 880//880 859//859
f 895//895 891//891 875//875
f 897//897 895//895 875//875
f 916//916 917//917 872//872
f 917//917 896//896 872//872
f 894//894 885//885 886//886
f 894//894 886//886 880//880
f 894//894 914//914 885//885
f 915//915 914//914 925//925
f 920//920 915//915 929//929
f 925//925 927//927 915//915
f 899//899 920//920 929//929
f 927//927 929//929 915//915
f 904//904 878//878 900//900
f 878//878 919//919 900//900
f 899//899 930//930 900//900
f 902//902 904//904 901//901
f 930//930 904//904 900//900
f 903//903 902//902 901//901
f 910//910 907//907 911//911
f 906//906 908//908 922//922
f 910//910 908//908 906//906
f 901//901 922//922 909//909
f 922//922 908//908 909//909
f 909//909 903//903 901//901
f 911//911 912//912 910//910
f 892//892 912//912 911//911
f 912//912 895//895 910//910
f 907//907 893//893 911//911
f 905//905 893//893 907//907
f 893//893 892//892 911//911
f 895//895 908//908 910//910
f 895//895 897//897 908//908
f 896//896 903//903 909//909
f 896//896 909//909 897//897
f 909//909 908//908 897//897
f 892//892 891//891 912//912
f 912//912 891//891 895//895
f 913//913 898//898 894//894
f 898//898 914//914 894//894
f 893//893 913//913 894//894
f 892//892 893//893 890//890
f 915//915 885//885 914//914
f 915//915 889//889 885//885
f 905//905 898//898 913//913
f 925//925 914//914 898//898
f 893//893 905//905 913//913
f 902//902 917//917 916//916
f 917//917 903//903 896//896
f 918//918 902//902 916//916
f 878//878 902//902 918//918
f 902//902 903//903 917//917
f 878//878 904//904 902//902
f 919//919 878//878 879//879
f 899//899 919//919 888//888
f 888//888 920//920 899//899
f 900//900 919//919 899//899
f 889//889 920//920 887//887
f 889//889 915//915 920//920
f 898//898 905//905 926//926
f 925//925 898//898 926//926
f 901//901 904//904 928//928
f 905//905 907//907 923//923
f 899//899 929//929 930//930
f 923//923 933//933 934//934
f 930//930 929//929 952//952
f 930//930 939//939 904//904
f 934//934 944//944 935//935
f 921//921 906//906 922//922
f 921//921 924//924 906//906
f 941//941 921//921 928//928
f 941//941 940//940 921//921
f 922//922 928//928 921//921
f 926//926 905//905 923//923
f 941//941 928//928 939//939
f 931//931 925//925 926//926
f 934//934 926//926 923//923
f 927//927 925//925 931//931
f 934//934 931//931 926//926
f 928//928 922//922 901//901
f 924//924 910//910 906//906
f 907//907 933//933 923//923
f 924//924 933//933 907//907
f 952//952 939//939 930//930
f 952//952 932//932 939//939
f 929//929 927//927 952//952
f 931//931 950//950 927//927
f 952//952 927//927 950//950
f 924//924 907//907 910//910
f 928//928 904//904 939//939
f 933//933 921//921 942//942
f 924//924 921//921 933//933
f 934//934 933//933 944//944
f 943//943 933//933 942//942
f 950//950 931//931 938//938
f 931//931 934//934 935//935
f 945//945 947//947 935//935
f 935//935 947//947 938//938
f 931//931 935//935 938//938
f 949//949 948//948 946//946
f 936//936 951//951 937//937
f 949//949 936//936 932//932
f 942//942 940//940 951//951
f 936//936 943//943 951//951
f 943//943 946//946 945//945
f 944//944 945//945 935//935
f 942//942 921//921 940//940
f 933//933 943//943 944//944
f 938//938 947//947 948//948
f 949//949 950//950 948//948
f 941//941 939//939 932//932
f 950//950 938//938 948//948
f 947//947 946//946 948//948
f 945//945 946//946 947//947
f 946//946 936//936 949//949
f 943//943 936//936 946//946
f 944//944 943//943 945//945
f 942//942 951//951 943//943
f 932//932 937//937 941//941
f 932//932 950//950 949//949
f 936//936 937//937 932//932
f 940//940 937//937 951//951
f 932//932 952//952 950//950
f 940//940 941//941 937//937
f 73//73 985//985 986//986
f 74//74 73//73 986//986
f 993//993 1002//1002 964//964
f 965//965 1014//1014 966//966
f 978//978 979//979 1016//1016
f 954//954 992//992 956//956
f 954//954 956//956 955//955
f 961//961 957//957 954//954
f 957//957 992//992 954//954
f 2//2 958//958 26//26
f 2//2 959//959 958//958
f 960//960 959//959 2//2
f 3//3 995//995 960//960
f 955//955 995//995 3//3
f 955//955 956//956 995//995
f 961//961 997//997 957//957
f 1014//1014 965//965 963//963
f 965//965 962//962 963//963
f 1017//1017 966//966 1014//1014
f 1017//1017 1014//1014 1029//1029
f 963//963 962//962 964//964
f 963//963 1029//1029 1014//1014
f 967//967 1006//1006 969//969
f 969//969 968//968 967//967
f 978//978 970//970 1025//1025
f 972//972 974//974 971//971
f 1009//1009 1039//1039 1010//1010
f 973//973 985//985 975//975
f 973//973 1049//1049 972//972
f 973//973 1011//1011 1049//1049
f 975//975 1011//1011 973//973
f 1010//1010 976//976 1009//1009
f 13//13 1007//1007 1010//1010
f 968//968 977//977 967//967
f 969//969 1006//1006 13//13
f 964//964 977//977 1028//1028
f 1025//1025 979//979 978//978
f 980//980 979//979 1025//1025
f 980//980 981//981 979//979
f 980//980 1012//1012 975//975
f 975//975 981//981 980//980
f 979//979 982//982 1016//1016
f 981//981 982//982 979//979
f 975//975 987//987 981//981
f 975//975 985//985 987//987
f 981//981 984//984 982//982
f 981//981 987//987 984//984
f 982//982 1//1 958//958
f 958//958 1//1 26//26
f 983//983 1//1 982//982
f 983//983 953//953 1//1
f 958//958 1016//1016 982//982
f 958//958 959//959 1016//1016
f 959//959 998//998 1015//1015
f 959//959 1015//1015 1016//1016
f 982//982 984//984 983//983
f 972//972 986//986 973//973
f 973//973 986//986 985//985
f 986//986 971//971 74//74
f 972//972 971//971 986//986
f 985//985 73//73 987//987
f 957//957 989//989 988//988
f 957//957 990//990 989//989
f 990//990 991//991 989//989
f 988//988 992//992 957//957
f 989//989 965//965 988//988
f 989//989 962//962 965//965
f 989//989 993//993 962//962
f 994//994 996//996 995//995
f 994//994 956//956 992//992
f 994//994 992//992 988//988
f 991//991 993//993 989//989
f 991//991 1002//1002 993//993
f 991//991 990//990 997//997
f 998//998 960//960 995//995
f 998//998 959//959 960//960
f 995//995 996//996 998//998
f 995//995 956//956 994//994
f 996//996 1001//1001 998//998
f 999//999 1001//1001 996//996
f 1001//1001 1015//1015 998//998
f 988//988 1000//1000 994//994
f 965//965 1000//1000 988//988
f 993//993 964//964 962//962
f 1004//1004 1005//1005 967//967
f 1004//1004 1003//1003 1005//1005
f 1004//1004 977//977 964//964
f 1004//1004 967//967 977//977
f 1006//1006 967//967 1005//1005
f 1008//1008 974//974 976//976
f 1008//1008 971//971 974//974
f 974//974 1009//1009 976//976
f 74//74 971//971 1008//1008
f 976//976 1010//1010 1007//1007
f 970//970 1018//1018 1026//1026
f 970//970 978//978 1018//1018
f 1028//1028 977//977 1027//1027
f 963//963 964//964 1028//1028
f 1027//1027 977//977 968//968
f 1027//1027 968//968 1037//1037
f 1029//1029 963//963 1028//1028
f 1037//1037 968//968 969//969
f 969//969 13//13 1010//1010
f 1048//1048 1049//1049 1011//1011
f 1011//1011 975//975 1012//1012
f 1039//1039 1009//1009 1046//1046
f 1024//1024 1012//1012 1025//1025
f 1012//1012 980//980 1025//1025
f 974//974 972//972 1049//1049
f 1009//1009 974//974 1046//1046
f 4//4 997//997 961//961
f 1013//1013 997//997 4//4
f 1013//1013 991//991 997//997
f 996//996 1000//1000 999//999
f 996//996 994//994 1000//1000
f 966//966 999//999 1000//1000
f 1000//1000 965//965 966//966
f 978//978 1015//1015 1001//1001
f 978//978 1001//1001 999//999
f 978//978 1016//1016 1015//1015
f 966//966 1018//1018 999//999
f 1018//1018 978//978 999//999
f 1017//1017 1018//1018 966//966
f 991//991 1013//1013 44//44
f 991//991 44//44 1002//1002
f 44//44 85//85 1002//1002
f 957//957 997//997 990//990
f 1067//1067 1020//1020 1051//1051
f 1022//1022 1023//1023 1052//1052
f 1052//1052 1019//1019 1022//1022
f 1019//1019 1021//1021 1022//1022
f 1019//1019 1020//1020 1021//1021
f 1021//1021 1020//1020 1024//1024
f 1022//1022 1025//1025 970//970
f 1021//1021 1025//1025 1022//1022
f 970//970 1023//1023 1022//1022
f 970//970 1026//1026 1023//1023
f 1023//1023 1034//1034 1052//1052
f 1028//1028 1027//1027 1030//1030
f 1028//1028 1030//1030 1029//1029
f 1029//1029 1033//1033 1017//1017
f 1029//1029 1034//1034 1033//1033
f 1033//1033 1023//1023 1026//1026
f 1033//1033 1026//1026 1017//1017
f 1026//1026 1018//1018 1017//1017
f 1027//1027 1031//1031 1030//1030
f 1027//1027 1037//1037 1031//1031
f 1030//1030 1032//1032 1029//1029
f 1032//1032 1034//1034 1029//1029
f 1034//1034 1023//1023 1033//1033
f 1030//1030 1031//1031 1035//1035
f 1031//1031 1038//1038 1042//1042
f 1035//1035 1036//1036 1032//1032
f 1035//1035 1032//1032 1030//1030
f 1037//1037 1038//1038 1031//1031
f 1031//1031 1042//1042 1035//1035
f 1010//1010 1039//1039 969//969
f 969//969 1038//1038 1037//1037
f 969//969 1039//1039 1038//1038
f 1038//1038 1039//1039 1040//1040
f 1038//1038 1040//1040 1041//1041
f 1038//1038 1041//1041 1042//1042
f 1044//1044 1047//1047 1043//1043
f 1044//1044 1045//1045 1047//1047
f 1045//1045 1075//1075 1040//1040
f 1047//1047 1048//1048 1043//1043
f 1045//1045 1046//1046 1047//1047
f 1040//1040 1046//1046 1045//1045
f 1043//1043 1050//1050 1067//1067
f 1048//1048 1050//1050 1043//1043
f 1048//1048 1011//1011 1050//1050
f 1048//1048 1047//1047 1049//1049
f 1011//1011 1024//1024 1050//1050
f 1046//1046 1040//1040 1039//1039
f 1046//1046 974//974 1047//1047
f 974//974 1049//1049 1047//1047
f 1011//1011 1012//1012 1024//1024
f 1050//1050 1024//1024 1020//1020
f 1020//1020 1067//1067 1050//1050
f 1024//1024 1025//1025 1021//1021
f 1065//1065 1067//1067 1051//1051
f 1051//1051 1020//1020 1019//1019
f 1061//1061 1044//1044 1043//1043
f 1075//1075 1045//1045 1044//1044
f 1051//1051 1019//1019 1052//1052
f 1075//1075 1041//1041 1040//1040
f 1054//1054 1057//1057 1055//1055
f 1090//1090 1080//1080 1063//1063
f 1055//1055 1057//1057 1090//1090
f 1053//1053 1060//1060 1076//1076
f 1053//1053 1057//1057 1054//1054
f 1053//1053 1076//1076 1057//1057
f 1059//1059 1066//1066 1058//1058
f 1059//1059 1078//1078 1073//1073
f 1060//1060 1071//1071 1073//1073
f 1060//1060 1070//1070 1071//1071
f 1053//1053 1070//1070 1060//1060
f 1073//1073 1078//1078 1060//1060
f 1073//1073 1074//1074 1059//1059
f 1058//1058 1079//1079 1059//1059
f 1044//1044 1061//1061 1075//1075
f 1043//1043 1067//1067 1061//1061
f 1041//1041 1062//1062 1042//1042
f 1041//1041 1070//1070 1062//1062
f 1042//1042 1062//1062 1035//1035
f 1035//1035 1062//1062 1036//1036
f 1032//1032 1063//1063 1034//1034
f 1034//1034 1063//1063 1064//1064
f 1034//1034 1064//1064 1052//1052
f 1063//1063 1072//1072 1064//1064
f 1052//1052 1068//1068 1051//1051
f 1064//1064 1068//1068 1052//1052
f 1068//1068 1065//1065 1051//1051
f 1065//1065 1066//1066 1067//1067
f 1064//1064 1072//1072 1068//1068
f 1058//1058 1069//1069 1056//1056
f 1066//1066 1069//1069 1058//1058
f 1066//1066 1065//1065 1069//1069
f 1068//1068 1069//1069 1065//1065
f 1053//1053 1054//1054 1070//1070
f 1054//1054 1062//1062 1070//1070
f 1063//1063 1032//1032 1036//1036
f 1075//1075 1061//1061 1071//1071
f 1054//1054 1036//1036 1062//1062
f 1054//1054 1055//1055 1036//1036
f 1080//1080 1072//1072 1063//1063
f 1068//1068 1056//1056 1069//1069
f 1072//1072 1056//1056 1068//1068
f 1061//1061 1073//1073 1071//1071
f 1073//1073 1061//1061 1074//1074
f 1059//1059 1074//1074 1066//1066
f 1074//1074 1061//1061 1067//1067
f 1074//1074 1067//1067 1066//1066
f 1072//1072 1080//1080 1056//1056
f 1063//1063 1036//1036 1055//1055
f 1063//1063 1055//1055 1090//1090
f 1070//1070 1041//1041 1071//1071
f 1071//1071 1041//1041 1075//1075
f 1080//1080 1090//1090 1093//1093
f 1057//1057 1077//1077 1090//1090
f 1090//1090 1077//1077 1089//1089
f 1057//1057 1076//1076 1077//1077
f 1094//1094 1076//1076 1060//1060
f 1078//1078 1088//1088 1060//1060
f 1096//1096 1087//1087 1078//1078
f 1096//1096 1059//1059 1079//1079
f 1078//1078 1059//1059 1096//1096
f 1092//1092 1056//1056 1080//1080
f 1092//1092 1058//1058 1056//1056
f 1079//1079 1058//1058 1092//1092
f 1060//1060 1091//1091 1094//1094
f 1088//1088 1091//1091 1060//1060
f 1084//1084 1086//1086 1095//1095
f 1095//1095 1081//1081 1084//1084
f 1082//1082 1084//1084 1081//1081
f 1093//1093 1081//1081 1095//1095
f 1093//1093 1089//1089 1081//1081
f 1089//1089 1082//1082 1081//1081
f 1082//1082 1083//1083 1084//1084
f 1085//1085 1083//1083 1094//1094
f 1084//1084 1085//1085 1086//1086
f 1085//1085 1094//1094 1091//1091
f 1086//1086 1088//1088 1087//1087
f 1086//1086 1085//1085 1088//1088
f 1088//1088 1085//1085 1091//1091
f 1093//1093 1090//1090 1089//1089
f 1077//1077 1082//1082 1089//1089
f 1083//1083 1077//1077 1076//1076
f 1083//1083 1082//1082 1077//1077
f 1083//1083 1076//1076 1094//1094
f 1093//1093 1092//1092 1080//1080
f 1088//1088 1078//1078 1087//1087
f 1092//1092 1095//1095 1096//1096
f 1095//1095 1087//1087 1096//1096
f 1092//1092 1096//1096 1079//1079
f 1086//1086 1087//1087 1095//1095
f 1095//1095 1092//1092 1093//1093
f 1085//1085 1084//1084 1083//1083
f 1163//1163 1164//1164 1162//1162
f 1152//1152 1150//1150 1101//1101
f 1126//1126 1124//1124 107//107
f 1124//1124 108//108 107//107
f 1129//1129 87//87 105//105
f 1129//1129 1098//1098 87//87
f 88//88 1133//1133 113//113
f 1133//1133 105//105 113//113
f 1098//1098 128//128 87//87
f 1164//1164 1099//1099 1103//1103
f 1164//1164 1163//1163 1099//1099
f 1103//1103 1101//1101 1164//1164
f 1101//1101 1150//1150 1164//1164
f 1152//1152 1153//1153 1102//1102
f 1152//1152 1102//1102 1150//1150
f 1153//1153 1108//1108 1102//1102
f 1155//1155 1108//1108 1153//1153
f 1146//1146 1105//1105 1104//1104
f 1106//1106 1104//1104 1118//1118
f 1106//1106 1170//1170 1104//1104
f 1170//1170 1148//1148 1104//1104
f 1107//1107 1160//1160 1119//1119
f 1109//1109 1110//1110 1114//1114
f 159//159 1109//1109 1112//1112
f 1114//1114 1111//1111 1109//1109
f 1111//1111 1112//1112 1109//1109
f 1113//1113 1116//1116 166//166
f 159//159 1112//1112 1115//1115
f 1127//1127 1115//1115 1122//1122
f 1127//1127 159//159 1115//1115
f 1116//1116 1117//1117 166//166
f 166//166 1148//1148 1113//1113
f 1105//1105 1118//1118 1104//1104
f 1163//1163 1118//1118 1100//1100
f 1148//1148 1146//1146 1104//1104
f 1118//1118 1144//1144 1100//1100
f 1163//1163 1100//1100 1099//1099
f 1156//1156 1119//1119 1160//1160
f 1156//1156 1121//1121 1119//1119
f 1115//1115 1120//1120 1122//1122
f 1120//1120 1119//1119 1122//1122
f 1121//1121 1122//1122 1119//1119
f 1121//1121 1124//1124 1122//1122
f 19//19 1127//1127 1122//1122
f 1123//1123 108//108 1125//1125
f 108//108 1124//1124 1125//1125
f 1125//1125 1097//1097 1123//1123
f 1154//1154 1097//1097 1125//1125
f 1121//1121 1125//1125 1124//1124
f 1126//1126 19//19 1124//1124
f 19//19 1122//1122 1124//1124
f 159//159 1128//1128 1109//1109
f 1131//1131 1130//1130 1129//1129
f 1138//1138 1134//1134 1130//1130
f 1098//1098 1129//1129 1130//1130
f 1131//1131 1138//1138 1130//1130
f 1132//1132 1131//1131 1129//1129
f 1139//1139 1132//1132 1133//1133
f 1129//1129 105//105 1132//1132
f 1135//1135 1134//1134 1138//1138
f 1134//1134 1135//1135 1136//1136
f 1133//1133 88//88 1154//1154
f 88//88 1097//1097 1154//1154
f 1154//1154 1139//1139 1133//1133
f 105//105 1133//1133 1132//1132
f 1101//1101 1138//1138 1131//1131
f 1101//1101 1103//1103 1138//1138
f 1132//1132 1137//1137 1131//1131
f 1137//1137 1139//1139 1155//1155
f 1139//1139 1154//1154 1155//1155
f 1103//1103 1135//1135 1138//1138
f 1099//1099 1135//1135 1103//1103
f 1140//1140 1135//1135 1141//1141
f 1140//1140 1141//1141 1142//1142
f 1136//1136 1135//1135 1140//1140
f 1099//1099 1100//1100 1141//1141
f 1099//1099 1141//1141 1135//1135
f 1144//1144 1141//1141 1100//1100
f 1144//1144 1143//1143 1141//1141
f 1145//1145 102//102 1143//1143
f 1145//1145 1143//1143 1144//1144
f 1105//1105 102//102 1145//1145
f 1118//1118 1145//1145 1144//1144
f 1105//1105 1145//1145 1118//1118
f 1146//1146 1147//1147 1105//1105
f 1148//1148 1149//1149 1146//1146
f 166//166 92//92 1149//1149
f 166//166 1149//1149 1148//1148
f 1116//1116 1114//1114 162//162
f 1114//1114 161//161 162//162
f 1117//1117 1116//1116 162//162
f 1114//1114 1110//1110 161//161
f 1118//1118 1163//1163 1106//1106
f 1164//1164 1150//1150 1151//1151
f 1113//1113 1170//1170 1172//1172
f 1113//1113 1148//1148 1170//1170
f 1113//1113 1172//1172 1116//1116
f 1115//1115 1112//1112 1180//1180
f 1120//1120 1115//1115 1158//1158
f 1107//1107 1119//1119 1120//1120
f 1116//1116 1179//1179 1114//1114
f 1098//1098 1136//1136 128//128
f 1137//1137 1132//1132 1139//1139
f 1137//1137 1155//1155 1153//1153
f 1101//1101 1131//1131 1153//1153
f 1101//1101 1153//1153 1152//1152
f 1131//1131 1137//1137 1153//1153
f 1154//1154 1156//1156 1155//1155
f 1154//1154 1121//1121 1156//1156
f 1125//1125 1121//1121 1154//1154
f 1108//1108 1151//1151 1102//1102
f 1102//1102 1151//1151 1150//1150
f 1156//1156 1160//1160 1108//1108
f 1156//1156 1108//1108 1155//1155
f 1142//1142 127//127 1140//1140
f 127//127 1136//1136 1140//1140
f 1134//1134 1098//1098 1130//1130
f 1134//1134 1136//1136 1098//1098
f 1170//1170 1106//1106 1171//1171
f 1178//1178 1114//1114 1179//1179
f 1191//1191 1161//1161 1157//1157
f 1158//1158 1181//1181 1157//1157
f 1181//1181 1182//1182 1157//1157
f 1161//1161 1159//1159 1157//1157
f 1161//1161 1160//1160 1107//1107
f 1161//1161 1107//1107 1159//1159
f 1158//1158 1157//1157 1159//1159
f 1107//1107 1120//1120 1159//1159
f 1165//1165 1108//1108 1160//1160
f 1182//1182 1191//1191 1157//1157
f 1151//1151 1162//1162 1164//1164
f 1162//1162 1167//1167 1163//1163
f 1166//1166 1162//1162 1151//1151
f 1166//1166 1189//1189 1162//1162
f 1189//1189 1167//1167 1162//1162
f 1165//1165 1166//1166 1151//1151
f 1160//1160 1161//1161 1165//1165
f 1108//1108 1165//1165 1151//1151
f 1201//1201 1189//1189 1166//1166
f 1190//1190 1201//1201 1166//1166
f 1161//1161 1190//1190 1166//1166
f 1161//1161 1191//1191 1190//1190
f 1161//1161 1166//1166 1165//1165
f 1169//1169 1167//1167 1189//1189
f 1169//1169 1168//1168 1167//1167
f 1171//1171 1167//1167 1168//1168
f 1175//1175 1174//1174 1168//1168
f 1175//1175 1168//1168 1169//1169
f 1167//1167 1106//1106 1163//1163
f 1167//1167 1171//1171 1106//1106
f 1179//1179 1116//1116 1172//1172
f 1168//1168 1174//1174 1171//1171
f 1174//1174 1172//1172 1171//1171
f 1172//1172 1170//1170 1171//1171
f 1183//1183 1174//1174 1175//1175
f 1183//1183 1172//1172 1174//1174
f 1173//1173 1172//1172 1183//1183
f 1176//1176 1207//1207 1177//1177
f 1173//1173 1207//1207 1178//1178
f 1176//1176 1178//1178 1207//1207
f 1178//1178 1179//1179 1173//1173
f 1177//1177 1180//1180 1176//1176
f 1112//1112 1176//1176 1180//1180
f 1112//1112 1111//1111 1176//1176
f 1111//1111 1178//1178 1176//1176
f 1172//1172 1173//1173 1179//1179
f 1178//1178 1111//1111 1114//1114
f 1158//1158 1180//1180 1177//1177
f 1158//1158 1177//1177 1181//1181
f 1115//1115 1180//1180 1158//1158
f 1120//1120 1158//1158 1159//1159
f 1177//1177 1207//1207 1193//1193
f 1207//1207 1173//1173 1202//1202
f 1169//1169 1189//1189 1211//1211
f 1182//1182 1181//1181 1191//1191
f 1177//1177 1193//1193 1181//1181
f 1173//1173 1183//1183 1202//1202
f 1209//1209 1205//1205 1212//1212
f 1209//1209 1212//1212 1185//1185
f 1205//1205 1197//1197 1212//1212
f 1203//1203 1184//1184 1199//1199
f 1203//1203 1186//1186 1184//1184
f 1200//1200 1184//1184 1186//1186
f 1184//1184 1209//1209 1185//1185
f 1200//1200 1209//1209 1184//1184
f 1228//1228 1213//1213 1196//1196
f 1197//1197 1213//1213 1212//1212
f 1188//1188 1199//1199 1184//1184
f 1214//1214 1194//1194 1215//1215
f 1214//1214 1228//1228 1194//1194
f 1204//1204 1187//1187 1208//1208
f 1187//1187 1215//1215 1208//1208
f 1187//1187 1199//1199 1188//1188
f 1204//1204 1199//1199 1187//1187
f 1194//1194 1208//1208 1215//1215
f 1228//1228 1196//1196 1195//1195
f 1228//1228 1195//1195 1194//1194
f 1204//1204 1183//1183 1175//1175
f 1204//1204 1175//1175 1198//1198
f 1186//1186 1175//1175 1169//1169
f 1211//1211 1186//1186 1169//1169
f 1201//1201 1211//1211 1189//1189
f 1210//1210 1201//1201 1190//1190
f 1206//1206 1190//1190 1191//1191
f 1205//1205 1206//1206 1191//1191
f 1181//1181 1192//1192 1191//1191
f 1192//1192 1205//1205 1191//1191
f 1193//1193 1192//1192 1181//1181
f 1195//1195 1192//1192 1193//1193
f 1193//1193 1194//1194 1195//1195
f 1196//1196 1192//1192 1195//1195
f 1197//1197 1196//1196 1213//1213
f 1196//1196 1197//1197 1192//1192
f 1197//1197 1205//1205 1192//1192
f 1199//1199 1198//1198 1203//1203
f 1186//1186 1203//1203 1198//1198
f 1206//1206 1210//1210 1190//1190
f 1200//1200 1201//1201 1210//1210
f 1186//1186 1198//1198 1175//1175
f 1199//1199 1204//1204 1198//1198
f 1209//1209 1210//1210 1206//1206
f 1208//1208 1202//1202 1204//1204
f 1207//1207 1202//1202 1208//1208
f 1208//1208 1194//1194 1193//1193
f 1193//1193 1207//1207 1208//1208
f 1209//1209 1206//1206 1205//1205
f 1200//1200 1210//1210 1209//1209
f 1200//1200 1186//1186 1211//1211
f 1201//1201 1200//1200 1211//1211
f 1202//1202 1183//1183 1204//1204
f 1188//1188 1225//1225 1226//1226
f 1188//1188 1230//1230 1225//1225
f 1220//1220 1219//1219 1222//1222
f 1184//1184 1185//1185 1218//1218
f 1185//1185 1216//1216 1219//1219
f 1213//1213 1216//1216 1212//1212
f 1218//1218 1188//1188 1184//1184
f 1230//1230 1188//1188 1218//1218
f 1187//1187 1188//1188 1226//1226
f 1226//1226 1227//1227 1215//1215
f 1215//1215 1187//1187 1226//1226
f 1216//1216 1185//1185 1212//1212
f 1229//1229 1223//1223 1217//1217
f 1217//1217 1223//1223 1222//1222
f 1231//1231 1217//1217 1222//1222
f 1231//1231 1222//1222 1216//1216
f 1218//1218 1185//1185 1219//1219
f 1220//1220 1218//1218 1219//1219
f 1221//1221 1230//1230 1222//1222
f 1223//1223 1229//1229 1221//1221
f 1229//1229 1225//1225 1221//1221
f 1229//1229 1224//1224 1227//1227
f 1230//1230 1218//1218 1220//1220
f 1229//1229 1226//1226 1225//1225
f 1226//1226 1229//1229 1227//1227
f 1216//1216 1228//1228 1231//1231
f 1213//1213 1228//1228 1216//1216
f 1225//1225 1230//1230 1221//1221
f 1222//1222 1223//1223 1221//1221
f 1217//1217 1231//1231 1224//1224
f 1224//1224 1215//1215 1227//1227
f 1231//1231 1215//1215 1224//1224
f 1214//1214 1231//1231 1228//1228
f 1222//1222 1219//1219 1216//1216
f 1214//1214 1215//1215 1231//1231
f 1220//1220 1222//1222 1230//1230
f 1224//1224 1229//1229 1217//1217
f 185//185 1234//1234 1233//1233
f 188//188 1238//1238 1234//1234
f 188//188 1234//1234 185//185
f 189//189 1238//1238 188//188
f 189//189 1253//1253 1238//1238
f 193//193 1258//1258 1253//1253
f 193//193 1253//1253 189//189
f 191//191 1236//1236 1258//1258
f 191//191 1258//1258 193//193
f 1235//1235 1236//1236 191//191
f 1235//1235 1259//1259 1236//1236
f 1255//1255 1237//1237 1232//1232
f 1256//1256 1237//1237 1255//1255
f 1265//1265 1233//1233 1234//1234
f 1265//1265 1234//1234 1251//1251
f 1232//1232 1233//1233 1265//1265
f 1251//1251 1234//1234 1238//1238
f 1257//1257 1236//1236 1259//1259
f 1258//1258 1236//1236 1257//1257
f 1242//1242 200//200 1241//1241
f 200//200 1243//1243 1240//1240
f 1244//1244 1242//1242 1241//1241
f 1243//1243 1246//1246 1239//1239
f 1243//1243 1239//1239 1240//1240
f 1246//1246 1247//1247 1239//1239
f 1248//1248 1249//1249 1245//1245
f 1249//1249 1235//1235 1245//1245
f 1249//1249 1259//1259 1235//1235
f 1247//1247 1246//1246 1263//1263
f 1259//1259 1249//1249 1262//1262
f 1249//1249 1248//1248 1264//1264
f 1249//1249 1264//1264 1262//1262
f 1248//1248 1247//1247 1263//1263
f 1248//1248 1263//1263 1264//1264
f 1268//1268 1255//1255 1267//1267
f 1250//1250 1255//1255 1268//1268
f 1265//1265 1251//1251 1266//1266
f 1267//1267 1255//1255 1265//1265
f 1280//1280 1238//1238 1252//1252
f 1266//1266 1251//1251 1238//1238
f 1266//1266 1238//1238 1280//1280
f 1238//1238 1253//1253 1252//1252
f 1257//1257 1259//1259 1254//1254
f 1271//1271 1258//1258 1257//1257
f 1252//1252 1253//1253 1258//1258
f 1252//1252 1258//1258 1271//1271
f 1255//1255 1250//1250 1256//1256
f 1265//1265 1255//1255 1232//1232
f 1242//1242 1272//1272 1273//1273
f 1260//1260 1242//1242 1273//1273
f 1263//1263 1261//1261 1277//1277
f 1254//1254 1262//1262 1276//1276
f 1262//1262 1264//1264 1278//1278
f 1262//1262 1278//1278 1276//1276
f 1264//1264 1263//1263 1277//1277
f 1264//1264 1277//1277 1278//1278
f 1250//1250 1272//1272 1244//1244
f 1250//1250 1244//1244 1256//1256
f 1272//1272 1242//1242 1244//1244
f 1242//1242 1260//1260 200//200
f 1260//1260 1243//1243 200//200
f 1260//1260 1274//1274 1243//1243
f 1262//1262 1254//1254 1259//1259
f 1274//1274 1261//1261 1246//1246
f 1274//1274 1246//1246 1243//1243
f 1261//1261 1263//1263 1246//1246
f 1281//1281 1269//1269 1266//1266
f 1279//1279 1267//1267 1269//1269
f 1279//1279 1269//1269 1281//1281
f 1279//1279 1268//1268 1267//1267
f 1299//1299 1250//1250 1268//1268
f 1299//1299 1268//1268 1279//1279
f 1265//1265 1269//1269 1267//1267
f 1266//1266 1269//1269 1265//1265
f 1280//1280 1252//1252 1285//1285
f 1282//1282 1257//1257 1254//1254
f 1282//1282 1254//1254 1270//1270
f 1284//1284 1271//1271 1282//1282
f 1285//1285 1271//1271 1284//1284
f 1271//1271 1257//1257 1282//1282
f 1285//1285 1252//1252 1271//1271
f 1274//1274 1260//1260 1288//1288
f 1274//1274 1288//1288 1289//1289
f 1260//1260 1273//1273 1287//1287
f 1260//1260 1287//1287 1288//1288
f 1273//1273 1272//1272 1287//1287
f 1272//1272 1250//1250 1299//1299
f 1272//1272 1299//1299 1287//1287
f 1277//1277 1275//1275 1294//1294
f 1277//1277 1294//1294 1291//1291
f 1275//1275 1274//1274 1289//1289
f 1275//1275 1289//1289 1294//1294
f 1270//1270 1254//1254 1290//1290
f 1254//1254 1276//1276 1290//1290
f 1276//1276 1278//1278 1292//1292
f 1276//1276 1292//1292 1290//1290
f 1278//1278 1277//1277 1291//1291
f 1278//1278 1291//1291 1292//1292
f 1274//1274 1275//1275 1261//1261
f 1275//1275 1277//1277 1261//1261
f 1266//1266 1286//1286 1281//1281
f 1270//1270 1297//1297 1284//1284
f 1270//1270 1284//1284 1282//1282
f 1283//1283 1297//1297 1270//1270
f 1280//1280 1286//1286 1266//1266
f 1285//1285 1286//1286 1280//1280
f 1298//1298 1284//1284 1297//1297
f 1298//1298 1285//1285 1284//1284
f 1296//1296 1286//1286 1285//1285
f 1296//1296 1285//1285 1298//1298
f 1317//1317 1286//1286 1296//1296
f 1281//1281 1286//1286 1317//1317
f 1297//1297 1283//1283 1301//1301
f 1299//1299 1279//1279 1300//1300
f 1279//1279 1281//1281 1300//1300
f 1299//1299 1311//1311 1287//1287
f 1311//1311 1288//1288 1287//1287
f 1293//1293 1283//1283 1290//1290
f 1283//1283 1270//1270 1290//1290
f 1291//1291 1293//1293 1292//1292
f 1292//1292 1293//1293 1290//1290
f 1293//1293 1314//1314 1313//1313
f 1293//1293 1291//1291 1308//1308
f 1293//1293 1308//1308 1314//1314
f 1308//1308 1294//1294 1310//1310
f 1291//1291 1294//1294 1308//1308
f 1294//1294 1289//1289 1309//1309
f 1294//1294 1309//1309 1310//1310
f 1289//1289 1288//1288 1303//1303
f 1289//1289 1303//1303 1309//1309
f 1288//1288 1311//1311 1303//1303
f 1283//1283 1293//1293 1313//1313
f 1283//1283 1313//1313 1301//1301
f 1316//1316 1300//1300 1315//1315
f 1315//1315 1300//1300 1318//1318
f 1295//1295 1304//1304 1331//1331
f 1295//1295 1301//1301 1304//1304
f 1295//1295 1297//1297 1301//1301
f 1319//1319 1298//1298 1295//1295
f 1298//1298 1297//1297 1295//1295
f 1321//1321 1296//1296 1298//1298
f 1321//1321 1298//1298 1319//1319
f 1317//1317 1296//1296 1321//1321
f 1281//1281 1318//1318 1300//1300
f 1317//1317 1318//1318 1281//1281
f 1300//1300 1316//1316 1299//1299
f 1312//1312 1323//1323 1343//1343
f 1312//1312 1316//1316 1323//1323
f 1302//1302 1333//1333 1324//1324
f 1302//1302 1303//1303 1333//1333
f 1333//1333 1312//1312 1343//1343
f 1303//1303 1312//1312 1333//1333
f 1304//1304 1330//1330 1331//1331
f 1304//1304 1305//1305 1330//1330
f 1305//1305 1329//1329 1330//1330
f 1305//1305 1306//1306 1329//1329
f 1306//1306 1307//1307 1332//1332
f 1306//1306 1332//1332 1329//1329
f 1332//1332 1302//1302 1324//1324
f 1307//1307 1302//1302 1332//1332
f 1302//1302 1307//1307 1310//1310
f 1302//1302 1310//1310 1309//1309
f 1307//1307 1306//1306 1308//1308
f 1307//1307 1308//1308 1310//1310
f 1312//1312 1303//1303 1311//1311
f 1303//1303 1302//1302 1309//1309
f 1316//1316 1312//1312 1311//1311
f 1316//1316 1311//1311 1299//1299
f 1304//1304 1301//1301 1313//1313
f 1306//1306 1305//1305 1314//1314
f 1306//1306 1314//1314 1308//1308
f 1305//1305 1304//1304 1313//1313
f 1305//1305 1313//1313 1314//1314
f 1335//1335 1315//1315 1322//1322
f 1334//1334 1322//1322 1321//1321
f 1334//1334 1321//1321 1338//1338
f 1337//1337 1319//1319 1336//1336
f 1338//1338 1321//1321 1337//1337
f 1337//1337 1321//1321 1319//1319
f 1336//1336 1319//1319 1320//1320
f 1319//1319 1295//1295 1320//1320
f 1331//1331 1340//1340 1295//1295
f 1340//1340 1320//1320 1295//1295
f 1318//1318 1322//1322 1315//1315
f 1317//1317 1321//1321 1322//1322
f 1317//1317 1322//1322 1318//1318
f 1323//1323 1315//1315 1335//1335
f 1324//1324 1345//1345 1346//1346
f 1324//1324 1333//1333 1345//1345
f 1333//1333 1343//1343 1345//1345
f 1315//1315 1323//1323 1316//1316
f 1347//1347 1325//1325 1348//1348
f 1328//1328 1325//1325 1347//1347
f 1325//1325 1324//1324 1346//1346
f 1325//1325 1346//1346 1348//1348
f 1326//1326 1328//1328 1327//1327
f 1328//1328 1330//1330 1329//1329
f 1328//1328 1326//1326 1330//1330
f 1326//1326 1331//1331 1330//1330
f 1326//1326 1340//1340 1331//1331
f 1324//1324 1325//1325 1332//1332
f 1325//1325 1328//1328 1329//1329
f 1325//1325 1329//1329 1332//1332
f 1322//1322 1334//1334 1335//1335
f 1320//1320 1339//1339 1336//1336
f 1340//1340 1341//1341 1339//1339
f 1340//1340 1339//1339 1320//1320
f 1351//1351 1335//1335 1334//1334
f 1351//1351 1334//1334 1355//1355
f 1342//1342 1337//1337 1336//1336
f 1342//1342 1336//1336 1356//1356
f 1338//1338 1337//1337 1342//1342
f 1339//1339 1341//1341 1353//1353
f 1356//1356 1336//1336 1339//1339
f 1335//1335 1344//1344 1323//1323
f 1344//1344 1345//1345 1343//1343
f 1344//1344 1343//1343 1323//1323
f 1347//1347 1327//1327 1328//1328
f 1347//1347 1349//1349 1327//1327
f 1327//1327 1341//1341 1326//1326
f 1349//1349 1341//1341 1327//1327
f 1341//1341 1340//1340 1326//1326
f 1346//1346 1345//1345 1360//1360
f 1360//1360 1345//1345 1361//1361
f 1345//1345 1344//1344 1361//1361
f 1344//1344 1335//1335 1351//1351
f 1348//1348 1362//1362 1363//1363
f 1348//1348 1346//1346 1362//1362
f 1341//1341 1349//1349 1353//1353
f 1347//1347 1348//1348 1363//1363
f 1375//1375 1355//1355 1350//1350
f 1350//1350 1355//1355 1357//1357
f 1350//1350 1357//1357 1369//1369
f 1375//1375 1351//1351 1355//1355
f 1364//1364 1351//1351 1375//1375
f 1365//1365 1352//1352 1358//1358
f 1365//1365 1353//1353 1352//1352
f 1354//1354 1353//1353 1365//1365
f 1367//1367 1342//1342 1354//1354
f 1368//1368 1342//1342 1367//1367
f 1369//1369 1342//1342 1368//1368
f 1369//1369 1357//1357 1342//1342
f 1338//1338 1357//1357 1355//1355
f 1338//1338 1355//1355 1334//1334
f 1353//1353 1356//1356 1339//1339
f 1356//1356 1354//1354 1342//1342
f 1356//1356 1353//1353 1354//1354
f 1342//1342 1357//1357 1338//1338
f 1360//1360 1361//1361 1370//1370
f 1361//1361 1351//1351 1364//1364
f 1352//1352 1359//1359 1358//1358
f 1358//1358 1359//1359 1372//1372
f 1359//1359 1363//1363 1372//1372
f 1363//1363 1362//1362 1372//1372
f 1351//1351 1361//1361 1344//1344
f 1359//1359 1352//1352 1349//1349
f 1352//1352 1353//1353 1349//1349
f 1363//1363 1359//1359 1347//1347
f 1359//1359 1349//1349 1347//1347
f 1360//1360 1362//1362 1346//1346
f 1354//1354 1366//1366 1367//1367
f 1365//1365 1366//1366 1354//1354
f 1365//1365 1378//1378 1366//1366
f 1379//1379 1368//1368 1380//1380
f 1377//1377 1369//1369 1368//1368
f 1377//1377 1368//1368 1379//1379
f 1368//1368 1367//1367 1380//1380
f 1376//1376 1369//1369 1377//1377
f 1376//1376 1350//1350 1369//1369
f 1375//1375 1350//1350 1376//1376
f 1390//1390 1364//1364 1375//1375
f 1387//1387 1366//1366 1378//1378
f 1380//1380 1367//1367 1366//1366
f 1380//1380 1366//1366 1387//1387
f 1378//1378 1365//1365 1358//1358
f 1364//1364 1370//1370 1361//1361
f 1372//1372 1371//1371 1358//1358
f 1373//1373 1362//1362 1360//1360
f 1373//1373 1372//1372 1362//1362
f 1370//1370 1373//1373 1360//1360
f 1374//1374 1364//1364 1390//1390
f 1370//1370 1364//1364 1374//1374
f 1358//1358 1371//1371 1378//1378
f 1375//1375 1376//1376 1390//1390
f 1379//1379 1381//1381 1384//1384
f 1379//1379 1384//1384 1377//1377
f 1380//1380 1381//1381 1379//1379
f 1384//1384 1389//1389 1382//1382
f 1384//1384 1381//1381 1383//1383
f 1382//1382 1385//1385 1390//1390
f 1382//1382 1386//1386 1385//1385
f 1382//1382 1377//1377 1384//1384
f 1382//1382 1376//1376 1377//1377
f 1387//1387 1388//1388 1381//1381
f 1387//1387 1381//1381 1380//1380
f 1378//1378 1388//1388 1387//1387
f 1383//1383 1389//1389 1384//1384
f 1383//1383 1381//1381 1388//1388
f 1388//1388 1395//1395 1383//1383
f 1390//1390 1376//1376 1382//1382
f 1389//1389 1395//1395 1396//1396
f 1383//1383 1395//1395 1389//1389
f 1389//1389 1386//1386 1382//1382
f 1374//1374 1393//1393 1373//1373
f 1374//1374 1373//1373 1370//1370
f 1393//1393 1391//1391 1372//1372
f 1393//1393 1372//1372 1373//1373
f 1393//1393 1392//1392 1391//1391
f 1385//1385 1386//1386 1392//1392
f 1385//1385 1392//1392 1390//1390
f 1393//1393 1374//1374 1392//1392
f 1391//1391 1394//1394 1372//1372
f 1394//1394 1371//1371 1372//1372
f 1394//1394 1391//1391 1395//1395
f 1394//1394 1388//1388 1378//1378
f 1394//1394 1378//1378 1371//1371
f 1388//1388 1394//1394 1395//1395
f 1374//1374 1390//1390 1392//1392
f 1395//1395 1391//1391 1396//1396
f 1392//1392 1396//1396 1391//1391
f 1386//1386 1396//1396 1392//1392
f 1389//1389 1396//1396 1386//1386
# 2784 faces, 0 coords texture

# End of File
