####
#
# OBJ File Generated by Meshlab
#
####
# Object david1.obj
#
# Vertices: 2628
# Faces: 5250
#
####
vn -0.265778 -0.963226 -0.039461
v 0.039860 0.011686 -0.244262
vn 0.329690 -0.914358 -0.235062
v 0.150606 0.022008 -0.283604
vn 0.124123 -0.967299 -0.221191
v 0.113482 0.015552 -0.290933
vn 0.189395 -0.954798 -0.229107
v 0.118880 0.023467 -0.316520
vn 0.188180 -0.940317 -0.283536
v 0.132800 0.041937 -0.392068
vn -0.492096 0.810150 0.318588
v 0.028195 0.143680 -0.216498
vn -0.031272 0.902482 0.429590
v 0.075991 0.191022 -0.276772
vn -0.234438 0.923358 0.304053
v 0.089924 0.188771 -0.263470
vn 0.056807 -0.986478 -0.153736
v 0.062734 0.018023 -0.317487
vn -0.385056 -0.922803 -0.012864
v 0.025104 0.018712 -0.279988
vn -0.523033 0.696758 0.490882
v 0.014860 0.151955 -0.241936
vn -0.623561 -0.778622 0.070140
v 0.010237 0.027572 -0.281414
vn -0.770057 -0.631317 0.091923
v 0.005988 0.034320 -0.261187
vn -0.965617 -0.166998 0.199237
v -0.009431 0.088154 -0.250753
vn -0.529175 -0.848285 0.019637
v 0.023565 0.018880 -0.245408
vn 0.306651 -0.920424 -0.242454
v 0.143485 0.031353 -0.322706
vn -0.083329 -0.990198 -0.112094
v 0.061367 0.008821 -0.250789
vn -0.738514 -0.669752 0.077650
v 0.015421 0.026204 -0.226174
vn -0.920181 -0.370963 0.125113
v 0.001642 0.045751 -0.238944
vn -0.977911 -0.010185 0.208772
v -0.007031 0.098378 -0.236684
vn -0.926212 0.283282 0.248762
v -0.004151 0.109501 -0.227509
vn -0.719954 0.613524 0.324430
v 0.006793 0.125860 -0.218235
vn 0.931949 -0.355951 0.069066
v 0.239961 0.087833 -0.246287
vn 0.601331 -0.794142 -0.087979
v 0.216155 0.060505 -0.272003
vn 0.762358 -0.646787 -0.021831
v 0.229634 0.070641 -0.248007
vn 0.486071 -0.852765 -0.191120
v 0.173763 0.036165 -0.290567
vn 0.075180 -0.139633 -0.987345
v 0.129757 0.075154 -0.443750
vn 0.498909 0.127020 -0.857296
v 0.142411 0.086917 -0.439534
vn 0.043800 0.404193 -0.913624
v 0.129280 0.100381 -0.439376
vn 0.491542 -0.837793 -0.237676
v 0.169987 0.048832 -0.349209
vn -0.356767 0.859993 0.364870
v 0.106008 0.193257 -0.257038
vn 0.491495 -0.804901 -0.332517
v 0.151447 0.051710 -0.397955
vn 0.573301 -0.667841 -0.474672
v 0.147516 0.063656 -0.424774
vn -0.271872 0.908644 0.316942
v 0.121280 0.178804 -0.215657
vn -0.363475 0.865958 0.343514
v 0.090155 0.195499 -0.288617
vn -0.193149 0.963971 0.182901
v 0.088487 0.198755 -0.308322
vn 0.332317 -0.522169 -0.785433
v 0.134949 0.066311 -0.439127
vn 0.371234 -0.903484 -0.214248
v 0.144707 0.042786 -0.379879
vn 0.366113 -0.907034 -0.207968
v 0.158106 0.038210 -0.327976
vn 0.860940 0.439894 0.255493
v 0.226675 0.158178 -0.239222
vn 0.268885 0.858541 0.436588
v 0.190665 0.184088 -0.216210
vn -0.085206 0.955542 0.282275
v 0.151298 0.180747 -0.208365
vn 0.496562 -0.851207 -0.169922
v 0.201454 0.055125 -0.301136
vn 0.988866 -0.088843 0.119377
v 0.243584 0.102524 -0.242329
vn 0.554838 0.769546 0.316155
v 0.205596 0.176237 -0.218087
vn 0.089375 -0.871670 -0.481874
v 0.131749 0.055502 -0.426627
vn 0.235549 -0.949651 -0.206592
v 0.125991 0.030101 -0.339740
vn -0.456809 -0.888015 0.052488
v 0.049538 0.012408 -0.076903
vn -0.670311 0.505180 -0.543577
v 0.008686 0.141608 -0.134499
vn -0.598659 0.684005 -0.416827
v 0.023891 0.142182 -0.149509
vn -0.227713 0.743369 -0.628928
v 0.032722 0.185689 -0.101775
vn -0.467856 0.652996 -0.595573
v 0.016881 0.160937 -0.122374
vn 0.000493 0.819030 -0.573750
v 0.060716 0.184830 -0.108947
vn -0.002289 0.894485 -0.447093
v 0.065840 0.162916 -0.140785
vn 0.166722 0.813989 -0.556441
v 0.072252 0.179423 -0.114668
vn 0.121415 0.932335 -0.340602
v 0.086939 0.160006 -0.142920
vn 0.296713 0.807266 -0.510179
v 0.083832 0.178791 -0.110801
vn -0.964636 0.123473 -0.232876
v 0.000194 0.095506 -0.152034
vn -0.144042 0.840950 -0.521589
v 0.054341 0.163212 -0.138409
vn 0.109795 -0.993072 -0.041858
v 0.114582 0.000682 -0.186195
vn -0.060194 -0.996516 -0.057730
v 0.097465 0.000479 -0.196715
vn -0.137036 -0.990540 -0.007152
v 0.087666 -0.000267 -0.141980
vn -0.271907 0.866396 0.418837
v 0.080393 0.178301 -0.242877
vn -0.372706 0.926998 0.042019
v 0.058527 0.155280 -0.174048
vn -0.945598 0.321277 0.051244
v 0.003161 0.107330 -0.169126
vn 0.037010 -0.988902 -0.143886
v 0.102802 0.004234 -0.237579
vn -0.609562 0.787863 0.087787
v 0.017744 0.133152 -0.205776
vn -0.944953 -0.307809 0.110980
v 0.001124 0.054442 -0.219927
vn -0.972553 0.186178 0.139568
v -0.000742 0.103040 -0.186085
vn -0.842260 0.525740 0.119141
v 0.004318 0.118657 -0.188470
vn 0.233958 -0.962266 -0.138950
v 0.131779 0.010788 -0.255874
vn 0.190507 -0.977220 -0.093535
v 0.118094 0.002812 -0.210192
vn 0.220593 0.886134 -0.407561
v 0.098913 0.166961 -0.120832
vn -0.188117 0.961656 0.199571
v 0.074887 0.163828 -0.208731
vn -0.490799 0.853857 -0.173335
v 0.038612 0.145340 -0.166374
vn 0.031653 -0.999492 0.003844
v 0.101302 -0.001438 -0.138479
vn -0.982442 -0.150261 0.110586
v -0.003068 0.072245 -0.218558
vn -0.954272 -0.277791 -0.110441
v 0.003548 0.060713 -0.154116
vn -0.326536 -0.945081 0.013967
v 0.046673 0.009384 -0.196306
vn -0.362774 -0.931725 0.016832
v 0.058815 0.005899 -0.135334
vn -0.274941 -0.961455 -0.003482
v 0.061403 0.005430 -0.165427
vn -0.733575 -0.677692 0.051007
v 0.024622 0.023754 -0.174021
vn -0.526165 -0.849321 0.042471
v 0.034958 0.014371 -0.189590
vn -0.521732 -0.851749 0.048161
v 0.034209 0.015905 -0.166336
vn -0.176750 -0.983627 -0.035181
v 0.055952 0.007741 -0.217290
vn -0.966594 -0.066290 -0.247592
v -0.000555 0.080359 -0.150669
vn -0.823539 0.510490 -0.247354
v 0.010047 0.122380 -0.154199
vn -0.894242 0.350721 -0.278076
v 0.003529 0.109770 -0.153414
vn -0.229589 0.932418 -0.279081
v 0.058394 0.156224 -0.155070
vn -0.335826 0.798743 -0.499229
v 0.038273 0.152880 -0.146825
vn -0.044342 0.995052 -0.088911
v 0.077333 0.157367 -0.159731
vn -0.758896 0.650703 -0.025759
v 0.014037 0.127214 -0.166780
vn -0.987051 -0.157977 0.027819
v 0.001827 0.071395 -0.175429
vn -0.996060 0.002740 0.088640
v 0.000052 0.088632 -0.176378
vn -0.935320 -0.351691 0.038584
v 0.006158 0.054319 -0.178621
vn -0.869426 -0.486307 0.087197
v 0.013567 0.037881 -0.182706
vn -0.201598 -0.979468 -0.000835
v 0.084018 0.001361 -0.079580
vn 0.293334 -0.944058 -0.150695
v 0.147829 0.004860 -0.109050
vn 0.576285 0.812170 -0.090966
v 0.198944 0.165944 -0.139102
vn 0.134337 0.982861 -0.126246
v 0.164815 0.179665 -0.137705
vn -0.004831 0.999296 -0.037193
v 0.155930 0.181201 -0.113970
vn 0.360845 0.931097 -0.053376
v 0.183975 0.177240 -0.111917
vn 0.520415 0.852413 -0.050606
v 0.199345 0.170438 -0.103267
vn 0.655163 0.748367 -0.103482
v 0.210436 0.162846 -0.101615
vn 0.199502 0.979446 -0.029744
v 0.173706 0.180246 -0.108288
vn -0.206102 0.978390 -0.016599
v 0.142695 0.179459 -0.115221
vn -0.303556 0.952739 -0.011912
v 0.131233 0.175892 -0.115035
vn -0.387578 0.920841 -0.042830
v 0.120932 0.171647 -0.116461
vn 0.440661 0.889781 -0.118776
v 0.190518 0.173112 -0.126695
vn -0.204985 0.972401 -0.111434
v 0.138045 0.177275 -0.141442
vn -0.413035 0.908510 -0.063335
v 0.120498 0.170758 -0.138176
vn 0.204243 -0.978574 -0.026040
v 0.139651 0.004797 -0.141194
vn 0.276578 -0.958077 -0.074782
v 0.153737 0.010649 -0.190042
vn 0.048232 0.933564 0.355151
v 0.174770 0.182214 -0.207938
vn -0.213367 0.976299 0.036261
v 0.135202 0.173578 -0.159648
vn -0.415506 0.909449 -0.016031
v 0.118234 0.167644 -0.155457
vn 0.863505 0.501742 -0.051132
v 0.217572 0.144555 -0.139381
vn 0.261346 0.964700 -0.032425
v 0.180787 0.172723 -0.154861
vn 0.564421 -0.815484 -0.128122
v 0.184206 0.031139 -0.236737
vn 0.386135 -0.912143 -0.137461
v 0.161143 0.019391 -0.249800
vn 0.989670 0.023457 0.141431
v 0.235867 0.103295 -0.198488
vn 0.897296 0.408734 0.166723
v 0.227701 0.141540 -0.204137
vn 0.736045 0.599322 0.314725
v 0.214835 0.169752 -0.225368
vn 0.289838 0.926611 0.239555
v 0.192544 0.180087 -0.207373
vn 0.533908 -0.843541 -0.058153
v 0.178600 0.022130 -0.194550
vn 0.375685 -0.922368 -0.089988
v 0.163925 0.014669 -0.200299
vn 0.274950 -0.956274 -0.099711
v 0.142886 0.012717 -0.223763
vn -0.077675 0.962602 -0.259545
v 0.107708 0.165159 -0.121016
vn -0.197019 0.963608 -0.180673
v 0.102113 0.160028 -0.140036
vn -0.049180 -0.989009 -0.139435
v 0.111453 -0.002316 -0.086010
vn 0.143642 -0.982376 -0.119605
v 0.133172 0.002223 -0.113364
vn 0.359999 -0.932182 -0.037914
v 0.162788 0.012015 -0.138725
vn 0.769311 0.612282 0.182402
v 0.212920 0.161767 -0.183775
vn -0.274743 0.917429 0.287819
v 0.094956 0.165721 -0.211206
vn 0.988986 0.142851 -0.038724
v 0.229669 0.111339 -0.140319
vn 0.999278 -0.026033 0.027669
v 0.230646 0.093759 -0.153890
vn 0.971846 -0.203034 0.119549
v 0.235744 0.087446 -0.202457
vn 0.891312 -0.453098 -0.016293
v 0.222541 0.063701 -0.135327
vn 0.977389 -0.210583 -0.019144
v 0.230256 0.083823 -0.124432
vn 0.754178 -0.656398 -0.018899
v 0.219588 0.057570 -0.197066
vn 0.656849 -0.751972 -0.055571
v 0.206891 0.044753 -0.193230
vn 0.964647 -0.257463 0.056296
v 0.228135 0.074264 -0.161279
vn 0.868764 -0.493922 0.035920
v 0.224137 0.064061 -0.177402
vn 0.875524 -0.481274 0.042819
v 0.230327 0.072337 -0.205057
vn 0.783000 -0.621812 -0.016153
v 0.213038 0.049605 -0.157346
vn 0.638336 -0.764049 -0.093573
v 0.212332 0.053948 -0.238160
vn 0.496361 -0.863840 -0.086061
v 0.177931 0.019458 -0.128823
vn 0.958670 0.229502 0.168170
v 0.234499 0.123212 -0.206821
vn 0.937249 0.342113 0.067256
v 0.224773 0.130370 -0.157048
vn -0.261851 0.964915 0.019288
v 0.100021 0.156682 -0.161524
vn 0.620734 0.764851 0.172315
v 0.203037 0.166488 -0.166369
vn 0.842778 0.518139 0.145797
v 0.217045 0.149968 -0.167919
vn 0.018907 0.998974 -0.041152
v 0.158252 0.175759 -0.158319
vn 0.982336 0.155180 0.104575
v 0.230678 0.113390 -0.169945
vn 0.380807 0.916545 0.122193
v 0.192139 0.170265 -0.159716
vn 0.112273 0.983637 0.140902
v 0.174699 0.175121 -0.166602
vn -0.416801 0.895047 0.158645
v 0.117509 0.170782 -0.178923
vn 0.019176 -0.998571 -0.049877
v 0.107493 0.000090 -0.104677
vn 0.223657 0.939806 0.258343
v 0.117889 0.199617 0.111348
vn -0.437942 -0.818986 0.370767
v 0.070471 0.035102 0.067177
vn 0.312696 0.934057 0.172505
v 0.122332 0.203591 0.086877
vn -0.368890 -0.925690 0.083771
v 0.057957 0.011014 -0.051342
vn -0.502761 -0.408608 0.761755
v 0.001854 0.163443 0.154492
vn -0.453587 -0.167582 0.875315
v 0.003766 0.175140 0.161494
vn -0.310182 0.122097 0.942804
v 0.007389 0.191112 0.163623
vn -0.309042 -0.858434 0.409371
v 0.056731 0.043011 0.072875
vn -0.129107 -0.162079 0.978295
v -0.020670 0.184939 0.158419
vn -0.541337 0.622408 -0.565299
v 0.000961 0.186512 -0.084759
vn -0.117906 0.445241 0.887614
v 0.016565 0.199941 0.163273
vn 0.104553 0.834189 -0.541476
v 0.063554 0.211189 -0.074453
vn 0.274079 0.887457 -0.370541
v 0.074653 0.218769 -0.055898
vn -0.198966 0.791958 -0.577248
v 0.032613 0.210507 -0.074846
vn 0.267610 0.924379 -0.271860
v 0.073176 0.225368 -0.038596
vn 0.355354 0.917122 -0.180587
v 0.081157 0.231596 0.005287
vn 0.426882 0.904303 0.002585
v 0.086211 0.234019 0.051116
vn 0.446942 0.830069 -0.333510
v 0.099427 0.209066 -0.054685
vn 0.366898 0.790490 -0.490419
v 0.095993 0.203218 -0.071918
vn 0.436977 0.896648 -0.071229
v 0.102941 0.226462 0.028718
vn 0.604567 0.774304 0.186955
v 0.107741 0.219897 0.074583
vn 0.564482 0.785662 -0.253172
v 0.125416 0.198008 -0.042530
vn 0.600352 0.793780 -0.097418
v 0.119670 0.214516 0.008850
vn 0.475386 0.764988 -0.434513
v 0.121734 0.186507 -0.071426
vn 0.424348 0.905247 -0.021373
v 0.130363 0.205401 0.036579
vn -0.421028 0.678016 -0.602519
v 0.014831 0.198420 -0.081852
vn -0.200446 -0.939367 0.278228
v 0.040802 0.025281 0.020082
vn -0.788058 0.354489 -0.503292
v 0.001209 0.128385 -0.135149
vn -0.055956 0.822113 -0.566568
v 0.050655 0.211968 -0.074176
vn -0.324929 0.687248 -0.649701
v 0.018350 0.181854 -0.099952
vn 0.338188 0.802075 -0.492244
v 0.102476 0.175843 -0.102874
vn -0.634098 0.514454 -0.577283
v -0.004848 0.157166 -0.104641
vn -0.535727 0.609080 -0.584823
v 0.005415 0.171156 -0.102110
vn -0.649047 -0.758726 -0.055432
v 0.020873 0.033246 -0.073582
vn -0.695983 -0.688838 -0.202756
v 0.007220 0.041860 -0.054270
vn -0.764023 -0.641383 -0.069976
v 0.007764 0.047973 -0.080095
vn -0.868609 -0.424092 -0.256251
v -0.007996 0.060569 -0.050673
vn -0.866866 -0.496388 -0.046290
v 0.000236 0.059304 -0.082591
vn 0.003369 0.567081 0.823655
v 0.035037 0.202568 0.163846
vn 0.182674 0.714704 0.675150
v 0.056447 0.215103 0.150270
vn 0.096137 0.542807 0.834337
v 0.051293 0.201340 0.162937
vn 0.256398 0.689257 0.677632
v 0.086615 0.187876 0.161745
vn 0.246222 0.834562 0.492829
v 0.102157 0.187760 0.152790
vn -0.237636 0.495276 0.835602
v 0.037536 0.169591 0.178438
vn -0.024594 0.772629 0.634381
v 0.053448 0.170320 0.181333
vn 0.595675 0.748361 0.291766
v 0.106317 0.210191 0.107798
vn 0.335094 0.866275 0.370512
v 0.113449 0.195833 0.125585
vn 0.304331 0.937003 -0.171485
v 0.133704 0.200710 0.002664
vn 0.471554 0.872594 0.127344
v 0.089256 0.231057 0.079506
vn 0.577271 0.814898 0.051960
v 0.114597 0.219676 0.041564
vn 0.458824 0.870086 -0.180086
v 0.108020 0.219278 -0.002951
vn 0.420419 0.872890 -0.247611
v 0.108322 0.211800 -0.032668
vn 0.157538 0.821220 -0.548434
v 0.077181 0.209068 -0.074044
vn -0.073776 0.791818 -0.606285
v 0.047876 0.184725 -0.108030
vn -0.807360 -0.262881 0.528264
v 0.017376 0.145524 0.164447
vn -0.993727 -0.056062 -0.096771
v -0.014370 0.107173 -0.083474
vn -0.888478 -0.455664 -0.054571
v 0.000243 0.056715 -0.121104
vn -0.957701 -0.193869 -0.212658
v -0.007741 0.084987 -0.132423
vn -0.964636 -0.024039 -0.262488
v -0.010852 0.103403 -0.126262
vn -0.988663 0.071492 -0.132036
v -0.015298 0.127786 -0.102383
vn -0.995800 -0.087509 -0.026907
v -0.014294 0.103999 -0.100791
vn -0.996731 0.019418 -0.078425
v -0.013467 0.134888 -0.082459
vn -0.540020 -0.841105 0.030349
v 0.035347 0.017003 -0.131429
vn -0.751421 -0.658971 0.033525
v 0.016636 0.033550 -0.114110
vn -0.873212 -0.486831 -0.022295
v 0.011851 0.041748 -0.161798
vn -0.978926 0.122682 -0.163258
v -0.012984 0.157038 -0.087451
vn -0.964986 -0.228069 -0.129563
v -0.014379 0.090365 -0.075802
vn -0.752061 -0.659068 0.005807
v 0.015592 0.035159 -0.136291
vn -0.963732 -0.260298 -0.058868
v -0.008312 0.074761 -0.106596
vn -0.362094 -0.931417 0.036755
v 0.054166 0.008124 -0.103082
vn -0.593516 -0.802935 0.055079
v 0.031702 0.022320 -0.094662
vn -0.881497 0.208720 -0.423556
v -0.008925 0.117398 -0.126773
vn -0.818265 0.398236 -0.414547
v -0.008651 0.172769 -0.086437
vn -0.864901 0.302272 -0.400721
v -0.011425 0.144532 -0.105247
vn -0.003430 -0.841567 0.540142
v 0.062568 0.075546 0.124005
vn -0.229170 -0.848165 0.477596
v 0.046857 0.076846 0.126872
vn -0.010781 -0.348391 0.937287
v 0.156704 0.114288 0.186491
vn 0.352113 0.514764 0.781687
v 0.150254 0.152875 0.186678
vn 0.120632 -0.986025 -0.114899
v 0.135056 -0.005411 -0.064167
vn 0.013085 -0.717786 0.696140
v 0.123446 0.073024 0.151745
vn 0.386534 0.229148 0.893355
v 0.169562 0.134837 0.186221
vn -0.061275 -0.164930 0.984400
v 0.189729 0.088855 0.178307
vn 0.396085 0.275008 0.876063
v 0.203716 0.110174 0.175953
vn 0.969464 0.186995 -0.158661
v 0.244537 0.117978 -0.051462
vn 0.638338 0.759946 -0.122503
v 0.218974 0.157734 -0.050170
vn 0.487956 0.854829 -0.176540
v 0.209793 0.174711 -0.017140
vn 0.343855 0.934057 -0.096442
v 0.190664 0.174923 -0.055899
vn 0.265080 0.934143 -0.238974
v 0.172030 0.189693 -0.019137
vn 0.346987 0.937717 0.016953
v 0.180967 0.198609 0.067080
vn 0.043549 0.998955 -0.013894
v 0.165502 0.180065 -0.063874
vn 0.035806 0.996320 -0.077871
v 0.149611 0.206277 0.036485
vn 0.051552 0.997804 0.041577
v 0.148365 0.206737 0.065816
vn 0.070320 0.988931 -0.130651
v 0.163568 0.180767 -0.057963
vn 0.133884 0.953481 -0.270092
v 0.152645 0.192507 -0.026937
vn 0.047035 0.971066 -0.234134
v 0.149624 0.181538 -0.062142
vn 0.873697 0.475875 -0.100980
v 0.239109 0.132681 -0.050946
vn -0.183517 -0.662888 0.725880
v 0.153474 0.068342 0.152415
vn -0.337170 -0.937409 0.087063
v 0.062895 0.011983 -0.032610
vn 0.725624 0.686288 -0.049796
v 0.208362 0.156995 -0.138785
vn 0.886791 0.427304 -0.176104
v 0.228332 0.140338 -0.098440
vn 0.927441 0.335028 -0.166161
v 0.236092 0.132467 -0.076711
vn 0.556383 0.830897 -0.006878
v 0.209031 0.165446 -0.078073
vn 0.707486 0.704950 -0.050101
v 0.219965 0.156735 -0.077527
vn 0.253923 0.967223 0.001458
v 0.178971 0.179413 -0.085263
vn 0.072628 0.997258 0.014207
v 0.166754 0.181594 -0.087810
vn -0.098981 0.994655 0.029394
v 0.153818 0.181149 -0.090246
vn -0.181321 0.983409 -0.005466
v 0.141566 0.179082 -0.092555
vn -0.223563 0.972693 -0.062357
v 0.132598 0.177137 -0.093370
vn 0.786025 0.600513 -0.146793
v 0.220355 0.152555 -0.100476
vn 0.809847 0.578219 -0.099045
v 0.229342 0.145465 -0.076987
vn -0.099522 -0.993309 -0.058593
v 0.116591 -0.006523 -0.037059
vn 0.206284 -0.974178 -0.091783
v 0.146817 -0.005796 -0.033895
vn -0.310627 -0.950470 0.010900
v 0.095297 -0.001103 -0.032960
vn -0.251286 -0.967899 0.005164
v 0.095578 -0.003411 -0.057696
vn -0.028305 -0.997267 -0.068251
v 0.120213 -0.006822 -0.059800
vn 0.583149 -0.810859 -0.049448
v 0.175223 0.005522 -0.019368
vn 0.189987 -0.073249 0.979050
v 0.180920 0.111537 0.182891
vn 0.549083 0.415099 0.725397
v 0.198776 0.133674 0.166649
vn 0.499445 0.590760 0.633686
v 0.179531 0.165139 0.162125
vn 0.475379 0.436632 0.763784
v 0.180112 0.143705 0.176500
vn 0.299231 0.657828 0.691175
v 0.159348 0.169293 0.169549
vn 0.207089 0.707612 0.675574
v 0.140988 0.163437 0.181232
vn 0.274766 0.817197 0.506648
v 0.159255 0.188139 0.146999
vn 0.106837 0.815799 0.568382
v 0.138082 0.177580 0.165284
vn 0.230026 -0.746700 0.624121
v 0.136963 0.089385 0.167919
vn 0.218859 -0.095280 0.971094
v 0.140525 0.138088 0.194105
vn 0.486042 0.638251 0.596992
v 0.128651 0.154705 0.194436
vn 0.257983 0.957357 0.130044
v 0.168960 0.202133 0.088942
vn 0.114669 0.951214 0.286431
v 0.157455 0.197517 0.125981
vn 0.022565 0.912433 0.408603
v 0.126743 0.188151 0.147405
vn 0.258246 0.965015 -0.045337
v 0.165980 0.203678 0.040178
vn 0.114374 0.896471 0.428087
v 0.091980 0.169631 0.184812
vn 0.115002 0.941247 -0.317535
v 0.119660 0.173204 -0.094559
vn 0.332376 0.939898 0.078221
v 0.126800 0.205460 0.061455
vn 0.298972 0.918230 -0.259748
v 0.135533 0.194019 -0.025493
vn 0.028022 0.988864 0.146157
v 0.149723 0.203565 0.097561
vn 0.201111 0.960476 -0.192456
v 0.158581 0.201489 0.010043
vn 0.194502 0.976622 -0.091539
v 0.179527 0.178329 -0.056739
vn 0.427125 0.886437 -0.178307
v 0.197732 0.184702 0.002466
vn 0.486210 0.865859 -0.117847
v 0.201307 0.169595 -0.056509
vn 0.418037 0.908427 0.002248
v 0.193281 0.174310 -0.081603
vn 0.922349 -0.311457 -0.228620
v 0.241930 0.085525 -0.051240
vn 0.967150 -0.139244 -0.212678
v 0.239322 0.101724 -0.074294
vn 0.600162 -0.799848 -0.006935
v 0.190319 0.014300 -0.048804
vn 0.621236 -0.778517 -0.089309
v 0.193731 0.018888 -0.071022
vn 0.994163 -0.073404 -0.079062
v 0.232060 0.097853 -0.112026
vn 0.847372 -0.524360 -0.083702
v 0.225158 0.054852 -0.049672
vn 0.929316 -0.358290 -0.089438
v 0.228244 0.067651 -0.088734
vn 0.984742 0.052626 -0.165874
v 0.233198 0.115877 -0.105456
vn 0.934874 -0.315649 -0.162408
v 0.236416 0.084794 -0.068277
vn 0.660492 -0.743761 -0.102812
v 0.201449 0.034815 -0.122723
vn 0.421821 -0.891397 -0.165766
v 0.172685 0.008618 -0.091819
vn 0.867785 -0.461770 -0.183623
v 0.235438 0.071915 -0.051050
vn 0.778090 -0.623524 -0.076116
v 0.210980 0.037002 -0.082794
vn 0.968987 -0.173436 -0.176022
v 0.236130 0.093178 -0.082245
vn 0.817637 -0.571745 -0.067647
v 0.215821 0.051889 -0.131479
vn 0.179126 -0.971206 -0.157078
v 0.142273 -0.002259 -0.082180
vn 0.375857 -0.923721 -0.073965
v 0.166788 0.001431 -0.057462
vn 0.739390 -0.672027 0.041024
v 0.208179 0.032544 -0.032667
vn 0.943696 0.306886 -0.123524
v 0.226184 0.130739 -0.127199
vn 0.956721 0.213243 -0.198022
v 0.233582 0.126728 -0.097029
vn 0.974287 -0.074523 -0.212630
v 0.245723 0.101641 -0.051760
vn 0.972341 0.082463 -0.218523
v 0.239681 0.117782 -0.076074
vn 0.417702 -0.446047 0.791560
v 0.137288 0.106697 0.182346
vn -0.253291 -0.483387 0.837962
v 0.174065 0.089481 0.174560
vn -0.369756 -0.889039 0.269983
v 0.065578 0.024536 0.027691
vn 0.364528 0.863527 -0.348483
v 0.134225 0.180315 -0.067789
vn -0.336030 -0.871470 0.357244
v 0.075446 0.080831 0.132848
vn -0.518002 0.854261 -0.043734
v 0.044525 0.164038 0.212578
vn -0.950034 0.305966 0.061811
v 0.029303 0.147842 0.199255
vn -0.776606 0.589088 -0.223289
v 0.038317 0.161367 0.231377
vn -0.968994 0.220943 -0.110613
v 0.027874 0.141385 0.230736
vn -0.691432 -0.715045 0.103117
v 0.043004 0.098762 0.243899
vn -0.274299 0.937457 0.214323
v 0.046375 0.165635 0.192847
vn -0.691675 -0.719239 0.065426
v 0.036078 0.095668 0.181558
vn -0.384614 -0.917917 0.097466
v 0.056706 0.089229 0.240782
vn -0.762116 0.261639 0.592220
v 0.026928 0.156279 0.177209
vn -0.974850 -0.097424 0.200437
v 0.025584 0.121711 0.171654
vn -0.859600 -0.465611 0.210461
v 0.026261 0.109613 0.156876
vn -0.939980 -0.330512 0.084846
v 0.030849 0.110487 0.213708
vn -0.171568 -0.984334 0.040629
v 0.079000 0.075203 0.196759
vn -0.298871 -0.948448 0.105462
v 0.065192 0.086588 0.214605
vn -0.322392 -0.944500 0.063116
v 0.053577 0.087101 0.174155
vn -0.611546 -0.785921 0.091323
v 0.040627 0.094231 0.215679
vn -0.314248 -0.906284 0.282661
v 0.049832 0.082572 0.143173
vn -0.011241 -0.990596 0.136358
v 0.092989 0.080242 0.175165
vn 0.227258 -0.898295 0.376059
v 0.114032 0.080274 0.172534
vn -0.096257 -0.991068 -0.092293
v 0.074860 0.081145 0.162863
vn 0.387548 -0.889172 0.243270
v 0.102930 0.086643 0.196961
vn 0.521426 0.808172 -0.273811
v 0.112683 0.166016 0.208321
vn -0.378267 0.830859 -0.408152
v 0.061238 0.176695 0.227654
vn 0.865144 0.471191 0.171770
v 0.120882 0.156710 0.209537
vn 0.013051 0.964575 -0.263485
v 0.084578 0.171469 0.203749
vn 0.851321 0.082584 0.518105
v 0.129287 0.137405 0.198280
vn -0.025378 0.876758 -0.480261
v 0.085641 0.177650 0.216533
vn 0.573089 -0.693938 0.435912
v 0.121020 0.094745 0.195844
vn 0.797691 -0.306714 0.519245
v 0.125733 0.112481 0.209141
vn 0.746537 -0.648679 0.147980
v 0.108726 0.093782 0.210077
vn -0.317597 -0.800293 0.508590
v 0.091326 0.068131 0.142931
vn 0.429303 -0.894235 -0.126660
v 0.088906 0.077227 0.192627
vn -0.910947 -0.410745 0.038268
v 0.032828 0.111425 0.239525
vn -0.978940 -0.074064 -0.190239
v 0.023658 0.139191 0.262574
vn 0.842947 0.534706 -0.059419
v 0.112306 0.169296 0.225695
vn 0.880933 0.449010 -0.149489
v 0.116924 0.161448 0.224601
vn -0.636454 0.691278 -0.342141
v 0.037902 0.173040 0.244155
vn -0.261858 0.793001 -0.550073
v 0.072649 0.185000 0.234793
vn 0.154595 0.853527 -0.497586
v 0.092461 0.180559 0.222510
vn -0.994031 -0.109092 0.000539
v 0.029565 0.124370 0.224221
vn 0.241257 -0.969646 -0.039772
v 0.155935 0.081748 0.325732
vn -0.309638 0.252172 0.916806
v 0.065021 0.174613 0.411442
vn -0.537051 -0.016036 0.843398
v 0.045266 0.160039 0.402757
vn -0.740493 0.432582 0.514338
v 0.028955 0.190255 0.376395
vn -0.891919 0.028672 0.451285
v 0.018761 0.165408 0.372571
vn -0.796114 -0.480524 0.367830
v 0.021629 0.141724 0.367181
vn -0.747467 -0.664205 0.011189
v 0.034222 0.108856 0.301104
vn -0.738759 -0.652251 0.169717
v 0.022835 0.125737 0.334719
vn -0.855634 -0.510196 -0.087124
v 0.029055 0.116649 0.270330
vn -0.923969 0.375892 -0.070607
v 0.012725 0.187598 0.321544
vn -0.873705 0.339043 -0.348839
v 0.019203 0.184417 0.293961
vn -0.853659 0.365371 -0.371174
v 0.032152 0.167181 0.258863
vn -0.970271 0.153456 -0.187153
v 0.009448 0.166839 0.310078
vn -0.993322 -0.079889 -0.083243
v 0.007702 0.154017 0.320354
vn -0.948940 -0.022278 -0.314668
v 0.016064 0.147877 0.279361
vn 0.340806 -0.119909 0.932455
v 0.142677 0.126337 0.413690
vn -0.370319 -0.642528 0.670836
v 0.086992 0.108907 0.404805
vn 0.057519 -0.568420 0.820726
v 0.127284 0.101355 0.408820
vn -0.226790 -0.032331 0.973407
v 0.077692 0.156386 0.417407
vn -0.792658 0.568815 0.219416
v 0.024101 0.204638 0.348814
vn -0.733266 0.541948 -0.410626
v 0.029190 0.198024 0.288883
vn -0.818385 0.557818 -0.138151
v 0.020091 0.201036 0.316789
vn -0.565636 -0.819768 -0.089646
v 0.059859 0.093938 0.282965
vn -0.621222 -0.783482 0.015485
v 0.039978 0.104881 0.276424
vn -0.512769 -0.756964 0.405060
v 0.077411 0.101589 0.387008
vn 0.027164 0.258201 0.965709
v 0.104227 0.169027 0.417742
vn -0.631449 -0.646585 0.428019
v 0.044391 0.121642 0.376536
vn -0.457127 -0.354529 0.815686
v 0.066089 0.132885 0.408351
vn -0.349310 0.455418 0.818887
v 0.067323 0.190885 0.405180
vn -0.687408 -0.335459 0.644157
v 0.039547 0.145159 0.395197
vn -0.745231 0.096273 0.659820
v 0.031920 0.168855 0.390633
vn -0.562164 0.350474 0.749092
v 0.041698 0.184196 0.395183
vn -0.000181 -0.184591 0.982816
v 0.107906 0.127438 0.419410
vn -0.237683 -0.387997 0.890486
v 0.097017 0.117463 0.414647
vn 0.126503 0.064077 0.989895
v 0.122059 0.150193 0.418918
vn -0.912573 -0.403115 -0.068619
v 0.013954 0.134466 0.303864
vn -0.551266 -0.603074 0.576548
v 0.064518 0.116518 0.394235
vn -0.898116 0.360699 0.251563
v 0.015541 0.189597 0.349470
vn -0.962946 -0.215169 0.162599
v 0.008290 0.151523 0.339879
vn -0.835486 -0.535360 0.123904
v 0.013839 0.136120 0.329922
vn -0.985131 0.145340 0.091616
v 0.008310 0.172756 0.336297
vn -0.646622 0.745670 0.160796
v 0.034245 0.217404 0.342683
vn -0.021403 -0.853325 -0.520940
v 0.139882 0.054357 0.232752
vn -0.517499 -0.843190 0.145691
v 0.080976 0.073736 0.316066
vn 0.414166 -0.404881 -0.815192
v 0.115564 0.091274 0.219798
vn -0.305555 -0.843618 0.441525
v 0.104607 0.082853 0.381494
vn -0.127688 -0.951272 -0.280673
v 0.101198 0.080486 0.229033
vn -0.521367 -0.826905 -0.210725
v 0.086926 0.065479 0.260673
vn 0.670505 -0.734462 0.104824
v 0.160775 0.074716 0.348848
vn 0.025711 -0.985026 0.170478
v 0.114655 0.058262 0.306150
vn 0.773805 -0.633395 -0.006009
v 0.163983 0.060876 0.261164
vn 0.913660 -0.311004 -0.261727
v 0.174926 0.068490 0.277743
vn -0.433085 -0.876929 0.208407
v 0.049649 0.099454 0.319177
vn -0.839841 -0.488511 -0.236695
v 0.045067 0.089049 0.292838
vn -0.357890 -0.889225 0.284944
v 0.054342 0.097274 0.333153
vn -0.923697 -0.275417 -0.266326
v 0.026674 0.101346 0.319496
vn -0.766679 -0.462088 0.445733
v 0.041449 0.109594 0.344048
vn -0.917402 -0.222500 -0.329950
v 0.042875 0.100219 0.304817
vn -0.253701 -0.347265 0.902797
v 0.032818 0.104971 0.346553
vn 0.176644 -0.977263 0.117278
v 0.134542 0.063861 0.349177
vn 0.373173 -0.911576 0.172544
v 0.163521 0.069624 0.298230
vn -0.019323 -0.998203 0.056730
v 0.187647 0.067253 0.303489
vn 0.305736 -0.776607 0.550824
v 0.140169 0.086026 0.390585
vn -0.153938 -0.986952 -0.047205
v 0.118905 0.062881 0.335251
vn -0.457458 0.542325 -0.704710
v 0.134116 0.081073 0.339377
vn -0.442645 0.446247 -0.777772
v 0.166720 0.073345 0.277759
vn 0.272748 -0.025621 -0.961744
v 0.125577 0.093377 0.294265
vn -0.240345 0.155792 -0.958104
v 0.145797 0.082485 0.292681
vn 0.308740 0.693537 0.650912
v 0.114430 0.090531 0.253550
vn 0.509258 0.844442 0.166054
v 0.127089 0.069416 0.269388
vn 0.084360 0.766198 -0.637043
v 0.140254 0.067649 0.286188
vn 0.017150 0.957201 0.288915
v 0.149469 0.062941 0.265921
vn 0.744181 0.567946 -0.351613
v 0.114507 0.080741 0.284724
vn 0.778977 -0.258462 -0.571308
v 0.113172 0.097711 0.285233
vn -0.574907 -0.063150 0.815778
v 0.122168 0.109503 0.240042
vn 0.976169 0.130378 0.173480
v 0.102509 0.103328 0.242947
vn -0.371489 -0.920730 -0.119381
v 0.078351 0.084967 0.239249
vn 0.562805 0.553977 -0.613482
v 0.129049 0.144143 0.229468
vn 0.760368 0.606549 -0.232245
v 0.159044 0.165953 0.287436
vn 0.545971 0.775384 0.317324
v 0.133450 0.207422 0.377446
vn -0.625439 0.535257 -0.567738
v 0.038246 0.191026 0.268668
vn 0.375983 0.516099 0.769597
v 0.133511 0.184384 0.405076
vn -0.247065 0.910377 0.331923
v 0.071126 0.230116 0.363739
vn 0.363475 0.732926 0.575070
v 0.118111 0.209234 0.389127
vn -0.017347 0.988924 0.147407
v 0.077712 0.235189 0.349400
vn 0.343302 0.899958 0.268737
v 0.106167 0.226265 0.369666
vn -0.458442 0.796402 0.394431
v 0.054569 0.221362 0.367264
vn 0.516128 0.731098 -0.446214
v 0.110384 0.201166 0.271189
vn 0.640181 0.663287 -0.387580
v 0.105336 0.185397 0.243921
vn -0.524593 0.744716 -0.412554
v 0.043174 0.216423 0.297252
vn -0.382530 0.893575 -0.234934
v 0.054473 0.229273 0.315321
vn -0.437662 0.690934 -0.575380
v 0.059504 0.203976 0.262657
vn -0.037610 0.980261 -0.194095
v 0.075659 0.234542 0.315067
vn -0.257997 0.863208 -0.433945
v 0.064305 0.221987 0.286838
vn -0.111666 0.803181 -0.585176
v 0.074380 0.204899 0.256617
vn 0.073199 0.893334 -0.443392
v 0.079525 0.224680 0.289005
vn 0.401525 0.859355 -0.316679
v 0.096788 0.227264 0.306053
vn 0.221270 0.814069 -0.536964
v 0.086883 0.204572 0.257204
vn 0.688752 0.724992 -0.002792
v 0.153772 0.193412 0.361291
vn 0.701949 0.628511 0.335026
v 0.152525 0.189601 0.382744
vn 0.691167 0.406433 0.597579
v 0.160516 0.165375 0.396879
vn 0.545458 0.608858 0.575992
v 0.149059 0.183952 0.394303
vn 0.378144 0.888675 0.259353
v 0.126583 0.206212 0.305166
vn -0.843749 0.399072 0.358927
v 0.120246 0.220927 0.296375
vn 0.571574 0.544336 -0.614004
v 0.124687 0.212084 0.276298
vn 0.565937 0.585750 -0.580184
v 0.137293 0.169068 0.262360
vn 0.836498 0.431545 -0.337697
v 0.130467 0.192543 0.280946
vn -0.634422 0.750454 -0.185274
v 0.034442 0.216893 0.314383
vn -0.149463 0.500968 0.852462
v 0.079823 0.195143 0.406826
vn -0.534550 0.662900 -0.524233
v 0.054633 0.184703 0.249063
vn -0.696303 0.599098 -0.395277
v 0.037818 0.175282 0.258272
vn 0.622299 0.766208 -0.160214
v 0.128492 0.212680 0.334295
vn 0.154507 0.447378 0.880898
v 0.111472 0.188580 0.409216
vn 0.550381 0.834361 0.030376
v 0.116374 0.223316 0.350932
vn 0.094901 0.675306 0.731407
v 0.093836 0.210925 0.396528
vn 0.080621 0.879687 0.468670
v 0.093079 0.226240 0.377535
vn -0.237701 0.767187 0.595753
v 0.072039 0.221323 0.381714
vn 0.345173 0.247608 0.905288
v 0.137086 0.161242 0.412915
vn 0.687049 0.094214 0.720478
v 0.161866 0.145664 0.402985
vn 0.345545 0.937081 -0.049774
v 0.097714 0.233180 0.336577
vn -0.397198 0.915264 0.067276
v 0.052096 0.230312 0.332642
vn 0.640920 -0.196377 -0.742063
v 0.168083 0.075651 0.228459
vn 0.939944 -0.336394 -0.057821
v 0.171005 0.087690 0.331120
vn 0.931748 -0.160287 0.325814
v 0.183911 0.128991 0.370997
vn 0.838925 0.544220 -0.005386
v 0.171545 0.173499 0.360312
vn 0.947762 -0.047929 -0.315356
v 0.189322 0.131406 0.325635
vn 0.922206 -0.385401 0.031651
v 0.187587 0.113171 0.339861
vn 0.608881 0.525279 -0.594429
v 0.152799 0.137011 0.233397
vn 0.908070 0.277473 0.313716
v 0.181506 0.150314 0.370034
vn 0.579765 0.609217 -0.541042
v 0.124922 0.168232 0.252400
vn 0.958771 -0.069164 -0.275634
v 0.174971 0.104607 0.260088
vn 0.994889 0.098484 -0.022307
v 0.182331 0.130726 0.311000
vn 0.750114 0.577035 0.323046
v 0.135894 0.208600 0.307717
vn 0.100135 0.595040 -0.797434
v 0.127824 0.181803 0.266917
vn 0.627632 -0.380239 0.679335
v 0.164134 0.109987 0.396525
vn 0.882944 0.382511 -0.272203
v 0.173580 0.140479 0.280556
vn 0.751759 -0.550566 0.362954
v 0.170724 0.101050 0.374907
vn 0.842716 -0.483808 -0.236134
v 0.164982 0.113267 0.324291
vn 0.272262 -0.952754 -0.134659
v 0.169209 0.083746 0.295961
vn -0.901744 -0.402726 -0.157064
v 0.169486 0.099199 0.274461
vn -0.255420 0.533374 0.806395
v 0.154809 0.075204 0.250935
vn 0.372018 -0.654557 -0.658147
v 0.127928 0.114642 0.284672
vn -0.134045 -0.442457 -0.886715
v 0.141233 0.114488 0.288096
vn -0.251992 -0.304107 0.918705
v 0.130626 0.112948 0.247629
vn -0.510155 -0.773774 0.375521
v 0.152788 0.120289 0.268996
vn -0.421193 -0.192232 0.886365
v 0.149938 0.093429 0.245415
vn -0.571362 -0.194948 -0.797208
v 0.158996 0.093409 0.287653
vn -0.213638 -0.882726 -0.418514
v 0.145352 0.123055 0.277878
vn 0.573708 -0.792967 -0.205091
v 0.114435 0.117250 0.264520
vn -0.120666 -0.939336 0.321073
v 0.122192 0.120027 0.254112
vn 0.187904 -0.957889 0.217118
v 0.114813 0.116593 0.238167
vn -0.794538 0.163168 0.584881
v 0.171261 0.081551 0.260364
vn 0.877189 0.139859 -0.459324
v 0.124215 0.134934 0.219120
vn 0.268807 0.493290 0.827289
v 0.130144 0.079794 0.250160
vn -0.445657 0.612301 0.653052
v 0.057157 0.206317 0.389811
vn -0.604809 0.655824 0.451776
v 0.041225 0.209495 0.370838
vn -0.014710 0.969231 -0.245711
v 0.024524 0.245601 0.011869
vn -0.202597 0.908487 -0.365521
v 0.016455 0.237971 -0.006831
vn 0.195076 0.946276 -0.257889
v 0.060252 0.238120 -0.001249
vn 0.111165 0.951595 -0.286548
v 0.053086 0.229868 -0.036994
vn 0.059998 0.992597 -0.105597
v 0.036179 0.247797 0.030833
vn 0.267573 0.954469 -0.131883
v 0.063594 0.243995 0.026986
vn -0.163218 0.937776 -0.306490
v -0.072389 0.238714 0.081599
vn -0.389884 -0.900910 0.190662
v -0.053528 0.138238 0.105669
vn -0.205796 -0.940123 -0.271692
v -0.055983 0.143899 0.089670
vn -0.909236 -0.078910 -0.408735
v -0.041010 0.152907 0.075479
vn -0.206696 -0.651731 -0.729743
v -0.040560 0.170865 0.061518
vn 0.430529 0.101590 -0.896841
v -0.055549 0.187033 0.041198
vn 0.066865 -0.707290 -0.703754
v -0.046042 0.160476 0.076618
vn -0.986431 0.034824 -0.160440
v -0.024423 0.190181 -0.011866
vn -0.987574 0.052579 -0.148099
v -0.022596 0.162765 -0.025861
vn -0.990842 0.079245 -0.109322
v -0.023650 0.160805 -0.018096
vn -0.942989 -0.179660 -0.280166
v -0.029061 0.190255 0.020263
vn -0.934696 0.183234 -0.304580
v -0.025441 0.205665 -0.004708
vn -0.866687 0.095455 -0.489635
v -0.035104 0.210865 0.021226
vn -0.461845 0.799302 -0.384467
v -0.003097 0.226639 -0.015191
vn -0.662172 0.643701 -0.383637
v -0.031961 0.225854 0.028613
vn -0.504961 0.607989 -0.612669
v -0.050516 0.217377 0.048899
vn -0.243697 0.864893 -0.438830
v -0.050941 0.228204 0.062904
vn -0.156443 0.549365 0.820807
v -0.050488 0.223170 0.146065
vn 0.045309 0.785623 0.617045
v -0.016612 0.232337 0.135054
vn -0.119531 0.976215 0.180880
v -0.052282 0.244758 0.114475
vn -0.183815 0.982056 -0.042158
v -0.020478 0.245104 0.082698
vn -0.002300 0.995096 0.098891
v -0.016733 0.243444 0.108833
vn 0.041852 0.998541 0.034112
v -0.035603 0.245299 0.105772
vn -0.294211 0.955726 -0.005193
v -0.072421 0.241668 0.097746
vn 0.052237 0.932536 0.357278
v -0.013274 0.240722 0.121771
vn 0.041343 0.928174 0.369842
v -0.036810 0.243058 0.122018
vn -0.482847 0.827181 0.287455
v -0.084718 0.234500 0.113314
vn -0.256005 0.026112 0.966323
v -0.045732 0.189401 0.156692
vn -0.509660 0.164806 0.844444
v -0.072921 0.204329 0.143264
vn -0.224504 0.220807 0.949127
v -0.048946 0.204000 0.153265
vn -0.365947 0.454954 0.811849
v -0.068817 0.222216 0.140378
vn -0.121991 0.231536 0.965147
v -0.020826 0.202714 0.157222
vn 0.328856 0.360888 -0.872705
v -0.063224 0.201947 0.041174
vn -0.315763 0.216192 -0.923880
v -0.052248 0.207407 0.044434
vn -0.727662 -0.608266 0.317050
v -0.041774 0.125846 0.096695
vn -0.592572 -0.583830 0.554979
v -0.020873 0.098694 0.096570
vn -0.914602 -0.343813 -0.212829
v -0.044964 0.126885 0.083792
vn -0.951459 -0.045732 -0.304359
v -0.036137 0.157568 0.061403
vn -0.970701 0.162717 -0.176813
v -0.040838 0.111257 0.027232
vn -0.983930 0.094236 -0.151662
v -0.028223 0.157790 0.022946
vn -0.219974 -0.751982 0.621397
v -0.062942 0.152215 0.135970
vn -0.786770 -0.505665 0.353971
v -0.034395 0.109179 0.088061
vn -0.117969 -0.389010 0.913649
v -0.042246 0.169940 0.154047
vn -0.225293 -0.532011 0.816215
v -0.009695 0.151954 0.144238
vn -0.867669 0.370853 -0.331088
v -0.016254 0.195276 -0.044859
vn -0.587598 0.659986 -0.468132
v 0.000946 0.201979 -0.065238
vn -0.661800 0.635786 -0.397235
v -0.007657 0.210049 -0.041057
vn -0.237855 0.888476 -0.392474
v 0.018311 0.228597 -0.029161
vn -0.041593 0.943803 -0.327882
v 0.031680 0.236262 -0.014058
vn 0.100846 0.994700 -0.020075
v 0.043850 0.249219 0.055768
vn 0.314857 0.948515 0.034408
v 0.064392 0.244772 0.049487
vn 0.063659 0.907186 -0.415887
v 0.052764 0.223533 -0.054330
vn -0.375309 0.803084 -0.462817
v 0.012940 0.211202 -0.060825
vn -0.509459 -0.775132 0.373660
v -0.011715 0.063390 0.051774
vn -0.580083 -0.682600 0.444479
v -0.020065 0.084355 0.079205
vn -0.456897 -0.713105 0.531721
v 0.001699 0.081522 0.095513
vn -0.436886 -0.651755 0.619956
v -0.022843 0.133395 0.121757
vn -0.287225 -0.865286 0.410830
v 0.037614 0.041162 0.055948
vn -0.416527 -0.786511 0.455967
v 0.005145 0.068400 0.078110
vn -0.635828 -0.468808 0.613141
v 0.013320 0.120871 0.139157
vn -0.596689 -0.788514 0.149022
v -0.010316 0.041732 -0.001796
vn -0.394279 -0.856430 0.333274
v 0.015434 0.034711 0.024280
vn -0.636225 -0.709380 0.303310
v -0.022948 0.072011 0.052200
vn -0.952796 -0.240422 -0.185413
v -0.035024 0.079852 0.006858
vn -0.929351 -0.179100 -0.322846
v -0.031482 0.082162 -0.007393
vn -0.976609 -0.012837 -0.214639
v -0.022776 0.119828 -0.036802
vn -0.485569 -0.867056 -0.111519
v 0.009492 0.030555 -0.026408
vn -0.351640 -0.929379 0.112266
v 0.022207 0.024241 -0.006437
vn -0.528196 -0.845686 -0.076317
v 0.028406 0.024858 -0.051501
vn 0.009746 0.689730 0.724001
v 0.021192 0.219733 0.147778
vn 0.308102 0.927315 0.212509
v 0.059886 0.241748 0.095395
vn 0.061167 0.971486 0.229070
v 0.030642 0.245792 0.099587
vn 0.144209 0.888255 0.436127
v 0.034015 0.235606 0.126844
vn 0.036054 0.778274 0.626888
v 0.013731 0.230454 0.137504
vn 0.375128 0.794951 0.476793
v 0.075750 0.223408 0.128336
vn 0.516115 0.804842 0.293009
v 0.084100 0.225774 0.112138
vn 0.143955 0.797261 0.586218
v 0.045976 0.226023 0.138189
vn -0.324858 -0.768442 0.551329
v 0.065482 0.060059 0.108079
vn -0.380390 -0.793655 0.474779
v 0.030246 0.066723 0.095576
vn -0.525207 -0.569099 0.632680
v 0.003758 0.092397 0.109934
vn -0.547990 -0.699037 0.459407
v 0.037120 0.084549 0.131851
vn -0.143504 0.903292 -0.404314
v 0.036214 0.224664 -0.048339
vn -0.345768 0.895325 -0.280780
v 0.002121 0.242279 0.015677
vn -0.107456 0.989416 -0.097518
v 0.013557 0.248677 0.035279
vn -0.357535 0.924127 -0.134753
v -0.021619 0.243936 0.064426
vn -0.523912 0.790607 -0.316950
v -0.028147 0.236632 0.047662
vn -0.770818 0.506336 -0.386606
v -0.021163 0.216838 -0.003604
vn -0.026349 0.999221 -0.029374
v 0.024666 0.249095 0.046475
vn 0.133150 0.985452 0.105616
v 0.038757 0.248805 0.078857
vn -0.035677 0.997764 0.056511
v 0.019087 0.249397 0.073361
vn -0.001569 0.628780 0.777582
v -0.019257 0.219658 0.147596
vn -0.558947 0.514356 0.650397
v -0.082961 0.223247 0.131430
vn -0.318759 0.815969 0.482273
v -0.070708 0.236966 0.123500
vn -0.069103 0.793622 0.604475
v -0.049046 0.235838 0.134464
vn -0.062520 0.978362 -0.197226
v -0.034804 0.243518 0.089542
vn -0.047586 0.963138 -0.264767
v -0.049772 0.243637 0.091874
vn -0.369908 -0.290035 0.882637
v -0.062335 0.172104 0.150055
vn -0.977648 -0.188999 0.092106
v -0.043781 0.110167 0.064259
vn -0.514994 -0.623518 0.588223
v 0.017622 0.092685 0.122979
vn -0.762038 -0.561834 0.321933
v -0.033152 0.084101 0.056562
vn -0.858504 -0.501170 0.108620
v -0.037951 0.083033 0.038454
vn -0.986278 0.021655 -0.163669
v -0.016502 0.157498 -0.060507
vn -0.787984 0.463972 -0.404736
v -0.009223 0.188262 -0.068070
vn -0.961843 0.145935 -0.231431
v -0.019352 0.181606 -0.045335
vn -0.952063 -0.136831 -0.273595
v -0.020316 0.092765 -0.037473
vn -0.958756 0.022863 -0.283309
v -0.031887 0.110202 -0.008118
vn -0.976070 0.120325 -0.181132
v -0.028322 0.137171 -0.009159
vn -0.987880 -0.081641 -0.132012
v -0.041924 0.098111 0.026606
vn -0.832247 -0.369795 -0.413058
v -0.034829 0.186332 0.040954
vn -0.464130 -0.410274 -0.785021
v -0.042838 0.201045 0.037528
vn -0.698989 -0.056565 0.712892
v -0.104917 0.176301 0.117788
vn 0.753825 -0.568585 -0.329330
v -0.054884 0.157944 0.051428
vn -0.810903 0.112471 0.574271
v -0.109645 0.191497 0.111747
vn -0.313087 -0.615553 0.723237
v -0.114789 0.137603 0.091528
vn -0.750248 -0.136740 0.646862
v -0.124447 0.155760 0.092590
vn -0.525098 -0.449753 0.722492
v -0.091098 0.158258 0.126279
vn 0.345657 -0.912039 0.220695
v -0.088647 0.131061 0.074620
vn 0.723790 -0.638685 -0.261168
v -0.088557 0.124463 0.033447
vn 0.736192 -0.451168 -0.504449
v -0.083862 0.143272 0.016546
vn 0.358819 -0.806574 0.469774
v -0.098357 0.124614 0.070592
vn 0.166588 -0.825067 0.539919
v -0.130517 0.103060 0.055316
vn 0.655167 -0.745839 -0.120335
v -0.060925 0.147810 0.067148
vn -0.107633 -0.951163 0.289318
v -0.070256 0.141680 0.112549
vn 0.698272 -0.339959 -0.629956
v -0.048465 0.171621 0.050425
vn -0.548390 -0.016075 0.836068
v -0.072600 0.185807 0.145337
vn -0.667615 0.090374 0.739001
v -0.093622 0.199462 0.127820
vn -0.781070 -0.591261 -0.200849
v -0.017481 0.048856 -0.012469
vn -0.046659 0.848476 -0.527173
v -0.081434 0.227534 0.060313
vn -0.819044 0.544644 0.180360
v -0.112812 0.214205 0.089718
vn -0.772059 0.284840 0.568148
v -0.102404 0.214051 0.116120
vn -0.849610 0.181620 0.495154
v -0.129240 0.174570 0.083195
vn -0.792823 0.427751 0.434121
v -0.144884 0.167995 0.055258
vn -0.674502 0.735711 0.061457
v -0.129845 0.192897 0.040565
vn -0.067713 0.825928 -0.559695
v -0.105191 0.206706 0.032846
vn 0.193984 0.627657 -0.753935
v -0.104853 0.188844 0.011869
vn -0.025404 -0.707478 0.706278
v -0.127972 0.114776 0.069698
vn -0.759389 0.650614 -0.005475
v -0.117450 0.209304 0.070575
vn 0.615613 0.231752 -0.753201
v -0.076755 0.175628 0.017679
vn 0.769933 -0.133976 -0.623902
v -0.069997 0.162637 0.024611
vn 0.443848 0.463607 -0.766856
v -0.081506 0.188698 0.021591
vn 0.304891 0.455720 -0.836278
v -0.122973 0.159472 -0.011947
vn 0.688939 -0.263807 -0.675106
v -0.089220 0.148296 0.006158
vn -0.754140 0.053430 0.654537
v -0.138715 0.151053 0.075485
vn -0.137972 0.775225 -0.616434
v -0.135625 0.180006 0.001630
vn -0.078410 0.800766 -0.593823
v -0.114720 0.195368 0.017208
vn -0.633985 0.770646 -0.064560
v -0.171535 0.162688 0.013702
vn 0.544978 -0.832585 -0.099000
v -0.134939 0.088545 0.012480
vn 0.684936 -0.611057 -0.396827
v -0.109787 0.110256 0.015612
vn 0.071606 -0.868057 0.491274
v -0.150826 0.090143 0.038774
vn -0.194867 -0.670215 0.716128
v -0.156386 0.096661 0.046653
vn -0.590358 0.806505 0.032045
v -0.096156 0.230296 0.094501
vn -0.686525 0.642569 0.340276
v -0.098576 0.225019 0.110931
vn -0.453682 0.721286 -0.523373
v -0.239680 0.101851 -0.063703
vn -0.579494 0.813482 -0.049326
v -0.221100 0.116632 -0.024465
vn 0.443900 0.158912 -0.881873
v -0.204352 0.085813 -0.068612
vn 0.437641 -0.435497 0.786647
v -0.221405 0.060783 -0.008441
vn 0.253855 -0.942768 0.216211
v -0.163837 0.076339 0.010812
vn 0.258736 -0.922455 0.286589
v -0.189701 0.066657 -0.014867
vn -0.276863 0.751091 -0.599341
v -0.190335 0.130981 -0.038155
vn -0.044552 0.617179 -0.785561
v -0.183044 0.127088 -0.044291
vn 0.183951 0.456826 -0.870328
v -0.194343 0.106761 -0.056252
vn 0.496237 0.029802 -0.867676
v -0.171929 0.107808 -0.047568
vn 0.645039 -0.230297 -0.728621
v -0.171803 0.093106 -0.044727
vn 0.659154 -0.725307 -0.198608
v -0.177501 0.071901 -0.031960
vn 0.635267 -0.077850 -0.768359
v -0.204079 0.060622 -0.074868
vn 0.027833 0.645959 -0.762864
v -0.145140 0.157951 -0.019122
vn 0.648168 -0.349118 -0.676753
v -0.139599 0.115544 -0.024409
vn 0.617482 -0.686733 -0.383553
v -0.159060 0.081533 -0.020126
vn -0.260070 -0.707524 0.657095
v -0.176966 0.087262 0.030541
vn -0.042010 -0.897322 0.439372
v -0.176349 0.077113 0.015833
vn -0.741140 0.283916 0.608361
v -0.178514 0.132851 0.037273
vn -0.091342 -0.672820 0.734145
v -0.205508 0.074029 0.000700
vn 0.459523 -0.880621 -0.115524
v -0.165298 0.074662 -0.011501
vn 0.653551 -0.632228 -0.416124
v -0.142518 0.090093 -0.008265
vn 0.776296 -0.261354 -0.573637
v -0.188186 0.072076 -0.053245
vn 0.687140 -0.479225 -0.546061
v -0.163050 0.089142 -0.032963
vn -0.408023 0.877721 -0.251243
v -0.094810 0.229047 0.071243
vn -0.683320 0.588869 0.431632
v -0.219488 0.116182 -0.009446
vn -0.564540 0.547739 0.617476
v -0.216993 0.107150 0.001989
vn -0.618846 0.239539 0.748098
v -0.208238 0.104311 0.011534
vn 0.275162 0.306804 -0.911130
v -0.174355 0.122348 -0.046001
vn -0.730856 0.643166 0.228445
v -0.183342 0.150982 0.016711
vn -0.409143 0.796674 -0.444873
v -0.154700 0.167931 -0.007418
vn 0.281397 0.410085 -0.867552
v -0.144571 0.144201 -0.028478
vn 0.507571 0.021246 -0.861348
v -0.135810 0.134180 -0.026735
vn -0.305730 0.774424 -0.553892
v -0.170589 0.148793 -0.023396
vn -0.568774 0.783706 -0.249602
v -0.178360 0.151148 -0.009028
vn -0.629580 -0.103575 0.770001
v -0.170602 0.119660 0.046914
vn -0.381846 0.837626 -0.390609
v -0.211733 0.118238 -0.042247
vn 0.411726 0.365066 -0.834990
v -0.098646 0.168593 0.002161
vn -0.444103 -0.394393 0.804504
v -0.206970 0.083915 0.010680
vn -0.469838 -0.388102 0.792861
v -0.174931 0.096955 0.038196
vn -0.790444 0.569449 0.225666
v -0.137297 0.182003 0.050724
vn -0.441802 0.848122 -0.292405
v -0.118273 0.201192 0.029595
vn -0.878310 0.362286 0.311962
v -0.127913 0.187038 0.078214
vn 0.619473 0.048085 -0.783544
v -0.082723 0.162020 0.009958
vn 0.408392 -0.875668 0.257724
v -0.121182 0.098600 0.038445
vn 0.585495 -0.106888 -0.803598
v -0.129872 0.132318 -0.022231
vn 0.482330 0.190795 -0.854959
v -0.118883 0.148812 -0.014477
vn 0.612510 -0.790283 0.016873
v -0.102150 0.111303 0.032690
vn -0.425033 0.837064 -0.344486
v -0.141375 0.183172 0.010102
vn -0.674372 0.692577 0.256045
v -0.151525 0.176293 0.032503
vn -0.409743 -0.434523 0.802060
v -0.133834 0.121141 0.072186
vn -0.590474 0.804730 -0.061239
v -0.146940 0.181679 0.020760
vn 0.126962 0.639882 -0.757913
v -0.070076 0.213305 0.046020
vn 0.056913 -0.098584 0.993500
v -0.232965 0.069706 -0.001428
vn -0.193453 -0.028875 0.980685
v -0.247301 0.057117 -0.001630
vn -0.537211 0.185944 0.822696
v -0.250158 0.076111 -0.005177
vn -0.691985 0.653882 0.305933
v -0.249571 0.095187 -0.020679
vn -0.118020 0.751133 -0.649515
v -0.207505 0.113264 -0.050980
vn -0.024214 0.492243 -0.870121
v -0.229607 0.098395 -0.071213
vn 0.924787 -0.273119 0.264906
v -0.254914 -0.113083 -0.051255
vn 0.732294 -0.155536 0.662989
v -0.262997 -0.128274 -0.044687
vn 0.943163 -0.308487 0.123608
v -0.263228 -0.143747 -0.052505
vn -0.868515 0.473415 0.146834
v -0.259469 0.083212 -0.026484
vn 0.856185 -0.292860 -0.425653
v -0.264683 -0.141855 -0.070008
vn -0.925913 0.339295 0.166024
v -0.305743 -0.102533 -0.056773
vn -0.663133 0.101877 0.741536
v -0.293982 -0.087443 -0.042711
vn 0.001932 -0.060225 0.998183
v -0.276114 -0.091425 -0.035710
vn 0.530988 -0.189436 0.825933
v -0.257659 -0.084799 -0.040715
vn 0.942061 -0.279192 -0.185939
v -0.250597 -0.101141 -0.059348
vn -0.867339 0.097525 0.488070
v -0.295381 -0.071461 -0.045443
vn -0.516674 -0.075900 0.852811
v -0.286723 -0.051390 -0.036395
vn 0.788107 -0.267818 0.554221
v -0.248203 -0.076875 -0.047088
vn 0.945677 -0.282337 0.161186
v -0.244773 -0.075298 -0.053535
vn 0.890353 -0.244989 -0.383735
v -0.246389 -0.080221 -0.066052
vn -0.172780 -0.268860 0.947555
v -0.272763 -0.042837 -0.029317
vn 0.051467 -0.182041 0.981943
v -0.268987 -0.062304 -0.033829
vn 0.933916 -0.333462 -0.128860
v -0.238451 -0.057798 -0.059524
vn 0.718758 -0.216491 -0.660695
v -0.244540 -0.059815 -0.072030
vn -0.264922 -0.023759 -0.963977
v -0.274607 -0.051410 -0.084941
vn -0.770901 0.015912 -0.636756
v -0.285995 -0.048434 -0.077755
vn -0.605836 -0.029031 -0.795060
v -0.281754 -0.068371 -0.081316
vn -0.006375 -0.101052 -0.994861
v -0.268508 -0.080504 -0.083920
vn -0.822834 0.044870 -0.566508
v -0.291842 -0.064126 -0.069666
vn -0.667891 0.097008 -0.737910
v -0.291282 -0.084063 -0.072480
vn 0.197629 -0.129314 -0.971710
v -0.270318 -0.113442 -0.080194
vn -0.275015 0.010881 -0.961378
v -0.281139 -0.109062 -0.078546
vn -0.459720 0.132939 -0.878057
v -0.291007 -0.102213 -0.074977
vn 0.574905 -0.180040 -0.798167
v -0.258181 -0.102587 -0.076836
vn -0.943224 0.076811 -0.323153
v -0.291898 -0.044580 -0.065134
vn -0.971763 0.137300 -0.191899
v -0.295716 -0.057851 -0.056281
vn -0.830377 0.230881 -0.507118
v -0.298530 -0.086734 -0.065258
vn -0.936582 0.113222 0.331654
v -0.293760 -0.050217 -0.044752
vn -0.961119 0.254793 -0.106449
v -0.303613 -0.094850 -0.061226
vn 0.398379 -0.127648 -0.908295
v -0.260756 -0.075788 -0.083625
vn 0.148716 -0.039013 -0.988110
v -0.264390 -0.055330 -0.086202
vn 0.885881 -0.238591 -0.397855
v -0.253262 -0.102436 -0.068351
vn 0.735020 -0.167357 -0.657067
v -0.252695 -0.077980 -0.076571
vn 0.544092 -0.098074 -0.833274
v -0.254272 -0.059155 -0.081414
vn 0.779990 -0.562145 0.274970
v -0.200990 0.051674 -0.037300
vn 0.058168 0.170323 -0.983670
v -0.227524 0.072284 -0.076445
vn -0.445135 0.253489 -0.858835
v -0.258350 0.043413 -0.077392
vn -0.658826 0.336308 -0.672938
v -0.259748 0.063444 -0.070017
vn 0.544358 -0.123651 -0.829690
v -0.217528 0.033098 -0.076537
vn 0.301754 -0.033355 -0.952802
v -0.218015 0.045683 -0.078392
vn 0.485081 -0.132016 -0.864447
v -0.212189 0.048463 -0.077069
vn 0.805009 -0.243783 -0.540860
v -0.211086 0.025001 -0.067431
vn 0.899966 -0.323725 -0.291997
v -0.207483 0.030299 -0.062177
vn 0.861354 -0.454950 -0.226031
v -0.196332 0.052983 -0.055810
vn -0.815683 0.511685 -0.269889
v -0.255646 0.085806 -0.058621
vn -0.900291 0.394665 -0.183621
v -0.269108 0.058382 -0.051598
vn -0.860412 0.249954 0.444089
v -0.273851 0.041783 -0.022551
vn -0.898022 0.369371 -0.239002
v -0.274436 0.045479 -0.052745
vn -0.815907 0.349278 -0.460760
v -0.271591 0.045638 -0.062754
vn -0.702922 0.289602 -0.649640
v -0.266974 0.045572 -0.070820
vn -0.819845 0.337288 -0.462700
v -0.265991 0.061620 -0.061630
vn 0.037061 0.006308 -0.999293
v -0.247908 0.015608 -0.083391
vn -0.216634 0.131935 -0.967297
v -0.252565 0.026995 -0.082293
vn 0.943523 -0.331302 -0.001768
v -0.209944 0.018048 -0.053094
vn 0.887134 -0.358437 0.290718
v -0.219178 -0.003455 -0.046210
vn 0.273857 -0.371549 0.887104
v -0.245678 0.000644 -0.015618
vn 0.803960 -0.305265 -0.510354
v -0.225788 -0.019953 -0.067801
vn 0.940545 -0.339565 -0.008448
v -0.222385 -0.017287 -0.057399
vn 0.559819 -0.190331 -0.806460
v -0.224429 0.004971 -0.075539
vn 0.239375 -0.061679 -0.968966
v -0.244129 -0.013721 -0.081359
vn -0.934613 0.352692 0.045897
v -0.276877 0.043218 -0.035913
vn -0.443117 0.051703 -0.894972
v -0.278855 -0.030665 -0.082486
vn -0.978679 0.051808 -0.198753
v -0.291177 -0.028826 -0.064035
vn -0.160182 -0.277657 0.947232
v -0.266012 -0.010973 -0.018499
vn -0.055155 0.026672 -0.998122
v -0.269597 -0.034548 -0.086126
vn -0.860509 0.365864 -0.354497
v -0.278497 0.029881 -0.063217
vn 0.323319 -0.056516 -0.944601
v -0.258009 -0.038284 -0.084798
vn 0.464606 -0.166270 -0.869767
v -0.245261 -0.035445 -0.078885
vn -0.224118 0.124389 -0.966591
v -0.264925 0.004379 -0.082560
vn 0.552913 -0.363564 0.749739
v -0.226883 0.020071 -0.016773
vn -0.566381 -0.129084 0.813972
v -0.277737 -0.029583 -0.027385
vn 0.235609 -0.222058 0.946139
v -0.239337 0.034885 -0.004902
vn 0.547853 -0.227024 0.805181
v -0.226567 0.041202 -0.008214
vn 0.246587 -0.340626 0.907286
v -0.258279 -0.036692 -0.028005
vn 0.624610 -0.394211 0.674137
v -0.235278 -0.017024 -0.031971
vn 0.806933 -0.304562 0.506065
v -0.211964 0.032412 -0.027535
vn 0.760115 -0.028126 0.649179
v -0.268686 -0.154153 -0.042470
vn 0.525410 -0.422660 -0.738446
v -0.272703 -0.153514 -0.074606
vn -0.530363 0.787373 0.314260
v -0.319563 -0.128889 -0.047590
vn -0.579898 0.051282 0.813074
v -0.262694 0.039866 -0.008561
vn -0.626381 0.256995 -0.735935
v -0.278802 0.009873 -0.073011
vn -0.737660 0.036328 0.674194
v -0.275507 0.021653 -0.018577
vn -0.235667 -0.197747 0.951503
v -0.258553 0.012889 -0.010126
vn -0.724009 -0.066194 0.686607
v -0.279374 -0.005718 -0.023476
vn -0.962951 0.072672 0.259700
v -0.290795 -0.032389 -0.042426
vn -0.771680 0.140176 -0.620372
v -0.285635 -0.014284 -0.074846
vn -0.982406 0.080024 0.168743
v -0.290104 -0.007273 -0.049982
vn -0.941127 0.191629 -0.278492
v -0.290094 -0.002056 -0.061759
vn -0.392033 0.201306 -0.897656
v -0.275412 -0.008070 -0.081187
vn -0.101016 0.138878 -0.985144
v -0.264618 -0.011324 -0.084348
vn 0.222355 0.028578 -0.974547
v -0.252523 -0.015777 -0.083327
vn 0.884485 -0.344839 0.314282
v -0.231246 -0.035941 -0.050367
vn 0.580379 -0.292752 0.759906
v -0.241543 -0.039165 -0.037303
vn -0.428137 -0.052866 -0.902166
v -0.278346 -0.088234 -0.081630
vn 0.296865 -0.083882 0.951228
v -0.275538 -0.128660 -0.038084
vn -0.092718 0.311230 0.945801
v -0.299142 -0.137274 -0.035907
vn 0.272134 -0.155692 0.949580
v -0.260485 -0.070459 -0.035994
vn 0.886662 -0.286735 -0.362786
v -0.216880 0.003425 -0.066640
vn 0.305603 -0.078255 -0.948938
v -0.234110 0.008948 -0.080679
vn -0.468374 0.207320 -0.858862
v -0.264162 0.026734 -0.078690
vn -0.695680 0.319858 -0.643210
v -0.272677 0.029971 -0.071647
vn -0.963047 0.269277 0.005497
v -0.285768 0.021874 -0.047369
vn -0.938388 0.143254 0.314494
v -0.284988 0.015206 -0.036869
vn -0.283019 -0.094305 -0.954467
v -0.301897 -0.153703 -0.075883
vn -0.675120 0.315927 0.666636
v -0.302030 -0.109653 -0.045238
vn -0.681859 0.729015 -0.060043
v -0.243972 0.100501 -0.051121
vn 0.277890 0.574161 0.770140
v -0.318096 -0.139223 -0.022638
vn 0.347798 -0.455984 0.819216
v -0.294655 -0.209336 -0.023245
vn -0.677379 0.329369 -0.657779
v -0.339154 -0.156248 -0.052165
vn -0.387720 -0.480965 -0.786350
v -0.349277 -0.209982 -0.047591
vn -0.261789 -0.916373 -0.302865
v -0.341221 -0.221446 -0.043133
vn 0.112578 -0.379638 -0.918260
v -0.282624 -0.151296 -0.078696
vn -0.573241 0.134009 -0.808354
v -0.330857 -0.163159 -0.061193
vn -0.786454 0.385398 -0.482658
v -0.353957 -0.164396 -0.040563
vn -0.769518 0.434948 -0.467613
v -0.321952 -0.137286 -0.059729
vn 0.686271 -0.666503 -0.291216
v -0.297123 -0.216527 -0.037595
vn -0.062115 0.779170 0.623727
v -0.324542 -0.206916 -0.028403
vn -0.216540 -0.973826 0.069092
v -0.360174 -0.206007 -0.033068
vn 0.904190 -0.345039 0.251772
v -0.276524 -0.186916 -0.035254
vn 0.332285 -0.926252 -0.177889
v -0.302704 -0.223446 -0.037230
vn 0.091781 -0.459519 -0.883413
v -0.317562 -0.204180 -0.051433
vn 0.426210 0.062261 0.902479
v -0.281060 -0.171965 -0.028327
vn 0.203425 -0.954525 -0.217945
v -0.324925 -0.227114 -0.038250
vn 0.255377 -0.188479 0.948292
v -0.304285 -0.165725 -0.023679
vn -0.538011 -0.513172 0.668729
v -0.353836 -0.175281 -0.016707
vn 0.779882 -0.527040 -0.337658
v -0.271907 -0.162169 -0.062938
vn -0.744062 0.258431 -0.616105
v -0.307242 -0.115402 -0.068369
vn -0.772245 0.575564 -0.269006
v -0.351521 -0.149183 -0.030937
vn 0.725789 0.241070 0.644295
v -0.333824 -0.162245 -0.003455
vn 0.056458 -0.988597 0.139603
v -0.346118 -0.178629 -0.009409
vn -0.962312 -0.088779 0.257047
v -0.361439 -0.168184 -0.011563
vn 0.895446 -0.238911 -0.375630
v -0.333405 -0.176137 0.004123
vn -0.391352 0.772524 0.500051
v -0.353189 -0.153903 -0.006610
vn -0.403354 -0.914920 -0.015068
v -0.346680 -0.189744 0.015909
vn 0.620872 -0.352949 0.699961
v -0.311660 -0.199366 0.013219
vn 0.036591 0.463547 0.885316
v -0.340216 -0.178294 0.021256
vn -0.935238 0.214724 0.281465
v -0.371244 -0.187669 -0.031976
vn -0.339372 -0.910525 0.236157
v -0.358461 -0.204546 0.002169
vn -0.831129 -0.352811 -0.429825
v -0.373319 -0.202262 -0.041638
vn 0.304365 0.154067 0.940013
v -0.355161 -0.186282 -0.020882
vn -0.316829 0.947933 -0.032290
v -0.358758 -0.185868 -0.005010
vn -0.760663 0.086059 0.643417
v -0.366663 -0.195133 0.003832
vn 0.404439 -0.650687 0.642678
v -0.350695 -0.201760 0.007378
vn 0.745618 -0.639001 -0.189029
v -0.350195 -0.199702 -0.005002
vn 0.939996 -0.023644 -0.340366
v -0.328574 -0.175383 -0.027474
vn -0.125304 0.665396 0.735899
v -0.352255 -0.184973 0.008558
vn -0.316953 -0.810427 0.492696
v -0.334709 -0.211341 -0.025510
vn -0.418841 0.825648 -0.377992
v -0.342573 -0.193883 -0.008799
vn -0.751956 -0.659213 0.000978
v -0.352626 -0.219007 -0.036846
vn 0.840190 -0.542046 0.016338
v -0.330596 -0.209578 -0.006471
vn -0.395472 -0.752418 0.526753
v -0.342785 -0.210915 0.002377
vn -0.225017 -0.123892 0.966446
v -0.350767 -0.200934 -0.021838
vn -0.137068 0.197290 0.970716
v -0.338077 -0.200164 0.009074
vn 0.894559 -0.238044 -0.378285
v -0.317055 -0.185601 -0.005439
vn -0.392885 0.854715 0.339270
v -0.327198 -0.172516 -0.017988
vn 0.000000 0.000000 -1.000000
v -0.320935 -0.180815 -0.037093
vn -0.092499 -0.782587 0.615631
v -0.322176 -0.217648 0.002822
vn -0.899259 0.063778 0.432742
v -0.333185 -0.213682 -0.002431
vn -0.709440 0.595203 -0.377397
v -0.328971 -0.202733 -0.010070
vn 0.815095 -0.160534 -0.556641
v -0.309636 -0.191459 -0.017856
vn 0.155440 0.560743 0.813268
v -0.317704 -0.186259 -0.002993
vn 0.991463 0.018325 -0.129098
v -0.315362 -0.212608 -0.013756
vn 0.045611 0.830604 -0.554992
v -0.320787 -0.174592 -0.038045
vn -0.690392 -0.455467 0.562058
v -0.314313 -0.213940 -0.016667
vn -0.842432 0.464677 -0.272732
v -0.316330 -0.201960 -0.019608
vn 0.583383 -0.273864 0.764632
v -0.306201 -0.210945 -0.002585
vn -0.875966 0.209630 0.434441
v -0.315255 -0.187547 -0.010533
vn 0.347610 0.361664 0.865082
v -0.302788 -0.201697 -0.022955
vn 0.163644 0.960596 -0.224670
v -0.309872 -0.182519 -0.014640
vn 0.874672 0.473977 -0.101464
v 0.244043 0.145566 0.022829
vn 0.672624 0.728266 -0.131171
v 0.222459 0.170553 0.015377
vn 0.479879 0.874945 -0.064704
v 0.205538 0.189479 0.045312
vn 0.534298 0.828872 -0.165822
v 0.208059 0.185006 0.025642
vn 0.605058 0.788614 -0.109513
v 0.219688 0.170869 -0.000601
vn 0.765240 0.634340 0.109643
v 0.233714 0.162300 0.060929
vn 0.726396 0.684644 -0.060096
v 0.232131 0.165413 0.035377
vn 0.918834 -0.393964 -0.023179
v 0.250963 0.035734 0.121489
vn 0.037605 0.998546 -0.038625
v 0.189636 0.057604 0.089223
vn 0.214543 -0.892084 0.397691
v 0.165204 0.005909 0.067658
vn -0.064014 -0.653073 -0.754585
v 0.229454 0.050436 0.071931
vn -0.334766 -0.724288 -0.602776
v 0.224500 0.057161 0.068574
vn 0.398138 -0.705281 0.586571
v 0.165005 0.055820 0.140273
vn 0.771172 -0.569808 -0.283924
v 0.254143 0.079468 0.020438
vn 0.761343 -0.633764 -0.136750
v 0.243698 0.077604 -0.001208
vn 0.704973 -0.700320 0.112094
v 0.221270 0.058502 0.015270
vn -0.022249 -0.935528 -0.352551
v 0.237951 0.065805 0.046148
vn 0.944227 -0.266013 -0.194095
v 0.251575 0.089154 0.000962
vn 0.288598 -0.873554 -0.391938
v 0.246864 0.060621 0.054804
vn 0.167531 -0.851530 -0.496820
v 0.239366 0.055571 0.063797
vn 0.978759 0.029481 -0.202882
v 0.256656 0.100864 0.020824
vn 0.726332 -0.660251 -0.191078
v 0.257432 0.067772 0.056751
vn 0.749184 -0.626468 -0.215086
v 0.255306 0.062360 0.066910
vn 0.983741 -0.179067 -0.013719
v 0.262293 0.079752 0.059586
vn 0.972621 -0.232085 0.012006
v 0.260205 0.071539 0.074688
vn 0.995851 -0.090925 0.003706
v 0.262133 0.084877 0.082702
vn 0.964165 -0.250599 -0.087092
v 0.260522 0.067529 0.093192
vn 0.862616 -0.488643 -0.130846
v 0.254555 0.058085 0.082027
vn 0.906315 -0.398217 -0.141476
v 0.254016 0.049520 0.102175
vn 0.716265 -0.591544 -0.370190
v 0.245556 0.042097 0.090824
vn 0.876470 -0.436007 -0.204200
v 0.248539 0.035448 0.108594
vn 0.997644 -0.016076 0.066690
v 0.262412 0.080863 0.106132
vn 0.977062 -0.212855 0.006553
v 0.257540 0.060998 0.114143
vn 0.630833 0.192973 0.751539
v 0.248538 0.078530 0.168337
vn 0.395002 0.374109 0.839056
v 0.236723 0.094167 0.167909
vn 0.986543 0.163051 -0.012143
v 0.259300 0.095341 0.122454
vn 0.917183 0.387210 0.094044
v 0.255217 0.108470 0.103702
vn 0.853535 0.513349 0.089168
v 0.252616 0.110658 0.125952
vn 0.894619 0.428787 0.125691
v 0.257903 0.100984 0.138293
vn 0.719720 0.614127 0.323806
v 0.239445 0.123253 0.138664
vn 0.799092 0.448730 0.400116
v 0.255468 0.099933 0.148298
vn 0.636295 0.421853 0.645886
v 0.250048 0.096354 0.157717
vn 0.750320 -0.473667 0.461150
v 0.245686 0.045564 0.163456
vn -0.117905 -0.194896 0.973712
v 0.200823 0.048062 0.175345
vn 0.175530 -0.168661 0.969919
v 0.229350 0.051994 0.176207
vn 0.018971 -0.005517 0.999805
v 0.209718 0.076514 0.179180
vn 0.182503 0.121629 0.975653
v 0.209078 0.087715 0.177501
vn 0.362626 0.069152 0.929366
v 0.237144 0.073776 0.175059
vn 0.414348 -0.594066 -0.689494
v 0.232427 0.039818 0.082266
vn 0.421891 -0.771670 -0.475956
v 0.243376 0.050095 0.075314
vn 0.799383 -0.428497 0.421161
v 0.171416 0.036877 0.103422
vn -0.138091 -0.854924 -0.500037
v 0.214481 0.061754 0.071401
vn 0.799179 -0.554558 0.231903
v 0.187992 0.013916 0.041565
vn 0.357981 -0.783146 0.508460
v 0.161367 0.026688 0.101272
vn -0.261112 0.024649 0.964994
v 0.191056 0.066550 0.175899
vn 0.716148 -0.697893 0.008792
v 0.235768 0.071012 -0.012274
vn -0.285564 -0.832571 0.474636
v 0.105936 0.028720 0.089438
vn 0.985762 0.098411 -0.136338
v 0.249505 0.110538 -0.026011
vn 0.955410 0.271441 -0.116236
v 0.250915 0.121735 0.008598
vn 0.811186 0.540917 0.222231
v 0.237430 0.136752 0.110181
vn 0.802201 0.554657 0.220972
v 0.231700 0.155005 0.093254
vn 0.670309 0.611733 0.420082
v 0.215602 0.153568 0.134867
vn 0.353136 0.925779 -0.135012
v 0.192490 0.193237 0.035577
vn 0.561235 0.825303 0.062365
v 0.207126 0.188795 0.065957
vn 0.656216 0.729833 -0.191637
v 0.221357 0.165655 -0.024043
vn 0.768882 0.631309 -0.101338
v 0.230398 0.146536 -0.052172
vn 0.803263 0.572359 -0.164845
v 0.233497 0.152190 -0.019556
vn 0.913489 0.385211 -0.130958
v 0.243490 0.130500 -0.029147
vn -0.006537 -0.807244 0.590182
v 0.148035 0.032076 0.113385
vn -0.058131 -0.993528 0.097584
v 0.139876 -0.015030 0.012272
vn 0.081324 -0.947379 0.309611
v 0.149747 -0.007105 0.036508
vn 0.477484 -0.864956 0.154468
v 0.174040 -0.001084 0.031530
vn 0.731272 -0.681831 -0.018628
v 0.185302 0.008372 0.015754
vn 0.362795 -0.929815 -0.061837
v 0.160095 -0.010854 0.003491
vn -0.285774 -0.889829 0.355721
v 0.111798 -0.001936 0.034352
vn -0.390559 -0.916667 0.084766
v 0.100589 -0.005163 0.001160
vn 0.686675 0.697510 0.204833
v 0.217328 0.175899 0.087657
vn 0.691642 0.649550 0.315779
v 0.213198 0.169423 0.113986
vn 0.557596 0.620486 0.551438
v 0.192571 0.165169 0.148948
vn 0.476327 0.800561 0.363615
v 0.190266 0.185421 0.120817
vn 0.469924 0.858806 0.204021
v 0.190110 0.191841 0.101935
vn -0.205652 -0.825855 0.525043
v 0.116237 0.041477 0.114754
vn -0.143660 -0.746655 0.649513
v 0.111912 0.055934 0.137698
vn -0.428841 -0.737688 0.521451
v 0.091939 0.059994 0.133039
vn 0.772994 0.626304 -0.101115
v 0.232285 0.159476 0.007533
vn 0.890787 0.436767 -0.125435
v 0.243922 0.139200 0.002472
vn 0.984836 0.170633 0.031331
v 0.260706 0.101939 0.066782
vn 0.976215 0.206251 0.066811
v 0.259700 0.099305 0.095468
vn 0.895892 0.419221 0.147078
v 0.249521 0.125513 0.084949
vn 0.932840 0.359974 0.015133
v 0.249616 0.138405 0.049720
vn 0.393119 -0.919203 0.022876
v 0.223249 0.063997 0.042794
vn 0.982769 0.161876 -0.089228
v 0.260822 0.099315 0.042117
vn 0.908806 -0.369190 -0.194346
v 0.261197 0.078763 0.045636
vn 0.957920 -0.144776 -0.247851
v 0.260377 0.090616 0.032669
vn 0.550677 -0.764543 -0.335006
v 0.253971 0.069491 0.040846
vn 0.266033 -0.936424 -0.228771
v 0.240539 0.069396 0.033529
vn 0.738719 0.667053 0.096616
v 0.225578 0.171716 0.062460
vn 0.845971 0.527884 0.075306
v 0.242472 0.152518 0.055549
vn 0.543637 0.540056 0.642494
v 0.231838 0.116656 0.155154
vn 0.513454 -0.369281 0.774594
v 0.239216 0.043732 0.169928
vn 0.758530 -0.166539 0.629997
v 0.251893 0.062586 0.164334
vn 0.905016 0.094526 0.414743
v 0.260106 0.080668 0.151574
vn 0.997040 0.049572 0.058765
v 0.262241 0.080842 0.139087
vn 0.986292 -0.144981 -0.078795
v 0.259656 0.073438 0.126566
vn -0.379793 0.198479 0.903528
v 0.179113 0.064854 0.173812
vn 0.703599 -0.668784 0.240157
v 0.208643 0.053420 0.041587
vn 0.685512 -0.581259 0.438419
v 0.191424 0.051199 0.080973
vn 0.793367 -0.015490 0.608546
v 0.175552 0.044367 0.095261
vn 0.908672 -0.156583 0.387035
v 0.167666 0.043766 0.123595
vn 0.563384 -0.801504 0.200474
v 0.201545 0.055983 0.067719
vn 0.821919 -0.352375 0.447527
v 0.179121 0.037959 0.089534
vn 0.529549 -0.845745 -0.065519
v 0.237186 0.070124 0.015857
vn 0.769027 -0.636258 0.061431
v 0.203963 0.032876 -0.001808
vn 0.790394 -0.611666 0.033783
v 0.229973 0.061938 -0.031736
vn 0.966741 -0.211822 -0.143333
v 0.248543 0.092397 -0.030291
vn 0.871584 -0.478339 -0.107393
v 0.243327 0.079215 -0.029930
vn 0.818714 -0.570391 -0.066044
v 0.236888 0.070215 -0.034017
vn -0.498855 0.309471 0.809550
v 0.173798 0.067334 0.164010
vn 0.817288 -0.542910 0.193102
v 0.210139 0.045525 0.022126
vn -0.096764 -0.869376 0.484584
v 0.146789 0.016582 0.088329
vn -0.485889 -0.823630 0.292482
v 0.090285 0.008837 0.035831
vn 0.794635 -0.519807 0.313616
v 0.196994 0.043154 0.052502
vn 0.609607 -0.695611 0.380138
v 0.175024 0.006159 0.058735
vn -0.408367 -0.807578 0.425504
v 0.088866 0.030113 0.078439
vn -0.239372 -0.576470 0.781270
v 0.156245 0.080817 0.160654
vn -0.080625 -0.778512 0.622430
v 0.126505 0.049747 0.129098
vn -0.087891 0.450300 -0.888541
v 0.195637 0.049120 0.074516
vn -0.677459 0.184270 0.712105
v 0.129071 0.024635 0.128837
vn -0.763579 0.601382 0.235133
v 0.125665 0.038160 0.118309
vn 0.441217 0.894325 0.074234
v 0.161596 0.056633 0.108119
vn -0.171417 0.592112 -0.787413
v 0.153524 0.027219 0.065166
vn -0.296234 0.743403 -0.599664
v 0.138354 0.023622 0.068664
vn -0.142302 0.988450 -0.052121
v 0.175432 0.054479 0.094250
vn -0.678356 -0.093816 0.728720
v 0.140845 0.033492 0.140883
vn 0.069931 0.962281 -0.262917
v 0.155179 0.060866 0.129772
vn -0.694524 0.463454 0.550315
v 0.151350 0.060021 0.157496
vn -0.050429 0.392319 -0.918446
v 0.136760 0.011499 0.059245
vn -0.238637 0.560658 -0.792916
v 0.125894 0.012355 0.061090
vn -0.450672 0.823876 -0.343690
v 0.134979 0.038020 0.101433
vn 0.230355 -0.563776 -0.793154
v 0.206679 0.060139 0.076921
vn 0.761986 -0.639582 0.101546
v 0.235177 0.009899 0.125854
vn -0.188673 -0.494331 0.848552
v 0.196556 0.027746 0.167466
vn -0.262901 -0.329805 0.906704
v 0.181714 0.037283 0.167527
vn 0.941436 -0.284307 0.181293
v 0.257463 0.058546 0.148582
vn -0.020835 0.272610 -0.961899
v 0.112511 -0.016428 0.050727
vn 0.221876 -0.633278 0.741438
v 0.192014 -0.019362 0.126285
vn 0.709247 -0.700710 -0.077291
v 0.206082 -0.021223 0.108791
vn -0.734366 0.451903 0.506448
v 0.110501 0.022921 0.109733
vn -0.661029 0.750354 -0.003074
v 0.111717 0.026582 0.104491
vn 0.365231 -0.702732 0.610553
v 0.219603 0.015975 0.154216
vn -0.436665 0.749541 -0.497506
v 0.106774 0.009806 0.069042
vn 0.050136 -0.673753 0.737254
v 0.195448 0.003345 0.148024
vn 0.588233 -0.263859 -0.764435
v 0.205844 0.013221 0.077348
vn 0.338273 0.032994 -0.940470
v 0.200871 0.025419 0.071650
vn 0.600991 -0.409400 -0.686440
v 0.222773 0.015623 0.089669
vn 0.699637 -0.586276 -0.408399
v 0.197254 -0.024191 0.093841
vn 0.792396 -0.562639 -0.235683
v 0.236900 0.014493 0.113335
vn 0.087297 -0.656201 0.749519
v 0.204443 0.014983 0.158304
vn -0.446071 -0.345766 0.825510
v 0.162287 0.036090 0.158424
vn 0.458098 -0.869942 0.182614
v 0.153842 -0.061457 0.092526
vn 0.209700 -0.752557 0.624247
v 0.146418 -0.054852 0.111518
vn 0.650111 -0.570951 -0.501368
v 0.143080 -0.062751 0.062573
vn 0.446431 -0.659363 0.604929
v 0.229954 0.029105 0.162364
vn 0.161476 -0.463854 0.871071
v 0.044368 -0.114395 0.097796
vn 0.686454 -0.723136 -0.076523
v 0.087446 -0.110707 0.059729
vn -0.311600 0.633268 -0.708433
v 0.048966 -0.078484 0.035194
vn -0.296621 0.449727 -0.842474
v 0.062005 -0.063599 0.042342
vn -0.700334 0.463064 0.543235
v 0.048753 -0.063907 0.089600
vn -0.551110 0.818011 0.164732
v 0.027019 -0.078383 0.077919
vn -0.777094 0.622980 -0.089564
v 0.042673 -0.064729 0.071339
vn 0.602210 -0.712199 0.360716
v 0.084459 -0.110369 0.074096
vn -0.678272 0.579226 -0.452155
v 0.050377 -0.062422 0.055051
vn 0.453144 -0.202660 -0.868096
v 0.047288 -0.120154 0.020893
vn 0.392798 0.026107 -0.919254
v 0.066703 -0.099000 0.031949
vn 0.370462 -0.781195 0.502486
v 0.128461 -0.069701 0.096928
vn 0.477659 -0.320031 -0.818182
v 0.138892 -0.055126 0.053681
vn -0.262796 0.420088 -0.868599
v 0.085444 -0.032161 0.048968
vn -0.826272 0.562404 -0.031252
v 0.062910 -0.029938 0.077320
vn -0.379152 -0.017008 0.925178
v 0.099500 -0.031530 0.117265
vn -0.561031 0.533638 -0.632831
v 0.067987 -0.036939 0.055889
vn -0.748205 0.555111 -0.363375
v 0.062172 -0.035720 0.064562
vn -0.811364 0.508215 0.288800
v 0.066544 -0.027320 0.088504
vn -0.628425 0.644538 -0.435492
v 0.083616 -0.010214 0.068581
vn -0.758386 0.645742 -0.088696
v 0.083629 -0.003538 0.081931
vn -0.775482 0.591370 0.221156
v 0.090259 0.003579 0.095314
vn -0.009569 0.219872 -0.975482
v 0.089094 -0.050576 0.043374
vn 0.143049 0.224211 -0.963985
v 0.075016 -0.079389 0.037001
vn 0.080354 -0.454448 0.887142
v 0.217174 0.034294 0.172470
vn 0.735323 -0.585729 0.340912
v 0.242618 0.024668 0.140956
vn 0.538398 -0.692520 0.480150
v 0.230054 0.009120 0.135982
vn -0.012077 -0.422068 0.906484
v 0.110584 -0.058856 0.116220
vn -0.457198 -0.093254 0.884462
v 0.132375 0.010298 0.131183
vn -0.321183 0.130528 0.937979
v 0.062483 -0.068405 0.100962
vn 0.278950 -0.041133 -0.959424
v 0.102347 -0.070650 0.043673
vn 0.508784 -0.291182 -0.810155
v 0.083146 -0.100913 0.041340
vn 0.625437 -0.637721 -0.449601
v 0.102923 -0.095890 0.053432
vn 0.596443 -0.800541 0.058225
v 0.110308 -0.094512 0.067106
vn 0.510745 -0.845116 0.157860
v 0.138966 -0.070221 0.082897
vn 0.648393 -0.739139 -0.182375
v 0.149604 -0.062115 0.075313
vn -0.569367 0.178185 0.802541
v 0.097080 -0.016900 0.115056
vn 0.651989 -0.453955 -0.607317
v 0.193414 -0.015658 0.080632
vn 0.637208 -0.420624 -0.645788
v 0.173066 -0.022916 0.064154
vn -0.711400 0.383331 0.589039
v 0.086650 -0.009571 0.102910
vn 0.201303 -0.738674 0.643302
v 0.129332 -0.055935 0.114188
vn -0.090058 -0.500462 0.861062
v 0.170860 -0.015685 0.131064
vn 0.241969 -0.624876 0.742281
v 0.165262 -0.041471 0.118213
vn -0.395184 -0.356856 0.846453
v 0.152099 0.016445 0.142915
vn -0.229585 -0.543979 0.807080
v 0.176140 0.006809 0.148222
vn 0.250594 -0.047466 -0.966928
v 0.137246 -0.043914 0.050696
vn 0.134632 0.111079 -0.984650
v 0.121466 -0.034102 0.049594
vn -0.618863 0.751495 -0.228614
v 0.098654 0.013351 0.087115
vn 0.667079 -0.660490 -0.344614
v 0.162063 -0.049746 0.075651
vn -0.433510 0.579132 -0.690416
v 0.103128 0.000286 0.062322
vn 0.088871 -0.467024 0.879767
v 0.148484 -0.040762 0.121221
vn -0.182294 -0.251458 0.950546
v 0.140714 -0.010725 0.129369
vn 0.518353 -0.737481 0.432934
v 0.207342 -0.017340 0.121380
vn 0.660014 -0.608974 -0.439924
v 0.176210 -0.041612 0.085361
vn 0.622416 -0.780401 -0.059778
v 0.177042 -0.046170 0.099786
vn 0.414630 -0.794739 0.443253
v 0.175027 -0.044644 0.109965
vn 0.398498 -0.098970 -0.911814
v 0.175925 -0.005440 0.059668
vn 0.141946 0.192392 -0.970998
v 0.166660 0.003763 0.058085
vn 0.206461 -0.285829 -0.935776
v 0.215633 0.037281 0.077279
vn 0.721995 -0.517081 -0.459729
v 0.237218 0.024181 0.099679
vn -0.367028 0.794582 -0.483664
v 0.025927 -0.092584 0.036282
vn -0.163294 -0.191340 0.967845
v 0.005634 -0.127290 0.093330
vn -0.465212 0.500387 0.730199
v 0.007298 -0.100918 0.093476
vn -0.516392 0.807864 -0.284070
v 0.028145 -0.082478 0.061210
vn -0.531771 0.675178 0.511228
v -0.005786 -0.098910 0.082333
vn 0.220382 -0.445942 0.867506
v 0.074178 -0.092754 0.099644
vn -0.188971 -0.010475 0.981927
v 0.027206 -0.101719 0.100753
vn 0.644633 -0.575748 -0.502953
v 0.075493 -0.119363 0.046596
vn 0.676025 -0.724666 -0.133606
v 0.071528 -0.130686 0.058070
vn -0.353584 0.876850 -0.325748
v -0.003374 -0.096663 0.048711
vn 0.656973 -0.753848 0.010017
v -0.136097 -0.233546 0.009827
vn 0.266830 -0.896222 0.354383
v -0.127487 -0.227277 0.023409
vn -0.263168 0.911573 -0.315876
v -0.157476 -0.182246 0.010229
vn -0.476280 0.845209 0.242445
v -0.164389 -0.184716 0.020969
vn -0.189874 0.793057 -0.578799
v -0.120376 -0.173378 0.014086
vn -0.445283 0.874566 0.191984
v -0.131184 -0.173621 0.028859
vn -0.353718 0.917363 -0.182563
v -0.126817 -0.172037 0.021849
vn 0.109799 0.095807 -0.989326
v -0.085186 -0.183312 0.005377
vn 0.338794 -0.440987 -0.831113
v -0.087148 -0.197576 0.007181
vn 0.451348 -0.826937 -0.335350
v -0.108731 -0.217348 0.010186
vn 0.422011 -0.843958 -0.331121
v -0.072222 -0.201438 0.020255
vn -0.511586 0.855441 -0.080619
v -0.094809 -0.153152 0.035756
vn -0.369296 0.778790 -0.507057
v -0.090736 -0.154125 0.025266
vn 0.334101 -0.605403 -0.722402
v -0.052706 -0.183623 0.012260
vn -0.007521 -0.613579 0.789598
v -0.046559 -0.178417 0.067540
vn -0.295031 -0.241254 0.924529
v -0.096214 -0.192464 0.051727
vn -0.076506 -0.533338 0.842435
v -0.114112 -0.211556 0.040133
vn -0.455825 0.137872 0.879327
v -0.078730 -0.167352 0.060195
vn -0.322132 -0.040525 0.945827
v -0.116435 -0.189422 0.044538
vn -0.243638 -0.259881 0.934399
v -0.149033 -0.214120 0.033603
vn -0.552419 0.431929 0.712931
v -0.071369 -0.147619 0.057438
vn -0.425826 0.312653 0.849070
v -0.117546 -0.174835 0.041201
vn -0.543803 0.726337 0.420372
v -0.101815 -0.159644 0.041113
vn -0.478211 0.543084 0.690198
v -0.161071 -0.189375 0.028683
vn 0.251453 -0.888553 0.383725
v -0.089483 -0.209345 0.038288
vn 0.376776 -0.924368 0.059865
v -0.076979 -0.205310 0.031830
vn -0.232697 0.583961 -0.777715
v 0.032412 -0.100090 0.024240
vn -0.269183 0.700930 -0.660483
v 0.005095 -0.104590 0.030824
vn 0.501866 -0.509231 -0.699153
v 0.042643 -0.131027 0.024517
vn 0.548318 -0.758558 -0.352046
v 0.025812 -0.156738 0.038471
vn 0.178274 -0.050962 -0.982660
v 0.016549 -0.131373 0.015173
vn 0.130069 0.265719 -0.955236
v 0.043198 -0.104232 0.021235
vn -0.002779 -0.419288 0.907849
v -0.002810 -0.143178 0.086766
vn 0.168172 -0.574672 0.800918
v 0.011579 -0.146696 0.081919
vn -0.439927 0.897856 0.017838
v 0.003678 -0.089107 0.073018
vn 0.493225 -0.862575 0.112668
v 0.038490 -0.153296 0.062607
vn 0.516011 -0.693301 0.503057
v 0.062880 -0.134305 0.073309
vn 0.273115 -0.759483 0.590419
v 0.005324 -0.162916 0.070424
vn 0.342239 -0.778054 0.526787
v 0.029195 -0.153920 0.070685
vn -0.468099 0.842886 -0.265378
v -0.034585 -0.112961 0.043586
vn 0.464779 -0.578247 -0.670530
v 0.007426 -0.157297 0.019547
vn 0.438988 -0.898088 -0.026968
v 0.004716 -0.171061 0.045508
vn -0.050514 0.249392 -0.967084
v -0.052040 -0.159104 0.009598
vn -0.428251 0.772227 -0.469325
v -0.057189 -0.131790 0.030727
vn 0.173001 -0.206750 -0.962977
v -0.051282 -0.176816 0.009363
vn 0.398746 -0.833180 -0.383162
v -0.036416 -0.186004 0.025384
vn 0.115387 -0.044496 -0.992323
v -0.015892 -0.155148 0.010956
vn -0.339504 0.773482 -0.535221
v -0.023588 -0.111883 0.034820
vn -0.073938 0.323929 -0.943188
v -0.015252 -0.137334 0.013576
vn 0.311260 -0.517788 -0.796877
v -0.024121 -0.170749 0.013436
vn -0.554177 0.827336 -0.091670
v -0.056425 -0.126842 0.039837
vn -0.603392 0.499181 0.621881
v -0.054514 -0.132365 0.062609
vn -0.554873 0.820144 0.139572
v -0.030737 -0.107646 0.059514
vn 0.162680 -0.679380 0.715526
v -0.018133 -0.169454 0.072527
vn 0.330397 -0.904128 0.270909
v -0.027933 -0.183320 0.054657
vn 0.377625 -0.925885 0.011683
v -0.024604 -0.183345 0.042787
vn 0.375375 -0.890060 0.258626
v 0.004684 -0.169167 0.059462
vn -0.628315 0.680568 0.376892
v -0.073784 -0.140222 0.048605
vn -0.258343 0.602423 -0.755212
v -0.046058 -0.135051 0.021485
vn -0.355395 -0.009001 0.934673
v -0.164337 -0.201942 0.030657
vn -0.615797 0.444169 0.650775
v -0.185438 -0.203192 0.017339
vn -0.610041 0.770153 0.186319
v -0.052497 -0.123595 0.054977
vn -0.069930 -0.426108 0.901966
v -0.042774 -0.166986 0.074801
vn -0.310726 -0.099589 0.945268
v -0.047379 -0.159171 0.075448
vn 0.216275 -0.842261 0.493783
v -0.050405 -0.189033 0.057131
vn 0.459500 -0.184407 -0.868823
v -0.130611 -0.214183 -0.004133
vn 0.269967 0.351723 -0.896331
v -0.149035 -0.207486 -0.009809
vn 0.063494 0.411981 -0.908977
v -0.120551 -0.186241 0.000799
vn -0.035368 0.705544 -0.707783
v -0.164556 -0.195904 -0.006718
vn -0.158469 0.555961 -0.815963
v -0.088107 -0.166379 0.011930
vn 0.255797 -0.192123 -0.947448
v 0.007464 -0.147606 0.014225
vn 0.453515 -0.770670 -0.447651
v -0.001967 -0.169430 0.025584
vn -0.453561 0.157884 0.877129
v -0.035530 -0.140532 0.078967
vn -0.498343 0.264532 0.825637
v -0.017864 -0.115503 0.084378
vn -0.366940 0.920641 -0.133325
v -0.179345 -0.192935 0.002937
vn -0.250156 0.877245 -0.409710
v -0.197368 -0.199231 -0.018826
vn -0.630976 -0.007300 0.775768
v -0.229667 -0.256138 0.001553
vn 0.327828 -0.440736 -0.835632
v -0.197751 -0.240760 -0.024910
vn 0.473399 0.211946 -0.854969
v -0.186608 -0.216376 -0.029524
vn -0.312362 0.837767 -0.447858
v -0.183629 -0.273243 -0.021270
vn -0.385833 -0.912048 0.138929
v -0.213254 -0.285353 -0.004626
vn 0.703595 0.059842 -0.708077
v -0.139881 -0.230575 -0.016229
vn 0.084693 -0.598316 0.796772
v -0.155385 -0.229208 0.025412
vn -0.436158 0.024119 0.899547
v -0.189625 -0.227384 0.019153
vn -0.675144 0.631566 0.381189
v -0.208404 -0.210347 -0.000935
vn 0.566178 -0.824123 0.016225
v -0.161917 -0.283821 -0.015146
vn 0.552469 -0.324168 -0.767915
v -0.155360 -0.273526 -0.026001
vn 0.831731 -0.509534 0.220449
v -0.140850 -0.245873 -0.000123
vn -0.582507 -0.623896 -0.520999
v -0.216084 -0.242354 -0.031384
vn 0.183535 0.135801 -0.973588
v -0.159698 -0.229065 -0.022504
vn 0.203806 0.026448 -0.978654
v -0.168107 -0.265490 -0.027892
vn 0.569483 0.059466 -0.819849
v -0.212822 -0.262403 -0.024324
vn -0.155134 -0.365218 0.917905
v -0.193417 -0.259765 0.009263
vn 0.227242 0.612286 -0.757276
v -0.173973 -0.203609 -0.015579
vn -0.703318 0.324677 0.632400
v -0.215876 -0.229931 0.000455
vn -0.921953 0.367451 0.122399
v -0.224086 -0.225633 -0.013869
vn -0.887714 0.312018 -0.338539
v -0.225601 -0.226360 -0.040285
vn 0.630233 -0.698025 0.339953
v -0.205518 -0.242220 -0.045324
vn -0.593259 -0.805011 -0.000787
v -0.217828 -0.248552 -0.057835
vn -0.318942 0.209251 -0.924386
v -0.213811 -0.243919 -0.066397
vn 0.249282 0.755530 -0.605832
v -0.211347 -0.229075 -0.047836
vn 0.037682 -0.998306 -0.044331
v -0.185602 -0.261384 -0.060411
vn 0.829349 0.558731 0.000885
v -0.180234 -0.246278 -0.060785
vn -0.364019 0.905627 -0.217553
v -0.227191 -0.252652 -0.030941
vn -0.695524 -0.610044 0.379595
v -0.233545 -0.271408 -0.008402
vn -0.943132 0.327446 0.057276
v -0.235105 -0.256039 -0.009772
vn -0.536239 -0.766575 -0.353285
v -0.219170 -0.272998 -0.019543
vn 0.116524 0.460310 0.880078
v -0.221403 -0.251235 -0.036374
vn -0.420441 -0.654628 -0.628245
v -0.231054 -0.271017 -0.050273
vn 0.915807 -0.385307 -0.113293
v -0.214628 -0.259675 -0.047949
vn 0.784172 0.582353 0.214335
v -0.202780 -0.246088 -0.027138
vn -0.090248 0.841421 -0.532790
v -0.221321 -0.248931 -0.053548
vn 0.268694 0.501507 -0.822371
v -0.196137 -0.270142 -0.021609
vn -0.446214 -0.752687 -0.484102
v -0.212293 -0.274903 -0.047454
vn -0.458021 -0.803556 -0.380151
v -0.202089 -0.282381 -0.015269
vn -0.618676 0.760059 -0.198873
v -0.211601 -0.258475 -0.047188
vn 0.760211 -0.623019 0.184192
v -0.195816 -0.271440 -0.041174
vn 0.046699 0.020490 -0.998699
v -0.202632 -0.267618 -0.056871
vn 0.962558 0.107832 -0.248707
v -0.182838 -0.245223 -0.040791
vn -0.494529 0.833682 0.245796
v -0.201086 -0.241982 -0.035107
vn 0.000000 0.000000 0.000000
v -0.187308 -0.249437 -0.008673
vn -0.167031 -0.979509 -0.112529
v -0.191873 -0.291881 -0.015338
vn 0.155461 -0.768719 0.620405
v -0.186914 -0.287948 -0.007441
vn 0.626759 0.262506 0.733665
v -0.185197 -0.269628 -0.032664
vn -0.632701 0.713383 -0.301289
v -0.197586 -0.269382 -0.049770
vn 0.456970 -0.871974 -0.175613
v -0.182475 -0.289215 -0.015613
vn 0.286080 -0.741297 -0.607155
v -0.190334 -0.280355 -0.051923
vn 0.708603 0.430773 -0.558853
v -0.174657 -0.251241 -0.035196
vn -0.709264 0.522642 0.473065
v -0.192261 -0.253765 -0.040367
vn 0.000000 0.000000 0.000000
v -0.180579 -0.236598 -0.006153
vn -0.340189 -0.334463 -0.878866
v -0.176898 -0.273652 -0.044194
vn 0.671124 0.468183 -0.574802
v -0.172579 -0.250451 -0.045372
vn 1.000000 0.000000 0.000000
v -0.178189 -0.238972 -0.017448
vn -0.865040 0.407482 0.292684
v -0.184883 -0.247215 -0.035219
vn 0.102613 -0.965038 -0.241188
v 0.110074 0.032305 -0.359772
vn -0.601306 -0.005735 -0.798998
v 0.111348 0.078805 -0.441922
vn -0.302539 -0.590061 -0.748531
v 0.112006 0.065730 -0.437467
vn -0.490516 -0.640402 -0.590998
v 0.107927 0.060401 -0.425592
vn -0.949962 0.077374 0.302630
v -0.060861 0.030587 -0.424605
vn -0.917088 0.057758 0.394478
v -0.048428 0.040758 -0.394654
vn -0.945099 0.088971 0.314440
v -0.064889 -0.000515 -0.424595
vn -0.868900 -0.083383 0.487913
v -0.030417 0.055551 -0.352359
vn -0.960442 -0.082395 0.266010
v -0.030761 0.094056 -0.341204
vn -0.812314 0.392334 -0.431533
v -0.055559 0.076017 -0.474744
vn -0.728058 0.459934 -0.508323
v -0.043545 0.126242 -0.453565
vn 0.620876 -0.517243 0.589044
v 0.049003 -0.025939 -0.393180
vn 0.448677 -0.574425 0.684635
v 0.031537 -0.016339 -0.368557
vn -0.059144 -0.326680 0.943283
v 0.008541 0.009275 -0.346141
vn -0.679104 -0.141949 0.720186
v -0.024182 0.041501 -0.347626
vn -0.533771 -0.553481 0.639334
v -0.005585 0.036456 -0.342172
vn 0.220573 0.456436 -0.861982
v 0.036202 0.085792 -0.495242
vn 0.411094 0.364747 -0.835441
v 0.059063 0.079187 -0.490966
vn 0.867308 0.088928 -0.489764
v 0.085860 0.050383 -0.472576
vn 0.969274 -0.021808 -0.245016
v 0.095238 0.023895 -0.455919
vn 0.978270 0.018183 -0.206537
v 0.095528 0.044837 -0.449104
vn 0.905050 0.044331 -0.422988
v 0.091269 0.074308 -0.460099
vn 0.960248 -0.278483 0.019265
v 0.097757 0.001049 -0.438498
vn 0.617844 0.254139 -0.744098
v 0.074471 0.071855 -0.484853
vn 0.358761 0.262309 -0.895815
v 0.053448 0.052281 -0.503834
vn 0.095758 0.481344 -0.871285
v 0.014166 0.102805 -0.489853
vn -0.035669 0.436726 -0.898887
v 0.008176 0.088087 -0.496571
vn -0.229022 0.448874 -0.863748
v -0.010975 0.100427 -0.487997
vn -0.392744 -0.465403 0.793191
v -0.029360 -0.063393 -0.391875
vn -0.346167 -0.377729 0.858772
v -0.017958 -0.021162 -0.366473
vn -0.600345 -0.286868 0.746521
v -0.035687 -0.031605 -0.380446
vn 0.410073 -0.558650 0.720937
v 0.018884 -0.071429 -0.402268
vn 0.796504 -0.557677 0.233618
v 0.076306 -0.033355 -0.442346
vn 0.789587 -0.531823 0.306134
v 0.088080 -0.010515 -0.428978
vn 0.858307 0.027971 -0.512373
v 0.085178 0.024879 -0.481241
vn -0.646391 0.447607 -0.617921
v -0.046718 0.084811 -0.479713
vn -0.882511 -0.016013 0.470020
v -0.055750 -0.009691 -0.403850
vn -0.101176 -0.478407 0.872290
v -0.003680 -0.023346 -0.364309
vn -0.259402 -0.335617 0.905578
v -0.003918 0.011631 -0.347988
vn -0.575563 -0.255593 0.776788
v -0.025267 0.003139 -0.361512
vn -0.416765 -0.226045 0.880460
v -0.014432 0.025431 -0.346253
vn -0.762472 -0.143787 0.630842
v -0.034576 0.011411 -0.368456
vn 0.350335 0.446920 -0.823121
v 0.067960 0.096609 -0.476852
vn 0.988408 -0.140127 0.058430
v 0.099618 0.016876 -0.428764
vn 0.899923 -0.374937 0.222622
v 0.093064 0.000804 -0.421022
vn -0.934093 0.288617 -0.210167
v -0.063268 0.063002 -0.469063
vn 0.954324 -0.135910 -0.266073
v 0.093090 0.001897 -0.463655
vn -0.222277 0.513585 -0.828748
v -0.027467 0.076753 -0.496421
vn -0.040748 0.455474 -0.889316
v 0.001925 0.065336 -0.506744
vn 0.137522 0.366879 -0.920048
v 0.027887 0.062534 -0.509011
vn -0.782780 -0.147186 0.604641
v -0.049238 -0.026158 -0.394901
vn -0.952478 0.002357 0.304599
v -0.041967 0.095871 -0.375918
vn 0.666227 0.235595 -0.707556
v 0.084313 0.097235 -0.468354
vn 0.094129 -0.962907 -0.252882
v 0.089322 0.025803 -0.343860
vn -0.139166 -0.988431 -0.060304
v 0.040878 0.015659 -0.294443
vn 0.747705 -0.454000 -0.484584
v 0.102860 0.056210 -0.415463
vn 0.225559 -0.965968 -0.126608
v 0.068951 0.023196 -0.341526
vn 0.509119 -0.855826 -0.091439
v 0.093202 0.041049 -0.394347
vn 0.731872 0.452231 -0.509755
v 0.094186 0.177149 -0.415664
vn 0.025361 -0.979750 0.198612
v 0.043046 0.021067 -0.339454
vn 0.005716 -0.989816 -0.142235
v 0.049003 0.018875 -0.334712
vn 0.987295 0.022426 -0.157308
v 0.098235 0.068295 -0.431438
vn 0.174465 0.454643 -0.873419
v 0.019012 0.108612 -0.485042
vn 0.266261 0.477107 -0.837541
v 0.051984 0.112974 -0.473651
vn 0.341722 0.377030 -0.860857
v 0.061355 0.121773 -0.465323
vn 0.443530 0.390292 -0.806817
v 0.080491 0.116860 -0.461084
vn 0.507836 0.387288 -0.769488
v 0.091886 0.135324 -0.446293
vn 0.789153 0.131616 -0.599929
v 0.096748 0.120967 -0.447880
vn 0.798181 0.146108 -0.584431
v 0.091681 0.112488 -0.455619
vn 0.959844 -0.081615 -0.268399
v 0.097382 0.102295 -0.440544
vn 0.959587 -0.024566 -0.280338
v 0.096110 0.104033 -0.445997
vn -0.639267 -0.767167 0.052851
v 0.004310 0.029520 -0.306659
vn -0.774883 -0.622565 0.109407
v -0.002309 0.038566 -0.294717
vn 0.843309 -0.489218 0.222476
v 0.098555 0.024935 -0.389132
vn 0.926846 0.023568 0.374702
v 0.102575 0.035328 -0.389588
vn 0.676250 -0.585894 0.446558
v 0.088702 0.011672 -0.394772
vn -0.965966 -0.164682 0.199472
v -0.023190 0.088762 -0.311941
vn -0.988223 -0.015505 0.152233
v -0.026920 0.116262 -0.315335
vn -0.051814 -0.445326 0.893868
v 0.016123 0.016114 -0.344927
vn -0.938013 0.153282 0.310863
v -0.019406 0.128718 -0.272868
vn -0.931957 -0.275051 0.236229
v -0.022858 0.067306 -0.329453
vn 0.228615 0.946030 0.229702
v 0.064209 0.214347 -0.329417
vn 0.978938 0.001830 -0.204152
v 0.096621 0.060895 -0.441994
vn 0.947991 0.020366 -0.317645
v 0.094767 0.095063 -0.450800
vn 0.991954 -0.064302 -0.109050
v 0.100155 0.034772 -0.429281
vn 0.632474 0.464704 -0.619699
v 0.090041 0.157542 -0.433829
vn 0.338496 0.688244 -0.641670
v 0.070226 0.192168 -0.419707
vn 0.412498 0.511722 -0.753648
v 0.069563 0.167316 -0.441507
vn 0.444416 0.895752 -0.011046
v 0.078583 0.212789 -0.352053
vn 0.205203 0.958489 -0.197968
v 0.062163 0.214815 -0.377928
vn 0.387757 0.881765 -0.268579
v 0.074302 0.208407 -0.386739
vn 0.173359 0.889404 -0.422974
v 0.060381 0.206546 -0.402534
vn 0.061275 0.812499 -0.579733
v 0.044792 0.194942 -0.423706
vn -0.001764 0.646118 -0.763235
v 0.028458 0.172540 -0.449158
vn -0.019256 0.981172 -0.192172
v 0.047423 0.216608 -0.375004
vn -0.061997 0.930516 -0.360967
v 0.039517 0.209098 -0.397957
vn 0.950709 -0.256307 0.174527
v 0.098817 0.014389 -0.413024
vn 0.910482 -0.318079 0.264287
v 0.097771 0.018044 -0.401030
vn 0.987790 -0.118609 0.101005
v 0.102089 0.031169 -0.413798
vn 0.956929 -0.289209 0.025394
v 0.101981 0.032013 -0.401860
vn 0.999706 0.002990 -0.024072
v 0.102612 0.043671 -0.416417
vn 0.953820 -0.213313 -0.211483
v 0.104808 0.043173 -0.407856
vn 0.977689 0.010222 -0.209808
v 0.096869 0.078867 -0.437763
vn 0.609839 -0.308545 -0.729998
v 0.098962 0.065232 -0.425155
vn 0.992423 0.004667 -0.122781
v 0.101155 0.048078 -0.427920
vn -0.165349 -0.982544 -0.085251
v 0.028770 0.017836 -0.311565
vn 0.176886 -0.619225 0.765031
v 0.035101 0.013133 -0.349047
vn -0.142250 -0.910199 0.388978
v 0.023591 0.021616 -0.340933
vn -0.469381 -0.827310 0.308609
v 0.008679 0.026508 -0.340312
vn -0.395875 -0.918291 0.004965
v 0.015463 0.021727 -0.310712
vn 0.302677 -0.917792 0.256991
v 0.061516 0.021682 -0.348966
vn 0.338262 -0.734665 0.588087
v 0.053911 0.015242 -0.354440
vn 0.792594 -0.054061 0.607349
v 0.073102 0.025756 -0.358804
vn -0.850059 0.429652 0.304629
v -0.014662 0.157188 -0.293804
vn -0.841426 0.492373 0.222647
v -0.015636 0.178958 -0.330986
vn -0.668407 0.711674 0.216224
v -0.003262 0.194731 -0.332437
vn -0.345069 0.778679 0.524010
v 0.028122 0.191083 -0.284207
vn -0.426717 0.836785 0.343078
v 0.016828 0.201756 -0.311943
vn -0.886061 -0.436340 0.156532
v -0.006117 0.047460 -0.284510
vn -0.948500 -0.245232 0.200520
v -0.008568 0.061352 -0.271613
vn -0.103955 0.866318 -0.488555
v 0.025810 0.197017 -0.420676
vn -0.236590 0.672650 -0.701118
v 0.003967 0.171483 -0.447475
vn -0.245326 0.596455 -0.764236
v -0.005817 0.157924 -0.455942
vn -0.377718 0.538225 -0.753421
v -0.016746 0.136146 -0.465791
vn 0.556444 -0.709656 0.432155
v 0.089306 0.021538 -0.380923
vn 0.754034 -0.425413 0.500456
v 0.091090 0.026657 -0.373230
vn 0.415095 0.651406 0.635111
v 0.093371 0.031866 -0.375528
vn 0.612762 -0.265413 0.744365
v 0.080506 0.025988 -0.360966
vn -0.685158 0.724865 0.071623
v -0.014447 0.192104 -0.377591
vn -0.401310 0.908587 -0.115846
v 0.005366 0.205442 -0.383189
vn -0.571746 0.709568 -0.411850
v -0.022752 0.177296 -0.424299
vn -0.649468 0.597022 -0.470910
v -0.032713 0.161345 -0.432617
vn -0.232318 0.964683 -0.124161
v 0.030521 0.214668 -0.370611
vn -0.208885 0.946115 -0.247453
v 0.023002 0.209458 -0.389815
vn -0.257005 0.894149 -0.366669
v 0.009085 0.198866 -0.412093
vn -0.428392 0.697663 -0.574235
v -0.011824 0.175408 -0.436083
vn -0.459010 0.592953 -0.661601
v -0.018481 0.161593 -0.445225
vn 0.214987 -0.943040 -0.253884
v 0.091690 0.036808 -0.377857
vn -0.034512 -0.893173 -0.448386
v 0.104581 0.048022 -0.402504
vn 0.494188 0.032913 -0.868732
v 0.100292 0.090746 -0.428243
vn -0.982897 0.178596 0.044902
v -0.067861 0.048050 -0.457403
vn -0.128064 0.468202 -0.874292
v -0.014641 0.076453 -0.499336
vn 0.631834 0.170591 -0.756098
v 0.071521 0.043296 -0.495589
vn 0.918369 -0.395284 -0.018669
v 0.089288 -0.016273 -0.452817
vn 0.747431 -0.534798 0.394129
v 0.062131 -0.045213 -0.433839
vn -0.074193 -0.557000 0.827192
v -0.015072 -0.068370 -0.392093
vn 0.730169 -0.488626 0.477596
v 0.043119 -0.060730 -0.416846
vn 0.179064 -0.558368 0.810038
v 0.003213 -0.049493 -0.380973
vn -0.416416 0.501449 -0.758385
v -0.038080 0.088880 -0.483896
vn 0.914968 0.132936 -0.381000
v 0.104422 0.133963 -0.425074
vn -0.020233 -0.934721 -0.354806
v 0.111612 0.041432 -0.391407
vn -0.652104 -0.081650 -0.753719
v 0.105668 0.080009 -0.431768
vn -0.534823 0.305472 -0.787814
v 0.111504 0.098591 -0.434261
vn -0.187335 0.845763 0.499591
v 0.050795 0.178553 -0.257419
vn 0.126507 0.924503 0.359568
v 0.064149 0.204495 -0.299145
vn 0.738082 -0.529988 0.417550
v 0.087277 -0.000326 -0.409320
vn 0.671019 -0.578435 0.463838
v 0.067114 -0.025514 -0.416673
vn 0.196007 -0.481601 0.854191
v 0.020470 -0.000097 -0.351103
vn 0.572423 -0.620769 0.535704
v 0.055597 -0.004472 -0.379191
vn 0.435146 -0.619741 0.653123
v 0.040193 -0.002857 -0.361913
vn 0.458613 0.385048 -0.800882
v 0.086165 0.126933 -0.453603
vn -0.937951 0.290355 -0.189584
v -0.057412 0.088738 -0.455847
vn -0.981810 0.186430 0.035946
v -0.060726 0.081104 -0.441701
vn -0.168429 0.454238 -0.874814
v -0.007820 0.114204 -0.482851
vn -0.495691 0.470381 -0.730091
v -0.039937 0.115296 -0.466717
vn 0.181837 0.385167 -0.904755
v 0.030735 0.134250 -0.474804
vn 0.385531 0.374065 -0.843470
v 0.060897 0.143363 -0.458701
vn 0.836879 0.200912 -0.509183
v 0.102199 0.130665 -0.438300
vn -0.887126 -0.035664 0.460148
v -0.036603 0.041081 -0.367983
vn -0.099816 0.519985 -0.848323
v 0.003739 0.137255 -0.472974
vn 0.450402 0.389457 -0.803406
v 0.081371 0.144764 -0.447538
vn -0.934496 -0.023137 0.355221
v -0.041132 0.062134 -0.380581
vn -0.948097 0.120052 0.294448
v -0.042634 0.114910 -0.382690
vn -0.837103 0.496180 -0.230355
v -0.040569 0.154766 -0.426569
vn 0.202011 0.521084 -0.829254
v 0.044630 0.158879 -0.457085
vn -0.966051 0.175064 0.189996
v -0.047624 0.133101 -0.405952
vn -0.851767 -0.144674 0.503551
v -0.029599 0.069588 -0.349840
vn -0.036349 0.578608 -0.814795
v 0.018569 0.157791 -0.461033
vn -0.902453 0.391660 0.179391
v -0.022479 0.176605 -0.362093
vn -0.932187 0.270622 0.240400
v -0.043437 0.145714 -0.401007
vn -0.094279 0.760342 -0.642644
v 0.013910 0.184184 -0.436922
vn -0.295422 0.792772 -0.533141
v -0.003454 0.186898 -0.426482
vn -0.472843 0.825568 -0.307987
v -0.011361 0.191677 -0.409656
vn 0.082820 0.733695 -0.674413
v 0.035491 0.183182 -0.438398
vn -0.706813 -0.307781 0.636934
v -0.022681 0.054125 -0.345512
vn 0.205178 0.635323 -0.744491
v 0.056177 0.180361 -0.437612
vn -0.523235 0.844788 0.112063
v 0.008580 0.205668 -0.342756
vn -0.839319 -0.513973 0.177130
v -0.017173 0.052196 -0.330542
vn -0.199187 0.977242 0.072962
v 0.036234 0.217772 -0.349706
vn 0.111551 0.992615 0.047666
v 0.060620 0.217864 -0.346010
vn -0.946698 0.275098 0.167584
v -0.021641 0.151205 -0.311710
vn -0.689860 0.623773 0.367424
v -0.005248 0.181775 -0.307468
vn -0.100000 0.952862 0.286452
v 0.041238 0.213260 -0.321307
vn -0.134215 0.866148 0.481430
v 0.043556 0.200045 -0.291210
vn -0.522794 0.691393 0.498660
v 0.008231 0.171953 -0.275664
vn -0.971179 -0.092194 0.219799
v -0.020445 0.109652 -0.274792
vn -0.644119 0.610726 0.460571
v -0.002316 0.157585 -0.268807
vn -0.834159 0.402355 0.377213
v -0.011029 0.143357 -0.267121
vn -0.925223 -0.091883 0.368131
v -0.035255 0.079274 -0.358678
vn -0.958303 0.208171 0.195755
v -0.023346 0.137627 -0.297445
vn -0.974902 0.113382 0.191599
v -0.029741 0.128085 -0.345993
vn -0.949998 0.049343 0.308332
v -0.051148 0.089768 -0.405153
vn -0.968767 0.095878 0.228686
v -0.061533 0.063739 -0.433679
vn -0.954585 0.201291 0.219657
v -0.026354 0.154393 -0.350369
vn -0.981496 0.168000 0.091877
v -0.055920 0.105032 -0.428550
vn -0.944085 0.300639 -0.135352
v -0.051367 0.124158 -0.435970
vn -0.878980 0.472234 0.066247
v -0.035555 0.166188 -0.403143
vn -0.937265 0.346515 0.038239
v -0.044961 0.148952 -0.414845
vn -0.813188 0.574794 0.091307
v -0.025720 0.180801 -0.390975
vn -0.789032 0.593887 0.157246
v -0.012780 0.187658 -0.346574
vn -0.727221 0.672926 -0.135353
v -0.025783 0.180579 -0.408842
vn -0.576821 0.816138 -0.034589
v -0.008111 0.197666 -0.385577
vn -0.365931 0.930215 -0.028201
v 0.014948 0.210110 -0.364173
vn -0.367943 0.924435 0.100194
v 0.018407 0.210866 -0.344144
vn -0.388736 0.750946 0.533820
v 0.028176 0.164905 -0.249400
vn 0.560584 0.725091 -0.399985
v 0.087769 0.194484 -0.404152
vn 0.708071 0.695467 -0.122317
v 0.086499 0.203285 -0.379831
vn 0.565590 -0.535575 0.627110
v 0.027569 -0.077600 -0.413622
vn 0.848724 -0.522640 0.080717
v 0.065402 -0.052529 -0.455651
vn 0.825898 -0.453418 0.335119
v 0.056529 -0.062560 -0.444689
vn 0.845397 -0.483143 0.227765
v 0.059358 -0.059821 -0.448045
vn 0.905074 -0.237235 -0.352930
v 0.081109 -0.022115 -0.479240
vn 0.840110 -0.092855 -0.534410
v 0.078451 -0.005178 -0.491479
vn 0.662979 0.077428 -0.744624
v 0.067640 0.007639 -0.503035
vn 0.878198 -0.460596 -0.128913
v 0.077096 -0.037298 -0.468604
vn 0.401005 0.209739 -0.891742
v 0.048358 0.016513 -0.512271
vn -0.900782 -0.089117 0.425029
v -0.061480 -0.034251 -0.416494
vn -0.959144 0.020480 0.282176
v -0.069063 -0.019136 -0.433333
vn -0.714133 -0.303434 0.630826
v -0.044391 -0.054552 -0.398660
vn -0.832391 -0.164805 0.529117
v -0.056089 -0.042157 -0.408965
vn -0.978278 0.077520 0.192257
v -0.071568 0.008600 -0.453605
vn -0.989413 0.142158 -0.029197
v -0.073099 0.018267 -0.469534
vn -0.971105 0.065248 0.229559
v -0.070017 -0.008579 -0.445150
vn -0.861548 0.323304 -0.391419
v -0.061924 0.043037 -0.492597
vn -0.944916 0.233928 -0.228934
v -0.068638 0.033445 -0.482624
vn -0.469594 0.470424 -0.747116
v -0.045435 0.051611 -0.505115
vn -0.260313 0.482219 -0.836482
v -0.032499 0.050660 -0.512571
vn -0.076391 0.480306 -0.873768
v -0.019242 0.046506 -0.516753
vn -0.658415 0.438139 -0.611984
v -0.053860 0.048679 -0.500569
vn 0.271881 0.257053 -0.927364
v 0.021014 0.024917 -0.518750
vn 0.090016 0.383169 -0.919282
v -0.003073 0.038698 -0.520510
vn 0.450845 -0.079421 -0.889062
v -0.039708 -0.176221 -0.627590
vn -0.660943 -0.679734 0.317988
v -0.084263 -0.215905 -0.578714
vn 0.437604 0.748275 0.498585
v -0.071844 -0.116629 -0.614981
vn 0.536300 0.065928 -0.841449
v -0.032471 -0.163677 -0.624869
vn 0.778032 0.627344 -0.033249
v -0.039070 -0.141808 -0.622550
vn -0.368245 0.826871 0.425066
v -0.076386 -0.154553 -0.576018
vn -0.662817 -0.648032 0.375139
v -0.095508 -0.200839 -0.572910
vn -0.544687 -0.081520 0.834668
v -0.101500 -0.188466 -0.565742
vn -0.296570 0.315013 0.901561
v -0.132249 -0.147022 -0.581514
vn 0.027443 0.504930 0.862724
v -0.097623 -0.148426 -0.577458
vn 0.289552 0.652356 0.700422
v -0.082563 -0.139660 -0.587207
vn 0.410831 0.610066 0.677522
v -0.061448 -0.136874 -0.601036
vn 0.644222 0.689975 0.330019
v -0.048457 -0.133565 -0.616309
vn -0.105167 0.269755 0.957169
v -0.103003 -0.167675 -0.569504
vn 0.532671 0.313701 -0.786037
v 0.008216 -0.099961 -0.576544
vn -0.973249 0.089990 -0.211395
v -0.081640 -0.113935 -0.525394
vn -0.600808 0.302895 -0.739787
v -0.056945 -0.095881 -0.553514
vn -0.524334 0.347738 -0.777272
v -0.035050 -0.102178 -0.571960
vn -0.242502 0.394461 -0.886337
v -0.017172 -0.092135 -0.577791
vn 0.232672 0.407180 -0.883215
v -0.003501 -0.086283 -0.575979
vn -0.967118 -0.080606 0.241215
v -0.079567 -0.069411 -0.486212
vn -0.990672 0.086400 -0.105376
v -0.081629 -0.085288 -0.510402
vn -0.916541 0.178034 -0.358130
v -0.078038 -0.070462 -0.515613
vn -0.969490 0.148542 -0.194999
v -0.077424 -0.050315 -0.503835
vn -0.815595 0.209064 -0.539535
v -0.070890 -0.056571 -0.525338
vn -0.798565 0.158022 -0.580795
v -0.066482 -0.033989 -0.524162
vn -0.491703 0.227585 -0.840496
v -0.050988 -0.027329 -0.536409
vn -0.338098 0.366577 -0.866782
v -0.025552 -0.053243 -0.557886
vn -0.332324 0.293322 -0.896394
v -0.035678 -0.025285 -0.543479
vn -0.005099 0.441759 -0.897119
v -0.012730 -0.059104 -0.563765
vn 0.038023 0.415417 -0.908836
v -0.008104 -0.033670 -0.550224
vn 0.339926 0.388633 -0.856396
v 0.006265 -0.039372 -0.549312
vn 0.540955 0.277858 -0.793828
v 0.022443 -0.048294 -0.544151
vn -0.863701 -0.214567 0.456049
v -0.063501 -0.062334 -0.430875
vn -0.954323 -0.082962 0.287026
v -0.071729 -0.051983 -0.447564
vn -0.975707 -0.035321 0.216212
v -0.074202 -0.045783 -0.460774
vn -0.986123 0.029540 0.163369
v -0.077420 -0.033288 -0.470107
vn 0.776094 -0.081912 -0.625275
v 0.059674 -0.034528 -0.511870
vn 0.883243 -0.313980 -0.348279
v 0.063087 -0.048038 -0.500099
vn -0.893743 0.212375 -0.395121
v -0.067339 0.003917 -0.509860
vn -0.478142 0.369285 -0.796874
v -0.052386 0.012475 -0.523676
vn 0.344365 0.329700 -0.879040
v 0.012308 -0.010311 -0.533424
vn 0.184334 0.358222 -0.915258
v -0.005528 0.000249 -0.536152
vn 0.935565 -0.330867 0.123467
v 0.053028 -0.081146 -0.464121
vn 0.815723 -0.425288 0.392080
v 0.044240 -0.093325 -0.451417
vn 0.149896 -0.606526 0.780806
v -0.003564 -0.089359 -0.408100
vn -0.106946 -0.604832 0.789139
v -0.018406 -0.094057 -0.410385
vn 0.917160 -0.390882 -0.077653
v 0.056879 -0.067651 -0.480287
vn 0.567793 0.124131 -0.813759
v 0.050019 -0.024809 -0.521206
vn 0.436938 0.243786 -0.865825
v 0.031312 -0.017001 -0.529155
vn -0.079390 0.378403 -0.922230
v -0.022223 0.008351 -0.534648
vn -0.994196 0.101598 -0.035399
v -0.075927 -0.019554 -0.484679
vn -0.666009 -0.398382 0.630654
v -0.050379 -0.076741 -0.418156
vn -0.385981 -0.546634 0.743109
v -0.034518 -0.086701 -0.410993
vn 0.365079 -0.714205 0.597184
v -0.004168 -0.217145 -0.537139
vn 0.912038 -0.284468 -0.295406
v 0.010921 -0.196215 -0.574081
vn 0.556370 -0.662051 0.502136
v 0.008235 -0.186100 -0.514395
vn 0.756858 -0.578247 0.304625
v 0.014414 -0.190949 -0.530588
vn 0.902658 -0.429715 -0.023517
v 0.014627 -0.197039 -0.553065
vn -0.540505 -0.638883 0.547433
v -0.060419 -0.170211 -0.503676
vn -0.441932 -0.641499 0.627037
v -0.052933 -0.155812 -0.481258
vn 0.409961 -0.719481 0.560606
v 0.007618 -0.172193 -0.495123
vn 0.859301 -0.196423 -0.472249
v -0.000564 -0.190363 -0.602367
vn 0.815081 0.049418 -0.577235
v 0.014882 -0.135486 -0.580969
vn 0.620335 -0.643778 0.448034
v 0.019659 -0.164389 -0.497003
vn 0.953270 -0.118986 -0.277702
v 0.033719 -0.139282 -0.544504
vn 0.744334 -0.568888 0.349762
v 0.027339 -0.156611 -0.497171
vn -0.059220 -0.693051 0.718452
v -0.021439 -0.212428 -0.528823
vn -0.025929 -0.727039 0.686107
v -0.019382 -0.181542 -0.499102
vn -0.309020 -0.639373 0.704066
v -0.037686 -0.217809 -0.537351
vn -0.505893 -0.592886 0.626544
v -0.060537 -0.189706 -0.529184
vn 0.140735 0.404792 -0.903514
v -0.007285 -0.127903 -0.594727
vn 0.770782 -0.584271 0.254014
v 0.006363 -0.215156 -0.551291
vn 0.935821 -0.327178 -0.131121
v 0.024210 -0.176468 -0.549667
vn 0.579331 0.281554 -0.764920
v 0.008372 -0.129458 -0.586783
vn -0.901921 0.376494 -0.211640
v -0.073287 -0.148920 -0.560658
vn -0.894297 0.176539 -0.411178
v -0.076020 -0.120380 -0.541404
vn -0.408223 -0.654112 0.636782
v -0.047722 -0.190576 -0.520175
vn -0.468763 -0.591722 0.655840
v -0.049508 -0.215148 -0.541567
vn -0.325803 -0.756031 0.567688
v -0.044832 -0.229274 -0.552516
vn -0.672581 -0.484037 0.559771
v -0.084762 -0.205241 -0.557323
vn -0.861490 -0.237980 0.448553
v -0.078577 -0.176711 -0.536495
vn -0.609698 0.550278 -0.570493
v -0.061658 -0.136582 -0.567493
vn -0.320628 0.540965 -0.777531
v -0.027339 -0.138542 -0.595429
vn 0.451383 -0.135080 -0.882047
v -0.035992 -0.212529 -0.626604
vn 0.680089 -0.312898 -0.663004
v -0.013064 -0.215168 -0.607368
vn 0.478308 -0.158346 -0.863799
v -0.016605 -0.197051 -0.615826
vn 0.169681 0.577513 -0.798553
v -0.013140 -0.151361 -0.607838
vn 0.609508 0.500386 -0.614910
v -0.026864 -0.159531 -0.619387
vn 0.332935 0.940240 -0.071442
v -0.035737 -0.152882 -0.609850
vn -0.417088 0.462943 0.782126
v -0.086605 -0.170319 -0.568857
vn -0.871283 0.153666 0.466103
v -0.085420 -0.187221 -0.554749
vn -0.484885 -0.716530 0.501469
v -0.059131 -0.230799 -0.565878
vn -0.498860 -0.650411 0.572804
v -0.073637 -0.214487 -0.559175
vn 0.125891 0.931572 0.341065
v -0.067450 -0.151532 -0.586369
vn -0.874031 -0.240978 0.421900
v -0.067701 -0.092773 -0.454312
vn -0.957593 -0.121321 0.261338
v -0.073170 -0.082185 -0.465181
vn 0.347303 -0.627703 0.696684
v 0.008333 -0.122884 -0.439792
vn 0.619658 -0.538400 0.571094
v 0.025761 -0.119659 -0.450074
vn 0.793865 -0.049918 -0.606041
v 0.041745 -0.065956 -0.528633
vn 0.061343 -0.674585 0.735644
v -0.005971 -0.120798 -0.432826
vn 0.733724 -0.525889 0.430221
v 0.035299 -0.123940 -0.465974
vn -0.163035 -0.652693 0.739872
v -0.022219 -0.118071 -0.431176
vn -0.707492 -0.396026 0.585336
v -0.056988 -0.103190 -0.443017
vn -0.466265 -0.562526 0.682760
v -0.040777 -0.112302 -0.435020
vn 0.241995 -0.734544 0.633943
v -0.002385 -0.181770 -0.501931
vn -0.277350 -0.689398 0.669184
v -0.033696 -0.192528 -0.514771
vn -0.508476 -0.168146 0.844499
v -0.116414 -0.173737 -0.571414
vn -0.545832 -0.519420 0.657472
v -0.071523 -0.191691 -0.539348
vn -0.995709 0.055333 -0.074175
v -0.081791 -0.159540 -0.540995
vn -0.773879 -0.428937 0.465966
v -0.070955 -0.166647 -0.515906
vn -0.974397 -0.111177 0.195425
v -0.081786 -0.134256 -0.520356
vn -0.957733 -0.118683 0.262034
v -0.076001 -0.106854 -0.491221
vn -0.900994 -0.245186 0.357902
v -0.070151 -0.134510 -0.486558
vn -0.714749 -0.461633 0.525384
v -0.065311 -0.147406 -0.487037
vn -0.210015 -0.715321 0.666491
v -0.033811 -0.162910 -0.480641
vn -0.997067 0.014818 0.075090
v -0.081375 -0.078403 -0.498483
vn -0.737857 -0.401394 0.542633
v -0.060994 -0.124878 -0.463133
vn -0.469765 -0.582172 0.663624
v -0.046914 -0.135309 -0.458978
vn -0.215264 -0.685977 0.695052
v -0.026434 -0.135364 -0.449883
vn 0.500561 -0.645620 0.576727
v 0.016311 -0.139236 -0.460614
vn 0.582820 0.309771 -0.751241
v 0.017615 -0.066329 -0.554661
vn 0.786801 0.107215 -0.607823
v 0.028851 -0.078293 -0.547006
vn 0.914832 -0.020195 -0.403330
v 0.037254 -0.094059 -0.533091
vn 0.971334 -0.237081 -0.017387
v 0.045325 -0.116356 -0.498537
vn 0.895640 -0.377862 0.234626
v 0.043194 -0.113500 -0.471905
vn 0.261544 -0.712480 0.651128
v 0.002659 -0.141965 -0.455807
vn 0.903754 -0.405423 0.137332
v 0.034369 -0.150268 -0.506900
vn 0.962040 -0.240369 -0.129236
v 0.035321 -0.149029 -0.527988
vn 0.033023 -0.724716 0.688256
v -0.009803 -0.141232 -0.452455
vn -0.706499 0.283497 -0.648451
v -0.060291 0.010642 -0.518661
vn -0.642809 0.170291 -0.746859
v -0.058205 -0.029439 -0.531813
vn -0.325992 0.364508 -0.872275
v -0.037357 0.010953 -0.530570
vn -0.580619 0.204123 -0.788172
v -0.052609 -0.054280 -0.540872
vn -0.949999 0.166860 -0.263930
v -0.072691 -0.005776 -0.498873
vn -0.777735 0.248469 -0.577400
v -0.069981 -0.102636 -0.543713
vn -0.075854 0.368681 -0.926456
v -0.022456 -0.030104 -0.548191
vn 0.660930 0.109212 -0.742458
v 0.034814 -0.057946 -0.536059
vn 0.801411 0.162970 -0.575484
v 0.022972 -0.103221 -0.563000
vn 0.479721 0.182779 -0.858172
v -0.013158 -0.171072 -0.618772
vn 0.690117 -0.123265 -0.713123
v -0.005735 -0.181188 -0.613711
vn 0.916173 -0.165824 -0.364868
v 0.023345 -0.165699 -0.561099
vn 0.832533 -0.523747 0.180493
v 0.024885 -0.176749 -0.529237
vn 0.898185 -0.012290 -0.439446
v 0.029719 -0.132130 -0.557114
vn 0.900164 -0.401942 -0.167772
v 0.059905 -0.059576 -0.489361
vn 0.892683 -0.206718 -0.400480
v 0.047089 -0.078810 -0.517311
vn 0.951550 -0.216233 -0.218623
v 0.047902 -0.085742 -0.506958
vn 0.933956 -0.357345 0.005505
v 0.054970 -0.074676 -0.471960
vn 0.975193 -0.196717 -0.101494
v 0.049724 -0.089575 -0.494283
vn 0.929763 0.038783 -0.366110
v 0.038200 -0.110945 -0.534284
vn 0.969523 -0.080207 -0.231497
v 0.045760 -0.102438 -0.510426
vn -0.593156 -0.771792 0.229137
v -0.305776 -0.065030 -0.834656
vn 0.490576 0.871238 -0.016702
v -0.265146 -0.026077 -0.832321
vn 0.932480 0.001133 -0.361220
v -0.241890 -0.054468 -0.866095
vn 0.838332 -0.463645 -0.286761
v -0.247694 -0.071997 -0.869749
vn 0.202396 -0.967455 -0.151880
v -0.259196 -0.081900 -0.860410
vn -0.299978 -0.949608 0.090867
v -0.276066 -0.080274 -0.859060
vn -0.458383 -0.887808 0.041011
v -0.274037 -0.081568 -0.831395
vn 0.909204 0.310735 -0.277113
v -0.232058 -0.060237 -0.827735
vn -0.241025 0.750692 0.615117
v -0.282952 -0.021912 -0.806480
vn 0.614039 0.768847 0.178408
v -0.284524 -0.015886 -0.840916
vn -0.287351 0.793004 0.537191
v -0.183410 -0.075197 -0.659807
vn -0.041778 0.901719 0.430299
v -0.166947 -0.066616 -0.670266
vn 0.157050 0.960837 0.228312
v -0.160302 -0.063426 -0.679309
vn -0.485263 0.568878 0.664001
v -0.187723 -0.092164 -0.645042
vn -0.207370 0.760096 0.615834
v -0.167361 -0.083646 -0.642057
vn -0.856831 -0.374513 0.354373
v -0.197574 -0.136891 -0.645717
vn -0.560010 0.238529 0.793406
v -0.165540 -0.130304 -0.607737
vn -0.707059 -0.111456 0.698316
v -0.170718 -0.146269 -0.611261
vn 0.181200 0.923655 0.337679
v -0.143810 -0.071672 -0.663041
vn 0.365395 0.927914 0.073902
v -0.135229 -0.071335 -0.674538
vn 0.526656 0.820058 -0.223916
v -0.138782 -0.071051 -0.697405
vn 0.657140 0.544149 -0.521603
v -0.133937 -0.080470 -0.708065
vn 0.680401 0.201775 -0.704515
v -0.137842 -0.091443 -0.719732
vn 0.652161 -0.060923 -0.755628
v -0.126227 -0.110148 -0.710313
vn 0.632462 -0.177882 -0.753890
v -0.147151 -0.117965 -0.724972
vn 0.123891 0.973970 0.189827
v -0.189365 -0.053391 -0.711091
vn -0.294705 0.823930 0.484034
v -0.199506 -0.063162 -0.687351
vn -0.889901 -0.091855 0.446809
v -0.221319 -0.106949 -0.680055
vn -0.564095 0.581128 0.586589
v -0.211247 -0.074734 -0.681786
vn -0.002187 0.951245 0.308430
v -0.173535 -0.060440 -0.688280
vn -0.795910 -0.570371 0.202988
v -0.194293 -0.147662 -0.657876
vn -0.670883 -0.670621 0.316517
v -0.166601 -0.167692 -0.625029
vn 0.082218 0.675644 0.732629
v -0.111222 -0.119243 -0.598976
vn 0.314946 0.949004 0.014161
v -0.154734 -0.063271 -0.693449
vn 0.235027 0.882036 0.408381
v -0.118367 -0.085884 -0.642036
vn 0.662597 0.014482 -0.748836
v -0.150931 -0.094476 -0.731668
vn 0.658272 0.571619 -0.489826
v -0.159244 -0.072370 -0.730156
vn 0.532669 0.797942 -0.282052
v -0.159571 -0.065262 -0.718062
vn 0.768125 0.550852 -0.326415
v -0.235262 -0.045750 -0.815531
vn 0.394530 0.916376 -0.067835
v -0.187506 -0.051841 -0.729265
vn 0.057545 0.967369 0.246750
v -0.218173 -0.043834 -0.745663
vn 0.271422 0.960518 0.061117
v -0.222413 -0.039686 -0.765351
vn 0.587535 0.751160 -0.300934
v -0.185278 -0.056898 -0.745812
vn 0.588361 0.778691 -0.217877
v -0.246711 -0.034483 -0.814147
vn 0.715072 0.503449 -0.484985
v -0.191706 -0.060807 -0.762243
vn 0.003559 -0.797269 -0.603613
v -0.181597 -0.140792 -0.734348
vn 0.095157 -0.808489 -0.580768
v -0.199291 -0.124137 -0.757967
vn -0.276455 -0.882503 -0.380474
v -0.207225 -0.130267 -0.745742
vn 0.161192 -0.844887 -0.510082
v -0.224197 -0.102911 -0.795686
vn -0.223445 -0.916966 -0.330523
v -0.233214 -0.105789 -0.788617
vn 0.321271 -0.610451 -0.723971
v -0.171969 -0.135265 -0.736725
vn 0.433382 -0.575836 -0.693248
v -0.192241 -0.117120 -0.762543
vn 0.582493 -0.526702 -0.619102
v -0.215579 -0.097943 -0.795501
vn 0.659195 -0.275929 -0.699518
v -0.184887 -0.108781 -0.761776
vn 0.814498 -0.171058 -0.554375
v -0.220391 -0.081695 -0.810881
vn 0.716360 -0.036650 -0.696768
v -0.181413 -0.094627 -0.760592
vn 0.774145 -0.084712 -0.627314
v -0.206858 -0.085772 -0.791632
vn 0.827963 0.224762 -0.513769
v -0.216825 -0.066676 -0.803621
vn 0.770442 0.192773 -0.607666
v -0.191942 -0.071688 -0.770174
vn -0.360475 0.792056 0.492651
v -0.230770 -0.051674 -0.731682
vn -0.594042 0.586828 0.550224
v -0.234853 -0.061447 -0.722016
vn -0.628510 0.498021 0.597453
v -0.267264 -0.042302 -0.775209
vn -0.787208 0.275962 0.551496
v -0.220660 -0.086293 -0.683577
vn -0.804787 0.246667 0.539883
v -0.244073 -0.070560 -0.726886
vn -0.898150 -0.098763 0.428453
v -0.245990 -0.083461 -0.729078
vn -0.820172 -0.546303 0.169915
v -0.219750 -0.121890 -0.696329
vn -0.809545 -0.556539 0.186819
v -0.248756 -0.095117 -0.749383
vn -0.700477 -0.710840 0.063553
v -0.247736 -0.099791 -0.766441
vn -0.572690 -0.808365 -0.136284
v -0.216232 -0.128522 -0.734585
vn -0.537453 -0.834000 -0.124853
v -0.237954 -0.107780 -0.772977
vn 0.203018 -0.894176 -0.399040
v -0.245006 -0.089626 -0.830641
vn -0.215818 -0.955103 -0.202979
v -0.253053 -0.090819 -0.823126
vn -0.264048 0.816945 0.512717
v -0.265313 -0.030649 -0.786321
vn -0.881335 -0.200751 0.427725
v -0.271196 -0.066273 -0.776912
vn -0.496651 -0.865619 -0.063571
v -0.260476 -0.088644 -0.816595
vn -0.462207 -0.884759 -0.059710
v -0.137024 -0.193192 -0.651576
vn -0.302362 -0.857959 -0.415311
v -0.167409 -0.166716 -0.696632
vn -0.431175 -0.850043 -0.302515
v -0.087454 -0.218965 -0.622834
vn -0.171925 -0.853574 -0.491786
v -0.065563 -0.234007 -0.615035
vn 0.290834 -0.405080 -0.866790
v -0.069423 -0.207830 -0.636765
vn -0.056613 -0.735598 -0.675048
v -0.075655 -0.216185 -0.632327
vn 0.464764 -0.184248 -0.866053
v -0.061665 -0.187783 -0.638659
vn 0.405543 0.900841 0.154983
v -0.109827 -0.083993 -0.654846
vn 0.612664 0.776324 0.148201
v -0.066243 -0.115442 -0.626872
vn 0.756526 0.616103 -0.219283
v -0.069070 -0.113040 -0.642364
vn 0.576751 0.799994 -0.165431
v -0.100518 -0.089022 -0.664904
vn 0.789332 0.406220 -0.460370
v -0.067789 -0.120821 -0.651412
vn 0.682720 0.068629 -0.727450
v -0.054791 -0.146075 -0.643535
vn 0.727027 0.065453 -0.683482
v -0.071256 -0.132921 -0.659163
vn -0.283435 -0.916571 -0.282069
v -0.100374 -0.210661 -0.634126
vn 0.103627 -0.761837 -0.639426
v -0.097795 -0.203167 -0.647886
vn 0.098084 -0.756217 -0.646928
v -0.134901 -0.180675 -0.686558
vn 0.446053 -0.468947 -0.762316
v -0.137685 -0.163036 -0.699758
vn 0.522206 -0.290582 -0.801787
v -0.084680 -0.183846 -0.654979
vn 0.560707 -0.315168 -0.765687
v -0.116084 -0.157815 -0.685960
vn 0.591019 -0.305470 -0.746582
v -0.139116 -0.146845 -0.709754
vn -0.607800 -0.789622 0.084122
v -0.096761 -0.213597 -0.612566
vn -0.478671 -0.873752 0.086208
v -0.113797 -0.205598 -0.626938
vn -0.159503 0.550064 0.819749
v -0.126116 -0.131211 -0.589389
vn -0.350743 0.507663 0.786930
v -0.154457 -0.114753 -0.609442
vn -0.616409 -0.100597 0.780974
v -0.137409 -0.160573 -0.582743
vn -0.628845 -0.768016 0.121269
v -0.169265 -0.171911 -0.645974
vn -0.494270 0.287185 0.820501
v -0.152010 -0.136458 -0.596695
vn -0.249448 0.549795 0.797183
v -0.140311 -0.121680 -0.599806
vn -0.112330 0.678316 0.726133
v -0.135951 -0.107497 -0.610901
vn -0.388119 0.552668 0.737510
v -0.167898 -0.105545 -0.621972
vn -0.106369 0.740553 0.663526
v -0.153420 -0.093530 -0.626998
vn 0.468619 0.858236 0.209349
v -0.086527 -0.098344 -0.640866
vn 0.338637 0.840435 0.423076
v -0.087320 -0.103776 -0.625803
vn 0.668991 0.731930 -0.129346
v -0.081347 -0.101924 -0.651482
vn 0.732647 0.668160 -0.129581
v -0.051252 -0.130232 -0.627711
vn -0.602103 0.275310 0.749451
v -0.179121 -0.121503 -0.620612
vn -0.758789 -0.050943 0.649341
v -0.183528 -0.138589 -0.624273
vn 0.197022 -0.878831 -0.434556
v -0.035878 -0.237928 -0.608435
vn -0.473142 -0.878200 0.070007
v -0.068354 -0.238691 -0.593304
vn 0.791565 -0.564373 -0.234326
v -0.001714 -0.230105 -0.579470
vn 0.008519 -0.825413 0.564465
v -0.023479 -0.233953 -0.551031
vn 0.534965 -0.681952 -0.498753
v -0.025123 -0.233380 -0.607404
vn -0.068746 -0.966599 0.246903
v -0.036867 -0.241417 -0.571543
vn -0.014448 -0.988762 -0.148797
v -0.048680 -0.241942 -0.597885
vn 0.321575 -0.941461 -0.101195
v -0.017397 -0.238367 -0.582012
vn 0.428000 -0.865623 0.259832
v -0.010350 -0.233196 -0.557395
vn 0.301972 -0.533162 -0.790286
v -0.036329 -0.224833 -0.623785
vn -0.770903 -0.018434 0.636686
v -0.302187 -0.038512 -0.825901
vn -0.746609 0.149343 0.648283
v -0.288316 -0.028406 -0.807774
vn 0.539182 0.838043 0.083466
v -0.271010 -0.021092 -0.857049
vn -0.711517 -0.700414 0.056249
v -0.188412 -0.156885 -0.670262
vn -0.525455 -0.850740 -0.011789
v -0.152539 -0.184290 -0.650683
vn -0.598377 -0.706610 0.377688
v -0.137674 -0.182822 -0.603351
vn -0.657117 -0.722381 0.215320
v -0.282203 -0.072386 -0.813311
vn 0.621236 -0.618800 -0.480784
v -0.240084 -0.083555 -0.837912
vn 0.895667 -0.121839 -0.427710
v -0.232526 -0.073164 -0.833005
vn 0.098030 0.956836 0.273597
v -0.252789 -0.029745 -0.785923
vn -0.847653 0.091631 0.522578
v -0.271295 -0.052435 -0.775861
vn -0.823196 -0.234650 0.516998
v -0.289558 -0.059254 -0.807247
vn -0.825659 -0.491234 0.277445
v -0.267634 -0.079782 -0.779622
vn -0.877441 -0.368262 0.307376
v -0.249973 -0.088747 -0.743135
vn -0.876908 -0.392080 0.278040
v -0.218950 -0.117580 -0.683411
vn -0.729541 -0.682330 0.046860
v -0.221299 -0.124130 -0.719342
vn 0.085893 -0.727916 -0.680265
v -0.156071 -0.162974 -0.707084
vn 0.573842 -0.333919 -0.747799
v -0.166243 -0.125414 -0.739443
vn -0.793451 -0.418520 0.441902
v -0.184062 -0.148297 -0.629557
vn -0.725642 -0.654578 0.212064
v -0.177292 -0.163493 -0.642592
vn -0.546463 -0.830036 -0.111435
v -0.171586 -0.170567 -0.675249
vn -0.355832 -0.885227 -0.299594
v -0.144267 -0.184272 -0.678233
vn 0.635389 -0.175731 -0.751930
v -0.118640 -0.117030 -0.702387
vn 0.697530 0.143141 -0.702113
v -0.118784 -0.100747 -0.703441
vn 0.683998 0.541641 -0.488643
v -0.105196 -0.093348 -0.683072
vn -0.553527 -0.812125 0.184555
v -0.140700 -0.188270 -0.624069
vn -0.219253 -0.920689 -0.322892
v -0.126260 -0.196368 -0.659381
vn 0.422784 -0.466574 -0.776893
v -0.100521 -0.187083 -0.662755
vn 0.712415 0.141496 -0.687346
v -0.091499 -0.115724 -0.679715
vn 0.746452 0.459888 -0.480949
v -0.085813 -0.104604 -0.667852
vn -0.636388 -0.463733 0.616411
v -0.138300 -0.169141 -0.587206
vn -0.710381 -0.439125 0.550025
v -0.169144 -0.156873 -0.613975
vn -0.839235 -0.110670 0.532389
v -0.202801 -0.123699 -0.648455
vn -0.714634 0.270434 0.645108
v -0.197831 -0.107193 -0.644287
vn 0.101409 0.801967 0.588697
v -0.117738 -0.097704 -0.622487
vn 0.232764 0.724071 0.649263
v -0.093767 -0.112944 -0.608507
vn 0.698206 0.271790 -0.662298
v -0.159237 -0.083991 -0.737421
vn 0.045348 0.859892 0.508458
v -0.143826 -0.079178 -0.647484
vn -0.095744 0.930431 0.353740
v -0.193423 -0.057055 -0.698810
vn -0.115016 0.917720 0.380212
v -0.226621 -0.045043 -0.741970
vn 0.771080 0.396156 -0.498493
v -0.055316 -0.131711 -0.638779
vn 0.588596 -0.171996 -0.789919
v -0.065154 -0.153343 -0.650720
vn 0.616924 -0.167190 -0.769060
v -0.098818 -0.126391 -0.684403
vn 0.836141 0.460678 -0.297731
v -0.245061 -0.039196 -0.866821
vn 0.582183 0.810263 -0.067361
v -0.251388 -0.029663 -0.860039
vn -0.806447 -0.162335 0.568586
v -0.323360 -0.028796 -0.851040
vn 0.748846 0.658535 -0.074570
v -0.243066 -0.040813 -0.832833
vn 0.465072 0.874384 -0.138420
v -0.219457 -0.041427 -0.771960
vn 0.429980 0.900425 -0.065971
v -0.257728 -0.027236 -0.808113
vn 0.872459 -0.483678 0.069796
v -0.255415 -0.076853 -0.894790
vn 0.998972 0.028565 -0.035190
v -0.253215 -0.064657 -0.898518
vn -0.466189 -0.816642 0.340241
v -0.300634 -0.083348 -0.889877
vn -0.099568 -0.956261 0.275046
v -0.277191 -0.084223 -0.870333
vn -0.677576 -0.702442 0.217866
v -0.310886 -0.062909 -0.868355
vn 0.357549 -0.902971 0.238333
v -0.267295 -0.090394 -0.903959
vn 0.047398 -0.956913 0.286481
v -0.279102 -0.091163 -0.895139
vn -0.737170 -0.229158 0.635662
v -0.327475 -0.008330 -0.844923
vn 0.872990 0.463473 -0.151924
v -0.258412 -0.037658 -0.886735
vn 0.734647 0.678314 -0.013537
v -0.270943 -0.018856 -0.876734
vn 0.668682 0.686965 -0.284507
v -0.257898 -0.029168 -0.870405
vn 0.929723 0.207885 -0.303972
v -0.253246 -0.053063 -0.887263
vn 0.734716 0.627449 0.257876
v -0.289619 -0.003315 -0.855962
vn -0.860873 -0.330350 0.386996
v -0.316397 -0.054829 -0.838994
vn -0.079484 -0.834435 0.545344
v -0.309574 -0.108549 -0.947804
vn 0.262890 -0.797068 0.543665
v -0.284132 -0.109293 -0.955610
vn 0.516856 -0.534173 0.668969
v -0.247318 -0.097554 -0.962694
vn -0.361543 -0.792115 0.491774
v -0.315400 -0.099167 -0.934536
vn 0.261762 0.716722 -0.646367
v -0.252860 -0.077281 -0.993487
vn -0.441801 0.568484 -0.694001
v -0.310478 -0.089564 -0.973047
vn -0.454473 0.586474 -0.670450
v -0.288674 -0.084414 -0.981190
vn -0.361382 0.584306 -0.726629
v -0.270994 -0.076304 -0.988146
vn -0.316842 0.695047 -0.645384
v -0.298653 -0.071652 -0.957287
vn 0.307817 0.799479 -0.515831
v -0.267025 -0.049416 -0.941379
vn 0.941130 0.327676 -0.083083
v -0.255660 -0.050801 -0.914531
vn 0.032407 0.630870 -0.775212
v -0.288351 -0.030877 -0.924983
vn -0.423480 0.719702 -0.550177
v -0.288115 -0.067452 -0.960228
vn 0.562776 0.648624 -0.512417
v -0.283108 -0.012382 -0.906911
vn 0.295421 0.727697 -0.619018
v -0.274509 -0.032424 -0.923717
vn -0.166310 0.734678 -0.657715
v -0.282971 -0.053053 -0.946817
vn 0.911950 0.410214 0.008441
v -0.249846 -0.069865 -0.953640
vn 0.964878 0.262665 0.004091
v -0.249002 -0.073586 -0.945311
vn 0.955499 -0.089896 0.280964
v -0.247098 -0.085470 -0.956860
vn 0.622878 0.690952 -0.366889
v -0.270396 -0.026381 -0.910989
vn 0.583382 0.685315 -0.435899
v -0.265397 -0.040319 -0.927883
vn 0.779860 0.579391 -0.236903
v -0.258775 -0.050419 -0.932651
vn 0.801442 0.573053 -0.171176
v -0.264348 -0.029647 -0.903356
vn 0.520997 0.800962 -0.294995
v -0.257098 -0.063147 -0.960037
vn -0.059381 0.864968 -0.498302
v -0.268069 -0.063670 -0.968295
vn 0.317502 -0.890011 0.327219
v -0.275989 -0.100077 -0.940380
vn -0.128182 0.794915 -0.593025
v -0.312300 0.021941 -0.885697
vn -0.354202 0.534582 -0.767309
v -0.315591 0.008171 -0.895196
vn -0.244892 0.524192 -0.815629
v -0.308971 -0.031912 -0.922740
vn 0.050158 0.624837 -0.779143
v -0.301974 0.008069 -0.899899
vn -0.439905 0.524715 -0.728806
v -0.321274 -0.042227 -0.924012
vn -0.239977 0.613028 -0.752733
v -0.310810 -0.048120 -0.933296
vn -0.345003 0.635499 -0.690734
v -0.313647 -0.073679 -0.955214
vn -0.767538 0.386009 -0.511745
v -0.329644 -0.084771 -0.951821
vn -0.796339 0.280046 -0.536114
v -0.331241 -0.044179 -0.917003
vn -0.259679 -0.874485 0.409686
v -0.301454 -0.093829 -0.919576
vn 0.091723 -0.943374 0.318798
v -0.287151 -0.099385 -0.930755
vn -0.752206 0.428102 0.500913
v -0.341501 0.010119 -0.857976
vn -0.862149 -0.155113 0.482327
v -0.342371 -0.003136 -0.859309
vn -0.845952 -0.423557 0.323983
v -0.340221 -0.027749 -0.875550
vn -0.791715 -0.550882 0.264038
v -0.322295 -0.050820 -0.873231
vn -0.960459 -0.277540 0.022155
v -0.338278 -0.041697 -0.896626
vn -0.995718 0.025844 -0.088762
v -0.347149 -0.007197 -0.879213
vn -0.780911 0.587324 -0.212671
v -0.343707 0.013424 -0.869939
vn -0.828267 -0.355823 0.432855
v -0.328271 -0.033684 -0.863130
vn 0.728672 -0.649621 0.216865
v -0.253857 -0.088444 -0.928824
vn 0.651306 -0.689778 0.316238
v -0.252066 -0.092735 -0.951195
vn -0.549295 -0.673364 0.494829
v -0.325734 -0.090274 -0.929628
vn -0.852034 -0.458367 0.252860
v -0.329576 -0.093195 -0.939829
vn -0.985430 -0.144130 -0.090304
v -0.330547 -0.095470 -0.951676
vn -0.893710 -0.373806 0.248096
v -0.333631 -0.059101 -0.908903
vn -0.992306 -0.015756 -0.122805
v -0.334616 -0.054070 -0.913709
vn -0.741393 -0.553701 0.379147
v -0.326914 -0.054640 -0.889665
vn -0.538549 -0.712604 0.449624
v -0.315650 -0.077850 -0.905977
vn -0.063433 0.997898 -0.013248
v -0.319653 0.027011 -0.873243
vn 0.520909 0.853569 0.008601
v -0.303091 0.021229 -0.874476
vn -0.136904 0.847333 0.513111
v -0.322176 0.020488 -0.854278
vn 0.516207 0.721922 0.460824
v -0.306673 0.011419 -0.849656
vn 0.681396 0.655110 0.326389
v -0.298004 0.011497 -0.861907
vn 0.778524 0.623975 -0.067494
v -0.282694 -0.003907 -0.883684
vn 0.407423 0.887512 0.215243
v -0.292527 -0.010652 -0.828634
vn -0.601411 0.128927 0.788469
v -0.314056 -0.007125 -0.831003
vn 0.106775 0.761546 0.639254
v -0.300817 -0.007901 -0.827574
vn -0.474966 -0.859761 0.187664
v -0.299522 -0.068409 -0.858354
vn 0.497214 -0.854631 0.149614
v -0.262366 -0.081830 -0.889320
vn -0.520913 0.325829 0.788977
v -0.326491 0.008181 -0.842895
vn 0.357424 0.857702 0.369588
v -0.313509 0.023212 -0.862106
vn -0.519193 0.496538 -0.695621
v -0.329695 -0.000062 -0.892513
vn -0.709507 0.351052 -0.611034
v -0.341772 -0.005254 -0.885807
vn -0.968341 -0.067549 -0.240320
v -0.345419 -0.017985 -0.885887
vn 0.790737 0.611933 -0.016548
v -0.290818 0.009326 -0.884818
vn 0.487097 0.759013 -0.432014
v -0.297311 0.013026 -0.892696
vn -0.008494 -0.574947 0.818147
v -0.296421 -0.117663 -0.959469
vn -0.811232 0.153573 -0.564197
v -0.324501 -0.104760 -0.972504
vn -0.472979 0.104757 -0.874824
v -0.318224 -0.103978 -0.977675
vn -0.372880 0.242472 -0.895638
v -0.290095 -0.096432 -0.985922
vn 0.829310 0.553297 -0.078150
v -0.241016 -0.080819 -0.978691
vn -0.549805 -0.357467 -0.754939
v -0.307605 -0.131986 -0.977988
vn 0.058673 -0.849335 -0.524583
v -0.295969 -0.148398 -0.983446
vn 0.713470 -0.634692 0.296860
v -0.257531 -0.156011 -0.982450
vn -0.063133 -0.094952 -0.993478
v -0.266036 -0.155875 -0.992689
vn 0.216298 -0.612949 0.759940
v -0.272863 -0.143416 -0.968529
vn 0.349688 -0.382275 0.855327
v -0.269382 -0.111983 -0.965154
vn 0.713792 -0.376300 0.590677
v -0.247424 -0.137246 -0.972024
vn 0.058820 -0.200261 -0.977975
v -0.253396 -0.141591 -0.989375
vn -0.442170 -0.660362 0.606966
v -0.238021 -0.148725 -0.984114
vn -0.523346 -0.582184 -0.622231
v -0.239020 -0.146902 -0.996371
vn 0.007897 -0.108351 -0.994081
v -0.244621 -0.105528 -0.999391
vn -0.145951 0.145603 -0.978518
v -0.255337 -0.088335 -0.997398
vn -0.253517 -0.068135 -0.964928
v -0.287903 -0.119951 -0.986439
vn -0.291904 -0.956058 -0.027300
v -0.286283 -0.154706 -0.984530
vn 0.801645 -0.291110 -0.522130
v -0.249247 -0.156163 -0.996035
vn 0.096430 -0.627464 -0.772651
v -0.248687 -0.128433 -0.985721
vn -0.020610 -0.350427 -0.936363
v -0.263736 -0.129773 -0.991703
vn -0.269091 -0.676737 0.685286
v -0.316709 -0.115253 -0.956527
vn -0.553192 -0.591651 0.586454
v -0.289168 -0.143462 -0.966295
vn 0.339855 -0.185699 -0.921962
v -0.222964 -0.143396 -1.000316
vn -0.731948 -0.681269 0.011173
v -0.256274 -0.154594 -0.981407
vn -0.856772 -0.439135 -0.270376
v -0.323718 -0.113399 -0.970155
vn -0.397877 -0.282284 -0.872932
v -0.303597 -0.122916 -0.983362
vn 0.593250 0.402893 -0.696945
v -0.240553 -0.093616 -0.995173
vn 0.336125 -0.294637 0.894544
v -0.245105 -0.105252 -0.966769
vn 0.896303 0.139406 0.420959
v -0.231024 -0.099603 -0.976731
vn -0.142696 -0.231575 -0.962295
v -0.238743 -0.116729 -0.994605
vn 0.574140 -0.114903 0.810654
v -0.227928 -0.135055 -0.979620
vn 0.852941 0.145880 -0.501210
v -0.221430 -0.127703 -0.994987
vn 0.648246 -0.734464 0.200847
v -0.220758 -0.151710 -0.986558
vn -0.107145 -0.455300 -0.883867
v -0.263753 -0.139695 -0.983405
vn -0.426209 -0.818554 -0.385117
v -0.292157 -0.139084 -0.976376
vn -0.426308 -0.773926 0.468295
v -0.305526 -0.139167 -0.962166
vn -0.273660 -0.614625 -0.739829
v -0.274482 -0.148035 -0.983230
vn -0.291301 0.218000 -0.931461
v 0.111591 0.135313 -0.412955
vn 0.582778 -0.382738 -0.716855
v 0.152533 0.075754 -0.431595
vn 0.836892 0.535528 0.113229
v 0.280217 0.152561 -0.456867
vn 0.779443 0.624031 0.055252
v 0.267007 0.169619 -0.453155
vn 0.167295 0.916649 -0.362997
v 0.211553 0.211469 -0.464764
vn 0.409871 -0.825456 0.388109
v 0.246640 0.062197 -0.396879
vn 0.754209 -0.520318 0.400548
v 0.264842 0.081525 -0.387932
vn 0.946412 -0.145055 0.288553
v 0.262674 0.121266 -0.349687
vn -0.872259 0.340518 -0.351015
v 0.150464 0.156541 -0.485535
vn -0.913020 0.167819 -0.371794
v 0.144163 0.136799 -0.485569
vn -0.916694 -0.358139 -0.177225
v 0.147791 0.094143 -0.481575
vn -0.838035 -0.543071 -0.052643
v 0.157958 0.071455 -0.475974
vn -0.903494 -0.404428 -0.141903
v 0.141456 0.101938 -0.464420
vn -0.658119 -0.752842 0.010375
v 0.170628 0.054398 -0.468373
vn -0.894884 0.151824 -0.419682
v 0.150774 0.129175 -0.504005
vn -0.815517 0.475954 -0.329240
v 0.156390 0.178051 -0.474460
vn -0.711260 0.556456 -0.429496
v 0.160705 0.174652 -0.486235
vn -0.601344 0.579784 -0.549760
v 0.167381 0.193678 -0.469903
vn 0.952683 -0.001664 0.303963
v 0.293623 0.101594 -0.440652
vn 0.077504 -0.944297 0.319839
v 0.239823 0.045328 -0.437066
vn -0.417143 -0.906764 0.061412
v 0.183515 0.047965 -0.459759
vn -0.903387 -0.366551 -0.222561
v 0.153940 0.084788 -0.496765
vn 0.899567 0.382434 0.211003
v 0.278521 0.144414 -0.420701
vn 0.940205 0.220435 0.259659
v 0.287940 0.123987 -0.430590
vn 0.897656 0.408678 0.164913
v 0.289304 0.136170 -0.457613
vn 0.772243 -0.496880 0.395917
v 0.279678 0.072324 -0.427435
vn 0.885352 -0.275417 0.374563
v 0.282829 0.090326 -0.416335
vn 0.947352 -0.022855 0.319377
v 0.277790 0.111894 -0.395073
vn 0.937856 -0.098905 0.332633
v 0.270918 0.115406 -0.372639
vn 0.351808 -0.859301 0.371259
v 0.259083 0.047029 -0.441047
vn 0.958289 0.140680 0.248778
v 0.265920 0.137807 -0.360291
vn 0.938749 0.219814 0.265390
v 0.280313 0.127445 -0.408817
vn 0.929734 0.305244 0.205962
v 0.257705 0.160874 -0.351312
vn -0.888557 0.285293 -0.359269
v 0.139719 0.138155 -0.471841
vn -0.700023 -0.711976 0.055294
v 0.167139 0.058883 -0.454145
vn 0.367200 -0.868388 -0.333265
v 0.166065 0.068922 -0.401390
vn 0.353579 0.903188 -0.243381
v 0.232133 0.199237 -0.485739
vn -0.802845 -0.586687 -0.106005
v 0.163727 0.064199 -0.490845
vn 0.925617 -0.225362 0.304048
v 0.301125 0.076658 -0.472175
vn 0.722868 0.690981 -0.002637
v 0.260127 0.179681 -0.480740
vn -0.835367 0.340091 -0.431856
v 0.156354 0.151663 -0.504523
vn 0.265980 -0.912360 0.311213
v 0.264257 0.033334 -0.480596
vn 0.456610 -0.829800 0.320842
v 0.272722 0.037808 -0.478408
vn 0.949108 0.222988 0.222421
v 0.297315 0.117189 -0.461851
vn 0.883239 -0.287080 0.370775
v 0.267552 0.097113 -0.376365
vn -0.076513 -0.970398 0.229072
v 0.210331 0.046369 -0.434856
vn -0.934710 -0.051272 -0.351695
v 0.138572 0.119999 -0.477328
vn 0.683781 -0.728649 -0.038908
v 0.231216 0.075251 -0.286470
vn -0.504494 -0.855336 0.117843
v 0.162040 0.074012 -0.420398
vn -0.860347 -0.507841 0.043597
v 0.148682 0.094290 -0.432412
vn 0.425957 -0.885582 -0.185219
v 0.202955 0.064024 -0.335311
vn -0.423664 -0.901190 0.091466
v 0.174272 0.068308 -0.395935
vn -0.983759 0.167512 -0.064488
v 0.089736 0.208433 -0.357130
vn 0.526155 -0.849831 -0.030803
v 0.225042 0.073639 -0.328513
vn -0.846273 -0.520526 0.113462
v 0.145860 0.095185 -0.439931
vn -0.854161 0.142927 -0.499981
v 0.130445 0.142351 -0.453027
vn -0.926816 -0.328001 -0.182832
v 0.123434 0.132044 -0.441527
vn 0.960790 -0.249674 0.120608
v 0.249530 0.102822 -0.287556
vn 0.837338 -0.545224 0.039959
v 0.242823 0.088211 -0.282003
vn 0.959809 0.168142 0.224709
v 0.251430 0.132374 -0.289998
vn -0.112400 -0.961473 0.250869
v 0.192070 0.058480 -0.384846
vn -0.375797 -0.918337 0.124233
v 0.181058 0.055139 -0.408926
vn -0.661799 -0.662099 0.351634
v 0.176260 0.058559 -0.401136
vn -0.166488 -0.966299 0.196339
v 0.190467 0.052883 -0.413160
vn 0.823768 0.535983 0.184740
v 0.230745 0.193967 -0.307445
vn 0.776546 0.571652 0.264935
v 0.223244 0.192979 -0.273803
vn 0.841988 -0.418571 0.340374
v 0.259359 0.101638 -0.353587
vn 0.713591 -0.700493 0.009868
v 0.239063 0.082484 -0.309756
vn -0.750040 0.609220 0.257470
v 0.096048 0.210613 -0.302164
vn -0.382525 0.874495 0.298216
v 0.125294 0.238444 -0.315767
vn -0.234473 0.836367 0.495492
v 0.134200 0.189850 -0.231806
vn -0.853970 -0.520209 0.010818
v 0.152419 0.080946 -0.459459
vn -0.816224 -0.033695 -0.576752
v 0.119329 0.153230 -0.436889
vn -0.847046 0.056038 -0.528557
v 0.103441 0.182125 -0.416955
vn -0.806482 0.383424 -0.450081
v 0.101676 0.206094 -0.403080
vn -0.673540 0.395392 -0.624507
v 0.113211 0.201922 -0.420665
vn -0.692885 0.709476 -0.128663
v 0.102938 0.227788 -0.364621
vn -0.857566 0.493509 -0.145016
v 0.093166 0.218002 -0.355093
vn -0.730094 0.617191 -0.293321
v 0.104952 0.223657 -0.383557
vn -0.592459 0.674014 -0.441244
v 0.116149 0.224936 -0.400036
vn -0.528366 0.615191 -0.585123
v 0.129289 0.219758 -0.421170
vn -0.537167 0.819093 -0.201344
v 0.116859 0.237669 -0.371672
vn -0.462482 0.811801 -0.356497
v 0.126851 0.235606 -0.393150
vn -0.565134 -0.818302 0.104911
v 0.177323 0.051637 -0.443882
vn -0.512795 -0.842108 0.167021
v 0.179258 0.053469 -0.423630
vn -0.695105 -0.709628 0.115142
v 0.168044 0.060764 -0.431847
vn -0.616180 -0.783073 0.084371
v 0.172193 0.059024 -0.418995
vn -0.775790 -0.516427 0.362564
v 0.162789 0.067551 -0.428386
vn -0.790994 -0.603664 0.099589
v 0.165296 0.064788 -0.417940
vn -0.828417 -0.524210 0.197304
v 0.154396 0.086512 -0.430801
vn -0.801861 -0.589050 0.100193
v 0.159780 0.069688 -0.441474
vn 0.619647 -0.686171 0.381061
v 0.250785 0.080827 -0.365436
vn 0.706131 -0.682723 0.187801
v 0.246410 0.089018 -0.340066
vn 0.897358 -0.417256 0.143689
v 0.253968 0.101169 -0.336640
vn 0.979790 -0.119092 0.160715
v 0.257490 0.118072 -0.326137
vn 0.174618 -0.977047 0.122013
v 0.211797 0.067717 -0.348282
vn 0.403522 -0.876361 0.262984
v 0.233518 0.074854 -0.355034
vn 0.113301 -0.961763 0.249351
v 0.208836 0.063425 -0.367510
vn 0.178464 0.850866 0.494144
v 0.184273 0.215222 -0.264270
vn 0.578406 0.765333 0.282333
v 0.205459 0.218139 -0.294647
vn 0.109972 0.892660 0.437110
v 0.167776 0.235533 -0.295453
vn 0.014298 0.852868 0.521931
v 0.169839 0.202328 -0.241359
vn 0.980861 0.029133 0.192516
v 0.250806 0.118603 -0.282162
vn 0.929580 0.286179 0.232344
v 0.240402 0.136511 -0.255481
vn 0.599056 0.691099 0.404368
v 0.209386 0.201908 -0.261444
vn 0.324921 0.798618 0.506592
v 0.192912 0.199847 -0.243427
vn -0.456068 0.567191 -0.685782
v 0.155147 0.201303 -0.455707
vn -0.355156 0.705329 -0.613495
v 0.154046 0.223264 -0.435337
vn 0.173798 -0.928890 0.327044
v 0.233033 0.059112 -0.396270
vn 0.045579 -0.966946 0.250873
v 0.212792 0.057936 -0.393104
vn -0.295327 -0.906827 0.300744
v 0.192500 0.063072 -0.371144
vn 0.122150 0.989484 -0.077459
v 0.171481 0.250226 -0.379843
vn 0.185009 0.955052 -0.231620
v 0.179732 0.245860 -0.401245
vn -0.332875 0.932344 -0.141166
v 0.131800 0.245313 -0.366873
vn -0.327364 0.899987 -0.287847
v 0.141725 0.244124 -0.389266
vn -0.187039 0.820581 -0.540058
v 0.163240 0.233859 -0.425903
vn 0.976610 0.111704 0.183728
v 0.241320 0.119191 -0.237278
vn 0.986306 -0.092328 0.136659
v 0.244888 0.107478 -0.253286
vn -0.436274 0.595152 -0.674877
v 0.096201 0.184896 -0.398864
vn 0.124050 -0.986766 -0.104426
v 0.183964 0.065126 -0.371967
vn -0.890336 -0.253830 -0.377984
v 0.117203 0.138783 -0.427672
vn 0.583796 0.805882 -0.098669
v 0.247387 0.191220 -0.482514
vn 0.111773 0.933503 -0.340703
v 0.219419 0.200999 -0.489214
vn -0.528247 0.723888 -0.443781
v 0.181970 0.183348 -0.503425
vn -0.931283 -0.095908 -0.351445
v 0.149149 0.108031 -0.501391
vn -0.632849 -0.773272 -0.039407
v 0.176003 0.051520 -0.486330
vn 0.626487 -0.701945 0.338802
v 0.284367 0.049080 -0.471320
vn 0.809482 -0.479356 0.339053
v 0.293618 0.062101 -0.468797
vn -0.127498 -0.962726 0.238543
v 0.234218 0.035287 -0.468115
vn 0.610780 -0.683990 0.398879
v 0.273783 0.059328 -0.436078
vn -0.321330 0.758902 -0.566406
v 0.180444 0.208236 -0.462074
vn -0.087497 0.906132 -0.413848
v 0.206731 0.202876 -0.485623
vn -0.285711 0.855503 -0.431838
v 0.205790 0.190111 -0.513812
vn 0.530876 -0.783844 -0.322117
v 0.176397 0.058207 -0.365633
vn 0.645188 -0.670282 -0.366680
v 0.162068 0.058863 -0.392861
vn -0.521302 -0.217874 -0.825091
v 0.140222 0.104840 -0.430630
vn -0.298677 -0.943510 0.143460
v 0.188855 0.048230 -0.435687
vn 0.597830 -0.693924 0.401333
v 0.256571 0.071743 -0.390531
vn -0.748563 0.291016 -0.595788
v 0.151806 0.176027 -0.464491
vn 0.420870 0.876407 -0.234049
v 0.221877 0.209477 -0.460098
vn 0.837664 0.525425 0.149155
v 0.268533 0.160544 -0.417853
vn 0.583374 0.802538 -0.124932
v 0.234948 0.203498 -0.453336
vn -0.046244 0.858118 -0.511367
v 0.191188 0.218290 -0.453055
vn -0.598355 0.349766 -0.720857
v 0.138622 0.189796 -0.450243
vn -0.685883 0.133479 -0.715365
v 0.127548 0.175080 -0.444190
vn 0.803925 0.591141 0.065243
v 0.246732 0.191791 -0.410682
vn 0.686826 0.726324 -0.026888
v 0.230044 0.211399 -0.422362
vn 0.034950 0.904276 -0.425515
v 0.176643 0.240924 -0.417256
vn 0.381604 0.881087 -0.279398
v 0.203005 0.230438 -0.426890
vn 0.806324 0.582469 0.102816
v 0.245232 0.188517 -0.360584
vn 0.730061 0.677512 0.089378
v 0.220492 0.216867 -0.348782
vn -0.415912 0.777702 -0.471379
v 0.138863 0.231359 -0.414773
vn -0.283089 0.847109 -0.449741
v 0.154801 0.239370 -0.412571
vn -0.111892 0.949045 -0.294609
v 0.163904 0.246816 -0.399578
vn 0.972860 0.085152 0.215158
v 0.261308 0.139803 -0.341859
vn 0.473810 0.852994 0.218873
v 0.187131 0.241125 -0.325530
vn -0.184201 0.979827 0.077521
v 0.142275 0.248459 -0.339672
vn -0.594696 0.794245 0.124545
v 0.110456 0.235966 -0.334469
vn -0.835582 0.547031 0.050586
v 0.094838 0.221738 -0.342456
vn 0.341831 0.866181 0.364530
v 0.183746 0.232763 -0.298712
vn -0.556841 0.724909 0.405505
v 0.111641 0.220600 -0.294857
vn 0.415054 0.807382 0.419363
v 0.199762 0.207658 -0.260927
vn 0.892255 0.364361 0.266687
v 0.235448 0.160997 -0.266707
vn 0.791341 0.490931 0.364370
v 0.219383 0.185251 -0.252897
vn 0.900757 0.396761 0.176684
v 0.267689 0.152041 -0.390469
vn 0.880439 0.448731 0.153188
v 0.251137 0.176534 -0.350081
vn 0.759886 0.647581 0.056672
v 0.238938 0.199075 -0.385754
vn 0.770338 0.636609 0.036163
v 0.263115 0.174511 -0.463809
vn 0.715320 0.698784 -0.004292
v 0.250718 0.188831 -0.460798
vn 0.695108 0.694123 0.187132
v 0.215980 0.214226 -0.312829
vn 0.582556 0.812391 0.025480
v 0.199235 0.239013 -0.370719
vn 0.596261 0.793338 0.122835
v 0.196779 0.238309 -0.344286
vn 0.620085 0.783123 -0.047050
v 0.210550 0.229535 -0.399380
vn 0.354741 0.933074 0.059423
v 0.183675 0.247030 -0.355742
vn 0.413915 0.905559 -0.092933
v 0.189379 0.243772 -0.395424
vn 0.152838 0.956188 0.249689
v 0.170780 0.247290 -0.329019
vn -0.111949 0.835567 0.537862
v 0.150553 0.221549 -0.272481
vn -0.419360 0.763835 0.490605
v 0.121286 0.203958 -0.261085
vn -0.152846 0.950417 0.270825
v 0.143996 0.244486 -0.319194
vn 0.030063 0.996047 0.083581
v 0.160814 0.251187 -0.350740
vn -0.072093 0.906952 0.415019
v 0.150895 0.238029 -0.299743
vn -0.309232 0.832644 0.459434
v 0.126342 0.227868 -0.291507
vn -0.163136 0.982338 -0.091644
v 0.150047 0.250335 -0.369174
vn -0.362766 0.929725 0.063347
v 0.123917 0.244399 -0.346589
vn -0.916499 0.302379 -0.261909
v 0.093794 0.203536 -0.386225
vn 0.091669 -0.953966 0.285563
v 0.253860 0.029928 -0.485711
vn -0.408322 -0.912729 0.014089
v 0.196469 0.040897 -0.494791
vn -0.297341 -0.948536 0.108941
v 0.208439 0.037026 -0.494411
vn -0.786212 -0.591443 -0.179068
v 0.172549 0.058856 -0.511873
vn -0.925268 -0.162897 -0.342556
v 0.158781 0.095135 -0.520936
vn -0.594784 -0.798785 -0.090410
v 0.183330 0.047865 -0.507921
vn -0.906205 0.072204 -0.416629
v 0.160221 0.115896 -0.524829
vn 0.889080 0.448563 0.091256
v 0.296255 0.132280 -0.490204
vn 0.796102 0.605128 0.006437
v 0.286187 0.149288 -0.496016
vn 0.973371 0.078508 0.215372
v 0.304653 0.095354 -0.478409
vn 0.946776 0.281858 0.155471
v 0.302390 0.114550 -0.483111
vn 0.743593 0.667691 -0.035454
v 0.271663 0.166550 -0.504651
vn 0.585378 0.795119 -0.158486
v 0.258163 0.179673 -0.507671
vn 0.780421 0.625241 0.004082
v 0.278875 0.156907 -0.499711
vn 0.202350 0.919876 -0.335981
v 0.228484 0.191124 -0.514176
vn 0.386270 0.880936 -0.273401
v 0.242217 0.187938 -0.511158
vn -0.590033 0.657846 -0.468082
v 0.184307 0.172379 -0.523564
vn -0.067725 0.914356 -0.399207
v 0.216472 0.190945 -0.516835
vn -0.445664 0.759855 -0.473290
v 0.193795 0.181104 -0.521303
vn -0.843117 0.257833 -0.471885
v 0.166143 0.138535 -0.527698
vn -0.726226 0.487270 -0.484937
v 0.173986 0.159404 -0.526518
vn -0.598313 -0.006530 -0.801236
v 0.251870 0.053258 -0.731250
vn -0.847000 0.015391 0.531371
v 0.239528 0.067149 -0.708294
vn 0.132934 0.610661 0.780654
v 0.287684 0.089929 -0.681336
vn -0.304173 -0.055095 0.951022
v 0.272602 0.126716 -0.679550
vn -0.614468 -0.097683 0.782871
v 0.238209 0.117536 -0.694836
vn -0.486001 -0.233000 0.842326
v 0.247613 0.089638 -0.695066
vn -0.585399 -0.207778 -0.783669
v 0.253179 0.067460 -0.733252
vn -0.940363 -0.161680 -0.299295
v 0.233395 0.074154 -0.716373
vn -0.856867 -0.064395 0.511501
v 0.229661 0.116589 -0.705423
vn -0.877640 -0.195300 0.437729
v 0.232474 0.091263 -0.706522
vn 0.222403 -0.228761 0.947737
v 0.311575 0.094898 -0.680061
vn 0.923579 0.054747 0.379480
v 0.326325 0.070955 -0.690021
vn 0.995020 -0.069493 -0.071462
v 0.326356 0.076417 -0.704894
vn 0.171736 -0.138723 0.975327
v 0.308947 0.109509 -0.676828
vn -0.088489 -0.136658 0.986658
v 0.289420 0.107691 -0.676070
vn -0.575523 0.695365 0.430396
v 0.270328 0.086717 -0.686018
vn -0.328949 -0.171109 0.928717
v 0.266836 0.102280 -0.682360
vn 0.999622 -0.027467 0.001370
v 0.325929 0.050204 -0.701806
vn -0.879975 0.207855 -0.427130
v 0.223298 0.049723 -0.684689
vn -0.927002 -0.014569 -0.374774
v 0.207826 0.066813 -0.650133
vn 0.411370 0.850235 -0.328444
v 0.306769 0.086588 -0.666259
vn -0.081419 0.782917 -0.616775
v 0.256239 0.123599 -0.618791
vn -0.204144 0.742860 -0.637562
v 0.224565 0.114402 -0.621638
vn -0.924897 0.049478 -0.376986
v 0.199896 0.072846 -0.630245
vn 0.238436 0.839083 -0.488967
v 0.283286 0.120187 -0.620996
vn 0.540223 0.777078 -0.322968
v 0.295168 0.119288 -0.613778
vn 0.861178 0.505222 -0.055882
v 0.306267 0.109430 -0.586110
vn 0.596513 0.763595 -0.247175
v 0.287086 0.136310 -0.581659
vn 0.460176 0.818808 -0.343208
v 0.274061 0.148337 -0.572449
vn 0.115061 0.824097 -0.554640
v 0.248928 0.155031 -0.578523
vn -0.672105 0.513681 -0.533298
v 0.200249 0.115110 -0.605448
vn -0.939644 -0.023976 -0.341314
v 0.185499 0.089857 -0.588115
vn 0.946140 0.310857 0.090482
v 0.306891 0.111982 -0.513850
vn 0.859499 0.510980 -0.012690
v 0.299810 0.128519 -0.525694
vn 0.813525 0.579002 -0.054163
v 0.291058 0.139469 -0.531096
vn 0.697092 0.704355 -0.133968
v 0.280475 0.154075 -0.536781
vn 0.821069 0.569982 -0.031078
v 0.287290 0.146109 -0.536302
vn 0.397785 -0.871856 0.285717
v 0.276026 0.030084 -0.506490
vn -0.884730 -0.383763 -0.264534
v 0.165128 0.075134 -0.522542
vn 0.264473 0.873799 -0.408079
v 0.240639 0.175115 -0.548015
vn -0.255979 0.810933 -0.526178
v 0.219459 0.173218 -0.552418
vn -0.865814 0.246596 -0.435381
v 0.177806 0.123831 -0.559255
vn -0.737629 0.450595 -0.502860
v 0.188433 0.132957 -0.571585
vn -0.487160 -0.866840 0.106124
v 0.216903 0.029842 -0.526003
vn -0.288968 -0.938050 0.191204
v 0.226881 0.028631 -0.510283
vn 0.173383 -0.949173 0.262696
v 0.266542 0.017700 -0.534892
vn 0.676348 -0.678192 0.287418
v 0.291103 0.041707 -0.503096
vn 0.810222 -0.514542 0.280691
v 0.300903 0.053729 -0.501800
vn -0.491988 -0.870576 0.006645
v 0.204985 0.037447 -0.525605
vn -0.926780 -0.129036 -0.352743
v 0.170658 0.086874 -0.549971
vn -0.918891 0.036329 -0.392836
v 0.171826 0.106305 -0.554694
vn -0.556383 0.630118 -0.541654
v 0.193966 0.154982 -0.556805
vn 0.593258 0.776669 -0.211729
v 0.268717 0.163153 -0.540142
vn 0.981433 0.007339 0.191666
v 0.310832 0.089983 -0.507600
vn 0.929242 -0.277814 0.243574
v 0.307915 0.070670 -0.503176
vn 0.033203 -0.980850 0.191913
v 0.262514 0.001000 -0.599414
vn -0.004729 -0.985708 0.168397
v 0.276204 -0.007409 -0.648288
vn 0.583387 -0.773028 0.249174
v 0.295659 0.008257 -0.619652
vn -0.009927 -0.998594 0.052079
v 0.286253 -0.013346 -0.679678
vn -0.359656 -0.932626 -0.029257
v 0.267227 -0.007401 -0.671170
vn 0.763857 0.632059 -0.130474
v 0.295362 0.127927 -0.582726
vn 0.803633 0.577416 -0.144100
v 0.310463 0.099769 -0.627861
vn -0.590594 -0.773344 -0.230518
v 0.254069 0.005457 -0.705490
vn -0.574508 -0.814838 -0.077326
v 0.245590 0.002413 -0.648045
vn -0.711100 -0.699566 -0.070313
v 0.223692 0.018977 -0.625550
vn -0.736582 -0.657899 -0.156895
v 0.235712 0.014044 -0.659464
vn -0.826829 -0.538045 -0.163895
v 0.215315 0.030828 -0.634217
vn -0.923056 -0.303583 -0.236230
v 0.209796 0.047891 -0.647384
vn 0.869583 -0.470963 0.148390
v 0.315023 0.037354 -0.600386
vn -0.607404 0.549809 -0.573385
v 0.206894 0.104769 -0.623906
vn 0.362322 0.834250 -0.415632
v 0.278715 0.136938 -0.593666
vn 0.809381 -0.535088 0.242042
v 0.308310 0.010473 -0.644721
vn 0.667951 -0.700775 0.250510
v 0.304520 -0.004142 -0.666080
vn 0.920522 -0.379566 0.092566
v 0.318866 0.039658 -0.624709
vn 0.955287 -0.279205 0.097319
v 0.322352 0.016506 -0.683059
vn -0.531444 0.631919 -0.564132
v 0.225193 0.063376 -0.676135
vn 0.371047 -0.908728 0.191149
v 0.296544 -0.011016 -0.672621
vn -0.728749 0.640216 -0.242998
v 0.235224 0.059636 -0.697460
vn -0.909589 -0.319286 -0.265902
v 0.218276 0.040443 -0.670461
vn -0.745682 0.377977 -0.548718
v 0.209749 0.081840 -0.646179
vn -0.437525 0.627395 -0.644164
v 0.216982 0.091374 -0.643901
vn 0.050081 0.935046 -0.350971
v 0.287213 0.091241 -0.665855
vn 0.992181 -0.065675 0.106128
v 0.322894 0.048066 -0.669153
vn -0.184657 0.847300 -0.497980
v 0.269704 0.092188 -0.660920
vn -0.562333 -0.349689 -0.749333
v 0.263747 0.025203 -0.737657
vn -0.579598 -0.260806 -0.772040
v 0.251461 0.031120 -0.730038
vn 0.806693 0.587678 -0.062289
v 0.322926 0.073187 -0.679747
vn 0.957463 -0.259066 -0.127081
v 0.325289 0.027900 -0.722414
vn 0.536449 -0.795834 0.280838
v 0.286520 0.026208 -0.534157
vn 0.379934 -0.884879 0.269515
v 0.279609 0.018012 -0.547599
vn -0.095263 -0.964796 0.245141
v 0.249365 0.021174 -0.518903
vn -0.874578 -0.407295 -0.263106
v 0.187283 0.062861 -0.575075
vn 0.705786 -0.661542 0.253433
v 0.295543 0.033888 -0.531974
vn 0.838274 -0.493265 0.232348
v 0.306161 0.046824 -0.533280
vn 0.987575 0.068506 0.141429
v 0.317118 0.083615 -0.543553
vn 0.952095 -0.236224 0.194201
v 0.314377 0.064371 -0.537776
vn 0.944004 -0.286495 0.163637
v 0.316779 0.026677 -0.651151
vn 0.998755 0.049785 0.003089
v 0.324600 0.062457 -0.644728
vn 0.308374 -0.920608 0.239555
v 0.284130 0.000603 -0.622597
vn 0.766553 0.629714 -0.125923
v 0.317455 0.082221 -0.659494
vn 0.975159 0.221107 0.013311
v 0.324195 0.074278 -0.607667
vn 0.971689 -0.219447 0.087543
v 0.323417 0.056326 -0.599546
vn 0.781748 -0.595811 0.184064
v 0.305705 0.019533 -0.613404
vn 0.859895 0.508000 -0.050159
v 0.306528 0.114583 -0.554782
vn 0.931624 0.362980 0.017950
v 0.314836 0.098709 -0.557865
vn 0.992102 0.073586 0.101577
v 0.321478 0.076938 -0.573116
vn 0.964468 -0.212228 0.157357
v 0.319982 0.058898 -0.575533
vn 0.855824 -0.479451 0.194146
v 0.309550 0.043450 -0.557136
vn 0.717234 -0.663083 0.214234
v 0.300542 0.027886 -0.562386
vn 0.538236 -0.809473 0.234639
v 0.291044 0.018088 -0.568089
vn 0.279499 -0.918115 0.280973
v 0.267371 0.026040 -0.508299
vn -0.859876 0.267934 -0.434540
v 0.197201 0.097422 -0.614609
vn -0.592918 -0.802805 0.062871
v 0.224439 0.018023 -0.575518
vn -0.315707 -0.928771 0.194201
v 0.237789 0.015177 -0.551454
vn -0.019742 -0.972977 0.230055
v 0.256279 0.007573 -0.568722
vn 0.325548 -0.918283 0.225333
v 0.281539 0.004363 -0.600593
vn -0.311317 -0.940110 0.138832
v 0.245709 0.005382 -0.589924
vn -0.533347 -0.845596 0.022543
v 0.236160 0.007916 -0.615477
vn -0.824618 -0.561236 -0.070845
v 0.213007 0.030456 -0.614562
vn -0.940022 -0.230880 -0.251104
v 0.200851 0.058439 -0.624610
vn -0.769099 0.364951 -0.524688
v 0.204154 0.088599 -0.633804
vn 0.011787 0.867926 -0.496554
v 0.228407 0.176081 -0.550810
vn -0.149234 0.755107 -0.638391
v 0.232772 0.153060 -0.580988
vn -0.380015 0.724084 -0.575578
v 0.206312 0.164562 -0.555954
vn -0.303206 0.714512 -0.630506
v 0.213456 0.145337 -0.582862
vn -0.136816 0.748699 -0.648638
v 0.241568 0.132459 -0.604793
vn 0.397006 0.853000 -0.338788
v 0.253864 0.171103 -0.544603
vn 0.322027 0.842482 -0.431883
v 0.261254 0.153230 -0.576176
vn 0.220927 0.832758 -0.507647
v 0.265230 0.141954 -0.593925
vn 0.072991 0.824814 -0.560673
v 0.270568 0.122671 -0.621011
vn -0.453605 0.659269 -0.599672
v 0.208523 0.124864 -0.603174
vn -0.334794 0.701999 -0.628578
v 0.215765 0.113136 -0.620263
vn -0.234174 0.731619 -0.640231
v 0.235089 0.099685 -0.641767
vn -0.426346 0.800377 -0.421457
v 0.234488 0.065624 -0.681134
vn -0.422849 -0.106377 0.899935
v 0.251733 0.111801 -0.689255
vn -0.923124 -0.204512 -0.325601
v 0.184270 0.074921 -0.578772
vn -0.922536 -0.303070 -0.238907
v 0.191886 0.068295 -0.597549
vn -0.892709 -0.009512 -0.450534
v 0.233249 0.040525 -0.720817
vn -0.668033 -0.536086 -0.516085
v 0.239750 0.024003 -0.717863
vn -0.870973 -0.428904 -0.239681
v 0.229463 0.030468 -0.700266
vn -0.286436 -0.955484 0.070746
v 0.259321 -0.004482 -0.637335
vn -0.888643 -0.438811 -0.133259
v 0.204226 0.048174 -0.621462
vn -0.651010 -0.754749 -0.080867
v 0.196025 0.044013 -0.545139
vn -0.761314 -0.620483 -0.188150
v 0.183310 0.055625 -0.545476
vn -0.824856 -0.539917 -0.167638
v 0.199980 0.049608 -0.594250
vn -0.765274 -0.642149 -0.044731
v 0.209707 0.033132 -0.579584
vn -0.635607 -0.771542 0.026970
v 0.210550 0.032174 -0.557078
vn -0.761225 -0.609316 -0.221970
v 0.238021 0.373285 -0.885855
vn 0.953196 -0.302092 -0.012575
v 0.278330 0.378001 -0.867553
vn 0.748989 0.307956 0.586667
v 0.282470 0.402123 -0.828283
vn 0.290354 0.504318 0.813239
v 0.254937 0.404252 -0.809198
vn -0.862533 0.260390 0.433859
v 0.237652 0.397415 -0.811617
vn -0.949433 0.124401 0.288272
v 0.239920 0.424878 -0.827626
vn -0.976238 0.086372 0.198745
v 0.233524 0.390636 -0.835301
vn -0.277353 -0.839983 -0.466373
v 0.253332 0.353938 -0.872660
vn 0.808671 -0.506349 -0.299437
v 0.275289 0.367609 -0.868585
vn 0.987662 0.066917 0.141582
v 0.284375 0.376046 -0.828630
vn -0.286158 0.468549 0.835808
v 0.246427 0.404194 -0.807819
vn 0.556870 0.486263 0.673383
v 0.267164 0.396669 -0.814180
vn 0.463214 -0.678609 -0.570020
v 0.267639 0.357221 -0.871815
vn -0.630731 -0.649496 -0.424656
v 0.238707 0.359810 -0.869415
vn -0.895618 -0.429786 -0.114684
v 0.237666 0.353488 -0.848291
vn -0.985894 -0.149028 0.076178
v 0.233387 0.367008 -0.836668
vn 0.827929 0.348302 0.439567
v 0.280594 0.374756 -0.812538
vn -0.999798 0.007939 0.018473
v 0.234079 0.363474 -0.819919
vn 0.852016 0.423215 0.308152
v 0.286254 0.419694 -0.842664
vn -0.939570 0.037348 0.340313
v 0.236944 0.417887 -0.838270
vn 0.977300 -0.211420 -0.013657
v 0.282738 0.398136 -0.860456
vn 0.629818 -0.493164 -0.600099
v 0.314564 0.024251 -0.738847
vn -0.452158 0.323549 0.831186
v 0.257146 0.224266 -0.702710
vn 0.740709 0.389727 0.547232
v 0.315189 0.222146 -0.713148
vn 0.400202 0.460222 0.792486
v 0.299835 0.227034 -0.703335
vn 0.067390 0.442041 0.894460
v 0.282053 0.229232 -0.700174
vn -0.215285 0.407947 0.887261
v 0.265430 0.228629 -0.701299
vn 0.901992 0.329731 0.278726
v 0.321439 0.212326 -0.717171
vn 0.711864 0.486282 0.506735
v 0.306165 0.256250 -0.730753
vn 0.342484 0.256830 0.903738
v 0.306678 0.170006 -0.682603
vn -0.893868 0.220459 0.390382
v 0.227430 0.228163 -0.731596
vn -0.933780 -0.027048 -0.356823
v 0.225237 0.222189 -0.762145
vn -0.651437 -0.209047 -0.729335
v 0.235212 0.218672 -0.778200
vn -0.735015 -0.197648 -0.648604
v 0.231329 0.196645 -0.767108
vn -0.510213 -0.277777 -0.813955
v 0.240978 0.195220 -0.774313
vn -0.262046 0.499781 0.825561
v 0.258706 0.271499 -0.726007
vn -0.756379 0.345629 0.555366
v 0.237979 0.269007 -0.740383
vn 0.064832 0.524432 0.848981
v 0.274888 0.269309 -0.722677
vn -0.908795 0.258232 0.327731
v 0.229906 0.250069 -0.743229
vn 0.973141 0.225289 0.047349
v 0.324200 0.209156 -0.733166
vn -0.766572 -0.189052 -0.613700
v 0.236889 0.245419 -0.785488
vn -0.898644 -0.152776 -0.411216
v 0.232807 0.281148 -0.790928
vn -0.949329 -0.037163 -0.312080
v 0.228806 0.247254 -0.772154
vn -0.993448 0.114258 -0.002672
v 0.226742 0.247789 -0.758624
vn -0.927380 -0.168955 -0.333798
v 0.234412 0.322639 -0.813097
vn -0.970994 -0.180837 -0.156426
v 0.235584 0.351476 -0.830466
vn -0.936626 0.196097 0.290305
v 0.233028 0.301562 -0.770550
vn -0.768821 0.309257 0.559710
v 0.239343 0.314660 -0.766764
vn -0.919658 0.193218 0.341899
v 0.234449 0.336606 -0.786524
vn -0.997234 0.027488 -0.069049
v 0.229678 0.281832 -0.777429
vn -0.996948 0.008050 -0.077647
v 0.232183 0.329309 -0.802580
vn 0.398563 -0.276385 -0.874505
v 0.285501 0.261997 -0.813315
vn 0.722859 -0.156101 -0.673132
v 0.290310 0.290254 -0.818267
vn 0.389381 -0.341490 -0.855434
v 0.277980 0.296112 -0.829013
vn 0.695658 -0.224179 -0.682498
v 0.283063 0.319969 -0.834006
vn 0.018196 -0.372571 -0.927825
v 0.275388 0.258547 -0.814367
vn 0.002923 -0.459446 -0.888201
v 0.267307 0.301974 -0.833525
vn -0.363730 -0.395652 -0.843303
v 0.264821 0.257144 -0.811557
vn -0.462571 -0.462397 -0.756450
v 0.256990 0.305054 -0.832274
vn -0.600128 -0.355848 -0.716392
v 0.251663 0.274668 -0.811388
vn -0.663901 -0.369948 -0.649903
v 0.248289 0.299225 -0.821674
vn -0.726340 -0.388273 -0.567163
v 0.245535 0.321138 -0.832693
vn -0.264408 0.498282 0.825714
v 0.256134 0.310700 -0.752012
vn -0.141109 0.503076 0.852645
v 0.250100 0.370031 -0.787410
vn 0.074451 0.564116 0.822332
v 0.270881 0.293533 -0.739082
vn 0.123287 0.546308 0.828461
v 0.267158 0.320832 -0.756796
vn 0.302601 0.548940 0.779165
v 0.261206 0.360245 -0.781148
vn 0.373285 0.554322 0.743899
v 0.289176 0.270744 -0.727716
vn 0.446677 0.563017 0.695336
v 0.283008 0.298943 -0.747154
vn 0.511782 0.541656 0.666850
v 0.279054 0.319886 -0.761375
vn 0.618006 0.511600 0.596937
v 0.270929 0.359393 -0.786447
vn 0.741362 0.496221 0.451826
v 0.294793 0.295655 -0.756068
vn 0.749255 0.478708 0.457663
v 0.289145 0.317132 -0.770827
vn 0.957181 0.286162 0.043769
v 0.312585 0.252635 -0.751898
vn 0.951055 0.294638 0.093183
v 0.296459 0.311444 -0.786264
vn 0.979099 0.165969 -0.117558
v 0.297353 0.305852 -0.799177
vn 0.912023 0.035639 -0.408589
v 0.302970 0.269397 -0.795420
vn -0.819968 0.265202 0.507267
v 0.238384 0.349009 -0.785066
vn 0.508847 -0.432352 -0.744411
v 0.271828 0.331667 -0.848262
vn 0.836211 -0.204183 -0.508979
v 0.280148 0.343103 -0.845209
vn -0.074090 -0.647430 -0.758515
v 0.261824 0.340026 -0.857771
vn -0.536251 -0.573442 -0.619354
v 0.251175 0.337383 -0.851702
vn 0.966740 0.239628 0.089403
v 0.288374 0.349954 -0.810891
vn 0.980815 0.020844 -0.193821
v 0.285072 0.357147 -0.834564
vn 0.901093 -0.134687 -0.412178
v 0.323493 0.120647 -0.749516
vn 0.908737 -0.072892 -0.410955
v 0.322444 0.144713 -0.757681
vn 0.375649 -0.187054 -0.907689
v 0.305719 0.043041 -0.753877
vn 0.289018 -0.150293 -0.945452
v 0.304387 0.078694 -0.757014
vn -0.134177 -0.133738 -0.981891
v 0.294148 0.069215 -0.756637
vn -0.379795 -0.226258 -0.896974
v 0.283064 0.080412 -0.755543
vn -0.288736 -0.177717 -0.940770
v 0.281762 0.038392 -0.754436
vn -0.602927 -0.068060 -0.794888
v 0.272335 0.046449 -0.748743
vn -0.506266 -0.090631 -0.857602
v 0.273629 0.073342 -0.749136
vn -0.469847 -0.242100 -0.848900
v 0.268194 0.100618 -0.751943
vn -0.705439 0.046846 0.707221
v 0.234654 0.139392 -0.698716
vn -0.872515 0.044680 0.486541
v 0.224050 0.155172 -0.712596
vn -0.945132 -0.157203 -0.286378
v 0.221360 0.151165 -0.739172
vn -0.698327 -0.300173 -0.649797
v 0.238084 0.097467 -0.733370
vn 0.689738 -0.072156 -0.720455
v 0.311561 0.067218 -0.752094
vn 0.256649 -0.275483 -0.926413
v 0.304276 0.105207 -0.763554
vn 0.722534 -0.182929 -0.666695
v 0.315264 0.093117 -0.753418
vn -0.110744 -0.237507 -0.965052
v 0.292840 0.101118 -0.762912
vn -0.024879 -0.321048 -0.946736
v 0.288266 0.189625 -0.790886
vn -0.366028 -0.273454 -0.889520
v 0.276465 0.129738 -0.765460
vn -0.427700 -0.316330 -0.846763
v 0.242147 0.173470 -0.767145
vn -0.344986 -0.325712 -0.880282
v 0.275628 0.194053 -0.790441
vn -0.449858 -0.314647 -0.835838
v 0.250116 0.110768 -0.747087
vn 0.893431 -0.119818 -0.432926
v 0.325567 0.039610 -0.734070
vn 0.952321 -0.035658 -0.303008
v 0.322788 0.072340 -0.733600
vn 0.996127 -0.063131 -0.061201
v 0.330530 0.119585 -0.713723
vn 0.791835 -0.075164 0.606092
v 0.326080 0.101803 -0.686274
vn -0.307587 0.167407 0.936678
v 0.266544 0.172283 -0.684188
vn -0.084981 0.080770 0.993103
v 0.290526 0.142502 -0.675072
vn -0.019950 0.216020 0.976185
v 0.287297 0.172715 -0.680450
vn 0.668520 0.196284 0.717324
v 0.322101 0.142055 -0.684294
vn 0.568908 -0.034267 0.821687
v 0.321607 0.118335 -0.679512
vn 0.245333 0.068848 0.966991
v 0.309753 0.134619 -0.674497
vn 0.007530 0.324567 0.945833
v 0.285287 0.198369 -0.687512
vn -0.681978 0.140561 0.717738
v 0.234430 0.176659 -0.704180
vn -0.484245 0.018165 0.874744
v 0.246927 0.131091 -0.688823
vn -0.853169 0.159391 0.496686
v 0.225111 0.185516 -0.717917
vn -0.990629 0.054169 0.125377
v 0.219731 0.173659 -0.729096
vn -0.986007 -0.118213 0.117541
v 0.221178 0.142322 -0.722420
vn 0.340049 0.339207 0.877101
v 0.304438 0.198119 -0.691107
vn 0.696402 0.298205 0.652762
v 0.319381 0.189355 -0.698761
vn 0.193679 -0.500864 -0.843578
v 0.296452 0.022924 -0.749430
vn 0.845631 -0.475626 0.242257
v 0.316194 0.006361 -0.676879
vn 0.765191 -0.641135 0.058556
v 0.316387 0.000223 -0.693669
vn -0.237864 -0.595783 -0.767114
v 0.282839 0.018256 -0.745799
vn 0.752818 -0.588250 -0.295342
v 0.315992 0.005230 -0.713842
vn 0.425210 -0.890993 -0.159146
v 0.303934 -0.009125 -0.699788
vn 0.257077 -0.779182 -0.571652
v 0.295991 0.000432 -0.727258
vn -0.119530 -0.965321 -0.232096
v 0.287545 -0.012723 -0.705908
vn -0.502390 -0.611713 -0.611074
v 0.269666 0.009182 -0.730308
vn -0.273727 -0.816274 -0.508695
v 0.280136 -0.006147 -0.717462
vn 0.995459 -0.065418 0.069148
v 0.288703 0.403458 -0.841772
vn -0.946727 0.070475 0.314230
v 0.229178 0.410196 -0.854843
vn 0.984757 -0.092065 -0.147572
v 0.284689 0.375903 -0.842597
vn 0.914813 -0.002785 -0.403868
v 0.294499 0.301962 -0.813361
vn 0.971147 0.178768 -0.157845
v 0.308431 0.265007 -0.775514
vn 0.995390 0.001801 -0.095891
v 0.330684 0.156032 -0.727622
vn 0.971265 -0.079974 -0.224161
v 0.328094 0.127499 -0.735950
vn -0.826156 -0.444449 -0.346312
v 0.243060 0.343705 -0.846724
vn 0.845939 0.401599 0.350863
v 0.286037 0.340309 -0.789690
vn 0.884471 0.392196 0.252771
v 0.294068 0.312669 -0.777361
vn 0.904751 0.370506 0.210123
v 0.311220 0.252579 -0.740080
vn 0.925004 0.049018 -0.376782
v 0.319663 0.202801 -0.767391
vn 0.734036 -0.098830 -0.671881
v 0.301226 0.246705 -0.798164
vn 0.445102 -0.206206 -0.871414
v 0.292613 0.229705 -0.800986
vn 0.085725 -0.306206 -0.948098
v 0.281968 0.225864 -0.802087
vn -0.260014 -0.349633 -0.900083
v 0.270390 0.227721 -0.801299
vn -0.519563 -0.323305 -0.790903
v 0.255029 0.245238 -0.799819
vn 0.977191 0.148448 -0.151857
v 0.323628 0.206867 -0.751149
vn 0.760873 -0.081818 -0.643722
v 0.314637 0.176478 -0.775197
vn 0.287574 -0.233167 -0.928942
v 0.299709 0.188917 -0.788914
vn 0.993291 0.089988 0.072625
v 0.329935 0.174897 -0.719819
vn 0.990192 0.091559 -0.105530
v 0.328695 0.179964 -0.736683
vn 0.956676 -0.005910 -0.291094
v 0.326880 0.162442 -0.749301
vn -0.149445 -0.335893 -0.929969
v 0.285470 0.169618 -0.783489
vn -0.705290 -0.266424 -0.656951
v 0.230049 0.151191 -0.752082
vn -0.944483 -0.053968 -0.324098
v 0.222077 0.187033 -0.748677
vn 0.712765 -0.177834 -0.678484
v 0.315518 0.141837 -0.769042
vn 0.266800 -0.245689 -0.931909
v 0.303403 0.158350 -0.781727
vn -0.197578 -0.310896 -0.929681
v 0.292276 0.143836 -0.775587
vn 0.906290 0.098849 0.410935
v 0.327646 0.132714 -0.689929
vn 0.952658 -0.127971 -0.275801
v 0.323385 0.096451 -0.739620
vn 0.992705 -0.025798 0.117776
v 0.330313 0.117336 -0.699951
vn 0.912323 0.231849 0.337508
v 0.325976 0.185583 -0.707430
vn -0.304858 0.261811 0.915705
v 0.266150 0.195519 -0.689285
vn -0.283540 0.046617 0.957827
v 0.266617 0.140326 -0.680296
vn -0.991224 0.127183 0.036034
v 0.223816 0.228585 -0.748906
vn -0.523379 0.184781 0.831823
v 0.244181 0.177874 -0.696736
vn -0.677673 0.236719 0.696221
v 0.237017 0.215276 -0.712621
vn -0.700139 0.331223 0.632532
v 0.237154 0.234826 -0.720217
vn -0.500513 0.421672 0.756095
v 0.248285 0.268287 -0.729512
vn -0.545534 0.434460 0.716685
v 0.246556 0.296764 -0.748721
vn -0.556900 0.397175 0.729462
v 0.245867 0.321081 -0.763168
vn -0.929821 -0.237429 -0.281175
v 0.230074 0.105765 -0.723760
vn -0.974234 -0.205294 -0.093399
v 0.222655 0.383060 -0.866272
vn -0.757742 -0.269318 -0.594387
v 0.239345 0.277413 -0.800131
vn -0.803911 -0.274560 -0.527583
v 0.239024 0.300577 -0.811028
vn -0.989245 0.097832 0.108734
v 0.232225 0.321508 -0.788654
vn -0.973775 0.123333 0.191186
v 0.235598 0.373936 -0.806360
vn -0.523267 -0.842811 0.125943
v 0.246337 0.366405 -0.892865
vn 0.943168 -0.200821 0.264774
v 0.291160 0.386364 -0.891793
vn 0.583165 -0.771616 0.254023
v 0.279450 0.364734 -0.898584
vn 0.501967 0.564858 0.654954
v 0.272733 0.425583 -0.839263
vn 0.995935 0.041387 0.079999
v 0.285841 0.408330 -0.873238
vn 0.802421 -0.531607 0.271135
v 0.286520 0.369511 -0.905122
vn 0.160649 -0.986353 0.036052
v 0.259299 0.360599 -0.893967
vn 0.743079 0.427548 0.514816
v 0.258326 0.455006 -0.845724
vn 0.657241 0.463950 0.593957
v 0.265326 0.428821 -0.834976
vn 0.938318 0.322456 0.124826
v 0.282428 0.426658 -0.869976
vn -0.092473 -0.916848 0.388378
v 0.260206 0.352044 -0.915929
vn -0.931270 -0.364253 0.007481
v 0.228331 0.388620 -0.884390
vn -0.910658 -0.236434 -0.338822
v 0.227442 0.388380 -0.874609
vn -0.916316 -0.083263 0.391704
v 0.228459 0.435041 -0.855889
vn 0.525278 -0.584481 0.618438
v 0.296187 0.355396 -0.955887
vn 0.342505 -0.590291 0.730922
v 0.274706 0.340851 -0.959470
vn -0.037285 -0.585971 0.809474
v 0.269775 0.331761 -0.961957
vn 0.853904 -0.282242 0.437249
v 0.307467 0.381763 -0.940551
vn 0.763392 -0.481958 0.430057
v 0.306567 0.372534 -0.946979
vn -0.318254 -0.674313 0.666346
v 0.250953 0.335895 -0.956034
vn -0.936765 -0.317240 0.147750
v 0.240152 0.336816 -0.969558
vn 0.888899 -0.177932 0.422135
v 0.311309 0.387921 -0.945010
vn 0.644268 -0.676260 0.357200
v 0.291740 0.359509 -0.940513
vn -0.042015 0.710402 -0.702541
v 0.299267 0.384127 -0.977410
vn -0.215433 0.621652 -0.753085
v 0.273676 0.368928 -0.982044
vn -0.290005 0.662583 -0.690565
v 0.255858 0.361079 -0.985663
vn -0.537997 0.343540 -0.769766
v 0.246702 0.350222 -0.990297
vn -0.948334 0.182524 -0.259515
v 0.240034 0.350341 -0.974728
vn -0.171673 0.614432 -0.770066
v 0.270780 0.425957 -0.928502
vn -0.337062 0.648767 -0.682268
v 0.287927 0.390058 -0.965987
vn 0.377733 0.780124 -0.498722
v 0.306014 0.402541 -0.957117
vn -0.807088 -0.568413 0.159737
v 0.238608 0.364884 -0.918151
vn -0.974643 -0.185408 -0.125279
v 0.234332 0.373725 -0.928988
vn -0.936994 0.007585 -0.349263
v 0.227977 0.396518 -0.913310
vn -0.857901 0.261484 -0.442302
v 0.238030 0.379888 -0.938528
vn -0.489366 -0.800946 0.344972
v 0.247813 0.352679 -0.919127
vn -0.549769 0.326735 -0.768764
v 0.242647 0.415585 -0.922798
vn -0.563297 0.501669 -0.656525
v 0.246864 0.390980 -0.940846
vn -0.378325 0.500098 -0.778956
v 0.264476 0.416526 -0.933158
vn -0.607136 0.594950 -0.526707
v 0.246021 0.374411 -0.959023
vn -0.411081 0.572573 -0.709346
v 0.266882 0.398432 -0.946863
vn -0.743327 0.266143 -0.613704
v 0.231895 0.404739 -0.917820
vn -0.924371 -0.003622 -0.381477
v 0.225278 0.419430 -0.905475
vn -0.943877 -0.314222 0.101788
v 0.239948 0.353381 -0.949520
vn -0.538906 -0.767127 0.347989
v 0.248254 0.343864 -0.941883
vn -0.985131 -0.161893 -0.057507
v 0.226083 0.393932 -0.900612
vn -0.962833 0.167813 -0.211641
v 0.239337 0.363632 -0.953476
vn -0.741727 0.519344 -0.424408
v 0.245779 0.354754 -0.984009
vn 0.898559 -0.279691 0.338177
v 0.296478 0.382193 -0.919872
vn 0.615952 -0.738472 0.274341
v 0.283465 0.361556 -0.918985
vn 0.323967 -0.885203 0.333857
v 0.266967 0.354606 -0.913278
vn -0.427026 0.744094 -0.513783
v 0.225940 0.473281 -0.881761
vn -0.101647 0.651929 -0.751436
v 0.248782 0.463114 -0.897150
vn -0.348330 0.694846 -0.629170
v 0.272907 0.385087 -0.960629
vn -0.319616 0.450303 -0.833710
v 0.243750 0.433975 -0.916008
vn -0.252949 0.583523 -0.771698
v 0.233023 0.458076 -0.897657
vn -0.760155 0.285623 -0.583595
v 0.218635 0.453604 -0.895115
vn 0.117597 0.716815 -0.687275
v 0.277301 0.431957 -0.923597
vn 0.197892 0.834805 -0.513750
v 0.259508 0.477842 -0.884435
vn -0.166637 0.985525 0.031193
v 0.239317 0.483569 -0.872105
vn 0.952018 0.175592 0.250659
v 0.286078 0.424661 -0.889769
vn 0.941630 -0.014022 0.336357
v 0.295189 0.398157 -0.910359
vn 0.606742 0.732528 0.308654
v 0.260293 0.475937 -0.864950
vn 0.879669 0.383755 0.280917
v 0.273774 0.462140 -0.877306
vn 0.934298 0.238352 0.265094
v 0.279229 0.449598 -0.882391
vn 0.892430 0.451086 -0.009520
v 0.285758 0.438725 -0.903139
vn 0.518958 0.687430 -0.508058
v 0.281264 0.441715 -0.911327
vn 0.076099 -0.881741 0.465556
v 0.257358 0.336978 -0.950615
vn 0.919216 0.050477 0.390506
v 0.307084 0.398303 -0.933479
vn 0.917516 0.377938 0.123802
v 0.307680 0.403553 -0.938123
vn 0.936351 0.183403 0.299349
v 0.291991 0.418486 -0.905429
vn 0.900418 0.413135 0.136263
v 0.293211 0.424825 -0.915768
vn 0.633566 0.710966 -0.305158
v 0.288777 0.429009 -0.922810
vn 0.792032 -0.485905 0.369570
v 0.297259 0.374534 -0.928561
vn -0.827481 0.498139 0.259100
v 0.223542 0.470803 -0.866911
vn -0.978154 0.182166 0.100155
v 0.217419 0.459351 -0.875055
vn -0.741081 0.552808 -0.381054
v 0.220003 0.461838 -0.888723
vn -0.984860 -0.143828 0.096767
v 0.216877 0.441485 -0.883990
vn -0.431357 0.652579 0.622954
v 0.234325 0.474660 -0.856366
vn -0.994528 -0.102522 0.020088
v 0.224440 0.415592 -0.875704
vn 0.234807 0.547470 0.803208
v 0.250662 0.448175 -0.831224
vn -0.522747 0.413830 0.745305
v 0.242816 0.440645 -0.828900
vn 0.149678 0.883009 0.444851
v 0.249886 0.480086 -0.859938
vn 0.281470 0.655353 0.700919
v 0.247169 0.471111 -0.848892
vn -0.834715 0.136222 0.533567
v 0.229038 0.459139 -0.852763
vn -0.899709 -0.022796 0.435895
v 0.222640 0.450070 -0.862216
vn 0.746524 0.525654 0.407908
v 0.270983 0.442917 -0.857522
vn 0.734123 0.664590 -0.139225
v 0.269588 0.470849 -0.886794
vn 0.885432 0.294624 0.359453
v 0.275171 0.447960 -0.872060
vn 0.737155 0.580218 -0.346338
v 0.318199 0.382411 -0.973070
vn 0.523168 -0.356419 0.774120
v 0.312758 0.366150 -0.962069
vn 0.039063 0.332469 -0.942305
v 0.306261 0.376173 -0.983192
vn 0.529564 0.494242 -0.689411
v 0.314756 0.379226 -0.980800
vn 0.016958 0.284032 -0.958665
v 0.274550 0.356636 -0.988834
vn -0.839100 -0.179868 -0.513379
v 0.243088 0.338262 -0.987571
vn 0.889520 -0.056855 0.453345
v 0.328027 0.348591 -0.965914
vn 0.593553 -0.021030 -0.804520
v 0.323438 0.350026 -0.983196
vn 0.907524 0.167815 0.385018
v 0.319292 0.377929 -0.962820
vn 0.204367 -0.227506 0.952090
v 0.296336 0.344372 -0.962710
vn 0.954677 -0.267623 0.130267
v 0.314266 0.304631 -0.986534
vn 0.565330 -0.536124 0.626875
v 0.302587 0.303435 -0.972623
vn 0.409725 -0.127580 -0.903244
v 0.310140 0.324567 -0.983688
vn 0.176189 -0.292058 -0.940032
v 0.296169 0.293883 -0.988338
vn -0.773061 -0.491400 0.401127
v 0.251854 0.306245 -0.971191
vn -0.142129 -0.035037 -0.989228
v 0.253778 0.336303 -0.993700
vn 0.123188 -0.372790 -0.919702
v 0.279100 0.317771 -0.990466
vn 0.146539 0.036674 -0.988525
v 0.268001 0.336260 -0.991902
vn 0.465990 -0.487198 -0.738574
v 0.280191 0.310346 -0.979986
vn 0.748153 -0.477758 -0.460450
v 0.305422 0.303189 -0.978498
vn 0.369329 -0.232074 0.899854
v 0.309622 0.357329 -0.964152
vn -0.015017 -0.978464 0.205871
v 0.281451 0.272169 -0.974299
vn -0.333211 -0.260847 -0.906051
v 0.259731 0.307834 -0.987621
vn 0.230680 -0.019211 -0.972840
v 0.304940 0.347607 -0.986544
vn 0.887105 -0.459845 0.039837
v 0.326184 0.315900 -0.983251
vn 0.241414 -0.251008 0.937397
v 0.261864 0.315152 -0.962567
vn -0.655509 -0.492790 -0.572246
v 0.262076 0.289763 -0.987156
vn 0.482969 -0.131309 -0.865736
v 0.281323 0.286201 -0.991093
vn 0.780238 -0.091803 0.618709
v 0.286557 0.289712 -0.973253
vn 0.007689 -0.411556 0.911352
v 0.290371 0.307624 -0.965966
vn 0.939057 -0.031122 -0.342351
v 0.320758 0.331747 -0.975879
vn 0.599394 -0.016613 0.800282
v 0.316070 0.336004 -0.964017
vn -0.099983 -0.929823 0.354164
v 0.294776 0.288724 -0.980453
vn 0.384847 -0.361622 0.849189
v 0.306722 0.323129 -0.965298
# 2628 vertices, 0 vertices normals

f 14//14 77//77 20//20
f 1495//1495 11//11 6//6
f 35//35 1435//1435 7//7
f 20//20 1360//1360 1476//1476
f 25//25 146//146 24//24
f 22//22 67//67 6//6
f 3//3 4//4 16//16
f 1//1 17//17 85//85
f 1//1 10//10 1335//1335
f 1//1 1335//1335 17//17
f 1//1 15//15 10//10
f 66//66 17//17 3//3
f 17//17 9//9 3//3
f 3//3 2//2 71//71
f 3//3 16//16 2//2
f 17//17 1335//1335 9//9
f 3//3 71//71 66//66
f 38//38 47//47 5//5
f 1283//1283 37//37 46//46
f 27//27 37//37 1283//1283
f 1282//1282 29//29 27//27
f 16//16 4//4 47//47
f 1282//1282 1433//1433 29//29
f 1970//1970 29//29 1433//1433
f 63//63 6//6 74//74
f 1431//1431 5//5 1281//1281
f 46//46 5//5 1431//1431
f 1419//1419 46//46 1431//1431
f 1284//1284 46//46 1419//1419
f 1283//1283 46//46 1284//1284
f 1282//1282 27//27 1283//1283
f 1434//1434 8//8 7//7
f 1434//1434 63//63 8//8
f 5//5 47//47 1281//1281
f 3//3 9//9 1334//1334
f 3//3 1334//1334 4//4
f 35//35 7//7 8//8
f 47//47 4//4 1281//1281
f 1281//1281 4//4 1334//1334
f 12//12 13//13 1353//1353
f 22//22 1477//1477 1478//1478
f 21//21 22//22 1478//1478
f 14//14 19//19 77//77
f 1399//1399 13//13 19//19
f 1399//1399 1353//1353 13//13
f 12//12 1390//1390 10//10
f 21//21 1478//1478 1360//1360
f 20//20 21//21 1360//1360
f 14//14 20//20 1476//1476
f 1400//1400 14//14 1476//1476
f 22//22 6//6 11//11
f 22//22 11//11 1477//1477
f 1390//1390 1386//1386 1335//1335
f 1390//1390 1335//1335 10//10
f 14//14 1400//1400 19//19
f 1399//1399 19//19 1400//1400
f 15//15 18//18 13//13
f 15//15 13//13 12//12
f 19//19 13//13 18//18
f 12//12 10//10 15//15
f 1435//1435 35//35 36//36
f 44//44 137//137 23//23
f 148//148 2086//2086 2073//2073
f 137//137 44//44 2086//2086
f 137//137 2086//2086 121//121
f 41//41 114//114 124//124
f 41//41 124//124 45//45
f 123//123 133//133 40//40
f 40//40 133//133 122//122
f 2073//2073 40//40 122//122
f 137//137 144//144 23//23
f 146//146 25//25 140//140
f 140//140 25//25 144//144
f 25//25 23//23 144//144
f 23//23 25//25 2028//2028
f 120//120 26//26 119//119
f 24//24 146//146 26//26
f 16//16 39//39 26//26
f 16//16 26//26 2//2
f 26//26 43//43 24//24
f 119//119 26//26 146//146
f 120//120 2//2 26//26
f 34//34 63//63 134//134
f 31//31 63//63 34//34
f 33//33 37//37 1971//1971
f 37//37 27//27 28//28
f 37//37 28//28 1971//1971
f 38//38 5//5 32//32
f 5//5 46//46 32//32
f 46//46 33//33 32//32
f 46//46 37//37 33//33
f 31//31 8//8 63//63
f 35//35 8//8 31//31
f 31//31 2147//2147 35//35
f 16//16 47//47 39//39
f 47//47 38//38 39//39
f 42//42 2040//2040 34//34
f 31//31 34//34 2040//2040
f 43//43 30//30 2020//2020
f 38//38 32//32 30//30
f 30//30 32//32 2104//2104
f 32//32 33//33 2104//2104
f 30//30 39//39 38//38
f 30//30 43//43 26//26
f 30//30 26//26 39//39
f 28//28 27//27 29//29
f 24//24 2017//2017 25//25
f 2028//2028 25//25 2017//2017
f 2075//2075 41//41 45//45
f 2073//2073 2086//2086 2072//2072
f 2071//2071 42//42 114//114
f 2075//2075 45//45 2074//2074
f 2074//2074 45//45 123//123
f 2074//2074 123//123 2133//2133
f 2133//2133 123//123 40//40
f 2133//2133 40//40 2132//2132
f 2132//2132 40//40 2073//2073
f 2071//2071 114//114 41//41
f 2071//2071 41//41 2075//2075
f 2017//2017 2037//2037 2028//2028
f 2087//2087 44//44 23//23
f 2087//2087 23//23 2027//2027
f 2087//2087 2086//2086 44//44
f 2028//2028 2027//2027 23//23
f 2071//2071 2040//2040 42//42
f 36//36 35//35 2038//2038
f 72//72 127//127 113//113
f 15//15 1//1 79//79
f 79//79 1//1 85//85
f 85//85 81//81 79//79
f 17//17 66//66 61//61
f 69//69 65//65 70//70
f 98//98 132//132 147//147
f 126//126 127//127 120//120
f 141//141 145//145 309//309
f 309//309 147//147 141//141
f 119//119 146//146 141//141
f 73//73 57//57 189//189
f 112//112 131//131 158//158
f 52//52 190//190 191//191
f 52//52 191//191 188//188
f 49//49 186//186 190//190
f 49//49 190//190 52//52
f 56//56 57//57 73//73
f 56//56 54//54 55//55
f 56//56 55//55 57//57
f 54//54 59//59 53//53
f 54//54 53//53 55//55
f 59//59 90//90 212//212
f 59//59 212//212 53//53
f 52//52 188//188 51//51
f 50//50 49//49 52//52
f 90//90 50//50 52//52
f 90//90 52//52 51//51
f 50//50 87//87 49//49
f 49//49 87//87 88//88
f 49//49 88//88 186//186
f 97//97 76//76 158//158
f 228//228 97//97 48//48
f 97//97 62//62 76//76
f 62//62 228//228 80//80
f 97//97 228//228 62//62
f 97//97 162//162 48//48
f 112//112 76//76 60//60
f 66//66 72//72 61//61
f 62//62 60//60 76//76
f 60//60 61//61 72//72
f 60//60 62//62 61//61
f 134//134 63//63 74//74
f 70//70 67//67 22//22
f 70//70 22//22 21//21
f 69//69 70//70 21//21
f 20//20 69//69 21//21
f 77//77 19//19 68//68
f 72//72 71//71 127//127
f 56//56 150//150 91//91
f 92//92 67//67 70//70
f 93//93 94//94 77//77
f 92//92 75//75 67//67
f 94//94 69//69 20//20
f 94//94 20//20 77//77
f 96//96 68//68 19//19
f 19//19 18//18 96//96
f 66//66 71//71 72//72
f 87//87 65//65 88//88
f 50//50 92//92 87//87
f 89//89 75//75 90//90
f 75//75 92//92 50//50
f 58//58 93//93 86//86
f 65//65 94//94 58//58
f 65//65 58//58 88//88
f 58//58 94//94 93//93
f 64//64 75//75 89//89
f 91//91 64//64 89//89
f 128//128 73//73 189//189
f 128//128 189//189 291//291
f 129//129 56//56 73//73
f 129//129 73//73 128//128
f 212//212 51//51 187//187
f 90//90 51//51 212//212
f 90//90 75//75 50//50
f 75//75 64//64 67//67
f 112//112 158//158 76//76
f 112//112 60//60 113//113
f 60//60 72//72 113//113
f 6//6 67//67 64//64
f 74//74 6//6 64//64
f 81//81 62//62 80//80
f 83//83 82//82 18//18
f 93//93 77//77 68//68
f 93//93 68//68 95//95
f 96//96 95//95 68//68
f 85//85 17//17 61//61
f 95//95 96//96 223//223
f 95//95 223//223 78//78
f 93//93 95//95 78//78
f 93//93 78//78 86//86
f 82//82 223//223 96//96
f 62//62 81//81 61//61
f 83//83 18//18 15//15
f 83//83 15//15 79//79
f 226//226 223//223 82//82
f 226//226 82//82 84//84
f 81//81 80//80 221//221
f 79//79 84//84 83//83
f 82//82 83//83 84//84
f 226//226 84//84 221//221
f 81//81 85//85 61//61
f 81//81 221//221 84//84
f 81//81 84//84 79//79
f 150//150 74//74 91//91
f 87//87 92//92 65//65
f 91//91 89//89 54//54
f 91//91 54//54 56//56
f 54//54 89//89 59//59
f 89//89 90//90 59//59
f 56//56 129//129 150//150
f 150//150 134//134 74//74
f 70//70 65//65 92//92
f 65//65 69//69 94//94
f 74//74 64//64 91//91
f 96//96 18//18 82//82
f 266//266 108//108 128//128
f 266//266 128//128 291//291
f 108//108 111//111 129//129
f 108//108 129//129 128//128
f 265//265 107//107 108//108
f 265//265 108//108 266//266
f 130//130 273//273 272//272
f 130//130 272//272 97//97
f 268//268 267//267 104//104
f 268//268 104//104 261//261
f 267//267 257//257 99//99
f 267//267 99//99 104//104
f 107//107 111//111 108//108
f 264//264 106//106 107//107
f 264//264 107//107 265//265
f 106//106 111//111 107//107
f 106//106 110//110 111//111
f 263//263 101//101 106//106
f 263//263 106//106 264//264
f 101//101 110//110 106//106
f 262//262 105//105 101//101
f 262//262 101//101 263//263
f 105//105 100//100 101//101
f 261//261 104//104 103//103
f 261//261 103//103 260//260
f 104//104 99//99 109//109
f 104//104 109//109 103//103
f 260//260 103//103 102//102
f 260//260 102//102 299//299
f 103//103 109//109 102//102
f 109//109 100//100 102//102
f 318//318 149//149 117//117
f 101//101 100//100 110//110
f 131//131 98//98 315//315
f 131//131 315//315 130//130
f 310//310 98//98 147//147
f 132//132 98//98 131//131
f 237//237 273//273 130//130
f 237//237 130//130 315//315
f 310//310 315//315 98//98
f 147//147 132//132 125//125
f 132//132 126//126 125//125
f 132//132 112//112 113//113
f 132//132 113//113 126//126
f 112//112 132//132 131//131
f 124//124 151//151 45//45
f 45//45 151//151 133//133
f 45//45 133//133 123//123
f 2073//2073 122//122 148//148
f 148//148 121//121 2086//2086
f 71//71 2//2 120//120
f 127//127 126//126 113//113
f 71//71 120//120 127//127
f 157//157 150//150 116//116
f 152//152 149//149 122//122
f 126//126 120//120 119//119
f 126//126 119//119 125//125
f 42//42 34//34 115//115
f 42//42 115//115 153//153
f 122//122 133//133 152//152
f 34//34 157//157 115//115
f 257//257 151//151 155//155
f 257//257 155//155 99//99
f 155//155 118//118 99//99
f 153//153 115//115 110//110
f 153//153 110//110 100//100
f 118//118 153//153 100//100
f 117//117 152//152 151//151
f 117//117 151//151 257//257
f 149//149 152//152 117//117
f 157//157 116//116 115//115
f 299//299 105//105 262//262
f 299//299 102//102 105//105
f 105//105 102//102 100//100
f 158//158 130//130 97//97
f 131//131 130//130 158//158
f 134//134 157//157 34//34
f 135//135 149//149 318//318
f 304//304 136//136 135//135
f 137//137 143//143 144//144
f 148//148 122//122 149//149
f 148//148 149//149 154//154
f 148//148 154//154 121//121
f 141//141 146//146 140//140
f 141//141 125//125 119//119
f 136//136 154//154 135//135
f 142//142 137//137 121//121
f 142//142 121//121 136//136
f 135//135 154//154 149//149
f 142//142 143//143 137//137
f 142//142 139//139 138//138
f 309//309 145//145 314//314
f 139//139 142//142 136//136
f 139//139 136//136 304//304
f 310//310 147//147 309//309
f 143//143 138//138 145//145
f 142//142 138//138 143//143
f 140//140 144//144 143//143
f 145//145 141//141 140//140
f 145//145 140//140 143//143
f 141//141 147//147 125//125
f 314//314 145//145 138//138
f 272//272 162//162 97//97
f 111//111 116//116 150//150
f 111//111 150//150 129//129
f 156//156 155//155 124//124
f 156//156 124//124 114//114
f 155//155 151//151 124//124
f 42//42 156//156 114//114
f 109//109 99//99 118//118
f 110//110 115//115 116//116
f 110//110 116//116 111//111
f 118//118 156//156 153//153
f 109//109 118//118 100//100
f 134//134 150//150 157//157
f 136//136 121//121 154//154
f 118//118 155//155 156//156
f 152//152 133//133 151//151
f 156//156 42//42 153//153
f 163//163 572//572 588//588
f 192//192 194//194 229//229
f 586//586 324//324 166//166
f 182//182 177//177 176//176
f 80//80 228//228 229//229
f 78//78 223//223 215//215
f 323//323 240//240 235//235
f 251//251 266//266 253//253
f 1038//1038 255//255 1031//1031
f 265//265 266//266 251//251
f 246//246 296//296 251//251
f 917//917 297//297 976//976
f 308//308 305//305 306//306
f 237//237 315//315 316//316
f 310//310 316//316 315//315
f 308//308 313//313 301//301
f 308//308 306//306 313//313
f 336//336 335//335 213//213
f 199//199 197//197 202//202
f 203//203 200//200 199//199
f 160//160 606//606 166//166
f 161//161 204//204 159//159
f 292//292 179//179 161//161
f 324//324 160//160 166//166
f 183//183 206//206 181//181
f 182//182 180//180 325//325
f 292//292 208//208 179//179
f 609//609 343//343 337//337
f 161//161 179//179 204//204
f 201//201 205//205 603//603
f 603//603 200//200 201//201
f 603//603 198//198 200//200
f 198//198 603//603 605//605
f 198//198 199//199 200//200
f 605//605 598//598 198//198
f 197//197 169//169 202//202
f 598//598 169//169 197//197
f 198//198 197//197 199//199
f 598//598 197//197 198//198
f 193//193 655//655 195//195
f 162//162 597//597 48//48
f 48//48 597//597 192//192
f 195//195 633//633 225//225
f 188//188 191//191 184//184
f 188//188 184//184 172//172
f 190//190 168//168 184//184
f 190//190 184//184 191//191
f 186//186 230//230 232//232
f 186//186 232//232 190//190
f 186//186 88//88 58//58
f 186//186 58//58 230//230
f 189//189 57//57 177//177
f 189//189 177//177 182//182
f 57//57 55//55 177//177
f 55//55 53//53 211//211
f 55//55 211//211 177//177
f 51//51 188//188 172//172
f 51//51 172//172 187//187
f 190//190 232//232 231//231
f 190//190 231//231 168//168
f 58//58 86//86 217//217
f 58//58 217//217 230//230
f 596//596 185//185 590//590
f 256//256 596//596 595//595
f 256//256 595//595 597//597
f 225//225 633//633 594//594
f 256//256 597//597 162//162
f 185//185 324//324 586//586
f 185//185 256//256 324//324
f 172//172 184//184 581//581
f 168//168 574//574 581//581
f 168//168 581//581 184//184
f 181//181 209//209 178//178
f 208//208 175//175 207//207
f 208//208 207//207 179//179
f 174//174 175//175 178//178
f 177//177 211//211 171//171
f 177//177 171//171 176//176
f 187//187 172//172 610//610
f 187//187 610//610 580//580
f 170//170 187//187 580//580
f 170//170 580//580 171//171
f 619//619 560//560 169//169
f 619//619 169//169 598//598
f 560//560 165//165 169//169
f 560//560 167//167 164//164
f 560//560 164//164 165//165
f 164//164 167//167 163//163
f 602//602 619//619 598//598
f 168//168 231//231 631//631
f 168//168 631//631 574//574
f 572//572 163//163 167//167
f 572//572 167//167 571//571
f 547//547 619//619 602//602
f 165//165 335//335 202//202
f 165//165 202//202 169//169
f 164//164 335//335 165//165
f 164//164 213//213 335//335
f 228//228 48//48 229//229
f 229//229 48//48 192//192
f 290//290 200//200 203//203
f 202//202 332//332 203//203
f 202//202 203//203 199//199
f 200//200 290//290 201//201
f 159//159 204//204 205//205
f 604//604 179//179 207//207
f 209//209 181//181 180//180
f 209//209 180//180 210//210
f 208//208 178//178 175//175
f 291//291 189//189 182//182
f 291//291 182//182 325//325
f 604//604 603//603 205//205
f 604//604 205//205 204//204
f 604//604 204//204 179//179
f 181//181 178//178 208//208
f 182//182 176//176 180//180
f 208//208 292//292 183//183
f 178//178 209//209 174//174
f 181//181 208//208 183//183
f 174//174 209//209 210//210
f 174//174 210//210 173//173
f 180//180 181//181 206//206
f 180//180 206//206 293//293
f 293//293 325//325 180//180
f 210//210 176//176 171//171
f 210//210 171//171 173//173
f 173//173 171//171 580//580
f 173//173 580//580 526//526
f 210//210 180//180 176//176
f 211//211 170//170 171//171
f 53//53 212//212 211//211
f 212//212 187//187 170//170
f 212//212 170//170 211//211
f 588//588 213//213 163//163
f 588//588 337//337 213//213
f 336//336 213//213 337//337
f 337//337 588//588 609//609
f 232//232 218//218 224//224
f 232//232 224//224 231//231
f 230//230 217//217 218//218
f 230//230 218//218 232//232
f 86//86 78//78 216//216
f 86//86 216//216 217//217
f 594//594 214//214 225//225
f 224//224 630//630 632//632
f 231//231 224//224 632//632
f 231//231 632//632 631//631
f 218//218 217//217 219//219
f 78//78 215//215 216//216
f 225//225 214//214 227//227
f 219//219 214//214 220//220
f 196//196 225//225 227//227
f 222//222 229//229 194//194
f 215//215 226//226 222//222
f 217//217 227//227 219//219
f 217//217 216//216 227//227
f 219//219 227//227 214//214
f 80//80 229//229 221//221
f 222//222 221//221 229//229
f 226//226 215//215 223//223
f 221//221 222//222 226//226
f 224//224 220//220 630//630
f 218//218 219//219 220//220
f 218//218 220//220 224//224
f 196//196 222//222 194//194
f 196//196 215//215 222//222
f 196//196 227//227 215//215
f 215//215 227//227 216//216
f 234//234 343//343 609//609
f 233//233 343//343 234//234
f 234//234 606//606 233//233
f 185//185 586//586 590//590
f 256//256 185//185 596//596
f 196//196 195//195 225//225
f 194//194 195//195 196//196
f 194//194 193//193 195//195
f 192//192 193//193 194//194
f 597//597 193//193 192//192
f 164//164 163//163 213//213
f 345//345 283//283 354//354
f 236//236 285//285 239//239
f 284//284 275//275 239//239
f 284//284 239//239 285//285
f 290//290 282//282 201//201
f 290//290 280//280 282//282
f 235//235 275//275 284//284
f 1037//1037 606//606 160//160
f 161//161 250//250 292//292
f 294//294 250//250 161//161
f 205//205 201//201 288//288
f 253//253 266//266 291//291
f 253//253 291//291 325//325
f 272//272 256//256 162//162
f 249//249 206//206 183//183
f 292//292 249//249 183//183
f 249//249 295//295 206//206
f 1038//1038 283//283 238//238
f 997//997 606//606 1037//1037
f 294//294 161//161 159//159
f 993//993 286//286 287//287
f 282//282 281//281 288//288
f 282//282 288//288 201//201
f 279//279 281//281 282//282
f 282//282 280//280 279//279
f 239//239 278//278 236//236
f 239//239 241//241 276//276
f 239//239 276//276 278//278
f 275//275 241//241 239//239
f 236//236 278//278 279//279
f 236//236 279//279 280//280
f 278//278 277//277 279//279
f 278//278 276//276 277//277
f 235//235 240//240 275//275
f 987//987 270//270 274//274
f 269//269 272//272 273//273
f 1026//1026 274//274 317//317
f 269//269 271//271 272//272
f 254//254 268//268 261//261
f 254//254 261//261 979//979
f 254//254 242//242 259//259
f 254//254 259//259 268//268
f 259//259 258//258 267//267
f 259//259 267//267 268//268
f 258//258 117//117 257//257
f 258//258 257//257 267//267
f 248//248 264//264 265//265
f 248//248 265//265 251//251
f 296//296 263//263 264//264
f 296//296 264//264 248//248
f 245//245 262//262 263//263
f 245//245 263//263 296//296
f 979//979 261//261 260//260
f 979//979 260//260 243//243
f 243//243 260//260 299//299
f 243//243 299//299 298//298
f 320//320 321//321 259//259
f 320//320 259//259 242//242
f 321//321 319//319 258//258
f 321//321 258//258 259//259
f 319//319 318//318 117//117
f 319//319 117//117 258//258
f 269//269 989//989 271//271
f 271//271 256//256 272//272
f 256//256 989//989 324//324
f 160//160 324//324 1034//1034
f 1034//1034 989//989 988//988
f 1034//1034 324//324 989//989
f 981//981 254//254 979//979
f 981//981 971//971 242//242
f 981//981 242//242 254//254
f 289//289 295//295 249//249
f 252//252 295//295 246//246
f 286//286 289//289 250//250
f 297//297 246//246 976//976
f 296//296 248//248 251//251
f 247//247 976//976 289//289
f 297//297 296//296 246//246
f 980//980 979//979 243//243
f 980//980 243//243 978//978
f 978//978 243//243 298//298
f 978//978 298//298 244//244
f 275//275 960//960 241//241
f 240//240 960//960 275//275
f 241//241 1012//1012 276//276
f 1028//1028 320//320 242//242
f 1028//1028 242//242 971//971
f 968//968 323//323 1031//1031
f 241//241 960//960 948//948
f 323//323 968//968 240//240
f 241//241 948//948 1012//1012
f 323//323 1038//1038 1031//1031
f 280//280 290//290 285//285
f 285//285 290//290 351//351
f 285//285 236//236 280//280
f 287//287 286//286 294//294
f 286//286 250//250 294//294
f 281//281 287//287 288//288
f 279//279 277//277 281//281
f 286//286 247//247 289//289
f 289//289 249//249 250//250
f 205//205 288//288 287//287
f 205//205 287//287 159//159
f 294//294 159//159 287//287
f 249//249 292//292 250//250
f 246//246 295//295 976//976
f 295//295 289//289 976//976
f 206//206 295//295 252//252
f 206//206 252//252 293//293
f 253//253 325//325 293//293
f 253//253 293//293 252//252
f 245//245 296//296 297//297
f 253//253 252//252 246//246
f 253//253 246//246 251//251
f 244//244 245//245 297//297
f 244//244 298//298 245//245
f 298//298 299//299 262//262
f 298//298 262//262 245//245
f 283//283 345//345 238//238
f 322//322 354//354 283//283
f 311//311 308//308 301//301
f 311//311 301//301 300//300
f 313//313 307//307 301//301
f 300//300 301//301 321//321
f 300//300 321//321 320//320
f 301//301 307//307 319//319
f 301//301 319//319 321//321
f 307//307 318//318 319//319
f 307//307 135//135 318//318
f 1030//1030 311//311 300//300
f 1030//1030 300//300 1029//1029
f 1027//1027 317//317 305//305
f 1029//1029 300//300 320//320
f 1029//1029 320//320 1028//1028
f 274//274 302//302 317//317
f 274//274 316//316 302//302
f 304//304 135//135 307//307
f 317//317 302//302 303//303
f 302//302 316//316 303//303
f 303//303 312//312 317//317
f 316//316 310//310 303//303
f 303//303 309//309 312//312
f 314//314 306//306 312//312
f 312//312 306//306 305//305
f 304//304 313//313 306//306
f 304//304 307//307 313//313
f 317//317 312//312 305//305
f 310//310 309//309 303//303
f 309//309 314//314 312//312
f 1027//1027 305//305 311//311
f 1027//1027 311//311 1030//1030
f 305//305 308//308 311//311
f 1026//1026 317//317 1027//1027
f 139//139 304//304 306//306
f 138//138 306//306 314//314
f 138//138 139//139 306//306
f 357//357 326//326 997//997
f 326//326 606//606 997//997
f 326//326 233//233 606//606
f 274//274 270//270 316//316
f 270//270 237//237 316//316
f 270//270 273//273 237//237
f 270//270 269//269 273//273
f 271//271 989//989 256//256
f 1038//1038 323//323 283//283
f 322//322 283//283 323//323
f 322//322 323//323 235//235
f 284//284 322//322 235//235
f 335//335 327//327 332//332
f 290//290 332//332 351//351
f 328//328 327//327 335//335
f 203//203 332//332 290//290
f 340//340 443//443 334//334
f 349//349 327//327 329//329
f 342//342 331//331 359//359
f 342//342 359//359 338//338
f 330//330 366//366 360//360
f 443//443 340//340 413//413
f 338//338 359//359 366//366
f 330//330 329//329 328//328
f 349//349 351//351 327//327
f 332//332 202//202 335//335
f 327//327 328//328 329//329
f 330//330 328//328 366//366
f 336//336 366//366 328//328
f 413//413 340//340 339//339
f 327//327 351//351 332//332
f 336//336 328//328 335//335
f 336//336 337//337 338//338
f 338//338 337//337 333//333
f 339//339 341//341 346//346
f 336//336 338//338 366//366
f 338//338 333//333 342//342
f 343//343 333//333 337//337
f 342//342 340//340 334//334
f 341//341 339//339 340//340
f 326//326 341//341 343//343
f 342//342 341//341 340//340
f 331//331 342//342 334//334
f 343//343 233//233 326//326
f 341//341 326//326 346//346
f 333//333 343//343 341//341
f 341//341 342//342 333//333
f 351//351 348//348 285//285
f 348//348 351//351 353//353
f 356//356 358//358 347//347
f 356//356 347//347 354//354
f 355//355 354//354 322//322
f 355//355 322//322 352//352
f 285//285 352//352 284//284
f 350//350 361//361 362//362
f 361//361 350//350 348//348
f 364//364 365//365 353//353
f 353//353 349//349 364//364
f 352//352 350//350 362//362
f 351//351 349//349 353//353
f 348//348 350//350 285//285
f 352//352 285//285 350//350
f 365//365 348//348 353//353
f 519//519 411//411 356//356
f 347//347 358//358 344//344
f 358//358 339//339 346//346
f 346//346 344//344 358//358
f 519//519 352//352 362//362
f 345//345 357//357 238//238
f 355//355 519//519 356//356
f 411//411 358//358 356//356
f 358//358 413//413 339//339
f 411//411 413//413 358//358
f 354//354 355//355 356//356
f 345//345 347//347 344//344
f 355//355 352//352 519//519
f 346//346 326//326 344//344
f 326//326 357//357 344//344
f 344//344 357//357 345//345
f 347//347 345//345 354//354
f 352//352 322//322 284//284
f 360//360 366//366 359//359
f 360//360 378//378 330//330
f 329//329 330//330 378//378
f 375//375 331//331 390//390
f 389//389 390//390 334//334
f 329//329 363//363 349//349
f 329//329 378//378 363//363
f 331//331 375//375 359//359
f 375//375 360//360 359//359
f 331//331 334//334 390//390
f 413//413 411//411 409//409
f 363//363 476//476 364//364
f 349//349 363//363 364//364
f 455//455 361//361 348//348
f 455//455 496//496 362//362
f 461//461 364//364 458//458
f 364//364 461//461 464//464
f 365//365 364//364 464//464
f 365//365 455//455 348//348
f 362//362 444//444 519//519
f 458//458 364//364 476//476
f 361//361 455//455 362//362
f 365//365 464//464 455//455
f 411//411 519//519 488//488
f 383//383 412//412 384//384
f 433//433 437//437 439//439
f 411//411 488//488 409//409
f 454//454 463//463 469//469
f 496//496 444//444 362//362
f 390//390 424//424 373//373
f 400//400 394//394 383//383
f 384//384 382//382 399//399
f 412//412 383//383 391//391
f 391//391 423//423 421//421
f 375//375 373//373 402//402
f 373//373 374//374 406//406
f 373//373 406//406 402//402
f 375//375 402//402 381//381
f 402//402 406//406 405//405
f 402//402 380//380 381//381
f 402//402 405//405 380//380
f 381//381 380//380 379//379
f 380//380 407//407 379//379
f 380//380 405//405 407//407
f 360//360 381//381 378//378
f 381//381 377//377 378//378
f 381//381 379//379 377//377
f 379//379 376//376 377//377
f 379//379 407//407 376//376
f 407//407 404//404 376//376
f 377//377 376//376 388//388
f 390//390 373//373 375//375
f 393//393 403//403 396//396
f 404//404 407//407 371//371
f 371//371 407//407 405//405
f 372//372 396//396 371//371
f 371//371 396//396 397//397
f 371//371 397//397 370//370
f 394//394 400//400 385//385
f 370//370 397//397 398//398
f 477//477 378//378 447//447
f 378//378 377//377 387//387
f 378//378 387//387 447//447
f 377//377 388//388 387//387
f 423//423 391//391 393//393
f 370//370 398//398 521//521
f 370//370 521//521 522//522
f 368//368 475//475 395//395
f 388//388 386//386 408//408
f 399//399 382//382 401//401
f 376//376 404//404 386//386
f 376//376 386//386 388//388
f 378//378 477//477 363//363
f 396//396 403//403 394//394
f 368//368 392//392 475//475
f 385//385 392//392 368//368
f 375//375 381//381 360//360
f 403//403 383//383 394//394
f 400//400 399//399 385//385
f 403//403 391//391 383//383
f 385//385 399//399 401//401
f 385//385 401//401 392//392
f 396//396 394//394 369//369
f 369//369 394//394 385//385
f 369//369 385//385 368//368
f 372//372 393//393 396//396
f 396//396 369//369 397//397
f 397//397 369//369 398//398
f 398//398 369//369 368//368
f 398//398 395//395 521//521
f 398//398 368//368 395//395
f 400//400 384//384 399//399
f 403//403 393//393 391//391
f 404//404 371//371 370//370
f 405//405 372//372 371//371
f 423//423 393//393 372//372
f 386//386 370//370 522//522
f 386//386 404//404 370//370
f 406//406 374//374 372//372
f 374//374 423//423 372//372
f 406//406 372//372 405//405
f 488//488 417//417 409//409
f 427//427 428//428 367//367
f 414//414 443//443 413//413
f 409//409 414//414 413//413
f 416//416 414//414 409//409
f 412//412 421//421 410//410
f 443//443 414//414 389//389
f 429//429 426//426 415//415
f 417//417 427//427 416//416
f 418//418 427//427 417//417
f 417//417 416//416 409//409
f 367//367 430//430 416//416
f 430//430 412//412 410//410
f 501//501 384//384 429//429
f 427//427 367//367 416//416
f 418//418 417//417 432//432
f 424//424 374//374 373//373
f 423//423 374//374 424//424
f 419//419 421//421 422//422
f 420//420 419//419 422//422
f 421//421 419//419 420//420
f 423//423 425//425 421//421
f 422//422 424//424 420//420
f 421//421 425//425 422//422
f 422//422 423//423 424//424
f 422//422 425//425 423//423
f 410//410 421//421 389//389
f 420//420 424//424 389//389
f 421//421 420//420 389//389
f 489//489 415//415 367//367
f 367//367 415//415 426//426
f 367//367 426//426 430//430
f 430//430 426//426 412//412
f 417//417 518//518 438//438
f 438//438 432//432 417//417
f 428//428 489//489 367//367
f 503//503 501//501 429//429
f 415//415 503//503 429//429
f 382//382 384//384 501//501
f 429//429 384//384 412//412
f 430//430 410//410 416//416
f 414//414 410//410 389//389
f 426//426 429//429 412//412
f 383//383 384//384 400//400
f 412//412 391//391 421//421
f 389//389 424//424 390//390
f 430//430 431//431 367//367
f 438//438 437//437 432//432
f 437//437 434//434 432//432
f 438//438 520//520 436//436
f 436//436 520//520 435//435
f 437//437 433//433 434//434
f 436//436 435//435 439//439
f 439//439 440//440 433//433
f 437//437 436//436 439//439
f 438//438 436//436 437//437
f 432//432 434//434 513//513
f 507//507 512//512 520//520
f 507//507 520//520 438//438
f 434//434 433//433 509//509
f 509//509 433//433 508//508
f 520//520 510//510 435//435
f 438//438 518//518 507//507
f 442//442 439//439 435//435
f 508//508 433//433 440//440
f 510//510 441//441 435//435
f 515//515 508//508 440//440
f 442//442 440//440 439//439
f 515//515 440//440 442//442
f 441//441 442//442 435//435
f 416//416 410//410 414//414
f 334//334 443//443 389//389
f 500//500 455//455 454//454
f 484//484 467//467 448//448
f 467//467 468//468 448//448
f 485//485 467//467 484//484
f 491//491 465//465 466//466
f 491//491 467//467 495//495
f 478//478 465//465 445//445
f 464//464 454//454 455//455
f 463//463 454//454 464//464
f 462//462 464//464 461//461
f 459//459 463//463 462//462
f 460//460 462//462 461//461
f 459//459 462//462 460//460
f 458//458 460//460 461//461
f 457//457 459//459 460//460
f 487//487 459//459 457//457
f 456//456 460//460 458//458
f 457//457 460//460 456//456
f 447//447 458//458 476//476
f 456//456 458//458 447//447
f 474//474 457//457 456//456
f 487//487 457//457 474//474
f 447//447 476//476 477//477
f 387//387 456//456 447//447
f 474//474 456//456 387//387
f 459//459 487//487 451//451
f 452//452 486//486 451//451
f 452//452 446//446 480//480
f 482//482 452//452 451//451
f 468//468 466//466 446//446
f 468//468 446//446 450//450
f 449//449 482//482 451//451
f 483//483 482//482 449//449
f 448//448 468//468 450//450
f 483//483 449//449 453//453
f 388//388 474//474 387//387
f 486//486 480//480 478//478
f 445//445 469//469 478//478
f 521//521 483//483 453//453
f 521//521 453//453 522//522
f 408//408 474//474 388//388
f 408//408 487//487 474//474
f 479//479 481//481 475//475
f 477//477 476//476 363//363
f 446//446 465//465 480//480
f 392//392 479//479 475//475
f 466//466 465//465 446//446
f 401//401 484//484 392//392
f 484//484 448//448 479//479
f 484//484 479//479 392//392
f 450//450 446//446 452//452
f 448//448 450//450 481//481
f 479//479 448//448 481//481
f 450//450 452//452 482//482
f 481//481 450//450 482//482
f 478//478 469//469 463//463
f 452//452 480//480 486//486
f 481//481 482//482 483//483
f 395//395 475//475 521//521
f 475//475 481//481 483//483
f 475//475 483//483 521//521
f 467//467 466//466 468//468
f 382//382 485//485 484//484
f 382//382 484//484 401//401
f 467//467 491//491 466//466
f 501//501 485//485 382//382
f 463//463 464//464 462//462
f 478//478 480//480 465//465
f 449//449 487//487 453//453
f 451//451 487//487 449//449
f 486//486 459//459 451//451
f 486//486 478//478 463//463
f 522//522 453//453 408//408
f 522//522 408//408 386//386
f 453//453 487//487 408//408
f 459//459 486//486 463//463
f 488//488 497//497 417//417
f 418//418 489//489 428//428
f 519//519 494//494 488//488
f 496//496 494//494 444//444
f 444//444 494//494 519//519
f 494//494 502//502 497//497
f 445//445 502//502 494//494
f 495//495 467//467 485//485
f 498//498 489//489 497//497
f 497//497 432//432 417//417
f 502//502 498//498 497//497
f 494//494 497//497 488//488
f 495//495 485//485 490//490
f 485//485 501//501 490//490
f 492//492 490//490 493//493
f 497//497 418//418 432//432
f 432//432 518//518 417//417
f 499//499 445//445 473//473
f 500//500 470//470 471//471
f 471//471 472//472 500//500
f 499//499 470//470 469//469
f 471//471 499//499 473//473
f 500//500 472//472 496//496
f 469//469 470//470 500//500
f 469//469 500//500 454//454
f 471//471 473//473 472//472
f 445//445 472//472 473//473
f 499//499 471//471 470//470
f 489//489 498//498 504//504
f 492//492 489//489 504//504
f 498//498 492//492 504//504
f 492//492 493//493 489//489
f 493//493 490//490 415//415
f 503//503 415//415 490//490
f 490//490 501//501 503//503
f 505//505 427//427 418//418
f 418//418 428//428 505//505
f 505//505 428//428 427//427
f 495//495 490//490 492//492
f 491//491 492//492 498//498
f 491//491 502//502 445//445
f 491//491 498//498 502//502
f 496//496 472//472 494//494
f 472//472 445//445 494//494
f 491//491 495//495 492//492
f 465//465 491//491 445//445
f 500//500 496//496 455//455
f 506//506 518//518 432//432
f 518//518 512//512 507//507
f 512//512 518//518 506//506
f 513//513 506//506 432//432
f 511//511 512//512 506//506
f 514//514 511//511 506//506
f 514//514 506//506 513//513
f 509//509 514//514 513//513
f 510//510 512//512 511//511
f 509//509 513//513 434//434
f 512//512 510//510 520//520
f 509//509 508//508 514//514
f 511//511 514//514 516//516
f 516//516 510//510 511//511
f 514//514 515//515 516//516
f 514//514 508//508 515//515
f 510//510 516//516 441//441
f 516//516 517//517 441//441
f 516//516 515//515 517//517
f 515//515 442//442 517//517
f 489//489 418//418 497//497
f 493//493 415//415 489//489
f 499//499 469//469 445//445
f 594//594 635//635 220//220
f 608//608 585//585 564//564
f 565//565 570//570 563//563
f 537//537 538//538 536//536
f 534//534 562//562 638//638
f 533//533 535//535 640//640
f 533//533 532//532 535//535
f 530//530 651//651 531//531
f 589//589 655//655 595//595
f 627//627 588//588 608//608
f 234//234 607//607 606//606
f 607//607 609//609 627//627
f 607//607 627//627 584//584
f 607//607 234//234 609//609
f 587//587 607//607 584//584
f 166//166 606//606 607//607
f 584//584 608//608 564//564
f 604//604 599//599 603//603
f 207//207 599//599 604//604
f 605//605 603//603 601//601
f 600//600 553//553 601//601
f 617//617 618//618 600//600
f 599//599 601//601 603//603
f 605//605 602//602 598//598
f 601//601 602//602 605//605
f 599//599 600//600 601//601
f 195//195 593//593 633//633
f 597//597 655//655 193//193
f 597//597 595//595 655//655
f 195//195 655//655 593//593
f 589//589 596//596 590//590
f 596//596 589//589 595//595
f 594//594 634//634 635//635
f 633//633 593//593 634//634
f 567//567 635//635 634//634
f 634//634 636//636 567//567
f 634//634 592//592 636//636
f 593//593 592//592 634//634
f 593//593 655//655 592//592
f 592//592 629//629 636//636
f 655//655 629//629 592//592
f 629//629 591//591 628//628
f 629//629 589//589 591//591
f 589//589 582//582 591//591
f 589//589 590//590 582//582
f 583//583 564//564 570//570
f 587//587 584//584 583//583
f 586//586 607//607 587//587
f 583//583 570//570 628//628
f 583//583 582//582 587//587
f 590//590 586//586 587//587
f 584//584 564//564 583//583
f 590//590 587//587 582//582
f 581//581 574//574 575//575
f 576//576 524//524 577//577
f 576//576 577//577 610//610
f 610//610 172//172 581//581
f 610//610 581//581 576//576
f 537//537 635//635 538//538
f 630//630 220//220 635//635
f 630//630 635//635 537//537
f 175//175 579//579 599//599
f 175//175 528//528 579//579
f 578//578 618//618 617//617
f 578//578 616//616 618//618
f 527//527 616//616 578//578
f 526//526 577//577 525//525
f 526//526 610//610 577//577
f 579//579 578//578 617//617
f 579//579 617//617 599//599
f 579//579 528//528 578//578
f 528//528 175//175 174//174
f 578//578 528//528 527//527
f 601//601 553//553 602//602
f 553//553 600//600 550//550
f 550//550 600//600 618//618
f 550//550 618//618 549//549
f 616//616 527//527 612//612
f 524//524 576//576 542//542
f 581//581 575//575 542//542
f 581//581 542//542 576//576
f 574//574 631//631 573//573
f 574//574 573//573 575//575
f 631//631 632//632 573//573
f 537//537 632//632 630//630
f 586//586 166//166 607//607
f 569//569 572//572 571//571
f 570//570 626//626 628//628
f 563//563 585//585 530//530
f 530//530 569//569 651//651
f 585//585 569//569 530//530
f 585//585 563//563 564//564
f 628//628 626//626 629//629
f 637//637 539//539 566//566
f 635//635 568//568 538//538
f 567//567 568//568 635//635
f 568//568 566//566 539//539
f 567//567 532//532 566//566
f 626//626 532//532 567//567
f 563//563 530//530 531//531
f 563//563 531//531 565//565
f 541//541 562//562 544//544
f 638//638 562//562 541//541
f 562//562 561//561 733//733
f 562//562 733//733 544//544
f 562//562 534//534 561//561
f 534//534 638//638 652//652
f 533//533 637//637 566//566
f 546//546 560//560 619//619
f 546//546 558//558 560//560
f 559//559 557//557 558//558
f 559//559 558//558 546//546
f 620//620 557//557 559//559
f 558//558 556//556 167//167
f 558//558 167//167 560//560
f 557//557 653//653 556//556
f 557//557 556//556 558//558
f 654//654 653//653 557//557
f 658//658 654//654 557//557
f 658//658 557//557 620//620
f 679//679 680//680 555//555
f 680//680 620//620 555//555
f 555//555 552//552 679//679
f 656//656 545//545 733//733
f 621//621 555//555 620//620
f 622//622 548//548 621//621
f 622//622 554//554 548//548
f 547//547 553//553 554//554
f 547//547 554//554 622//622
f 602//602 553//553 547//547
f 621//621 552//552 555//555
f 548//548 552//552 621//621
f 623//623 551//551 550//550
f 550//550 549//549 623//623
f 624//624 529//529 552//552
f 624//624 552//552 548//548
f 549//549 613//613 545//545
f 549//549 545//545 623//623
f 624//624 551//551 623//623
f 613//613 614//614 545//545
f 612//612 523//523 611//611
f 545//545 544//544 733//733
f 614//614 543//543 544//544
f 614//614 544//544 545//545
f 524//524 542//542 611//611
f 543//543 541//541 544//544
f 543//543 615//615 541//541
f 542//542 575//575 615//615
f 575//575 573//573 540//540
f 575//575 540//540 615//615
f 541//541 539//539 638//638
f 573//573 632//632 536//536
f 573//573 536//536 540//540
f 539//539 637//637 638//638
f 536//536 538//538 568//568
f 536//536 632//632 537//537
f 585//585 572//572 569//569
f 535//535 531//531 650//650
f 652//652 533//533 640//640
f 566//566 532//532 533//533
f 565//565 531//531 535//535
f 565//565 535//535 532//532
f 523//523 527//527 528//528
f 523//523 528//528 525//525
f 174//174 173//173 526//526
f 174//174 526//526 525//525
f 525//525 528//528 174//174
f 523//523 524//524 611//611
f 616//616 549//549 618//618
f 175//175 599//599 207//207
f 526//526 580//580 610//610
f 577//577 523//523 525//525
f 524//524 523//523 577//577
f 612//612 527//527 523//523
f 549//549 612//612 613//613
f 612//612 611//611 613//613
f 611//611 614//614 613//613
f 611//611 542//542 543//543
f 542//542 615//615 543//543
f 615//615 540//540 541//541
f 541//541 540//540 539//539
f 536//536 539//539 540//540
f 536//536 568//568 539//539
f 614//614 611//611 543//543
f 612//612 549//549 616//616
f 617//617 600//600 599//599
f 622//622 546//546 619//619
f 622//622 619//619 547//547
f 680//680 658//658 620//620
f 559//559 621//621 620//620
f 546//546 622//622 621//621
f 546//546 621//621 559//559
f 553//553 550//550 551//551
f 553//553 551//551 554//554
f 548//548 554//554 551//551
f 624//624 656//656 529//529
f 624//624 548//548 551//551
f 624//624 623//623 545//545
f 624//624 545//545 656//656
f 556//556 571//571 167//167
f 653//653 625//625 556//556
f 625//625 571//571 556//556
f 653//653 644//644 625//625
f 625//625 644//644 569//569
f 569//569 571//571 625//625
f 567//567 566//566 568//568
f 584//584 627//627 608//608
f 591//591 583//583 628//628
f 583//583 591//591 582//582
f 570//570 565//565 626//626
f 626//626 565//565 532//532
f 594//594 220//220 214//214
f 633//633 634//634 594//594
f 636//636 626//626 567//567
f 629//629 626//626 636//636
f 627//627 609//609 588//588
f 588//588 572//572 585//585
f 608//608 588//588 585//585
f 637//637 533//533 638//638
f 638//638 533//533 652//652
f 646//646 640//640 650//650
f 646//646 647//647 640//640
f 648//648 725//725 728//728
f 650//650 728//728 646//646
f 650//650 645//645 728//728
f 645//645 648//648 728//728
f 647//647 652//652 640//640
f 667//667 652//652 647//647
f 531//531 645//645 650//650
f 642//642 664//664 648//648
f 640//640 535//535 650//650
f 641//641 654//654 658//658
f 639//639 653//653 654//654
f 639//639 654//654 641//641
f 645//645 651//651 642//642
f 639//639 644//644 653//653
f 641//641 643//643 639//639
f 659//659 643//643 641//641
f 671//671 643//643 659//659
f 643//643 644//644 639//639
f 643//643 642//642 644//644
f 671//671 642//642 643//643
f 649//649 648//648 664//664
f 645//645 642//642 648//648
f 651//651 645//645 531//531
f 651//651 644//644 642//642
f 651//651 569//569 644//644
f 647//647 670//670 667//667
f 646//646 676//676 647//647
f 676//676 646//646 728//728
f 642//642 716//716 731//731
f 671//671 716//716 642//642
f 664//664 642//642 731//731
f 564//564 563//563 570//570
f 655//655 589//589 629//629
f 788//788 692//692 779//779
f 705//705 722//722 665//665
f 685//685 677//677 698//698
f 698//698 677//677 697//697
f 704//704 695//695 702//702
f 702//702 675//675 701//701
f 701//701 675//675 685//685
f 682//682 850//850 737//737
f 717//717 738//738 681//681
f 686//686 700//700 684//684
f 700//700 734//734 684//684
f 683//683 693//693 780//780
f 739//739 689//689 683//683
f 738//738 689//689 739//739
f 683//683 691//691 703//703
f 691//691 704//704 703//703
f 703//703 704//704 692//692
f 700//700 736//736 734//734
f 779//779 686//686 684//684
f 693//693 683//683 703//703
f 657//657 680//680 679//679
f 641//641 658//658 723//723
f 649//649 677//677 725//725
f 649//649 664//664 678//678
f 649//649 678//678 677//677
f 695//695 726//726 670//670
f 695//695 670//670 647//647
f 676//676 728//728 675//675
f 728//728 725//725 675//675
f 673//673 722//722 662//662
f 718//718 668//668 666//666
f 668//668 534//534 666//666
f 724//724 667//667 670//670
f 662//662 663//663 673//673
f 730//730 661//661 732//732
f 722//722 732//732 661//661
f 672//672 673//673 663//663
f 663//663 718//718 669//669
f 672//672 729//729 722//722
f 672//672 722//722 673//673
f 733//733 662//662 656//656
f 561//561 668//668 733//733
f 534//534 668//668 561//561
f 723//723 659//659 641//641
f 733//733 663//663 662//662
f 668//668 663//663 733//733
f 666//666 534//534 667//667
f 663//663 668//668 718//718
f 705//705 529//529 656//656
f 705//705 679//679 552//552
f 679//679 665//665 657//657
f 705//705 665//665 679//679
f 736//736 700//700 719//719
f 779//779 692//692 686//686
f 703//703 692//692 788//788
f 700//700 698//698 697//697
f 685//685 725//725 677//677
f 675//675 725//725 685//685
f 702//702 676//676 675//675
f 657//657 658//658 680//680
f 657//657 723//723 658//658
f 705//705 552//552 529//529
f 660//660 671//671 659//659
f 706//706 682//682 737//737
f 699//699 716//716 671//671
f 715//715 682//682 710//710
f 736//736 708//708 707//707
f 736//736 719//719 708//708
f 700//700 686//686 698//698
f 686//686 685//685 698//698
f 683//683 690//690 691//691
f 689//689 690//690 683//683
f 738//738 687//687 688//688
f 738//738 688//688 689//689
f 717//717 687//687 738//738
f 717//717 715//715 714//714
f 694//694 688//688 714//714
f 688//688 687//687 714//714
f 712//712 688//688 694//694
f 712//712 709//709 688//688
f 713//713 690//690 709//709
f 713//713 709//709 712//712
f 695//695 691//691 690//690
f 695//695 690//690 713//713
f 702//702 696//696 704//704
f 696//696 702//702 701//701
f 699//699 706//706 708//708
f 710//710 706//706 699//699
f 707//707 708//708 706//706
f 708//708 719//719 716//716
f 700//700 697//697 719//719
f 701//701 685//685 686//686
f 701//701 686//686 692//692
f 692//692 696//696 701//701
f 704//704 696//696 692//692
f 689//689 709//709 690//690
f 688//688 709//709 689//689
f 699//699 660//660 710//710
f 708//708 716//716 699//699
f 716//716 720//720 731//731
f 697//697 677//677 678//678
f 715//715 711//711 714//714
f 714//714 711//711 694//694
f 713//713 726//726 695//695
f 687//687 717//717 714//714
f 715//715 710//710 674//674
f 717//717 681//681 682//682
f 715//715 717//717 682//682
f 715//715 674//674 711//711
f 850//850 682//682 681//681
f 682//682 706//706 710//710
f 704//704 691//691 695//695
f 734//734 736//736 735//735
f 666//666 724//724 718//718
f 697//697 720//720 719//719
f 720//720 716//716 719//719
f 678//678 720//720 697//697
f 678//678 731//731 720//720
f 730//730 721//721 661//661
f 661//661 721//721 665//665
f 665//665 722//722 661//661
f 721//721 723//723 665//665
f 721//721 660//660 723//723
f 732//732 722//722 729//729
f 705//705 656//656 662//662
f 705//705 662//662 722//722
f 660//660 659//659 723//723
f 723//723 657//657 665//665
f 667//667 534//534 652//652
f 695//695 647//647 676//676
f 666//666 667//667 724//724
f 649//649 725//725 648//648
f 727//727 713//713 712//712
f 727//727 712//712 669//669
f 669//669 712//712 694//694
f 730//730 710//710 660//660
f 694//694 711//711 672//672
f 672//672 711//711 729//729
f 672//672 663//663 694//694
f 663//663 669//669 694//694
f 670//670 726//726 724//724
f 718//718 727//727 669//669
f 676//676 702//702 695//695
f 729//729 711//711 732//732
f 664//664 731//731 678//678
f 730//730 732//732 674//674
f 730//730 674//674 710//710
f 721//721 730//730 660//660
f 732//732 711//711 674//674
f 726//726 713//713 727//727
f 724//724 726//726 727//727
f 724//724 727//727 718//718
f 684//684 816//816 817//817
f 780//780 693//693 785//785
f 820//820 779//779 684//684
f 779//779 787//787 788//788
f 684//684 817//817 820//820
f 736//736 743//743 791//791
f 735//735 736//736 824//824
f 671//671 660//660 699//699
f 736//736 737//737 743//743
f 706//706 737//737 707//707
f 736//736 707//707 737//737
f 786//786 787//787 798//798
f 782//782 789//789 681//681
f 790//790 789//789 795//795
f 850//850 743//743 737//737
f 683//683 780//780 739//739
f 739//739 681//681 738//738
f 797//797 844//844 794//794
f 797//797 794//794 781//781
f 796//796 844//844 797//797
f 804//804 835//835 813//813
f 844//844 845//845 793//793
f 844//844 793//793 794//794
f 835//835 834//834 813//813
f 835//835 812//812 811//811
f 835//835 811//811 834//834
f 758//758 778//778 811//811
f 758//758 811//811 812//812
f 845//845 810//810 792//792
f 845//845 792//792 793//793
f 834//834 833//833 825//825
f 834//834 825//825 813//813
f 834//834 811//811 809//809
f 834//834 809//809 833//833
f 778//778 775//775 809//809
f 778//778 809//809 811//811
f 810//810 846//846 805//805
f 810//810 805//805 792//792
f 810//810 832//832 846//846
f 833//833 830//830 825//825
f 833//833 809//809 806//806
f 833//833 806//806 830//830
f 775//775 759//759 806//806
f 775//775 806//806 809//809
f 815//815 772//772 751//751
f 800//800 827//827 808//808
f 827//827 800//800 816//816
f 814//814 817//817 816//816
f 815//815 828//828 829//829
f 815//815 829//829 772//772
f 807//807 760//760 769//769
f 831//831 832//832 807//807
f 816//816 800//800 814//814
f 808//808 815//815 755//755
f 808//808 755//755 818//818
f 751//751 755//755 815//815
f 842//842 783//783 786//786
f 842//842 786//786 798//798
f 798//798 799//799 842//842
f 814//814 800//800 819//819
f 843//843 803//803 804//804
f 799//799 836//836 802//802
f 801//801 758//758 812//812
f 801//801 757//757 758//758
f 802//802 836//836 757//757
f 802//802 757//757 801//801
f 837//837 752//752 836//836
f 819//819 818//818 837//837
f 836//836 752//752 753//753
f 836//836 753//753 757//757
f 818//818 755//755 756//756
f 837//837 818//818 756//756
f 837//837 756//756 841//841
f 783//783 803//803 843//843
f 783//783 843//843 796//796
f 783//783 842//842 803//803
f 820//820 799//799 798//798
f 781//781 794//794 795//795
f 781//781 795//795 782//782
f 794//794 793//793 790//790
f 794//794 790//790 795//795
f 793//793 792//792 790//790
f 792//792 805//805 790//790
f 789//789 743//743 850//850
f 789//789 782//782 795//795
f 681//681 789//789 850//850
f 684//684 734//734 816//816
f 734//734 735//735 816//816
f 743//743 790//790 805//805
f 789//789 790//790 743//743
f 781//781 782//782 681//681
f 739//739 781//781 681//681
f 693//693 788//788 787//787
f 693//693 703//703 788//788
f 784//784 785//785 786//786
f 784//784 786//786 783//783
f 785//785 693//693 787//787
f 785//785 787//787 786//786
f 780//780 797//797 781//781
f 780//780 784//784 797//797
f 785//785 784//784 780//780
f 784//784 783//783 796//796
f 784//784 796//796 797//797
f 739//739 780//780 781//781
f 820//820 798//798 779//779
f 798//798 787//787 779//779
f 744//744 776//776 740//740
f 744//744 740//740 742//742
f 754//754 777//777 778//778
f 754//754 778//778 758//758
f 749//749 776//776 777//777
f 749//749 777//777 754//754
f 740//740 776//776 749//749
f 777//777 774//774 775//775
f 777//777 775//775 778//778
f 776//776 768//768 774//774
f 776//776 774//774 777//777
f 774//774 762//762 759//759
f 774//774 759//759 775//775
f 768//768 762//762 774//774
f 768//768 765//765 762//762
f 745//745 773//773 871//871
f 750//750 772//772 773//773
f 750//750 773//773 745//745
f 751//751 772//772 750//750
f 773//773 771//771 871//871
f 772//772 770//770 771//771
f 772//772 771//771 773//773
f 871//871 767//767 848//848
f 771//771 767//767 871//871
f 771//771 764//764 767//767
f 770//770 763//763 764//764
f 770//770 764//764 771//771
f 770//770 769//769 763//763
f 765//765 768//768 744//744
f 744//744 822//822 765//765
f 768//768 776//776 744//744
f 848//848 767//767 766//766
f 848//848 766//766 856//856
f 766//766 765//765 856//856
f 764//764 838//838 766//766
f 764//764 766//766 767//767
f 763//763 761//761 838//838
f 763//763 838//838 764//764
f 769//769 760//760 761//761
f 769//769 761//761 763//763
f 757//757 753//753 754//754
f 757//757 754//754 758//758
f 837//837 748//748 752//752
f 755//755 751//751 756//756
f 753//753 740//740 749//749
f 753//753 749//749 754//754
f 752//752 748//748 740//740
f 752//752 740//740 753//753
f 748//748 747//747 839//839
f 756//756 747//747 841//841
f 751//751 746//746 747//747
f 751//751 747//747 756//756
f 751//751 750//750 746//746
f 748//748 839//839 741//741
f 748//748 741//741 740//740
f 745//745 746//746 750//750
f 747//747 840//840 839//839
f 746//746 849//849 840//840
f 746//746 840//840 747//747
f 746//746 745//745 849//849
f 849//849 823//823 840//840
f 744//744 870//870 822//822
f 742//742 870//870 744//744
f 742//742 741//741 821//821
f 745//745 871//871 859//859
f 856//856 765//765 822//822
f 742//742 740//740 741//741
f 827//827 828//828 808//808
f 799//799 819//819 837//837
f 799//799 837//837 836//836
f 827//827 826//826 828//828
f 819//819 820//820 814//814
f 799//799 820//820 819//819
f 827//827 824//824 826//826
f 817//817 814//814 820//820
f 735//735 824//824 827//827
f 735//735 827//827 816//816
f 815//815 808//808 828//828
f 818//818 800//800 808//808
f 819//819 800//800 818//818
f 870//870 856//856 822//822
f 742//742 821//821 870//870
f 741//741 839//839 821//821
f 824//824 736//736 791//791
f 743//743 805//805 791//791
f 825//825 830//830 832//832
f 832//832 830//830 807//807
f 847//847 826//826 791//791
f 824//824 791//791 826//826
f 826//826 847//847 828//828
f 831//831 829//829 828//828
f 772//772 829//829 770//770
f 829//829 807//807 769//769
f 829//829 769//769 770//770
f 831//831 807//807 829//829
f 760//760 807//807 830//830
f 806//806 759//759 760//760
f 806//806 760//760 830//830
f 846//846 832//832 831//831
f 846//846 831//831 847//847
f 831//831 828//828 847//847
f 812//812 835//835 804//804
f 803//803 801//801 812//812
f 803//803 812//812 804//804
f 838//838 762//762 765//765
f 761//761 762//762 838//838
f 761//761 760//760 759//759
f 761//761 759//759 762//762
f 838//838 765//765 766//766
f 821//821 839//839 840//840
f 748//748 841//841 747//747
f 841//841 748//748 837//837
f 796//796 804//804 813//813
f 796//796 813//813 844//844
f 844//844 813//813 845//845
f 845//845 813//813 825//825
f 845//845 825//825 810//810
f 810//810 825//825 832//832
f 843//843 804//804 796//796
f 842//842 802//802 801//801
f 842//842 801//801 803//803
f 799//799 802//802 842//842
f 847//847 791//791 805//805
f 847//847 805//805 846//846
f 745//745 823//823 849//849
f 859//859 823//823 745//745
f 848//848 857//857 871//871
f 896//896 868//868 884//884
f 883//883 854//854 862//862
f 860//860 852//852 912//912
f 865//865 856//856 860//860
f 821//821 863//863 870//870
f 851//851 821//821 840//840
f 866//866 821//821 851//851
f 864//864 865//865 860//860
f 853//853 859//859 857//857
f 860//860 856//856 870//870
f 848//848 856//856 865//865
f 854//854 857//857 848//848
f 857//857 859//859 871//871
f 865//865 854//854 848//848
f 857//857 854//854 883//883
f 858//858 857//857 883//883
f 853//853 857//857 858//858
f 853//853 872//872 859//859
f 859//859 872//872 823//823
f 854//854 855//855 893//893
f 896//896 861//861 868//868
f 867//867 864//864 908//908
f 864//864 867//867 865//865
f 855//855 865//865 867//867
f 852//852 860//860 863//863
f 863//863 860//860 870//870
f 874//874 869//869 884//884
f 868//868 851//851 873//873
f 874//874 884//884 868//868
f 869//869 881//881 884//884
f 912//912 852//852 866//866
f 868//868 912//912 866//866
f 863//863 821//821 866//866
f 867//867 908//908 861//861
f 861//861 908//908 909//909
f 868//868 861//861 912//912
f 840//840 823//823 851//851
f 851//851 823//823 877//877
f 866//866 851//851 868//868
f 855//855 854//854 865//865
f 881//881 858//858 883//883
f 863//863 866//866 852//852
f 872//872 877//877 823//823
f 858//858 872//872 853//853
f 858//858 881//881 875//875
f 875//875 881//881 869//869
f 858//858 875//875 872//872
f 874//874 868//868 873//873
f 877//877 873//873 851//851
f 872//872 875//875 877//877
f 874//874 875//875 869//869
f 878//878 875//875 874//874
f 878//878 874//874 876//876
f 880//880 875//875 878//878
f 876//876 874//874 873//873
f 873//873 877//877 880//880
f 876//876 873//873 880//880
f 877//877 875//875 880//880
f 880//880 878//878 879//879
f 879//879 878//878 876//876
f 880//880 879//879 876//876
f 888//888 862//862 896//896
f 888//888 882//882 862//862
f 887//887 886//886 882//882
f 887//887 890//890 886//886
f 881//881 885//885 884//884
f 882//882 883//883 862//862
f 885//885 881//881 886//886
f 888//888 884//884 885//885
f 888//888 896//896 884//884
f 883//883 882//882 881//881
f 881//881 882//882 886//886
f 886//886 890//890 885//885
f 882//882 888//888 887//887
f 889//889 888//888 885//885
f 887//887 888//888 889//889
f 890//890 889//889 885//885
f 890//890 887//887 889//889
f 854//854 893//893 862//862
f 894//894 895//895 891//891
f 862//862 893//893 896//896
f 896//896 893//893 895//895
f 895//895 894//894 897//897
f 895//895 893//893 855//855
f 895//895 855//855 891//891
f 861//861 896//896 892//892
f 861//861 892//892 891//891
f 894//894 891//891 892//892
f 892//892 895//895 897//897
f 896//896 895//895 892//892
f 897//897 899//899 892//892
f 898//898 897//897 894//894
f 900//900 898//898 899//899
f 898//898 894//894 892//892
f 898//898 892//892 899//899
f 899//899 897//897 898//898
f 899//899 898//898 900//900
f 906//906 867//867 861//861
f 906//906 901//901 867//867
f 901//901 855//855 867//867
f 903//903 891//891 902//902
f 903//903 861//861 891//891
f 906//906 861//861 903//903
f 855//855 901//901 891//891
f 891//891 901//901 902//902
f 901//901 905//905 902//902
f 905//905 901//901 906//906
f 903//903 904//904 906//906
f 904//904 905//905 906//906
f 907//907 904//904 903//903
f 902//902 905//905 903//903
f 907//907 905//905 904//904
f 907//907 903//903 905//905
f 910//910 864//864 860//860
f 910//910 860//860 912//912
f 910//910 908//908 864//864
f 861//861 909//909 912//912
f 908//908 910//910 911//911
f 913//913 911//911 910//910
f 913//913 910//910 912//912
f 911//911 909//909 908//908
f 909//909 911//911 913//913
f 909//909 913//913 912//912
f 287//287 281//281 993//993
f 999//999 972//972 981//981
f 920//920 977//977 1010//1010
f 934//934 971//971 972//972
f 941//941 936//936 938//938
f 962//962 1135//1135 924//924
f 982//982 1039//1039 995//995
f 1039//1039 255//255 996//996
f 996//996 255//255 238//238
f 995//995 997//997 970//970
f 997//997 1037//1037 970//970
f 994//994 247//247 286//286
f 975//975 973//973 991//991
f 974//974 990//990 991//991
f 974//974 991//991 973//973
f 993//993 994//994 286//286
f 991//991 990//990 994//994
f 991//991 994//994 993//993
f 990//990 977//977 994//994
f 281//281 277//277 992//992
f 281//281 992//992 993//993
f 975//975 991//991 993//993
f 993//993 992//992 975//975
f 276//276 992//992 277//277
f 987//987 983//983 269//269
f 987//987 269//269 270//270
f 988//988 989//989 983//983
f 986//986 274//274 1026//1026
f 987//987 274//274 986//986
f 983//983 989//989 269//269
f 986//986 985//985 987//987
f 966//966 986//986 1032//1032
f 966//966 985//985 986//986
f 1036//1036 985//985 966//966
f 923//923 984//984 985//985
f 923//923 985//985 1036//1036
f 988//988 983//983 984//984
f 255//255 926//926 1031//1031
f 929//929 1032//1032 1026//1026
f 967//967 982//982 1033//1033
f 995//995 970//970 1033//1033
f 967//967 1033//1033 923//923
f 1037//1037 160//160 1034//1034
f 926//926 1039//1039 982//982
f 982//982 995//995 1033//1033
f 1033//1033 988//988 984//984
f 970//970 1037//1037 988//988
f 971//971 981//981 972//972
f 998//998 914//914 999//999
f 981//981 979//979 980//980
f 981//981 980//980 999//999
f 969//969 1030//1030 1029//1029
f 969//969 1029//1029 928//928
f 969//969 1025//1025 929//929
f 929//929 1027//1027 969//969
f 929//929 1026//1026 1027//1027
f 974//974 919//919 1010//1010
f 974//974 1010//1010 990//990
f 919//919 920//920 1010//1010
f 915//915 998//998 918//918
f 998//998 978//978 918//918
f 918//918 978//978 244//244
f 977//977 247//247 994//994
f 916//916 976//976 247//247
f 916//916 247//247 977//977
f 916//916 977//977 920//920
f 977//977 990//990 1010//1010
f 975//975 992//992 1012//1012
f 1002//1002 974//974 973//973
f 953//953 973//973 975//975
f 1002//1002 1011//1011 974//974
f 1012//1012 992//992 276//276
f 914//914 998//998 915//915
f 972//972 999//999 914//914
f 931//931 971//971 934//934
f 931//931 1028//1028 971//971
f 928//928 1029//1029 1028//1028
f 928//928 1028//1028 931//931
f 928//928 1025//1025 969//969
f 915//915 917//917 920//920
f 923//923 1036//1036 967//967
f 1048//1048 926//926 1022//1022
f 926//926 982//982 1022//1022
f 1043//1043 1048//1048 1022//1022
f 964//964 967//967 1036//1036
f 1024//1024 1020//1020 1021//1021
f 1020//1020 1023//1023 1053//1053
f 1023//1023 965//965 1053//1053
f 929//929 1019//1019 1032//1032
f 1019//1019 1035//1035 1032//1032
f 1035//1035 966//966 1032//1032
f 1004//1004 1019//1019 929//929
f 1023//1023 1035//1035 1019//1019
f 965//965 1023//1023 1004//1004
f 1023//1023 1020//1020 1035//1035
f 1020//1020 1024//1024 1035//1035
f 1021//1021 1022//1022 964//964
f 1046//1046 1043//1043 1021//1021
f 964//964 1024//1024 1021//1021
f 1022//1022 967//967 964//964
f 1022//1022 982//982 967//967
f 941//941 963//963 936//936
f 963//963 924//924 933//933
f 963//963 933//933 936//936
f 924//924 925//925 933//933
f 943//943 962//962 963//963
f 943//943 963//963 941//941
f 962//962 924//924 963//963
f 1136//1136 962//962 943//943
f 1135//1135 965//965 924//924
f 1136//1136 1068//1068 962//962
f 1135//1135 962//962 1068//1068
f 960//960 961//961 948//948
f 961//961 947//947 948//948
f 960//960 959//959 961//961
f 959//959 958//958 961//961
f 240//240 959//959 960//960
f 959//959 957//957 958//958
f 968//968 1018//1018 957//957
f 957//957 1101//1101 958//958
f 944//944 921//921 1070//1070
f 1136//1136 944//944 1070//1070
f 956//956 1014//1014 1013//1013
f 1014//1014 1015//1015 947//947
f 1015//1015 955//955 947//947
f 955//955 954//954 1012//1012
f 954//954 953//953 1012//1012
f 953//953 975//975 1012//1012
f 1057//1057 1014//1014 956//956
f 952//952 953//953 954//954
f 1014//1014 1057//1057 1015//1015
f 949//949 951//951 952//952
f 951//951 953//953 952//952
f 950//950 1002//1002 973//973
f 953//953 951//951 973//973
f 950//950 973//973 951//951
f 1057//1057 1017//1017 1016//1016
f 950//950 949//949 945//945
f 950//950 945//945 1001//1001
f 949//949 1017//1017 946//946
f 949//949 946//946 945//945
f 949//949 1016//1016 1017//1017
f 1057//1057 921//921 1017//1017
f 1017//1017 921//921 946//946
f 944//944 942//942 946//946
f 944//944 946//946 921//921
f 942//942 940//940 945//945
f 942//942 945//945 946//946
f 940//940 939//939 1001//1001
f 940//940 1001//1001 945//945
f 939//939 1000//1000 1001//1001
f 1000//1000 1002//1002 1001//1001
f 1136//1136 943//943 942//942
f 1136//1136 942//942 944//944
f 943//943 941//941 940//940
f 943//943 940//940 942//942
f 941//941 938//938 939//939
f 941//941 939//939 940//940
f 936//936 937//937 938//938
f 1005//1005 1003//1003 1000//1000
f 1005//1005 972//972 914//914
f 1005//1005 914//914 1003//1003
f 936//936 935//935 937//937
f 935//935 1006//1006 937//937
f 934//934 1005//1005 1007//1007
f 934//934 972//972 1005//1005
f 933//933 932//932 935//935
f 933//933 935//935 936//936
f 932//932 1008//1008 1006//1006
f 932//932 1006//1006 935//935
f 927//927 934//934 1007//1007
f 927//927 1007//1007 1008//1008
f 927//927 931//931 934//934
f 925//925 930//930 932//932
f 925//925 932//932 933//933
f 930//930 1008//1008 932//932
f 927//927 1008//1008 1009//1009
f 927//927 928//928 931//931
f 965//965 930//930 925//925
f 927//927 1009//1009 1025//1025
f 965//965 1004//1004 930//930
f 929//929 1025//1025 1004//1004
f 928//928 927//927 1025//1025
f 925//925 924//924 965//965
f 922//922 1053//1053 1040//1040
f 1021//1021 1043//1043 1022//1022
f 916//916 920//920 917//917
f 918//918 244//244 297//297
f 918//918 297//297 915//915
f 976//976 916//916 917//917
f 920//920 914//914 915//915
f 1003//1003 914//914 1011//1011
f 980//980 998//998 999//999
f 980//980 978//978 998//998
f 297//297 917//917 915//915
f 920//920 1011//1011 914//914
f 938//938 937//937 1000//1000
f 938//938 1000//1000 939//939
f 937//937 1005//1005 1000//1000
f 919//919 1011//1011 920//920
f 1001//1001 1002//1002 950//950
f 1002//1002 1003//1003 1011//1011
f 1004//1004 1023//1023 1019//1019
f 1000//1000 1003//1003 1002//1002
f 1006//1006 1005//1005 937//937
f 1006//1006 1007//1007 1005//1005
f 1008//1008 1007//1007 1006//1006
f 1009//1009 1008//1008 930//930
f 1004//1004 1009//1009 930//930
f 919//919 974//974 1011//1011
f 948//948 955//955 1012//1012
f 958//958 1101//1101 1013//1013
f 1013//1013 1014//1014 961//961
f 1013//1013 961//961 958//958
f 1014//1014 947//947 961//961
f 948//948 947//947 955//955
f 955//955 1015//1015 954//954
f 1057//1057 1016//1016 1015//1015
f 954//954 1015//1015 1016//1016
f 954//954 1016//1016 952//952
f 952//952 1016//1016 949//949
f 949//949 950//950 951//951
f 968//968 959//959 240//240
f 959//959 968//968 957//957
f 1031//1031 1018//1018 968//968
f 1018//1018 1031//1031 1049//1049
f 255//255 1038//1038 238//238
f 996//996 238//238 357//357
f 997//997 996//996 357//357
f 255//255 1039//1039 926//926
f 964//964 1036//1036 1024//1024
f 1053//1053 922//922 1020//1020
f 922//922 1021//1021 1020//1020
f 1021//1021 922//922 1046//1046
f 1025//1025 1009//1009 1004//1004
f 969//969 1027//1027 1030//1030
f 1049//1049 1031//1031 1048//1048
f 1031//1031 926//926 1048//1048
f 1032//1032 986//986 1026//1026
f 1033//1033 984//984 923//923
f 1037//1037 1034//1034 988//988
f 1024//1024 966//966 1035//1035
f 1024//1024 1036//1036 966//966
f 1033//1033 970//970 988//988
f 997//997 995//995 996//996
f 995//995 1039//1039 996//996
f 1135//1135 1067//1067 1053//1053
f 1053//1053 965//965 1135//1135
f 1018//1018 1072//1072 1056//1056
f 922//922 1040//1040 1044//1044
f 1040//1040 1134//1134 1044//1044
f 1134//1134 1050//1050 1044//1044
f 1045//1045 1044//1044 1050//1050
f 1045//1045 1050//1050 1051//1051
f 1045//1045 922//922 1044//1044
f 1045//1045 1046//1046 922//922
f 1046//1046 1052//1052 1043//1043
f 1045//1045 1064//1064 1046//1046
f 1064//1064 1052//1052 1046//1046
f 1042//1042 1048//1048 1052//1052
f 1062//1062 1042//1042 1052//1052
f 1101//1101 957//957 1056//1056
f 1101//1101 1056//1056 1055//1055
f 957//957 1018//1018 1056//1056
f 1052//1052 1048//1048 1043//1043
f 1042//1042 1049//1049 1048//1048
f 1049//1049 1072//1072 1018//1018
f 1049//1049 1047//1047 1072//1072
f 1047//1047 1120//1120 1072//1072
f 1047//1047 1105//1105 1120//1120
f 1047//1047 1041//1041 1105//1105
f 1105//1105 1128//1128 1120//1120
f 1042//1042 1047//1047 1049//1049
f 1042//1042 1041//1041 1047//1047
f 1061//1061 1041//1041 1042//1042
f 1061//1061 1042//1042 1062//1062
f 1134//1134 1040//1040 1067//1067
f 1040//1040 1053//1053 1067//1067
f 1123//1123 1050//1050 1134//1134
f 1051//1051 1064//1064 1045//1045
f 1058//1058 1050//1050 1123//1123
f 1113//1113 1105//1105 1041//1041
f 1061//1061 1113//1113 1041//1041
f 987//987 984//984 983//983
f 987//987 985//985 984//984
f 1084//1084 1088//1088 1142//1142
f 1094//1094 1096//1096 1093//1093
f 1091//1091 1096//1096 1094//1094
f 1058//1058 1099//1099 1090//1090
f 1058//1058 1123//1123 1099//1099
f 1183//1183 1142//1142 1077//1077
f 1082//1082 1083//1083 1140//1140
f 1083//1083 1085//1085 1140//1140
f 1141//1141 1139//1139 1082//1082
f 1141//1141 1082//1082 1181//1181
f 1178//1178 1087//1087 1086//1086
f 1178//1178 1100//1100 1087//1087
f 1173//1173 1079//1079 1178//1178
f 1079//1079 1100//1100 1178//1178
f 1086//1086 1144//1144 1175//1175
f 1086//1086 1108//1108 1144//1144
f 1087//1087 1108//1108 1086//1086
f 1175//1175 1144//1144 1145//1145
f 1107//1107 1108//1108 1087//1087
f 1085//1085 1080//1080 1079//1079
f 1079//1079 1140//1140 1085//1085
f 1173//1173 1137//1137 1079//1079
f 1139//1139 1106//1106 1081//1081
f 1083//1083 1094//1094 1085//1085
f 1091//1091 1094//1094 1083//1083
f 1081//1081 1091//1091 1083//1083
f 1139//1139 1081//1081 1082//1082
f 1076//1076 1071//1071 1063//1063
f 1101//1101 1071//1071 1076//1076
f 1102//1102 1076//1076 1063//1063
f 1076//1076 1102//1102 956//956
f 1055//1055 1072//1072 1121//1121
f 1116//1116 1113//1113 1061//1061
f 1096//1096 1097//1097 1124//1124
f 1096//1096 1124//1124 1064//1064
f 1098//1098 1124//1124 1097//1097
f 1134//1134 1133//1133 1123//1123
f 1051//1051 1050//1050 1058//1058
f 1064//1064 1051//1051 1126//1126
f 1131//1131 1073//1073 1125//1125
f 1131//1131 1125//1125 1130//1130
f 1132//1132 1073//1073 1131//1131
f 1072//1072 1120//1120 1121//1121
f 1121//1121 1065//1065 1071//1071
f 1136//1136 1070//1070 1069//1069
f 1068//1068 1136//1136 1069//1069
f 1066//1066 1114//1114 1115//1115
f 1069//1069 1060//1060 1131//1131
f 1069//1069 1131//1131 1130//1130
f 1114//1114 1069//1069 1130//1130
f 1114//1114 1130//1130 1115//1115
f 1129//1129 1132//1132 1131//1131
f 1129//1129 1131//1131 1060//1060
f 1054//1054 1070//1070 921//921
f 1068//1068 1066//1066 1135//1135
f 1071//1071 1065//1065 1063//1063
f 1059//1059 1063//1063 1065//1065
f 1054//1054 1060//1060 1070//1070
f 1060//1060 1069//1069 1070//1070
f 1069//1069 1114//1114 1068//1068
f 1114//1114 1066//1066 1068//1068
f 1133//1133 1067//1067 1066//1066
f 921//921 1102//1102 1054//1054
f 1060//1060 1054//1054 1129//1129
f 1054//1054 1103//1103 1129//1129
f 956//956 1013//1013 1076//1076
f 1013//1013 1101//1101 1076//1076
f 1072//1072 1055//1055 1056//1056
f 1063//1063 1103//1103 1102//1102
f 1103//1103 1054//1054 1102//1102
f 1081//1081 1083//1083 1082//1082
f 1080//1080 1100//1100 1079//1079
f 1100//1100 1107//1107 1087//1087
f 1093//1093 1090//1090 1080//1080
f 1090//1090 1099//1099 1080//1080
f 1126//1126 1051//1051 1090//1090
f 1051//1051 1058//1058 1090//1090
f 1055//1055 1071//1071 1101//1101
f 956//956 1102//1102 1057//1057
f 921//921 1057//1057 1102//1102
f 1120//1120 1128//1128 1118//1118
f 1120//1120 1118//1118 1121//1121
f 1106//1106 1143//1143 1142//1142
f 1109//1109 1110//1110 1078//1078
f 1110//1110 1084//1084 1078//1078
f 1110//1110 1112//1112 1111//1111
f 1112//1112 1109//1109 1075//1075
f 1109//1109 1108//1108 1089//1089
f 1109//1109 1089//1089 1075//1075
f 1108//1108 1107//1107 1089//1089
f 1100//1100 1099//1099 1123//1123
f 1106//1106 1142//1142 1104//1104
f 1106//1106 1104//1104 1092//1092
f 1081//1081 1106//1106 1092//1092
f 1095//1095 1091//1091 1081//1081
f 1085//1085 1094//1094 1093//1093
f 1085//1085 1093//1093 1080//1080
f 1080//1080 1099//1099 1100//1100
f 1109//1109 1112//1112 1110//1110
f 1073//1073 1074//1074 1117//1117
f 1073//1073 1117//1117 1088//1088
f 1128//1128 1092//1092 1104//1104
f 1105//1105 1113//1113 1092//1092
f 1097//1097 1091//1091 1095//1095
f 1097//1097 1095//1095 1098//1098
f 1096//1096 1091//1091 1097//1097
f 1126//1126 1093//1093 1096//1096
f 1126//1126 1090//1090 1093//1093
f 1111//1111 1073//1073 1088//1088
f 1112//1112 1073//1073 1111//1111
f 1122//1122 1089//1089 1107//1107
f 1104//1104 1142//1142 1088//1088
f 1084//1084 1110//1110 1088//1088
f 1088//1088 1110//1110 1111//1111
f 1107//1107 1100//1100 1123//1123
f 1092//1092 1113//1113 1081//1081
f 1113//1113 1116//1116 1081//1081
f 1143//1143 1106//1106 1139//1139
f 1108//1108 1109//1109 1144//1144
f 1144//1144 1109//1109 1078//1078
f 1084//1084 1142//1142 1183//1183
f 1081//1081 1116//1116 1095//1095
f 1116//1116 1098//1098 1095//1095
f 1061//1061 1062//1062 1098//1098
f 1061//1061 1098//1098 1116//1116
f 1088//1088 1117//1117 1104//1104
f 1065//1065 1118//1118 1059//1059
f 1059//1059 1103//1103 1063//1063
f 1121//1121 1118//1118 1065//1065
f 1103//1103 1059//1059 1129//1129
f 1071//1071 1055//1055 1121//1121
f 1067//1067 1133//1133 1134//1134
f 1123//1123 1122//1122 1107//1107
f 1135//1135 1066//1066 1067//1067
f 1066//1066 1115//1115 1133//1133
f 1064//1064 1124//1124 1052//1052
f 1062//1062 1052//1052 1124//1124
f 1062//1062 1124//1124 1098//1098
f 1075//1075 1089//1089 1115//1115
f 1075//1075 1115//1115 1125//1125
f 1112//1112 1075//1075 1125//1125
f 1122//1122 1123//1123 1133//1133
f 1104//1104 1117//1117 1127//1127
f 1104//1104 1127//1127 1128//1128
f 1073//1073 1112//1112 1125//1125
f 1059//1059 1118//1118 1127//1127
f 1059//1059 1127//1127 1119//1119
f 1119//1119 1129//1129 1059//1059
f 1125//1125 1115//1115 1130//1130
f 1126//1126 1096//1096 1064//1064
f 1074//1074 1073//1073 1132//1132
f 1074//1074 1132//1132 1119//1119
f 1074//1074 1119//1119 1127//1127
f 1074//1074 1127//1127 1117//1117
f 1128//1128 1127//1127 1118//1118
f 1132//1132 1129//1129 1119//1119
f 1089//1089 1122//1122 1133//1133
f 1089//1089 1133//1133 1115//1115
f 1181//1181 1140//1140 1146//1146
f 1181//1181 1082//1082 1140//1140
f 1079//1079 1137//1137 1140//1140
f 1137//1137 1146//1146 1140//1140
f 1173//1173 1174//1174 1137//1137
f 1092//1092 1128//1128 1105//1105
f 1142//1142 1143//1143 1077//1077
f 1143//1143 1138//1138 1077//1077
f 1208//1208 1204//1204 1198//1198
f 1207//1207 1170//1170 1150//1150
f 1144//1144 1078//1078 1145//1145
f 1078//1078 1084//1084 1145//1145
f 1084//1084 1183//1183 1145//1145
f 1178//1178 1195//1195 1173//1173
f 1185//1185 1203//1203 1188//1188
f 1185//1185 1188//1188 1182//1182
f 1202//1202 1192//1192 1188//1188
f 1202//1202 1157//1157 1192//1192
f 1184//1184 1203//1203 1185//1185
f 1201//1201 1172//1172 1157//1157
f 1201//1201 1157//1157 1202//1202
f 1180//1180 1200//1200 1184//1184
f 1211//1211 1172//1172 1201//1201
f 1180//1180 1209//1209 1200//1200
f 1209//1209 1161//1161 1200//1200
f 1169//1169 1204//1204 1197//1197
f 1169//1169 1197//1197 1158//1158
f 1208//1208 1186//1186 1197//1197
f 1186//1186 1208//1208 1199//1199
f 1198//1198 1199//1199 1208//1208
f 1162//1162 1210//1210 1164//1164
f 1186//1186 1194//1194 1190//1190
f 1186//1186 1190//1190 1197//1197
f 1190//1190 1159//1159 1158//1158
f 1190//1190 1158//1158 1197//1197
f 1217//1217 1195//1195 1177//1177
f 1195//1195 1205//1205 1174//1174
f 1205//1205 1194//1194 1174//1174
f 1192//1192 1218//1218 1188//1188
f 1194//1194 1205//1205 1190//1190
f 1192//1192 1160//1160 1196//1196
f 1160//1160 1191//1191 1196//1196
f 1157//1157 1160//1160 1192//1192
f 1154//1154 1189//1189 1191//1191
f 1216//1216 1159//1159 1205//1205
f 1159//1159 1190//1190 1205//1205
f 1216//1216 1205//1205 1189//1189
f 1188//1188 1218//1218 1176//1176
f 1188//1188 1176//1176 1182//1182
f 1218//1218 1187//1187 1176//1176
f 1174//1174 1194//1194 1146//1146
f 1173//1173 1195//1195 1174//1174
f 1180//1180 1184//1184 1185//1185
f 1077//1077 1180//1180 1185//1185
f 1185//1185 1183//1183 1077//1077
f 1185//1185 1182//1182 1183//1183
f 1180//1180 1077//1077 1179//1179
f 1182//1182 1145//1145 1183//1183
f 1178//1178 1086//1086 1177//1177
f 1177//1177 1086//1086 1175//1175
f 1177//1177 1175//1175 1217//1217
f 1182//1182 1176//1176 1145//1145
f 1176//1176 1187//1187 1175//1175
f 1187//1187 1217//1217 1175//1175
f 1176//1176 1175//1175 1145//1145
f 1137//1137 1174//1174 1146//1146
f 1156//1156 1148//1148 1147//1147
f 1172//1172 1156//1156 1157//1157
f 1211//1211 1171//1171 1172//1172
f 1171//1171 1148//1148 1156//1156
f 1171//1171 1156//1156 1172//1172
f 1161//1161 1171//1171 1211//1211
f 1161//1161 1163//1163 1171//1171
f 1163//1163 1148//1148 1171//1171
f 1170//1170 1152//1152 1150//1150
f 1170//1170 1169//1169 1152//1152
f 1169//1169 1158//1158 1152//1152
f 1206//1206 1168//1168 1170//1170
f 1168//1168 1169//1169 1170//1170
f 1168//1168 1167//1167 1169//1169
f 1206//1206 1165//1165 1168//1168
f 1165//1165 1164//1164 1168//1168
f 1164//1164 1167//1167 1168//1168
f 1166//1166 1165//1165 1206//1206
f 1229//1229 1163//1163 1166//1166
f 1148//1148 1163//1163 1229//1229
f 1165//1165 1162//1162 1164//1164
f 1162//1162 1161//1161 1209//1209
f 1157//1157 1155//1155 1160//1160
f 1155//1155 1191//1191 1160//1160
f 1155//1155 1154//1154 1191//1191
f 1156//1156 1155//1155 1157//1157
f 1151//1151 1159//1159 1216//1216
f 1151//1151 1153//1153 1159//1159
f 1153//1153 1152//1152 1158//1158
f 1153//1153 1158//1158 1159//1159
f 1154//1154 1214//1214 1216//1216
f 1214//1214 1151//1151 1216//1216
f 1156//1156 1212//1212 1155//1155
f 1215//1215 1149//1149 1151//1151
f 1149//1149 1153//1153 1151//1151
f 1150//1150 1153//1153 1149//1149
f 1150//1150 1152//1152 1153//1153
f 1155//1155 1212//1212 1154//1154
f 1148//1148 1229//1229 1147//1147
f 1214//1214 1213//1213 1215//1215
f 1212//1212 1156//1156 1147//1147
f 1195//1195 1178//1178 1177//1177
f 1194//1194 1186//1186 1146//1146
f 1186//1186 1199//1199 1146//1146
f 1141//1141 1199//1199 1198//1198
f 1146//1146 1199//1199 1181//1181
f 1199//1199 1141//1141 1181//1181
f 1219//1219 1167//1167 1164//1164
f 1208//1208 1197//1197 1204//1204
f 1205//1205 1195//1195 1189//1189
f 1215//1215 1213//1213 1240//1240
f 1221//1221 1149//1149 1215//1215
f 1221//1221 1215//1215 1240//1240
f 1213//1213 1212//1212 1228//1228
f 1228//1228 1212//1212 1147//1147
f 1220//1220 1143//1143 1139//1139
f 1077//1077 1138//1138 1179//1179
f 1220//1220 1139//1139 1141//1141
f 1220//1220 1141//1141 1198//1198
f 1219//1219 1138//1138 1143//1143
f 1210//1210 1138//1138 1219//1219
f 1219//1219 1143//1143 1220//1220
f 1198//1198 1167//1167 1219//1219
f 1167//1167 1198//1198 1204//1204
f 1167//1167 1204//1204 1169//1169
f 1209//1209 1210//1210 1162//1162
f 1220//1220 1198//1198 1219//1219
f 1210//1210 1219//1219 1164//1164
f 1161//1161 1211//1211 1200//1200
f 1200//1200 1211//1211 1201//1201
f 1192//1192 1196//1196 1218//1218
f 1191//1191 1189//1189 1193//1193
f 1191//1191 1193//1193 1196//1196
f 1189//1189 1195//1195 1193//1193
f 1163//1163 1161//1161 1162//1162
f 1163//1163 1162//1162 1165//1165
f 1163//1163 1165//1165 1166//1166
f 1214//1214 1154//1154 1212//1212
f 1213//1213 1228//1228 1240//1240
f 1214//1214 1212//1212 1213//1213
f 1151//1151 1214//1214 1215//1215
f 1154//1154 1216//1216 1189//1189
f 1202//1202 1188//1188 1203//1203
f 1201//1201 1202//1202 1203//1203
f 1201//1201 1203//1203 1184//1184
f 1200//1200 1201//1201 1184//1184
f 1218//1218 1196//1196 1187//1187
f 1196//1196 1193//1193 1217//1217
f 1196//1196 1217//1217 1187//1187
f 1193//1193 1195//1195 1217//1217
f 1210//1210 1209//1209 1179//1179
f 1210//1210 1179//1179 1138//1138
f 1180//1180 1179//1179 1209//1209
f 1229//1229 1166//1166 1206//1206
f 1206//1206 1170//1170 1207//1207
f 1150//1150 1221//1221 1207//1207
f 1149//1149 1221//1221 1150//1150
f 1234//1234 1229//1229 1232//1232
f 1227//1227 1261//1261 1268//1268
f 1271//1271 1261//1261 1259//1259
f 1240//1240 1236//1236 1225//1225
f 1232//1232 1229//1229 1269//1269
f 1239//1239 1230//1230 1223//1223
f 1207//1207 1231//1231 1241//1241
f 1239//1239 1269//1269 1229//1229
f 1207//1207 1241//1241 1230//1230
f 1207//1207 1230//1230 1206//1206
f 1230//1230 1239//1239 1206//1206
f 1231//1231 1207//1207 1221//1221
f 1229//1229 1234//1234 1147//1147
f 1229//1229 1206//1206 1239//1239
f 1230//1230 1241//1241 1223//1223
f 1222//1222 1231//1231 1221//1221
f 1224//1224 1259//1259 1238//1238
f 1232//1232 1269//1269 1272//1272
f 1269//1269 1227//1227 1268//1268
f 1239//1239 1227//1227 1269//1269
f 1227//1227 1239//1239 1251//1251
f 1251//1251 1239//1239 1223//1223
f 1237//1237 1233//1233 1232//1232
f 1234//1234 1232//1232 1233//1233
f 1234//1234 1233//1233 1228//1228
f 1147//1147 1234//1234 1228//1228
f 1252//1252 1242//1242 1235//1235
f 1252//1252 1235//1235 1250//1250
f 1252//1252 1241//1241 1242//1242
f 1225//1225 1222//1222 1240//1240
f 1236//1236 1233//1233 1237//1237
f 1228//1228 1233//1233 1236//1236
f 1226//1226 1277//1277 1272//1272
f 1277//1277 1226//1226 1237//1237
f 1236//1236 1259//1259 1224//1224
f 1237//1237 1259//1259 1236//1236
f 1236//1236 1224//1224 1225//1225
f 1226//1226 1259//1259 1237//1237
f 1221//1221 1240//1240 1222//1222
f 1253//1253 1227//1227 1251//1251
f 1238//1238 1250//1250 1235//1235
f 1240//1240 1228//1228 1236//1236
f 1252//1252 1223//1223 1241//1241
f 1224//1224 1238//1238 1235//1235
f 1231//1231 1222//1222 1242//1242
f 1231//1231 1242//1242 1241//1241
f 1247//1247 1243//1243 1222//1222
f 1224//1224 1235//1235 1244//1244
f 1244//1244 1247//1247 1225//1225
f 1225//1225 1247//1247 1222//1222
f 1225//1225 1224//1224 1244//1244
f 1243//1243 1242//1242 1222//1222
f 1235//1235 1242//1242 1243//1243
f 1244//1244 1235//1235 1245//1245
f 1245//1245 1243//1243 1246//1246
f 1246//1246 1243//1243 1247//1247
f 1235//1235 1243//1243 1245//1245
f 1249//1249 1248//1248 1246//1246
f 1249//1249 1246//1246 1247//1247
f 1244//1244 1248//1248 1249//1249
f 1244//1244 1245//1245 1248//1248
f 1248//1248 1245//1245 1246//1246
f 1244//1244 1249//1249 1247//1247
f 1255//1255 1256//1256 1238//1238
f 1253//1253 1255//1255 1238//1238
f 1251//1251 1223//1223 1252//1252
f 1255//1255 1252//1252 1250//1250
f 1256//1256 1254//1254 1250//1250
f 1238//1238 1256//1256 1250//1250
f 1253//1253 1251//1251 1255//1255
f 1256//1256 1257//1257 1254//1254
f 1258//1258 1255//1255 1250//1250
f 1255//1255 1251//1251 1252//1252
f 1255//1255 1258//1258 1256//1256
f 1258//1258 1250//1250 1254//1254
f 1257//1257 1256//1256 1258//1258
f 1257//1257 1258//1258 1254//1254
f 1262//1262 1264//1264 1260//1260
f 1262//1262 1253//1253 1238//1238
f 1259//1259 1261//1261 1263//1263
f 1260//1260 1253//1253 1262//1262
f 1260//1260 1264//1264 1263//1263
f 1261//1261 1260//1260 1263//1263
f 1261//1261 1253//1253 1260//1260
f 1227//1227 1253//1253 1261//1261
f 1266//1266 1262//1262 1263//1263
f 1262//1262 1238//1238 1259//1259
f 1262//1262 1259//1259 1263//1263
f 1264//1264 1262//1262 1266//1266
f 1263//1263 1264//1264 1265//1265
f 1266//1266 1263//1263 1265//1265
f 1267//1267 1266//1266 1265//1265
f 1265//1265 1264//1264 1266//1266
f 1267//1267 1265//1265 1266//1266
f 1270//1270 1272//1272 1273//1273
f 1226//1226 1272//1272 1270//1270
f 1273//1273 1261//1261 1271//1271
f 1272//1272 1269//1269 1268//1268
f 1272//1272 1268//1268 1273//1273
f 1271//1271 1226//1226 1270//1270
f 1226//1226 1271//1271 1259//1259
f 1273//1273 1268//1268 1261//1261
f 1273//1273 1274//1274 1270//1270
f 1276//1276 1274//1274 1275//1275
f 1270//1270 1275//1275 1271//1271
f 1276//1276 1275//1275 1274//1274
f 1274//1274 1275//1275 1270//1270
f 1271//1271 1275//1275 1274//1274
f 1273//1273 1271//1271 1274//1274
f 1237//1237 1277//1277 1278//1278
f 1232//1232 1277//1277 1237//1237
f 1280//1280 1278//1278 1277//1277
f 1232//1232 1272//1272 1277//1277
f 1237//1237 1278//1278 1280//1280
f 1280//1280 1277//1277 1237//1237
f 1280//1280 1278//1278 1279//1279
f 1278//1278 1280//1280 1279//1279
f 1507//1507 1555//1555 1510//1510
f 1405//1405 1408//1408 1440//1440
f 1394//1394 1477//1477 1472//1472
f 1386//1386 1340//1340 1341//1341
f 1406//1406 1405//1405 1354//1354
f 1425//1425 1500//1500 1501//1501
f 1451//1451 1345//1345 1447//1447
f 1481//1481 1471//1471 1484//1484
f 1491//1491 1411//1411 1412//1412
f 1506//1506 1571//1571 1563//1563
f 1506//1506 1563//1563 1520//1520
f 1521//1521 1564//1564 1572//1572
f 1521//1521 1572//1572 1518//1518
f 1505//1505 1666//1666 1560//1560
f 1505//1505 1560//1560 1502//1502
f 1426//1426 1309//1309 1575//1575
f 1426//1426 1575//1575 1568//1568
f 1309//1309 1509//1509 1574//1574
f 1309//1309 1574//1574 1575//1575
f 1509//1509 1510//1510 1555//1555
f 1509//1509 1555//1555 1574//1574
f 1513//1513 1511//1511 1558//1558
f 1513//1513 1558//1558 1557//1557
f 1511//1511 1512//1512 1573//1573
f 1511//1511 1573//1573 1558//1558
f 1512//1512 1515//1515 1656//1656
f 1512//1512 1656//1656 1573//1573
f 1514//1514 1561//1561 1656//1656
f 1514//1514 1656//1656 1515//1515
f 1516//1516 1517//1517 1654//1654
f 1572//1572 1654//1654 1517//1517
f 1572//1572 1517//1517 1518//1518
f 1506//1506 1504//1504 1570//1570
f 1506//1506 1570//1570 1571//1571
f 1504//1504 1503//1503 1559//1559
f 1504//1504 1559//1559 1570//1570
f 1569//1569 1666//1666 1505//1505
f 1569//1569 1505//1505 1499//1499
f 1501//1501 1500//1500 1565//1565
f 1501//1501 1565//1565 1669//1669
f 1568//1568 1567//1567 1426//1426
f 1312//1312 1567//1567 1619//1619
f 1566//1566 1427//1427 1620//1620
f 1500//1500 1427//1427 1566//1566
f 1500//1500 1566//1566 1565//1565
f 1520//1520 1563//1563 1564//1564
f 1520//1520 1564//1564 1521//1521
f 1519//1519 1516//1516 1562//1562
f 1519//1519 1562//1562 1652//1652
f 1503//1503 1502//1502 1560//1560
f 1503//1503 1560//1560 1559//1559
f 1508//1508 1513//1513 1557//1557
f 1508//1508 1557//1557 1556//1556
f 1507//1507 1508//1508 1556//1556
f 1507//1507 1556//1556 1555//1555
f 1427//1427 1498//1498 1620//1620
f 1514//1514 1519//1519 1652//1652
f 1514//1514 1652//1652 1561//1561
f 1516//1516 1654//1654 1562//1562
f 1499//1499 1501//1501 1669//1669
f 1499//1499 1669//1669 1569//1569
f 1284//1284 1282//1282 1283//1283
f 1432//1432 1282//1282 1284//1284
f 1433//1433 1282//1282 1432//1432
f 1433//1433 1432//1432 1420//1420
f 1384//1384 1420//1420 1432//1432
f 1420//1420 1970//1970 1433//1433
f 1321//1321 1295//1295 1322//1322
f 1321//1321 1322//1322 1320//1320
f 1465//1465 1295//1295 1321//1321
f 1465//1465 1321//1321 1296//1296
f 1295//1295 1288//1288 1449//1449
f 1295//1295 1449//1449 1322//1322
f 1286//1286 1482//1482 1285//1285
f 1439//1439 1293//1293 1292//1292
f 1312//1312 1498//1498 1292//1292
f 1312//1312 1292//1292 1293//1293
f 1428//1428 1312//1312 1293//1293
f 1296//1296 1321//1321 1319//1319
f 1296//1296 1319//1319 1294//1294
f 1320//1320 1319//1319 1321//1321
f 1320//1320 1310//1310 1319//1319
f 1319//1319 1318//1318 1294//1294
f 1310//1310 1318//1318 1319//1319
f 1320//1320 1322//1322 1331//1331
f 1320//1320 1331//1331 1311//1311
f 1287//1287 1317//1317 1286//1286
f 1429//1429 1308//1308 1328//1328
f 1291//1291 1316//1316 1290//1290
f 1298//1298 1304//1304 1423//1423
f 1298//1298 1423//1423 1305//1305
f 1313//1313 1424//1424 1303//1303
f 1313//1313 1303//1303 1314//1314
f 1300//1300 1303//1303 1424//1424
f 1300//1300 1424//1424 1327//1327
f 1327//1327 1315//1315 1299//1299
f 1327//1327 1299//1299 1300//1300
f 1299//1299 1315//1315 1423//1423
f 1299//1299 1423//1423 1304//1304
f 1427//1427 1425//1425 1437//1437
f 1425//1425 1313//1313 1314//1314
f 1425//1425 1314//1314 1437//1437
f 1498//1498 1427//1427 1292//1292
f 1311//1311 1309//1309 1310//1310
f 1311//1311 1310//1310 1320//1320
f 1309//1309 1426//1426 1318//1318
f 1309//1309 1318//1318 1310//1310
f 1426//1426 1428//1428 1318//1318
f 1308//1308 1422//1422 1328//1328
f 1422//1422 1307//1307 1329//1329
f 1308//1308 1306//1306 1307//1307
f 1308//1308 1307//1307 1422//1422
f 1307//1307 1297//1297 1330//1330
f 1307//1307 1330//1330 1329//1329
f 1306//1306 1323//1323 1297//1297
f 1306//1306 1297//1297 1307//1307
f 1297//1297 1298//1298 1305//1305
f 1297//1297 1305//1305 1330//1330
f 1299//1299 1304//1304 1333//1333
f 1299//1299 1333//1333 1302//1302
f 1323//1323 1333//1333 1304//1304
f 1323//1323 1304//1304 1298//1298
f 1314//1314 1303//1303 1324//1324
f 1314//1314 1324//1324 1325//1325
f 1301//1301 1324//1324 1303//1303
f 1301//1301 1303//1303 1300//1300
f 1300//1300 1299//1299 1302//1302
f 1300//1300 1302//1302 1301//1301
f 1436//1436 1437//1437 1314//1314
f 1436//1436 1314//1314 1325//1325
f 1323//1323 1298//1298 1297//1297
f 1482//1482 1452//1452 1332//1332
f 1288//1288 1479//1479 1452//1452
f 1288//1288 1452//1452 1449//1449
f 1287//1287 1286//1286 1285//1285
f 1284//1284 1384//1384 1432//1432
f 1419//1419 1431//1431 1418//1418
f 1418//1418 1431//1431 1334//1334
f 1418//1418 1334//1334 1337//1337
f 1334//1334 9//9 1337//1337
f 1284//1284 1419//1419 1336//1336
f 1281//1281 1334//1334 1431//1431
f 1384//1384 1342//1342 1420//1420
f 1284//1284 1336//1336 1384//1384
f 1430//1430 1970//1970 1420//1420
f 1419//1419 1338//1338 1336//1336
f 1418//1418 1338//1338 1419//1419
f 1366//1366 1430//1430 1448//1448
f 1369//1369 36//36 1497//1497
f 1339//1339 1430//1430 1366//1366
f 1339//1339 1970//1970 1430//1430
f 1332//1332 1481//1481 1453//1453
f 1445//1445 1291//1291 1404//1404
f 1445//1445 1404//1404 1444//1444
f 1404//1404 1417//1417 1403//1403
f 1417//1417 1416//1416 1402//1402
f 1417//1417 1402//1402 1403//1403
f 1462//1462 1415//1415 1401//1401
f 1462//1462 1401//1401 1461//1461
f 1414//1414 1376//1376 1401//1401
f 1414//1414 1401//1401 1415//1415
f 1413//1413 1375//1375 1376//1376
f 1413//1413 1376//1376 1414//1414
f 1291//1291 1412//1412 1417//1417
f 1291//1291 1417//1417 1404//1404
f 1412//1412 1411//1411 1416//1416
f 1412//1412 1416//1416 1417//1417
f 1463//1463 1415//1415 1462//1462
f 1410//1410 1414//1414 1415//1415
f 1410//1410 1415//1415 1463//1463
f 1493//1493 1413//1413 1414//1414
f 1493//1493 1414//1414 1410//1410
f 1454//1454 1412//1412 1291//1291
f 1412//1412 1454//1454 1491//1491
f 1491//1491 1489//1489 1409//1409
f 1491//1491 1409//1409 1492//1492
f 1487//1487 1460//1460 1459//1459
f 1486//1486 1485//1485 1456//1456
f 1392//1392 1408//1408 1391//1391
f 1392//1392 1440//1440 1408//1408
f 1393//1393 1407//1407 1338//1338
f 1393//1393 1338//1338 1418//1418
f 1408//1408 1406//1406 1407//1407
f 1408//1408 1407//1407 1393//1393
f 1408//1408 1405//1405 1406//1406
f 1407//1407 1355//1355 1336//1336
f 1407//1407 1336//1336 1338//1338
f 1406//1406 1355//1355 1407//1407
f 1387//1387 1392//1392 1340//1340
f 1387//1387 1440//1440 1392//1392
f 1359//1359 1387//1387 1388//1388
f 1404//1404 1403//1403 1458//1458
f 1404//1404 1458//1458 1450//1450
f 1403//1403 1402//1402 1374//1374
f 1403//1403 1374//1374 1458//1458
f 1461//1461 1401//1401 1373//1373
f 1461//1461 1373//1373 1464//1464
f 1376//1376 1372//1372 1373//1373
f 1376//1376 1373//1373 1401//1401
f 1450//1450 1458//1458 1455//1455
f 1458//1458 1374//1374 1466//1466
f 1291//1291 1445//1445 1316//1316
f 1343//1343 1345//1345 1344//1344
f 1296//1296 1353//1353 1468//1468
f 1353//1353 1296//1296 1352//1352
f 12//12 1353//1353 1352//1352
f 1394//1394 1478//1478 1477//1477
f 1471//1471 1480//1480 1394//1394
f 1480//1480 1360//1360 1478//1478
f 1480//1480 1478//1478 1394//1394
f 1357//1357 1289//1289 1361//1361
f 1465//1465 1361//1361 1457//1457
f 1399//1399 1361//1361 1468//1468
f 1468//1468 1353//1353 1399//1399
f 6//6 63//63 1495//1495
f 63//63 1434//1434 1495//1495
f 1434//1434 1397//1397 1495//1495
f 1477//1477 11//11 1495//1495
f 1393//1393 1418//1418 1337//1337
f 1391//1391 1408//1408 1393//1393
f 1341//1341 1391//1391 1337//1337
f 1341//1341 1337//1337 9//9
f 1340//1340 1391//1391 1341//1341
f 1340//1340 1392//1392 1391//1391
f 1391//1391 1393//1393 1337//1337
f 1352//1352 1390//1390 12//12
f 1352//1352 1296//1296 1389//1389
f 1352//1352 1389//1389 1390//1390
f 1390//1390 1388//1388 1386//1386
f 1389//1389 1388//1388 1390//1390
f 1359//1359 1388//1388 1389//1389
f 1388//1388 1340//1340 1386//1386
f 1388//1388 1387//1387 1340//1340
f 1335//1335 1386//1386 1341//1341
f 1335//1335 1341//1341 9//9
f 1381//1381 1342//1342 1384//1384
f 1379//1379 1385//1385 1342//1342
f 1379//1379 1342//1342 1381//1381
f 1377//1377 1365//1365 1385//1385
f 1377//1377 1385//1385 1379//1379
f 1325//1325 1324//1324 1365//1365
f 1325//1325 1365//1365 1377//1377
f 1383//1383 1385//1385 1365//1365
f 1383//1383 1365//1365 1363//1363
f 1383//1383 1342//1342 1385//1385
f 1383//1383 1351//1351 1350//1350
f 1363//1363 1364//1364 1351//1351
f 1363//1363 1351//1351 1383//1383
f 1355//1355 1382//1382 1336//1336
f 1354//1354 1380//1380 1382//1382
f 1354//1354 1382//1382 1355//1355
f 1356//1356 1378//1378 1380//1380
f 1356//1356 1380//1380 1354//1354
f 1382//1382 1384//1384 1336//1336
f 1380//1380 1381//1381 1384//1384
f 1380//1380 1384//1384 1382//1382
f 1378//1378 1379//1379 1381//1381
f 1378//1378 1381//1381 1380//1380
f 1436//1436 1377//1377 1379//1379
f 1436//1436 1379//1379 1378//1378
f 1375//1375 1370//1370 1372//1372
f 1375//1375 1372//1372 1376//1376
f 1464//1464 1373//1373 1367//1367
f 1464//1464 1367//1367 1466//1466
f 1372//1372 1367//1367 1373//1373
f 1370//1370 1371//1371 1372//1372
f 1370//1370 1369//1369 1371//1371
f 1496//1496 1339//1339 1367//1367
f 1347//1347 1451//1451 1366//1366
f 1350//1350 1351//1351 1348//1348
f 1350//1350 1348//1348 1448//1448
f 1302//1302 1333//1333 1349//1349
f 1302//1302 1349//1349 1364//1364
f 1346//1346 1349//1349 1333//1333
f 1346//1346 1333//1333 1323//1323
f 1441//1441 1347//1347 1448//1448
f 1441//1441 1448//1448 1348//1348
f 1363//1363 1365//1365 1324//1324
f 1363//1363 1324//1324 1301//1301
f 1301//1301 1302//1302 1364//1364
f 1301//1301 1364//1364 1363//1363
f 1344//1344 1346//1346 1323//1323
f 1435//1435 36//36 1362//1362
f 1357//1357 1400//1400 1476//1476
f 1361//1361 1400//1400 1357//1357
f 1399//1399 1400//1400 1361//1361
f 1294//1294 1359//1359 1296//1296
f 1438//1438 1387//1387 1359//1359
f 1438//1438 1359//1359 1294//1294
f 1356//1356 1354//1354 1405//1405
f 1356//1356 1405//1405 1439//1439
f 1354//1354 1355//1355 1406//1406
f 1351//1351 1364//1364 1349//1349
f 1351//1351 1349//1349 1348//1348
f 1345//1345 1347//1347 1441//1441
f 1343//1343 1446//1446 1345//1345
f 1343//1343 1444//1444 1446//1446
f 1328//1328 1422//1422 1518//1518
f 1328//1328 1518//1518 1517//1517
f 1329//1329 1521//1521 1518//1518
f 1329//1329 1518//1518 1422//1422
f 1330//1330 1520//1520 1521//1521
f 1330//1330 1521//1521 1329//1329
f 1305//1305 1506//1506 1520//1520
f 1305//1305 1520//1520 1330//1330
f 1509//1509 1311//1311 1331//1331
f 1509//1509 1331//1331 1510//1510
f 1508//1508 1507//1507 1317//1317
f 1508//1508 1317//1317 1287//1287
f 1510//1510 1331//1331 1317//1317
f 1510//1510 1317//1317 1507//1507
f 1285//1285 1511//1511 1513//1513
f 1316//1316 1429//1429 1516//1516
f 1316//1316 1516//1516 1519//1519
f 1326//1326 1290//1290 1514//1514
f 1326//1326 1514//1514 1515//1515
f 1326//1326 1515//1515 1512//1512
f 1326//1326 1512//1512 1421//1421
f 1506//1506 1305//1305 1423//1423
f 1506//1506 1423//1423 1504//1504
f 1499//1499 1505//1505 1424//1424
f 1499//1499 1424//1424 1313//1313
f 1327//1327 1424//1424 1505//1505
f 1327//1327 1505//1505 1502//1502
f 1502//1502 1503//1503 1315//1315
f 1502//1502 1315//1315 1327//1327
f 1504//1504 1423//1423 1315//1315
f 1504//1504 1315//1315 1503//1503
f 1427//1427 1500//1500 1425//1425
f 1567//1567 1312//1312 1428//1428
f 1509//1509 1309//1309 1311//1311
f 1426//1426 1567//1567 1428//1428
f 1513//1513 1508//1508 1287//1287
f 1513//1513 1287//1287 1285//1285
f 1511//1511 1421//1421 1512//1512
f 1497//1497 2088//2088 1496//1496
f 1496//1496 2088//2088 1339//1339
f 1339//1339 2088//2088 1970//1970
f 1427//1427 1437//1437 1292//1292
f 1429//1429 1328//1328 1517//1517
f 1429//1429 1517//1517 1516//1516
f 1290//1290 1316//1316 1519//1519
f 1290//1290 1519//1519 1514//1514
f 1501//1501 1499//1499 1313//1313
f 1501//1501 1313//1313 1425//1425
f 1292//1292 1437//1437 1439//1439
f 1436//1436 1325//1325 1377//1377
f 1318//1318 1428//1428 1438//1438
f 1318//1318 1438//1438 1294//1294
f 1428//1428 1293//1293 1438//1438
f 1438//1438 1293//1293 1440//1440
f 1356//1356 1437//1437 1436//1436
f 1356//1356 1436//1436 1378//1378
f 1437//1437 1356//1356 1439//1439
f 1387//1387 1438//1438 1440//1440
f 1439//1439 1440//1440 1293//1293
f 1440//1440 1439//1439 1405//1405
f 1445//1445 1444//1444 1308//1308
f 1348//1348 1349//1349 1346//1346
f 1348//1348 1346//1346 1441//1441
f 1344//1344 1345//1345 1441//1441
f 1344//1344 1441//1441 1346//1346
f 1290//1290 1326//1326 1442//1442
f 1511//1511 1285//1285 1483//1483
f 1421//1421 1443//1443 1442//1442
f 1421//1421 1442//1442 1326//1326
f 1286//1286 1317//1317 1449//1449
f 1322//1322 1449//1449 1317//1317
f 1322//1322 1317//1317 1331//1331
f 1485//1485 1486//1486 1442//1442
f 1485//1485 1442//1442 1443//1443
f 1446//1446 1447//1447 1345//1345
f 1342//1342 1383//1383 1350//1350
f 1342//1342 1350//1350 1420//1420
f 1451//1451 1347//1347 1345//1345
f 1485//1485 1443//1443 1483//1483
f 1444//1444 1343//1343 1306//1306
f 1444//1444 1306//1306 1308//1308
f 1306//1306 1343//1343 1344//1344
f 1306//1306 1344//1344 1323//1323
f 1445//1445 1308//1308 1429//1429
f 1445//1445 1429//1429 1316//1316
f 1420//1420 1350//1350 1430//1430
f 1430//1430 1350//1350 1448//1448
f 1366//1366 1448//1448 1347//1347
f 1404//1404 1450//1450 1444//1444
f 1450//1450 1446//1446 1444//1444
f 1449//1449 1452//1452 1286//1286
f 1452//1452 1482//1482 1286//1286
f 1456//1456 1488//1488 1486//1486
f 1450//1450 1455//1455 1446//1446
f 1455//1455 1368//1368 1447//1447
f 1455//1455 1447//1447 1446//1446
f 1368//1368 1366//1366 1451//1451
f 1368//1368 1451//1451 1447//1447
f 1332//1332 1453//1453 1482//1482
f 1288//1288 1457//1457 1479//1479
f 1457//1457 1288//1288 1295//1295
f 1457//1457 1295//1295 1465//1465
f 1460//1460 1487//1487 1488//1488
f 1458//1458 1466//1466 1455//1455
f 1466//1466 1368//1368 1455//1455
f 1481//1481 1484//1484 1453//1453
f 1484//1484 1459//1459 1460//1460
f 1462//1462 1461//1461 1402//1402
f 1462//1462 1402//1402 1416//1416
f 1463//1463 1462//1462 1416//1416
f 1463//1463 1416//1416 1411//1411
f 1489//1489 1487//1487 1459//1459
f 1461//1461 1464//1464 1374//1374
f 1461//1461 1374//1374 1402//1402
f 1464//1464 1466//1466 1374//1374
f 1466//1466 1367//1367 1368//1368
f 1367//1367 1339//1339 1366//1366
f 1367//1367 1366//1366 1368//1368
f 1481//1481 1332//1332 1289//1289
f 1289//1289 1479//1479 1457//1457
f 1489//1489 1459//1459 1490//1490
f 1410//1410 1492//1492 1467//1467
f 1410//1410 1467//1467 1493//1493
f 1459//1459 1484//1484 1471//1471
f 1459//1459 1471//1471 1395//1395
f 1396//1396 1409//1409 1490//1490
f 1469//1469 1375//1375 1413//1413
f 1467//1467 1494//1494 1493//1493
f 1296//1296 1468//1468 1465//1465
f 1468//1468 1361//1361 1465//1465
f 1296//1296 1359//1359 1389//1389
f 1358//1358 1480//1480 1481//1481
f 1481//1481 1480//1480 1471//1471
f 1357//1357 1358//1358 1289//1289
f 1469//1469 1470//1470 1375//1375
f 1470//1470 1370//1370 1375//1375
f 1470//1470 1369//1369 1370//1370
f 1497//1497 36//36 2088//2088
f 1471//1471 1394//1394 1395//1395
f 1467//1467 1396//1396 1398//1398
f 1472//1472 1398//1398 1396//1396
f 1394//1394 1472//1472 1395//1395
f 1470//1470 1362//1362 1369//1369
f 1473//1473 1362//1362 1470//1470
f 1473//1473 1470//1470 1469//1469
f 1362//1362 36//36 1369//1369
f 1475//1475 1397//1397 1398//1398
f 1475//1475 1398//1398 1472//1472
f 1472//1472 1477//1477 1475//1475
f 1473//1473 1398//1398 1474//1474
f 1435//1435 1473//1473 1474//1474
f 1357//1357 1476//1476 1358//1358
f 1475//1475 1495//1495 1397//1397
f 1495//1495 1475//1475 1477//1477
f 1479//1479 1332//1332 1452//1452
f 1479//1479 1289//1289 1332//1332
f 1289//1289 1457//1457 1361//1361
f 1481//1481 1289//1289 1358//1358
f 1480//1480 1358//1358 1476//1476
f 1480//1480 1476//1476 1360//1360
f 1456//1456 1482//1482 1453//1453
f 1483//1483 1285//1285 1482//1482
f 1421//1421 1511//1511 1483//1483
f 1421//1421 1483//1483 1443//1443
f 1483//1483 1482//1482 1485//1485
f 1485//1485 1482//1482 1456//1456
f 1460//1460 1453//1453 1484//1484
f 1460//1460 1456//1456 1453//1453
f 1459//1459 1395//1395 1490//1490
f 1488//1488 1456//1456 1460//1460
f 1489//1489 1490//1490 1409//1409
f 1486//1486 1291//1291 1442//1442
f 1442//1442 1291//1291 1290//1290
f 1486//1486 1454//1454 1291//1291
f 1396//1396 1490//1490 1395//1395
f 1395//1395 1472//1472 1396//1396
f 1487//1487 1491//1491 1454//1454
f 1486//1486 1488//1488 1454//1454
f 1488//1488 1487//1487 1454//1454
f 1487//1487 1489//1489 1491//1491
f 1396//1396 1467//1467 1409//1409
f 1398//1398 1397//1397 1474//1474
f 1434//1434 1474//1474 1397//1397
f 1491//1491 1492//1492 1463//1463
f 1491//1491 1463//1463 1411//1411
f 1492//1492 1410//1410 1463//1463
f 1492//1492 1409//1409 1467//1467
f 1494//1494 1467//1467 1398//1398
f 1494//1494 1469//1469 1413//1413
f 1494//1494 1413//1413 1493//1493
f 1398//1398 1473//1473 1469//1469
f 1398//1398 1469//1469 1494//1494
f 1435//1435 1362//1362 1473//1473
f 7//7 1435//1435 1474//1474
f 7//7 1474//1474 1434//1434
f 1371//1371 1497//1497 1496//1496
f 1371//1371 1496//1496 1372//1372
f 1369//1369 1497//1497 1371//1371
f 1496//1496 1367//1367 1372//1372
f 1534//1534 1524//1524 1533//1533
f 1670//1670 1565//1565 1646//1646
f 1558//1558 1638//1638 1542//1542
f 1601//1601 1614//1614 1791//1791
f 1577//1577 1788//1788 1584//1584
f 1591//1591 1599//1599 1592//1592
f 1627//1627 1578//1578 1583//1583
f 1649//1649 1588//1588 1664//1664
f 1532//1532 1527//1527 1616//1616
f 1532//1532 1531//1531 1527//1527
f 1529//1529 1528//1528 1602//1602
f 1528//1528 1523//1523 1602//1602
f 1529//1529 1602//1602 1613//1613
f 1529//1529 1535//1535 1629//1629
f 1529//1529 1612//1612 1535//1535
f 1612//1612 1529//1529 1613//1613
f 1612//1612 1531//1531 1535//1535
f 1612//1612 1527//1527 1531//1531
f 1526//1526 1836//1836 1783//1783
f 1610//1610 1760//1760 1836//1836
f 1610//1610 1836//1836 1526//1526
f 1534//1534 1526//1526 1783//1783
f 1837//1837 1760//1760 1525//1525
f 1526//1526 1534//1534 1611//1611
f 1611//1611 1534//1534 1533//1533
f 1611//1611 1610//1610 1526//1526
f 1611//1611 1533//1533 1616//1616
f 1610//1610 1525//1525 1760//1760
f 1754//1754 1522//1522 1606//1606
f 1629//1629 1528//1528 1529//1529
f 1535//1535 1530//1530 1629//1629
f 1531//1531 1771//1771 1530//1530
f 1531//1531 1530//1530 1535//1535
f 1531//1531 1705//1705 1771//1771
f 1532//1532 1705//1705 1531//1531
f 1534//1534 1756//1756 1524//1524
f 1783//1783 1756//1756 1534//1534
f 1831//1831 1533//1533 1524//1524
f 1773//1773 1629//1629 1530//1530
f 1826//1826 1801//1801 1528//1528
f 1826//1826 1528//1528 1629//1629
f 1575//1575 1626//1626 1624//1624
f 1575//1575 1624//1624 1568//1568
f 1574//1574 1625//1625 1626//1626
f 1574//1574 1626//1626 1575//1575
f 1555//1555 1617//1617 1625//1625
f 1555//1555 1625//1625 1574//1574
f 1573//1573 1545//1545 1638//1638
f 1573//1573 1638//1638 1558//1558
f 1656//1656 1545//1545 1573//1573
f 1652//1652 1562//1562 1548//1548
f 1652//1652 1548//1548 1653//1653
f 1572//1572 1658//1658 1550//1550
f 1572//1572 1550//1550 1654//1654
f 1564//1564 1563//1563 1553//1553
f 1564//1564 1553//1553 1552//1552
f 1563//1563 1571//1571 1554//1554
f 1563//1563 1554//1554 1553//1553
f 1571//1571 1570//1570 1659//1659
f 1571//1571 1659//1659 1554//1554
f 1559//1559 1621//1621 1659//1659
f 1559//1559 1659//1659 1570//1570
f 1559//1559 1560//1560 1667//1667
f 1559//1559 1667//1667 1621//1621
f 1624//1624 1622//1622 1567//1567
f 1624//1624 1567//1567 1568//1568
f 1619//1619 1567//1567 1622//1622
f 1565//1565 1566//1566 1647//1647
f 1565//1565 1647//1647 1646//1646
f 1557//1557 1558//1558 1542//1542
f 1566//1566 1620//1620 1623//1623
f 1556//1556 1557//1557 1618//1618
f 1555//1555 1556//1556 1618//1618
f 1555//1555 1618//1618 1617//1617
f 1641//1641 1624//1624 1626//1626
f 1641//1641 1626//1626 1640//1640
f 1625//1625 1639//1639 1640//1640
f 1625//1625 1640//1640 1626//1626
f 1639//1639 1625//1625 1617//1617
f 1639//1639 1617//1617 1635//1635
f 1634//1634 1635//1635 1618//1618
f 1634//1634 1618//1618 1557//1557
f 1544//1544 1546//1546 1657//1657
f 1641//1641 1651//1651 1622//1622
f 1641//1641 1622//1622 1624//1624
f 1642//1642 1583//1583 1586//1586
f 1623//1623 1642//1642 1586//1586
f 1623//1623 1586//1586 1588//1588
f 1623//1623 1588//1588 1649//1649
f 1623//1623 1649//1649 1647//1647
f 1646//1646 1647//1647 1649//1649
f 1646//1646 1649//1649 1650//1650
f 1651//1651 1648//1648 1619//1619
f 1651//1651 1619//1619 1622//1622
f 1538//1538 1655//1655 1549//1549
f 1538//1538 1549//1549 1539//1539
f 1541//1541 1643//1643 1536//1536
f 1643//1643 1644//1644 1660//1660
f 1643//1643 1660//1660 1536//1536
f 1644//1644 1645//1645 1660//1660
f 1672//1672 1587//1587 1671//1671
f 1672//1672 1646//1646 1650//1650
f 1672//1672 1650//1650 1587//1587
f 1642//1642 1619//1619 1648//1648
f 1635//1635 1617//1617 1618//1618
f 1634//1634 1557//1557 1542//1542
f 1634//1634 1542//1542 1638//1638
f 1601//1601 1791//1791 1789//1789
f 1603//1603 1613//1613 1602//1602
f 1630//1630 1602//1602 1615//1615
f 1615//1615 1602//1602 1523//1523
f 1630//1630 1615//1615 1592//1592
f 1615//1615 1614//1614 1592//1592
f 1614//1614 1523//1523 1787//1787
f 1523//1523 1614//1614 1615//1615
f 1600//1600 1592//1592 1614//1614
f 1601//1601 1600//1600 1614//1614
f 1609//1609 1611//1611 1605//1605
f 1661//1661 1610//1610 1609//1609
f 1661//1661 1608//1608 1522//1522
f 1611//1611 1609//1609 1610//1610
f 1522//1522 1608//1608 1606//1606
f 1607//1607 1662//1662 1584//1584
f 1607//1607 1608//1608 1662//1662
f 1606//1606 1608//1608 1607//1607
f 1607//1607 1584//1584 1788//1788
f 1606//1606 1607//1607 1795//1795
f 1589//1589 1628//1628 1591//1591
f 1789//1789 1589//1589 1591//1591
f 1789//1789 1591//1591 1601//1601
f 1635//1635 1634//1634 1633//1633
f 1604//1604 1539//1539 1605//1605
f 1611//1611 1616//1616 1604//1604
f 1611//1611 1604//1604 1605//1605
f 1604//1604 1616//1616 1527//1527
f 1538//1538 1539//1539 1604//1604
f 1527//1527 1597//1597 1604//1604
f 1603//1603 1631//1631 1613//1613
f 1633//1633 1631//1631 1603//1603
f 1630//1630 1603//1603 1602//1602
f 1581//1581 1592//1592 1599//1599
f 1600//1600 1601//1601 1591//1591
f 1599//1599 1628//1628 1581//1581
f 1537//1537 1631//1631 1633//1633
f 1613//1613 1631//1631 1597//1597
f 1631//1631 1537//1537 1598//1598
f 1597//1597 1598//1598 1657//1657
f 1597//1597 1631//1631 1598//1598
f 1612//1612 1613//1613 1597//1597
f 1612//1612 1597//1597 1527//1527
f 1605//1605 1540//1540 1593//1593
f 1540//1540 1541//1541 1593//1593
f 1541//1541 1536//1536 1593//1593
f 1579//1579 1586//1586 1578//1578
f 1595//1595 1664//1664 1580//1580
f 1665//1665 1663//1663 1585//1585
f 1609//1609 1593//1593 1596//1596
f 1663//1663 1584//1584 1585//1585
f 1580//1580 1579//1579 1594//1594
f 1594//1594 1788//1788 1580//1580
f 1578//1578 1576//1576 1594//1594
f 1578//1578 1594//1594 1579//1579
f 1594//1594 1576//1576 1794//1794
f 1794//1794 1788//1788 1594//1594
f 1576//1576 1789//1789 1794//1794
f 1593//1593 1609//1609 1605//1605
f 1596//1596 1661//1661 1609//1609
f 1585//1585 1662//1662 1661//1661
f 1585//1585 1661//1661 1596//1596
f 1584//1584 1662//1662 1585//1585
f 1599//1599 1591//1591 1628//1628
f 1576//1576 1589//1589 1789//1789
f 1637//1637 1641//1641 1640//1640
f 1637//1637 1640//1640 1582//1582
f 1635//1635 1636//1636 1639//1639
f 1537//1537 1543//1543 1544//1544
f 1537//1537 1544//1544 1598//1598
f 1657//1657 1598//1598 1544//1544
f 1538//1538 1546//1546 1655//1655
f 1551//1551 1541//1541 1540//1540
f 1536//1536 1660//1660 1596//1596
f 1651//1651 1641//1641 1637//1637
f 1627//1627 1648//1648 1651//1651
f 1627//1627 1651//1651 1590//1590
f 1660//1660 1585//1585 1596//1596
f 1583//1583 1578//1578 1586//1586
f 1584//1584 1663//1663 1577//1577
f 1577//1577 1663//1663 1595//1595
f 1580//1580 1664//1664 1579//1579
f 1577//1577 1595//1595 1580//1580
f 1577//1577 1580//1580 1788//1788
f 1583//1583 1648//1648 1627//1627
f 1636//1636 1582//1582 1640//1640
f 1636//1636 1640//1640 1639//1639
f 1636//1636 1581//1581 1582//1582
f 1632//1632 1633//1633 1603//1603
f 1664//1664 1588//1588 1586//1586
f 1664//1664 1586//1586 1579//1579
f 1643//1643 1541//1541 1553//1553
f 1643//1643 1553//1553 1554//1554
f 1553//1553 1541//1541 1551//1551
f 1553//1553 1551//1551 1552//1552
f 1549//1549 1550//1550 1658//1658
f 1655//1655 1550//1550 1549//1549
f 1655//1655 1653//1653 1548//1548
f 1546//1546 1544//1544 1545//1545
f 1546//1546 1545//1545 1656//1656
f 1543//1543 1638//1638 1545//1545
f 1543//1543 1545//1545 1544//1544
f 1634//1634 1638//1638 1633//1633
f 1633//1633 1638//1638 1543//1543
f 1633//1633 1543//1543 1537//1537
f 1604//1604 1657//1657 1538//1538
f 1627//1627 1576//1576 1578//1578
f 1590//1590 1589//1589 1576//1576
f 1590//1590 1576//1576 1627//1627
f 1628//1628 1589//1589 1590//1590
f 1826//1826 1629//1629 1773//1773
f 1592//1592 1600//1600 1591//1591
f 1632//1632 1603//1603 1630//1630
f 1632//1632 1630//1630 1592//1592
f 1632//1632 1592//1592 1581//1581
f 1590//1590 1651//1651 1637//1637
f 1635//1635 1633//1633 1632//1632
f 1635//1635 1632//1632 1636//1636
f 1636//1636 1632//1632 1581//1581
f 1582//1582 1581//1581 1628//1628
f 1582//1582 1628//1628 1637//1637
f 1637//1637 1628//1628 1590//1590
f 1642//1642 1648//1648 1583//1583
f 1623//1623 1647//1647 1566//1566
f 1619//1619 1620//1620 1498//1498
f 1619//1619 1498//1498 1312//1312
f 1619//1619 1642//1642 1620//1620
f 1644//1644 1643//1643 1554//1554
f 1644//1644 1554//1554 1659//1659
f 1667//1667 1645//1645 1644//1644
f 1667//1667 1644//1644 1621//1621
f 1623//1623 1620//1620 1642//1642
f 1665//1665 1671//1671 1587//1587
f 1652//1652 1653//1653 1547//1547
f 1652//1652 1547//1547 1561//1561
f 1655//1655 1546//1546 1547//1547
f 1655//1655 1547//1547 1653//1653
f 1654//1654 1550//1550 1548//1548
f 1654//1654 1548//1548 1562//1562
f 1655//1655 1548//1548 1550//1550
f 1656//1656 1561//1561 1547//1547
f 1546//1546 1656//1656 1547//1547
f 1657//1657 1546//1546 1538//1538
f 1604//1604 1597//1597 1657//1657
f 1564//1564 1552//1552 1658//1658
f 1564//1564 1658//1658 1572//1572
f 1549//1549 1658//1658 1552//1552
f 1549//1549 1552//1552 1551//1551
f 1549//1549 1551//1551 1540//1540
f 1549//1549 1540//1540 1539//1539
f 1539//1539 1540//1540 1605//1605
f 1533//1533 1532//1532 1616//1616
f 1532//1532 1533//1533 1705//1705
f 1831//1831 1705//1705 1533//1533
f 1644//1644 1659//1659 1621//1621
f 1662//1662 1608//1608 1661//1661
f 1610//1610 1661//1661 1525//1525
f 1525//1525 1661//1661 1522//1522
f 1837//1837 1525//1525 1522//1522
f 1663//1663 1587//1587 1650//1650
f 1663//1663 1650//1650 1595//1595
f 1587//1587 1663//1663 1665//1665
f 1595//1595 1650//1650 1649//1649
f 1595//1595 1649//1649 1664//1664
f 1593//1593 1536//1536 1596//1596
f 1666//1666 1569//1569 1668//1668
f 1666//1666 1668//1668 1667//1667
f 1645//1645 1667//1667 1668//1668
f 1560//1560 1666//1666 1667//1667
f 1645//1645 1671//1671 1660//1660
f 1569//1569 1669//1669 1670//1670
f 1569//1569 1670//1670 1668//1668
f 1672//1672 1671//1671 1645//1645
f 1665//1665 1585//1585 1660//1660
f 1672//1672 1645//1645 1668//1668
f 1672//1672 1668//1668 1670//1670
f 1665//1665 1660//1660 1671//1671
f 1670//1670 1669//1669 1565//1565
f 1672//1672 1670//1670 1646//1646
f 1855//1855 1798//1798 1840//1840
f 1677//1677 1676//1676 1803//1803
f 1855//1855 1839//1839 1856//1856
f 1528//1528 1769//1769 1523//1523
f 1709//1709 1832//1832 1717//1717
f 1829//1829 1700//1700 1828//1828
f 1815//1815 1704//1704 1814//1814
f 1698//1698 1702//1702 1706//1706
f 1678//1678 1744//1744 1679//1679
f 1807//1807 1806//1806 1797//1797
f 1797//1797 1806//1806 1734//1734
f 1803//1803 1743//1743 1677//1677
f 1677//1677 1743//1743 1744//1744
f 1677//1677 1744//1744 1678//1678
f 1919//1919 1805//1805 1844//1844
f 1797//1797 1920//1920 1796//1796
f 1807//1807 1858//1858 1673//1673
f 1678//1678 1848//1848 1677//1677
f 1840//1840 1839//1839 1855//1855
f 1919//1919 1674//1674 1682//1682
f 1840//1840 1798//1798 1674//1674
f 1674//1674 1798//1798 1682//1682
f 1681//1681 1919//1919 1921//1921
f 1681//1681 1921//1921 1920//1920
f 1681//1681 1920//1920 1797//1797
f 1676//1676 1675//1675 1804//1804
f 1676//1676 1804//1804 1803//1803
f 1797//1797 1734//1734 1681//1681
f 1680//1680 1804//1804 1675//1675
f 1805//1805 1919//1919 1681//1681
f 1842//1842 1674//1674 1716//1716
f 1842//1842 1840//1840 1674//1674
f 1842//1842 1680//1680 1839//1839
f 1842//1842 1839//1839 1840//1840
f 1675//1675 1839//1839 1680//1680
f 1679//1679 1802//1802 1673//1673
f 1807//1807 1673//1673 1802//1802
f 1797//1797 1796//1796 1807//1807
f 1919//1919 1844//1844 1674//1674
f 1858//1858 1849//1849 1673//1673
f 1848//1848 1678//1678 1922//1922
f 1923//1923 1677//1677 1848//1848
f 1676//1676 1677//1677 1923//1923
f 1856//1856 1675//1675 1676//1676
f 1856//1856 1839//1839 1675//1675
f 1528//1528 1801//1801 1770//1770
f 1801//1801 1826//1826 1827//1827
f 1801//1801 1827//1827 1704//1704
f 1700//1700 1735//1735 1737//1737
f 1773//1773 1530//1530 1775//1775
f 1735//1735 1701//1701 1733//1733
f 1829//1829 1686//1686 1701//1701
f 1778//1778 1686//1686 1829//1829
f 1778//1778 1829//1829 1784//1784
f 1775//1775 1530//1530 1771//1771
f 1775//1775 1771//1771 1776//1776
f 1699//1699 1733//1733 1701//1701
f 1778//1778 1779//1779 1687//1687
f 1778//1778 1687//1687 1686//1686
f 1776//1776 1771//1771 1705//1705
f 1776//1776 1705//1705 1777//1777
f 1830//1830 1777//1777 1705//1705
f 1830//1830 1705//1705 1831//1831
f 1770//1770 1762//1762 1769//1769
f 1769//1769 1528//1528 1770//1770
f 1762//1762 1750//1750 1769//1769
f 1751//1751 1787//1787 1750//1750
f 1769//1769 1750//1750 1787//1787
f 1792//1792 1787//1787 1751//1751
f 1523//1523 1769//1769 1787//1787
f 1838//1838 1824//1824 1761//1761
f 1838//1838 1761//1761 1837//1837
f 1760//1760 1837//1837 1761//1761
f 1697//1697 1696//1696 1818//1818
f 1838//1838 1837//1837 1766//1766
f 1838//1838 1766//1766 1767//1767
f 1837//1837 1754//1754 1766//1766
f 1697//1697 1818//1818 1768//1768
f 1697//1697 1768//1768 1813//1813
f 1818//1818 1767//1767 1768//1768
f 1754//1754 1752//1752 1766//1766
f 1813//1813 1768//1768 1765//1765
f 1813//1813 1765//1765 1723//1723
f 1768//1768 1767//1767 1765//1765
f 1767//1767 1766//1766 1823//1823
f 1766//1766 1752//1752 1823//1823
f 1723//1723 1765//1765 1812//1812
f 1823//1823 1763//1763 1764//1764
f 1752//1752 1763//1763 1823//1823
f 1752//1752 1753//1753 1763//1763
f 1764//1764 1763//1763 1822//1822
f 1763//1763 1762//1762 1822//1822
f 1753//1753 1750//1750 1762//1762
f 1753//1753 1762//1762 1763//1763
f 1695//1695 1832//1832 1694//1694
f 1820//1820 1825//1825 1824//1824
f 1820//1820 1824//1824 1819//1819
f 1825//1825 1759//1759 1761//1761
f 1825//1825 1761//1761 1824//1824
f 1782//1782 1757//1757 1759//1759
f 1782//1782 1759//1759 1825//1825
f 1758//1758 1693//1693 1692//1692
f 1758//1758 1692//1692 1755//1755
f 1756//1756 1757//1757 1782//1782
f 1756//1756 1782//1782 1780//1780
f 1783//1783 1757//1757 1756//1756
f 1756//1756 1781//1781 1524//1524
f 1780//1780 1781//1781 1756//1756
f 1755//1755 1692//1692 1691//1691
f 1755//1755 1691//1691 1707//1707
f 1830//1830 1831//1831 1781//1781
f 1524//1524 1781//1781 1831//1831
f 1754//1754 1837//1837 1522//1522
f 1606//1606 1752//1752 1754//1754
f 1795//1795 1753//1753 1752//1752
f 1795//1795 1752//1752 1606//1606
f 1751//1751 1795//1795 1786//1786
f 1751//1751 1753//1753 1795//1795
f 1786//1786 1792//1792 1751//1751
f 1751//1751 1750//1750 1753//1753
f 1817//1817 1748//1748 1800//1800
f 1817//1817 1800//1800 1816//1816
f 1748//1748 1821//1821 1800//1800
f 1722//1722 1742//1742 1747//1747
f 1722//1722 1747//1747 1744//1744
f 1734//1734 1732//1732 1745//1745
f 1835//1835 1805//1805 1745//1745
f 1730//1730 1727//1727 1804//1804
f 1730//1730 1804//1804 1680//1680
f 1727//1727 1725//1725 1803//1803
f 1727//1727 1803//1803 1804//1804
f 1725//1725 1721//1721 1743//1743
f 1725//1725 1743//1743 1803//1803
f 1721//1721 1722//1722 1744//1744
f 1721//1721 1744//1744 1743//1743
f 1720//1720 1741//1741 1742//1742
f 1720//1720 1742//1742 1722//1722
f 1720//1720 1749//1749 1741//1741
f 1811//1811 1740//1740 1742//1742
f 1740//1740 1739//1739 1808//1808
f 1811//1811 1739//1739 1740//1740
f 1811//1811 1738//1738 1739//1739
f 1739//1739 1809//1809 1808//1808
f 1738//1738 1810//1810 1809//1809
f 1738//1738 1809//1809 1739//1739
f 1737//1737 1736//1736 1806//1806
f 1737//1737 1806//1806 1746//1746
f 1737//1737 1735//1735 1736//1736
f 1736//1736 1733//1733 1734//1734
f 1736//1736 1734//1734 1806//1806
f 1735//1735 1733//1733 1736//1736
f 1733//1733 1732//1732 1734//1734
f 1733//1733 1699//1699 1732//1732
f 1835//1835 1713//1713 1805//1805
f 1834//1834 1698//1698 1713//1713
f 1834//1834 1713//1713 1835//1835
f 1832//1832 1731//1731 1717//1717
f 1731//1731 1729//1729 1730//1730
f 1731//1731 1728//1728 1729//1729
f 1832//1832 1728//1728 1731//1731
f 1708//1708 1697//1697 1728//1728
f 1729//1729 1727//1727 1730//1730
f 1728//1728 1726//1726 1729//1729
f 1728//1728 1697//1697 1813//1813
f 1729//1729 1725//1725 1727//1727
f 1726//1726 1724//1724 1725//1725
f 1726//1726 1725//1725 1729//1729
f 1724//1724 1719//1719 1721//1721
f 1724//1724 1721//1721 1725//1725
f 1719//1719 1720//1720 1722//1722
f 1719//1719 1722//1722 1721//1721
f 1718//1718 1749//1749 1720//1720
f 1716//1716 1717//1717 1711//1711
f 1715//1715 1717//1717 1716//1716
f 1715//1715 1709//1709 1717//1717
f 1709//1709 1715//1715 1710//1710
f 1843//1843 1715//1715 1716//1716
f 1712//1712 1715//1715 1843//1843
f 1710//1710 1715//1715 1712//1712
f 1710//1710 1712//1712 1706//1706
f 1713//1713 1714//1714 1805//1805
f 1698//1698 1712//1712 1714//1714
f 1698//1698 1714//1714 1713//1713
f 1838//1838 1818//1818 1819//1819
f 1838//1838 1819//1819 1824//1824
f 1832//1832 1695//1695 1708//1708
f 1833//1833 1707//1707 1691//1691
f 1706//1706 1712//1712 1698//1698
f 1701//1701 1686//1686 1683//1683
f 1701//1701 1683//1683 1699//1699
f 1834//1834 1702//1702 1698//1698
f 1735//1735 1829//1829 1701//1701
f 1700//1700 1829//1829 1735//1735
f 1708//1708 1696//1696 1697//1697
f 1695//1695 1819//1819 1696//1696
f 1695//1695 1696//1696 1708//1708
f 1694//1694 1819//1819 1695//1695
f 1706//1706 1692//1692 1693//1693
f 1685//1685 1691//1691 1692//1692
f 1685//1685 1692//1692 1706//1706
f 1684//1684 1833//1833 1691//1691
f 1684//1684 1691//1691 1685//1685
f 1785//1785 1784//1784 1829//1829
f 1785//1785 1829//1829 1828//1828
f 1686//1686 1687//1687 1683//1683
f 1775//1775 1689//1689 1690//1690
f 1775//1775 1690//1690 1773//1773
f 1776//1776 1772//1772 1689//1689
f 1776//1776 1689//1689 1775//1775
f 1777//1777 1772//1772 1776//1776
f 1780//1780 1755//1755 1707//1707
f 1780//1780 1707//1707 1781//1781
f 1782//1782 1758//1758 1755//1755
f 1782//1782 1755//1755 1780//1780
f 1758//1758 1825//1825 1820//1820
f 1833//1833 1830//1830 1707//1707
f 1779//1779 1777//1777 1830//1830
f 1778//1778 1772//1772 1777//1777
f 1778//1778 1777//1777 1779//1779
f 1784//1784 1689//1689 1772//1772
f 1784//1784 1772//1772 1778//1778
f 1785//1785 1690//1690 1689//1689
f 1785//1785 1689//1689 1784//1784
f 1814//1814 1704//1704 1827//1827
f 1787//1787 1791//1791 1614//1614
f 1791//1791 1787//1787 1792//1792
f 1793//1793 1790//1790 1788//1788
f 1607//1607 1788//1788 1790//1790
f 1795//1795 1607//1607 1790//1790
f 1793//1793 1788//1788 1794//1794
f 1786//1786 1790//1790 1793//1793
f 1786//1786 1793//1793 1792//1792
f 1791//1791 1793//1793 1794//1794
f 1791//1791 1794//1794 1789//1789
f 1791//1791 1792//1792 1793//1793
f 1795//1795 1790//1790 1786//1786
f 1679//1679 1673//1673 1922//1922
f 1849//1849 1922//1922 1673//1673
f 1858//1858 1807//1807 1796//1796
f 1922//1922 1678//1678 1679//1679
f 1742//1742 1740//1740 1747//1747
f 1741//1741 1811//1811 1742//1742
f 1816//1816 1800//1800 1774//1774
f 1802//1802 1740//1740 1808//1808
f 1679//1679 1747//1747 1802//1802
f 1747//1747 1740//1740 1802//1802
f 1744//1744 1747//1747 1679//1679
f 1716//1716 1711//1711 1842//1842
f 1844//1844 1843//1843 1716//1716
f 1734//1734 1745//1745 1681//1681
f 1807//1807 1746//1746 1806//1806
f 1807//1807 1802//1802 1808//1808
f 1807//1807 1808//1808 1746//1746
f 1809//1809 1737//1737 1746//1746
f 1809//1809 1746//1746 1808//1808
f 1810//1810 1737//1737 1809//1809
f 1688//1688 1828//1828 1700//1700
f 1688//1688 1700//1700 1810//1810
f 1810//1810 1700//1700 1737//1737
f 1718//1718 1720//1720 1719//1719
f 1723//1723 1718//1718 1719//1719
f 1723//1723 1719//1719 1724//1724
f 1813//1813 1723//1723 1724//1724
f 1813//1813 1724//1724 1726//1726
f 1728//1728 1813//1813 1726//1726
f 1708//1708 1728//1728 1832//1832
f 1810//1810 1738//1738 1703//1703
f 1810//1810 1703//1703 1688//1688
f 1799//1799 1703//1703 1738//1738
f 1799//1799 1738//1738 1811//1811
f 1799//1799 1811//1811 1741//1741
f 1816//1816 1799//1799 1741//1741
f 1749//1749 1816//1816 1741//1741
f 1812//1812 1749//1749 1718//1718
f 1723//1723 1812//1812 1718//1718
f 1814//1814 1688//1688 1703//1703
f 1814//1814 1703//1703 1815//1815
f 1815//1815 1703//1703 1799//1799
f 1774//1774 1815//1815 1799//1799
f 1816//1816 1774//1774 1799//1799
f 1817//1817 1816//1816 1749//1749
f 1764//1764 1817//1817 1749//1749
f 1764//1764 1749//1749 1812//1812
f 1765//1765 1764//1764 1812//1812
f 1818//1818 1696//1696 1819//1819
f 1820//1820 1819//1819 1694//1694
f 1820//1820 1694//1694 1693//1693
f 1820//1820 1693//1693 1758//1758
f 1800//1800 1821//1821 1774//1774
f 1748//1748 1817//1817 1822//1822
f 1764//1764 1822//1822 1817//1817
f 1767//1767 1823//1823 1765//1765
f 1823//1823 1764//1764 1765//1765
f 1782//1782 1825//1825 1758//1758
f 1770//1770 1801//1801 1821//1821
f 1704//1704 1815//1815 1774//1774
f 1821//1821 1704//1704 1774//1774
f 1704//1704 1821//1821 1801//1801
f 1826//1826 1773//1773 1827//1827
f 1827//1827 1773//1773 1690//1690
f 1814//1814 1827//1827 1690//1690
f 1814//1814 1690//1690 1785//1785
f 1828//1828 1688//1688 1814//1814
f 1828//1828 1814//1814 1785//1785
f 1830//1830 1781//1781 1707//1707
f 1683//1683 1687//1687 1684//1684
f 1702//1702 1684//1684 1685//1685
f 1706//1706 1702//1702 1685//1685
f 1693//1693 1710//1710 1706//1706
f 1694//1694 1709//1709 1710//1710
f 1694//1694 1710//1710 1693//1693
f 1832//1832 1709//1709 1694//1694
f 1833//1833 1779//1779 1830//1830
f 1833//1833 1687//1687 1779//1779
f 1684//1684 1687//1687 1833//1833
f 1702//1702 1699//1699 1683//1683
f 1702//1702 1683//1683 1684//1684
f 1834//1834 1699//1699 1702//1702
f 1699//1699 1834//1834 1732//1732
f 1732//1732 1834//1834 1835//1835
f 1732//1732 1835//1835 1745//1745
f 1805//1805 1681//1681 1745//1745
f 1836//1836 1760//1760 1761//1761
f 1836//1836 1761//1761 1759//1759
f 1757//1757 1783//1783 1836//1836
f 1757//1757 1836//1836 1759//1759
f 1770//1770 1748//1748 1822//1822
f 1770//1770 1822//1822 1762//1762
f 1770//1770 1821//1821 1748//1748
f 1838//1838 1767//1767 1818//1818
f 1858//1858 1841//1841 1903//1903
f 1717//1717 1730//1730 1711//1711
f 1731//1731 1730//1730 1717//1717
f 1730//1730 1680//1680 1711//1711
f 1842//1842 1711//1711 1680//1680
f 1844//1844 1716//1716 1674//1674
f 1712//1712 1843//1843 1714//1714
f 1844//1844 1805//1805 1714//1714
f 1844//1844 1714//1714 1843//1843
f 1923//1923 1850//1850 1904//1904
f 1941//1941 1860//1860 1931//1931
f 1906//1906 1953//1953 1859//1859
f 1953//1953 1931//1931 1859//1859
f 1866//1866 1863//1863 1947//1947
f 1935//1935 1863//1863 1882//1882
f 1863//1863 1883//1883 1882//1882
f 1864//1864 1933//1933 1932//1932
f 1864//1864 1892//1892 1891//1891
f 1926//1926 1902//1902 1885//1885
f 1911//1911 1906//1906 1912//1912
f 1859//1859 1894//1894 1862//1862
f 1961//1961 1935//1935 1877//1877
f 1845//1845 1846//1846 1676//1676
f 1796//1796 1841//1841 1858//1858
f 1848//1848 1847//1847 1851//1851
f 1847//1847 1848//1848 1922//1922
f 1847//1847 1922//1922 1849//1849
f 1923//1923 1848//1848 1851//1851
f 1923//1923 1851//1851 1850//1850
f 1920//1920 1852//1852 1841//1841
f 1856//1856 1676//1676 1846//1846
f 1923//1923 1845//1845 1676//1676
f 1923//1923 1904//1904 1845//1845
f 1853//1853 1854//1854 1855//1855
f 1853//1853 1855//1855 1856//1856
f 1854//1854 1857//1857 1798//1798
f 1899//1899 1858//1858 1903//1903
f 1941//1941 1861//1861 1860//1860
f 1861//1861 1905//1905 1884//1884
f 1957//1957 1908//1908 1932//1932
f 1908//1908 1957//1957 1907//1907
f 1907//1907 1953//1953 1906//1906
f 1860//1860 1884//1884 1895//1895
f 1860//1860 1895//1895 1859//1859
f 1859//1859 1931//1931 1860//1860
f 1884//1884 1860//1860 1861//1861
f 1864//1864 1865//1865 1934//1934
f 1864//1864 1934//1934 1933//1933
f 1883//1883 1866//1866 1871//1871
f 1883//1883 1863//1863 1866//1866
f 1934//1934 1866//1866 1947//1947
f 1934//1934 1865//1865 1866//1866
f 1871//1871 1866//1866 1865//1865
f 1871//1871 1865//1865 1867//1867
f 1867//1867 1865//1865 1864//1864
f 1877//1877 1905//1905 1861//1861
f 1892//1892 1893//1893 1889//1889
f 1892//1892 1889//1889 1891//1891
f 1880//1880 1869//1869 1876//1876
f 1879//1879 1880//1880 1868//1868
f 1869//1869 1856//1856 1846//1846
f 1869//1869 1846//1846 1876//1876
f 1887//1887 1870//1870 1890//1890
f 1874//1874 1883//1883 1871//1871
f 1872//1872 1873//1873 1870//1870
f 1873//1873 1868//1868 1874//1874
f 1873//1873 1874//1874 1870//1870
f 1935//1935 1875//1875 1877//1877
f 1873//1873 1878//1878 1879//1879
f 1880//1880 1881//1881 1869//1869
f 1875//1875 1880//1880 1876//1876
f 1882//1882 1875//1875 1935//1935
f 1894//1894 1851//1851 1847//1847
f 1885//1885 1886//1886 1926//1926
f 1871//1871 1867//1867 1874//1874
f 1890//1890 1870//1870 1874//1874
f 1890//1890 1874//1874 1867//1867
f 1870//1870 1887//1887 1888//1888
f 1887//1887 1886//1886 1888//1888
f 1886//1886 1885//1885 1888//1888
f 1886//1886 1887//1887 1889//1889
f 1886//1886 1889//1889 1926//1926
f 1887//1887 1890//1890 1889//1889
f 1890//1890 1867//1867 1891//1891
f 1867//1867 1864//1864 1891//1891
f 1891//1891 1889//1889 1890//1890
f 1926//1926 1889//1889 1893//1893
f 1926//1926 1893//1893 1927//1927
f 1893//1893 1928//1928 1927//1927
f 1928//1928 1901//1901 1927//1927
f 1927//1927 1901//1901 1902//1902
f 1902//1902 1913//1913 1885//1885
f 1899//1899 1911//1911 1849//1849
f 1849//1849 1911//1911 1912//1912
f 1849//1849 1912//1912 1847//1847
f 1894//1894 1847//1847 1912//1912
f 1894//1894 1895//1895 1851//1851
f 1895//1895 1884//1884 1850//1850
f 1895//1895 1850//1850 1851//1851
f 1852//1852 1920//1920 1924//1924
f 1903//1903 1898//1898 1899//1899
f 1900//1900 1898//1898 1928//1928
f 1898//1898 1897//1897 1901//1901
f 1898//1898 1901//1901 1928//1928
f 1897//1897 1896//1896 1902//1902
f 1897//1897 1902//1902 1901//1901
f 1902//1902 1896//1896 1915//1915
f 1924//1924 1915//1915 1896//1896
f 1924//1924 1920//1920 1921//1921
f 1852//1852 1903//1903 1841//1841
f 1906//1906 1909//1909 1907//1907
f 1907//1907 1909//1909 1910//1910
f 1907//1907 1910//1910 1908//1908
f 1910//1910 1909//1909 1900//1900
f 1900//1900 1909//1909 1911//1911
f 1900//1900 1911//1911 1898//1898
f 1909//1909 1906//1906 1911//1911
f 1859//1859 1895//1895 1894//1894
f 1904//1904 1850//1850 1905//1905
f 1850//1850 1884//1884 1905//1905
f 1911//1911 1899//1899 1898//1898
f 1881//1881 1853//1853 1869//1869
f 1869//1869 1853//1853 1856//1856
f 1877//1877 1904//1904 1905//1905
f 1877//1877 1845//1845 1904//1904
f 1881//1881 1918//1918 1854//1854
f 1881//1881 1854//1854 1853//1853
f 1913//1913 1914//1914 1885//1885
f 1885//1885 1914//1914 1930//1930
f 1914//1914 1929//1929 1930//1930
f 1888//1888 1885//1885 1930//1930
f 1872//1872 1870//1870 1888//1888
f 1888//1888 1930//1930 1872//1872
f 1930//1930 1929//1929 1872//1872
f 1913//1913 1915//1915 1925//1925
f 1915//1915 1921//1921 1916//1916
f 1913//1913 1925//1925 1914//1914
f 1925//1925 1917//1917 1914//1914
f 1916//1916 1857//1857 1917//1917
f 1868//1868 1882//1882 1883//1883
f 1879//1879 1868//1868 1873//1873
f 1878//1878 1873//1873 1872//1872
f 1878//1878 1872//1872 1918//1918
f 1872//1872 1929//1929 1918//1918
f 1914//1914 1917//1917 1929//1929
f 1917//1917 1857//1857 1929//1929
f 1918//1918 1929//1929 1857//1857
f 1918//1918 1857//1857 1854//1854
f 1913//1913 1902//1902 1915//1915
f 1902//1902 1926//1926 1927//1927
f 1928//1928 1893//1893 1900//1900
f 1900//1900 1893//1893 1910//1910
f 1910//1910 1893//1893 1892//1892
f 1910//1910 1892//1892 1908//1908
f 1896//1896 1897//1897 1924//1924
f 1852//1852 1897//1897 1903//1903
f 1903//1903 1897//1897 1898//1898
f 1881//1881 1880//1880 1879//1879
f 1881//1881 1879//1879 1878//1878
f 1918//1918 1881//1881 1878//1878
f 1880//1880 1875//1875 1882//1882
f 1880//1880 1882//1882 1868//1868
f 1877//1877 1876//1876 1846//1846
f 1877//1877 1846//1846 1845//1845
f 1877//1877 1875//1875 1876//1876
f 1862//1862 1894//1894 1912//1912
f 1912//1912 1906//1906 1862//1862
f 1883//1883 1874//1874 1868//1868
f 1861//1861 1961//1961 1877//1877
f 1899//1899 1849//1849 1858//1858
f 1857//1857 1682//1682 1798//1798
f 1916//1916 1919//1919 1682//1682
f 1916//1916 1682//1682 1857//1857
f 1921//1921 1919//1919 1916//1916
f 1841//1841 1796//1796 1920//1920
f 1932//1932 1892//1892 1864//1864
f 1908//1908 1892//1892 1932//1932
f 1859//1859 1862//1862 1906//1906
f 1915//1915 1924//1924 1921//1921
f 1924//1924 1897//1897 1852//1852
f 1915//1915 1916//1916 1925//1925
f 1925//1925 1916//1916 1917//1917
f 1854//1854 1798//1798 1855//1855
f 1962//1962 1946//1946 1964//1964
f 1947//1947 1948//1948 1934//1934
f 1942//1942 1941//1941 1966//1966
f 1942//1942 1956//1956 1950//1950
f 1936//1936 1968//1968 1957//1957
f 1958//1958 1967//1967 1936//1936
f 1953//1953 1957//1957 1968//1968
f 1949//1949 1954//1954 1967//1967
f 1931//1931 1967//1967 1954//1954
f 1940//1940 1954//1954 1949//1949
f 1954//1954 1940//1940 1931//1931
f 1941//1941 1931//1931 1940//1940
f 1969//1969 1952//1952 1966//1966
f 1948//1948 1952//1952 1969//1969
f 1949//1949 1967//1967 1969//1969
f 1969//1969 1967//1967 1958//1958
f 1969//1969 1958//1958 1948//1948
f 1943//1943 1950//1950 1956//1956
f 1942//1942 1950//1950 1943//1943
f 1951//1951 1960//1960 1942//1942
f 1945//1945 1962//1962 1955//1955
f 1861//1861 1941//1941 1960//1960
f 1963//1963 1960//1960 1944//1944
f 1960//1960 1951//1951 1944//1944
f 1935//1935 1961//1961 1959//1959
f 1861//1861 1960//1960 1961//1961
f 1960//1960 1963//1963 1961//1961
f 1863//1863 1935//1935 1959//1959
f 1940//1940 1949//1949 1969//1969
f 1953//1953 1907//1907 1957//1957
f 1944//1944 1945//1945 1965//1965
f 1947//1947 1946//1946 1952//1952
f 1962//1962 1951//1951 1952//1952
f 1933//1933 1934//1934 1948//1948
f 1933//1933 1948//1948 1958//1958
f 1959//1959 1946//1946 1947//1947
f 1959//1959 1947//1947 1863//1863
f 1951//1951 1942//1942 1943//1943
f 1952//1952 1948//1948 1947//1947
f 1962//1962 1952//1952 1946//1946
f 1957//1957 1932//1932 1933//1933
f 1957//1957 1933//1933 1958//1958
f 1961//1961 1964//1964 1959//1959
f 1943//1943 1956//1956 1966//1966
f 1952//1952 1943//1943 1966//1966
f 1941//1941 1938//1938 1966//1966
f 1966//1966 1938//1938 1939//1939
f 1940//1940 1969//1969 1938//1938
f 1939//1939 1938//1938 1969//1969
f 1936//1936 1937//1937 1968//1968
f 1967//1967 1968//1968 1937//1937
f 1967//1967 1937//1937 1936//1936
f 1941//1941 1942//1942 1960//1960
f 1957//1957 1958//1958 1936//1936
f 1946//1946 1959//1959 1964//1964
f 1952//1952 1951//1951 1943//1943
f 1955//1955 1962//1962 1964//1964
f 1962//1962 1945//1945 1951//1951
f 1963//1963 1964//1964 1961//1961
f 1951//1951 1945//1945 1944//1944
f 1945//1945 1955//1955 1965//1965
f 1944//1944 1965//1965 1963//1963
f 1963//1963 1965//1965 1964//1964
f 1965//1965 1955//1955 1964//1964
f 1966//1966 1956//1956 1942//1942
f 1941//1941 1940//1940 1938//1938
f 1967//1967 1931//1931 1953//1953
f 1967//1967 1953//1953 1968//1968
f 1939//1939 1969//1969 1966//1966
f 2208//2208 2162//2162 2165//2165
f 2211//2211 2166//2166 2212//2212
f 2000//2000 1997//1997 2001//2001
f 1992//1992 1993//1993 1994//1994
f 2005//2005 2103//2103 2104//2104
f 2064//2064 2063//2063 1977//1977
f 2019//2019 2105//2105 2024//2024
f 2033//2033 2054//2054 2106//2106
f 2132//2132 2002//2002 2135//2135
f 2033//2033 2030//2030 2031//2031
f 36//36 2038//2038 2128//2128
f 2217//2217 2226//2226 2161//2161
f 2217//2217 2161//2161 2174//2174
f 2227//2227 2218//2218 2175//2175
f 2227//2227 2175//2175 2171//2171
f 2319//2319 2318//2318 2160//2160
f 2319//2319 2160//2160 2158//2158
f 2230//2230 2008//2008 2097//2097
f 2230//2230 2097//2097 2223//2223
f 2229//2229 2164//2164 2008//2008
f 2229//2229 2008//2008 2230//2230
f 2208//2208 2165//2165 2164//2164
f 2208//2208 2164//2164 2229//2229
f 2212//2212 2166//2166 2168//2168
f 2212//2212 2168//2168 2210//2210
f 2228//2228 2167//2167 2166//2166
f 2228//2228 2166//2166 2211//2211
f 2302//2302 2170//2170 2167//2167
f 2302//2302 2167//2167 2228//2228
f 2302//2302 2215//2215 2169//2169
f 2302//2302 2169//2169 2170//2170
f 2173//2173 2299//2299 2227//2227
f 2173//2173 2227//2227 2171//2171
f 2225//2225 2159//2159 2161//2161
f 2225//2225 2161//2161 2226//2226
f 2214//2214 2159//2159 2225//2225
f 2160//2160 2318//2318 2224//2224
f 2160//2160 2224//2224 2156//2156
f 2219//2219 2157//2157 2224//2224
f 2096//2096 2222//2222 2223//2223
f 2096//2096 2223//2223 2097//2097
f 2012//2012 2213//2213 2264//2264
f 2155//2155 2221//2221 2286//2286
f 2155//2155 2286//2286 2011//2011
f 2220//2220 2157//2157 2219//2219
f 2218//2218 2217//2217 2174//2174
f 2218//2218 2174//2174 2175//2175
f 2216//2216 2102//2102 2172//2172
f 2216//2216 2172//2172 2297//2297
f 2319//2319 2158//2158 2214//2214
f 2210//2210 2168//2168 2163//2163
f 2210//2210 2163//2163 2209//2209
f 2162//2162 2209//2209 2163//2163
f 2209//2209 2162//2162 2208//2208
f 2221//2221 2155//2155 2266//2266
f 2096//2096 2012//2012 2264//2264
f 2096//2096 2264//2264 2222//2222
f 2011//2011 2286//2286 2213//2213
f 2011//2011 2213//2213 2012//2012
f 2297//2297 2172//2172 2169//2169
f 2297//2297 2169//2169 2215//2215
f 2216//2216 2299//2299 2173//2173
f 2216//2216 2173//2173 2102//2102
f 2224//2224 2157//2157 2156//2156
f 30//30 2104//2104 2103//2103
f 2104//2104 33//33 1971//1971
f 29//29 2105//2105 28//28
f 1970//1970 2105//2105 29//29
f 1993//1993 2001//2001 1997//1997
f 1993//1993 1997//1997 1988//1988
f 2000//2000 1998//1998 1997//1997
f 1998//1998 2000//2000 1977//1977
f 2119//2119 2115//2115 2136//2136
f 2134//2134 2000//2000 2001//2001
f 2134//2134 2002//2002 2000//2000
f 1989//1989 1999//1999 2078//2078
f 2015//2015 2098//2098 1989//1989
f 1975//1975 1999//1999 2099//2099
f 1975//1975 2099//2099 2107//2107
f 2078//2078 1999//1999 1975//1975
f 2014//2014 1998//1998 1977//1977
f 2014//2014 1996//1996 1997//1997
f 2014//2014 1997//1997 1998//1998
f 1996//1996 1988//1988 1997//1997
f 1976//1976 1996//1996 2014//2014
f 1976//1976 1995//1995 1996//1996
f 2107//2107 2099//2099 1995//1995
f 2107//2107 1995//1995 1976//1976
f 2013//2013 1993//1993 1988//1988
f 1992//1992 1994//1994 2110//2110
f 2100//2100 2112//2112 2101//2101
f 2101//2101 2102//2102 2100//2100
f 2101//2101 2112//2112 1974//1974
f 2094//2094 2016//2016 1979//1979
f 2094//2094 1979//1979 1984//1984
f 1983//1983 2095//2095 2156//2156
f 1983//1983 2156//2156 1990//1990
f 2095//2095 1983//1983 1981//1981
f 2095//2095 1981//1981 2007//2007
f 1980//1980 1991//1991 2007//2007
f 1980//1980 2007//2007 1981//1981
f 2094//2094 1991//1991 1980//1980
f 2094//2094 1980//1980 2016//2016
f 1990//1990 2157//2157 2106//2106
f 1990//1990 2156//2156 2157//2157
f 1989//1989 2011//2011 1999//1999
f 1999//1999 2012//2012 2096//2096
f 1999//1999 2096//2096 2099//2099
f 1999//1999 2011//2011 2012//2012
f 1996//1996 2008//2008 1988//1988
f 1995//1995 2097//2097 2008//2008
f 1995//1995 2008//2008 1996//1996
f 2099//2099 2096//2096 2097//2097
f 2099//2099 2097//2097 1995//1995
f 2093//2093 1987//1987 2100//2100
f 1986//1986 1987//1987 2093//2093
f 1986//1986 1985//1985 1987//1987
f 2010//2010 1978//1978 1986//1986
f 1978//1978 2003//2003 1985//1985
f 1978//1978 1985//1985 1986//1986
f 1984//1984 1979//1979 1978//1978
f 1984//1984 1978//1978 2010//2010
f 2016//2016 1980//1980 1982//1982
f 2016//2016 2003//2003 1979//1979
f 2004//2004 1983//1983 1990//1990
f 2004//2004 1990//1990 2053//2053
f 1983//1983 2004//2004 2041//2041
f 1983//1983 2041//2041 1981//1981
f 1982//1982 1980//1980 1981//1981
f 1982//1982 1981//1981 2041//2041
f 1990//1990 2106//2106 2053//2053
f 1979//1979 2003//2003 1978//1978
f 1973//1973 2137//2137 2115//2115
f 2134//2134 2135//2135 2002//2002
f 2105//2105 1971//1971 28//28
f 2105//2105 1970//1970 2090//2090
f 24//24 43//43 2023//2023
f 24//24 2023//2023 2017//2017
f 2023//2023 43//43 2020//2020
f 2104//2104 1971//1971 2005//2005
f 2020//2020 30//30 2103//2103
f 2019//2019 1971//1971 2105//2105
f 2019//2019 2018//2018 1971//1971
f 2018//2018 2021//2021 2005//2005
f 2005//2005 1971//1971 2018//2018
f 2021//2021 2089//2089 2005//2005
f 2020//2020 2103//2103 2089//2089
f 2103//2103 2005//2005 2089//2089
f 36//36 2128//2128 2022//2022
f 2043//2043 2088//2088 2044//2044
f 2088//2088 2154//2154 2044//2044
f 2090//2090 1970//1970 2042//2042
f 2072//2072 2087//2087 2027//2027
f 2087//2087 2072//2072 2086//2086
f 2142//2142 2140//2140 2120//2120
f 2142//2142 2120//2120 2116//2116
f 2077//2077 2085//2085 2100//2100
f 2121//2121 2084//2084 2122//2122
f 2121//2121 2052//2052 2084//2084
f 2052//2052 2051//2051 2083//2083
f 2052//2052 2083//2083 2084//2084
f 2084//2084 2123//2123 2122//2122
f 2084//2084 2152//2152 2123//2123
f 2084//2084 2083//2083 2152//2152
f 2081//2081 2144//2144 2082//2082
f 2140//2140 2142//2142 2144//2144
f 2143//2143 2149//2149 2145//2145
f 2018//2018 2032//2032 2021//2021
f 2021//2021 2080//2080 2089//2089
f 2080//2080 2030//2030 2067//2067
f 2030//2030 2079//2079 2067//2067
f 2078//2078 2079//2079 1989//1989
f 2021//2021 2032//2032 2080//2080
f 2032//2032 2030//2030 2080//2080
f 2030//2030 2033//2033 2079//2079
f 2033//2033 2015//2015 2079//2079
f 2066//2066 1975//1975 2061//2061
f 2067//2067 2066//2066 2065//2065
f 2076//2076 2100//2100 1987//1987
f 2076//2076 2077//2077 2100//2100
f 2050//2050 2077//2077 2076//2076
f 2050//2050 2049//2049 2052//2052
f 2050//2050 2052//2052 2121//2121
f 2113//2113 2076//2076 1987//1987
f 2113//2113 2050//2050 2076//2076
f 2114//2114 2113//2113 2108//2108
f 2114//2114 2108//2108 2042//2042
f 2112//2112 2118//2118 1974//1974
f 2064//2064 2072//2072 2027//2027
f 2139//2139 2125//2125 2069//2069
f 2075//2075 2131//2131 2068//2068
f 2075//2075 2074//2074 2131//2131
f 2073//2073 2029//2029 2132//2132
f 2132//2132 2029//2029 2002//2002
f 2029//2029 2124//2124 2002//2002
f 2029//2029 2073//2073 2072//2072
f 2072//2072 2064//2064 2029//2029
f 2064//2064 2124//2124 2029//2029
f 2071//2071 2075//2075 2068//2068
f 2089//2089 2080//2080 2065//2065
f 2089//2089 2065//2065 2020//2020
f 2080//2080 2067//2067 2065//2065
f 2020//2020 2065//2065 2023//2023
f 2065//2065 2066//2066 2023//2023
f 2063//2063 2027//2027 2028//2028
f 2063//2063 2064//2064 2027//2027
f 2037//2037 2062//2062 2063//2063
f 2037//2037 2063//2063 2028//2028
f 2062//2062 2061//2061 2036//2036
f 2062//2062 2036//2036 2063//2063
f 2023//2023 2066//2066 2062//2062
f 2023//2023 2062//2062 2037//2037
f 2066//2066 2061//2061 2062//2062
f 2037//2037 2017//2017 2023//2023
f 2019//2019 2024//2024 2057//2057
f 2019//2019 2057//2057 2059//2059
f 2024//2024 2060//2060 2055//2055
f 2024//2024 2055//2055 2057//2057
f 2060//2060 2053//2053 2055//2055
f 2060//2060 2004//2004 2053//2053
f 2060//2060 2024//2024 2041//2041
f 2026//2026 2041//2041 2024//2024
f 2018//2018 2058//2058 2032//2032
f 2058//2058 2056//2056 2031//2031
f 2058//2058 2031//2031 2032//2032
f 2056//2056 2054//2054 2033//2033
f 2056//2056 2033//2033 2031//2031
f 2019//2019 2059//2059 2058//2058
f 2019//2019 2058//2058 2018//2018
f 2059//2059 2057//2057 2056//2056
f 2059//2059 2056//2056 2058//2058
f 2057//2057 2055//2055 2054//2054
f 2057//2057 2054//2054 2056//2056
f 2055//2055 2053//2053 2106//2106
f 2055//2055 2106//2106 2054//2054
f 2049//2049 2048//2048 2051//2051
f 2049//2049 2051//2051 2052//2052
f 2048//2048 2046//2046 2051//2051
f 2045//2045 2044//2044 2049//2049
f 2045//2045 2049//2049 2050//2050
f 2044//2044 2048//2048 2049//2049
f 2048//2048 2047//2047 2046//2046
f 2043//2043 2044//2044 2045//2045
f 2026//2026 2016//2016 1982//1982
f 2016//2016 2026//2026 2025//2025
f 2016//2016 2025//2025 2003//2003
f 2090//2090 2042//2042 2025//2025
f 2090//2090 2025//2025 2026//2026
f 2004//2004 2060//2060 2041//2041
f 2026//2026 1982//1982 2041//2041
f 2003//2003 2025//2025 2108//2108
f 2150//2150 2151//2151 2146//2146
f 2135//2135 2119//2119 2034//2034
f 2139//2139 2069//2069 2035//2035
f 1977//1977 2036//2036 2014//2014
f 2036//2036 2061//2061 1976//1976
f 2036//2036 1976//1976 2014//2014
f 2061//2061 2107//2107 1976//1976
f 2034//2034 2132//2132 2135//2135
f 2106//2106 2015//2015 2033//2033
f 2032//2032 2031//2031 2030//2030
f 2042//2042 2108//2108 2025//2025
f 1974//1974 2118//2118 2109//2109
f 2118//2118 2111//2111 2109//2109
f 2171//2171 2093//2093 2173//2173
f 2171//2171 2175//2175 1986//1986
f 2171//2171 1986//1986 2093//2093
f 2175//2175 2174//2174 2010//2010
f 2175//2175 2010//2010 1986//1986
f 2174//2174 2161//2161 1984//1984
f 2174//2174 1984//1984 2010//2010
f 2013//2013 1988//1988 2164//2164
f 2013//2013 2164//2164 2165//2165
f 1994//1994 2162//2162 1972//1972
f 1994//1994 2013//2013 2165//2165
f 1994//1994 2165//2165 2162//2162
f 2166//2166 2009//2009 2137//2137
f 2166//2166 2137//2137 2168//2168
f 2102//2102 2101//2101 2172//2172
f 2169//2169 2092//2092 2006//2006
f 2169//2169 2006//2006 2170//2170
f 2167//2167 2170//2170 2006//2006
f 2167//2167 2006//2006 2091//2091
f 2094//2094 1984//1984 2161//2161
f 2094//2094 2161//2161 2159//2159
f 2095//2095 2160//2160 2156//2156
f 2160//2160 2095//2095 2007//2007
f 2160//2160 2007//2007 2158//2158
f 1991//1991 2214//2214 2158//2158
f 1991//1991 2158//2158 2007//2007
f 1991//1991 2094//2094 2159//2159
f 1991//1991 2159//2159 2214//2214
f 2157//2157 2220//2220 2098//2098
f 1989//1989 2155//2155 2011//2011
f 2098//2098 2266//2266 2155//2155
f 2098//2098 2155//2155 1989//1989
f 2008//2008 2164//2164 1988//1988
f 1973//1973 2163//2163 2168//2168
f 1973//1973 2168//2168 2137//2137
f 1972//1972 2162//2162 2163//2163
f 1972//1972 2163//2163 1973//1973
f 2167//2167 2091//2091 2009//2009
f 2167//2167 2009//2009 2166//2166
f 2088//2088 36//36 2022//2022
f 2088//2088 2022//2022 2154//2154
f 1970//1970 2088//2088 2043//2043
f 1970//1970 2043//2043 2042//2042
f 2098//2098 2220//2220 2266//2266
f 2100//2100 2102//2102 2093//2093
f 2173//2173 2093//2093 2102//2102
f 2101//2101 1974//1974 2092//2092
f 2172//2172 2101//2101 2092//2092
f 2172//2172 2092//2092 2169//2169
f 2157//2157 2098//2098 2015//2015
f 2157//2157 2015//2015 2106//2106
f 2079//2079 2015//2015 1989//1989
f 1975//1975 2107//2107 2061//2061
f 2079//2079 2078//2078 2067//2067
f 2078//2078 1975//1975 2066//2066
f 2078//2078 2066//2066 2067//2067
f 2006//2006 2092//2092 1974//1974
f 2006//2006 1974//1974 2109//2109
f 2137//2137 2009//2009 2138//2138
f 2109//2109 2111//2111 2091//2091
f 2109//2109 2091//2091 2006//2006
f 1994//1994 1972//1972 2110//2110
f 1994//1994 1993//1993 2013//2013
f 1972//1972 1973//1973 2110//2110
f 2111//2111 2116//2116 2138//2138
f 2108//2108 2113//2113 1987//1987
f 2026//2026 2105//2105 2090//2090
f 2026//2026 2024//2024 2105//2105
f 1992//1992 2001//2001 1993//1993
f 1985//1985 2108//2108 1987//1987
f 2108//2108 1985//1985 2003//2003
f 2112//2112 2117//2117 2118//2118
f 2110//2110 2134//2134 1992//1992
f 1992//1992 2134//2134 2001//2001
f 2115//2115 2116//2116 2136//2136
f 2100//2100 2085//2085 2112//2112
f 2112//2112 2085//2085 2117//2117
f 2042//2042 2043//2043 2114//2114
f 2118//2118 2144//2144 2142//2142
f 2117//2117 2082//2082 2118//2118
f 2114//2114 2045//2045 2113//2113
f 2043//2043 2045//2045 2114//2114
f 2120//2120 2119//2119 2136//2136
f 2077//2077 2121//2121 2122//2122
f 2077//2077 2122//2122 2085//2085
f 2085//2085 2122//2122 2123//2123
f 2085//2085 2123//2123 2117//2117
f 2050//2050 2121//2121 2077//2077
f 2002//2002 2124//2124 2000//2000
f 2113//2113 2045//2045 2050//2050
f 2124//2124 1977//1977 2000//2000
f 2140//2140 2144//2144 2143//2143
f 2034//2034 2119//2119 2120//2120
f 2139//2139 2141//2141 2125//2125
f 2051//2051 2153//2153 2083//2083
f 2152//2152 2126//2126 2149//2149
f 2124//2124 2064//2064 1977//1977
f 2063//2063 2036//2036 1977//1977
f 2120//2120 2139//2139 2034//2034
f 2145//2145 2149//2149 2148//2148
f 2127//2127 2153//2153 2051//2051
f 2046//2046 2128//2128 2127//2127
f 2046//2046 2127//2127 2051//2051
f 2047//2047 2128//2128 2046//2046
f 2150//2150 2145//2145 2148//2148
f 2145//2145 2150//2150 2070//2070
f 2125//2125 2129//2129 2069//2069
f 2148//2148 2151//2151 2150//2150
f 2150//2150 2146//2146 2070//2070
f 2070//2070 2068//2068 2129//2129
f 2039//2039 2127//2127 2130//2130
f 2039//2039 2130//2130 2151//2151
f 2038//2038 2127//2127 2128//2128
f 2129//2129 2068//2068 2131//2131
f 2129//2129 2131//2131 2069//2069
f 2069//2069 2131//2131 2074//2074
f 2069//2069 2074//2074 2035//2035
f 2035//2035 2132//2132 2034//2034
f 2146//2146 2068//2068 2070//2070
f 2038//2038 35//35 2130//2130
f 2074//2074 2133//2133 2035//2035
f 2035//2035 2133//2133 2132//2132
f 2040//2040 2071//2071 2146//2146
f 2068//2068 2146//2146 2071//2071
f 2115//2115 2119//2119 2135//2135
f 2115//2115 2135//2135 2134//2134
f 2115//2115 2134//2134 2110//2110
f 2110//2110 1973//1973 2115//2115
f 2153//2153 2127//2127 2039//2039
f 2034//2034 2139//2139 2035//2035
f 2115//2115 2137//2137 2138//2138
f 2115//2115 2138//2138 2116//2116
f 2138//2138 2009//2009 2091//2091
f 2138//2138 2091//2091 2111//2111
f 2120//2120 2136//2136 2116//2116
f 2140//2140 2141//2141 2120//2120
f 2139//2139 2120//2120 2141//2141
f 2111//2111 2118//2118 2116//2116
f 2125//2125 2141//2141 2143//2143
f 2140//2140 2143//2143 2141//2141
f 2142//2142 2116//2116 2118//2118
f 2129//2129 2145//2145 2070//2070
f 2145//2145 2125//2125 2143//2143
f 2145//2145 2129//2129 2125//2125
f 2082//2082 2144//2144 2118//2118
f 2143//2143 2144//2144 2081//2081
f 2143//2143 2081//2081 2149//2149
f 2123//2123 2081//2081 2082//2082
f 2117//2117 2123//2123 2082//2082
f 2152//2152 2149//2149 2081//2081
f 2152//2152 2081//2081 2123//2123
f 2149//2149 2126//2126 2148//2148
f 2083//2083 2153//2153 2126//2126
f 2083//2083 2126//2126 2152//2152
f 2039//2039 2151//2151 2148//2148
f 2153//2153 2039//2039 2148//2148
f 2153//2153 2148//2148 2126//2126
f 2127//2127 2038//2038 2130//2130
f 2151//2151 2130//2130 2147//2147
f 2146//2146 2151//2151 2147//2147
f 2040//2040 2146//2146 2147//2147
f 2147//2147 31//31 2040//2040
f 2147//2147 2130//2130 35//35
f 2044//2044 2154//2154 2048//2048
f 2154//2154 2022//2022 2047//2047
f 2154//2154 2047//2047 2048//2048
f 2128//2128 2047//2047 2022//2022
f 2438//2438 2186//2186 2433//2433
f 2180//2180 2185//2185 2181//2181
f 2219//2219 2322//2322 2288//2288
f 2203//2203 2211//2211 2236//2236
f 2178//2178 2262//2262 2187//2187
f 2238//2238 2455//2455 2235//2235
f 2272//2272 2250//2250 2258//2258
f 2233//2233 2291//2291 2274//2274
f 2233//2233 2248//2248 2247//2247
f 2185//2185 2445//2445 2500//2500
f 2191//2191 2178//2178 2192//2192
f 2178//2178 2190//2190 2192//2192
f 2191//2191 2192//2192 2181//2181
f 2190//2190 2186//2186 2189//2189
f 2186//2186 2187//2187 2433//2433
f 2187//2187 2489//2489 2433//2433
f 2188//2188 2489//2489 2187//2187
f 2187//2187 2193//2193 2188//2188
f 2193//2193 2431//2431 2188//2188
f 2186//2186 2178//2178 2187//2187
f 2190//2190 2178//2178 2186//2186
f 2500//2500 2183//2183 2185//2185
f 2500//2500 2420//2420 2183//2183
f 2420//2420 2429//2429 2182//2182
f 2177//2177 2181//2181 2185//2185
f 2191//2191 2181//2181 2177//2177
f 2183//2183 2182//2182 2176//2176
f 2183//2183 2176//2176 2313//2313
f 2182//2182 2183//2183 2420//2420
f 2183//2183 2177//2177 2185//2185
f 2176//2176 2182//2182 2415//2415
f 2176//2176 2415//2415 2414//2414
f 2438//2438 2189//2189 2186//2186
f 2179//2179 2192//2192 2190//2190
f 2179//2179 2310//2310 2192//2192
f 2310//2310 2180//2180 2181//2181
f 2310//2310 2181//2181 2192//2192
f 2180//2180 2184//2184 2185//2185
f 2185//2185 2184//2184 2445//2445
f 2180//2180 2310//2310 2442//2442
f 2179//2179 2190//2190 2435//2435
f 2190//2190 2189//2189 2439//2439
f 2190//2190 2439//2439 2435//2435
f 2189//2189 2438//2438 2439//2439
f 2269//2269 2271//2271 2230//2230
f 2269//2269 2230//2230 2223//2223
f 2271//2271 2270//2270 2229//2229
f 2271//2271 2229//2229 2230//2230
f 2270//2270 2280//2280 2208//2208
f 2270//2270 2208//2208 2229//2229
f 2203//2203 2204//2204 2228//2228
f 2203//2203 2228//2228 2211//2211
f 2204//2204 2303//2303 2302//2302
f 2204//2204 2302//2302 2228//2228
f 2298//2298 2216//2216 2297//2297
f 2300//2300 2306//2306 2227//2227
f 2300//2300 2227//2227 2299//2299
f 2207//2207 2226//2226 2217//2217
f 2311//2311 2225//2225 2226//2226
f 2311//2311 2226//2226 2207//2207
f 2311//2311 2267//2267 2214//2214
f 2311//2311 2214//2214 2225//2225
f 2319//2319 2214//2214 2267//2267
f 2222//2222 2268//2268 2269//2269
f 2222//2222 2269//2269 2223//2223
f 2268//2268 2222//2222 2264//2264
f 2289//2289 2220//2220 2219//2219
f 2289//2289 2219//2219 2288//2288
f 2213//2213 2265//2265 2264//2264
f 2236//2236 2211//2211 2212//2212
f 2210//2210 2209//2209 2279//2279
f 2279//2279 2209//2209 2208//2208
f 2279//2279 2208//2208 2280//2280
f 2271//2271 2269//2269 2283//2283
f 2271//2271 2283//2283 2282//2282
f 2282//2282 2281//2281 2270//2270
f 2282//2282 2270//2270 2271//2271
f 2280//2280 2270//2270 2281//2281
f 2279//2279 2202//2202 2210//2210
f 2201//2201 2246//2246 2203//2203
f 2268//2268 2284//2284 2283//2283
f 2268//2268 2283//2283 2269//2269
f 2291//2291 2265//2265 2221//2221
f 2292//2292 2231//2231 2290//2290
f 2292//2292 2290//2290 2289//2289
f 2292//2292 2289//2289 2288//2288
f 2292//2292 2288//2288 2293//2293
f 2264//2264 2285//2285 2284//2284
f 2264//2264 2284//2284 2268//2268
f 2198//2198 2307//2307 2306//2306
f 2287//2287 2206//2206 2245//2245
f 2199//2199 2207//2207 2287//2287
f 2295//2295 2312//2312 2207//2207
f 2295//2295 2207//2207 2199//2199
f 2240//2240 2288//2288 2321//2321
f 2240//2240 2321//2321 2294//2294
f 2293//2293 2288//2288 2240//2240
f 2291//2291 2221//2221 2290//2290
f 2264//2264 2265//2265 2285//2285
f 2212//2212 2210//2210 2202//2202
f 2212//2212 2202//2202 2236//2236
f 2452//2452 2263//2263 2250//2250
f 2452//2452 2250//2250 2450//2450
f 2253//2253 2191//2191 2177//2177
f 2263//2263 2430//2430 2193//2193
f 2193//2193 2258//2258 2263//2263
f 2258//2258 2250//2250 2263//2263
f 2313//2313 2194//2194 2253//2253
f 2313//2313 2253//2253 2177//2177
f 2313//2313 2315//2315 2194//2194
f 2177//2177 2183//2183 2313//2313
f 2313//2313 2314//2314 2315//2315
f 2314//2314 2456//2456 2238//2238
f 2261//2261 2313//2313 2176//2176
f 2261//2261 2176//2176 2414//2414
f 2261//2261 2414//2414 2260//2260
f 2457//2457 2238//2238 2456//2456
f 2456//2456 2260//2260 2451//2451
f 2260//2260 2414//2414 2413//2413
f 2260//2260 2413//2413 2451//2451
f 2272//2272 2247//2247 2449//2449
f 2272//2272 2449//2449 2250//2250
f 2250//2250 2449//2449 2450//2450
f 2244//2244 2249//2249 2277//2277
f 2309//2309 2191//2191 2253//2253
f 2309//2309 2308//2308 2259//2259
f 2259//2259 2191//2191 2309//2309
f 2259//2259 2308//2308 2197//2197
f 2257//2257 2191//2191 2259//2259
f 2257//2257 2178//2178 2191//2191
f 2273//2273 2275//2275 2237//2237
f 2273//2273 2262//2262 2275//2275
f 2187//2187 2262//2262 2258//2258
f 2187//2187 2258//2258 2193//2193
f 2273//2273 2249//2249 2272//2272
f 2272//2272 2258//2258 2273//2273
f 2237//2237 2275//2275 2196//2196
f 2237//2237 2196//2196 2201//2201
f 2275//2275 2262//2262 2196//2196
f 2200//2200 2201//2201 2196//2196
f 2200//2200 2196//2196 2257//2257
f 2200//2200 2257//2257 2305//2305
f 2196//2196 2262//2262 2178//2178
f 2196//2196 2178//2178 2257//2257
f 2255//2255 2256//2256 2251//2251
f 2274//2274 2231//2231 2232//2232
f 2316//2316 2239//2239 2235//2235
f 2254//2254 2315//2315 2241//2241
f 2235//2235 2455//2455 2234//2234
f 2232//2232 2252//2252 2274//2274
f 2234//2234 2455//2455 2453//2453
f 2234//2234 2453//2453 2252//2252
f 2450//2450 2248//2248 2252//2252
f 2450//2450 2252//2252 2453//2453
f 2309//2309 2253//2253 2251//2251
f 2253//2253 2194//2194 2251//2251
f 2194//2194 2315//2315 2254//2254
f 2314//2314 2238//2238 2315//2315
f 2450//2450 2449//2449 2248//2248
f 2249//2249 2278//2278 2247//2247
f 2249//2249 2247//2247 2272//2272
f 2247//2247 2278//2278 2233//2233
f 2449//2449 2247//2247 2248//2248
f 2282//2282 2244//2244 2277//2277
f 2281//2281 2276//2276 2280//2280
f 2246//2246 2201//2201 2200//2200
f 2246//2246 2200//2200 2305//2305
f 2246//2246 2305//2305 2304//2304
f 2296//2296 2287//2287 2245//2245
f 2287//2287 2296//2296 2199//2199
f 2295//2295 2199//2199 2195//2195
f 2295//2295 2195//2195 2243//2243
f 2284//2284 2285//2285 2233//2233
f 2284//2284 2233//2233 2278//2278
f 2231//2231 2292//2292 2316//2316
f 2292//2292 2293//2293 2316//2316
f 2243//2243 2317//2317 2295//2295
f 2240//2240 2294//2294 2242//2242
f 2274//2274 2291//2291 2231//2231
f 2254//2254 2242//2242 2243//2243
f 2315//2315 2238//2238 2241//2241
f 2239//2239 2241//2241 2238//2238
f 2455//2455 2238//2238 2457//2457
f 2239//2239 2238//2238 2235//2235
f 2232//2232 2316//2316 2235//2235
f 2233//2233 2285//2285 2291//2291
f 2282//2282 2277//2277 2276//2276
f 2282//2282 2276//2276 2281//2281
f 2202//2202 2280//2280 2276//2276
f 2202//2202 2276//2276 2237//2237
f 2235//2235 2234//2234 2232//2232
f 2234//2234 2252//2252 2232//2232
f 2233//2233 2274//2274 2252//2252
f 2233//2233 2252//2252 2248//2248
f 2231//2231 2316//2316 2232//2232
f 2217//2217 2287//2287 2207//2207
f 2206//2206 2287//2287 2217//2217
f 2206//2206 2217//2217 2218//2218
f 2300//2300 2198//2198 2306//2306
f 2300//2300 2301//2301 2198//2198
f 2204//2204 2246//2246 2304//2304
f 2204//2204 2304//2304 2303//2303
f 2204//2204 2203//2203 2246//2246
f 2237//2237 2236//2236 2202//2202
f 2201//2201 2236//2236 2237//2237
f 2308//2308 2301//2301 2197//2197
f 2256//2256 2255//2255 2296//2296
f 2256//2256 2296//2296 2245//2245
f 2255//2255 2195//2195 2199//2199
f 2255//2255 2199//2199 2296//2296
f 2198//2198 2308//2308 2307//2307
f 2489//2489 2188//2188 2432//2432
f 2438//2438 2433//2433 2487//2487
f 2258//2258 2262//2262 2273//2273
f 2244//2244 2284//2284 2278//2278
f 2237//2237 2276//2276 2273//2273
f 2273//2273 2276//2276 2277//2277
f 2277//2277 2249//2249 2273//2273
f 2278//2278 2249//2249 2244//2244
f 2201//2201 2203//2203 2236//2236
f 2280//2280 2202//2202 2279//2279
f 2282//2282 2283//2283 2244//2244
f 2284//2284 2244//2244 2283//2283
f 2285//2285 2265//2265 2291//2291
f 2220//2220 2289//2289 2266//2266
f 2286//2286 2221//2221 2265//2265
f 2286//2286 2265//2265 2213//2213
f 2221//2221 2266//2266 2290//2290
f 2207//2207 2312//2312 2311//2311
f 2320//2320 2319//2319 2267//2267
f 2289//2289 2290//2290 2266//2266
f 2290//2290 2231//2231 2291//2291
f 2205//2205 2298//2298 2297//2297
f 2205//2205 2297//2297 2215//2215
f 2205//2205 2197//2197 2301//2301
f 2205//2205 2301//2301 2298//2298
f 2298//2298 2300//2300 2299//2299
f 2298//2298 2299//2299 2216//2216
f 2298//2298 2301//2301 2300//2300
f 2198//2198 2301//2301 2308//2308
f 2205//2205 2215//2215 2302//2302
f 2205//2205 2302//2302 2303//2303
f 2205//2205 2303//2303 2304//2304
f 2205//2205 2304//2304 2197//2197
f 2197//2197 2304//2304 2305//2305
f 2197//2197 2305//2305 2259//2259
f 2259//2259 2305//2305 2257//2257
f 2306//2306 2218//2218 2227//2227
f 2218//2218 2306//2306 2206//2206
f 2206//2206 2306//2306 2307//2307
f 2206//2206 2307//2307 2245//2245
f 2256//2256 2245//2245 2307//2307
f 2256//2256 2307//2307 2308//2308
f 2251//2251 2256//2256 2308//2308
f 2251//2251 2308//2308 2309//2309
f 2310//2310 2179//2179 2442//2442
f 2317//2317 2320//2320 2312//2312
f 2317//2317 2312//2312 2295//2295
f 2267//2267 2311//2311 2312//2312
f 2267//2267 2312//2312 2320//2320
f 2313//2313 2261//2261 2314//2314
f 2261//2261 2456//2456 2314//2314
f 2261//2261 2260//2260 2456//2456
f 2293//2293 2240//2240 2239//2239
f 2243//2243 2195//2195 2254//2254
f 2242//2242 2241//2241 2240//2240
f 2316//2316 2293//2293 2239//2239
f 2240//2240 2241//2241 2239//2239
f 2255//2255 2251//2251 2194//2194
f 2255//2255 2194//2194 2195//2195
f 2254//2254 2195//2195 2194//2194
f 2254//2254 2241//2241 2242//2242
f 2319//2319 2320//2320 2318//2318
f 2322//2322 2224//2224 2318//2318
f 2317//2317 2294//2294 2321//2321
f 2317//2317 2321//2321 2320//2320
f 2317//2317 2243//2243 2242//2242
f 2318//2318 2320//2320 2321//2321
f 2318//2318 2321//2321 2322//2322
f 2317//2317 2242//2242 2294//2294
f 2224//2224 2322//2322 2219//2219
f 2322//2322 2321//2321 2288//2288
f 2330//2330 2335//2335 2403//2403
f 2421//2421 2423//2423 2431//2431
f 2415//2415 2182//2182 2416//2416
f 2585//2585 2501//2501 2459//2459
f 2406//2406 2324//2324 2460//2460
f 2334//2334 2393//2393 2339//2339
f 2389//2389 2393//2393 2334//2334
f 2389//2389 2334//2334 2326//2326
f 2327//2327 2400//2400 2499//2499
f 2327//2327 2499//2499 2333//2333
f 2335//2335 2401//2401 2403//2403
f 2331//2331 2401//2401 2335//2335
f 2505//2505 2400//2400 2327//2327
f 2334//2334 2325//2325 2509//2509
f 2330//2330 2506//2506 2512//2512
f 2514//2514 2586//2586 2326//2326
f 2334//2334 2509//2509 2514//2514
f 2458//2458 2325//2325 2332//2332
f 2341//2341 2325//2325 2458//2458
f 2330//2330 2336//2336 2323//2323
f 2330//2330 2323//2323 2506//2506
f 2335//2335 2330//2330 2512//2512
f 2501//2501 2585//2585 2518//2518
f 2323//2323 2336//2336 2501//2501
f 2328//2328 2327//2327 2587//2587
f 2329//2329 2459//2459 2501//2501
f 2342//2342 2459//2459 2329//2329
f 2342//2342 2329//2329 2328//2328
f 2341//2341 2509//2509 2325//2325
f 2514//2514 2326//2326 2334//2334
f 2587//2587 2327//2327 2333//2333
f 2587//2587 2333//2333 2326//2326
f 2587//2587 2326//2326 2586//2586
f 2338//2338 2340//2340 2329//2329
f 2336//2336 2330//2330 2403//2403
f 2386//2386 2389//2389 2326//2326
f 2386//2386 2326//2326 2333//2333
f 2336//2336 2465//2465 2337//2337
f 2501//2501 2336//2336 2337//2337
f 2332//2332 2325//2325 2339//2339
f 2332//2332 2460//2460 2458//2458
f 2460//2460 2343//2343 2458//2458
f 2338//2338 2329//2329 2501//2501
f 2329//2329 2327//2327 2328//2328
f 2339//2339 2325//2325 2334//2334
f 2458//2458 2510//2510 2341//2341
f 2324//2324 2331//2331 2508//2508
f 2331//2331 2335//2335 2512//2512
f 2323//2323 2501//2501 2518//2518
f 2408//2408 2484//2484 2476//2476
f 2484//2484 2408//2408 2407//2407
f 2463//2463 2480//2480 2479//2479
f 2432//2432 2464//2464 2463//2463
f 2432//2432 2188//2188 2488//2488
f 2433//2433 2489//2489 2487//2487
f 2487//2487 2489//2489 2478//2478
f 2347//2347 2351//2351 2390//2390
f 2439//2439 2437//2437 2352//2352
f 2439//2439 2438//2438 2437//2437
f 2387//2387 2360//2360 2390//2390
f 2360//2360 2348//2348 2347//2347
f 2360//2360 2347//2347 2390//2390
f 2347//2347 2348//2348 2440//2440
f 2347//2347 2440//2440 2446//2446
f 2435//2435 2439//2439 2352//2352
f 2435//2435 2352//2352 2436//2436
f 2387//2387 2358//2358 2360//2360
f 2349//2349 2491//2491 2440//2440
f 2349//2349 2440//2440 2348//2348
f 2492//2492 2435//2435 2436//2436
f 2492//2492 2436//2436 2434//2434
f 2492//2492 2179//2179 2435//2435
f 2345//2345 2491//2491 2349//2349
f 2423//2423 2407//2407 2488//2488
f 2488//2488 2431//2431 2423//2423
f 2431//2431 2488//2488 2188//2188
f 2431//2431 2430//2430 2421//2421
f 2431//2431 2193//2193 2430//2430
f 2430//2430 2409//2409 2421//2421
f 2430//2430 2344//2344 2409//2409
f 2429//2429 2420//2420 2482//2482
f 2428//2428 2357//2357 2355//2355
f 2428//2428 2355//2355 2474//2474
f 2416//2416 2429//2429 2426//2426
f 2428//2428 2474//2474 2473//2473
f 2486//2486 2427//2427 2481//2481
f 2426//2426 2412//2412 2416//2416
f 2412//2412 2415//2415 2416//2416
f 2425//2425 2428//2428 2473//2473
f 2425//2425 2473//2473 2472//2472
f 2486//2486 2424//2424 2426//2426
f 2424//2424 2412//2412 2426//2426
f 2424//2424 2411//2411 2412//2412
f 2477//2477 2425//2425 2472//2472
f 2485//2485 2486//2486 2481//2481
f 2422//2422 2486//2486 2485//2485
f 2422//2422 2424//2424 2486//2486
f 2422//2422 2410//2410 2424//2424
f 2410//2410 2411//2411 2424//2424
f 2484//2484 2485//2485 2476//2476
f 2484//2484 2422//2422 2485//2485
f 2484//2484 2423//2423 2422//2422
f 2423//2423 2410//2410 2422//2422
f 2423//2423 2421//2421 2410//2410
f 2354//2354 2363//2363 2355//2355
f 2482//2482 2419//2419 2483//2483
f 2353//2353 2444//2444 2443//2443
f 2445//2445 2184//2184 2418//2418
f 2417//2417 2184//2184 2180//2180
f 2417//2417 2418//2418 2184//2184
f 2495//2495 2353//2353 2443//2443
f 2495//2495 2443//2443 2441//2441
f 2442//2442 2417//2417 2180//2180
f 2182//2182 2429//2429 2416//2416
f 2412//2412 2411//2411 2415//2415
f 2411//2411 2413//2413 2415//2415
f 2414//2414 2415//2415 2413//2413
f 2448//2448 2413//2413 2409//2409
f 2413//2413 2411//2411 2409//2409
f 2411//2411 2410//2410 2409//2409
f 2421//2421 2409//2409 2410//2410
f 2409//2409 2344//2344 2448//2448
f 2480//2480 2408//2408 2476//2476
f 2464//2464 2407//2407 2408//2408
f 2464//2464 2408//2408 2480//2480
f 2402//2402 2461//2461 2377//2377
f 2405//2405 2398//2398 2406//2406
f 2339//2339 2466//2466 2405//2405
f 2393//2393 2466//2466 2339//2339
f 2368//2368 2367//2367 2373//2373
f 2368//2368 2373//2373 2340//2340
f 2404//2404 2381//2381 2384//2384
f 2404//2404 2384//2384 2465//2465
f 2403//2403 2379//2379 2381//2381
f 2403//2403 2381//2381 2404//2404
f 2401//2401 2379//2379 2403//2403
f 2402//2402 2377//2377 2401//2401
f 2340//2340 2373//2373 2504//2504
f 2505//2505 2371//2371 2400//2400
f 2461//2461 2375//2375 2377//2377
f 2461//2461 2399//2399 2375//2375
f 2399//2399 2470//2470 2375//2375
f 2469//2469 2476//2476 2470//2470
f 2398//2398 2462//2462 2461//2461
f 2405//2405 2397//2397 2398//2398
f 2397//2397 2462//2462 2398//2398
f 2397//2397 2396//2396 2462//2462
f 2466//2466 2467//2467 2397//2397
f 2466//2466 2397//2397 2405//2405
f 2467//2467 2468//2468 2396//2396
f 2467//2467 2396//2396 2397//2397
f 2393//2393 2392//2392 2395//2395
f 2393//2393 2395//2395 2466//2466
f 2392//2392 2391//2391 2394//2394
f 2392//2392 2394//2394 2395//2395
f 2391//2391 2390//2390 2351//2351
f 2391//2391 2351//2351 2394//2394
f 2389//2389 2388//2388 2392//2392
f 2389//2389 2392//2392 2393//2393
f 2388//2388 2387//2387 2391//2391
f 2388//2388 2391//2391 2392//2392
f 2387//2387 2390//2390 2391//2391
f 2386//2386 2385//2385 2388//2388
f 2386//2386 2388//2388 2389//2389
f 2385//2385 2387//2387 2388//2388
f 2385//2385 2358//2358 2387//2387
f 2400//2400 2370//2370 2499//2499
f 2370//2370 2359//2359 2498//2498
f 2370//2370 2498//2498 2499//2499
f 2359//2359 2497//2497 2498//2498
f 2503//2503 2502//2502 2364//2364
f 2503//2503 2364//2364 2367//2367
f 2502//2502 2363//2363 2364//2364
f 2384//2384 2383//2383 2503//2503
f 2384//2384 2503//2503 2367//2367
f 2383//2383 2382//2382 2502//2502
f 2383//2383 2502//2502 2503//2503
f 2382//2382 2474//2474 2363//2363
f 2382//2382 2363//2363 2502//2502
f 2381//2381 2383//2383 2384//2384
f 2381//2381 2380//2380 2382//2382
f 2381//2381 2382//2382 2383//2383
f 2380//2380 2474//2474 2382//2382
f 2379//2379 2378//2378 2380//2380
f 2379//2379 2380//2380 2381//2381
f 2401//2401 2376//2376 2379//2379
f 2376//2376 2374//2374 2378//2378
f 2376//2376 2378//2378 2379//2379
f 2377//2377 2375//2375 2376//2376
f 2377//2377 2376//2376 2401//2401
f 2375//2375 2374//2374 2376//2376
f 2375//2375 2470//2470 2374//2374
f 2476//2476 2471//2471 2470//2470
f 2367//2367 2372//2372 2373//2373
f 2367//2367 2364//2364 2372//2372
f 2364//2364 2365//2365 2372//2372
f 2372//2372 2365//2365 2366//2366
f 2373//2373 2372//2372 2504//2504
f 2372//2372 2369//2369 2504//2504
f 2369//2369 2372//2372 2366//2366
f 2369//2369 2366//2366 2361//2361
f 2371//2371 2369//2369 2370//2370
f 2371//2371 2370//2370 2400//2400
f 2369//2369 2359//2359 2370//2370
f 2365//2365 2364//2364 2363//2363
f 2355//2355 2363//2363 2474//2474
f 2495//2495 2441//2441 2494//2494
f 2359//2359 2369//2369 2361//2361
f 2361//2361 2496//2496 2359//2359
f 2349//2349 2358//2358 2497//2497
f 2349//2349 2497//2497 2345//2345
f 2349//2349 2348//2348 2360//2360
f 2349//2349 2360//2360 2358//2358
f 2347//2347 2346//2346 2351//2351
f 2359//2359 2496//2496 2497//2497
f 2357//2357 2356//2356 2355//2355
f 2356//2356 2483//2483 2354//2354
f 2356//2356 2354//2354 2355//2355
f 2483//2483 2444//2444 2493//2493
f 2483//2483 2493//2493 2354//2354
f 2444//2444 2353//2353 2493//2493
f 2353//2353 2495//2495 2496//2496
f 2347//2347 2446//2446 2447//2447
f 2347//2347 2447//2447 2346//2346
f 2351//2351 2346//2346 2350//2350
f 2447//2447 2352//2352 2437//2437
f 2441//2441 2418//2418 2417//2417
f 2418//2418 2444//2444 2445//2445
f 2419//2419 2444//2444 2483//2483
f 2444//2444 2418//2418 2443//2443
f 2418//2418 2441//2441 2443//2443
f 2434//2434 2436//2436 2440//2440
f 2434//2434 2440//2440 2491//2491
f 2436//2436 2352//2352 2446//2446
f 2436//2436 2446//2446 2440//2440
f 2352//2352 2447//2447 2446//2446
f 2454//2454 2448//2448 2344//2344
f 2430//2430 2263//2263 2344//2344
f 2457//2457 2454//2454 2455//2455
f 2456//2456 2451//2451 2457//2457
f 2451//2451 2454//2454 2457//2457
f 2451//2451 2448//2448 2454//2454
f 2413//2413 2448//2448 2451//2451
f 2455//2455 2454//2454 2453//2453
f 2452//2452 2454//2454 2344//2344
f 2452//2452 2453//2453 2454//2454
f 2450//2450 2453//2453 2452//2452
f 2263//2263 2452//2452 2344//2344
f 2406//2406 2460//2460 2332//2332
f 2343//2343 2510//2510 2458//2458
f 2324//2324 2343//2343 2460//2460
f 2406//2406 2398//2398 2461//2461
f 2406//2406 2461//2461 2402//2402
f 2461//2461 2462//2462 2399//2399
f 2464//2464 2480//2480 2463//2463
f 2405//2405 2406//2406 2332//2332
f 2406//2406 2402//2402 2324//2324
f 2402//2402 2331//2331 2324//2324
f 2402//2402 2401//2401 2331//2331
f 2403//2403 2404//2404 2336//2336
f 2404//2404 2465//2465 2336//2336
f 2368//2368 2340//2340 2338//2338
f 2340//2340 2504//2504 2505//2505
f 2405//2405 2332//2332 2339//2339
f 2466//2466 2395//2395 2467//2467
f 2395//2395 2394//2394 2467//2467
f 2394//2394 2351//2351 2468//2468
f 2394//2394 2468//2468 2467//2467
f 2351//2351 2350//2350 2468//2468
f 2462//2462 2475//2475 2469//2469
f 2462//2462 2469//2469 2399//2399
f 2399//2399 2469//2469 2470//2470
f 2470//2470 2471//2471 2374//2374
f 2374//2374 2471//2471 2472//2472
f 2374//2374 2472//2472 2378//2378
f 2378//2378 2472//2472 2473//2473
f 2378//2378 2473//2473 2380//2380
f 2380//2380 2473//2473 2474//2474
f 2362//2362 2396//2396 2468//2468
f 2362//2362 2468//2468 2350//2350
f 2396//2396 2362//2362 2475//2475
f 2396//2396 2475//2475 2462//2462
f 2476//2476 2477//2477 2471//2471
f 2471//2471 2477//2477 2472//2472
f 2362//2362 2350//2350 2490//2490
f 2362//2362 2490//2490 2478//2478
f 2362//2362 2478//2478 2479//2479
f 2362//2362 2479//2479 2475//2475
f 2475//2475 2479//2479 2480//2480
f 2475//2475 2480//2480 2469//2469
f 2469//2469 2480//2480 2476//2476
f 2476//2476 2485//2485 2477//2477
f 2477//2477 2485//2485 2481//2481
f 2477//2477 2481//2481 2425//2425
f 2425//2425 2481//2481 2428//2428
f 2428//2428 2481//2481 2427//2427
f 2428//2428 2427//2427 2357//2357
f 2356//2356 2357//2357 2427//2427
f 2356//2356 2427//2427 2482//2482
f 2356//2356 2482//2482 2483//2483
f 2490//2490 2487//2487 2478//2478
f 2486//2486 2426//2426 2427//2427
f 2427//2427 2429//2429 2482//2482
f 2419//2419 2445//2445 2444//2444
f 2432//2432 2488//2488 2464//2464
f 2479//2479 2478//2478 2463//2463
f 2432//2432 2463//2463 2478//2478
f 2432//2432 2478//2478 2489//2489
f 2437//2437 2438//2438 2487//2487
f 2447//2447 2437//2437 2487//2487
f 2447//2447 2487//2487 2490//2490
f 2490//2490 2350//2350 2346//2346
f 2490//2490 2346//2346 2447//2447
f 2442//2442 2179//2179 2492//2492
f 2441//2441 2417//2417 2442//2442
f 2441//2441 2442//2442 2494//2494
f 2496//2496 2361//2361 2353//2353
f 2361//2361 2366//2366 2493//2493
f 2361//2361 2493//2493 2353//2353
f 2366//2366 2365//2365 2354//2354
f 2366//2366 2354//2354 2493//2493
f 2365//2365 2363//2363 2354//2354
f 2492//2492 2434//2434 2442//2442
f 2494//2494 2442//2442 2434//2434
f 2434//2434 2491//2491 2494//2494
f 2345//2345 2495//2495 2494//2494
f 2345//2345 2494//2494 2491//2491
f 2345//2345 2496//2496 2495//2495
f 2497//2497 2496//2496 2345//2345
f 2498//2498 2497//2497 2358//2358
f 2498//2498 2358//2358 2385//2385
f 2499//2499 2498//2498 2385//2385
f 2499//2499 2385//2385 2386//2386
f 2333//2333 2499//2499 2386//2386
f 2482//2482 2420//2420 2500//2500
f 2482//2482 2500//2500 2419//2419
f 2500//2500 2445//2445 2419//2419
f 2484//2484 2407//2407 2423//2423
f 2407//2407 2464//2464 2488//2488
f 2426//2426 2429//2429 2427//2427
f 2501//2501 2337//2337 2338//2338
f 2465//2465 2384//2384 2367//2367
f 2465//2465 2367//2367 2368//2368
f 2368//2368 2338//2338 2337//2337
f 2368//2368 2337//2337 2465//2465
f 2329//2329 2340//2340 2505//2505
f 2329//2329 2505//2505 2327//2327
f 2504//2504 2371//2371 2505//2505
f 2504//2504 2369//2369 2371//2371
f 2508//2508 2512//2512 2556//2556
f 2514//2514 2509//2509 2592//2592
f 2604//2604 2615//2615 2520//2520
f 2596//2596 2527//2527 2524//2524
f 2532//2532 2600//2600 2533//2533
f 2553//2553 2531//2531 2532//2532
f 2553//2553 2532//2532 2533//2533
f 2536//2536 2529//2529 2535//2535
f 2528//2528 2555//2555 2521//2521
f 2555//2555 2508//2508 2556//2556
f 2564//2564 2558//2558 2557//2557
f 2579//2579 2524//2524 2523//2523
f 2537//2537 2550//2550 2541//2541
f 2526//2526 2609//2609 2525//2525
f 2343//2343 2324//2324 2507//2507
f 2592//2592 2509//2509 2341//2341
f 2511//2511 2507//2507 2324//2324
f 2511//2511 2324//2324 2508//2508
f 2343//2343 2507//2507 2510//2510
f 2331//2331 2512//2512 2508//2508
f 2592//2592 2513//2513 2514//2514
f 2516//2516 2556//2556 2512//2512
f 2506//2506 2516//2516 2512//2512
f 2518//2518 2517//2517 2323//2323
f 2518//2518 2585//2585 2517//2517
f 2328//2328 2587//2587 2590//2590
f 2342//2342 2328//2328 2590//2590
f 2342//2342 2590//2590 2519//2519
f 2459//2459 2342//2342 2519//2519
f 2459//2459 2519//2519 2585//2585
f 2615//2615 2596//2596 2520//2520
f 2520//2520 2521//2521 2604//2604
f 2573//2573 2525//2525 2522//2522
f 2603//2603 2527//2527 2596//2596
f 2524//2524 2520//2520 2596//2596
f 2524//2524 2528//2528 2520//2520
f 2520//2520 2528//2528 2521//2521
f 2598//2598 2529//2529 2595//2595
f 2597//2597 2530//2530 2529//2529
f 2530//2530 2535//2535 2529//2529
f 2599//2599 2530//2530 2597//2597
f 2532//2532 2610//2610 2600//2600
f 2532//2532 2531//2531 2599//2599
f 2532//2532 2599//2599 2610//2610
f 2531//2531 2530//2530 2599//2599
f 2597//2597 2529//2529 2598//2598
f 2530//2530 2531//2531 2559//2559
f 2530//2530 2559//2559 2535//2535
f 2526//2526 2533//2533 2600//2600
f 2521//2521 2573//2573 2522//2522
f 2534//2534 2563//2563 2536//2536
f 2534//2534 2536//2536 2535//2535
f 2537//2537 2517//2517 2538//2538
f 2538//2538 2539//2539 2540//2540
f 2506//2506 2323//2323 2537//2537
f 2506//2506 2537//2537 2541//2541
f 2543//2543 2542//2542 2544//2544
f 2545//2545 2543//2543 2546//2546
f 2543//2543 2540//2540 2547//2547
f 2550//2550 2549//2549 2526//2526
f 2538//2538 2517//2517 2551//2551
f 2537//2537 2538//2538 2549//2549
f 2545//2545 2531//2531 2553//2553
f 2553//2553 2552//2552 2545//2545
f 2507//2507 2511//2511 2554//2554
f 2521//2521 2556//2556 2573//2573
f 2561//2561 2557//2557 2558//2558
f 2531//2531 2545//2545 2559//2559
f 2546//2546 2559//2559 2545//2545
f 2546//2546 2543//2543 2544//2544
f 2542//2542 2560//2560 2544//2544
f 2562//2562 2560//2560 2542//2542
f 2562//2562 2561//2561 2560//2560
f 2582//2582 2561//2561 2562//2562
f 2557//2557 2561//2561 2582//2582
f 2534//2534 2560//2560 2561//2561
f 2534//2534 2561//2561 2558//2558
f 2534//2534 2544//2544 2560//2560
f 2535//2535 2546//2546 2544//2544
f 2535//2535 2559//2559 2546//2546
f 2536//2536 2563//2563 2578//2578
f 2534//2534 2535//2535 2544//2544
f 2563//2563 2572//2572 2578//2578
f 2563//2563 2534//2534 2558//2558
f 2563//2563 2558//2558 2564//2564
f 2564//2564 2593//2593 2572//2572
f 2564//2564 2572//2572 2563//2563
f 2557//2557 2565//2565 2564//2564
f 2566//2566 2515//2515 2510//2510
f 2567//2567 2566//2566 2510//2510
f 2567//2567 2510//2510 2507//2507
f 2507//2507 2554//2554 2567//2567
f 2508//2508 2555//2555 2511//2511
f 2586//2586 2513//2513 2589//2589
f 2593//2593 2568//2568 2569//2569
f 2570//2570 2594//2594 2566//2566
f 2571//2571 2569//2569 2570//2570
f 2593//2593 2569//2569 2571//2571
f 2593//2593 2571//2571 2572//2572
f 2564//2564 2568//2568 2593//2593
f 2565//2565 2588//2588 2568//2568
f 2565//2565 2568//2568 2564//2564
f 2588//2588 2565//2565 2584//2584
f 2588//2588 2584//2584 2589//2589
f 2586//2586 2589//2589 2584//2584
f 2586//2586 2584//2584 2587//2587
f 2592//2592 2594//2594 2513//2513
f 2515//2515 2566//2566 2594//2594
f 2574//2574 2523//2523 2527//2527
f 2527//2527 2603//2603 2575//2575
f 2527//2527 2575//2575 2574//2574
f 2536//2536 2575//2575 2603//2603
f 2536//2536 2603//2603 2595//2595
f 2577//2577 2576//2576 2574//2574
f 2577//2577 2574//2574 2575//2575
f 2578//2578 2577//2577 2575//2575
f 2578//2578 2575//2575 2536//2536
f 2571//2571 2577//2577 2578//2578
f 2571//2571 2578//2578 2572//2572
f 2576//2576 2577//2577 2571//2571
f 2576//2576 2571//2571 2570//2570
f 2523//2523 2567//2567 2554//2554
f 2523//2523 2554//2554 2579//2579
f 2528//2528 2524//2524 2579//2579
f 2556//2556 2516//2516 2573//2573
f 2521//2521 2555//2555 2556//2556
f 2579//2579 2511//2511 2555//2555
f 2579//2579 2555//2555 2528//2528
f 2554//2554 2511//2511 2579//2579
f 2566//2566 2576//2576 2570//2570
f 2517//2517 2537//2537 2323//2323
f 2573//2573 2550//2550 2525//2525
f 2516//2516 2541//2541 2550//2550
f 2516//2516 2550//2550 2573//2573
f 2516//2516 2506//2506 2541//2541
f 2557//2557 2580//2580 2565//2565
f 2582//2582 2581//2581 2580//2580
f 2582//2582 2580//2580 2557//2557
f 2562//2562 2581//2581 2582//2582
f 2583//2583 2581//2581 2562//2562
f 2526//2526 2549//2549 2552//2552
f 2526//2526 2552//2552 2533//2533
f 2533//2533 2552//2552 2553//2553
f 2547//2547 2542//2542 2543//2543
f 2542//2542 2547//2547 2548//2548
f 2542//2542 2548//2548 2562//2562
f 2548//2548 2583//2583 2562//2562
f 2580//2580 2584//2584 2565//2565
f 2590//2590 2584//2584 2580//2580
f 2590//2590 2587//2587 2584//2584
f 2591//2591 2590//2590 2580//2580
f 2591//2591 2580//2580 2581//2581
f 2519//2519 2590//2590 2591//2591
f 2545//2545 2552//2552 2540//2540
f 2540//2540 2539//2539 2547//2547
f 2548//2548 2547//2547 2539//2539
f 2548//2548 2539//2539 2551//2551
f 2585//2585 2583//2583 2548//2548
f 2585//2585 2548//2548 2551//2551
f 2583//2583 2591//2591 2581//2581
f 2519//2519 2591//2591 2583//2583
f 2519//2519 2583//2583 2585//2585
f 2537//2537 2549//2549 2550//2550
f 2569//2569 2568//2568 2513//2513
f 2569//2569 2513//2513 2594//2594
f 2569//2569 2594//2594 2570//2570
f 2567//2567 2576//2576 2566//2566
f 2539//2539 2538//2538 2551//2551
f 2585//2585 2551//2551 2517//2517
f 2552//2552 2549//2549 2538//2538
f 2552//2552 2538//2538 2540//2540
f 2550//2550 2526//2526 2525//2525
f 2574//2574 2576//2576 2567//2567
f 2523//2523 2574//2574 2567//2567
f 2543//2543 2545//2545 2540//2540
f 2510//2510 2515//2515 2341//2341
f 2586//2586 2514//2514 2513//2513
f 2536//2536 2595//2595 2529//2529
f 2527//2527 2523//2523 2524//2524
f 2568//2568 2588//2588 2589//2589
f 2568//2568 2589//2589 2513//2513
f 2341//2341 2515//2515 2592//2592
f 2515//2515 2594//2594 2592//2592
f 2624//2624 2521//2521 2522//2522
f 2624//2624 2606//2606 2628//2628
f 2602//2602 2597//2597 2598//2598
f 2627//2627 2614//2614 2606//2606
f 2603//2603 2601//2601 2595//2595
f 2603//2603 2596//2596 2601//2601
f 2596//2596 2615//2615 2601//2601
f 2602//2602 2625//2625 2618//2618
f 2618//2618 2597//2597 2602//2602
f 2625//2625 2615//2615 2626//2626
f 2619//2619 2607//2607 2625//2625
f 2628//2628 2626//2626 2604//2604
f 2604//2604 2626//2626 2615//2615
f 2606//2606 2614//2614 2607//2607
f 2618//2618 2607//2607 2612//2612
f 2618//2618 2625//2625 2607//2607
f 2606//2606 2624//2624 2627//2627
f 2608//2608 2627//2627 2613//2613
f 2613//2613 2617//2617 2611//2611
f 2526//2526 2600//2600 2609//2609
f 2609//2609 2621//2621 2616//2616
f 2626//2626 2619//2619 2625//2625
f 2628//2628 2619//2619 2626//2626
f 2522//2522 2525//2525 2620//2620
f 2622//2622 2623//2623 2616//2616
f 2623//2623 2613//2613 2620//2620
f 2611//2611 2617//2617 2610//2610
f 2608//2608 2613//2613 2614//2614
f 2614//2614 2613//2613 2611//2611
f 2622//2622 2621//2621 2617//2617
f 2622//2622 2617//2617 2613//2613
f 2599//2599 2597//2597 2618//2618
f 2599//2599 2618//2618 2612//2612
f 2610//2610 2617//2617 2600//2600
f 2614//2614 2627//2627 2608//2608
f 2612//2612 2607//2607 2611//2611
f 2612//2612 2611//2611 2610//2610
f 2599//2599 2612//2612 2610//2610
f 2607//2607 2614//2614 2611//2611
f 2613//2613 2522//2522 2620//2620
f 2609//2609 2620//2620 2525//2525
f 2628//2628 2606//2606 2605//2605
f 2606//2606 2607//2607 2605//2605
f 2615//2615 2625//2625 2601//2601
f 2602//2602 2601//2601 2625//2625
f 2601//2601 2602//2602 2598//2598
f 2601//2601 2598//2598 2595//2595
f 2628//2628 2604//2604 2521//2521
f 2624//2624 2628//2628 2521//2521
f 2600//2600 2617//2617 2609//2609
f 2609//2609 2617//2617 2621//2621
f 2622//2622 2613//2613 2623//2623
f 2620//2620 2609//2609 2623//2623
f 2622//2622 2616//2616 2621//2621
f 2616//2616 2623//2623 2609//2609
f 2522//2522 2613//2613 2627//2627
f 2607//2607 2628//2628 2605//2605
f 2628//2628 2607//2607 2619//2619
f 2627//2627 2624//2624 2522//2522
# 5250 faces, 0 coords texture

# End of File
