####
#
# OBJ File Generated by Meshlab
#
####
# Object michael18.obj
#
# Vertices: 2628
# Faces: 5250
#
####
vn -0.489838 -0.672260 -0.555090
v -0.107870 0.192073 -0.189723
vn -0.264888 -0.694600 -0.668853
v -0.062322 0.185993 -0.212950
vn -0.222105 -0.723743 -0.653350
v -0.054273 0.226220 -0.263119
vn -0.368885 0.143755 -0.918291
v -0.041090 0.291599 -0.319955
vn -0.565470 -0.390452 -0.726492
v -0.052771 0.270191 -0.304014
vn -0.438783 -0.588723 -0.678878
v -0.058177 0.252078 -0.286776
vn -0.222027 -0.669480 -0.708873
v -0.042031 0.251964 -0.294796
vn -0.104726 -0.525486 -0.844332
v -0.032331 0.270085 -0.313430
vn 0.038450 -0.745771 -0.665092
v -0.025300 0.186073 -0.220506
vn -0.053927 -0.746976 -0.662661
v -0.036720 0.235759 -0.278485
vn -0.619606 -0.642998 -0.450157
v -0.132110 0.201955 -0.178134
vn -0.948815 0.136278 0.284918
v -0.169067 0.281199 -0.125198
vn -0.223044 0.688376 0.690210
v -0.110400 0.297286 -0.067049
vn -0.444349 0.643920 0.622833
v -0.133804 0.290797 -0.071361
vn -0.271733 0.614358 0.740760
v -0.114441 0.315985 -0.087788
vn -0.029912 0.659490 0.751118
v -0.092031 0.310295 -0.078445
vn -0.863822 0.338307 0.373310
v -0.161514 0.293476 -0.113414
vn -0.913850 -0.345540 -0.213259
v -0.161965 0.223220 -0.134223
vn -0.802096 -0.534894 -0.265577
v -0.153237 0.218811 -0.160672
vn -0.975103 -0.221450 0.011573
v -0.168906 0.249343 -0.137636
vn -0.971177 0.174174 0.162724
v -0.167351 0.260086 -0.099335
vn -0.876984 0.368897 0.307919
v -0.162641 0.267210 -0.085585
vn -0.706704 0.536965 0.460693
v -0.153359 0.280753 -0.083263
vn -0.533799 -0.498454 -0.683083
v -0.071961 0.243493 -0.268212
vn 0.029520 0.332266 -0.942724
v -0.049300 0.303060 -0.309399
vn 0.430090 0.526133 -0.733626
v -0.043357 0.314486 -0.301399
vn -0.122917 0.434480 -0.892255
v -0.026871 0.349650 -0.249152
vn 0.841266 0.484922 0.239004
v -0.030630 0.391260 -0.164906
vn 0.804848 0.317616 -0.501338
v -0.027500 0.368717 -0.243106
vn -0.380431 -0.665228 -0.642452
v -0.070898 0.221460 -0.249719
vn -0.091073 -0.724562 -0.683166
v -0.040949 0.183359 -0.216010
vn -0.542554 -0.650326 -0.531706
v -0.120159 0.171617 -0.154369
vn -0.997035 -0.046935 0.060979
v -0.169536 0.233359 -0.092567
vn -0.132349 0.705112 0.696636
v -0.106089 0.280578 -0.049359
vn -0.644033 0.518659 0.562330
v -0.151547 0.265565 -0.060730
vn 0.751355 -0.561657 -0.346421
v 0.072558 0.184608 -0.145823
vn 0.153172 -0.773931 -0.614467
v -0.010240 0.164498 -0.196769
vn 0.576825 -0.681361 -0.450577
v 0.057543 0.169765 -0.147156
vn 0.414353 -0.730424 -0.542948
v 0.016221 0.162270 -0.180979
vn -0.330363 0.920123 -0.210320
v -0.014240 0.327996 -0.278030
vn -0.001950 0.742011 -0.670385
v -0.026063 0.316076 -0.309697
vn -0.072285 0.705193 0.705321
v -0.003565 0.301940 -0.073364
vn 0.356687 -0.675831 -0.645001
v 0.015917 0.217104 -0.243014
vn 0.320120 -0.711150 -0.625931
v 0.009906 0.186575 -0.209715
vn 0.185528 -0.738118 -0.648661
v -0.009573 0.233366 -0.273790
vn 0.225348 0.096490 -0.969488
v -0.017409 0.291540 -0.320932
vn 0.358896 -0.637999 -0.681286
v -0.006261 0.251922 -0.292091
vn 0.281951 -0.514827 -0.809603
v -0.014950 0.269778 -0.311094
vn 0.077799 -0.703510 -0.706414
v -0.019944 0.252842 -0.297034
vn 0.019546 0.639677 0.768395
v -0.039130 0.318988 -0.090112
vn 0.536738 -0.534756 -0.652647
v -0.000119 0.268887 -0.302139
vn 0.695046 0.558265 -0.453047
v -0.007427 0.310769 -0.304752
vn 0.887396 -0.017403 -0.460680
v -0.002264 0.286891 -0.312368
vn 0.519589 -0.696998 -0.494187
v 0.052651 0.186742 -0.177050
vn 0.847911 -0.447561 -0.284140
v 0.082969 0.192625 -0.130334
vn 0.672794 -0.573371 -0.467540
v 0.064950 0.206540 -0.192997
vn 0.705807 -0.590933 -0.390685
v 0.075255 0.204351 -0.173403
vn 0.220470 0.666792 0.711886
v 0.044869 0.311636 -0.079228
vn 0.107057 0.712137 0.693830
v 0.039638 0.285208 -0.049159
vn 0.375781 0.677478 0.632308
v 0.062134 0.288900 -0.060746
vn -0.003798 0.609714 0.792612
v 0.027683 0.318841 -0.083511
vn 0.859194 0.284765 0.425083
v 0.096956 0.288984 -0.104561
vn 0.686858 0.460499 0.562287
v 0.086092 0.299319 -0.097331
vn 0.628844 0.596393 0.498870
v 0.081990 0.280375 -0.070184
vn 0.849438 -0.475563 -0.228680
v 0.089895 0.211563 -0.148343
vn 0.957162 -0.280761 -0.070806
v 0.101578 0.229842 -0.122509
vn 0.956638 0.189624 0.221104
v 0.101020 0.257895 -0.089894
vn 0.989711 0.141362 0.022097
v -0.027492 0.386876 -0.201745
vn 0.992694 -0.081454 0.089022
v 0.102884 0.234160 -0.082629
vn 0.469262 -0.654734 -0.592551
v 0.013417 0.243557 -0.269498
vn 0.908740 0.301861 -0.288220
v -0.005235 0.301453 -0.311544
vn -0.956648 0.141979 -0.254296
v -0.024723 0.378075 -0.242289
vn -0.365086 0.754222 0.545766
v -0.027371 0.379571 -0.147760
vn 0.850294 0.401919 0.339795
v 0.095638 0.266557 -0.077744
vn 0.744107 0.473376 0.471402
v 0.089889 0.263005 -0.058238
vn -0.195947 0.743797 0.639039
v -0.010518 0.277481 -0.040163
vn -0.094275 -0.568174 -0.817490
v -0.063894 0.073608 -0.110039
vn -0.776641 0.558808 0.290797
v -0.149344 0.182249 0.008874
vn -0.055721 0.734057 0.676798
v -0.092254 0.211038 0.018606
vn -0.336523 0.713729 0.614282
v -0.112076 0.210523 0.014103
vn -0.573532 0.670720 0.470313
v -0.137717 0.190868 0.017300
vn 0.142294 0.703621 0.696182
v -0.076858 0.210581 0.017894
vn -0.159482 0.677752 0.717787
v -0.094639 0.229803 -0.000591
vn -0.336102 -0.596918 -0.728508
v -0.068763 0.117899 -0.139698
vn -0.911304 0.261376 0.318131
v -0.154180 0.194600 -0.031108
vn 0.163821 0.630650 0.758580
v -0.066302 0.225923 0.002136
vn -0.019088 0.665072 0.746536
v -0.072807 0.259433 -0.021993
vn 0.278533 0.630239 0.724719
v -0.059796 0.256616 -0.022236
vn -0.294403 -0.722317 -0.625768
v -0.070277 0.150741 -0.171096
vn -0.263930 0.641205 0.720553
v -0.097519 0.261222 -0.030977
vn -0.468678 0.544434 0.695652
v -0.127361 0.236080 -0.023538
vn -0.831899 -0.416852 -0.366304
v -0.146742 0.189523 -0.134787
vn -0.902944 -0.331688 -0.273268
v -0.158806 0.197648 -0.115498
vn -0.645942 0.375614 0.664585
v -0.144722 0.234515 -0.035569
vn -0.090486 -0.751612 -0.653369
v -0.043039 0.165639 -0.199323
vn 0.319144 0.648399 0.691177
v -0.063580 0.206362 0.017337
vn -0.113714 0.664070 0.738972
v -0.035844 0.262134 -0.041543
vn 0.017728 0.719317 0.694456
v -0.036724 0.295220 -0.069911
vn 0.112894 -0.590881 -0.798821
v -0.020088 0.059982 -0.099169
vn -0.060889 -0.590828 -0.804497
v -0.045244 0.092079 -0.127818
vn -0.012417 -0.619750 -0.784701
v -0.039925 0.113791 -0.142067
vn -0.057745 -0.723695 -0.687699
v -0.049550 0.137486 -0.165313
vn -0.840728 0.281373 0.462608
v -0.160917 0.251787 -0.063001
vn -0.375777 0.584411 0.719205
v -0.128135 0.269673 -0.049190
vn -0.004718 0.746269 0.665627
v -0.073694 0.276961 -0.040339
vn -0.956999 -0.114096 -0.266711
v -0.159652 0.150420 -0.068238
vn -0.704393 -0.306978 -0.639996
v -0.136896 0.128248 -0.101966
vn -0.531681 -0.596436 -0.601315
v -0.112231 0.151061 -0.135116
vn -0.464077 -0.682285 -0.564907
v -0.081897 0.149085 -0.161537
vn -0.308555 -0.486428 -0.817424
v -0.075535 0.090883 -0.120181
vn -0.524035 -0.401345 -0.751205
v -0.116225 0.136296 -0.121497
vn -0.731238 -0.415339 -0.541097
v -0.141260 0.151788 -0.108168
vn -0.898699 -0.220811 -0.378923
v -0.151907 0.151454 -0.088880
vn -0.371110 -0.695549 -0.615214
v -0.073925 0.163883 -0.187686
vn -0.710707 -0.534091 -0.457867
v -0.134140 0.178129 -0.144883
vn -0.969594 -0.222289 -0.102350
v -0.166327 0.215859 -0.103764
vn -0.998858 0.004056 -0.047608
v -0.161181 0.180026 -0.066607
vn -0.748472 0.373034 0.548302
v -0.141872 0.217287 -0.023851
vn -0.879420 0.161946 0.447655
v -0.153702 0.212042 -0.039760
vn -0.613142 0.585443 0.530390
v -0.129307 0.217869 -0.009532
vn -0.980037 0.074283 0.184415
v -0.159218 0.194090 -0.051127
vn -0.372208 0.651057 0.661503
v -0.110263 0.238667 -0.016485
vn -0.990372 -0.127992 0.052733
v -0.162160 0.198143 -0.075956
vn -0.970650 0.070750 0.229853
v -0.167539 0.241582 -0.076517
vn -0.967726 -0.188607 -0.167132
v -0.158860 0.183826 -0.091463
vn -0.897239 -0.325370 -0.298491
v -0.153523 0.175711 -0.105002
vn 0.327095 -0.538067 -0.776848
v 0.023915 0.080833 -0.101507
vn 0.464795 -0.473997 -0.747859
v 0.019769 0.099913 -0.118381
vn 0.655931 0.663873 0.359204
v 0.067963 0.197302 0.019434
vn 0.422156 0.758387 0.496622
v 0.053602 0.201936 0.032092
vn 0.074928 0.776001 0.626265
v 0.022420 0.214582 0.028220
vn -0.136262 0.760659 0.634690
v 0.008399 0.215744 0.026262
vn 0.568389 0.709599 0.416417
v 0.067997 0.182556 0.048401
vn -0.418972 0.671725 0.610940
v -0.007229 0.187116 0.055399
vn -0.391846 0.688601 0.610152
v -0.011723 0.213789 0.020722
vn -0.519955 0.638018 0.567962
v -0.024013 0.199891 0.025900
vn 0.349276 -0.587198 -0.730209
v 0.006975 0.116201 -0.134794
vn 0.523172 -0.545756 -0.654554
v 0.022443 0.125554 -0.131240
vn 0.161116 -0.686983 -0.708588
v -0.010392 0.135121 -0.161207
vn 0.819549 0.253728 0.513772
v 0.080306 0.215354 -0.022095
vn 0.592396 0.462675 0.659544
v 0.068623 0.232728 -0.017018
vn 0.702087 0.492189 0.514610
v 0.066868 0.211429 -0.002192
vn 0.014597 0.774459 0.632455
v 0.014713 0.283044 -0.046788
vn 0.920497 -0.333658 -0.203365
v 0.094408 0.199342 -0.104614
vn 0.975828 -0.218438 -0.006624
v 0.100665 0.216364 -0.091059
vn 0.984814 -0.078045 0.155079
v 0.094373 0.202377 -0.059142
vn 0.733459 0.343984 0.586271
v 0.088655 0.246494 -0.044837
vn 0.476819 -0.701868 -0.529174
v 0.021463 0.154553 -0.163427
vn 0.312724 -0.699924 -0.642114
v 0.005300 0.149679 -0.169345
vn 0.200137 0.790313 0.579094
v 0.037175 0.199604 0.044055
vn 0.238667 0.766262 0.596557
v 0.034821 0.210998 0.029876
vn 0.176159 0.686590 0.705381
v 0.033734 0.266780 -0.031048
vn 0.211852 -0.583793 -0.783776
v -0.004395 0.091056 -0.122683
vn 0.947760 0.128269 0.292057
v 0.099626 0.243417 -0.065740
vn 0.429159 0.606376 0.669426
v 0.068925 0.273620 -0.049365
vn 0.995209 0.012641 -0.096952
v 0.094174 0.158632 -0.045732
vn 0.928924 -0.215656 -0.300988
v 0.086831 0.152496 -0.074591
vn 0.609349 -0.471086 -0.637787
v 0.045263 0.137819 -0.118644
vn 0.629144 -0.363173 -0.687228
v 0.058801 0.113846 -0.095564
vn 0.757521 -0.363267 -0.542402
v 0.073541 0.143451 -0.095244
vn 0.555185 -0.397109 -0.730804
v 0.045565 0.072920 -0.084326
vn 0.848604 -0.388831 -0.358723
v 0.081654 0.163525 -0.098500
vn 0.686716 -0.554919 -0.469560
v 0.071133 0.157764 -0.110722
vn 0.944343 -0.282030 -0.169338
v 0.089896 0.178754 -0.090275
vn 0.992865 0.073693 0.093749
v 0.093041 0.182151 -0.042579
vn -0.322283 0.639712 0.697784
v -0.014156 0.251755 -0.014052
vn 0.024117 0.725531 0.687766
v 0.003922 0.261202 -0.019200
vn 0.470559 0.666477 0.578258
v 0.050040 0.221458 0.006701
vn 0.238558 0.708458 0.664212
v 0.032882 0.240123 -0.005256
vn 0.944596 0.157013 0.288244
v 0.088263 0.198913 -0.033080
vn -0.318718 0.649386 0.690446
v -0.014787 0.229273 0.003748
vn 0.336626 0.640339 0.690398
v 0.052137 0.237828 -0.010667
vn -0.004442 0.722977 0.690857
v 0.014263 0.235291 0.005072
vn 0.988987 -0.141776 -0.042481
v 0.093387 0.187431 -0.074627
vn 0.071344 -0.765589 -0.639362
v -0.028467 0.154535 -0.180255
vn 0.113072 -0.657082 -0.745291
v -0.012266 0.115362 -0.140646
vn -0.130420 0.663654 0.736583
v -0.040069 0.202880 0.008093
vn -0.102162 0.707668 0.699120
v -0.042219 0.175835 0.035551
vn -0.204301 0.735132 0.646407
v -0.042990 0.147435 0.066163
vn 0.152435 -0.551441 -0.820169
v -0.042126 0.040738 -0.089360
vn -0.058429 -0.515236 -0.855054
v -0.061280 0.049417 -0.096266
vn -0.231576 -0.969820 -0.076300
v -0.104748 -0.071313 0.096654
vn -0.460207 -0.886539 0.047518
v -0.110106 -0.080276 0.149983
vn -0.502306 -0.609513 0.613338
v -0.101653 -0.075305 0.169930
vn 0.344812 -0.773960 -0.531123
v -0.045491 -0.042042 -0.028521
vn 0.314135 -0.762597 -0.565477
v -0.021985 -0.033982 -0.015974
vn -0.609292 -0.293645 0.736570
v -0.169755 -0.031490 0.140081
vn -0.428066 -0.773531 0.467343
v -0.167071 -0.058093 0.120800
vn -0.518792 -0.486771 0.702787
v -0.174729 -0.041717 0.129992
vn 0.155461 -0.587479 -0.794167
v -0.017745 0.012263 -0.060806
vn 0.265573 -0.889178 -0.372605
v -0.029002 -0.063986 0.034794
vn 0.415650 -0.647662 -0.638568
v -0.037803 -0.025172 -0.043788
vn -0.927724 0.349541 0.130954
v -0.178996 0.121342 0.022040
vn -0.636110 -0.391951 0.664634
v -0.149860 -0.049829 0.151647
vn -0.510749 0.637120 0.577246
v -0.139791 0.148747 0.065847
vn -0.179521 0.726357 0.663459
v -0.119982 0.142254 0.086482
vn -0.720743 0.520643 0.457668
v -0.156179 0.136256 0.059665
vn 0.006479 0.687122 0.726513
v -0.096049 0.158795 0.072160
vn 0.088773 0.706459 0.702165
v -0.093790 0.145446 0.084756
vn -0.067223 0.655675 0.752045
v -0.099507 0.092727 0.132823
vn -0.083536 0.531490 0.842935
v -0.089939 0.053516 0.165311
vn 0.095821 0.719641 0.687703
v -0.074986 0.128341 0.100568
vn -0.073936 0.557881 0.826621
v -0.102560 0.062733 0.156504
vn 0.285041 0.698525 0.656365
v -0.061500 0.153310 0.067075
vn 0.188735 0.526799 0.828772
v -0.063155 0.065325 0.155161
vn 0.262124 0.666265 0.698127
v -0.061942 0.098090 0.128197
vn 0.275259 0.594035 0.755880
v -0.061132 0.082432 0.142457
vn -0.846125 0.436156 0.306335
v -0.168451 0.132883 0.039017
vn -0.233356 -0.689279 -0.685885
v -0.099794 -0.031346 -0.050623
vn -0.356075 -0.767422 -0.533173
v -0.117238 -0.038787 -0.033789
vn -0.799943 -0.463327 -0.381338
v -0.148955 -0.039970 0.000227
vn -0.538297 -0.466007 -0.702193
v -0.127981 -0.022756 -0.044979
vn -0.813818 -0.151984 -0.560893
v -0.136740 -0.014272 -0.038647
vn 0.140512 -0.452429 -0.880661
v -0.050054 0.012081 -0.071773
vn 0.359698 -0.581692 -0.729556
v -0.023863 -0.006291 -0.050860
vn 0.214838 -0.427536 -0.878099
v -0.062978 -0.008338 -0.068676
vn -0.878400 -0.150864 -0.453491
v -0.140908 0.024244 -0.034858
vn 0.136973 -0.720316 -0.679988
v -0.071360 -0.028312 -0.055318
vn -0.212514 -0.422138 -0.881270
v -0.091638 -0.013747 -0.068541
vn -0.884681 0.445429 0.137595
v -0.159149 0.171018 -0.000396
vn -0.850454 0.431461 0.300948
v -0.149992 0.193398 -0.017176
vn -0.968075 0.242326 0.064107
v -0.161211 0.172637 -0.035430
vn -0.939345 0.342973 -0.000741
v -0.164290 0.160777 -0.014600
vn -0.920436 0.380174 0.090914
v -0.172917 0.139177 0.007977
vn -0.553044 0.625870 0.549935
v -0.139593 0.168308 0.047004
vn -0.743416 0.541108 0.393108
v -0.153722 0.161066 0.037228
vn -0.180096 0.708434 0.682413
v -0.107167 0.181725 0.050098
vn 0.019254 0.720505 0.693182
v -0.094070 0.187299 0.046190
vn 0.195725 0.683437 0.703282
v -0.080568 0.185643 0.045521
vn 0.281513 0.650627 0.705291
v -0.069059 0.169801 0.056189
vn -0.853869 0.460134 0.243277
v -0.164152 0.151288 0.025009
vn -0.271745 -0.447635 -0.851926
v -0.093791 0.030781 -0.078536
vn -0.046108 -0.511398 -0.858106
v -0.062102 0.028390 -0.082516
vn -0.738113 -0.239701 -0.630660
v -0.129783 0.030766 -0.052702
vn -0.233948 -0.968000 -0.090800
v -0.136583 -0.068958 0.124148
vn -0.409922 -0.891357 0.193514
v -0.144414 -0.066834 0.132614
vn -0.563459 -0.670330 0.482879
v -0.147546 -0.060569 0.143034
vn -0.644732 -0.223271 0.731075
v -0.152411 -0.030859 0.155346
vn -0.608739 -0.222745 0.761460
v -0.135206 -0.036715 0.170751
vn -0.366732 -0.092755 0.925691
v -0.113980 -0.022274 0.185999
vn -0.431614 -0.327110 0.840660
v -0.120388 -0.044880 0.176874
vn -0.219091 -0.248617 0.943498
v -0.095748 -0.040258 0.187497
vn -0.573555 -0.444433 0.688123
v -0.134640 -0.054066 0.162285
vn -0.117203 -0.087545 0.989242
v -0.090688 -0.026287 0.191384
vn 0.090399 0.164740 0.982186
v -0.081355 -0.006555 0.191333
vn 0.216144 0.217728 0.951775
v -0.056272 -0.012530 0.186346
vn 0.272548 0.378482 0.884573
v -0.060856 0.032744 0.172775
vn -0.447412 -0.881715 -0.149672
v -0.088615 -0.076871 0.107983
vn -0.027155 -0.000559 0.999631
v -0.056132 -0.046282 0.188337
vn -0.386887 -0.351392 0.852550
v -0.092903 -0.065925 0.178815
vn -0.596151 -0.153944 0.787976
v -0.072817 -0.093659 0.180490
vn -0.740022 -0.602197 0.299543
v -0.081533 -0.098296 0.167623
vn -0.178797 0.196481 0.964068
v -0.036504 -0.017085 0.183888
vn -0.218112 0.398905 0.890675
v -0.094389 0.028338 0.177963
vn -0.246279 0.181154 0.952119
v -0.103454 -0.008125 0.188981
vn 0.003282 0.630133 0.776480
v -0.079442 0.083742 0.143350
vn -0.279874 0.017794 0.959872
v -0.021823 -0.025052 0.190397
vn 0.360156 0.643839 0.675099
v -0.050891 0.170843 0.044257
vn -0.074331 0.651212 0.755247
v -0.043511 0.078710 0.135634
vn 0.368279 0.666547 0.648140
v -0.049474 0.112259 0.106498
vn -0.044076 0.491941 0.869512
v -0.043015 0.043298 0.159642
vn 0.279741 0.709116 0.647224
v -0.050335 0.150781 0.063382
vn 0.319337 0.704692 0.633587
v -0.055854 0.134638 0.088377
vn -0.024411 0.669579 0.742340
v -0.093121 0.104407 0.123192
vn 0.042309 0.688161 0.724323
v -0.076286 0.102471 0.126681
vn -0.318383 0.696389 0.643175
v -0.043198 0.119220 0.097572
vn -0.058760 0.666314 0.743352
v -0.108101 0.128647 0.102795
vn -0.270938 0.702794 0.657779
v -0.117584 0.155577 0.070914
vn -0.373107 0.684314 0.626502
v -0.126110 0.172814 0.051231
vn -0.630507 -0.753486 -0.186331
v -0.082026 -0.081257 0.097211
vn -0.904686 -0.105824 -0.412729
v -0.178689 0.098895 -0.008338
vn -0.936284 -0.025126 -0.350343
v -0.174503 0.112410 -0.022043
vn -0.863014 -0.232729 -0.448378
v -0.151065 0.106417 -0.070499
vn -0.695583 -0.367647 -0.617253
v -0.136783 0.092419 -0.082749
vn -0.797626 -0.327333 -0.506603
v -0.143410 0.046439 -0.044290
vn -0.973381 0.001543 -0.229188
v -0.164415 0.142888 -0.047870
vn -0.861689 -0.263261 -0.433805
v -0.170113 0.093754 -0.022198
vn -0.519906 -0.386777 -0.761643
v -0.118379 0.107458 -0.107803
vn -0.482988 -0.428364 -0.763693
v -0.109247 0.080891 -0.098411
vn -0.890910 -0.195631 -0.409888
v -0.153743 0.130045 -0.077408
vn -0.851578 -0.315270 -0.418831
v -0.155993 0.074942 -0.040736
vn -0.599363 -0.393249 -0.697222
v -0.120708 0.063504 -0.080786
vn -0.325656 -0.474612 -0.817736
v -0.093921 0.052060 -0.090255
vn -0.963302 0.210625 -0.166391
v -0.166317 0.151053 -0.031159
vn -0.975308 0.147349 -0.164504
v -0.182801 0.108975 0.004092
vn -0.963654 0.207397 -0.168396
v -0.177572 0.126780 -0.008114
vn -0.527451 -0.301662 -0.794226
v -0.116199 0.026029 -0.063982
vn -0.162310 -0.311868 -0.936159
v -0.089859 0.017597 -0.074047
vn -0.448682 -0.879506 -0.158597
v -0.089562 -0.090824 0.151736
vn -0.329884 -0.923692 -0.194858
v -0.111356 -0.077458 0.135587
vn 0.390802 -0.446144 -0.805127
v 0.034940 0.048605 -0.077724
vn 0.455931 -0.859008 0.232878
v 0.071708 -0.036206 0.166384
vn 0.415066 -0.693271 0.589148
v 0.081685 -0.023941 0.180509
vn 0.429702 -0.515708 0.741216
v 0.066912 -0.028628 0.188138
vn 0.244799 -0.401238 0.882656
v 0.036652 -0.043031 0.193049
vn -0.057755 -0.849012 -0.525207
v -0.012984 -0.041804 -0.003581
vn 0.100420 -0.618170 -0.779604
v -0.016814 -0.005183 -0.047458
vn 0.228314 -0.283189 0.931492
v 0.066210 -0.009751 0.197259
vn 0.313535 -0.349712 0.882835
v 0.052546 -0.025191 0.196880
vn 0.138243 0.794279 0.591616
v 0.043200 0.171645 0.080939
vn -0.261939 0.729905 0.631369
v 0.009507 0.164498 0.086834
vn -0.329385 0.671636 0.663635
v 0.009227 0.141137 0.115192
vn -0.428564 0.644653 0.633052
v -0.009456 0.163098 0.077946
vn -0.410763 0.671613 0.616611
v -0.009054 0.139079 0.105030
vn -0.380141 0.484757 0.787720
v -0.002303 0.062058 0.176539
vn -0.536594 0.586606 0.606597
v -0.029912 0.104748 0.126495
vn -0.547181 0.624074 0.557785
v -0.030447 0.160702 0.061190
vn -0.612973 0.615421 0.495502
v -0.033004 0.136492 0.090992
vn -0.524854 0.493524 0.693515
v -0.029517 0.079811 0.149642
vn 0.579135 0.699902 0.418019
v 0.076277 0.161034 0.071452
vn -0.058812 -0.901062 -0.429683
v 0.013460 -0.045296 -0.006690
vn 0.629098 -0.639751 -0.441537
v 0.089712 -0.007777 -0.017591
vn 0.372802 -0.753035 -0.542177
v 0.059042 -0.021294 -0.028990
vn 0.694352 -0.645614 -0.317896
v 0.096888 -0.011929 0.003376
vn 0.856841 -0.348832 -0.379658
v 0.102809 0.003032 -0.006479
vn 0.894152 0.049412 -0.445030
v 0.104444 0.019822 -0.008801
vn -0.125206 -0.605674 -0.785800
v 0.016787 -0.003752 -0.056123
vn 0.954769 0.187154 -0.231060
v 0.103502 0.054422 0.011882
vn 0.597472 -0.175140 -0.782530
v 0.062376 0.038110 -0.054628
vn 0.340810 -0.244524 -0.907776
v 0.052823 0.005898 -0.056286
vn 0.126457 -0.574969 -0.808344
v 0.033442 -0.007395 -0.054525
vn 0.820882 0.477688 0.312997
v 0.078422 0.195969 -0.004224
vn 0.850846 0.509807 0.127110
v 0.087779 0.177487 0.008723
vn 0.729640 0.637836 0.246557
v 0.091680 0.163401 0.039548
vn -0.012790 0.772007 0.635485
v 0.018465 0.189128 0.061955
vn -0.242331 0.730556 0.638407
v 0.005306 0.192464 0.055760
vn -0.546613 0.600192 0.583939
v -0.021672 0.176987 0.054850
vn -0.566703 0.586625 0.578549
v -0.034829 0.171026 0.046582
vn 0.712553 0.638987 0.289766
v 0.082403 0.177301 0.031262
vn 0.783127 -0.073461 -0.617507
v 0.077633 0.047398 -0.042090
vn 0.156066 -0.539342 -0.827499
v 0.010440 0.043390 -0.083623
vn 0.224566 -0.378618 -0.897897
v 0.032450 0.021622 -0.063945
vn 0.465107 -0.297500 -0.833768
v 0.053889 0.035495 -0.060083
vn 0.659252 -0.671325 0.338688
v 0.046902 -0.058804 0.172595
vn 0.462276 -0.534958 0.707192
v 0.038199 -0.053069 0.185611
vn 0.187113 -0.116786 0.975372
v 0.050673 -0.002208 0.201091
vn 0.009522 -0.072520 0.997322
v 0.023019 -0.004774 0.207323
vn 0.234014 -0.226537 0.945472
v 0.040375 -0.015703 0.202939
vn -0.036087 -0.278146 0.959861
v 0.014042 -0.029751 0.200916
vn 0.121554 -0.322993 0.938563
v 0.031968 -0.026745 0.201283
vn -0.411843 0.300571 0.860257
v -0.004907 0.033349 0.191681
vn -0.187579 -0.180911 0.965446
v -0.003078 -0.037690 0.196691
vn 0.383738 -0.918764 0.092826
v 0.067723 -0.040613 0.144702
vn 0.611868 -0.328130 -0.719686
v 0.077827 0.004521 -0.045233
vn 0.448936 -0.391498 0.803234
v 0.021773 -0.069264 0.186433
vn 0.068685 0.047747 0.996495
v -0.007960 -0.071269 0.190121
vn 0.088102 -0.221912 0.971078
v 0.003766 -0.068007 0.189354
vn 0.528699 -0.001315 0.848808
v 0.011294 -0.088243 0.186109
vn -0.140065 0.332747 0.932556
v -0.040480 0.009745 0.174238
vn -0.278066 0.240308 0.930017
v 0.009901 0.010979 0.203706
vn -0.321281 -0.005523 0.946968
v 0.006457 -0.003990 0.204717
vn -0.358601 0.616881 0.700616
v -0.014927 0.094385 0.146056
vn -0.535684 0.337264 0.774142
v -0.025463 0.039465 0.174462
vn -0.492270 0.143543 0.858525
v -0.014134 -0.001770 0.194094
vn -0.536662 0.640129 0.549753
v -0.035842 0.152499 0.063669
vn -0.591252 0.639680 0.491153
v -0.036917 0.135073 0.085899
vn -0.376255 0.631404 0.678057
v 0.001460 0.107472 0.140165
vn -0.390349 0.676212 0.624792
v -0.018657 0.132416 0.106669
vn -0.140930 0.685660 0.714149
v 0.025280 0.138090 0.124002
vn -0.165182 0.763496 0.624331
v 0.023540 0.151769 0.108861
vn -0.071443 0.786347 0.613640
v 0.022578 0.169884 0.083450
vn 0.744651 -0.667359 -0.011278
v 0.035738 -0.064347 0.130223
vn 0.873549 -0.480611 -0.076968
v 0.029639 -0.077116 0.120102
vn 0.196733 -0.952992 -0.230440
v -0.031155 -0.071227 0.053122
vn 0.050465 -0.910274 -0.410919
v -0.014644 -0.060748 0.034011
vn 0.999456 -0.002398 -0.032905
v 0.109432 0.124872 0.050279
vn 0.733864 -0.277533 -0.620015
v 0.066352 0.068573 -0.062945
vn 0.878969 -0.183841 -0.440019
v 0.089818 0.080114 -0.035295
vn 0.862027 -0.229908 -0.451721
v 0.083905 0.107016 -0.057759
vn 0.981854 -0.014812 -0.189057
v 0.101911 0.071706 0.007055
vn 0.966628 -0.069151 -0.246674
v 0.098122 0.106084 -0.023339
vn 0.726731 -0.337960 -0.598034
v 0.070415 0.105820 -0.078370
vn 0.961738 -0.086793 -0.259860
v 0.091583 0.139295 -0.055330
vn 0.989533 -0.076524 -0.122349
v 0.105264 0.123679 0.016409
vn 0.987633 0.095729 -0.124167
v 0.104953 0.141059 0.006880
vn 0.954466 0.273802 0.118438
v 0.091195 0.179810 -0.021859
vn 0.976892 0.189834 -0.098212
v 0.097295 0.156692 -0.021034
vn 0.908577 0.416276 0.034674
v 0.102146 0.153607 0.024368
vn 0.909657 0.386747 0.151497
v 0.106552 0.135771 0.060901
vn 0.889852 0.120385 -0.440080
v 0.097266 0.045536 -0.013281
vn 0.911566 -0.047945 -0.408349
v 0.089169 0.059412 -0.027332
vn -0.009852 -0.497307 -0.867519
v 0.004095 0.015940 -0.064501
vn -0.132878 -0.778737 -0.613116
v 0.007375 -0.033455 -0.025199
vn -0.001099 -0.748669 -0.662944
v -0.013963 -0.021097 -0.031348
vn 0.278719 -0.841214 -0.463331
v -0.022091 -0.044491 -0.000341
vn -0.971220 -0.237564 -0.017158
v -0.074869 -0.110867 0.153624
vn -0.918475 -0.238556 -0.315429
v -0.074503 -0.138379 0.155323
vn -0.663347 -0.084465 -0.743529
v -0.058168 -0.160137 0.150329
vn -0.274916 -0.048888 0.960224
v -0.063324 -0.076459 0.184611
vn -0.876742 -0.120322 0.465667
v -0.076620 -0.104173 0.174311
vn -0.104860 0.208174 0.972455
v -0.031357 -0.073762 0.191475
vn -0.491291 0.264722 0.829792
v -0.062980 -0.090932 0.187642
vn -0.844188 -0.464370 -0.267781
v -0.075408 -0.107170 0.132754
vn -0.514705 -0.618790 -0.593445
v -0.060313 -0.101796 0.106063
vn -0.581201 -0.482383 -0.655372
v -0.058275 -0.142348 0.137768
vn -0.293984 -0.454021 -0.841093
v -0.032091 -0.155961 0.120142
vn -0.172301 -0.431370 -0.885569
v -0.032462 -0.111084 0.099698
vn 0.379043 -0.757981 -0.530840
v -0.030914 -0.071785 0.082457
vn -0.019220 -0.593415 -0.804667
v -0.042691 -0.098891 0.093111
vn -0.733508 -0.661780 -0.154963
v -0.080991 -0.093203 0.139676
vn 0.674710 -0.632133 -0.381018
v 0.021939 -0.079104 0.103825
vn -0.264850 -0.908263 -0.323902
v -0.013802 -0.070224 0.080701
vn 0.255567 -0.538842 -0.802705
v -0.002109 -0.094779 0.096300
vn 0.952130 -0.164575 -0.257613
v 0.024874 -0.138675 0.164710
vn 0.643731 -0.432225 -0.631500
v -0.003437 -0.117187 0.115834
vn 0.896085 -0.442168 0.038969
v 0.025287 -0.082907 0.159870
vn 0.934013 0.086878 0.346513
v 0.017607 -0.103550 0.179812
vn 0.678912 0.463217 0.569657
v 0.011769 -0.103679 0.189278
vn 0.737903 -0.381043 -0.557051
v 0.011603 -0.123382 0.132728
vn 0.680431 0.732739 0.010376
v 0.015626 -0.112038 0.198424
vn 0.954184 0.299198 -0.003660
v 0.021954 -0.122416 0.175702
vn -0.098460 0.969474 0.224556
v -0.038001 -0.099118 0.203501
vn 0.377907 0.658917 0.650396
v -0.004472 -0.099345 0.200586
vn 0.559234 -0.391123 -0.730945
v -0.012896 -0.154950 0.121512
vn 0.761460 -0.414356 0.498487
v 0.025159 -0.080517 0.176365
vn 0.714496 -0.324397 -0.619888
v 0.002458 -0.143062 0.134003
vn 0.959042 -0.249415 -0.134280
v 0.023126 -0.097351 0.139404
vn 0.405582 -0.399690 -0.822041
v -0.015290 -0.119647 0.102877
vn 0.713356 -0.503907 -0.487034
v 0.014107 -0.097257 0.116366
vn -0.956854 0.277427 -0.086404
v -0.075618 -0.124001 0.176271
vn -0.919585 0.033504 -0.391460
v -0.076663 -0.146541 0.178387
vn 0.286500 -0.136459 -0.948312
v -0.012396 -0.184763 0.137721
vn 0.982877 0.050180 -0.177300
v 0.029560 -0.136034 0.196692
vn 0.796795 -0.357732 -0.486976
v 0.012027 -0.154639 0.153471
vn -0.607621 0.776115 0.168647
v -0.058584 -0.103111 0.200443
vn -0.102735 0.390404 0.914894
v -0.038686 -0.132801 0.332764
vn -0.038527 -0.696124 -0.716887
v -0.032839 -0.251298 0.187521
vn -0.198593 0.067445 -0.977759
v -0.037728 -0.182944 0.138284
vn -0.989553 0.137515 -0.043302
v -0.095896 -0.138404 0.262996
vn -0.345631 0.436548 0.830641
v -0.061606 -0.131218 0.326810
vn -0.606767 0.469149 0.641664
v -0.075331 -0.128573 0.315921
vn -0.821713 -0.231607 0.520717
v -0.085764 -0.206836 0.308570
vn -0.955172 0.190106 -0.226949
v -0.087238 -0.129971 0.210056
vn -0.147214 0.975392 0.164127
v -0.041989 -0.084069 0.269887
vn -0.474280 0.865608 0.160565
v -0.064680 -0.091854 0.271710
vn -0.278284 0.958202 -0.066382
v -0.058548 -0.087463 0.250591
vn -0.720184 0.688122 0.088443
v -0.082239 -0.103663 0.265736
vn -0.878977 0.459681 -0.126856
v -0.086290 -0.111810 0.237177
vn -0.642294 0.702583 -0.306326
v -0.076917 -0.110938 0.203001
vn -0.692492 0.623412 0.363061
v -0.105283 -0.142214 0.253261
vn -0.325716 0.865612 0.380297
v -0.054660 -0.092238 0.288702
vn -0.261166 0.081085 0.961882
v -0.053601 -0.158733 0.337670
vn -0.057852 0.904735 0.422029
v -0.037458 -0.089020 0.289227
vn -0.105105 0.577280 0.809754
v -0.039107 -0.121859 0.326315
vn -0.832792 -0.546721 -0.086908
v -0.082982 -0.226253 0.222422
vn -0.840476 -0.489709 -0.231918
v -0.083662 -0.219626 0.201401
vn -0.180833 0.937657 -0.296814
v -0.048971 -0.090536 0.228411
vn -0.513108 -0.145325 0.845932
v -0.067250 -0.183842 0.330764
vn -0.051886 -0.262682 0.963486
v -0.033777 -0.202212 0.334732
vn -0.989258 -0.099443 -0.107139
v -0.094400 -0.179752 0.238079
vn -0.812271 0.129218 0.568787
v -0.086794 -0.149512 0.314166
vn -0.590670 0.160265 0.790838
v -0.077593 -0.151744 0.324544
vn -0.353913 -0.404209 0.843422
v -0.059447 -0.215187 0.325282
vn 0.032122 -0.492181 0.869900
v -0.033254 -0.226197 0.324987
vn -0.587860 -0.657164 0.471758
v -0.071332 -0.243076 0.299744
vn -0.100857 -0.682574 0.723824
v -0.038935 -0.247670 0.310025
vn -0.543849 0.826883 -0.143151
v -0.071977 -0.094841 0.234923
vn -0.986796 -0.095385 0.130902
v -0.095490 -0.195272 0.287499
vn -0.290303 0.706266 0.645687
v -0.055023 -0.106038 0.308925
vn -0.624397 0.670120 0.401332
v -0.076441 -0.108487 0.294492
vn -0.809132 0.424009 0.406844
v -0.085770 -0.124368 0.298023
vn -0.952629 0.143091 0.268371
v -0.093861 -0.142808 0.295375
vn -0.892419 0.432831 0.127461
v -0.089832 -0.114723 0.268552
vn -0.467534 -0.118587 -0.875984
v -0.043156 -0.218777 0.123907
vn -0.823387 0.169089 -0.541704
v -0.077826 -0.174820 0.156369
vn -0.929819 -0.364516 0.050645
v -0.090257 -0.224617 0.273332
vn -0.949648 0.110036 -0.293360
v -0.084253 -0.157828 0.191353
vn -0.633703 -0.736316 -0.237189
v -0.048537 -0.242243 0.191511
vn -0.922704 -0.191534 -0.334561
v -0.079378 -0.191985 0.167416
vn -0.631196 -0.706557 -0.319952
v -0.059920 -0.226370 0.160799
vn -0.535690 -0.086944 -0.839927
v -0.031555 -0.245389 0.170643
vn 0.404894 0.467960 0.785541
v -0.041556 -0.231732 0.157908
vn -0.373678 0.914068 0.157624
v -0.092931 -0.143599 0.231775
vn -0.940595 -0.213602 -0.263923
v -0.092789 -0.156762 0.224651
vn -0.517191 0.819503 -0.246835
v -0.100089 -0.134807 0.223281
vn -0.174621 -0.955771 -0.236662
v -0.033941 -0.259791 0.227850
vn -0.526172 -0.822833 -0.214681
v -0.073272 -0.252176 0.245822
vn -0.691296 -0.673484 -0.261780
v -0.078050 -0.241790 0.226493
vn -0.470120 -0.821917 -0.321622
v -0.047049 -0.238112 0.224538
vn 0.794808 0.546615 -0.263614
v -0.049842 -0.231827 0.176359
vn 0.364752 0.092799 0.926469
v -0.036942 -0.221995 0.152203
vn -0.274433 0.097027 0.956699
v -0.019736 -0.220871 0.151243
vn 0.899068 -0.309814 -0.309340
v -0.055419 -0.200886 0.186370
vn 0.830483 -0.047374 0.555026
v -0.052002 -0.211327 0.164523
vn 0.205837 -0.313605 0.926975
v -0.037340 -0.204661 0.154945
vn 0.115196 -0.628360 -0.769346
v -0.031447 -0.185649 0.192030
vn 0.659507 -0.366503 0.656298
v -0.039182 -0.182877 0.166146
vn 0.487021 -0.798265 -0.354378
v -0.037027 -0.175044 0.175330
vn 0.624679 -0.725436 -0.288997
v -0.035714 -0.168779 0.162442
vn 0.175442 -0.821655 -0.542313
v -0.021232 -0.239250 0.132391
vn 0.967611 0.183866 0.172981
v 0.032036 -0.133412 0.279543
vn 0.959746 -0.179694 0.215864
v 0.026085 -0.199495 0.291304
vn 0.159267 0.969735 0.185063
v -0.013593 -0.085986 0.272195
vn 0.024468 0.996640 -0.078169
v -0.028055 -0.082242 0.255490
vn 0.240413 0.193975 0.951092
v -0.010124 -0.144906 0.335651
vn 0.412100 -0.368526 0.833284
v -0.002401 -0.217895 0.323110
vn 0.408213 0.462770 0.786896
v 0.001003 -0.130214 0.325028
vn 0.773925 -0.123892 0.621040
v 0.018969 -0.181476 0.316372
vn 0.745986 0.182490 0.640470
v 0.017345 -0.147896 0.318517
vn 0.705069 0.470434 0.530631
v 0.014415 -0.123652 0.309833
vn 0.340683 0.738398 0.581983
v -0.007015 -0.104047 0.306652
vn 0.894930 0.425594 -0.134055
v 0.028916 -0.121965 0.213676
vn 0.137649 0.947269 -0.289369
v -0.018983 -0.088425 0.231895
vn 0.372514 0.891739 0.256973
v -0.005438 -0.089852 0.278582
vn 0.325259 0.944793 -0.039660
v -0.005713 -0.087196 0.255051
vn 0.254971 0.937957 -0.235005
v -0.006180 -0.098408 0.214057
vn 0.545298 0.761210 0.351011
v 0.008226 -0.098973 0.284938
vn 0.571697 0.818964 0.049607
v 0.013712 -0.096485 0.251271
vn 0.437064 0.872779 -0.217329
v 0.012357 -0.097513 0.232824
vn 0.785916 0.576974 0.222343
v 0.023107 -0.109905 0.278176
vn 0.924661 0.379871 0.026456
v 0.029731 -0.116003 0.256789
vn 0.442346 0.113278 -0.889662
v -0.009860 -0.215836 0.125190
vn 0.891149 -0.049315 -0.451022
v 0.021520 -0.153095 0.175722
vn 0.351555 -0.930816 -0.099950
v -0.019578 -0.245032 0.162907
vn 0.967791 -0.216109 -0.129144
v 0.044813 -0.148196 0.236398
vn 0.051487 0.712357 0.699926
v -0.028536 -0.106090 0.314107
vn 0.152607 0.887441 0.434924
v -0.019815 -0.090536 0.290794
vn 0.031964 -0.051298 0.998172
v -0.032446 -0.173289 0.340288
vn 0.097739 0.484754 0.869172
v -0.023583 -0.128137 0.330068
vn 0.858293 -0.486269 0.163939
v 0.019726 -0.230109 0.275295
vn 0.346924 -0.145132 0.926596
v -0.006856 -0.186268 0.334573
vn 0.985140 -0.095640 0.142658
v 0.033445 -0.165630 0.261935
vn 0.556121 0.084291 0.826816
v 0.006701 -0.155133 0.329875
vn 0.004100 0.224518 0.974461
v -0.030960 -0.149701 0.338787
vn 0.789035 -0.361695 0.496589
v 0.015518 -0.213246 0.309174
vn 0.752059 0.653210 -0.087882
v 0.022277 -0.105011 0.237954
vn 0.932391 0.078270 0.352874
v 0.027883 -0.145213 0.300142
vn 0.618801 -0.728463 -0.293984
v 0.000769 -0.255324 0.242953
vn 0.581786 -0.799740 -0.148126
v 0.014760 -0.236542 0.223695
vn 0.773769 -0.109637 -0.623908
v 0.008715 -0.167192 0.156392
vn 0.442807 -0.670585 0.595179
v -0.003863 -0.242774 0.306525
vn 0.982226 0.022449 -0.186357
v 0.029821 -0.166199 0.188091
vn 0.522345 -0.808415 -0.271331
v -0.015211 -0.238450 0.229424
vn 0.568602 -0.794342 -0.213805
v -0.015608 -0.245045 0.196898
vn 0.811822 -0.555583 -0.179649
v 0.020562 -0.224034 0.204748
vn 0.443029 -0.882010 0.160571
v -0.002696 -0.256942 0.277673
vn 0.988436 0.145914 -0.041283
v 0.032808 -0.132298 0.235268
vn 0.724166 0.632275 -0.275339
v 0.033781 -0.149772 0.225690
vn 0.948884 -0.272340 -0.159530
v 0.030667 -0.162758 0.227656
vn -0.176341 0.978744 -0.104709
v 0.041617 -0.140634 0.239132
vn 0.893316 0.393890 0.216420
v 0.044798 -0.144592 0.260303
vn 0.091965 0.661783 -0.744034
v 0.036506 -0.153707 0.209585
vn 0.419833 -0.660180 -0.622818
v -0.030649 -0.273497 0.185950
vn -0.070503 -0.954368 0.290192
v -0.038779 -0.262168 0.288864
vn 0.966059 -0.258259 -0.005783
v 0.028918 -0.203874 0.223308
vn 0.903292 -0.246340 -0.351254
v 0.025290 -0.190105 0.162900
vn -0.672094 0.570624 0.471888
v -0.016726 -0.234425 0.160034
vn 0.050398 0.656350 -0.752771
v -0.029872 -0.232992 0.188580
vn -0.981897 -0.180335 -0.057939
v -0.000823 -0.204882 0.184862
vn 0.142482 0.154324 -0.977693
v -0.032298 -0.205042 0.202266
vn -0.700082 0.589987 -0.402244
v -0.006457 -0.227986 0.181009
vn -0.891129 0.093000 0.444116
v -0.003674 -0.215520 0.166249
vn -0.501252 -0.244260 0.830111
v -0.013590 -0.187364 0.167473
vn -0.565256 -0.183444 -0.804260
v -0.006762 -0.204006 0.195383
vn -0.578122 -0.805440 0.130542
v -0.016841 -0.169209 0.163983
vn -0.386484 -0.745182 -0.543446
v -0.018454 -0.177068 0.180616
vn 0.982954 -0.164170 -0.082766
v 0.025293 -0.201449 0.192685
vn -0.734262 0.483317 0.476722
v -0.173044 0.077946 0.113028
vn -0.854335 0.455808 0.249701
v -0.179392 0.080249 0.095564
vn -0.261923 0.650382 0.713022
v -0.123145 0.125101 0.102978
vn -0.466396 0.600047 0.649937
v -0.141049 0.119166 0.099572
vn -0.493255 0.652929 0.574790
v -0.154150 0.087482 0.123398
vn -0.273571 0.638354 0.719488
v -0.131761 0.085940 0.136678
vn -0.661414 0.655740 0.364055
v -0.231283 0.014070 0.087615
vn -0.513905 0.833516 0.202860
v -0.219777 0.024514 0.080795
vn 0.759177 0.100296 -0.643111
v -0.168480 -0.028857 0.029257
vn -0.051769 -0.221822 -0.973712
v -0.160809 -0.042433 0.034048
vn 0.680911 -0.571136 -0.458437
v -0.188304 -0.062617 0.024195
vn 0.299833 0.881461 -0.364866
v -0.205772 0.022385 0.035279
vn -0.622054 0.260715 -0.738293
v -0.199416 0.025320 0.042128
vn -0.897700 0.017121 -0.440274
v -0.192022 0.051354 0.028313
vn -0.958873 0.282296 -0.029518
v -0.192073 0.068908 0.046030
vn -0.900808 0.392903 0.184857
v -0.184980 0.086317 0.060023
vn -0.934712 0.353929 0.032364
v -0.195494 0.058389 0.056637
vn -0.804332 0.593372 0.030983
v -0.204524 0.037604 0.073800
vn -0.506671 0.802295 -0.315605
v -0.207254 0.027662 0.054025
vn -0.381907 0.921653 -0.068576
v -0.215255 0.027284 0.056938
vn -0.652876 0.669707 0.353900
v -0.206559 0.030454 0.090881
vn -0.615361 -0.151680 0.773514
v -0.175343 -0.016740 0.140510
vn -0.609638 0.470832 0.637698
v -0.221157 0.007387 0.108086
vn -0.680097 0.378553 0.627826
v -0.192444 0.023531 0.114935
vn -0.452754 0.568867 0.686589
v -0.197911 0.013540 0.119218
vn -0.673304 0.201986 0.711240
v -0.227437 -0.010037 0.109019
vn -0.553622 0.203950 0.807408
v -0.187551 0.001606 0.131386
vn -0.496890 -0.627057 0.599917
v -0.216865 -0.055349 0.095338
vn -0.226417 -0.831651 0.507042
v -0.185320 -0.071287 0.096401
vn -0.545360 -0.408068 0.732164
v -0.218631 -0.032541 0.113606
vn -0.410039 -0.366268 0.835294
v -0.201902 -0.033693 0.122664
vn -0.015098 -0.952766 -0.303331
v -0.134548 -0.062845 0.046089
vn -0.286774 -0.756600 -0.587637
v -0.150258 -0.055928 0.032424
vn 0.275340 -0.729856 -0.625698
v -0.173487 -0.069322 0.042786
vn -0.741476 -0.540184 -0.398014
v -0.147207 -0.048952 0.014626
vn -0.957994 -0.089038 -0.272616
v -0.150318 -0.008476 -0.007015
vn -0.144834 -0.911568 0.384794
v -0.180971 -0.075856 0.089877
vn -0.176982 -0.907516 -0.380910
v -0.103148 -0.058948 -0.004598
vn 0.103006 -0.994680 0.001316
v -0.136847 -0.068358 0.094594
vn 0.227959 -0.955043 -0.189547
v -0.166860 -0.078907 0.063883
vn 0.178745 -0.922733 -0.341489
v -0.053638 -0.062492 0.010546
vn -0.962440 0.059136 -0.264974
v -0.188741 0.073894 0.021179
vn -0.955091 0.279097 0.099532
v -0.183931 0.102972 0.033651
vn -0.963900 0.262120 0.046788
v -0.188553 0.086037 0.040177
vn -0.842910 0.450253 0.294576
v -0.172774 0.112466 0.055180
vn -0.685339 0.596411 0.417857
v -0.168891 0.092416 0.098860
vn -0.594595 0.582944 0.553745
v -0.155009 0.105097 0.101311
vn -0.605603 -0.069926 0.792689
v -0.139569 -0.012613 0.169841
vn -0.635273 0.093810 0.766568
v -0.162343 0.005005 0.154735
vn -0.559386 0.286285 0.777900
v -0.139503 0.040845 0.160381
vn -0.451525 0.425394 0.784324
v -0.139937 0.063277 0.150707
vn -0.110985 0.577452 0.808846
v -0.122044 0.070186 0.152597
vn -0.444355 0.681446 0.581532
v -0.139011 0.135697 0.083584
vn -0.904049 -0.253414 -0.344203
v -0.153732 0.030340 -0.005365
vn 0.068181 -0.877314 -0.475050
v -0.068972 -0.050448 -0.022886
vn -0.009156 -0.968165 -0.250146
v -0.077314 -0.070573 0.026326
vn -0.179480 -0.977056 -0.114666
v -0.121168 -0.067154 0.055569
vn -0.214561 -0.954977 -0.204897
v -0.097338 -0.067549 0.024407
vn -0.532721 -0.074230 0.843029
v -0.129088 -0.019675 0.177818
vn -0.259176 0.370016 0.892141
v -0.122543 0.037743 0.170643
vn -0.511590 0.134097 0.848701
v -0.140466 0.008109 0.170027
vn -0.025409 0.406341 0.913368
v -0.086693 0.024632 0.181951
vn -0.410237 0.139332 0.901272
v -0.123786 -0.003286 0.179972
vn -0.072182 -0.974752 -0.211303
v -0.067481 -0.076587 0.057210
vn -0.187977 -0.979177 -0.076667
v -0.101743 -0.072009 0.071501
vn -0.329149 -0.886341 -0.325671
v -0.071121 -0.081613 0.085125
vn 0.162743 -0.880014 -0.446195
v -0.042302 -0.082166 0.075030
vn -0.676035 0.584918 0.448161
v -0.155254 0.122621 0.078919
vn -0.778235 0.534137 0.330224
v -0.170587 0.098188 0.086541
vn -0.886162 0.420379 0.194931
v -0.185390 0.081211 0.070218
vn -0.281881 0.649916 0.705799
v -0.130957 0.107591 0.113927
vn -0.492427 0.613287 0.617571
v -0.155050 0.097189 0.107147
vn -0.833276 0.397795 0.383941
v -0.195491 0.042879 0.098776
vn -0.563765 -0.352331 -0.747015
v -0.168872 0.012592 0.034795
vn -0.712350 0.282246 0.642569
v -0.175176 0.055712 0.124957
vn -0.930752 0.205750 -0.302271
v -0.197783 0.047481 0.040114
vn -0.536048 -0.343796 -0.771010
v -0.183894 0.041481 0.023126
vn -0.567864 0.455438 0.685644
v -0.164184 0.070032 0.129611
vn -0.673308 0.262954 0.691022
v -0.165635 0.026357 0.143261
vn -0.480198 -0.197648 0.854602
v -0.185421 -0.024009 0.132250
vn -0.719050 -0.061807 0.692204
v -0.231988 -0.019890 0.106392
vn -0.508676 -0.022366 0.860668
v -0.212323 -0.015472 0.121362
vn -0.521516 0.295708 0.800361
v -0.209808 -0.000271 0.120125
vn -0.499778 0.710676 0.495138
v -0.211885 0.018313 0.104338
vn -0.341049 -0.666988 0.662429
v -0.188015 -0.060457 0.110101
vn -0.351198 -0.764612 0.540397
v -0.206709 -0.067065 0.088917
vn -0.125526 -0.966907 0.222114
v -0.147399 -0.066923 0.115024
vn -0.379172 -0.839158 -0.389926
v -0.124824 -0.047234 -0.013936
vn -0.263589 -0.918505 -0.294736
v -0.133579 -0.054754 0.020992
vn -0.339686 0.017109 -0.940383
v -0.158103 -0.021320 0.038778
vn -0.931962 -0.191014 -0.308156
v -0.155816 -0.006083 0.027836
vn -0.616198 -0.441662 -0.652100
v -0.165038 0.031095 0.020320
vn -0.752558 -0.276983 -0.597442
v -0.181551 0.060060 0.013081
vn -0.797787 -0.358586 -0.484719
v -0.163647 0.061881 -0.010498
vn -0.780975 -0.286293 -0.555081
v -0.172743 0.078530 -0.008077
vn -0.979302 0.058557 -0.193750
v -0.186783 0.090752 0.014175
vn -0.859354 -0.180458 -0.478483
v -0.181235 0.079848 0.001335
vn 0.088734 -0.985166 0.146880
v -0.165877 -0.079518 0.074872
vn -0.891995 -0.241707 -0.381999
v -0.156925 0.013761 0.018553
vn 0.281340 -0.864552 -0.416411
v -0.050565 -0.050906 -0.016255
vn 0.112086 -0.947405 0.299766
v -0.149519 -0.071182 0.099312
vn 0.091970 0.106266 -0.990075
v -0.184040 0.015719 0.036761
vn -0.533102 0.842142 0.081238
v -0.235465 0.018828 0.052712
vn -0.848919 -0.084962 0.521649
v -0.247859 -0.019239 0.086534
vn 0.143805 -0.972825 -0.181472
v -0.197625 -0.080289 0.048639
vn 0.867128 -0.032933 -0.496995
v -0.186323 -0.035051 0.004365
vn -0.737396 0.671396 0.073989
v -0.249151 0.010981 0.033504
vn -0.506640 0.861044 -0.043800
v -0.244411 0.014296 0.024787
vn 0.197473 -0.948142 0.249060
v -0.221086 -0.084307 0.011349
vn -0.204441 -0.970016 0.131426
v -0.218265 -0.080235 0.056711
vn 0.854375 0.274579 -0.441192
v -0.180570 -0.017669 0.016138
vn 0.864597 -0.378117 -0.330907
v -0.189013 -0.057620 0.002302
vn -0.662141 0.749359 0.005454
v -0.252208 0.006686 0.002864
vn -0.935740 0.083889 0.342569
v -0.258960 -0.019207 0.063894
vn -0.005262 0.983371 -0.181530
v -0.216689 0.023952 0.028956
vn 0.273816 0.908421 -0.315904
v -0.219718 0.013285 -0.015205
vn -0.378545 0.921776 -0.083865
v -0.238911 0.016054 0.015279
vn -0.080684 0.967207 -0.240835
v -0.233242 0.013318 -0.018020
vn -0.904023 0.399542 0.152014
v -0.258631 -0.007583 0.049839
vn -0.806899 0.506433 0.304040
v -0.247715 0.001757 0.069556
vn -0.877297 -0.284834 0.386289
v -0.265124 -0.055338 0.008459
vn -0.698970 -0.541191 0.467497
v -0.241576 -0.060731 0.062866
vn -0.849403 -0.401138 0.342933
v -0.254625 -0.052775 0.047116
vn -0.661611 -0.703060 0.260725
v -0.247327 -0.068424 0.035998
vn -0.401958 -0.817801 0.411863
v -0.223973 -0.073602 0.068537
vn 0.382660 -0.917894 -0.105081
v -0.205619 -0.076406 0.023416
vn 0.587808 0.720243 -0.368417
v -0.209197 0.009364 -0.010207
vn 0.898511 0.185189 -0.397973
v -0.187274 -0.015057 0.002502
vn -0.123716 -0.962892 0.239863
v -0.227532 -0.078831 0.027003
vn -0.860760 0.490969 0.134316
v -0.260755 -0.005720 0.006425
vn -0.946461 0.222824 0.233583
v -0.268067 -0.023196 0.007114
vn -0.978837 -0.019500 0.203708
v -0.263510 -0.023163 0.046536
vn 0.791074 0.460454 -0.402721
v -0.201509 -0.005769 -0.020002
vn 0.714162 0.569626 -0.406816
v -0.192306 0.005871 0.019714
vn -0.381470 0.920287 -0.086902
v -0.250513 0.006514 -0.026893
vn -0.608592 0.791076 0.061755
v -0.257993 0.002117 -0.018566
vn 0.866492 -0.077530 -0.493134
v -0.207822 -0.052024 -0.032686
vn 0.884112 -0.190276 -0.426780
v -0.201990 -0.040948 -0.026456
vn 0.890297 0.097466 -0.444827
v -0.202492 -0.024289 -0.034362
vn -0.678926 -0.443423 0.585180
v -0.228162 -0.036298 0.101179
vn -0.778179 0.339616 0.528297
v -0.236996 0.000006 0.092722
vn -0.582229 -0.716335 0.384543
v -0.246532 -0.073974 0.017888
vn -0.192212 -0.876460 0.441444
v -0.242145 -0.089091 -0.000910
vn 0.550994 -0.834509 0.000497
v -0.214900 -0.083475 -0.008471
vn 0.378691 0.810032 -0.447707
v -0.236122 -0.004478 -0.065193
vn 0.011640 0.962796 -0.269980
v -0.242488 0.004551 -0.046457
vn -0.441616 0.887261 -0.133205
v -0.263905 0.000576 -0.056506
vn -0.256151 -0.892702 0.370770
v -0.272988 -0.098703 -0.033805
vn -0.664941 0.730530 -0.155495
v -0.325926 -0.054289 -0.143609
vn -0.811569 0.397796 0.427919
v -0.317125 -0.056594 -0.091984
vn -0.712197 0.695932 0.091950
v -0.313154 -0.043137 -0.104808
vn -0.342363 0.905777 -0.249709
v -0.284439 -0.021441 -0.108426
vn 0.088975 0.814682 -0.573042
v -0.272843 -0.023098 -0.115510
vn -0.050199 -0.926145 -0.373812
v -0.277078 -0.101534 -0.088984
vn 0.981027 -0.135968 -0.138195
v -0.263911 -0.092682 -0.118698
vn 0.595346 0.297995 -0.746165
v -0.283274 -0.076747 -0.161870
vn 0.952620 0.207568 -0.222330
v -0.264017 -0.088579 -0.139010
vn 0.820922 -0.322757 -0.471078
v -0.234798 -0.083775 -0.070520
vn -0.639202 0.763930 -0.088497
v -0.272884 -0.012126 -0.069749
vn 0.563935 0.575927 -0.591849
v -0.238233 -0.016594 -0.081342
vn 0.770792 0.196040 -0.606175
v -0.230357 -0.028333 -0.080485
vn 0.883778 -0.161401 -0.439189
v -0.252101 -0.070263 -0.110239
vn -0.128866 -0.988461 0.079616
v -0.280305 -0.103231 -0.063599
vn 0.242828 -0.961255 -0.130477
v -0.258948 -0.102161 -0.073830
vn 0.572570 -0.794079 -0.203967
v -0.238595 -0.094554 -0.062058
vn 0.113936 -0.986980 0.113528
v -0.259071 -0.100922 -0.037653
vn 0.396832 -0.917653 0.020898
v -0.233479 -0.094870 -0.030879
vn 0.680569 -0.623060 -0.385516
v -0.248374 -0.093118 -0.085716
vn 0.833088 -0.324133 -0.448220
v -0.217186 -0.076739 -0.047132
vn 0.835827 -0.270702 -0.477612
v -0.261309 -0.083810 -0.126016
vn 0.853417 -0.177729 -0.489992
v -0.238576 -0.052521 -0.089262
vn -0.846741 0.480929 0.227459
v -0.305015 -0.038040 -0.076776
vn -0.865746 -0.071231 0.495388
v -0.287658 -0.062154 -0.025248
vn -0.875814 0.441143 0.195811
v -0.297573 -0.035893 -0.049685
vn -0.729155 -0.039461 0.683210
v -0.313772 -0.096515 -0.082246
vn 0.791412 0.061927 -0.608138
v -0.242923 -0.036869 -0.097002
vn -0.689403 -0.550057 0.471339
v -0.297334 -0.096685 -0.058159
vn -0.837450 0.078959 0.540779
v -0.310835 -0.075095 -0.073737
vn 0.787221 0.147223 -0.598840
v -0.258738 -0.053409 -0.119870
vn 0.592434 0.465942 -0.657206
v -0.258356 -0.025822 -0.108869
vn -0.339105 0.902894 -0.264177
v -0.272430 -0.014495 -0.095143
vn -0.768034 0.630102 0.114434
v -0.283995 -0.015930 -0.039916
vn -0.878006 0.280736 0.387675
v -0.290069 -0.029981 -0.031782
vn 0.175843 0.873794 -0.453391
v -0.252853 -0.004736 -0.078192
vn -0.601525 0.798797 -0.009519
v -0.292366 -0.024454 -0.098726
vn -0.497354 -0.657965 0.565439
v -0.259359 -0.085278 -0.006831
vn 0.847380 0.155713 -0.507642
v -0.268694 -0.074970 -0.140534
vn 0.459961 0.585037 -0.667958
v -0.276706 -0.043862 -0.134535
vn -0.340337 0.874493 -0.345590
v -0.306634 -0.040987 -0.135276
vn -0.548890 -0.604819 0.576986
v -0.275877 -0.090958 -0.026790
vn -0.803565 0.540037 0.250287
v -0.266919 -0.008860 -0.006790
vn -0.866116 0.237021 0.440073
v -0.275674 -0.024145 -0.010219
vn 0.838333 -0.189614 -0.511120
v -0.228700 -0.045499 -0.076435
vn 0.853645 -0.177072 -0.489832
v -0.228917 -0.060344 -0.065827
vn 0.137244 -0.961625 0.237576
v -0.239831 -0.093735 -0.014145
vn 0.867002 -0.030044 -0.497398
v -0.213680 -0.033084 -0.055165
vn 0.726285 0.449301 -0.520230
v -0.220510 -0.012455 -0.058789
vn 0.872154 -0.290696 -0.393501
v -0.207826 -0.069136 -0.032856
vn 0.709240 -0.684023 -0.170563
v -0.218050 -0.083437 -0.033661
vn -0.727885 -0.362406 0.582105
v -0.283471 -0.073601 -0.023592
vn 0.111083 0.947167 0.300890
v -0.283331 -0.096606 -0.089924
vn -0.978596 -0.165269 -0.122625
v -0.348985 -0.099771 -0.130067
vn -0.911180 0.147970 0.384520
v -0.348813 -0.091573 -0.107102
vn -0.745329 0.569116 0.347263
v -0.338647 -0.068064 -0.111290
vn -0.842920 0.535977 0.047056
v -0.343711 -0.070428 -0.123911
vn -0.300851 0.825475 -0.477577
v -0.313840 -0.050165 -0.153933
vn 0.164261 0.539751 -0.825643
v -0.304981 -0.057287 -0.166139
vn 0.244832 -0.094308 -0.964968
v -0.305504 -0.095588 -0.174246
vn -0.763616 0.508559 -0.397817
v -0.329529 -0.065025 -0.158398
vn -0.940881 0.283574 -0.185281
v -0.349056 -0.083309 -0.131704
vn -0.948962 -0.303462 0.085924
v -0.342712 -0.126173 -0.109340
vn -0.365151 -0.684674 -0.630783
v -0.242152 -0.285105 -0.033996
vn 0.949093 0.216462 -0.228840
v -0.213309 -0.266630 -0.018139
vn 0.746515 -0.134513 -0.651630
v -0.226244 -0.259500 -0.046245
vn 0.588655 0.681464 0.434846
v -0.228731 -0.247446 0.005755
vn -0.180385 0.491976 0.851717
v -0.250056 -0.235917 0.001752
vn 0.826927 0.526930 0.196309
v -0.222418 -0.246351 -0.009864
vn 0.287325 0.623102 0.727453
v -0.249159 -0.221211 -0.009237
vn 0.618965 0.598180 0.508981
v -0.240731 -0.221317 -0.014727
vn 0.937320 0.076919 -0.339876
v -0.229353 -0.234664 -0.049024
vn 0.803166 -0.165771 -0.572228
v -0.236346 -0.231517 -0.064865
vn 0.390110 -0.485846 -0.782156
v -0.240000 -0.247424 -0.061495
vn -0.016233 0.465637 0.884827
v -0.267315 -0.184743 -0.030877
vn 0.754377 0.530350 0.386838
v -0.241425 -0.207862 -0.031532
vn 0.887098 0.408008 0.215840
v -0.238816 -0.203341 -0.046467
vn 0.965787 0.251477 -0.063368
v -0.234625 -0.212840 -0.053932
vn 0.673171 0.550772 0.493449
v -0.252540 -0.187458 -0.037436
vn 0.767130 0.469746 0.436865
v -0.251042 -0.179983 -0.047167
vn 0.936560 -0.059047 -0.345498
v -0.236880 -0.213656 -0.070890
vn 0.603458 -0.388372 -0.696424
v -0.247854 -0.212667 -0.086418
vn -0.860255 -0.499139 0.104023
v -0.287891 -0.221068 -0.058939
vn -0.904549 -0.311838 0.290772
v -0.262102 -0.255594 -0.015941
vn -0.831910 -0.173691 0.527026
v -0.290773 -0.204687 -0.048347
vn -0.881395 -0.197599 0.429066
v -0.271144 -0.235416 -0.025632
vn -0.764020 0.004099 0.645179
v -0.290630 -0.178704 -0.045503
vn -0.830972 -0.056571 0.553431
v -0.262886 -0.236655 -0.009777
vn -0.534284 0.207737 0.819381
v -0.274389 -0.191539 -0.029575
vn -0.590929 0.208683 0.779265
v -0.253368 -0.243730 0.003306
vn 0.108490 -0.569438 -0.814844
v -0.244172 -0.259547 -0.054489
vn 0.609895 0.676564 0.412661
v -0.267702 -0.095780 -0.105805
vn 0.712181 0.091651 -0.695987
v -0.274560 -0.086781 -0.157944
vn 0.299953 -0.358315 -0.884103
v -0.300514 -0.129928 -0.162577
vn 0.812294 -0.053939 -0.580748
v -0.264022 -0.117368 -0.140065
vn 0.544105 -0.236667 -0.804946
v -0.284501 -0.127782 -0.155211
vn 0.380672 -0.436611 -0.815144
v -0.288576 -0.145483 -0.150375
vn 0.827913 -0.044196 -0.559113
v -0.267884 -0.097119 -0.149573
vn 0.954885 0.105081 -0.277764
v -0.259306 -0.111627 -0.128975
vn -0.057785 0.208891 -0.976230
v -0.315527 -0.075922 -0.174905
vn -0.883577 -0.244546 -0.399361
v -0.342981 -0.107333 -0.141590
vn -0.879788 -0.401389 -0.254676
v -0.342057 -0.124903 -0.124688
vn -0.583152 0.514743 0.628468
v -0.339065 -0.096104 -0.089474
vn -0.784022 -0.111246 0.610683
v -0.328502 -0.129605 -0.075221
vn -0.598676 -0.007789 -0.800954
v -0.330357 -0.094651 -0.172335
vn -0.116058 -0.468349 -0.875888
v -0.314579 -0.130296 -0.165142
vn 0.004985 -0.592567 -0.805506
v -0.302646 -0.148606 -0.153173
vn -0.534037 -0.365283 -0.762478
v -0.329119 -0.113776 -0.168212
vn -0.823816 -0.500845 -0.265483
v -0.331779 -0.141245 -0.124231
vn -0.708353 -0.564085 -0.424316
v -0.321393 -0.149867 -0.140038
vn -0.628017 -0.535764 -0.564403
v -0.321169 -0.138747 -0.153405
vn -0.323385 -0.657011 -0.680999
v -0.314545 -0.150253 -0.148846
vn 0.137946 -0.629957 -0.764281
v -0.289952 -0.159067 -0.141413
vn 0.961864 0.270128 0.043000
v -0.255347 -0.124364 -0.112280
vn 0.856429 0.405309 0.319773
v -0.260064 -0.121206 -0.096095
vn 0.502966 0.532206 0.681016
v -0.258932 -0.183271 -0.034539
vn 0.982568 0.185523 -0.011909
v -0.239673 -0.183728 -0.080509
vn 0.718285 0.473694 0.509588
v -0.263146 -0.143023 -0.058788
vn 0.975025 0.155484 -0.158591
v -0.246254 -0.156218 -0.103186
vn 0.516578 0.650295 0.557013
v -0.280317 -0.105196 -0.076672
vn 0.398815 -0.502076 -0.767376
v -0.263032 -0.174589 -0.120598
vn -0.731824 -0.647539 -0.212428
v -0.286821 -0.221950 -0.068758
vn -0.808724 -0.170132 0.563046
v -0.308322 -0.178075 -0.065647
vn -0.421466 0.189491 0.886826
v -0.300042 -0.141474 -0.052225
vn -0.619974 0.044650 0.783351
v -0.287254 -0.171097 -0.042572
vn -0.388410 -0.718935 -0.576429
v -0.283520 -0.218401 -0.084349
vn -0.724564 -0.600935 -0.337467
v -0.318870 -0.167406 -0.117884
vn -0.028998 -0.654346 -0.755639
v -0.269589 -0.220582 -0.086564
vn -0.262095 -0.724840 -0.637113
v -0.298368 -0.183524 -0.116816
vn 0.083107 -0.666328 -0.741013
v -0.277077 -0.186003 -0.116507
vn -0.248525 -0.690504 -0.679293
v -0.305680 -0.162321 -0.140616
vn 0.139018 0.730679 0.668418
v -0.295412 -0.104285 -0.071432
vn 0.250988 0.508988 0.823369
v -0.279191 -0.137689 -0.051278
vn -0.202906 0.321352 0.924966
v -0.288936 -0.141944 -0.049265
vn -0.095305 0.473398 0.875677
v -0.303740 -0.114061 -0.063505
vn -0.183759 0.640171 0.745932
v -0.321609 -0.101263 -0.074763
vn 0.905853 0.361465 0.220846
v -0.246242 -0.163961 -0.077326
vn -0.757655 -0.638692 -0.134280
v -0.245320 -0.294450 -0.020563
vn 0.612475 -0.041481 -0.789401
v -0.215557 -0.286527 -0.034485
vn -0.605782 0.155347 0.780318
v -0.326368 -0.113455 -0.072902
vn -0.871573 -0.339786 0.353421
v -0.312439 -0.184794 -0.074461
vn -0.869418 -0.209625 0.447403
v -0.331797 -0.140417 -0.087265
vn -0.754677 -0.084127 0.650681
v -0.301827 -0.174556 -0.059167
vn -0.866186 -0.377548 0.327381
v -0.289946 -0.215108 -0.053851
vn -0.840970 -0.541075 0.002657
v -0.311579 -0.189858 -0.084927
vn -0.655972 -0.662879 -0.360960
v -0.305427 -0.190688 -0.103469
vn 0.152418 -0.608081 -0.779106
v -0.265594 -0.205768 -0.098364
vn 0.832037 -0.192996 -0.520064
v -0.246349 -0.175261 -0.106153
vn 0.969579 0.030450 -0.242878
v -0.242397 -0.177841 -0.094494
vn -0.842083 -0.535368 -0.065399
v -0.261776 -0.265577 -0.034893
vn -0.893794 -0.357597 0.270659
v -0.271208 -0.244828 -0.034652
vn 0.946986 0.121438 -0.297439
v -0.254358 -0.131329 -0.124016
vn 0.741450 -0.183825 -0.645338
v -0.254822 -0.155442 -0.124746
vn -0.094399 -0.738224 -0.667918
v -0.296922 -0.172290 -0.130329
vn -0.564003 -0.669962 -0.482753
v -0.315021 -0.163527 -0.133339
vn -0.853773 -0.498269 -0.150993
v -0.324697 -0.163813 -0.102638
vn -0.910040 -0.352276 0.218469
v -0.329127 -0.155865 -0.092889
vn -0.215993 0.656073 0.723129
v -0.230181 -0.260903 0.021289
vn -0.537489 0.463713 -0.704326
v -0.325472 -0.071139 -0.169952
vn -0.865960 0.159441 -0.474017
v -0.336441 -0.080017 -0.157268
vn -0.926405 -0.019567 -0.376020
v -0.346437 -0.092318 -0.141911
vn 0.490358 0.871436 -0.012203
v -0.214277 -0.261539 0.010770
vn 0.488942 -0.218094 -0.844613
v -0.174939 -0.341307 -0.003688
vn -0.623048 -0.762764 -0.173210
v -0.236389 -0.303860 -0.009451
vn -0.846405 -0.335243 0.413776
v -0.240959 -0.288929 0.015168
vn -0.746076 -0.072495 0.661903
v -0.221580 -0.293122 0.037176
vn 0.866885 0.271540 -0.418063
v -0.180238 -0.322333 0.033886
vn -0.114596 -0.586634 -0.801704
v -0.211454 -0.315221 -0.021842
vn 0.700802 0.630866 -0.332993
v -0.176414 -0.327565 0.008022
vn 0.725628 0.132736 -0.675163
v -0.195323 -0.301471 -0.021336
vn -0.297151 -0.897012 -0.327216
v -0.183604 -0.347966 0.002892
vn -0.706155 -0.643447 0.295501
v -0.206272 -0.326938 0.032920
vn 0.753824 0.522118 -0.398926
v -0.198250 -0.277025 -0.000803
vn 0.820354 0.565719 -0.083548
v -0.211007 -0.264911 -0.000239
vn 0.029734 0.998723 -0.040856
v -0.202458 -0.254286 0.037177
vn -0.382343 0.270302 0.883601
v -0.202754 -0.273594 0.057843
vn 0.604694 0.538258 -0.587046
v -0.181456 -0.263698 0.027245
vn 0.889247 -0.105593 -0.445073
v -0.178109 -0.284936 0.031179
vn 0.650952 -0.749342 0.121442
v -0.169598 -0.283892 0.052182
vn 0.397282 -0.215286 0.892087
v -0.141984 -0.284215 0.063289
vn 0.649026 0.742090 -0.167534
v -0.163626 -0.260248 0.049945
vn 0.219308 -0.974187 -0.053517
v -0.151175 -0.300490 0.052088
vn 0.505561 -0.045006 -0.861616
v -0.140484 -0.281890 0.043439
vn -0.298133 -0.799744 0.521082
v -0.193699 -0.331787 0.055575
vn 0.637788 -0.695955 -0.329959
v -0.148983 -0.309064 0.056837
vn -0.488758 0.141015 0.860947
v -0.194476 -0.311726 0.069623
vn 0.048553 -0.454945 0.889195
v -0.185601 -0.318672 0.074294
vn 0.437840 0.542281 0.717097
v -0.148646 -0.297396 0.065539
vn 0.201317 0.820602 -0.534867
v -0.162412 -0.286778 0.037025
vn -0.375647 0.888374 0.263973
v -0.165626 -0.292169 0.059328
vn 0.766579 0.242094 -0.594766
v -0.174397 -0.301239 0.052152
vn 0.161561 -0.147505 0.975777
v -0.160156 -0.318384 0.055187
vn -0.979314 0.187146 0.076943
v -0.173157 -0.305918 0.036572
vn 0.956745 -0.110817 -0.268997
v -0.142228 -0.317949 0.047210
vn 0.228127 -0.784203 -0.577047
v -0.155964 -0.324141 0.036579
vn -0.199889 -0.110192 -0.973603
v -0.171589 -0.308240 0.023080
vn -0.262037 0.927056 0.268149
v -0.165163 -0.290489 0.031948
vn 0.360546 0.921504 -0.144353
v -0.175071 -0.328821 0.027648
vn 0.218037 -0.796840 0.563477
v -0.181456 -0.339569 0.040503
vn 0.245131 -0.866634 0.434576
v -0.176905 -0.350334 0.027054
vn 0.591406 0.313063 0.743122
v -0.151050 -0.324421 0.035160
vn 0.467382 -0.392033 -0.792379
v -0.148859 -0.331977 0.020342
vn 0.214377 0.466176 -0.858325
v -0.167109 -0.308080 0.007929
vn -0.439732 0.783481 0.439081
v -0.171993 -0.303398 0.021225
vn 0.707107 0.707107 0.000000
v -0.189892 -0.317699 0.015282
vn 0.787511 -0.526871 -0.319740
v -0.160331 -0.345271 0.006254
vn 0.016993 0.836733 -0.547347
v -0.150798 -0.318133 0.004539
vn 0.161975 0.576507 0.800877
v -0.165168 -0.321031 0.012690
vn -0.250880 0.688482 0.680478
v 0.016992 0.124026 0.133400
vn -0.023623 0.751852 0.658909
v 0.056448 0.110738 0.161645
vn -0.631356 0.257121 0.731628
v 0.082197 0.076656 0.208686
vn 0.040194 0.405848 -0.913056
v 0.133501 0.054087 0.111622
vn 0.612255 -0.102548 -0.783982
v 0.156930 0.028845 0.112854
vn 0.656583 -0.452586 -0.603378
v 0.144578 -0.002120 0.112817
vn 0.638211 -0.079965 -0.765698
v 0.136897 0.017687 0.100198
vn 0.412140 0.130332 -0.901751
v 0.162284 0.054326 0.114778
vn -0.388605 0.124137 -0.913004
v 0.114685 0.061637 0.118992
vn 0.914542 0.077262 -0.397044
v 0.124001 0.022949 0.090393
vn 0.025184 0.556955 -0.830161
v 0.128597 0.046010 0.106388
vn 0.422249 0.809701 -0.407540
v 0.116637 0.048856 0.119767
vn 0.650557 -0.739379 -0.173480
v 0.090003 -0.026470 0.023268
vn 0.040362 0.462486 -0.885707
v 0.106424 0.076336 0.128561
vn 0.997075 -0.076331 0.003872
v 0.107116 0.101586 0.106837
vn 0.988057 0.017503 0.153089
v 0.106246 0.090122 0.115318
vn 0.976895 0.212462 -0.023158
v 0.106050 0.077104 0.122440
vn 0.886522 0.457942 -0.066093
v 0.098286 0.087361 0.139435
vn 0.369155 0.796577 0.478738
v 0.081996 0.126045 0.125356
vn -0.910697 -0.020248 -0.412578
v 0.079273 0.093095 0.166433
vn 0.065317 0.651945 0.755448
v 0.060742 0.084177 0.186970
vn -0.471393 0.642791 0.603828
v 0.072208 0.085052 0.179870
vn -0.479157 0.626743 0.614492
v 0.070055 0.072496 0.194456
vn -0.052038 -0.214824 0.975266
v 0.062730 0.021551 0.204892
vn 0.168533 -0.467355 0.867857
v 0.079583 -0.002565 0.196616
vn -0.382066 0.397708 0.834178
v 0.063536 0.062003 0.204442
vn -0.271848 0.134964 0.952829
v 0.058757 0.038194 0.206146
vn -0.279151 -0.032144 0.959709
v 0.072784 0.043385 0.212078
vn 0.055881 -0.175345 0.982920
v 0.114018 0.041732 0.218560
vn 0.342521 -0.459513 0.819468
v 0.119155 0.026561 0.211453
vn 0.448210 -0.573524 0.685695
v 0.132997 0.000812 0.185468
vn 0.594353 -0.667846 0.448025
v 0.144357 -0.010212 0.165653
vn 0.433357 -0.762655 0.480165
v 0.129187 -0.020871 0.164861
vn 0.286513 -0.686828 0.667965
v 0.116666 -0.012894 0.183193
vn 0.271008 -0.878836 0.392684
v 0.115058 -0.026600 0.165343
vn 0.211292 -0.608347 0.765029
v 0.111847 0.002972 0.196623
vn 0.349974 -0.932534 -0.088877
v 0.092232 -0.033474 0.107977
vn 0.574621 -0.778184 -0.253458
v 0.100802 -0.026662 0.093924
vn 0.654241 -0.495045 -0.571750
v 0.123496 -0.010633 0.098110
vn 0.699245 -0.707131 -0.104990
v 0.102530 -0.020536 0.069057
vn 0.736678 -0.615411 -0.280312
v 0.111382 -0.014494 0.087135
vn 0.771398 -0.395339 0.498649
v 0.124573 0.031571 0.095418
vn 0.983122 -0.161801 0.085388
v 0.125070 0.016759 0.085310
vn 0.881920 -0.245333 -0.402528
v 0.125070 0.004786 0.090703
vn 0.885333 -0.447816 -0.125085
v 0.118928 -0.002609 0.076853
vn 0.913777 -0.393463 -0.100990
v 0.169057 0.009633 0.140550
vn 0.835575 -0.537740 -0.112474
v 0.113121 -0.007783 0.047133
vn 0.892472 0.422839 -0.157167
v 0.109695 0.054656 0.109818
vn 0.967379 -0.191711 -0.165604
v 0.120220 0.006981 0.052372
vn 0.938840 -0.257241 -0.228922
v 0.115174 0.004023 0.031088
vn 0.966896 0.023745 -0.254063
v 0.114469 0.014962 0.021241
vn 0.945162 0.273647 -0.178286
v 0.119093 0.022801 0.051622
vn 0.972550 0.230861 -0.029161
v 0.106683 0.057533 0.040949
vn 0.483719 -0.869530 0.099670
v 0.135544 -0.026355 0.139470
vn 0.656538 -0.742915 -0.130515
v 0.147506 -0.018433 0.138123
vn 0.778195 -0.624139 -0.069730
v 0.158528 -0.007089 0.139809
vn 0.518760 -0.755175 -0.400748
v 0.133170 -0.021969 0.121972
vn 0.181197 -0.967707 0.175244
v 0.101961 -0.033126 0.155135
vn 0.077235 -0.948106 -0.308430
v 0.007126 -0.063117 0.038294
vn 0.997565 -0.066693 0.020399
v 0.108068 0.114149 0.071798
vn 0.923647 0.308383 0.227542
v 0.105768 0.113332 0.112782
vn 0.659635 0.675619 0.329272
v 0.092900 0.153573 0.060384
vn 0.575488 0.718720 0.390199
v 0.095961 0.127144 0.109944
vn -0.318180 0.568328 0.758791
v 0.024013 0.084357 0.176175
vn -0.421068 0.568072 0.707104
v 0.006600 0.081376 0.166158
vn 0.056366 0.785138 0.616750
v 0.037601 0.152628 0.109238
vn 0.368385 0.762824 0.531406
v 0.055015 0.177369 0.068370
vn 0.276434 0.783142 0.557021
v 0.053274 0.149150 0.107341
vn 0.458967 0.756275 0.466260
v 0.074314 0.148209 0.092731
vn 0.592728 -0.801552 -0.078657
v 0.087549 -0.033681 0.072845
vn 0.142309 -0.849034 -0.508812
v 0.025473 -0.041020 -0.015676
vn 0.280680 -0.944102 -0.172888
v 0.034689 -0.060061 0.043200
vn 0.451916 -0.891843 -0.019697
v 0.056408 -0.052959 0.062417
vn 0.544855 -0.829630 -0.121852
v 0.077188 -0.038816 0.037791
vn 0.392594 -0.919576 -0.015795
v 0.083054 -0.036073 0.139347
vn 0.533181 -0.845301 -0.034409
v 0.059496 -0.047832 0.094768
vn 0.402533 -0.896087 -0.187071
v 0.055953 -0.050995 0.036652
vn 0.995734 0.091516 0.011746
v 0.103329 0.072174 0.040615
vn -0.069240 0.081339 0.994279
v 0.024482 0.020137 0.205889
vn 0.281921 -0.918533 -0.277160
v 0.020786 -0.066503 0.062670
vn 0.258671 -0.932081 -0.253602
v 0.012122 -0.074450 0.071631
vn 0.193747 0.834840 0.515271
v 0.062608 0.127458 0.133850
vn 0.027751 0.789967 0.612522
v 0.054890 0.126543 0.136871
vn 0.543899 0.493985 0.678345
v 0.080234 0.100077 0.164062
vn 0.932111 0.355539 -0.069008
v 0.103946 0.059960 0.085637
vn 0.236139 0.810639 0.535820
v 0.065281 0.118177 0.150616
vn 0.732394 0.487108 0.475735
v 0.097200 0.111129 0.134730
vn -0.354448 0.647730 0.674397
v 0.019261 0.103342 0.157470
vn -0.106642 0.650788 0.751733
v 0.051850 0.100389 0.170730
vn -0.293977 0.467720 0.833556
v 0.046392 0.067211 0.192647
vn -0.321268 0.422255 0.847637
v 0.021604 0.058912 0.192386
vn -0.012811 -0.393711 0.919145
v 0.102778 0.025994 0.214553
vn 0.610263 -0.412256 0.676480
v 0.154213 0.026563 0.187151
vn 0.206575 -0.790162 0.577036
v 0.086530 -0.025589 0.175889
vn 0.798721 -0.461565 0.386008
v 0.164669 0.014604 0.167481
vn 0.448427 -0.881392 -0.148529
v 0.020027 -0.072693 0.089653
vn 0.087485 -0.906429 -0.413199
v -0.004173 -0.077134 0.076786
vn 0.612703 -0.790293 -0.005615
v 0.041733 -0.058043 0.111147
vn 0.850775 0.508650 -0.132123
v 0.117515 0.038992 0.079256
vn 0.938160 0.302717 -0.167985
v 0.122727 0.029182 0.077939
vn 0.485082 -0.865246 -0.126665
v 0.036851 -0.062003 0.071215
vn 0.989343 -0.108978 -0.096565
v 0.124752 0.016047 0.076752
vn -0.835280 0.135519 -0.532863
v 0.115261 0.050319 0.117380
vn -0.681663 0.409551 -0.606303
v 0.122706 0.037175 0.098636
vn 0.369070 0.278240 -0.886775
v 0.138096 0.037241 0.104890
vn 0.998948 -0.023283 -0.039503
v 0.099895 0.081101 0.079048
vn 0.990674 -0.136105 -0.006315
v 0.102319 0.092411 0.051191
vn 0.995983 -0.053661 -0.071682
v 0.102919 0.100783 0.007270
vn 0.985273 -0.157273 -0.067093
v 0.105615 0.112371 0.034842
vn -0.010248 -0.955817 -0.293783
v -0.010113 -0.070487 0.056879
vn 0.308530 -0.949875 -0.050468
v 0.119227 -0.033883 0.131586
vn 0.459962 -0.821329 -0.337423
v 0.066930 -0.038290 0.010380
vn 0.925501 0.366235 -0.096542
v 0.114390 0.037132 0.049448
vn 0.982942 0.041630 -0.179141
v 0.119485 0.015807 0.047050
vn 0.823603 -0.521045 -0.224031
v 0.108325 -0.008711 0.029933
vn 0.201734 -0.920319 -0.335135
v 0.032151 -0.050708 0.009619
vn 0.524228 -0.851514 0.010440
v 0.064007 -0.049687 0.116055
vn 0.451682 -0.887410 -0.092130
v 0.036247 -0.065353 0.081714
vn -0.003860 0.367652 -0.929955
v 0.145842 0.066442 0.114886
vn -0.229277 0.208443 -0.950780
v 0.120842 0.093289 0.127165
vn -0.443912 0.144134 -0.884402
v 0.123911 0.137171 0.133716
vn -0.687525 0.187641 0.701498
v 0.089809 0.113932 0.206451
vn 0.543554 0.258678 -0.798521
v 0.165864 0.067835 0.119633
vn 0.996541 0.046676 -0.068751
v 0.182399 0.074495 0.151214
vn 0.902036 0.098003 -0.420389
v 0.179559 0.076625 0.143892
vn 0.120789 0.033488 -0.992113
v 0.137816 0.100144 0.129649
vn 0.177085 0.136805 -0.974641
v 0.149195 0.099540 0.131333
vn -0.240225 0.046421 -0.969607
v 0.132624 0.123343 0.128007
vn 0.868387 -0.103101 -0.485050
v 0.174789 0.043179 0.130202
vn -0.987592 0.154459 0.028353
v 0.074301 0.114476 0.178492
vn -0.989762 0.102196 0.099639
v 0.072551 0.097291 0.186183
vn -0.350487 0.091394 0.932098
v 0.103823 0.138581 0.209456
vn 0.750942 -0.009542 0.660300
v 0.164910 0.089030 0.195097
vn -0.950045 -0.039674 -0.309581
v 0.074254 0.104323 0.175012
vn -0.908551 0.187493 0.373337
v 0.073003 0.085284 0.194059
vn -0.855846 0.167519 0.489351
v 0.081858 0.128945 0.192606
vn -0.277590 0.114680 0.953830
v 0.101707 0.094821 0.218852
vn 0.138962 -0.053760 0.988837
v 0.125851 0.070869 0.220222
vn 0.468410 -0.247951 0.848005
v 0.133753 0.048635 0.214191
vn 0.694005 -0.184914 0.695819
v 0.158408 0.061331 0.197572
vn -0.264857 0.050083 0.962986
v 0.096998 0.065240 0.216670
vn 0.176122 0.130894 0.975627
v 0.131224 0.104294 0.219121
vn 0.539042 -0.006116 0.842256
v 0.147614 0.090649 0.212095
vn 0.822750 -0.054792 0.565756
v 0.171945 0.080820 0.185707
vn 0.871932 0.102914 0.478690
v 0.168292 0.122171 0.187372
vn 0.836329 -0.236844 0.494427
v 0.173764 0.046086 0.174896
vn 0.962147 0.117726 0.245791
v 0.177297 0.101630 0.171939
vn 0.945803 -0.026923 0.323622
v 0.179676 0.074339 0.171167
vn 0.727699 0.037510 -0.684871
v 0.168472 0.110430 0.139606
vn -0.955477 0.107212 -0.274900
v 0.076612 0.123121 0.168540
vn -0.514422 0.127515 -0.848003
v 0.100266 0.093871 0.137489
vn 0.982034 -0.188674 -0.003498
v 0.179740 0.041971 0.149296
vn -0.012808 0.037970 0.999197
v 0.118575 0.132960 0.212157
vn 0.362294 0.004361 0.932054
v 0.137737 0.136693 0.209533
vn -0.689054 0.017491 -0.724499
v 0.094480 0.112209 0.142764
vn -0.808364 0.088747 -0.581956
v 0.084545 0.130581 0.153380
vn -0.960973 0.210133 0.179933
v 0.081136 0.148841 0.180656
vn -0.443755 0.144818 -0.884369
v 0.100493 0.144287 0.143460
vn 0.670574 -0.092078 0.736106
v 0.156240 0.146147 0.199641
vn -0.950862 0.242999 -0.191867
v 0.085476 0.164045 0.169077
vn 0.132425 -0.099340 -0.986202
v 0.149645 0.133236 0.125941
vn 0.527214 -0.126375 -0.840282
v 0.165011 0.138689 0.130076
vn 0.856531 -0.208558 -0.472079
v 0.174556 0.134156 0.140086
vn -0.044824 0.351323 -0.935181
v 0.127345 0.072878 0.123917
vn 0.777827 -0.364370 -0.512074
v 0.162812 0.009344 0.124962
vn -0.451479 0.251419 -0.856128
v 0.125863 0.177671 0.142002
vn 0.915065 0.001444 0.403304
v 0.171323 0.126110 0.178332
vn 0.406750 -0.018918 -0.913344
v 0.162877 0.146598 0.128435
vn 0.246586 0.094058 -0.964546
v 0.161240 0.188485 0.129601
vn -0.942410 0.302447 0.142791
v 0.093228 0.194344 0.184895
vn -0.487832 0.175855 -0.855041
v 0.138495 0.179731 0.130427
vn -0.837083 0.195614 0.510908
v 0.097049 0.192964 0.197380
vn 0.281204 -0.183898 0.941863
v 0.146145 0.172914 0.217246
vn 0.756269 -0.094969 -0.647331
v 0.183823 0.176332 0.142856
vn 0.915069 -0.214220 -0.341699
v 0.187918 0.167424 0.152351
vn -0.191418 0.118257 0.974358
v 0.164874 0.292222 0.210881
vn 0.058494 0.233056 0.970703
v 0.193975 0.289345 0.212245
vn -0.029368 0.010888 0.999509
v 0.171935 0.259000 0.211911
vn 0.717472 -0.494593 0.490522
v 0.221892 0.268693 0.198517
vn 0.919300 0.001844 -0.393553
v 0.196535 0.226583 0.158936
vn 0.350583 -0.226529 0.908722
v 0.179073 0.252643 0.210407
vn -0.326285 0.218668 0.919632
v 0.129610 0.237878 0.210327
vn -0.734205 0.406338 0.543904
v 0.118460 0.241947 0.200772
vn -0.887235 0.461302 -0.003859
v 0.113850 0.239615 0.190215
vn -0.688673 0.236299 -0.685486
v 0.137716 0.257309 0.157078
vn -0.874617 0.287686 -0.390234
v 0.137844 0.278257 0.166529
vn -0.859276 0.363136 -0.360247
v 0.145627 0.301281 0.159818
vn -0.573418 -0.036758 -0.818438
v 0.152929 0.281021 0.148037
vn 0.811093 -0.435482 -0.390491
v 0.204231 0.249629 0.170236
vn -0.809145 0.333823 0.483577
v 0.103666 0.210469 0.199168
vn -0.917864 0.380177 -0.113980
v 0.095827 0.202140 0.178551
vn -0.744844 0.413347 -0.523786
v 0.101070 0.204102 0.166748
vn -0.067281 0.292582 -0.953870
v 0.160765 0.224512 0.135973
vn -0.469952 0.280928 -0.836794
v 0.145312 0.222670 0.141244
vn 0.713097 0.052043 -0.699131
v 0.188954 0.212471 0.146380
vn 0.724999 -0.247152 0.642878
v 0.186048 0.215158 0.192795
vn 0.507984 -0.128989 0.851654
v 0.160552 0.188483 0.213512
vn 0.630518 0.059198 -0.773914
v 0.188177 0.243658 0.152979
vn 0.371488 0.179290 -0.910962
v 0.176491 0.223859 0.139302
vn 0.077145 0.124987 -0.989155
v 0.168071 0.248728 0.144189
vn 0.937305 -0.115763 -0.328723
v 0.194424 0.192765 0.156207
vn 0.534209 0.004331 -0.845341
v 0.173010 0.182590 0.134211
vn -0.380408 0.143097 -0.913681
v 0.149728 0.255731 0.147943
vn 0.503629 -0.101506 0.857936
v 0.169936 0.218429 0.209457
vn -0.817822 0.400812 -0.412938
v 0.119237 0.242049 0.174823
vn -0.362566 0.204704 0.909198
v 0.114832 0.206136 0.208254
vn -0.571936 0.344987 -0.744226
v 0.120177 0.218887 0.159288
vn 0.974967 -0.171795 0.141163
v 0.199239 0.219892 0.170479
vn -0.574586 0.165414 0.801554
v 0.106446 0.188878 0.208779
vn -0.450552 0.361438 -0.816312
v 0.113901 0.201678 0.153802
vn -0.320787 0.103526 0.941476
v 0.115637 0.183541 0.213515
vn -0.293516 0.134360 0.946465
v 0.152781 0.265019 0.208778
vn 0.105707 0.042056 0.993508
v 0.156503 0.204811 0.214410
vn 0.021478 0.094946 0.995251
v 0.144518 0.184559 0.217852
vn 0.809651 -0.414467 0.415550
v 0.200500 0.238662 0.193186
vn -0.893749 0.448413 0.011785
v 0.130493 0.268871 0.182899
vn -0.749291 0.355449 0.558765
v 0.133394 0.268148 0.195850
vn 0.964356 -0.254645 0.071929
v 0.191186 0.176153 0.164014
vn -0.826813 0.285817 -0.484447
v 0.090665 0.167322 0.158746
vn 0.754278 -0.109488 -0.647361
v 0.178042 0.154620 0.140760
vn 0.929057 -0.259840 -0.263319
v 0.178651 0.137505 0.148893
vn -0.557124 0.251645 -0.791383
v 0.099214 0.161296 0.147142
vn -0.107425 0.206500 -0.972532
v 0.150439 0.197813 0.129910
vn -0.031851 0.047138 -0.998380
v 0.147097 0.154524 0.125018
vn -0.616950 0.106137 0.779812
v 0.096161 0.149233 0.203883
vn 0.822482 -0.248202 0.511780
v 0.180256 0.167899 0.187635
vn 0.993715 -0.088934 -0.067977
v 0.175820 0.124029 0.157816
vn -0.106119 -0.029240 0.993923
v 0.132897 0.172682 0.217784
vn 0.384544 -0.901489 -0.198605
v 0.216447 0.260516 0.169375
vn -0.099252 -0.478003 -0.872732
v 0.178068 0.276774 0.143343
vn -0.716781 0.102556 -0.689716
v 0.154136 0.298837 0.144333
vn 0.111370 0.019831 0.993581
v 0.163580 0.235689 0.213905
vn 0.191180 -0.006756 0.981532
v 0.198493 0.279007 0.213585
vn 0.458977 -0.181258 0.869762
v 0.210023 0.273149 0.208465
vn -0.734084 0.430154 0.525440
v 0.143786 0.297659 0.197360
vn -0.498878 0.174213 0.848982
v 0.149299 0.285313 0.206006
vn 0.359963 -0.920154 -0.154087
v 0.331510 0.338429 0.043178
vn 0.364394 0.266543 0.892285
v 0.207560 0.295522 0.206771
vn 0.379970 0.443623 0.811678
v 0.225270 0.307129 0.194024
vn -0.811557 0.351248 -0.466904
v 0.328324 0.387321 0.019044
vn -0.616520 0.502247 -0.606342
v 0.280669 0.370555 0.066179
vn 0.399130 -0.916733 0.017188
v 0.354406 0.351869 0.010983
vn -0.278543 -0.727200 -0.627370
v 0.315979 0.342940 0.037766
vn -0.491308 -0.428420 -0.758335
v 0.297321 0.339459 0.051659
vn -0.541773 0.791322 -0.283357
v 0.288045 0.379181 0.068618
vn -0.642589 0.175565 -0.745825
v 0.275824 0.359690 0.065136
vn 0.085970 -0.848711 -0.521823
v 0.287433 0.316776 0.078904
vn -0.224767 -0.661351 -0.715608
v 0.281608 0.319773 0.075030
vn -0.405182 -0.399285 -0.822435
v 0.272994 0.328166 0.072468
vn -0.545181 0.668368 -0.506025
v 0.248952 0.362778 0.088347
vn -0.421054 0.889755 -0.176210
v 0.252398 0.367359 0.095264
vn 0.648831 0.351638 0.674810
v 0.291499 0.352833 0.121374
vn 0.714350 0.169288 0.679003
v 0.314771 0.360965 0.095531
vn 0.793712 -0.486547 0.365093
v 0.296251 0.328752 0.111347
vn 0.792399 -0.388918 0.469943
v 0.324684 0.346712 0.076327
vn 0.685364 -0.690770 0.230463
v 0.308728 0.327609 0.078472
vn 0.689557 -0.680478 0.247911
v 0.337766 0.344272 0.048076
vn 0.424853 0.591984 0.684876
v 0.330688 0.386237 0.068900
vn 0.378698 0.680647 0.627142
v 0.287920 0.364645 0.115815
vn 0.047603 0.899352 0.434627
v 0.279947 0.371033 0.107775
vn -0.235754 0.950849 0.200764
v 0.303566 0.387088 0.068486
vn -0.239398 0.961140 0.137471
v 0.279962 0.377969 0.088014
vn -0.702595 0.682450 -0.201550
v 0.159406 0.315468 0.156933
vn -0.604461 0.795908 -0.034033
v 0.177895 0.332905 0.159850
vn -0.466361 0.856927 0.219509
v 0.179291 0.333111 0.179796
vn -0.423505 0.902311 0.080492
v 0.192508 0.342388 0.159913
vn -0.723689 0.470971 -0.504442
v 0.158893 0.310682 0.145819
vn -0.587657 0.059487 -0.806921
v 0.179286 0.312932 0.127521
vn -0.445211 0.748948 0.490780
v 0.161442 0.316059 0.199128
vn 0.233336 -0.923324 -0.305005
v 0.238706 0.271427 0.141437
vn 0.116702 0.551413 0.826029
v 0.183840 0.319164 0.200845
vn -0.190433 0.923632 0.332626
v 0.199869 0.343353 0.169973
vn -0.019013 0.762359 0.646875
v 0.195076 0.332236 0.188679
vn 0.296698 0.517477 0.802613
v 0.214150 0.319712 0.190108
vn 0.253299 0.566940 0.783849
v 0.220192 0.333471 0.179942
vn 0.086106 0.793164 0.602890
v 0.209429 0.339969 0.177605
vn -0.702645 0.422891 -0.572235
v 0.185442 0.326748 0.125147
vn -0.629211 0.733285 -0.257655
v 0.201180 0.346346 0.123036
vn -0.421704 0.906487 0.021147
v 0.207802 0.350346 0.140207
vn -0.591033 0.091494 -0.801442
v 0.204829 0.334484 0.109746
vn -0.190311 -0.633876 -0.749655
v 0.240477 0.294742 0.103983
vn -0.395583 -0.410393 -0.821639
v 0.236385 0.309572 0.097048
vn -0.577042 0.275039 -0.769010
v 0.241472 0.351885 0.086822
vn -0.307695 0.949176 0.066250
v 0.236807 0.362664 0.114938
vn -0.445397 -0.254816 -0.858307
v 0.200215 0.308540 0.116816
vn 0.527198 0.409865 0.744361
v 0.265797 0.336597 0.153673
vn 0.834518 -0.414446 0.363062
v 0.270001 0.311235 0.145389
vn 0.696346 -0.717617 0.011278
v 0.276113 0.303433 0.105841
vn 0.509430 -0.853429 -0.110185
v 0.291127 0.315281 0.087361
vn 0.390364 0.645496 0.656469
v 0.265566 0.350104 0.146020
vn 0.109963 0.859320 0.499477
v 0.253329 0.356219 0.142338
vn 0.162462 0.772773 0.613537
v 0.229249 0.342878 0.169854
vn -0.073238 0.943504 0.323166
v 0.242652 0.360041 0.131855
vn 0.019248 0.867680 0.496751
v 0.219658 0.347115 0.165121
vn 0.203726 -0.651399 -0.730872
v 0.196470 0.267429 0.152656
vn -0.196728 -0.752379 -0.628668
v 0.214903 0.277474 0.128571
vn 0.137828 -0.846416 -0.514377
v 0.248783 0.289182 0.109192
vn 0.428805 -0.856025 -0.288699
v 0.260662 0.291519 0.111988
vn -0.412865 -0.339966 -0.844965
v 0.162874 0.287665 0.139740
vn -0.295754 -0.615926 -0.730181
v 0.203648 0.282390 0.129005
vn 0.596319 -0.785318 0.166370
v 0.236885 0.267920 0.172884
vn 0.756645 -0.624305 0.194248
v 0.278849 0.307892 0.115295
vn -0.101913 0.920431 0.377386
v 0.348336 0.422538 0.015339
vn 0.001033 0.865305 0.501244
v 0.331452 0.394164 0.055354
vn 0.592004 0.102119 0.799439
v 0.232988 0.298324 0.191826
vn 0.814089 -0.359775 0.455874
v 0.250370 0.286095 0.170455
vn 0.707631 0.191464 0.680147
v 0.277314 0.333906 0.145244
vn 0.761458 -0.080611 0.643182
v 0.261595 0.315181 0.164065
vn 0.611039 -0.787178 -0.083560
v 0.260069 0.285819 0.129065
vn 0.810636 -0.546162 0.211130
v 0.251684 0.280625 0.160123
vn 0.824738 -0.252141 0.506194
v 0.282165 0.327090 0.139136
vn -0.482997 0.846357 -0.224486
v 0.220380 0.355575 0.110857
vn -0.509837 -0.119342 -0.851953
v 0.234874 0.333670 0.090973
vn 0.746884 0.009699 0.664884
v 0.339781 0.374280 0.067902
vn 0.819027 -0.081659 0.567914
v 0.302693 0.343476 0.110688
vn -0.586995 -0.153064 -0.794989
v 0.279188 0.349503 0.061533
vn -0.626833 0.517277 -0.582670
v 0.211643 0.347726 0.109794
vn -0.204109 0.951879 0.228615
v 0.209080 0.348942 0.153709
vn 0.381382 0.519295 0.764775
v 0.239968 0.335463 0.170906
vn 0.377637 0.478113 0.792968
v 0.236350 0.320719 0.178665
vn 0.516081 0.367339 0.773771
v 0.249724 0.321844 0.172319
vn 0.811337 -0.442690 0.381782
v 0.366856 0.367856 0.025549
vn -0.823553 0.567087 0.013166
v 0.143460 0.301404 0.179432
vn -0.271052 0.417371 0.867371
v 0.165301 0.310109 0.206251
vn -0.671957 0.429597 -0.603258
v 0.358255 0.395228 -0.025221
vn 0.753215 -0.610346 0.245246
v 0.374434 0.365099 -0.010814
vn -0.815409 0.394367 -0.423772
v 0.344092 0.415123 -0.004094
vn 0.378628 0.760723 0.527201
v 0.356527 0.415658 0.025196
vn 0.875684 0.308796 0.371246
v 0.384869 0.412123 -0.015975
vn 0.745450 0.174824 0.643227
v 0.357506 0.389862 0.046992
vn 0.903153 -0.255538 0.344986
v 0.384245 0.384559 -0.009403
vn 0.568500 0.576992 0.586420
v 0.356079 0.402598 0.038622
vn 0.894473 0.037497 0.445546
v 0.372471 0.382345 0.024144
vn -0.539479 -0.840536 -0.049618
v 0.340595 0.352724 0.009874
vn -0.766799 0.419609 -0.485745
v 0.377291 0.399847 -0.047957
vn -0.690994 0.721937 -0.036516
v 0.326715 0.401140 0.037082
vn -0.857512 0.498098 0.128734
v 0.366626 0.435927 -0.024829
vn -0.993437 -0.107664 0.038626
v 0.327294 0.366377 -0.010819
vn -0.902682 0.313070 -0.295218
v 0.334397 0.392281 -0.000594
vn -0.845379 -0.155280 -0.511099
v 0.330263 0.371162 0.011726
vn -0.799197 0.459908 -0.387000
v 0.332782 0.369494 -0.039855
vn 0.292130 -0.956183 0.019359
v 0.355943 0.345280 -0.017671
vn 0.388373 -0.902027 -0.188453
v 0.357427 0.347581 -0.063084
vn -0.696629 -0.707064 -0.121528
v 0.332368 0.348558 -0.030995
vn -0.709218 -0.480404 -0.515967
v 0.350810 0.354506 -0.073146
vn -0.269106 0.960392 -0.072318
v 0.352385 0.371527 -0.073842
vn -0.121411 0.811650 -0.571388
v 0.362194 0.369811 -0.056805
vn 0.897805 -0.089927 -0.431113
v 0.367624 0.362773 -0.085945
vn -0.826704 0.160549 -0.539244
v 0.353566 0.384663 -0.100706
vn -0.223908 -0.857155 -0.463843
v 0.378606 0.363043 -0.062549
vn 0.416011 0.901566 -0.118802
v 0.388595 0.390155 -0.083888
vn 0.832974 -0.543177 -0.105417
v 0.393317 0.368518 -0.051043
vn 0.844905 -0.049516 -0.532620
v 0.391893 0.381066 -0.051968
vn 0.489295 -0.699330 -0.521083
v 0.379705 0.376045 -0.092966
vn -0.239229 0.808533 -0.537628
v 0.355864 0.389363 -0.100180
vn -0.707107 0.000000 0.707107
v 0.334280 0.393347 -0.080832
vn -0.989324 0.035257 0.141405
v 0.371566 0.389134 -0.081138
vn 0.488819 0.662209 -0.567922
v 0.377738 0.410915 -0.081063
vn 0.110871 -0.976644 -0.184050
v 0.373842 0.393251 -0.070646
vn 0.968629 0.174260 -0.177175
v 0.402213 0.391507 -0.044597
vn -0.266311 0.689471 0.673578
v 0.352212 0.411996 -0.064216
vn -0.642481 -0.055490 0.764290
v 0.338383 0.394951 -0.058775
vn -0.608225 0.241425 -0.756159
v 0.342217 0.409704 -0.078135
vn -0.840891 0.063957 -0.537412
v 0.369523 0.422482 -0.032548
vn 0.807556 0.299641 -0.508004
v 0.389985 0.404023 -0.044126
vn -0.078522 0.981342 0.175507
v 0.367696 0.431822 -0.056010
vn 0.922634 0.295657 -0.247655
v 0.394686 0.418301 -0.045731
vn -0.631473 -0.532200 -0.563919
v 0.379329 0.407169 -0.046080
vn -0.878143 0.119469 -0.463242
v 0.337647 0.424787 -0.057784
vn 0.077987 -0.479575 -0.874029
v 0.368872 0.417080 -0.067480
vn -0.458468 -0.639558 0.617068
v 0.353916 0.415127 -0.052703
vn 0.831990 0.521784 -0.188507
v 0.388816 0.423577 -0.034731
vn -0.430734 -0.191692 -0.881886
v 0.361384 0.440942 -0.048134
vn -0.096860 0.927606 0.360784
v 0.356814 0.446190 -0.034832
vn 0.662234 0.720927 0.204232
v 0.387666 0.433487 -0.029727
vn 0.707107 -0.707107 0.000000
v 0.336754 0.425003 -0.033891
vn -0.969468 0.119562 0.214094
v -0.196716 0.394891 -0.259605
vn -0.911550 0.281938 0.299311
v -0.194173 0.426311 -0.271459
vn -0.963559 0.063970 0.259732
v -0.182237 0.319097 -0.204926
vn -0.979392 -0.086917 0.182309
v -0.190011 0.336326 -0.234295
vn -0.957271 0.029666 0.287665
v -0.194003 0.370272 -0.240685
vn -0.285810 0.703697 0.650479
v -0.140492 0.450015 -0.237805
vn -0.136383 -0.759810 -0.635680
v -0.132484 0.291052 -0.308768
vn -0.976309 -0.214765 -0.026384
v -0.190109 0.329297 -0.255435
vn 0.710988 -0.304755 -0.633735
v -0.059878 0.369665 -0.331045
vn 0.996320 0.080937 0.028191
v -0.033945 0.415287 -0.296848
vn 0.934221 -0.090886 -0.344921
v -0.037867 0.401798 -0.312339
vn 0.791838 -0.240133 -0.561542
v -0.046866 0.383248 -0.319884
vn 0.936033 0.181766 0.301336
v -0.038399 0.424899 -0.276819
vn 0.810248 0.336699 0.479721
v -0.047291 0.438224 -0.265041
vn 0.654107 0.714380 0.248607
v -0.071396 0.434339 -0.233177
vn 0.385644 0.842913 0.375203
v -0.085110 0.442243 -0.229923
vn -0.657732 -0.554417 -0.509912
v -0.164491 0.324868 -0.324836
vn -0.393652 -0.627895 -0.671407
v -0.153196 0.335774 -0.346374
vn -0.932551 -0.257169 -0.253400
v -0.192918 0.374643 -0.316205
vn -0.917807 -0.316495 -0.239711
v -0.190387 0.350736 -0.298056
vn -0.278391 -0.666800 -0.691286
v -0.140247 0.334486 -0.350852
vn 0.023976 -0.667436 -0.744281
v -0.131125 0.335062 -0.353832
vn 0.271336 -0.598684 -0.753627
v -0.116384 0.342614 -0.356893
vn 0.590095 -0.380838 -0.711864
v -0.077036 0.376804 -0.351250
vn -0.993050 -0.070983 0.093879
v -0.198499 0.370522 -0.261140
vn -0.976415 -0.196483 -0.089489
v -0.197293 0.367810 -0.285131
vn -0.998119 0.023548 0.056599
v -0.199796 0.401319 -0.286441
vn -0.345262 -0.688335 -0.637957
v -0.150926 0.317695 -0.328647
vn -0.611678 -0.615222 -0.497345
v -0.159746 0.297589 -0.299435
vn -0.806695 -0.465486 -0.364095
v -0.175689 0.320297 -0.298795
vn -0.791533 -0.492366 -0.362010
v -0.168781 0.292558 -0.275467
vn -0.900308 -0.369705 -0.229701
v -0.182338 0.311004 -0.267818
vn 0.790855 -0.328485 -0.516378
v -0.043178 0.359133 -0.306079
vn 0.291635 -0.681967 -0.670724
v -0.107432 0.312747 -0.327357
vn -0.374360 0.631588 0.678934
v -0.155886 0.457734 -0.252232
vn -0.851908 -0.366757 -0.373820
v -0.183592 0.367320 -0.336266
vn -0.842934 0.343413 0.414162
v -0.186767 0.420221 -0.250808
vn 0.689440 0.424844 0.586669
v -0.057744 0.447476 -0.257089
vn -0.114285 -0.593513 -0.796669
v -0.135480 0.354631 -0.369259
vn -0.981093 -0.144605 -0.128633
v -0.199633 0.394997 -0.305799
vn -0.913918 0.082026 0.397525
v -0.187630 0.348142 -0.222555
vn 0.055220 -0.732256 -0.678787
v -0.122815 0.302790 -0.321640
vn 0.962631 0.115232 0.245078
v -0.039603 0.392045 -0.267945
vn 0.071356 0.850081 0.521796
v -0.108379 0.446855 -0.226531
vn 0.923401 -0.163137 -0.347443
v -0.044458 0.343352 -0.290483
vn 0.842826 0.084122 -0.531572
v -0.037900 0.345275 -0.271884
vn 0.882790 0.125723 -0.452631
v -0.032554 0.346985 -0.267114
vn -0.421716 -0.095250 -0.901711
v -0.056768 0.313684 -0.305364
vn -0.349355 -0.357305 -0.866189
v -0.063871 0.294697 -0.296448
vn 0.755862 0.042537 -0.653347
v -0.049105 0.337704 -0.299111
vn 0.128710 0.077665 -0.988636
v -0.052629 0.327434 -0.305237
vn -0.376359 -0.688870 -0.619526
v -0.083224 0.190401 -0.206426
vn -0.260523 -0.501600 -0.824939
v -0.075677 0.268097 -0.280031
vn -0.410265 -0.769727 -0.489084
v -0.145639 0.251738 -0.247432
vn -0.413892 -0.741929 -0.527480
v -0.117904 0.228858 -0.232429
vn 0.985272 -0.069761 -0.156117
v -0.035344 0.359339 -0.272735
vn -0.996667 -0.029355 0.076113
v -0.170215 0.262009 -0.127250
vn 0.201413 -0.442973 -0.873618
v -0.070916 0.310805 -0.304295
vn 0.486898 -0.534808 -0.690587
v -0.076032 0.328410 -0.322926
vn -0.221670 -0.794379 -0.565530
v -0.136611 0.257564 -0.262182
vn -0.689163 -0.607366 -0.395172
v -0.164658 0.272913 -0.257580
vn -0.846323 -0.456434 -0.274600
v -0.175401 0.280138 -0.243394
vn -0.950093 -0.303251 -0.073226
v -0.181230 0.278780 -0.212379
vn -0.895752 0.336128 0.290941
v -0.168775 0.322210 -0.152338
vn -0.943943 -0.328686 0.030618
v -0.176030 0.261593 -0.178810
vn -0.084638 0.545171 0.834041
v -0.099326 0.327406 -0.091269
vn 0.999375 0.002437 0.035256
v -0.033700 0.380032 -0.283984
vn 0.942513 0.302129 -0.142787
v -0.029206 0.398203 -0.221619
vn 0.887072 0.407755 0.216423
v -0.053253 0.414149 -0.243735
vn 0.656576 0.698447 0.284746
v -0.039386 0.405196 -0.170861
vn 0.465700 0.784123 0.410213
v -0.052342 0.410918 -0.164004
vn 0.263767 0.771042 0.579587
v -0.064785 0.409142 -0.152965
vn 0.172278 0.907616 0.382823
v -0.081632 0.431920 -0.183470
vn 0.617849 -0.301010 -0.726399
v -0.059008 0.331530 -0.308431
vn 0.926068 -0.223898 -0.303756
v -0.035828 0.365477 -0.297025
vn 0.929871 0.282941 -0.235125
v -0.037047 0.375036 -0.260932
vn -0.610678 -0.697467 -0.374984
v -0.158896 0.250819 -0.231726
vn -0.635477 -0.703779 -0.317592
v -0.147945 0.226467 -0.195441
vn -0.786429 -0.597880 -0.155140
v -0.158926 0.233885 -0.184466
vn -0.226147 -0.724183 -0.651473
v -0.112296 0.241869 -0.250093
vn -0.433057 0.512361 0.741585
v -0.126935 0.348678 -0.114204
vn -0.882158 -0.466348 -0.065700
v -0.174049 0.257435 -0.193480
vn -0.891632 -0.446984 -0.072091
v -0.164155 0.237548 -0.158901
vn -0.990383 -0.091188 0.104049
v -0.179513 0.278825 -0.174656
vn -0.062643 -0.662197 -0.746707
v -0.097290 0.261560 -0.272045
vn 0.080498 -0.588470 -0.804502
v -0.091609 0.283014 -0.288926
vn -0.544748 0.699640 0.462334
v -0.141394 0.429283 -0.202856
vn -0.353551 0.751515 0.556980
v -0.120196 0.426876 -0.178385
vn 0.021099 0.776486 0.629781
v -0.080844 0.409336 -0.150593
vn 0.541964 0.641157 0.543317
v -0.036741 0.384103 -0.141595
vn 0.898992 0.425768 0.102639
v -0.029531 0.400138 -0.187280
vn -0.352522 -0.667403 -0.655974
v -0.087204 0.216752 -0.235213
vn -0.356901 -0.570515 -0.739685
v -0.083381 0.240207 -0.258175
vn -0.568651 -0.376731 -0.731238
v -0.069685 0.257140 -0.278895
vn -0.729549 -0.210358 -0.650775
v -0.060155 0.274792 -0.296792
vn -0.622494 0.005601 -0.782605
v -0.053630 0.291915 -0.309081
vn 0.451371 0.665292 -0.594685
v -0.036864 0.327629 -0.279599
vn 0.229109 -0.561847 -0.794882
v -0.120633 0.358307 -0.370128
vn -0.402001 -0.566169 -0.719617
v -0.156298 0.358980 -0.364050
vn -0.691253 -0.470814 -0.548182
v -0.170255 0.360464 -0.353284
vn -0.953966 -0.171965 -0.245719
v -0.194735 0.403967 -0.335569
vn 0.461356 -0.478015 -0.747430
v -0.108734 0.356678 -0.363238
vn 0.447106 -0.507229 -0.736760
v -0.107078 0.353039 -0.359684
vn -0.290435 -0.676697 -0.676557
v -0.145111 0.331063 -0.343813
vn -0.114293 0.680959 0.723348
v -0.124667 0.468447 -0.251219
vn 0.184173 0.523102 0.832133
v -0.053956 0.336641 -0.100045
vn 0.645909 -0.384088 -0.659756
v -0.068933 0.341830 -0.325282
vn 0.302502 -0.668304 -0.679605
v -0.098754 0.295156 -0.301638
vn -0.301706 -0.735498 -0.606644
v -0.140954 0.277176 -0.287679
vn -0.460347 -0.734953 -0.497921
v -0.152290 0.268514 -0.269197
vn -0.044524 -0.762558 -0.645385
v -0.123039 0.262827 -0.271696
vn 0.165899 -0.727349 -0.665913
v -0.113080 0.282204 -0.293688
vn -0.246974 0.833819 0.493709
v -0.129658 0.446149 -0.227171
vn 0.721405 0.621999 -0.304454
v -0.035837 0.406956 -0.233645
vn -0.822634 0.264282 0.503416
v -0.183330 0.397758 -0.229326
vn -0.738206 0.427182 0.522081
v -0.157493 0.400203 -0.193317
vn -0.991248 -0.051933 0.121373
v -0.183865 0.304985 -0.211040
vn 0.761631 0.647816 0.015914
v -0.035025 0.409806 -0.211087
vn -0.620461 0.544478 0.564422
v -0.140711 0.407452 -0.176599
vn -0.047814 0.879876 0.472791
v -0.100856 0.432340 -0.181879
vn 0.384650 0.877959 0.285013
v -0.063702 0.428834 -0.191615
vn -0.971938 -0.225930 -0.065509
v -0.183243 0.293273 -0.229476
vn 0.578589 0.812445 0.071889
v -0.047166 0.420890 -0.202854
vn -0.921387 0.224300 0.317390
v -0.172367 0.337356 -0.185126
vn -0.883877 0.319591 0.341501
v -0.166407 0.343104 -0.173087
vn -0.183305 0.701939 0.688245
v -0.103862 0.413599 -0.158134
vn -0.802067 -0.559703 -0.208376
v -0.170438 0.255564 -0.214214
vn -0.968613 0.148933 0.199019
v -0.178072 0.304094 -0.174440
vn -0.745714 0.436036 0.503769
v -0.155160 0.331349 -0.130086
vn -0.088361 0.503271 0.859599
v -0.091742 0.351931 -0.105024
vn 0.310557 0.578198 0.754481
v -0.053961 0.377821 -0.125367
vn -0.977914 0.030803 0.206726
v -0.174249 0.285870 -0.142555
vn -0.542427 0.546385 0.638151
v -0.132057 0.316096 -0.097267
vn -0.719209 0.453993 0.525955
v -0.151951 0.303605 -0.106269
vn -0.894061 0.185181 0.407875
v -0.190484 0.387021 -0.237103
vn -0.890009 0.265105 0.370950
v -0.167187 0.305311 -0.131043
vn -0.845101 0.263573 0.465116
v -0.168693 0.361835 -0.190249
vn -0.723582 0.442147 0.530033
v -0.181131 0.433329 -0.251939
vn -0.833893 0.398522 0.381841
v -0.157665 0.352858 -0.162027
vn -0.744388 0.385510 0.545224
v -0.172792 0.402038 -0.216256
vn -0.718212 0.446935 0.533311
v -0.138218 0.375871 -0.148623
vn -0.590329 0.576100 0.565349
v -0.166191 0.424417 -0.228454
vn -0.402569 0.737152 0.542720
v -0.146286 0.438293 -0.226862
vn -0.454836 0.584376 0.672033
v -0.123683 0.392543 -0.148396
vn -0.204469 0.577756 0.790184
v -0.101870 0.362870 -0.113572
vn 0.030011 0.654890 0.755128
v -0.072714 0.387944 -0.128648
vn 0.056910 0.538543 0.840674
v -0.074019 0.368274 -0.115322
vn -0.447147 -0.473652 -0.758758
v -0.158359 0.381971 -0.379477
vn -0.292858 -0.544421 -0.786028
v -0.144903 0.377603 -0.381262
vn 0.460473 -0.453494 -0.763090
v -0.113405 0.383690 -0.383369
vn 0.214817 -0.511624 -0.831922
v -0.123001 0.380307 -0.385304
vn 0.593261 -0.390371 -0.704025
v -0.088266 0.397656 -0.370634
vn 0.688321 -0.323180 -0.649438
v -0.062639 0.402524 -0.349369
vn 0.978845 0.102942 -0.176823
v -0.038299 0.437189 -0.312754
vn 0.965056 0.253891 0.064852
v -0.040934 0.449188 -0.296778
vn 0.785450 -0.256202 -0.563408
v -0.052000 0.408127 -0.340466
vn 0.861994 0.397130 0.315048
v -0.048011 0.459953 -0.282308
vn -0.975721 0.167010 0.141689
v -0.196972 0.425472 -0.287794
vn -0.998615 0.040747 -0.033288
v -0.200112 0.424298 -0.319001
vn -0.805998 0.395757 0.440164
v -0.182770 0.453028 -0.272654
vn -0.577469 0.536246 0.615605
v -0.172750 0.459090 -0.265006
vn -0.892259 0.335275 0.302431
v -0.187774 0.455525 -0.290858
vn -0.277899 0.617207 0.736089
v -0.142830 0.468027 -0.255938
vn 0.087746 0.682899 0.725223
v -0.105613 0.473228 -0.255734
vn 0.663990 0.520747 0.536600
v -0.058780 0.467098 -0.272330
vn 0.500223 0.580379 0.642601
v -0.069183 0.459352 -0.255666
vn 0.911010 0.388499 0.138312
v -0.093465 0.645999 -0.459438
vn 0.598036 0.574424 0.558918
v -0.103359 0.647512 -0.440153
vn 0.688022 0.442726 0.574996
v -0.108873 0.668022 -0.452773
vn 0.798164 -0.066554 -0.598753
v -0.100244 0.639881 -0.483722
vn 0.718388 -0.231140 -0.656120
v -0.123979 0.647372 -0.514158
vn 0.729826 -0.132360 -0.670697
v -0.109511 0.627665 -0.491078
vn 0.894585 0.336903 0.293623
v -0.108340 0.680843 -0.467995
vn 0.991402 0.120884 -0.050091
v -0.105915 0.678369 -0.485191
vn -0.687722 0.266798 0.675172
v -0.180805 0.659209 -0.446640
vn -0.965390 -0.257947 -0.038535
v -0.187027 0.643481 -0.465331
vn -0.921818 -0.310745 -0.231709
v -0.180199 0.626371 -0.470142
vn -0.968650 0.052997 0.242709
v -0.187640 0.632733 -0.445425
vn -0.617341 0.240477 0.749040
v -0.177968 0.681800 -0.451047
vn -0.045373 0.444512 0.894623
v -0.147781 0.673470 -0.434149
vn 0.373314 0.552458 0.745270
v -0.126626 0.649527 -0.429347
vn -0.068294 0.546539 0.834644
v -0.145464 0.646184 -0.420736
vn -0.405642 0.356931 0.841460
v -0.157357 0.658491 -0.430240
vn 0.382784 0.427979 0.818725
v -0.129814 0.684951 -0.444981
vn 0.920609 0.375909 0.105698
v -0.077462 0.559544 -0.388020
vn -0.945369 0.217221 0.243088
v -0.181121 0.572374 -0.397367
vn -0.814581 0.409574 0.410739
v -0.173620 0.585282 -0.393540
vn -0.244736 0.716871 0.652840
v -0.143554 0.591975 -0.367039
vn 0.061717 0.732300 0.678180
v -0.127698 0.574871 -0.346117
vn 0.330755 0.721929 0.607799
v -0.110026 0.576392 -0.353243
vn 0.746563 0.580520 0.325024
v -0.089561 0.572799 -0.370183
vn 0.616554 0.649953 0.444323
v -0.084617 0.550834 -0.341770
vn -0.764869 0.479033 0.430700
v -0.174535 0.546795 -0.348025
vn -0.854774 0.373398 0.360465
v -0.179324 0.509792 -0.321081
vn -0.632773 0.516453 0.576952
v -0.167717 0.522381 -0.313108
vn -0.271646 0.611093 0.743487
v -0.144129 0.524229 -0.300198
vn 0.075554 0.677097 0.732005
v -0.120797 0.531795 -0.304745
vn 0.228612 0.690067 0.686691
v -0.105734 0.538427 -0.314118
vn 0.637633 0.609828 0.470673
v -0.078363 0.528056 -0.319040
vn 0.782037 0.530652 0.326842
v -0.065517 0.511297 -0.317707
vn 0.910151 0.401970 0.100230
v -0.057219 0.501359 -0.331200
vn -0.998921 0.043396 -0.016528
v -0.197479 0.448314 -0.334253
vn -0.974400 0.185863 0.126488
v -0.195001 0.459800 -0.320929
vn -0.911026 0.321431 0.258291
v -0.192246 0.465421 -0.315055
vn -0.876622 0.342791 0.337680
v -0.183656 0.479024 -0.296733
vn -0.151333 -0.515571 -0.843377
v -0.136666 0.380546 -0.386330
vn 0.967956 0.138966 -0.209167
v -0.045576 0.458220 -0.336067
vn 0.898909 -0.060102 -0.433993
v -0.050133 0.448161 -0.351555
vn 0.070954 0.645473 0.760480
v -0.118466 0.497630 -0.274458
vn 0.725582 0.556888 0.404235
v -0.061265 0.487996 -0.293249
vn 0.517985 0.624151 0.584916
v -0.073361 0.492857 -0.285760
vn 0.566448 -0.452675 -0.688638
v -0.096811 0.419055 -0.390060
vn -0.689355 -0.404289 -0.601116
v -0.172806 0.384508 -0.368338
vn 0.738955 -0.270611 -0.617022
v -0.071794 0.433781 -0.374189
vn 0.955633 0.293689 0.022620
v -0.045807 0.469245 -0.319635
vn 0.887578 0.426176 0.174868
v -0.051742 0.480897 -0.302976
vn 0.169422 0.656914 0.734683
v -0.105649 0.498474 -0.277892
vn 0.268646 0.667432 0.694524
v -0.084636 0.483206 -0.269642
vn -0.657965 0.495926 0.566691
v -0.172754 0.486595 -0.288315
vn -0.959292 -0.149852 -0.239381
v -0.195627 0.432706 -0.352747
vn -0.852745 -0.295252 -0.430873
v -0.185688 0.394023 -0.352508
vn 0.542265 -0.154568 -0.825868
v -0.107536 0.557023 -0.475324
vn -0.056214 -0.563752 -0.824029
v -0.127474 0.533480 -0.474668
vn -0.996769 0.080156 0.005185
v -0.184241 0.551664 -0.396635
vn -0.977838 0.023917 -0.207992
v -0.193679 0.495088 -0.388325
vn -0.852791 -0.086221 -0.515086
v -0.182883 0.512455 -0.417615
vn -0.978599 0.158091 -0.131727
v -0.186661 0.526236 -0.405182
vn -0.496131 -0.398456 -0.771419
v -0.148342 0.507012 -0.448951
vn 0.750537 -0.062130 -0.657901
v -0.097419 0.573477 -0.466624
vn 0.767688 -0.303275 -0.564517
v -0.083662 0.509777 -0.443145
vn 0.779065 -0.361202 -0.512436
v -0.083497 0.478905 -0.421561
vn 0.979274 0.154450 -0.131023
v -0.076258 0.561555 -0.418972
vn 0.863966 0.098843 -0.493754
v -0.088206 0.555183 -0.459772
vn 0.957616 0.065465 -0.280508
v -0.077927 0.545264 -0.438465
vn 0.905033 -0.225750 -0.360488
v -0.076977 0.481425 -0.409979
vn -0.705873 -0.299729 -0.641800
v -0.175061 0.468764 -0.411784
vn -0.863598 -0.267211 -0.427549
v -0.174631 0.572415 -0.438375
vn -0.858487 -0.360167 -0.365075
v -0.161211 0.549128 -0.458572
vn -0.792060 -0.200864 -0.576450
v -0.162920 0.530382 -0.444028
vn 0.911778 -0.012598 -0.410489
v -0.087975 0.576150 -0.451916
vn 0.755430 0.523577 0.393945
v -0.091493 0.595667 -0.403950
vn 0.924629 0.324517 0.199375
v -0.082494 0.585416 -0.416272
vn -0.481909 0.595010 0.643216
v -0.155212 0.617156 -0.401789
vn -0.663477 0.545690 0.511879
v -0.162738 0.587264 -0.378684
vn -0.838467 0.303417 0.452671
v -0.182201 0.600181 -0.418789
vn -0.919932 -0.322209 -0.223398
v -0.164866 0.563177 -0.470189
vn -0.930883 -0.276489 -0.238771
v -0.172899 0.603538 -0.465886
vn -0.096898 0.714469 0.692924
v -0.139838 0.616917 -0.395094
vn 0.243136 0.713630 0.656976
v -0.123941 0.617576 -0.397599
vn 0.582345 0.621137 0.524465
v -0.102638 0.607520 -0.399891
vn 0.879789 0.379300 0.286537
v -0.087574 0.622442 -0.439364
vn 0.836019 -0.130397 -0.532982
v -0.090839 0.603312 -0.468275
vn 0.991943 0.066678 -0.107716
v -0.082589 0.601471 -0.442343
vn -0.583125 0.388463 0.713486
v -0.172193 0.634390 -0.426713
vn -0.921217 0.312605 0.231599
v -0.187008 0.493687 -0.335810
vn -0.992580 0.117684 0.030593
v -0.196220 0.482007 -0.358062
vn -0.934122 0.294364 0.201908
v -0.192507 0.490468 -0.346108
vn -0.230197 -0.453216 -0.861165
v -0.141748 0.423938 -0.408463
vn 0.043820 -0.473020 -0.879961
v -0.130607 0.418190 -0.407336
vn 0.211381 -0.499010 -0.840421
v -0.119665 0.435225 -0.414259
vn 0.700791 -0.379243 -0.604208
v -0.083476 0.430200 -0.385084
vn 0.947657 0.130360 -0.291466
v -0.055318 0.482514 -0.358884
vn -0.463798 -0.417220 -0.781549
v -0.158736 0.435012 -0.407196
vn 0.534121 -0.513078 -0.671912
v -0.097718 0.443663 -0.409709
vn 0.396760 -0.524168 -0.753545
v -0.110683 0.437436 -0.412918
vn -0.702385 -0.342411 -0.624027
v -0.174301 0.442555 -0.398499
vn -0.975222 -0.085640 -0.203979
v -0.195484 0.468713 -0.371744
vn -0.858816 -0.249532 -0.447403
v -0.187604 0.455279 -0.386247
vn -0.364898 -0.517982 -0.773656
v -0.140023 0.516189 -0.459335
vn -0.654170 -0.449635 -0.608186
v -0.150824 0.536595 -0.464577
vn -0.418319 -0.572711 -0.704990
v -0.138714 0.532605 -0.471448
vn -0.908047 -0.259258 -0.328992
v -0.169129 0.564273 -0.442322
vn -0.854210 -0.456651 -0.248588
v -0.163216 0.557156 -0.463776
vn -0.991428 -0.080859 -0.102631
v -0.182954 0.584931 -0.422387
vn -0.904833 -0.064742 -0.420815
v -0.177216 0.553132 -0.426228
vn -0.667816 -0.234917 -0.706283
v -0.169158 0.504172 -0.431399
vn -0.944186 0.251811 0.212378
v -0.180594 0.530868 -0.347923
vn -0.951313 0.270284 0.148158
v -0.183655 0.522961 -0.369762
vn -0.958268 0.278709 0.063590
v -0.192020 0.508025 -0.380069
vn -0.877528 -0.185010 -0.442397
v -0.187331 0.479492 -0.399520
vn 0.483819 -0.436184 -0.758725
v -0.110053 0.412165 -0.396940
vn 0.297559 -0.455680 -0.838936
v -0.120164 0.408534 -0.400655
vn -0.021701 -0.495163 -0.868529
v -0.120802 0.457947 -0.427798
vn 0.539880 -0.485837 -0.687381
v -0.097701 0.473648 -0.433073
vn 0.192719 -0.544345 -0.816424
v -0.110294 0.464316 -0.432508
vn -0.214779 -0.463551 -0.859646
v -0.140292 0.460460 -0.428202
vn -0.121871 -0.512815 -0.849805
v -0.126654 0.497268 -0.451529
vn 0.097064 -0.481454 -0.871080
v -0.109791 0.498765 -0.453933
vn 0.477962 -0.437926 -0.761428
v -0.098267 0.503904 -0.452994
vn 0.940694 -0.130553 -0.313131
v -0.075392 0.520447 -0.427596
vn 0.982165 -0.031344 -0.185392
v -0.072654 0.516972 -0.412348
vn 0.981349 0.140961 -0.130709
v -0.067861 0.527595 -0.382576
vn 0.931061 0.362001 0.045623
v -0.064468 0.522671 -0.354498
vn 0.816371 0.521318 0.248528
v -0.075842 0.543947 -0.350912
vn -0.475392 -0.383749 -0.791668
v -0.158796 0.474818 -0.428179
vn -0.112191 0.634361 0.764852
v -0.131223 0.499914 -0.276263
vn -0.124107 0.684880 0.718009
v -0.138599 0.548411 -0.320361
vn -0.423806 0.564359 0.708440
v -0.157926 0.491533 -0.281479
vn -0.423657 0.571201 0.703024
v -0.156401 0.521842 -0.303240
vn -0.446189 0.633919 0.631714
v -0.153931 0.545585 -0.322645
vn -0.501950 0.636781 0.585283
v -0.153134 0.587670 -0.368336
vn 0.390607 0.680518 0.619936
v -0.092186 0.537252 -0.317979
vn 0.484907 0.695498 0.530233
v -0.100129 0.567917 -0.350228
vn 0.958648 0.269923 -0.090195
v -0.054229 0.491272 -0.345939
vn 0.961735 0.128848 -0.241794
v -0.085982 0.624465 -0.462652
vn 0.880065 -0.093576 -0.465542
v -0.082253 0.529600 -0.448020
vn 0.669074 -0.147058 -0.728501
v -0.092990 0.539454 -0.465121
vn 0.339565 -0.337666 -0.877882
v -0.100690 0.525687 -0.466036
vn 0.777637 -0.197606 -0.596852
v -0.057892 0.440923 -0.361805
vn 0.941300 -0.010413 -0.337411
v -0.069833 0.492577 -0.387086
vn 0.883188 -0.128309 -0.451127
v -0.070784 0.472301 -0.386113
vn 0.897301 0.034653 -0.440057
v -0.058669 0.476479 -0.368364
vn 0.955942 0.180344 -0.231625
v -0.061736 0.508424 -0.366522
vn 0.841800 -0.258082 -0.474095
v -0.075422 0.456325 -0.389616
vn -0.081863 -0.942243 -0.324773
v -0.159965 0.874678 -0.722512
vn -0.965962 -0.250560 -0.064317
v -0.189053 0.908856 -0.713452
vn -0.829328 0.387066 0.402981
v -0.188085 0.909249 -0.667451
vn -0.041448 0.716814 0.696031
v -0.158958 0.912668 -0.642647
vn -0.466469 -0.882795 0.055493
v -0.169558 0.882279 -0.740034
vn -0.807663 -0.568800 -0.155396
v -0.181526 0.888962 -0.720442
vn -0.989219 -0.139877 -0.043351
v -0.189777 0.897373 -0.676855
vn -0.887086 -0.393483 -0.241349
v -0.182784 0.879817 -0.702454
vn 0.867286 0.415514 0.274160
v -0.145668 0.908464 -0.652642
vn 0.960639 0.202006 0.190698
v -0.143027 0.913215 -0.681423
vn -0.457140 0.621306 0.636398
v -0.165540 0.928725 -0.660778
vn 0.146181 -0.817746 -0.556707
v -0.162066 0.860350 -0.696960
vn 0.644201 0.607972 0.464084
v -0.147323 0.900530 -0.637468
vn -0.983862 0.146195 0.103166
v -0.199279 0.928102 -0.695662
vn -0.550584 -0.731882 -0.401504
v -0.173993 0.878767 -0.717312
vn 0.039498 0.759573 0.649222
v -0.159620 0.815942 -0.527054
vn -0.647378 0.494963 0.579581
v -0.193166 0.785394 -0.513447
vn -0.619539 0.577989 0.531131
v -0.191099 0.801446 -0.527827
vn -0.297059 0.703459 0.645679
v -0.173817 0.812672 -0.526853
vn -0.333470 0.633853 0.697874
v -0.175479 0.791616 -0.506905
vn 0.009076 0.667272 0.744759
v -0.158817 0.791676 -0.503702
vn 0.266199 0.624754 0.734044
v -0.146839 0.788674 -0.504546
vn -0.992077 0.122619 -0.027331
v -0.203121 0.801030 -0.562814
vn -0.872218 0.407915 0.269892
v -0.201155 0.808918 -0.553851
vn -0.650162 0.373937 0.661408
v -0.193379 0.755772 -0.491538
vn 0.499987 0.594146 0.630082
v -0.126991 0.790495 -0.514474
vn 0.778075 0.528830 0.339026
v -0.115645 0.803804 -0.544598
vn 0.769720 0.461952 0.440603
v -0.113696 0.786623 -0.526865
vn 0.910549 0.398398 0.110359
v -0.107825 0.798389 -0.560468
vn 0.927454 0.297065 0.227114
v -0.104946 0.779248 -0.540807
vn 0.965843 0.129576 -0.224403
v -0.105660 0.788573 -0.573480
vn 0.994123 0.090599 -0.059251
v -0.101248 0.769086 -0.554825
vn 0.882940 -0.216832 -0.416415
v -0.105813 0.757554 -0.568040
vn 0.612386 -0.358560 -0.704569
v -0.116042 0.773724 -0.589582
vn 0.599440 -0.443163 -0.666541
v -0.115253 0.750445 -0.575253
vn 0.306106 0.764002 0.567978
v -0.148652 0.825163 -0.542096
vn 0.130903 0.784478 0.606183
v -0.157989 0.843704 -0.564964
vn 0.550795 0.699790 0.454884
v -0.130086 0.821846 -0.552284
vn -0.967593 -0.118711 -0.222870
v -0.205131 0.748370 -0.544000
vn -0.980398 -0.164173 -0.108936
v -0.205559 0.719343 -0.519884
vn 0.799670 0.539673 0.263214
v -0.134439 0.852484 -0.596416
vn 0.659205 -0.260782 -0.705295
v -0.122212 0.790165 -0.601453
vn 0.820345 -0.158911 -0.549347
v -0.110441 0.779488 -0.585089
vn 0.932447 0.090756 -0.349722
v -0.125110 0.829773 -0.610801
vn 0.971484 -0.055853 -0.230432
v -0.136659 0.863054 -0.648484
vn 0.600558 0.647562 0.469035
v -0.142709 0.861364 -0.596265
vn 0.940091 0.336535 -0.054522
v -0.124433 0.834612 -0.600128
vn 0.963269 0.268338 0.010343
v -0.132238 0.856175 -0.615961
vn -0.598721 -0.417355 -0.683628
v -0.184260 0.758459 -0.599043
vn -0.211397 -0.519739 -0.827758
v -0.171279 0.762998 -0.609672
vn -0.630050 -0.443703 -0.637311
v -0.182784 0.803180 -0.630737
vn -0.223507 -0.584243 -0.780195
v -0.171054 0.803016 -0.637763
vn -0.265030 -0.648302 -0.713767
v -0.170974 0.829985 -0.659878
vn -0.650691 -0.473096 -0.593953
v -0.181232 0.825973 -0.649118
vn -0.715816 -0.530359 -0.454232
v -0.178304 0.857265 -0.679291
vn 0.139625 -0.536959 -0.831973
v -0.158732 0.763694 -0.609836
vn 0.198732 -0.583539 -0.787393
v -0.160367 0.804785 -0.638741
vn 0.248916 -0.670794 -0.698624
v -0.161535 0.828226 -0.657556
vn 0.444307 -0.480866 -0.755883
v -0.146627 0.766000 -0.606519
vn 0.518788 -0.471545 -0.713095
v -0.150557 0.808021 -0.636330
vn 0.604626 -0.491320 -0.626923
v -0.152644 0.828770 -0.652144
vn 0.629426 -0.582916 -0.513840
v -0.152457 0.846002 -0.669981
vn 0.595076 -0.380655 -0.707804
v -0.135417 0.785618 -0.609881
vn 0.816043 -0.305803 -0.490468
v -0.140010 0.836591 -0.641875
vn 0.689110 -0.351879 -0.633489
v -0.137494 0.815686 -0.627644
vn 0.112555 0.747188 0.655013
v -0.160253 0.867646 -0.592970
vn -0.171436 0.766106 0.619429
v -0.172940 0.843002 -0.564725
vn -0.236132 0.739470 0.630417
v -0.171734 0.867633 -0.593574
vn -0.565761 0.648266 0.509574
v -0.188455 0.827775 -0.556019
vn -0.627650 0.624051 0.465420
v -0.181638 0.871638 -0.605763
vn -0.885959 0.408050 0.220389
v -0.194325 0.840458 -0.586616
vn -0.860273 0.416140 0.294547
v -0.185780 0.887684 -0.638902
vn -0.991940 0.028553 -0.123450
v -0.202027 0.799050 -0.575146
vn -0.994690 0.048314 -0.090869
v -0.194384 0.847268 -0.619709
vn -0.979860 -0.073623 -0.185617
v -0.191791 0.849376 -0.636265
vn -0.965507 -0.092798 -0.243278
v -0.199570 0.788615 -0.582763
vn 0.889006 -0.340452 -0.306205
v -0.144179 0.857125 -0.666629
vn -0.352043 0.714183 0.604986
v -0.168887 0.897894 -0.627480
vn -0.753970 -0.511334 -0.412392
v -0.182502 0.661518 -0.527313
vn -0.904903 -0.275074 -0.324785
v -0.193229 0.703226 -0.548195
vn -0.681523 -0.381532 -0.624468
v -0.183338 0.725001 -0.580726
vn -0.869334 -0.278300 -0.408421
v -0.193862 0.733067 -0.569797
vn 0.192013 -0.309052 -0.931460
v -0.133992 0.599086 -0.510120
vn -0.291512 -0.485751 -0.824055
v -0.154342 0.626125 -0.517536
vn 0.118617 -0.378036 -0.918161
v -0.143657 0.624649 -0.517046
vn 0.542101 -0.240034 -0.805302
v -0.130288 0.628436 -0.512106
vn 0.683919 -0.120632 -0.719515
v -0.117266 0.605422 -0.500752
vn 0.634568 0.383434 0.671046
v -0.123123 0.728565 -0.473220
vn 0.769382 0.379227 0.514040
v -0.112880 0.763569 -0.507837
vn 0.998016 -0.056414 0.027941
v -0.106398 0.696044 -0.498430
vn 0.944423 0.068221 -0.321576
v -0.106744 0.671675 -0.492299
vn 0.934815 -0.221646 -0.277480
v -0.110281 0.689663 -0.513020
vn -0.028346 -0.574846 -0.817771
v -0.158511 0.648611 -0.531698
vn -0.011526 -0.611385 -0.791249
v -0.166333 0.689786 -0.565280
vn -0.467978 -0.538067 -0.701057
v -0.178802 0.700680 -0.569510
vn 0.283089 -0.491231 -0.823743
v -0.147532 0.652676 -0.532887
vn 0.332119 -0.504182 -0.797181
v -0.156152 0.730461 -0.590352
vn 0.569525 -0.390167 -0.723472
v -0.140012 0.664777 -0.536597
vn 0.699052 -0.340650 -0.628716
v -0.132431 0.674235 -0.533442
vn -0.839238 -0.456696 -0.295141
v -0.175530 0.631459 -0.499947
vn -0.753047 -0.414051 -0.511354
v -0.169584 0.623640 -0.505138
vn -0.881448 -0.426681 -0.202467
v -0.185925 0.651858 -0.502769
vn -0.283816 0.541166 0.791573
v -0.175215 0.765797 -0.485985
vn -0.936060 -0.231244 -0.265175
v -0.202316 0.720126 -0.535597
vn -0.823275 0.101024 0.558580
v -0.193027 0.692978 -0.469300
vn -0.609711 0.275573 0.743177
v -0.188502 0.721465 -0.471518
vn -0.876424 0.156685 0.455336
v -0.202004 0.728479 -0.491128
vn -0.296870 0.413329 0.860829
v -0.171829 0.733814 -0.467692
vn -0.317023 0.375669 0.870844
v -0.167123 0.706716 -0.454913
vn 0.049532 0.458246 0.887444
v -0.147823 0.708109 -0.452411
vn 0.045737 0.495373 0.867475
v -0.155892 0.749883 -0.473950
vn 0.087447 0.585596 0.805872
v -0.157303 0.771579 -0.487386
vn 0.251555 0.537799 0.804669
v -0.144991 0.759095 -0.482177
vn 0.462885 0.526079 0.713427
v -0.127312 0.767099 -0.495167
vn 0.732287 0.360546 0.577722
v -0.119791 0.697765 -0.458939
vn 0.914153 0.182712 0.361857
v -0.109743 0.704883 -0.480119
vn 0.818250 0.262505 0.511427
v -0.112961 0.726133 -0.483371
vn 0.948348 0.124590 0.291743
v -0.106607 0.720623 -0.495638
vn 0.930812 0.215329 0.295333
v -0.104271 0.758181 -0.522763
vn -0.876284 0.256917 0.407578
v -0.204192 0.753301 -0.507635
vn -0.680738 -0.562823 -0.468856
v -0.154593 0.550031 -0.473124
vn -0.729690 -0.482679 -0.484327
v -0.158234 0.558769 -0.480810
vn -0.335194 -0.552172 -0.763381
v -0.146846 0.555188 -0.487258
vn 0.232234 -0.416779 -0.878842
v -0.112497 0.533312 -0.470584
vn -0.425038 -0.378200 -0.822379
v -0.153263 0.597680 -0.506770
vn 0.097014 -0.482001 -0.870783
v -0.134944 0.555452 -0.489638
vn 0.555901 -0.292416 -0.778118
v -0.120221 0.569302 -0.491636
vn -0.890308 -0.295351 -0.346582
v -0.166883 0.584367 -0.482749
vn 0.410279 0.517170 0.751137
v -0.156967 0.950928 -0.676284
vn -0.911658 -0.277807 -0.302826
v -0.183673 0.868797 -0.678598
vn -0.888487 -0.243313 -0.389089
v -0.189199 0.822381 -0.633422
vn -0.933978 -0.337706 -0.116792
v -0.192864 0.666343 -0.495699
vn -0.355294 -0.727938 -0.586406
v -0.170604 0.858418 -0.691333
vn 0.670760 -0.644920 -0.366278
v -0.151507 0.860777 -0.688360
vn -0.658212 0.596400 0.459417
v -0.177146 0.905174 -0.645530
vn -0.986161 0.149477 0.071709
v -0.190418 0.885012 -0.653189
vn -0.972073 0.224688 0.067741
v -0.192586 0.856738 -0.617144
vn -0.862300 -0.260746 -0.434108
v -0.193829 0.767511 -0.590910
vn -0.181367 -0.519521 -0.834987
v -0.170242 0.717267 -0.584583
vn 0.508434 -0.486444 -0.710541
v -0.131112 0.743135 -0.579975
vn 0.377850 -0.521616 -0.764949
v -0.156048 0.713866 -0.578913
vn 0.880111 -0.295562 -0.371549
v -0.104061 0.738745 -0.553050
vn 0.999490 -0.020243 -0.024679
v -0.100011 0.748907 -0.537658
vn -0.970788 -0.238236 -0.028545
v -0.202063 0.697978 -0.504801
vn -0.938875 -0.288475 -0.187874
v -0.198649 0.690647 -0.514956
vn -0.887402 -0.370575 -0.274213
v -0.192288 0.680381 -0.528274
vn -0.750490 -0.435828 -0.496808
v -0.185916 0.692383 -0.555099
vn -0.513636 -0.580121 -0.632169
v -0.169531 0.644633 -0.523842
vn 0.391780 -0.515962 -0.761768
v -0.152952 0.694154 -0.563527
vn 0.591119 -0.444285 -0.673193
v -0.134361 0.708460 -0.556300
vn 0.538928 -0.507400 -0.672385
v -0.125446 0.707020 -0.547984
vn 0.886844 -0.346453 -0.305742
v -0.105371 0.721325 -0.538498
vn 0.995581 -0.085893 0.037950
v -0.101886 0.727460 -0.520967
vn -0.897742 0.090196 0.431190
v -0.186164 0.660215 -0.454191
vn -0.975570 -0.059858 0.211378
v -0.205546 0.720410 -0.498943
vn -0.995109 0.048502 0.086056
v -0.208041 0.753607 -0.521168
vn -0.911600 0.301862 0.279041
v -0.205734 0.779058 -0.529937
vn 0.222963 0.476762 0.850286
v -0.144034 0.724933 -0.462755
vn 0.544349 0.678027 0.493926
v -0.126621 0.810071 -0.536937
vn 0.719785 0.618840 0.314558
v -0.118896 0.814806 -0.558737
vn 0.351413 0.481504 0.802909
v -0.131883 0.738302 -0.473341
vn 0.285969 0.701231 0.653067
v -0.143637 0.810947 -0.526974
vn 0.366028 0.748158 0.553429
v -0.143079 0.835176 -0.559155
vn 0.374041 0.713687 0.592236
v -0.150421 0.862938 -0.591322
vn 0.423801 0.674706 0.604289
v -0.152788 0.902862 -0.634560
vn 0.716273 -0.430607 -0.549118
v -0.118830 0.686555 -0.524776
vn 0.825538 -0.183936 -0.533530
v -0.112629 0.664266 -0.503919
vn 0.641625 -0.487927 -0.591815
v -0.114247 0.724094 -0.554652
vn 0.994025 -0.085905 0.067347
v -0.129472 0.900501 -0.709925
vn 0.997550 -0.069831 -0.004239
v -0.140774 0.882759 -0.673664
vn 0.958098 0.048468 -0.282309
v -0.131551 0.846910 -0.627490
vn 0.780890 -0.197797 -0.592526
v -0.128518 0.811505 -0.615214
vn 0.986965 0.159615 -0.020567
v -0.139938 0.890255 -0.663888
vn 0.904641 -0.419932 -0.072680
v -0.141139 0.875622 -0.688541
vn 0.867821 0.430948 0.247326
v -0.137829 0.875076 -0.623509
vn -0.360341 0.505844 0.783758
v -0.163070 0.957280 -0.679604
vn 0.890713 0.160275 0.425373
v -0.150217 0.943932 -0.685291
vn 0.663095 -0.686415 -0.298562
v -0.141430 0.879261 -0.713819
vn -0.999445 0.009811 0.031836
v -0.190918 0.930807 -0.727474
vn 0.677021 -0.707328 0.203295
v -0.148303 0.882530 -0.755572
vn -0.948369 -0.230379 0.217994
v -0.194653 0.904830 -0.755560
vn 0.305322 -0.952171 -0.012227
v -0.159457 0.878965 -0.742469
vn -0.852347 -0.500890 0.150376
v -0.187331 0.895217 -0.737490
vn -0.978525 -0.119310 0.168087
v -0.191031 0.919689 -0.732882
vn -0.754310 0.460362 0.468062
v -0.178667 0.954538 -0.703132
vn 0.855695 -0.512658 0.070490
v -0.142742 0.889020 -0.757628
vn 0.894677 -0.431927 -0.113983
v -0.136362 0.899566 -0.728359
vn 0.984237 -0.031643 0.173999
v -0.133635 0.930271 -0.721192
vn 0.881956 -0.048614 0.468819
v -0.136580 0.962280 -0.705144
vn -0.417567 -0.579310 0.700027
v -0.203175 0.872655 -0.837207
vn -0.504412 -0.826273 0.250683
v -0.190544 0.871817 -0.819598
vn 0.047349 -0.949157 0.311221
v -0.154928 0.853248 -0.821647
vn -0.882333 -0.232238 0.409333
v -0.214382 0.909729 -0.804622
vn 0.907107 -0.400511 0.129415
v -0.139044 0.857042 -0.834244
vn -0.442291 -0.872824 0.206292
v -0.167830 0.862813 -0.804989
vn 0.352790 0.701587 -0.619124
v -0.187816 0.910163 -0.825926
vn 0.219647 0.770838 -0.597967
v -0.175172 0.894998 -0.839250
vn 0.660013 0.691643 -0.293281
v -0.144379 0.890147 -0.825705
vn 0.327478 0.835679 -0.440906
v -0.159790 0.896089 -0.829213
vn 0.482570 0.729488 -0.484741
v -0.144068 0.883404 -0.844886
vn 0.362689 0.747595 -0.556380
v -0.172787 0.908837 -0.815526
vn 0.977972 0.180994 -0.103985
v -0.140002 0.887530 -0.808891
vn -0.010915 0.791577 -0.610971
v -0.195288 0.937428 -0.799492
vn 0.343276 0.654699 -0.673447
v -0.179730 0.935466 -0.797225
vn -0.096522 0.785938 -0.610725
v -0.206355 0.924171 -0.815581
vn 0.969112 0.008453 -0.246475
v -0.133502 0.907804 -0.775019
vn 0.904560 0.280949 -0.320686
v -0.138660 0.901482 -0.788490
vn 0.559916 0.531990 -0.635201
v -0.150427 0.919816 -0.789785
vn 0.429618 0.559612 -0.708705
v -0.168471 0.938757 -0.786212
vn 0.721975 0.591076 -0.359696
v -0.145516 0.896944 -0.814548
vn 0.416005 0.733558 -0.537431
v -0.158836 0.905632 -0.811984
vn 0.924076 0.134689 -0.357690
v -0.130621 0.937747 -0.753898
vn 0.687398 0.516087 -0.511017
v -0.146545 0.911518 -0.793597
vn 0.625151 0.363006 -0.690951
v -0.142282 0.936827 -0.771175
vn 0.921054 -0.369299 0.123602
v -0.141500 0.882839 -0.789054
vn 0.613711 -0.716420 0.331816
v -0.148188 0.864482 -0.804843
vn 0.945488 -0.318996 0.065534
v -0.132248 0.909952 -0.747656
vn 0.997827 -0.064849 -0.011687
v -0.129728 0.924553 -0.753339
vn 0.982733 -0.143526 -0.116778
v -0.138903 0.889525 -0.793239
vn -0.430746 -0.869631 0.241245
v -0.172211 0.874681 -0.765868
vn 0.368781 0.718478 -0.589737
v -0.135771 0.983164 -0.737401
vn 0.457629 0.603547 -0.652921
v -0.171788 0.922361 -0.801350
vn 0.351730 0.557471 -0.752005
v -0.148628 0.959011 -0.762712
vn 0.775977 0.337554 -0.532839
v -0.127743 0.971429 -0.742324
vn 0.140516 0.716003 -0.683809
v -0.156864 0.983880 -0.743485
vn 0.199518 0.704770 -0.680802
v -0.178768 0.950388 -0.780589
vn -0.523197 0.775890 -0.352506
v -0.207692 0.930928 -0.803907
vn -0.192988 0.785683 -0.587756
v -0.185214 0.955748 -0.774438
vn -0.971124 -0.063274 0.230034
v -0.197224 0.918142 -0.759817
vn -0.639014 -0.737436 0.218743
v -0.181620 0.881302 -0.764687
vn 0.076163 -0.948586 0.307221
v -0.159711 0.867889 -0.778188
vn -0.238636 0.749673 0.617287
v -0.160341 0.992870 -0.701678
vn -0.567769 0.790525 0.229586
v -0.167052 0.998930 -0.718723
vn -0.781515 0.408856 0.471245
v -0.171529 0.988285 -0.709393
vn -0.907134 0.355452 0.225302
v -0.184387 0.979518 -0.728031
vn 0.142643 0.989773 -0.001715
v -0.152197 1.000965 -0.718798
vn 0.331715 0.655720 0.678231
v -0.146663 0.991293 -0.702665
vn -0.934874 0.277101 0.221868
v -0.186874 0.952200 -0.721778
vn -0.928272 0.351038 0.122815
v -0.211699 0.926067 -0.795893
vn -0.869909 0.462468 -0.171410
v -0.220422 0.910708 -0.823441
vn -0.923982 0.377717 0.059889
v -0.195969 0.950960 -0.765727
vn -0.665307 0.689111 -0.287216
v -0.192179 0.954351 -0.770536
vn -0.962211 0.086632 0.258157
v -0.194013 0.946129 -0.752364
vn -0.924167 -0.255655 0.283823
v -0.200467 0.906865 -0.780853
vn -0.916893 -0.104286 0.385269
v -0.209796 0.921690 -0.788998
vn -0.833108 -0.475962 0.281763
v -0.196421 0.894308 -0.785300
vn -0.634671 -0.733743 0.242516
v -0.185063 0.877873 -0.792511
vn 0.968713 -0.224731 0.105311
v -0.134072 0.909261 -0.735444
vn 0.896395 0.415961 -0.153139
v -0.126735 0.980619 -0.729043
vn 0.923111 0.095984 0.372361
v -0.127904 0.976621 -0.717835
vn 0.997783 -0.053834 0.039133
v -0.124960 0.961965 -0.731101
vn 0.765319 0.245011 0.595195
v -0.136872 0.983546 -0.705816
vn 0.964968 -0.142018 0.220606
v -0.129401 0.948466 -0.726133
vn 0.695506 0.708897 0.117200
v -0.135035 0.993806 -0.719474
vn -0.914964 -0.134238 0.380554
v -0.201084 0.925550 -0.771965
vn 0.921487 0.143940 0.360753
v -0.138408 0.924399 -0.704270
vn -0.145745 0.874389 -0.462820
v -0.171731 0.996196 -0.731454
vn -0.721408 0.662534 -0.201543
v -0.179930 0.988082 -0.737080
vn -0.202206 -0.742204 0.638942
v -0.155043 0.849253 -0.838275
vn 0.968820 0.220963 -0.112082
v -0.135894 0.873586 -0.838701
vn -0.675175 0.137574 -0.724715
v -0.222743 0.879533 -0.856949
vn -0.807065 -0.423132 0.411833
v -0.223400 0.882933 -0.837143
vn 0.394712 -0.870059 -0.295295
v -0.201895 0.828977 -0.861403
vn -0.259594 -0.395779 0.880891
v -0.190190 0.841604 -0.845134
vn -0.339418 0.035442 -0.939968
v -0.192081 0.841783 -0.855123
vn 0.054712 0.400283 -0.914757
v -0.180870 0.879404 -0.858306
vn -0.297293 -0.218107 -0.929541
v -0.201352 0.863383 -0.859783
vn 0.103223 0.515977 -0.850360
v -0.163636 0.877835 -0.856781
vn -0.042025 -0.046576 -0.998030
v -0.163342 0.854188 -0.865605
vn -0.072419 0.719375 -0.690837
v -0.210755 0.902280 -0.844233
vn -0.863264 -0.486140 -0.135807
v -0.215441 0.861633 -0.853126
vn 0.346066 -0.907923 0.236462
v -0.185931 0.820149 -0.857386
vn 0.765718 0.109197 -0.633839
v -0.141611 0.862465 -0.861622
vn 0.038829 0.430432 -0.901787
v -0.196421 0.879919 -0.859046
vn 0.066141 -0.013509 -0.997719
v -0.184658 0.829276 -0.862799
vn 0.527081 -0.281382 -0.801879
v -0.148557 0.836821 -0.861283
vn -0.135215 -0.106883 -0.985035
v -0.188494 0.854707 -0.862413
vn -0.615618 -0.597289 0.514062
v -0.175009 0.813915 -0.850360
vn -0.139892 -0.243368 0.959793
v -0.159695 0.841614 -0.838156
vn -0.189510 -0.706802 0.681555
v -0.165715 0.856661 -0.841999
vn -0.439158 -0.896532 -0.058065
v -0.213748 0.846838 -0.848381
vn -0.890574 -0.066927 -0.449888
v -0.199993 0.828338 -0.859864
vn -0.641598 -0.627080 0.441727
v -0.210051 0.893055 -0.814750
vn -0.250330 -0.502305 0.827662
v -0.179265 0.862772 -0.841516
vn 0.707918 -0.620039 0.338237
v -0.142830 0.847945 -0.844708
vn -0.384964 -0.304236 -0.871345
v -0.171687 0.841117 -0.857884
vn -0.125706 -0.507803 -0.852252
v -0.170454 0.813438 -0.866846
vn 0.641043 -0.733916 0.224571
v -0.158228 0.816090 -0.856834
vn -0.014055 -0.306305 0.951830
v -0.180471 0.841018 -0.841188
vn -0.961560 -0.274025 0.017673
v -0.205984 0.845928 -0.846182
vn 0.959559 0.023390 -0.280533
v 0.134570 0.180482 -0.262443
vn 0.982076 0.097836 0.161105
v 0.130239 0.250358 -0.199918
vn 0.937903 0.110695 -0.328761
v 0.123050 0.252330 -0.292953
vn 0.473508 0.142644 -0.869162
v 0.084827 0.265777 -0.331052
vn -0.079451 -0.058039 0.995148
v 0.062885 0.202339 -0.185137
vn -0.236804 -0.143270 0.960936
v 0.021617 0.149724 -0.192863
vn 0.644468 -0.468567 0.604240
v 0.083519 0.223806 -0.182779
vn -0.870254 0.177403 -0.459549
v 0.005736 0.199896 -0.315667
vn -0.913517 0.186176 -0.361696
v -0.007402 0.181555 -0.295284
vn -0.984224 0.039915 -0.172364
v -0.022840 0.171502 -0.258999
vn -0.978062 -0.017344 0.207591
v -0.021648 0.159605 -0.235131
vn -0.987618 0.045358 0.150176
v -0.021010 0.178890 -0.242535
vn -0.949907 0.077257 -0.302835
v -0.021082 0.193037 -0.261271
vn -0.868189 -0.129903 0.478930
v -0.014105 0.152256 -0.213684
vn -0.758643 0.035597 -0.650534
v 0.019803 0.247437 -0.322957
vn -0.728135 0.169587 -0.664124
v 0.018273 0.221914 -0.330204
vn -0.498032 0.174648 -0.849389
v 0.032553 0.250905 -0.335774
vn -0.186839 0.179611 -0.965832
v 0.046490 0.244585 -0.342304
vn 0.341890 -0.127052 0.931112
v 0.116885 0.164004 -0.188995
vn 0.756167 -0.179541 0.629267
v 0.128532 0.155478 -0.197902
vn 0.700406 -0.114063 0.704572
v 0.127791 0.174595 -0.192801
vn -0.664688 -0.316390 0.676821
v 0.003739 0.121142 -0.207498
vn -0.546216 -0.207018 0.811660
v -0.002689 0.151743 -0.202479
vn 0.315618 0.234893 -0.919353
v 0.075286 0.305947 -0.328223
vn 0.945476 -0.044794 0.322598
v 0.135488 0.186436 -0.206254
vn 0.960396 -0.098127 0.260787
v 0.136632 0.158213 -0.218250
vn 0.999733 -0.021789 0.007668
v 0.138510 0.168904 -0.234769
vn 0.064016 -0.060300 0.996125
v 0.100294 0.171750 -0.185976
vn 0.229946 -0.079173 0.969978
v 0.114831 0.184206 -0.186651
vn 0.652230 -0.053747 0.756113
v 0.125908 0.195838 -0.188642
vn 0.308291 -0.050232 0.949965
v 0.122478 0.216009 -0.186645
vn 0.861602 -0.044853 0.505598
v 0.132373 0.206636 -0.197479
vn -0.913910 0.189745 -0.358840
v 0.004222 0.215998 -0.301976
vn -0.903129 0.026123 0.428574
v -0.015434 0.166807 -0.214356
vn 0.641124 0.089871 -0.762157
v 0.100012 0.228897 -0.327125
vn 0.565542 -0.206935 0.798336
v 0.118855 0.140285 -0.194036
vn -0.062716 -0.142774 0.987766
v 0.066378 0.119352 -0.189353
vn 0.991528 0.036948 -0.124524
v 0.137451 0.188205 -0.245305
vn 0.977654 0.209765 -0.013845
v 0.121798 0.312424 -0.214308
vn 0.912119 -0.109021 0.395163
v 0.125064 0.272077 -0.186820
vn -0.876315 0.161221 -0.453959
v -0.015408 0.182227 -0.271481
vn 0.550328 -0.582172 -0.598511
v 0.045873 0.210059 -0.219047
vn 0.326929 0.059573 0.943169
v -0.011630 0.271758 -0.288127
vn 0.700883 0.187276 0.688252
v -0.009852 0.256850 -0.289558
vn -0.364391 -0.275022 0.889709
v -0.015543 0.289804 -0.290140
vn 0.485013 -0.375097 0.789977
v -0.019199 0.320495 -0.283302
vn -0.429794 0.701758 0.568166
v -0.000707 0.202948 -0.248489
vn -0.588734 0.557461 0.585346
v 0.007077 0.221831 -0.260616
vn 0.442225 0.722375 0.531612
v -0.008781 0.203939 -0.245238
vn 0.173521 0.809338 0.561127
v -0.005474 0.196419 -0.237956
vn 0.321123 0.691507 0.647069
v -0.010392 0.220857 -0.264010
vn 0.759480 -0.092271 -0.643953
v 0.037694 0.219510 -0.234218
vn -0.522460 0.628249 0.576488
v 0.016846 0.231957 -0.257149
vn -0.958859 0.283471 0.015298
v -0.027674 0.388821 -0.179036
vn 0.556211 -0.085165 0.826666
v -0.016717 0.300872 -0.289344
vn 0.712489 0.020529 -0.701383
v 0.062548 0.212544 -0.201499
vn 0.580231 0.720962 -0.378874
v 0.053463 0.215948 -0.212225
vn -0.766694 0.345582 0.541066
v -0.013751 0.244714 -0.287351
vn -0.499526 0.636779 0.587355
v -0.013652 0.198506 -0.229195
vn 0.393691 0.640178 0.659682
v -0.012229 0.222196 -0.261675
vn -0.768446 0.062793 0.636826
v -0.012210 0.272164 -0.292063
vn -0.998117 -0.052940 -0.030968
v -0.019882 0.337022 -0.278517
vn 0.535223 0.250987 -0.806562
v 0.089690 0.302824 -0.321980
vn -0.905053 0.170662 -0.389557
v -0.005863 0.202921 -0.279301
vn -0.841603 0.046985 -0.538049
v -0.016677 0.222823 -0.263206
vn -0.798405 0.010024 -0.602038
v -0.010067 0.219057 -0.268917
vn 0.872264 0.203489 0.444688
v -0.018387 0.223433 -0.255358
vn -0.986408 0.161382 0.030892
v -0.020401 0.213030 -0.254716
vn 0.931778 0.107959 0.346604
v 0.110012 0.288882 -0.129876
vn 0.780124 -0.550458 -0.297325
v 0.086675 0.218454 -0.168462
vn 0.968684 -0.155496 0.193576
v 0.109201 0.260138 -0.131775
vn -0.431753 0.463194 0.773977
v 0.021385 0.197319 -0.191692
vn -0.561960 0.738679 0.372229
v 0.013417 0.197789 -0.201660
vn -0.589717 0.655512 0.471740
v 0.004885 0.189533 -0.201256
vn -0.643705 0.687591 0.335949
v 0.009881 0.206688 -0.232129
vn 0.598109 -0.414359 0.685983
v 0.109103 0.242367 -0.183830
vn 0.897481 -0.440634 -0.019235
v 0.104576 0.242002 -0.143563
vn -0.810291 0.359577 0.462744
v -0.020482 0.193867 -0.244174
vn -0.975784 -0.113931 -0.186720
v -0.019106 0.271426 -0.280566
vn -0.957935 -0.014789 -0.286602
v -0.019738 0.292050 -0.285658
vn -0.907673 -0.146846 -0.393148
v -0.014924 0.270147 -0.291999
vn -0.910577 0.011818 -0.413170
v -0.017206 0.313737 -0.294807
vn -0.807672 -0.084924 -0.583485
v -0.009491 0.278709 -0.304522
vn -0.748838 0.495875 -0.439715
v -0.020670 0.387579 -0.250614
vn -0.921625 0.367925 -0.123442
v -0.024569 0.395423 -0.219071
vn -0.556546 0.541124 -0.630430
v -0.015011 0.361494 -0.279965
vn -0.681582 0.153430 -0.715475
v -0.008140 0.322315 -0.304704
vn -0.661682 -0.007827 -0.749743
v -0.002913 0.289204 -0.312931
vn -0.656389 -0.189651 -0.730196
v -0.000012 0.264012 -0.312319
vn -0.674401 -0.300818 -0.674309
v 0.001353 0.237207 -0.302370
vn -0.465525 0.803491 -0.371064
v -0.007419 0.394453 -0.251809
vn -0.527910 0.586858 -0.613929
v -0.001266 0.371131 -0.285660
vn -0.460118 0.306000 -0.833460
v 0.005490 0.331831 -0.312116
vn -0.472267 -0.015004 -0.881328
v 0.012838 0.279870 -0.323473
vn -0.527733 0.690117 0.495214
v -0.013695 0.393243 -0.145916
vn -0.344223 0.886681 0.308718
v -0.005379 0.406448 -0.161549
vn -0.326047 0.943363 -0.061316
v 0.000784 0.413848 -0.205799
vn -0.420002 0.907509 -0.005080
v -0.013131 0.409031 -0.190362
vn -0.305129 0.859114 -0.410876
v 0.008603 0.403942 -0.251020
vn -0.238773 0.722945 -0.648335
v 0.016072 0.379951 -0.287342
vn -0.231358 0.405308 -0.884420
v 0.022838 0.337125 -0.317739
vn -0.177170 0.942026 0.284953
v 0.008897 0.410668 -0.162996
vn -0.104230 0.994532 -0.006450
v 0.015889 0.417495 -0.198833
vn -0.068972 0.938737 -0.337662
v 0.024822 0.410440 -0.243490
vn -0.707413 0.069475 0.703377
v -0.005823 0.167577 -0.200348
vn -0.645722 0.147989 0.749094
v 0.002278 0.176815 -0.194548
vn -0.740734 0.239755 0.627560
v -0.006891 0.178204 -0.205133
vn -0.323223 0.729797 0.602431
v -0.003935 0.188204 -0.207664
vn -0.341354 0.720385 0.603757
v -0.008938 0.192802 -0.218957
vn 0.681910 0.395722 0.615144
v -0.017263 0.214500 -0.267493
vn 0.083792 0.817757 0.569432
v -0.011767 0.204723 -0.239721
vn -0.869636 0.291798 0.398230
v -0.015944 0.179398 -0.222195
vn -0.473985 -0.425820 -0.770724
v -0.016784 0.239062 -0.265717
vn -0.082627 0.756628 0.648604
v 0.073017 0.220430 -0.183179
vn 0.747977 -0.662640 -0.037929
v 0.100851 0.235237 -0.173305
vn -0.330062 0.827133 0.454874
v 0.052743 0.214574 -0.189330
vn -0.196747 0.941306 0.274287
v 0.042293 0.216587 -0.209622
vn 0.102507 0.966434 0.235581
v 0.036414 0.222388 -0.230628
vn 0.466782 0.581883 0.665978
v 0.068005 0.312720 -0.091496
vn 0.374385 0.510467 0.774118
v 0.061722 0.347026 -0.108324
vn 0.561324 0.570143 0.599877
v 0.072422 0.375100 -0.136565
vn 0.057872 0.620213 0.782296
v 0.021201 0.379828 -0.121160
vn 0.902396 -0.395942 0.170035
v 0.117351 0.261268 -0.164958
vn 0.992775 -0.007282 0.119771
v 0.104434 0.248373 -0.106783
vn 0.599242 0.449971 0.662144
v 0.081609 0.336671 -0.116027
vn -0.484197 -0.135393 -0.864420
v 0.017101 0.263464 -0.323246
vn -0.257710 0.237994 -0.936453
v 0.027540 0.313919 -0.326366
vn -0.334695 0.061947 -0.940288
v 0.034201 0.281879 -0.331866
vn -0.045058 0.827292 -0.559963
v 0.032562 0.389689 -0.280465
vn -0.000194 0.611701 -0.791089
v 0.039524 0.363612 -0.305069
vn -0.010149 0.446115 -0.894918
v 0.042724 0.345120 -0.316147
vn -0.043354 0.322696 -0.945509
v 0.045783 0.322825 -0.325672
vn -0.058527 0.180700 -0.981795
v 0.048068 0.303669 -0.331221
vn -0.482571 0.798636 0.359592
v 0.024818 0.207997 -0.209108
vn -0.513576 0.743211 0.428810
v 0.020856 0.218854 -0.236126
vn 0.509302 0.859799 -0.036844
v 0.071287 0.404467 -0.215523
vn 0.571651 0.725224 -0.383752
v 0.078482 0.389118 -0.257244
vn 0.212582 0.973636 -0.082718
v 0.050321 0.413501 -0.217447
vn 0.252828 0.922885 -0.290451
v 0.056382 0.406440 -0.244742
vn 0.413041 0.577260 -0.704392
v 0.073987 0.354479 -0.304151
vn 0.087867 0.991416 0.096816
v 0.030081 0.416635 -0.189100
vn 0.081060 0.973443 -0.214098
v 0.038663 0.413562 -0.230940
vn 0.092558 0.906662 -0.411580
v 0.046430 0.401142 -0.262128
vn 0.205200 0.717510 -0.665637
v 0.054163 0.379334 -0.289390
vn 0.196072 0.595897 -0.778757
v 0.057517 0.363050 -0.302922
vn 0.250080 0.430265 -0.867371
v 0.067982 0.333559 -0.319943
vn 0.071880 0.265465 -0.961437
v 0.064610 0.313625 -0.328413
vn -0.971578 0.058423 -0.229397
v -0.021052 0.353529 -0.270290
vn -0.708586 0.660497 0.248293
v -0.021824 0.397284 -0.164265
vn -0.238080 -0.754284 0.611861
v -0.019415 0.256397 -0.270367
vn 0.698623 0.640665 -0.318551
v 0.024758 0.231853 -0.251748
vn -0.059344 0.237378 0.969603
v 0.006776 0.272716 -0.294590
vn 0.608870 0.353591 0.710106
v 0.001725 0.270355 -0.302213
vn 0.511116 0.523384 0.681784
v -0.001783 0.270567 -0.301160
vn 0.890786 0.243984 0.383369
v -0.004934 0.281195 -0.299327
vn 0.964585 0.121130 0.234313
v -0.007494 0.306261 -0.297301
vn 0.885942 0.060314 0.459857
v -0.009786 0.322856 -0.290218
vn -0.706105 -0.154353 0.691079
v -0.013106 0.298232 -0.283855
vn -0.545171 -0.468893 0.694930
v -0.017914 0.340189 -0.270750
vn -0.984104 -0.118151 -0.132587
v -0.021679 0.350279 -0.259173
vn 0.785040 0.053312 -0.617147
v 0.114331 0.213102 -0.312692
vn 0.482558 0.127394 -0.866550
v 0.086042 0.236471 -0.334959
vn -0.932676 0.093903 -0.348279
v -0.017182 0.161731 -0.276351
vn 0.069129 -0.167249 0.983488
v 0.086555 0.127226 -0.188462
vn 0.236716 -0.167912 0.956959
v 0.102646 0.138538 -0.188771
vn 0.057423 0.200273 -0.978056
v 0.061300 0.280644 -0.335751
vn 0.295875 0.157859 -0.942093
v 0.073056 0.241010 -0.340385
vn 0.056059 0.145379 -0.987787
v 0.061458 0.242615 -0.342862
vn 0.071996 0.629611 0.773568
v -0.030662 0.348873 -0.120375
vn -0.242669 0.583599 0.774935
v -0.014298 0.336850 -0.101755
vn -0.401672 -0.094237 0.910922
v 0.005836 0.167794 -0.194683
vn -0.329853 0.155983 0.931057
v 0.011269 0.180683 -0.192878
vn -0.239108 0.184957 0.953215
v 0.057090 0.210040 -0.185139
vn -0.141725 0.185368 -0.972395
v 0.048785 0.275332 -0.335432
vn 0.656262 0.128594 -0.743495
v 0.099421 0.259627 -0.322775
vn 0.810005 0.110520 -0.575914
v 0.113823 0.254141 -0.309389
vn 0.752467 0.240259 -0.613244
v 0.104583 0.304443 -0.307010
vn 0.777982 0.207523 0.593024
v -0.013815 0.280157 -0.296381
vn -0.860129 -0.158416 -0.484854
v 0.002988 0.224998 -0.296525
vn 0.990023 0.135881 -0.037295
v 0.134329 0.230486 -0.230685
vn 0.992811 0.056664 0.105433
v 0.138362 0.206017 -0.219613
vn 0.934019 0.115672 0.337976
v -0.016327 0.279009 -0.284807
vn -0.842256 -0.262496 -0.470852
v -0.007783 0.251776 -0.297801
vn 0.596572 0.400187 -0.695667
v 0.089620 0.333197 -0.308886
vn -0.250621 0.099486 -0.962960
v 0.030508 0.297474 -0.330568
vn 0.754076 -0.011576 0.656685
v 0.129520 0.228171 -0.188311
vn 0.986344 0.151196 -0.065312
v 0.129551 0.254085 -0.253442
vn 0.978593 0.162502 -0.126286
v 0.123689 0.282664 -0.271017
vn 0.859606 0.414073 -0.299369
v 0.106592 0.342059 -0.272802
vn 0.983787 0.171938 -0.050998
v 0.124234 0.290125 -0.242544
vn 0.678798 0.497889 -0.539760
v 0.091199 0.344482 -0.299527
vn 0.876019 0.476949 -0.071485
v 0.101116 0.369993 -0.231445
vn 0.422883 0.672666 -0.607199
v 0.070097 0.375704 -0.285633
vn 0.591775 0.650119 -0.476600
v 0.081133 0.375550 -0.276116
vn 0.727655 0.610667 -0.312415
v 0.088812 0.375945 -0.263000
vn -0.478495 0.145733 -0.865912
v 0.008242 0.307685 -0.319505
vn 0.792935 0.597694 -0.118389
v 0.092391 0.383877 -0.228541
vn 0.853728 0.520708 0.003308
v 0.096739 0.378310 -0.214632
vn 0.958121 0.276382 0.074949
v 0.117493 0.329119 -0.191388
vn 0.792387 0.606642 0.064099
v 0.089655 0.388078 -0.201814
vn -0.038035 0.642516 -0.765328
v 0.036511 0.376540 -0.294544
vn 0.153118 0.760173 -0.631420
v 0.050612 0.390650 -0.277414
vn 0.299847 0.830180 -0.469992
v 0.060771 0.397832 -0.261744
vn 0.559845 0.802639 -0.205776
v 0.075121 0.398625 -0.237425
vn -0.270991 0.515160 -0.813126
v 0.020080 0.359035 -0.305534
vn 0.978767 0.051225 0.198470
v 0.125257 0.284759 -0.187403
vn -0.523270 0.402962 -0.750873
v 0.002600 0.351392 -0.301932
vn -0.790707 0.223638 -0.569885
v -0.012126 0.344722 -0.293318
vn -0.845388 0.193302 -0.497949
v -0.018980 0.335937 -0.287181
vn 0.753139 0.614556 0.234738
v 0.084830 0.388209 -0.176611
vn 0.292425 0.907297 0.302157
v 0.052658 0.407597 -0.171248
vn 0.030813 0.907687 0.418515
v 0.023071 0.409008 -0.156346
vn 0.975478 0.144749 0.165805
v 0.123443 0.303718 -0.184382
vn 0.965887 -0.056854 0.252645
v 0.117988 0.273385 -0.157400
vn 0.167839 0.739865 0.651483
v 0.032859 0.391358 -0.134010
vn -0.243396 0.763309 0.598429
v 0.002254 0.394518 -0.136197
vn -0.019518 0.730309 0.682838
v 0.014356 0.394450 -0.134091
vn 0.918240 0.300587 0.257842
v 0.113727 0.327265 -0.167481
vn -0.493356 0.565116 0.661245
v -0.018153 0.371067 -0.126379
vn -0.191018 0.561022 0.805460
v 0.003602 0.372853 -0.118330
vn 0.278281 0.515145 0.810669
v 0.046504 0.326315 -0.090209
vn 0.950667 0.085436 0.298217
v 0.105464 0.276330 -0.117791
vn 0.988594 0.149752 0.016008
v 0.126368 0.286618 -0.206865
vn 0.983636 0.096940 -0.151862
v 0.131547 0.233237 -0.265867
vn 0.939888 0.245527 -0.237331
v 0.118169 0.302922 -0.282052
vn 0.968411 0.232596 -0.089883
v 0.118840 0.318916 -0.244142
vn 0.965098 0.256147 -0.054533
v 0.117278 0.329803 -0.228040
vn 0.864423 0.410964 0.289623
v 0.104997 0.348181 -0.166668
vn 0.962770 0.009762 -0.270147
v 0.130232 0.207114 -0.278922
vn 0.902433 0.027995 -0.429920
v 0.124845 0.211282 -0.294884
vn 0.808094 0.350712 0.473271
v 0.099371 0.315850 -0.122892
vn 0.940023 0.341100 0.002830
v 0.114405 0.341086 -0.207392
vn 0.901806 0.415278 0.119540
v 0.108049 0.352530 -0.189754
vn 0.851480 0.487919 0.192138
v 0.096331 0.370871 -0.179517
vn 0.868493 0.200641 -0.453280
v 0.115593 0.289066 -0.295730
vn 0.791257 0.469250 0.392067
v 0.093097 0.363865 -0.158058
vn 0.923651 0.360565 -0.129855
v 0.108529 0.349423 -0.250329
vn 0.848904 0.475831 -0.230104
v 0.102877 0.359662 -0.253013
vn 0.831589 0.337026 -0.441445
v 0.109487 0.323575 -0.287329
vn 0.809756 0.547726 -0.210457
v 0.096072 0.371818 -0.251992
vn 0.692252 0.629815 0.352306
v 0.080015 0.385643 -0.159666
vn 0.689274 0.679579 -0.251147
v 0.086103 0.387335 -0.244507
vn 0.761438 0.521929 -0.384451
v 0.094081 0.354763 -0.283777
vn 0.672911 0.735320 -0.080592
v 0.082585 0.395764 -0.222608
vn 0.621355 0.778955 0.084544
v 0.078635 0.399508 -0.199211
vn 0.567554 0.788139 0.238157
v 0.074448 0.397601 -0.173924
vn 0.515266 0.713185 0.475257
v 0.069995 0.389220 -0.150964
vn 0.368105 0.858430 0.357206
v 0.061394 0.399743 -0.160258
vn 0.442510 0.889289 0.115546
v 0.066915 0.405676 -0.188808
vn 0.332618 0.750452 0.571127
v 0.056509 0.388698 -0.140482
vn 0.451056 0.758604 -0.470179
v 0.067132 0.388684 -0.273049
vn 0.435787 0.892733 -0.114532
v 0.063982 0.406943 -0.230098
vn 0.491845 0.824734 -0.279111
v 0.067856 0.399446 -0.249842
vn 0.361556 0.927406 0.095891
v 0.058970 0.410957 -0.203097
vn 0.268048 0.637011 0.722750
v 0.049322 0.379197 -0.127495
vn 0.281291 0.802933 0.525523
v 0.046708 0.397049 -0.146176
vn 0.064899 0.536289 0.841536
v 0.030008 0.349656 -0.101293
vn 0.214186 0.955733 0.201739
v 0.042934 0.413148 -0.180591
vn 0.205202 0.874434 0.439611
v 0.037404 0.403089 -0.150400
vn -0.125743 0.546611 0.827892
v -0.000722 0.325057 -0.090963
vn -0.966779 0.080970 -0.242452
v -0.019960 0.365774 -0.269680
vn -0.497899 0.802244 -0.329396
v -0.018864 0.402084 -0.222602
vn -0.804417 0.593755 0.019205
v -0.024018 0.400458 -0.190143
vn 0.210126 -0.307099 0.928190
v 0.088259 0.077712 -0.201582
vn -0.250568 -0.232304 0.939814
v 0.045089 0.111056 -0.194516
vn -0.147196 -0.207728 0.967048
v 0.054285 0.115606 -0.191441
vn -0.419262 -0.260955 0.869552
v 0.015293 0.105801 -0.206584
vn 0.351276 -0.274272 0.895198
v 0.104143 0.107159 -0.196528
vn 0.639713 -0.276884 0.717009
v 0.118648 0.116513 -0.200232
vn -0.972513 -0.136229 0.188838
v -0.020563 0.144229 -0.237147
vn -0.990661 -0.072245 -0.115636
v -0.022987 0.149394 -0.260063
vn -0.952653 -0.013452 -0.303761
v -0.015787 0.142212 -0.283627
vn -0.864334 -0.281669 0.416641
v -0.011554 0.132347 -0.221861
vn -0.904708 0.047055 -0.423426
v -0.006796 0.153624 -0.303748
vn 0.989993 -0.122372 0.070276
v 0.136853 0.130270 -0.238719
vn 0.939747 0.023265 -0.341077
v 0.133394 0.148618 -0.269308
vn 0.900651 -0.208655 0.381171
v 0.129290 0.124449 -0.213908
vn 0.941689 -0.007186 -0.336408
v 0.124381 0.163160 -0.294338
vn 0.833090 0.025968 -0.552528
v 0.115798 0.176844 -0.312024
vn 0.946947 0.004551 -0.321357
v 0.127378 0.152978 -0.278544
vn 0.585905 0.124022 -0.800833
v 0.087079 0.203045 -0.338538
vn 0.047354 0.168414 -0.984578
v 0.062008 0.210752 -0.347270
vn -0.128628 0.128444 -0.983340
v 0.045500 0.207458 -0.347260
vn -0.436215 0.138371 -0.889140
v 0.032146 0.199771 -0.344528
vn 0.321853 0.176707 -0.930153
v 0.073308 0.210156 -0.345500
vn -0.102417 0.147064 -0.983810
v 0.055409 0.208776 -0.346533
vn -0.834225 0.091870 -0.543717
v 0.005120 0.170369 -0.323847
vn -0.689836 0.113937 -0.714944
v 0.018102 0.187121 -0.337232
vn -0.812219 -0.186024 -0.552897
v 0.033985 -0.084208 -0.365804
vn -0.819660 0.233997 -0.522879
v 0.030819 -0.042012 -0.349973
vn -0.350981 -0.066851 0.933993
v 0.050265 -0.018912 -0.341477
vn -0.052090 -0.251814 0.966373
v 0.064784 -0.006712 -0.336643
vn -0.864651 -0.009689 -0.502280
v 0.030973 -0.053356 -0.369619
vn -0.946942 -0.036340 -0.319344
v 0.036140 -0.030477 -0.375169
vn -0.980191 0.195193 0.033550
v 0.035712 -0.023438 -0.362435
vn 0.976168 -0.138700 0.166907
v 0.118682 -0.070179 -0.346820
vn 0.934015 -0.038380 0.355165
v 0.122501 -0.029657 -0.360609
vn 0.002586 -0.774056 0.633112
v 0.081067 -0.022282 -0.349519
vn 0.508202 0.059516 0.859179
v 0.110031 -0.029883 -0.344423
vn 0.006259 -0.306506 0.951848
v 0.096898 -0.019311 -0.343341
vn -0.091233 0.025892 -0.995493
v 0.053302 0.019450 -0.350805
vn 0.340941 0.057429 -0.938329
v 0.090271 0.015989 -0.347975
vn -0.844411 -0.021962 -0.535245
v 0.012304 0.014426 -0.335526
vn 0.935424 0.038671 -0.351407
v 0.117121 0.052517 -0.324224
vn 0.965161 0.003253 -0.261635
v 0.121112 0.080784 -0.308626
vn 0.832500 0.056356 -0.551152
v 0.113005 0.091916 -0.322940
vn 0.698838 0.064270 -0.712386
v 0.104976 0.073674 -0.334231
vn 0.366841 -0.084646 -0.926425
v 0.084059 0.093222 -0.351027
vn 0.512140 0.033988 -0.858229
v 0.087012 0.116047 -0.349934
vn -0.039068 -0.061207 -0.997360
v 0.063566 0.102979 -0.355380
vn -0.151318 -0.038916 -0.987719
v 0.045659 0.103136 -0.354005
vn -0.577563 -0.040348 -0.815349
v 0.020277 0.084037 -0.340950
vn -0.657785 -0.026775 -0.752730
v 0.018258 0.107713 -0.341454
vn -0.785054 0.001151 -0.619426
v 0.006043 0.097270 -0.326593
vn -0.912240 -0.038437 -0.407849
v -0.002812 0.089880 -0.312410
vn 0.993516 -0.108644 0.033503
v 0.133127 0.104376 -0.253353
vn 0.990760 -0.040688 -0.129379
v 0.134813 0.133140 -0.259731
vn 0.956201 0.011332 -0.292493
v 0.124720 0.123946 -0.294403
vn 0.010800 -0.263085 0.964712
v 0.067147 0.091455 -0.196688
vn -0.981837 -0.154978 -0.109446
v -0.014561 0.104217 -0.273203
vn -0.944482 -0.275801 0.178569
v -0.012096 0.095578 -0.256622
vn 0.678630 0.093189 -0.728544
v 0.088343 0.157172 -0.345286
vn -0.083086 0.124228 -0.988769
v 0.063674 0.167785 -0.356093
vn -0.831325 0.012785 -0.555640
v 0.005082 0.135458 -0.325789
vn -0.681053 0.028155 -0.731693
v 0.017375 0.147698 -0.339693
vn -0.725646 -0.297688 0.620338
v 0.013992 0.078576 -0.219950
vn -0.500471 -0.275914 0.820609
v 0.026434 0.075208 -0.209975
vn -0.301401 -0.234725 0.924155
v 0.041778 0.087555 -0.201619
vn -0.096175 -0.313176 0.944813
v 0.055769 0.044432 -0.210005
vn 0.471225 -0.340869 0.813483
v 0.104021 0.081187 -0.204367
vn -0.948494 -0.053840 -0.312186
v -0.012504 0.113698 -0.290433
vn -0.909668 -0.013335 -0.415123
v -0.005327 0.123275 -0.307748
vn -0.118243 0.093331 -0.988589
v 0.046818 0.164621 -0.353679
vn -0.405624 0.064938 -0.911730
v 0.031854 0.158733 -0.349404
vn 0.869533 0.031837 -0.492847
v 0.114065 0.134329 -0.317636
vn 0.908657 -0.229052 0.349110
v 0.129058 0.095482 -0.231142
vn 0.715533 -0.325961 0.617869
v 0.117921 0.088885 -0.214836
vn -0.662337 -0.338534 0.668359
v 0.023775 -0.026414 -0.252271
vn -0.569656 -0.549271 0.611386
v 0.025381 -0.050777 -0.263808
vn -0.249784 -0.453363 0.855611
v 0.034813 -0.027188 -0.245866
vn 0.284925 -0.370039 0.884245
v 0.063055 -0.071288 -0.264495
vn -0.640538 -0.463629 0.612176
v 0.041681 -0.082665 -0.276047
vn -0.872786 -0.409777 0.265193
v 0.033238 -0.088114 -0.301728
vn -0.146526 -0.448066 0.881911
v 0.052957 -0.079599 -0.267704
vn -0.029799 -0.443529 0.895764
v 0.050779 -0.037609 -0.249998
vn -0.378516 -0.498670 0.779778
v 0.038332 -0.056642 -0.262997
vn -0.688407 -0.539296 0.485032
v 0.031950 -0.066870 -0.277113
vn 0.961203 -0.057344 -0.269816
v 0.120489 0.054338 -0.299386
vn 0.814613 -0.460849 0.352171
v 0.113147 0.005504 -0.269158
vn 0.969266 -0.124878 -0.211963
v 0.124773 0.035346 -0.284659
vn 0.256599 -0.474785 0.841865
v 0.070037 0.007215 -0.229569
vn -0.832352 -0.511644 0.213098
v 0.025767 -0.068699 -0.292143
vn -0.891119 -0.192215 0.411048
v 0.011205 0.009970 -0.254999
vn -0.959369 -0.280066 0.034274
v 0.016874 -0.049518 -0.315180
vn 0.046017 -0.447023 0.893338
v 0.055134 -0.011625 -0.236962
vn 0.618241 -0.444148 0.648468
v 0.078796 -0.024706 -0.253708
vn -0.982168 -0.187636 -0.011770
v 0.006359 -0.022805 -0.296458
vn -0.684581 -0.270413 0.676924
v 0.024043 0.004545 -0.238649
vn -0.331629 -0.375776 0.865341
v 0.036454 0.003710 -0.230550
vn 0.491673 -0.480730 0.726055
v 0.084686 0.006834 -0.235755
vn 0.714805 -0.504561 0.484223
v 0.100196 -0.008370 -0.263844
vn 0.668116 -0.471375 0.575697
v 0.100889 0.010263 -0.248976
vn -0.686790 0.005695 -0.726834
v 0.010444 0.069963 -0.333453
vn -0.442414 -0.012609 -0.896722
v 0.022736 0.065636 -0.341703
vn 0.261253 -0.082883 -0.961705
v 0.076983 0.087822 -0.352586
vn 0.687688 0.078263 -0.721776
v 0.112727 0.033078 -0.335003
vn 0.848826 -0.167733 0.501359
v 0.087554 -0.059111 -0.282877
vn -0.936056 0.052152 -0.347964
v 0.017226 -0.070954 -0.348458
vn -0.184298 0.033546 -0.982298
v 0.038448 -0.018247 -0.349490
vn 0.875003 0.081781 -0.477160
v 0.114204 -0.026120 -0.339854
vn -0.830172 -0.426894 0.358576
v 0.018538 -0.053769 -0.278105
vn 0.795971 -0.357724 0.488328
v 0.088104 -0.032617 -0.271039
vn 0.123354 0.031182 -0.991873
v 0.081425 -0.010658 -0.350675
vn 0.681615 0.082205 -0.727079
v 0.110565 -0.000894 -0.339086
vn 0.879460 -0.237325 0.412586
v 0.098362 -0.045886 -0.308557
vn 0.891924 -0.218037 0.396146
v 0.090586 -0.086464 -0.291487
vn 0.900399 -0.174547 0.398516
v 0.111561 -0.051071 -0.331378
vn -0.879897 -0.471060 0.062313
v 0.030079 -0.097658 -0.336815
vn 0.951543 0.022148 0.306716
v 0.113182 -0.039814 -0.346680
vn 0.895563 -0.234031 0.378413
v 0.100546 -0.087127 -0.326816
vn 0.948018 0.000067 -0.318217
v 0.124824 0.099462 -0.289330
vn 0.993660 -0.101541 -0.048259
v 0.130372 0.067355 -0.271720
vn 0.957441 -0.028752 -0.287192
v 0.127996 0.074984 -0.284767
vn 0.093765 -0.385557 0.917907
v 0.071320 0.045041 -0.209682
vn -0.202898 -0.326379 0.923206
v 0.047106 0.044596 -0.211288
vn -0.836195 -0.214854 0.504594
v 0.011317 0.036744 -0.242379
vn -0.956388 -0.288166 0.047773
v -0.005500 0.064647 -0.282372
vn 0.320907 -0.390927 0.862667
v 0.086585 0.048562 -0.210460
vn -0.389702 -0.292012 0.873419
v 0.038269 0.045502 -0.213612
vn 0.577587 -0.398904 0.712228
v 0.103159 0.051664 -0.219939
vn 0.946149 -0.213155 0.243654
v 0.127792 0.061579 -0.253731
vn 0.799497 -0.338107 0.496475
v 0.118000 0.055609 -0.235797
vn 0.294886 -0.430526 0.853047
v 0.067589 -0.029219 -0.249250
vn 0.612207 -0.292745 0.734508
v 0.075636 -0.064089 -0.269778
vn 0.880719 -0.349097 0.320103
v 0.106718 -0.025999 -0.303478
vn 0.978617 -0.126349 0.162313
v 0.115022 -0.017069 -0.325824
vn 0.986342 -0.059788 -0.153474
v 0.117548 0.000148 -0.327361
vn 0.977855 -0.207487 -0.027349
v 0.116608 0.003876 -0.298971
vn 0.827316 -0.427736 0.364128
v 0.097071 -0.026588 -0.287381
vn 0.953111 -0.268633 0.139343
v 0.124794 0.032193 -0.270540
vn 0.802724 -0.382587 0.457452
v 0.117136 0.032477 -0.250772
vn 0.623612 -0.455891 0.635037
v 0.103097 0.028634 -0.235637
vn 0.335439 -0.480740 0.810167
v 0.085448 0.029101 -0.221791
vn 0.031220 -0.446226 0.894376
v 0.062447 0.022773 -0.219655
vn -0.967108 -0.225377 0.117933
v 0.002456 0.050021 -0.268109
vn -0.950283 -0.134660 0.280763
v 0.006397 0.029826 -0.256962
vn -0.621723 -0.285786 0.729237
v 0.026004 0.043140 -0.222920
vn -0.307214 -0.363106 0.879644
v 0.037781 0.022661 -0.222736
vn -0.865015 -0.262158 0.427812
v 0.014032 -0.024337 -0.264708
vn -0.949082 -0.198888 0.244308
v 0.008057 -0.015660 -0.275590
vn -0.976417 -0.120701 0.179000
v 0.004515 0.002281 -0.280153
vn -0.984634 -0.093662 -0.147390
v 0.003161 0.021273 -0.311088
vn -0.880551 -0.039726 -0.472284
v 0.004061 0.046503 -0.324117
vn -0.606417 0.023928 -0.794787
v 0.018333 0.029656 -0.340190
vn 0.522777 -0.486878 0.699753
v 0.082236 -0.008100 -0.243154
vn 0.377247 0.081220 -0.922544
v 0.075982 0.165610 -0.354857
vn -0.140865 0.048667 -0.988832
v 0.057321 0.164921 -0.353851
vn -0.101711 -0.079377 -0.991642
v 0.051350 0.091991 -0.353297
vn 0.073560 -0.023004 -0.997025
v 0.067718 0.052373 -0.349627
vn 0.730505 0.077340 -0.678513
v 0.101252 0.149316 -0.333298
vn 0.702880 0.042157 -0.710058
v 0.098395 0.108937 -0.342331
vn 0.592814 -0.059831 -0.803114
v 0.096093 0.086481 -0.343932
vn 0.418761 -0.010239 -0.908039
v 0.090264 0.059031 -0.345054
vn -0.448815 -0.038570 -0.892792
v 0.032151 0.105251 -0.350338
vn -0.326994 -0.098830 -0.939844
v 0.035197 0.070804 -0.347515
vn -0.186254 -0.047979 -0.981329
v 0.039497 0.055476 -0.347207
vn -0.322686 0.030211 -0.946024
v 0.029615 0.033087 -0.345753
vn -0.964634 -0.116941 -0.236232
v -0.007155 0.081481 -0.297035
vn -0.973330 -0.188706 -0.130454
v -0.003141 0.059118 -0.300797
vn -0.916510 -0.327715 -0.229375
v 0.017639 -0.081879 -0.345900
vn -0.899852 -0.387562 0.200154
v 0.027240 -0.078885 -0.310037
vn -0.932121 -0.349006 0.096669
v 0.013225 -0.046151 -0.291139
vn -0.962321 -0.054684 -0.266360
v 0.007370 -0.004547 -0.323261
vn -0.595746 0.057174 -0.801136
v 0.017746 -0.005609 -0.341298
vn -0.910796 0.017729 -0.412475
v 0.012770 -0.022602 -0.338011
vn -0.981145 -0.162421 -0.104754
v 0.009816 -0.023525 -0.323778
vn -0.854940 -0.355201 0.378033
v -0.006261 0.090232 -0.244663
vn -0.906271 -0.321628 0.274278
v 0.001237 0.061826 -0.257587
vn -0.835113 -0.319229 0.447972
v 0.004667 0.085029 -0.229881
vn -0.995683 -0.080805 0.045674
v 0.003261 0.010441 -0.289104
vn -0.955269 -0.174994 0.238408
v 0.004207 0.054141 -0.253894
vn -0.897912 -0.198890 0.392680
v 0.007692 0.053884 -0.243561
vn -0.910939 -0.402036 0.092502
v 0.031205 0.206626 -0.602962
vn 0.849706 0.346696 0.397243
v 0.091831 0.232203 -0.540316
vn -0.963422 -0.157156 0.217071
v 0.030391 0.208851 -0.574715
vn 0.390946 -0.710603 -0.584983
v 0.069804 0.189348 -0.593026
vn -0.397562 -0.858322 -0.324389
v 0.046971 0.186271 -0.590123
vn -0.860709 -0.502218 -0.083416
v 0.049650 0.172738 -0.557657
vn -0.618462 0.440565 0.650697
v 0.038223 0.227809 -0.565517
vn 0.998833 0.023096 -0.042408
v 0.103036 0.241562 -0.591452
vn -0.585102 0.505547 0.634097
v 0.077447 0.251557 -0.550309
vn -0.356702 -0.919700 -0.164059
v 0.056871 -0.132508 -0.355563
vn 0.213505 -0.973507 -0.081857
v 0.076133 -0.134230 -0.349247
vn -0.787474 -0.579678 -0.209425
v 0.041342 -0.119155 -0.356564
vn -0.854723 -0.377244 -0.356560
v 0.032951 -0.096044 -0.359324
vn 0.921268 -0.386574 -0.042730
v 0.104171 -0.097950 -0.350747
vn -0.322324 0.710576 0.625451
v 0.061229 0.113335 -0.408075
vn 0.794153 0.417760 0.441358
v 0.126202 0.081365 -0.400343
vn 0.958043 0.218429 0.185587
v 0.133349 0.071931 -0.412697
vn 0.535647 0.581172 0.612635
v 0.110886 0.088928 -0.390009
vn 0.201853 0.648430 0.734026
v 0.095039 0.090444 -0.383297
vn 0.990316 -0.004785 -0.138748
v 0.135137 0.063010 -0.420337
vn 0.957481 0.261654 0.121521
v 0.132968 0.083986 -0.428145
vn 0.741019 0.290891 0.605205
v 0.125605 0.042134 -0.371375
vn 0.936651 0.156553 0.313330
v 0.134189 0.039362 -0.388054
vn -0.328138 0.612817 0.718874
v 0.059530 0.092666 -0.388782
vn -0.595496 0.618082 0.513185
v 0.048368 0.111847 -0.415715
vn -0.610990 0.519368 0.597451
v 0.046479 0.090657 -0.396577
vn -0.779254 0.523067 0.345202
v 0.036504 0.105638 -0.425964
vn -0.819073 0.380857 0.429032
v 0.034416 0.084955 -0.408356
vn -0.959931 0.279768 0.016189
v 0.029758 0.096971 -0.438351
vn -0.963736 0.208222 0.166901
v 0.026754 0.075977 -0.421400
vn -0.973144 -0.051100 -0.224455
v 0.027378 0.071226 -0.439500
vn -0.322392 0.730745 0.601727
v 0.066909 0.137151 -0.435831
vn 0.197403 0.739336 0.643750
v 0.094315 0.114858 -0.405696
vn 0.205211 0.759299 0.617538
v 0.092594 0.141066 -0.439748
vn 0.791754 0.512111 0.332968
v 0.120184 0.122785 -0.442548
vn -0.443306 0.724550 0.527737
v 0.054469 0.122472 -0.425348
vn 0.920291 -0.171900 -0.351446
v 0.128931 0.049554 -0.432682
vn 0.525197 0.636647 0.564667
v 0.109706 0.109164 -0.409316
vn 0.180966 0.241090 0.953482
v 0.087474 0.014460 -0.337193
vn -0.944846 0.039128 -0.325171
v 0.033606 0.098127 -0.458219
vn -0.990992 -0.006752 -0.133752
v 0.050462 0.148920 -0.504982
vn -0.959441 0.272105 0.073706
v 0.050485 0.156384 -0.494634
vn -0.989813 0.109902 0.090503
v 0.051989 0.173371 -0.516065
vn -0.479063 0.679999 0.555068
v 0.065133 0.165427 -0.473101
vn -0.294101 0.714961 0.634300
v 0.072929 0.165863 -0.468685
vn -0.851960 0.480082 0.209010
v 0.049399 0.143521 -0.467542
vn -0.864718 0.420714 0.274341
v 0.055140 0.165610 -0.490289
vn -0.027646 -0.500201 -0.865468
v 0.079923 0.062421 -0.489363
vn -0.145308 -0.589280 -0.794754
v 0.074587 0.115338 -0.523336
vn 0.281617 -0.522380 -0.804867
v 0.087569 0.113340 -0.520574
vn -0.151138 -0.675259 -0.721930
v 0.069250 0.146872 -0.549170
vn 0.306094 -0.572741 -0.760444
v 0.079902 0.147555 -0.547400
vn -0.605417 -0.504514 -0.615578
v 0.065084 0.127089 -0.527088
vn -0.538339 -0.664713 -0.518023
v 0.058564 0.162909 -0.560834
vn -0.720181 -0.377519 -0.582081
v 0.056963 0.089603 -0.493179
vn -0.957638 -0.260220 -0.123349
v 0.052763 0.158129 -0.538185
vn -0.822775 -0.277440 -0.496053
v 0.055994 0.106715 -0.501630
vn -0.892217 -0.298756 -0.338663
v 0.055484 0.138589 -0.521383
vn -0.935549 -0.063439 -0.347454
v 0.047980 0.122078 -0.492071
vn 0.284460 0.715928 0.637596
v 0.092503 0.161429 -0.463795
vn 0.399772 0.644140 0.652124
v 0.087529 0.212070 -0.514585
vn 0.498443 0.685603 0.530569
v 0.105774 0.142709 -0.449824
vn 0.580120 0.630384 0.515827
v 0.102713 0.165910 -0.475286
vn 0.694167 0.564913 0.446101
v 0.096593 0.200905 -0.510110
vn 0.812565 0.503717 0.293271
v 0.114463 0.144072 -0.464883
vn 0.856840 0.452097 0.247859
v 0.110796 0.161127 -0.483054
vn 0.916950 0.361898 0.168027
v 0.101882 0.197487 -0.519014
vn 0.973824 0.226375 -0.020541
v 0.128097 0.107958 -0.449036
vn 0.971603 0.232305 -0.044961
v 0.119781 0.135385 -0.475295
vn 0.976470 0.206862 -0.060947
v 0.114438 0.154052 -0.493495
vn 0.987763 0.145263 -0.056772
v 0.105193 0.187800 -0.528152
vn 0.913029 -0.121651 -0.389332
v 0.112258 0.138963 -0.503550
vn 0.943565 -0.098831 -0.316099
v 0.105549 0.173964 -0.532473
vn 0.629974 -0.389068 -0.672129
v 0.097375 0.121583 -0.518602
vn -0.677677 0.532772 0.506861
v 0.067231 0.214483 -0.524932
vn 0.114878 -0.685371 -0.719075
v 0.068341 0.163447 -0.565196
vn 0.612331 -0.457784 -0.644581
v 0.083526 0.171825 -0.562229
vn 0.741999 -0.403314 -0.535515
v 0.105157 -0.030753 -0.422603
vn -0.734480 -0.415607 -0.536480
v 0.045925 -0.111325 -0.375645
vn 0.332690 -0.725961 -0.601912
v 0.081690 -0.119787 -0.381403
vn -0.449283 -0.366954 -0.814549
v 0.064613 -0.086347 -0.404044
vn -0.221370 -0.852630 -0.473305
v 0.062347 -0.128198 -0.371813
vn -0.737664 -0.214789 -0.640092
v 0.053233 -0.080685 -0.397344
vn -0.255276 -0.573059 -0.778741
v 0.064244 -0.112743 -0.390012
vn -0.833420 -0.142624 -0.533918
v 0.048958 -0.039673 -0.396420
vn -0.634050 0.230085 0.738270
v 0.050680 0.012031 -0.345313
vn -0.984284 -0.002361 0.176578
v 0.035357 -0.001653 -0.371570
vn -0.965733 -0.197896 -0.167921
v 0.036477 -0.007635 -0.386752
vn 0.033616 -0.497916 -0.866574
v 0.074773 -0.087561 -0.406443
vn -0.182649 -0.442191 -0.878127
v 0.079621 -0.050618 -0.425987
vn 0.483109 -0.470632 -0.738317
v 0.089773 -0.069863 -0.411666
vn -0.120161 -0.504086 -0.855254
v 0.082327 0.027331 -0.471372
vn -0.683038 -0.220515 -0.696299
v 0.062020 -0.056900 -0.412705
vn -0.624498 -0.350260 -0.698083
v 0.069783 -0.020542 -0.432710
vn -0.772407 -0.241526 -0.587412
v 0.061439 -0.026808 -0.420493
vn -0.755510 -0.335379 -0.562784
v 0.059162 -0.013810 -0.424602
vn -0.687625 -0.408612 -0.600173
v 0.047105 0.047878 -0.452479
vn -0.857229 -0.281397 -0.431247
v 0.042750 -0.013744 -0.397413
vn 0.460003 -0.526080 -0.715288
v 0.085495 -0.100351 -0.395565
vn 0.810641 -0.374483 -0.450137
v 0.100235 -0.072713 -0.397050
vn 0.468824 -0.836354 -0.284107
v 0.082415 -0.127900 -0.366318
vn 0.817853 -0.486980 -0.306541
v 0.097293 -0.111537 -0.370795
vn 0.893072 -0.341509 -0.292907
v 0.108739 -0.063299 -0.380392
vn 0.199911 0.460269 0.864979
v 0.091723 0.048590 -0.354033
vn 0.515991 0.114584 0.848896
v 0.103924 0.011901 -0.344160
vn 0.503008 0.414734 0.758273
v 0.109567 0.049687 -0.360855
vn 0.857977 -0.269638 -0.437230
v 0.125054 0.021654 -0.426166
vn 0.714192 -0.332875 -0.615731
v 0.109357 0.037077 -0.460330
vn 0.643356 -0.000025 0.765567
v 0.114085 -0.020422 -0.349845
vn 0.762590 0.132101 0.633250
v 0.122931 0.024043 -0.360560
vn 0.966023 -0.085673 0.243845
v 0.132223 0.007270 -0.376446
vn 0.470017 0.320768 0.822309
v 0.107190 0.031304 -0.350835
vn 0.307321 -0.161774 0.937754
v 0.098536 -0.011884 -0.339981
vn 0.001361 -0.249597 0.968349
v 0.082528 -0.003758 -0.336172
vn 0.462500 0.514770 0.721877
v 0.110418 0.069268 -0.373135
vn -0.304122 0.525418 0.794636
v 0.062127 0.068579 -0.369552
vn -0.646119 0.359260 0.673396
v 0.046507 0.031010 -0.358269
vn -0.356055 0.437835 0.825546
v 0.062051 0.034791 -0.349214
vn -0.642923 0.417484 0.642151
v 0.045594 0.067733 -0.380184
vn -0.870407 0.174510 0.460367
v 0.037183 0.026618 -0.370098
vn -0.838577 0.278449 0.468245
v 0.034157 0.062367 -0.392341
vn -0.859226 0.198460 0.471534
v 0.039862 -0.020495 -0.351302
vn 0.758186 0.365154 0.540201
v 0.126502 0.061546 -0.384096
vn 0.678190 -0.333506 0.654853
v 0.082806 -0.097947 -0.285031
vn 0.275445 -0.542062 0.793914
v 0.070961 -0.103498 -0.281575
vn -0.668244 -0.592012 0.450524
v 0.042532 -0.105691 -0.293394
vn -0.624549 -0.778801 0.058371
v 0.048671 -0.128662 -0.339501
vn 0.595816 -0.636072 0.490322
v 0.080080 -0.116734 -0.301582
vn 0.309760 -0.898373 0.311408
v 0.074088 -0.132303 -0.322969
vn 0.113085 -0.820687 0.560076
v 0.070561 -0.120830 -0.300842
vn -0.217718 -0.664257 0.715095
v 0.058283 -0.106683 -0.283950
vn -0.248059 -0.823043 0.510946
v 0.059546 -0.121176 -0.302157
vn -0.193653 -0.952210 0.236207
v 0.061215 -0.133360 -0.326568
vn -0.550314 -0.774560 0.311787
v 0.050708 -0.124505 -0.315920
vn -0.834065 -0.531373 0.148248
v 0.040140 -0.115981 -0.323996
vn 0.797669 -0.580481 0.163604
v 0.093007 -0.121958 -0.331694
vn 0.794266 -0.390852 -0.465163
v 0.097965 0.190205 -0.554897
vn 0.997941 0.063325 -0.010177
v 0.103194 0.207263 -0.553382
vn 0.867701 -0.356263 -0.346657
v 0.103403 0.214700 -0.579982
vn 0.796953 0.160147 0.582426
v 0.092983 0.256504 -0.553308
vn 0.086779 0.524666 0.846874
v 0.086148 0.263034 -0.553392
vn 0.803842 -0.267273 -0.531416
v 0.101986 0.138825 -0.521233
vn 0.831545 -0.238764 -0.501522
v 0.115213 0.090248 -0.478112
vn 0.805134 -0.353060 -0.476557
v 0.113827 -0.004967 -0.429054
vn 0.856695 -0.372453 -0.356865
v 0.113358 -0.035557 -0.400306
vn -0.885390 0.250599 0.391516
v 0.052291 0.195228 -0.538178
vn 0.974700 0.039126 -0.220065
v 0.109836 0.161786 -0.513961
vn 0.964526 0.021135 -0.263139
v 0.118837 0.128938 -0.482506
vn 0.959811 -0.019266 -0.279984
v 0.126228 0.101684 -0.458632
vn 0.912793 -0.125081 -0.388798
v 0.121724 0.100144 -0.470478
vn 0.414973 -0.449642 -0.790961
v 0.094457 0.057848 -0.483517
vn -0.468431 -0.477398 -0.743413
v 0.066946 0.069644 -0.488649
vn -0.846347 -0.169790 -0.504845
v 0.038635 0.094759 -0.467908
vn -0.467146 -0.461310 -0.754300
v 0.071638 0.032806 -0.470363
vn -0.664856 -0.404544 -0.627942
v 0.059804 0.063242 -0.478490
vn -0.762047 -0.332148 -0.555844
v 0.049395 0.081049 -0.475860
vn -0.815851 -0.223690 -0.533245
v 0.032974 0.077174 -0.454015
vn 0.657230 -0.392688 -0.643308
v 0.102496 0.004005 -0.449279
vn 0.389886 -0.439063 -0.809452
v 0.096397 0.018697 -0.462333
vn -0.158903 -0.503068 -0.849513
v 0.083588 -0.002542 -0.453055
vn -0.579577 -0.456395 -0.675125
v 0.071923 0.005844 -0.451715
vn -0.694348 -0.414142 -0.588530
v 0.062312 0.037998 -0.465312
vn -0.711731 -0.420376 -0.562781
v 0.056623 0.015594 -0.438688
vn -0.776975 -0.345337 -0.526358
v 0.034148 0.051973 -0.442115
vn -0.936305 -0.234983 -0.260990
v 0.026731 0.044357 -0.422361
vn -0.984065 0.063784 0.165977
v 0.026489 0.053975 -0.406365
vn 0.861824 -0.350130 -0.366971
v 0.123183 -0.008008 -0.406748
vn 0.412678 -0.476652 -0.776208
v 0.094925 -0.019966 -0.440683
vn -0.795102 -0.409748 -0.447123
v 0.041492 0.001011 -0.408811
vn -0.943215 -0.281245 -0.176768
v 0.029418 0.025941 -0.410129
vn -0.978982 -0.022060 0.202752
v 0.029325 0.031266 -0.392006
vn 0.939203 -0.296785 -0.172671
v 0.123776 -0.024806 -0.385821
vn 0.942944 -0.236801 -0.234054
v 0.131399 0.010103 -0.403083
vn 0.912242 -0.321932 -0.253327
v 0.117936 -0.058265 -0.364932
vn 0.998319 -0.050252 -0.028863
v 0.135591 0.030179 -0.395295
vn 0.794086 0.474239 0.380164
v 0.124186 0.096392 -0.414350
vn 0.059567 0.561287 0.825475
v 0.091116 0.070546 -0.366488
vn -0.068537 0.473632 0.878052
v 0.081016 0.042748 -0.350797
vn -0.094737 0.639288 0.763110
v 0.074672 0.091191 -0.384143
vn -0.077009 0.708437 0.701560
v 0.079251 0.112547 -0.403410
vn -0.105449 0.767002 0.632920
v 0.077765 0.131388 -0.426035
vn 0.044756 0.734928 0.676666
v 0.082480 0.166528 -0.467407
vn -0.263068 0.659328 0.704331
v 0.078414 0.216761 -0.517064
vn -0.220713 0.234860 0.946640
v 0.066085 0.014205 -0.338365
vn -0.739127 -0.441782 -0.508448
v 0.038114 0.017567 -0.419674
vn -0.771159 0.129521 0.623328
v 0.044901 0.207626 -0.551396
vn -0.970207 0.224208 -0.091814
v 0.045484 0.138118 -0.478176
vn -0.962227 -0.107691 0.250044
v 0.048336 0.181675 -0.547686
vn -0.651919 0.435264 0.620924
v 0.057146 0.223973 -0.549566
vn -0.706060 0.565402 0.426380
v 0.059981 0.167846 -0.482382
vn -0.614870 0.649544 0.447244
v 0.054862 0.136110 -0.443435
vn 0.383021 -0.912912 -0.141022
v 0.064552 0.196200 -0.611031
vn 0.753009 -0.657757 -0.018230
v 0.077441 0.206418 -0.630090
vn 0.730337 -0.601399 -0.323924
v 0.086259 0.216456 -0.599698
vn 0.573320 0.550197 0.607115
v 0.101523 0.292758 -0.573426
vn 0.981304 -0.030323 0.190061
v 0.099917 0.254491 -0.580873
vn 0.864306 -0.365109 -0.345935
v 0.094910 0.230694 -0.603894
vn -0.445019 -0.880831 0.161540
v 0.037010 0.196007 -0.616616
vn -0.965650 0.151554 0.211072
v 0.032132 0.234086 -0.598424
vn -0.832330 0.356672 0.424279
v 0.045708 0.259073 -0.589413
vn -0.867466 0.300376 0.396582
v 0.031087 0.221612 -0.570884
vn -0.511964 0.377867 0.771433
v 0.077632 0.278639 -0.565209
vn 0.185003 -0.948435 0.257382
v 0.054166 0.186043 -0.699954
vn 0.058845 -0.992096 0.110829
v 0.032364 0.185829 -0.678349
vn 0.445478 -0.882289 0.152039
v 0.071425 0.197263 -0.684603
vn -0.250808 0.928041 -0.275382
v 0.001984 0.220146 -0.702453
vn -0.028687 0.853606 -0.520128
v 0.047426 0.217599 -0.704156
vn 0.024051 0.870592 -0.491417
v 0.030977 0.215387 -0.706876
vn 0.179309 0.770067 -0.612246
v 0.081498 0.237727 -0.677424
vn -0.706497 0.704860 0.063518
v 0.015043 0.226790 -0.658390
vn -0.931143 -0.072987 0.357276
v 0.023717 0.214501 -0.624392
vn -0.113352 0.877622 -0.465758
v 0.034572 0.226554 -0.682591
vn -0.361766 0.791231 -0.493030
v 0.037683 0.242471 -0.655612
vn -0.850502 0.523796 -0.047795
v 0.040205 0.266945 -0.613764
vn -0.671777 0.692336 -0.263414
v 0.030608 0.249448 -0.634911
vn -0.618031 0.676793 -0.399987
v 0.041162 0.261395 -0.628735
vn -0.472685 0.839255 -0.268739
v 0.027753 0.236439 -0.658671
vn -0.901810 0.160081 0.401390
v 0.005752 0.211677 -0.665019
vn -0.791412 -0.370946 0.485866
v 0.006120 0.197224 -0.666115
vn -0.814017 -0.454486 0.361688
v 0.027123 0.204917 -0.622114
vn -0.878222 0.441026 0.184990
v 0.031539 0.252860 -0.615194
vn -0.887388 0.450835 0.096388
v 0.015245 0.227245 -0.648656
vn -0.288800 0.943017 -0.165269
v 0.009490 0.222748 -0.687605
vn 0.538364 -0.838819 0.080918
v 0.066819 0.198798 -0.663158
vn 0.322314 -0.940448 0.108035
v 0.046771 0.189878 -0.666323
vn 0.130634 -0.985658 0.106829
v 0.046703 0.190711 -0.634925
vn -0.210733 0.975313 -0.066008
v 0.074373 0.308128 -0.590201
vn -0.021433 0.780421 -0.624887
v 0.080163 0.289945 -0.616799
vn -0.089583 0.884039 -0.458749
v 0.044889 0.224799 -0.685923
vn -0.255155 0.808395 -0.530466
v 0.054031 0.235766 -0.672475
vn -0.429519 0.702619 -0.567309
v 0.048801 0.260602 -0.638257
vn -0.173002 0.766926 -0.617977
v 0.069547 0.255290 -0.654363
vn -0.486318 0.690471 -0.535485
v 0.054876 0.287338 -0.613851
vn -0.136388 0.791250 -0.596088
v 0.064290 0.235842 -0.680244
vn -0.096558 0.841246 -0.531961
v 0.055652 0.220372 -0.699006
vn 0.488209 0.624770 -0.609356
v 0.085120 0.225086 -0.691155
vn 0.251869 0.705512 -0.662431
v 0.084055 0.254507 -0.654586
vn 0.467580 0.635010 -0.614924
v 0.102541 0.291099 -0.611617
vn 0.980658 0.017169 0.194975
v 0.109547 0.288228 -0.589344
vn 0.967125 -0.253888 -0.014467
v 0.109113 0.270328 -0.606391
vn 0.958980 -0.079587 -0.272070
v 0.102809 0.258983 -0.630043
vn 0.926487 -0.376326 -0.000687
v 0.095705 0.239767 -0.640407
vn 0.896489 -0.439223 -0.058233
v 0.091668 0.230980 -0.626140
vn 0.757048 0.354732 -0.548675
v 0.104770 0.274435 -0.624300
vn 0.750552 0.409528 -0.518612
v 0.093359 0.252407 -0.650413
vn 0.948247 0.182598 -0.259780
v 0.109826 0.282338 -0.607911
vn 0.578523 0.766539 -0.278800
v 0.104754 0.300066 -0.599655
vn 0.976612 -0.214283 -0.017671
v 0.102004 0.252286 -0.599885
vn -0.433558 -0.832783 0.344238
v 0.019389 0.189973 -0.653126
vn 0.843796 -0.522842 0.121012
v 0.088777 0.216098 -0.670556
vn 0.981087 -0.127371 -0.145758
v 0.090771 0.219713 -0.677847
vn 0.980200 -0.098035 -0.172040
v 0.095642 0.241834 -0.650506
vn 0.794285 -0.603997 0.065562
v 0.082016 0.213106 -0.655289
vn 0.280644 0.928421 0.243463
v 0.091904 0.307221 -0.588227
vn -0.638188 0.749940 -0.174087
v 0.055497 0.295980 -0.602476
vn -0.862437 0.390782 0.321702
v 0.050605 0.285347 -0.593736
vn -0.649437 0.478625 0.590889
v 0.064191 0.295218 -0.580376
vn -0.606554 0.446953 0.657515
v 0.066690 0.249452 -0.561058
vn -0.142387 0.673039 0.725772
v 0.080958 0.300825 -0.575209
vn -0.671247 0.408624 0.618429
v 0.056494 0.259431 -0.576028
vn -0.057825 -0.954794 0.291590
v 0.008719 0.184530 -0.705739
vn 0.943228 -0.170610 -0.284980
v 0.084024 0.204969 -0.705357
vn 0.675152 -0.719865 0.161136
v 0.081653 0.202236 -0.690374
vn -0.762255 0.646064 0.039594
v -0.010559 0.211671 -0.703227
vn 0.086054 -0.921281 0.379257
v -0.003728 0.182311 -0.696988
vn 0.306029 -0.276835 -0.910884
v 0.047241 0.176633 -0.740022
vn 0.556979 -0.147403 -0.817341
v 0.066444 0.178042 -0.735993
vn -0.788611 -0.537560 -0.298533
v 0.017425 0.154803 -0.744618
vn 0.566994 -0.636103 -0.523346
v 0.026217 0.159584 -0.754410
vn 0.588679 -0.797270 0.133478
v 0.031089 0.158532 -0.733151
vn -0.397469 -0.683129 0.612661
v 0.024466 0.160614 -0.727528
vn 0.216388 -0.895654 0.388562
v 0.012809 0.154998 -0.732970
vn -0.657469 -0.479436 0.581271
v -0.013848 0.184209 -0.702286
vn -0.706790 0.465416 -0.532762
v -0.021052 0.183200 -0.726916
vn -0.290207 0.731203 -0.617351
v -0.006284 0.207951 -0.719511
vn -0.185864 0.424503 -0.886144
v -0.001561 0.194306 -0.730085
vn 0.009156 0.669423 -0.742825
v 0.017742 0.204806 -0.722119
vn 0.265425 0.635150 -0.725351
v 0.064879 0.200199 -0.727764
vn 0.022558 0.596510 -0.802288
v 0.041746 0.194035 -0.732608
vn -0.179768 -0.176207 -0.967799
v 0.005700 0.158822 -0.751323
vn -0.175212 0.040419 -0.983701
v -0.001776 0.180073 -0.733201
vn -0.118909 0.334122 -0.934999
v 0.017816 0.179461 -0.738921
vn 0.434035 -0.900845 0.009568
v 0.042601 0.160607 -0.735433
vn -0.928729 0.083141 0.361318
v -0.013167 0.199715 -0.692871
vn -0.056586 -0.007630 -0.998369
v -0.012732 0.159746 -0.750510
vn -0.961983 -0.254347 0.099481
v -0.025357 0.167286 -0.730678
vn 0.255813 -0.079844 -0.963424
v 0.033156 0.167592 -0.745323
vn 0.154133 -0.866201 0.475330
v 0.039263 0.179396 -0.715448
vn 0.034397 -0.890298 0.454078
v 0.019602 0.182846 -0.711553
vn 0.949115 -0.234669 -0.210028
v 0.001135 0.164731 -0.734294
vn -0.072132 -0.955651 0.285530
v -0.009552 0.151342 -0.734452
vn 0.091231 -0.939356 0.330585
v 0.053552 0.178965 -0.721342
vn 0.227124 -0.959685 0.165585
v 0.060723 0.173359 -0.726667
# 2628 vertices, 0 vertices normals

f 93//93 18//18 92//92
f 34//34 105//105 98//98
f 1346//1346 33//33 21//21
f 2053//2053 40//40 27//27
f 76//76 143//143 42//42
f 98//98 76//76 42//42
f 43//43 1945//1945 1935//1935
f 1947//1947 72//72 29//29
f 18//18 93//93 116//116
f 88//88 98//98 105//105
f 103//103 35//35 22//22
f 124//124 103//103 22//22
f 124//124 22//22 21//21
f 33//33 124//124 21//21
f 104//104 34//34 13//13
f 95//95 31//31 37//37
f 1//1 114//114 32//32
f 2//2 114//114 1341//1341
f 1341//1341 114//114 1//1
f 2//2 31//31 95//95
f 2//2 95//95 114//114
f 7//7 49//49 10//10
f 8//8 49//49 7//7
f 4//4 46//46 8//8
f 28//28 73//73 68//68
f 73//73 1379//1379 2062//2062
f 9//9 3//3 10//10
f 31//31 3//3 9//9
f 98//98 50//50 16//16
f 2//2 1341//1341 30//30
f 7//7 10//10 3//3
f 6//6 7//7 3//3
f 6//6 3//3 30//30
f 5//5 8//8 7//7
f 5//5 7//7 6//6
f 4//4 8//8 5//5
f 41//41 1386//1386 40//40
f 1386//1386 27//27 40//40
f 26//26 1386//1386 41//41
f 50//50 2062//2062 1395//1395
f 3//3 2//2 30//30
f 31//31 2//2 3//3
f 4//4 25//25 26//26
f 4//4 26//26 41//41
f 11//11 1//1 32//32
f 24//24 6//6 30//30
f 5//5 6//6 24//24
f 24//24 30//30 1381//1381
f 1344//1344 1//1 11//11
f 1341//1341 1//1 1344//1344
f 1381//1381 30//30 1341//1341
f 1336//1336 27//27 1386//1386
f 29//29 27//27 1336//1336
f 1384//1384 5//5 24//24
f 1384//1384 24//24 1383//1383
f 1385//1385 4//4 5//5
f 1385//1385 5//5 1384//1384
f 25//25 4//4 1385//1385
f 1382//1382 24//24 1381//1381
f 1383//1383 24//24 1382//1382
f 35//35 104//104 14//14
f 35//35 14//14 23//23
f 22//22 23//23 17//17
f 22//22 35//35 23//23
f 21//21 22//22 17//17
f 21//21 17//17 12//12
f 1346//1346 21//21 12//12
f 1346//1346 20//20 116//116
f 1346//1346 116//116 33//33
f 18//18 20//20 1372//1372
f 18//18 116//116 20//20
f 1372//1372 19//19 18//18
f 104//104 13//13 14//14
f 23//23 14//14 1422//1422
f 23//23 1422//1422 1423//1423
f 17//17 23//23 1423//1423
f 34//34 98//98 16//16
f 16//16 1355//1355 15//15
f 16//16 15//15 13//13
f 14//14 15//15 1422//1422
f 14//14 13//13 15//15
f 1355//1355 16//16 50//50
f 11//11 1367//1367 1344//1344
f 1367//1367 11//11 19//19
f 28//28 68//68 1380//1380
f 68//68 1947//1947 29//29
f 115//115 92//92 19//19
f 92//92 18//18 19//19
f 19//19 11//11 115//115
f 11//11 32//32 115//115
f 34//34 16//16 13//13
f 1379//1379 73//73 28//28
f 145//145 144//144 66//66
f 59//59 143//143 152//152
f 59//59 152//152 155//155
f 76//76 98//98 97//97
f 74//74 75//75 154//154
f 54//54 57//57 38//38
f 38//38 36//36 163//163
f 36//36 38//38 57//57
f 37//37 31//31 9//9
f 54//54 38//38 39//39
f 37//37 44//44 39//39
f 54//54 39//39 44//44
f 37//37 9//9 44//44
f 68//68 73//73 1947//1947
f 10//10 49//49 45//45
f 49//49 8//8 48//48
f 8//8 46//46 48//48
f 50//50 42//42 2063//2063
f 9//9 10//10 45//45
f 41//41 46//46 4//4
f 2062//2062 50//50 2063//2063
f 43//43 47//47 70//70
f 45//45 43//43 44//44
f 45//45 49//49 47//47
f 49//49 48//48 47//47
f 48//48 46//46 53//53
f 45//45 47//47 43//43
f 47//47 48//48 51//51
f 48//48 53//53 51//51
f 47//47 51//51 70//70
f 53//53 46//46 71//71
f 46//46 41//41 52//52
f 46//46 52//52 71//71
f 52//52 41//41 40//40
f 29//29 72//72 27//27
f 42//42 50//50 98//98
f 44//44 9//9 45//45
f 40//40 2053//2053 2052//2052
f 54//54 56//56 57//57
f 43//43 70//70 2044//2044
f 43//43 2044//2044 1945//1945
f 54//54 1935//1935 56//56
f 44//44 43//43 1935//1935
f 51//51 53//53 2046//2046
f 1935//1935 54//54 44//44
f 53//53 71//71 2048//2048
f 53//53 2048//2048 2047//2047
f 71//71 52//52 2049//2049
f 71//71 2049//2049 2048//2048
f 52//52 2050//2050 2049//2049
f 52//52 40//40 2051//2051
f 52//52 2051//2051 2050//2050
f 27//27 72//72 2053//2053
f 70//70 51//51 2045//2045
f 51//51 2046//2046 2045//2045
f 2046//2046 53//53 2047//2047
f 1970//1970 65//65 1963//1963
f 55//55 36//36 65//65
f 60//60 155//155 64//64
f 64//64 155//155 75//75
f 63//63 64//64 74//74
f 63//63 74//74 62//62
f 64//64 75//75 74//74
f 62//62 74//74 67//67
f 62//62 67//67 2115//2115
f 74//74 154//154 67//67
f 2115//2115 67//67 2017//2017
f 145//145 66//66 69//69
f 55//55 65//65 66//66
f 65//65 1970//1970 66//66
f 59//59 155//155 60//60
f 57//57 65//65 36//36
f 2012//2012 60//60 64//64
f 2012//2012 64//64 63//63
f 2115//2115 2017//2017 1964//1964
f 59//59 58//58 61//61
f 58//58 2114//2114 61//61
f 58//58 60//60 2012//2012
f 58//58 59//59 60//60
f 56//56 1963//1963 57//57
f 42//42 61//61 2153//2153
f 65//65 57//57 1963//1963
f 72//72 1947//1947 1978//1978
f 154//154 69//69 2017//2017
f 154//154 2017//2017 67//67
f 66//66 2017//2017 69//69
f 55//55 66//66 144//144
f 42//42 143//143 59//59
f 59//59 61//61 42//42
f 175//175 102//102 95//95
f 109//109 108//108 32//32
f 156//156 157//157 174//174
f 162//162 157//157 160//160
f 177//177 86//86 96//96
f 96//96 230//230 258//258
f 77//77 99//99 181//181
f 78//78 220//220 231//231
f 78//78 231//231 226//226
f 96//96 229//229 230//230
f 96//96 82//82 229//229
f 86//86 82//82 96//96
f 82//82 79//79 228//228
f 82//82 228//228 229//229
f 86//86 83//83 79//79
f 86//86 79//79 82//82
f 79//79 80//80 227//227
f 79//79 227//227 228//228
f 81//81 78//78 226//226
f 81//81 226//226 225//225
f 269//269 81//81 225//225
f 80//80 81//81 269//269
f 120//120 81//81 80//80
f 222//222 117//117 276//276
f 80//80 79//79 83//83
f 120//120 221//221 78//78
f 120//120 78//78 81//81
f 78//78 221//221 220//220
f 180//180 181//181 99//99
f 99//99 77//77 100//100
f 77//77 283//283 110//110
f 100//100 77//77 110//110
f 175//175 176//176 102//102
f 176//176 101//101 102//102
f 84//84 109//109 89//89
f 102//102 84//84 89//89
f 102//102 101//101 84//84
f 100//100 84//84 101//101
f 98//98 88//88 97//97
f 94//94 104//104 35//35
f 103//103 94//94 35//35
f 177//177 88//88 86//86
f 123//123 124//124 33//33
f 95//95 102//102 89//89
f 114//114 95//95 89//89
f 114//114 89//89 109//109
f 87//87 90//90 83//83
f 94//94 91//91 104//104
f 124//124 119//119 103//103
f 126//126 116//116 93//93
f 93//93 92//92 126//126
f 91//91 122//122 90//90
f 91//91 90//90 104//104
f 118//118 119//119 85//85
f 85//85 121//121 222//222
f 221//221 118//118 85//85
f 221//221 120//120 118//118
f 121//121 117//117 222//222
f 119//119 121//121 85//85
f 88//88 87//87 86//86
f 87//87 83//83 86//86
f 178//178 96//96 258//258
f 177//177 96//96 178//178
f 97//97 88//88 177//177
f 80//80 269//269 227//227
f 122//122 120//120 80//80
f 83//83 90//90 122//122
f 87//87 105//105 90//90
f 105//105 34//34 90//90
f 153//153 99//99 100//100
f 100//100 101//101 153//153
f 100//100 110//110 84//84
f 104//104 90//90 34//34
f 88//88 105//105 87//87
f 117//117 106//106 276//276
f 106//106 113//113 280//280
f 110//110 111//111 84//84
f 84//84 111//111 108//108
f 123//123 33//33 116//116
f 123//123 116//116 125//125
f 126//126 125//125 116//116
f 126//126 92//92 112//112
f 126//126 112//112 113//113
f 84//84 108//108 109//109
f 112//112 92//92 115//115
f 32//32 112//112 115//115
f 111//111 278//278 107//107
f 107//107 280//280 112//112
f 113//113 112//112 280//280
f 110//110 278//278 111//111
f 111//111 107//107 112//112
f 112//112 32//32 108//108
f 112//112 108//108 111//111
f 109//109 32//32 114//114
f 119//119 94//94 103//103
f 222//222 221//221 85//85
f 120//120 91//91 118//118
f 122//122 91//91 120//120
f 83//83 122//122 80//80
f 117//117 125//125 106//106
f 125//125 126//126 113//113
f 125//125 113//113 106//106
f 94//94 118//118 91//91
f 94//94 119//119 118//118
f 123//123 117//117 121//121
f 123//123 121//121 124//124
f 119//119 124//124 121//121
f 123//123 125//125 117//117
f 327//327 136//136 328//328
f 331//331 99//99 127//127
f 329//329 322//322 129//129
f 329//329 129//129 133//133
f 136//136 135//135 177//177
f 135//135 171//171 177//177
f 134//134 136//136 327//327
f 134//134 135//135 136//136
f 326//326 132//132 135//135
f 326//326 135//135 134//134
f 132//132 171//171 135//135
f 325//325 131//131 132//132
f 325//325 132//132 326//326
f 133//133 130//130 980//980
f 133//133 129//129 130//130
f 980//980 130//130 150//150
f 980//980 150//150 300//300
f 130//130 151//151 150//150
f 130//130 168//168 151//151
f 376//376 165//165 170//170
f 129//129 142//142 168//168
f 129//129 168//168 130//130
f 322//322 142//142 129//129
f 99//99 153//153 127//127
f 161//161 127//127 128//128
f 127//127 153//153 128//128
f 139//139 176//176 175//175
f 139//139 137//137 176//176
f 149//149 148//148 138//138
f 149//149 138//138 137//137
f 149//149 137//137 139//139
f 128//128 137//137 138//138
f 176//176 137//137 153//153
f 155//155 141//141 147//147
f 154//154 146//146 69//69
f 145//145 69//69 146//146
f 76//76 97//97 166//166
f 175//175 37//37 149//149
f 166//166 177//177 171//171
f 147//147 141//141 140//140
f 154//154 170//170 146//146
f 154//154 147//147 140//140
f 154//154 140//140 170//170
f 37//37 39//39 148//148
f 55//55 162//162 163//163
f 55//55 163//163 36//36
f 155//155 172//172 141//141
f 174//174 145//145 146//146
f 145//145 174//174 164//164
f 145//145 164//164 144//144
f 162//162 55//55 144//144
f 162//162 144//144 164//164
f 152//152 172//172 155//155
f 37//37 148//148 149//149
f 76//76 166//166 167//167
f 322//322 140//140 142//142
f 170//170 140//140 322//322
f 171//171 173//173 166//166
f 328//328 136//136 178//178
f 136//136 177//177 178//178
f 177//177 166//166 97//97
f 300//300 150//150 325//325
f 150//150 151//151 131//131
f 150//150 131//131 325//325
f 169//169 173//173 151//151
f 169//169 151//151 168//168
f 169//169 167//167 173//173
f 167//167 152//152 143//143
f 101//101 176//176 153//153
f 175//175 149//149 139//139
f 128//128 153//153 137//137
f 147//147 154//154 75//75
f 155//155 147//147 75//75
f 76//76 167//167 143//143
f 156//156 165//165 376//376
f 373//373 157//157 156//156
f 158//158 128//128 138//138
f 161//161 128//128 159//159
f 159//159 128//128 158//158
f 148//148 38//38 163//163
f 148//148 39//39 38//38
f 156//156 174//174 165//165
f 162//162 164//164 157//157
f 148//148 158//158 138//138
f 160//160 163//163 162//162
f 160//160 372//372 159//159
f 159//159 158//158 160//160
f 160//160 158//158 163//163
f 163//163 158//158 148//148
f 175//175 95//95 37//37
f 169//169 172//172 152//152
f 140//140 141//141 142//142
f 322//322 376//376 170//170
f 141//141 172//172 168//168
f 141//141 168//168 142//142
f 173//173 171//171 132//132
f 131//131 173//173 132//132
f 172//172 169//169 168//168
f 146//146 170//170 165//165
f 166//166 173//173 167//167
f 151//151 173//173 131//131
f 169//169 152//152 167//167
f 174//174 146//146 165//165
f 157//157 164//164 174//174
f 297//297 215//215 190//190
f 620//620 240//240 255//255
f 180//180 190//190 215//215
f 211//211 593//593 213//213
f 258//258 230//230 204//204
f 110//110 283//283 279//279
f 277//277 273//273 281//281
f 308//308 358//358 307//307
f 337//337 992//992 350//350
f 350//350 351//351 337//337
f 972//972 365//365 311//311
f 303//303 307//307 304//304
f 327//327 328//328 307//307
f 371//371 374//374 1021//1021
f 375//375 374//374 371//371
f 393//393 400//400 270//270
f 270//270 623//623 393//393
f 184//184 252//252 250//250
f 400//400 248//248 270//270
f 183//183 290//290 289//289
f 252//252 184//184 183//183
f 209//209 212//212 287//287
f 209//209 287//287 219//219
f 261//261 205//205 247//247
f 253//253 349//349 246//246
f 258//258 204//204 262//262
f 215//215 384//384 186//186
f 215//215 297//297 384//384
f 259//259 260//260 206//206
f 259//259 206//206 207//207
f 259//259 207//207 261//261
f 262//262 204//204 263//263
f 186//186 192//192 215//215
f 385//385 657//657 185//185
f 385//385 185//185 186//186
f 385//385 191//191 657//657
f 182//182 270//270 248//248
f 182//182 623//623 270//270
f 619//619 201//201 254//254
f 245//245 249//249 246//246
f 245//245 244//244 249//249
f 244//244 242//242 249//249
f 620//620 616//616 240//240
f 247//247 245//245 246//246
f 241//241 243//243 184//184
f 241//241 184//184 250//250
f 239//239 243//243 241//241
f 238//238 194//194 243//243
f 238//238 243//243 239//239
f 243//243 237//237 184//184
f 194//194 237//237 243//243
f 242//242 241//241 250//250
f 240//240 241//241 242//242
f 616//616 239//239 241//241
f 616//616 241//241 240//240
f 605//605 238//238 239//239
f 605//605 239//239 616//616
f 184//184 237//237 236//236
f 184//184 236//236 183//183
f 183//183 236//236 235//235
f 183//183 235//235 290//290
f 216//216 219//219 288//288
f 234//234 213//213 217//217
f 288//288 219//219 287//287
f 180//180 233//233 181//181
f 181//181 233//233 232//232
f 180//180 214//214 233//233
f 282//282 287//287 234//234
f 283//283 232//232 287//287
f 283//283 287//287 282//282
f 214//214 288//288 233//233
f 226//226 231//231 208//208
f 226//226 208//208 197//197
f 224//224 193//193 208//208
f 224//224 208//208 231//231
f 220//220 223//223 224//224
f 220//220 224//224 231//231
f 220//220 221//221 222//222
f 220//220 222//222 223//223
f 229//229 228//228 198//198
f 229//229 198//198 230//230
f 228//228 227//227 198//198
f 225//225 226//226 197//197
f 225//225 197//197 195//195
f 269//269 225//225 195//195
f 269//269 195//195 268//268
f 224//224 286//286 285//285
f 224//224 285//285 193//193
f 223//223 284//284 286//286
f 223//223 286//286 224//224
f 222//222 276//276 284//284
f 222//222 284//284 223//223
f 190//190 180//180 99//99
f 219//219 218//218 209//209
f 218//218 185//185 612//612
f 218//218 192//192 185//185
f 216//216 192//192 218//218
f 218//218 219//219 216//216
f 213//213 287//287 212//212
f 234//234 287//287 213//213
f 215//215 214//214 180//180
f 215//215 216//216 214//214
f 213//213 593//593 217//217
f 212//212 211//211 213//213
f 211//211 210//210 645//645
f 212//212 210//210 211//211
f 212//212 209//209 210//210
f 210//210 595//595 645//645
f 209//209 595//595 210//210
f 209//209 612//612 595//595
f 192//192 186//186 185//185
f 657//657 191//191 598//598
f 185//185 657//657 612//612
f 197//197 208//208 602//602
f 193//193 600//600 602//602
f 193//193 602//602 208//208
f 264//264 265//265 202//202
f 205//205 256//256 201//201
f 256//256 200//200 203//203
f 265//265 264//264 200//200
f 265//265 200//200 256//256
f 264//264 202//202 267//267
f 230//230 198//198 199//199
f 230//230 199//199 204//204
f 195//195 197//197 625//625
f 195//195 625//625 610//610
f 268//268 195//195 610//610
f 268//268 610//610 196//196
f 187//187 189//189 194//194
f 187//187 194//194 238//238
f 189//189 237//237 194//194
f 236//236 644//644 235//235
f 579//579 187//187 238//238
f 579//579 238//238 605//605
f 193//193 285//285 653//653
f 193//193 653//653 600//600
f 644//644 658//658 596//596
f 637//637 189//189 187//187
f 189//189 188//188 237//237
f 188//188 236//236 237//237
f 188//188 644//644 236//236
f 637//637 187//187 579//579
f 290//290 400//400 289//289
f 624//624 394//394 623//623
f 182//182 644//644 596//596
f 77//77 181//181 283//283
f 283//283 181//181 232//232
f 389//389 249//249 242//242
f 391//391 249//249 389//389
f 389//389 392//392 391//391
f 251//251 392//392 389//389
f 250//250 389//389 242//242
f 250//250 251//251 389//389
f 252//252 390//390 251//251
f 252//252 251//251 250//250
f 289//289 252//252 183//183
f 393//393 386//386 400//400
f 257//257 249//249 391//391
f 249//249 257//257 253//253
f 261//261 247//247 349//349
f 205//205 201//201 619//619
f 619//619 255//255 245//245
f 246//246 249//249 253//253
f 255//255 244//244 245//245
f 240//240 242//242 244//244
f 240//240 244//244 255//255
f 265//265 206//206 263//263
f 265//265 263//263 202//202
f 203//203 201//201 256//256
f 207//207 256//256 205//205
f 247//247 246//246 349//349
f 178//178 258//258 262//262
f 178//178 262//262 179//179
f 259//259 266//266 260//260
f 619//619 245//245 247//247
f 206//206 265//265 256//256
f 206//206 256//256 207//207
f 247//247 205//205 619//619
f 205//205 261//261 207//207
f 263//263 206//206 260//260
f 260//260 262//262 263//263
f 202//202 204//204 199//199
f 202//202 199//199 267//267
f 267//267 200//200 264//264
f 200//200 267//267 628//628
f 560//560 196//196 610//610
f 560//560 610//610 561//561
f 204//204 202//202 263//263
f 266//266 179//179 262//262
f 266//266 262//262 260//260
f 199//199 196//196 267//267
f 196//196 560//560 267//267
f 198//198 268//268 196//196
f 198//198 196//196 199//199
f 227//227 269//269 268//268
f 227//227 268//268 198//198
f 267//267 560//560 628//628
f 248//248 290//290 182//182
f 290//290 248//248 400//400
f 364//364 191//191 365//365
f 385//385 365//365 191//191
f 272//272 277//277 271//271
f 286//286 272//272 271//271
f 286//286 271//271 285//285
f 284//284 276//276 272//272
f 284//284 272//272 286//286
f 271//271 277//277 652//652
f 271//271 652//652 654//654
f 277//277 281//281 651//651
f 285//285 271//271 654//654
f 285//285 654//654 653//653
f 106//106 280//280 276//276
f 276//276 280//280 273//273
f 282//282 234//234 275//275
f 282//282 275//275 274//274
f 276//276 273//273 272//272
f 281//281 273//273 274//274
f 274//274 275//275 281//281
f 279//279 283//283 282//282
f 274//274 278//278 279//279
f 274//274 107//107 278//278
f 277//277 651//651 652//652
f 272//272 273//273 277//277
f 282//282 274//274 279//279
f 278//278 110//110 279//279
f 273//273 280//280 107//107
f 107//107 274//274 273//273
f 624//624 364//364 398//398
f 234//234 217//217 275//275
f 232//232 288//288 287//287
f 214//214 216//216 288//288
f 215//215 192//192 216//216
f 233//233 288//288 232//232
f 218//218 612//612 209//209
f 290//290 235//235 182//182
f 235//235 644//644 182//182
f 401//401 363//363 417//417
f 346//346 347//347 342//342
f 363//363 406//406 417//417
f 406//406 334//334 415//415
f 334//334 335//335 345//345
f 334//334 345//345 415//415
f 335//335 295//295 345//345
f 295//295 339//339 347//347
f 295//295 347//347 345//345
f 339//339 342//342 347//347
f 365//365 1023//1023 364//364
f 353//353 261//261 349//349
f 353//353 309//309 261//261
f 307//307 328//328 355//355
f 382//382 297//297 190//190
f 296//296 311//311 365//365
f 306//306 266//266 259//259
f 306//306 259//259 309//309
f 308//308 307//307 355//355
f 308//308 355//355 356//356
f 186//186 384//384 296//296
f 186//186 296//296 385//385
f 383//383 311//311 296//296
f 99//99 331//331 190//190
f 292//292 362//362 343//343
f 292//292 334//334 362//362
f 1011//1011 362//362 363//363
f 1011//1011 401//401 1009//1009
f 1010//1010 994//994 1009//1009
f 1009//1009 1031//1031 1011//1011
f 972//972 1023//1023 365//365
f 354//354 351//351 341//341
f 257//257 354//354 253//253
f 257//257 351//351 354//354
f 342//342 351//351 257//257
f 339//339 351//351 342//342
f 341//341 353//353 354//354
f 295//295 340//340 339//339
f 295//295 299//299 338//338
f 295//295 338//338 340//340
f 299//299 336//336 338//338
f 335//335 299//299 295//295
f 335//335 294//294 299//299
f 340//340 337//337 339//339
f 340//340 338//338 337//337
f 338//338 336//336 337//337
f 334//334 293//293 294//294
f 334//334 294//294 335//335
f 334//334 292//292 293//293
f 380//380 330//330 381//381
f 332//332 321//321 382//382
f 321//321 317//317 382//382
f 344//344 319//319 330//330
f 319//319 320//320 333//333
f 320//320 332//332 333//333
f 316//316 344//344 330//330
f 316//316 330//330 380//380
f 320//320 321//321 332//332
f 319//319 344//344 320//320
f 291//291 331//331 127//127
f 370//370 381//381 368//368
f 381//381 330//330 368//368
f 330//330 367//367 368//368
f 319//319 333//333 161//161
f 319//319 161//161 367//367
f 333//333 291//291 161//161
f 318//318 381//381 370//370
f 310//310 329//329 133//133
f 310//310 133//133 980//980
f 310//310 975//975 324//324
f 310//310 324//324 329//329
f 324//324 323//323 329//329
f 323//323 322//322 329//329
f 376//376 322//322 323//323
f 303//303 134//134 327//327
f 303//303 327//327 307//307
f 303//303 326//326 134//134
f 301//301 325//325 326//326
f 301//301 326//326 303//303
f 379//379 378//378 324//324
f 379//379 324//324 975//975
f 378//378 323//323 324//324
f 378//378 377//377 323//323
f 377//377 376//376 323//323
f 313//313 321//321 344//344
f 984//984 321//321 313//313
f 984//984 383//383 321//321
f 382//382 190//190 331//331
f 382//382 317//317 297//297
f 318//318 316//316 380//380
f 315//315 344//344 316//316
f 965//965 964//964 318//318
f 965//965 318//318 1026//1026
f 316//316 318//318 964//964
f 964//964 315//315 316//316
f 315//315 312//312 344//344
f 963//963 315//315 964//964
f 1028//1028 314//314 315//315
f 1028//1028 315//315 963//963
f 314//314 312//312 315//315
f 1028//1028 926//926 314//314
f 926//926 1025//1025 314//314
f 1025//1025 312//312 314//314
f 313//313 312//312 1025//1025
f 313//313 344//344 312//312
f 311//311 383//383 984//984
f 383//383 296//296 384//384
f 384//384 297//297 317//317
f 384//384 317//317 383//383
f 982//982 310//310 980//980
f 982//982 975//975 310//310
f 352//352 358//358 306//306
f 352//352 306//306 309//309
f 358//358 357//357 304//304
f 302//302 304//304 357//357
f 302//302 357//357 914//914
f 978//978 357//357 352//352
f 301//301 303//303 304//304
f 981//981 980//980 300//300
f 981//981 300//300 979//979
f 979//979 300//300 361//361
f 979//979 361//361 360//360
f 299//299 298//298 336//336
f 294//294 298//298 299//299
f 971//971 292//292 343//343
f 294//294 293//293 938//938
f 294//294 938//938 298//298
f 292//292 1007//1007 293//293
f 298//298 938//938 937//937
f 406//406 363//363 362//362
f 401//401 1011//1011 363//363
f 161//161 291//291 127//127
f 348//348 347//347 346//346
f 347//347 348//348 345//345
f 348//348 415//415 345//345
f 391//391 346//346 257//257
f 257//257 346//346 342//342
f 341//341 305//305 353//353
f 351//351 350//350 341//341
f 351//351 339//339 337//337
f 308//308 306//306 358//358
f 352//352 309//309 305//305
f 349//349 253//253 354//354
f 349//349 354//354 353//353
f 355//355 328//328 178//178
f 355//355 178//178 179//179
f 309//309 259//259 261//261
f 356//356 355//355 179//179
f 978//978 352//352 305//305
f 353//353 305//305 309//309
f 358//358 304//304 307//307
f 357//357 358//358 352//352
f 266//266 306//306 308//308
f 266//266 308//308 356//356
f 301//301 304//304 302//302
f 356//356 179//179 266//266
f 359//359 360//360 302//302
f 360//360 301//301 302//302
f 360//360 361//361 301//301
f 361//361 300//300 325//325
f 361//361 325//325 301//301
f 914//914 359//359 302//302
f 343//343 362//362 1011//1011
f 406//406 362//362 334//334
f 1023//1023 402//402 364//364
f 365//365 385//385 296//296
f 374//374 375//375 366//366
f 366//366 375//375 378//378
f 366//366 378//378 379//379
f 375//375 377//377 378//378
f 377//377 156//156 376//376
f 1022//1022 374//374 366//366
f 1021//1021 374//374 1022//1022
f 370//370 368//368 371//371
f 370//370 371//371 1021//1021
f 377//377 373//373 156//156
f 368//368 367//367 369//369
f 371//371 368//368 369//369
f 372//372 369//369 367//367
f 160//160 369//369 372//372
f 375//375 371//371 377//377
f 369//369 373//373 371//371
f 367//367 161//161 372//372
f 372//372 161//161 159//159
f 157//157 373//373 369//369
f 157//157 369//369 160//160
f 371//371 373//373 377//377
f 402//402 398//398 364//364
f 1023//1023 1010//1010 402//402
f 318//318 380//380 381//381
f 383//383 317//317 321//321
f 330//330 319//319 367//367
f 333//333 332//332 291//291
f 332//332 331//331 291//291
f 332//332 382//382 331//331
f 313//313 1025//1025 984//984
f 1007//1007 292//292 971//971
f 344//344 321//321 320//320
f 387//387 386//386 393//393
f 394//394 393//393 623//623
f 403//403 397//397 399//399
f 398//398 403//403 399//399
f 399//399 624//624 398//398
f 391//391 392//392 412//412
f 396//396 428//428 388//388
f 421//421 387//387 388//388
f 387//387 395//395 388//388
f 420//420 386//386 387//387
f 425//425 390//390 420//420
f 392//392 425//425 412//412
f 251//251 390//390 392//392
f 390//390 425//425 392//392
f 386//386 420//420 390//390
f 396//396 388//388 395//395
f 396//396 395//395 397//397
f 400//400 252//252 289//289
f 394//394 387//387 393//393
f 403//403 418//418 397//397
f 396//396 397//397 418//418
f 399//399 397//397 395//395
f 399//399 395//395 394//394
f 387//387 394//394 395//395
f 624//624 399//399 394//394
f 252//252 386//386 390//390
f 400//400 386//386 252//252
f 418//418 403//403 405//405
f 1010//1010 403//403 402//402
f 413//413 348//348 346//346
f 413//413 346//346 391//391
f 411//411 417//417 407//407
f 417//417 409//409 419//419
f 415//415 348//348 407//407
f 406//406 415//415 407//407
f 530//530 414//414 424//424
f 422//422 396//396 414//414
f 422//422 414//414 530//530
f 413//413 410//410 408//408
f 424//424 404//404 513//513
f 423//423 404//404 411//411
f 410//410 413//413 506//506
f 416//416 424//424 414//414
f 416//416 409//409 424//424
f 409//409 404//404 424//424
f 408//408 407//407 348//348
f 413//413 408//408 348//348
f 408//408 410//410 407//407
f 410//410 411//411 407//407
f 416//416 414//414 418//418
f 412//412 413//413 391//391
f 419//419 401//401 417//417
f 411//411 404//404 417//417
f 401//401 419//419 1010//1010
f 401//401 1010//1010 1009//1009
f 405//405 416//416 418//418
f 418//418 414//414 396//396
f 405//405 403//403 409//409
f 409//409 416//416 405//405
f 404//404 409//409 417//417
f 402//402 403//403 398//398
f 403//403 1010//1010 419//419
f 403//403 419//419 409//409
f 417//417 406//406 407//407
f 420//420 439//439 425//425
f 425//425 447//447 412//412
f 387//387 433//433 420//420
f 387//387 421//421 433//433
f 530//530 424//424 513//513
f 506//506 413//413 412//412
f 502//502 423//423 411//411
f 404//404 423//423 513//513
f 506//506 509//509 410//410
f 411//411 410//410 502//502
f 422//422 428//428 396//396
f 483//483 550//550 480//480
f 522//522 492//492 545//545
f 531//531 456//456 544//544
f 433//433 473//473 429//429
f 432//432 466//466 455//455
f 458//458 466//466 432//432
f 450//450 429//429 473//473
f 433//433 439//439 420//420
f 433//433 438//438 439//439
f 433//433 429//429 438//438
f 429//429 463//463 438//438
f 463//463 460//460 437//437
f 439//439 457//457 447//447
f 457//457 437//437 435//435
f 457//457 435//435 436//436
f 437//437 460//460 435//435
f 435//435 460//460 441//441
f 457//457 436//436 447//447
f 436//436 435//435 434//434
f 435//435 441//441 434//434
f 447//447 436//436 494//494
f 447//447 494//494 503//503
f 436//436 434//434 494//494
f 459//459 460//460 431//431
f 459//459 431//431 430//430
f 460//460 461//461 431//431
f 459//459 441//441 460//460
f 461//461 460//460 463//463
f 461//461 463//463 462//462
f 461//461 462//462 451//451
f 461//461 451//451 431//431
f 451//451 452//452 431//431
f 431//431 452//452 430//430
f 448//448 432//432 453//453
f 453//453 454//454 449//449
f 453//453 456//456 454//454
f 516//516 459//459 444//444
f 426//426 442//442 524//524
f 443//443 459//459 516//516
f 455//455 456//456 453//453
f 434//434 441//441 443//443
f 459//459 430//430 444//444
f 459//459 443//443 441//441
f 430//430 426//426 444//444
f 430//430 442//442 426//426
f 412//412 503//503 506//506
f 462//462 458//458 432//432
f 442//442 448//448 449//449
f 442//442 449//449 518//518
f 439//439 447//447 425//425
f 412//412 447//447 503//503
f 448//448 453//453 449//449
f 462//462 432//432 451//451
f 451//451 432//432 448//448
f 451//451 448//448 452//452
f 429//429 458//458 462//462
f 450//450 458//458 429//429
f 452//452 448//448 442//442
f 442//442 518//518 524//524
f 452//452 442//442 430//430
f 432//432 455//455 453//453
f 439//439 438//438 457//457
f 457//457 438//438 437//437
f 437//437 438//438 463//463
f 463//463 429//429 462//462
f 445//445 478//478 466//466
f 465//465 421//421 388//388
f 464//464 465//465 388//388
f 428//428 464//464 388//388
f 469//469 467//467 465//465
f 466//466 458//458 450//450
f 445//445 466//466 450//450
f 450//450 467//467 469//469
f 467//467 421//421 465//465
f 469//469 465//465 464//464
f 470//470 469//469 464//464
f 427//427 468//468 471//471
f 470//470 464//464 490//490
f 514//514 470//470 490//490
f 428//428 512//512 464//464
f 468//468 470//470 471//471
f 468//468 446//446 470//470
f 427//427 471//471 514//514
f 472//472 471//471 470//470
f 514//514 472//472 470//470
f 475//475 440//440 473//473
f 475//475 473//473 467//467
f 474//474 475//475 467//467
f 474//474 440//440 475//475
f 440//440 450//450 473//473
f 474//474 450//450 440//440
f 468//468 476//476 479//479
f 468//468 479//479 445//445
f 479//479 477//477 478//478
f 476//476 477//477 479//479
f 476//476 468//468 543//543
f 544//544 456//456 455//455
f 476//476 544//544 477//477
f 543//543 468//468 427//427
f 478//478 477//477 466//466
f 474//474 467//467 450//450
f 446//446 445//445 450//450
f 544//544 455//455 477//477
f 477//477 455//455 466//466
f 468//468 445//445 446//446
f 473//473 433//433 467//467
f 472//472 481//481 484//484
f 472//472 484//484 480//480
f 480//480 548//548 471//471
f 481//481 485//485 484//484
f 485//485 487//487 484//484
f 480//480 550//550 548//548
f 484//484 487//487 483//483
f 480//480 484//484 483//483
f 482//482 485//485 481//481
f 553//553 487//487 485//485
f 481//481 472//472 482//482
f 480//480 471//471 472//472
f 486//486 550//550 483//483
f 486//486 483//483 488//488
f 488//488 483//483 487//487
f 556//556 486//486 488//488
f 489//489 488//488 487//487
f 555//555 556//556 488//488
f 555//555 488//488 489//489
f 446//446 450//450 469//469
f 469//469 470//470 446//446
f 421//421 467//467 433//433
f 538//538 423//423 537//537
f 491//491 522//522 538//538
f 531//531 525//525 496//496
f 525//525 492//492 498//498
f 500//500 527//527 491//491
f 511//511 537//537 502//502
f 511//511 491//491 537//537
f 508//508 526//526 509//509
f 510//510 526//526 508//508
f 507//507 510//510 508//508
f 505//505 508//508 509//509
f 504//504 507//507 508//508
f 504//504 508//508 505//505
f 505//505 509//509 503//503
f 493//493 504//504 505//505
f 501//501 507//507 504//504
f 494//494 505//505 503//503
f 493//493 505//505 494//494
f 502//502 537//537 423//423
f 491//491 538//538 537//537
f 500//500 501//501 497//497
f 507//507 501//501 500//500
f 510//510 507//507 500//500
f 510//510 500//500 491//491
f 499//499 527//527 500//500
f 498//498 527//527 499//499
f 497//497 499//499 500//500
f 523//523 499//499 497//497
f 523//523 498//498 499//499
f 496//496 525//525 498//498
f 496//496 498//498 521//521
f 495//495 523//523 497//497
f 434//434 493//493 494//494
f 519//519 516//516 444//444
f 426//426 519//519 444//444
f 524//524 519//519 426//426
f 443//443 517//517 493//493
f 443//443 493//493 434//434
f 516//516 517//517 443//443
f 449//449 454//454 496//496
f 456//456 531//531 454//454
f 517//517 504//504 493//493
f 517//517 501//501 504//504
f 497//497 501//501 516//516
f 497//497 516//516 519//519
f 501//501 517//517 516//516
f 519//519 495//495 497//497
f 524//524 495//495 519//519
f 449//449 521//521 518//518
f 509//509 526//526 410//410
f 503//503 509//509 506//506
f 449//449 496//496 521//521
f 521//521 498//498 523//523
f 492//492 522//522 527//527
f 521//521 523//523 495//495
f 518//518 521//521 495//495
f 518//518 495//495 524//524
f 454//454 531//531 496//496
f 502//502 410//410 526//526
f 511//511 502//502 526//526
f 511//511 526//526 510//510
f 492//492 527//527 498//498
f 527//527 522//522 491//491
f 491//491 511//511 510//510
f 490//490 464//464 512//512
f 529//529 534//534 535//535
f 529//529 533//533 534//534
f 513//513 512//512 530//530
f 513//513 546//546 512//512
f 532//532 546//546 513//513
f 546//546 557//557 535//535
f 492//492 520//520 545//545
f 557//557 546//546 532//532
f 423//423 532//532 513//513
f 546//546 514//514 490//490
f 535//535 534//534 514//514
f 546//546 535//535 514//514
f 422//422 512//512 428//428
f 530//530 512//512 422//422
f 545//545 535//535 557//557
f 545//545 529//529 535//535
f 520//520 536//536 528//528
f 546//546 490//490 512//512
f 520//520 528//528 545//545
f 547//547 514//514 471//471
f 542//542 515//515 539//539
f 540//540 515//515 542//542
f 538//538 540//540 542//542
f 539//539 538//538 542//542
f 541//541 522//522 515//515
f 540//540 541//541 515//515
f 522//522 541//541 540//540
f 515//515 522//522 539//539
f 538//538 522//522 540//540
f 533//533 528//528 476//476
f 545//545 528//528 529//529
f 528//528 533//533 529//529
f 472//472 514//514 547//547
f 534//534 427//427 514//514
f 534//534 543//543 427//427
f 533//533 543//543 534//534
f 533//533 476//476 543//543
f 531//531 544//544 536//536
f 528//528 536//536 476//476
f 536//536 544//544 476//476
f 525//525 531//531 520//520
f 539//539 545//545 557//557
f 539//539 557//557 532//532
f 532//532 423//423 539//539
f 520//520 531//531 536//536
f 545//545 539//539 522//522
f 492//492 525//525 520//520
f 551//551 552//552 547//547
f 551//551 547//547 471//471
f 552//552 482//482 547//547
f 548//548 551//551 471//471
f 553//553 482//482 552//552
f 550//550 554//554 551//551
f 550//550 551//551 548//548
f 554//554 549//549 551//551
f 549//549 553//553 552//552
f 549//549 552//552 551//551
f 553//553 485//485 482//482
f 472//472 547//547 482//482
f 549//549 555//555 553//553
f 549//549 554//554 556//556
f 554//554 550//550 486//486
f 554//554 486//486 556//556
f 549//549 556//556 555//555
f 555//555 487//487 553//553
f 538//538 539//539 423//423
f 613//613 621//621 614//614
f 601//601 572//572 573//573
f 640//640 639//639 584//584
f 558//558 603//603 559//559
f 564//564 565//565 660//660
f 651//651 654//654 652//652
f 622//622 621//621 623//623
f 364//364 621//621 613//613
f 614//614 621//621 622//622
f 620//620 255//255 254//254
f 618//618 606//606 605//605
f 607//607 606//606 618//618
f 607//607 636//636 606//606
f 607//607 632//632 636//636
f 203//203 617//617 254//254
f 203//203 609//609 617//617
f 254//254 255//255 619//619
f 617//617 620//620 254//254
f 620//620 605//605 616//616
f 620//620 618//618 605//605
f 617//617 618//618 620//620
f 617//617 607//607 618//618
f 617//617 608//608 607//607
f 217//217 611//611 275//275
f 598//598 364//364 613//613
f 613//613 615//615 595//595
f 622//622 596//596 614//614
f 612//612 598//598 613//613
f 612//612 613//613 595//595
f 615//615 614//614 589//589
f 602//602 600//600 601//601
f 602//602 601//601 573//573
f 626//626 603//603 604//604
f 626//626 604//604 625//625
f 625//625 197//197 602//602
f 654//654 651//651 650//650
f 649//649 611//611 656//656
f 651//651 611//611 649//649
f 200//200 609//609 203//203
f 608//608 632//632 607//607
f 608//608 563//563 635//635
f 561//561 604//604 629//629
f 561//561 629//629 628//628
f 561//561 625//625 604//604
f 609//609 608//608 617//617
f 609//609 563//563 608//608
f 605//605 606//606 579//579
f 562//562 558//558 635//635
f 629//629 604//604 603//603
f 603//603 626//626 627//627
f 603//603 627//627 559//559
f 601//601 599//599 571//571
f 601//601 571//571 572//572
f 600//600 653//653 599//599
f 600//600 599//599 601//601
f 599//599 650//650 571//571
f 653//653 654//654 650//650
f 653//653 650//650 599//599
f 598//598 191//191 364//364
f 596//596 658//658 655//655
f 655//655 658//658 594//594
f 595//595 615//615 646//646
f 646//646 645//645 595//595
f 589//589 597//597 591//591
f 614//614 596//596 589//589
f 615//615 589//589 646//646
f 645//645 646//646 592//592
f 566//566 567//567 568//568
f 647//647 566//566 659//659
f 567//567 566//566 647//647
f 647//647 631//631 648//648
f 659//659 631//631 647//647
f 211//211 592//592 648//648
f 592//592 647//647 648//648
f 567//567 590//590 591//591
f 590//590 567//567 592//592
f 567//567 647//647 592//592
f 590//590 589//589 591//591
f 646//646 589//589 590//590
f 646//646 590//590 592//592
f 633//633 570//570 576//576
f 659//659 569//569 570//570
f 570//570 569//569 576//576
f 569//569 659//659 691//691
f 569//569 672//672 576//576
f 588//588 189//189 637//637
f 189//189 642//642 188//188
f 588//588 642//642 189//189
f 587//587 585//585 642//642
f 587//587 642//642 588//588
f 697//697 585//585 587//587
f 698//698 638//638 583//583
f 577//577 576//576 672//672
f 579//579 584//584 637//637
f 579//579 606//606 584//584
f 639//639 583//583 638//638
f 637//637 584//584 639//639
f 583//583 580//580 698//698
f 606//606 636//636 584//584
f 580//580 564//564 698//698
f 640//640 580//580 583//583
f 640//640 583//583 639//639
f 584//584 581//581 582//582
f 636//636 581//581 584//584
f 636//636 632//632 581//581
f 641//641 564//564 580//580
f 581//581 630//630 578//578
f 578//578 577//577 565//565
f 578//578 575//575 577//577
f 630//630 575//575 578//578
f 635//635 558//558 632//632
f 575//575 576//576 577//577
f 574//574 576//576 575//575
f 574//574 559//559 627//627
f 574//574 633//633 576//576
f 574//574 627//627 572//572
f 574//574 572//572 633//633
f 573//573 572//572 627//627
f 633//633 572//572 571//571
f 571//571 650//650 634//634
f 659//659 649//649 631//631
f 649//649 656//656 631//631
f 649//649 634//634 650//650
f 659//659 566//566 691//691
f 567//567 591//591 568//568
f 562//562 635//635 563//563
f 628//628 560//560 561//561
f 563//563 609//609 200//200
f 201//201 203//203 254//254
f 626//626 625//625 602//602
f 561//561 610//610 625//625
f 626//626 602//602 573//573
f 626//626 573//573 627//627
f 628//628 563//563 200//200
f 628//628 562//562 563//563
f 629//629 562//562 628//628
f 603//603 558//558 562//562
f 603//603 562//562 629//629
f 656//656 648//648 631//631
f 632//632 558//558 630//630
f 630//630 559//559 575//575
f 558//558 559//559 630//630
f 633//633 571//571 570//570
f 570//570 571//571 634//634
f 570//570 634//634 659//659
f 659//659 634//634 649//649
f 575//575 559//559 574//574
f 581//581 632//632 630//630
f 608//608 635//635 632//632
f 639//639 588//588 637//637
f 638//638 697//697 587//587
f 587//587 639//639 638//638
f 588//588 639//639 587//587
f 584//584 582//582 640//640
f 580//580 640//640 582//582
f 641//641 565//565 564//564
f 641//641 580//580 582//582
f 581//581 578//578 582//582
f 641//641 582//582 578//578
f 641//641 578//578 565//565
f 642//642 644//644 188//188
f 642//642 586//586 644//644
f 585//585 586//586 642//642
f 585//585 643//643 586//586
f 585//585 682//682 643//643
f 586//586 594//594 658//658
f 586//586 658//658 644//644
f 643//643 594//594 586//586
f 682//682 594//594 643//643
f 655//655 594//594 682//682
f 655//655 682//682 667//667
f 622//622 623//623 182//182
f 624//624 623//623 621//621
f 211//211 648//648 593//593
f 593//593 648//648 656//656
f 645//645 592//592 211//211
f 613//613 614//614 615//615
f 589//589 596//596 597//597
f 591//591 597//597 662//662
f 651//651 649//649 650//650
f 611//611 281//281 275//275
f 651//651 281//281 611//611
f 182//182 596//596 622//622
f 624//624 621//621 364//364
f 597//597 655//655 667//667
f 597//597 667//667 662//662
f 596//596 655//655 597//597
f 217//217 593//593 611//611
f 656//656 611//611 593//593
f 657//657 598//598 612//612
f 661//661 679//679 697//697
f 661//661 698//698 677//677
f 668//668 691//691 566//566
f 663//663 566//566 669//669
f 663//663 685//685 668//668
f 685//685 690//690 691//691
f 678//678 680//680 689//689
f 660//660 577//577 674//674
f 660//660 674//674 665//665
f 674//674 670//670 665//665
f 674//674 577//577 672//672
f 672//672 569//569 673//673
f 673//673 569//569 684//684
f 674//674 672//672 675//675
f 670//670 693//693 748//748
f 670//670 748//748 687//687
f 692//692 674//674 675//675
f 692//692 693//693 670//670
f 692//692 670//670 674//674
f 755//755 694//694 669//669
f 577//577 660//660 565//565
f 683//683 568//568 591//591
f 671//671 689//689 680//680
f 676//676 688//688 689//689
f 676//676 689//689 671//671
f 688//688 676//676 687//687
f 664//664 670//670 687//687
f 701//701 669//669 568//568
f 683//683 701//701 568//568
f 683//683 686//686 666//666
f 669//669 566//566 568//568
f 663//663 668//668 566//566
f 662//662 686//686 683//683
f 675//675 672//672 673//673
f 661//661 638//638 698//698
f 679//679 585//585 697//697
f 661//661 680//680 679//679
f 671//671 680//680 661//661
f 677//677 676//676 671//671
f 677//677 671//671 661//661
f 660//660 665//665 664//664
f 661//661 697//697 638//638
f 677//677 698//698 564//564
f 664//664 677//677 660//660
f 677//677 564//564 660//660
f 664//664 676//676 677//677
f 585//585 679//679 682//682
f 680//680 681//681 679//679
f 678//678 681//681 680//680
f 679//679 681//681 682//682
f 678//678 699//699 681//681
f 682//682 681//681 667//667
f 667//667 681//681 699//699
f 662//662 683//683 591//591
f 695//695 685//685 663//663
f 695//695 663//663 694//694
f 663//663 669//669 694//694
f 743//743 686//686 699//699
f 686//686 667//667 699//699
f 662//662 667//667 686//686
f 748//748 749//749 688//688
f 748//748 688//688 687//687
f 676//676 664//664 687//687
f 664//664 665//665 670//670
f 688//688 678//678 689//689
f 749//749 678//678 688//688
f 685//685 696//696 690//690
f 691//691 668//668 685//685
f 685//685 695//695 696//696
f 691//691 684//684 569//569
f 690//690 684//684 691//691
f 692//692 675//675 703//703
f 675//675 673//673 702//702
f 675//675 702//702 703//703
f 695//695 753//753 696//696
f 669//669 756//756 755//755
f 696//696 754//754 690//690
f 684//684 754//754 702//702
f 684//684 702//702 673//673
f 701//701 756//756 669//669
f 666//666 752//752 701//701
f 666//666 701//701 683//683
f 700//700 752//752 666//666
f 700//700 666//666 686//686
f 700//700 686//686 743//743
f 690//690 754//754 684//684
f 706//706 763//763 766//766
f 750//750 751//751 728//728
f 707//707 729//729 708//708
f 708//708 742//742 746//746
f 728//728 715//715 725//725
f 725//725 715//715 722//722
f 725//725 722//722 721//721
f 706//706 762//762 761//761
f 706//706 766//766 767//767
f 706//706 767//767 762//762
f 711//711 732//732 758//758
f 711//711 720//720 732//732
f 744//744 712//712 714//714
f 713//713 744//744 798//798
f 798//798 744//744 714//714
f 764//764 745//745 713//713
f 765//765 713//713 798//798
f 764//764 713//713 765//765
f 727//727 719//719 712//712
f 735//735 761//761 760//760
f 746//746 706//706 708//708
f 744//744 727//727 712//712
f 764//764 763//763 745//745
f 752//752 723//723 724//724
f 752//752 700//700 705//705
f 752//752 705//705 723//723
f 753//753 754//754 696//696
f 726//726 755//755 756//756
f 724//724 756//756 701//701
f 761//761 707//707 708//708
f 761//761 708//708 706//706
f 749//749 730//730 678//678
f 730//730 757//757 678//678
f 757//757 699//699 678//678
f 711//711 721//721 720//720
f 744//744 736//736 727//727
f 736//736 719//719 727//727
f 745//745 736//736 744//744
f 745//745 737//737 736//736
f 710//710 737//737 745//745
f 746//746 710//710 745//745
f 746//746 709//709 710//710
f 742//742 709//709 746//746
f 731//731 716//716 742//742
f 731//731 742//742 729//729
f 709//709 742//742 716//716
f 704//704 738//738 716//716
f 741//741 738//738 704//704
f 717//717 737//737 741//741
f 718//718 733//733 737//737
f 718//718 737//737 717//717
f 750//750 728//728 733//733
f 750//750 733//733 718//718
f 728//728 719//719 733//733
f 725//725 719//719 728//728
f 723//723 720//720 721//721
f 734//734 720//720 705//705
f 730//730 735//735 734//734
f 730//730 734//734 757//757
f 731//731 735//735 730//730
f 731//731 729//729 735//735
f 739//739 716//716 731//731
f 735//735 729//729 707//707
f 735//735 732//732 734//734
f 725//725 721//721 711//711
f 725//725 711//711 712//712
f 719//719 725//725 712//712
f 736//736 733//733 719//719
f 737//737 733//733 736//736
f 710//710 741//741 737//737
f 709//709 738//738 710//710
f 738//738 741//741 710//710
f 740//740 730//730 749//749
f 730//730 740//740 731//731
f 705//705 720//720 723//723
f 723//723 721//721 722//722
f 723//723 722//722 724//724
f 722//722 715//715 726//726
f 751//751 726//726 715//715
f 751//751 715//715 728//728
f 741//741 702//702 717//717
f 702//702 754//754 717//717
f 738//738 709//709 716//716
f 746//746 763//763 706//706
f 704//704 716//716 739//739
f 739//739 731//731 740//740
f 743//743 699//699 757//757
f 732//732 735//735 760//760
f 732//732 760//760 808//808
f 745//745 744//744 713//713
f 707//707 761//761 735//735
f 734//734 732//732 720//720
f 705//705 747//747 734//734
f 747//747 757//757 734//734
f 747//747 743//743 757//757
f 742//742 708//708 729//729
f 693//693 739//739 748//748
f 750//750 753//753 695//695
f 718//718 717//717 754//754
f 752//752 724//724 701//701
f 753//753 750//750 718//718
f 753//753 718//718 754//754
f 702//702 741//741 703//703
f 695//695 694//694 751//751
f 726//726 756//756 722//722
f 703//703 741//741 704//704
f 703//703 704//704 692//692
f 692//692 704//704 693//693
f 724//724 722//722 756//756
f 694//694 755//755 726//726
f 694//694 726//726 751//751
f 700//700 743//743 747//747
f 700//700 747//747 705//705
f 749//749 748//748 739//739
f 749//749 739//739 740//740
f 693//693 704//704 739//739
f 750//750 695//695 751//751
f 732//732 841//841 758//758
f 732//732 808//808 841//841
f 866//866 806//806 807//807
f 866//866 807//807 759//759
f 798//798 714//714 803//803
f 758//758 712//712 711//711
f 758//758 797//797 712//712
f 760//760 759//759 768//768
f 767//767 866//866 759//759
f 760//760 767//767 759//759
f 762//762 760//760 761//761
f 762//762 767//767 760//760
f 745//745 763//763 746//746
f 819//819 712//712 820//820
f 862//862 847//847 768//768
f 773//773 795//795 863//863
f 766//766 865//865 866//866
f 766//766 866//866 767//767
f 864//864 766//766 763//763
f 864//864 865//865 766//766
f 805//805 764//764 765//765
f 864//864 763//763 764//764
f 864//864 764//764 805//805
f 797//797 820//820 712//712
f 818//818 836//836 817//817
f 818//818 817//817 812//812
f 818//818 859//859 836//836
f 835//835 859//859 818//818
f 787//787 852//852 826//826
f 836//836 860//860 815//815
f 836//836 815//815 817//817
f 859//859 860//860 836//836
f 835//835 834//834 859//859
f 852//852 833//833 834//834
f 860//860 832//832 814//814
f 860//860 814//814 815//815
f 834//834 851//851 832//832
f 834//834 833//833 831//831
f 834//834 831//831 851//851
f 832//832 861//861 814//814
f 851//851 850//850 861//861
f 851//851 861//861 832//832
f 851//851 831//831 827//827
f 851//851 827//827 850//850
f 839//839 794//794 780//780
f 839//839 780//780 838//838
f 840//840 839//839 838//838
f 840//840 838//838 837//837
f 839//839 829//829 830//830
f 839//839 830//830 794//794
f 840//840 829//829 839//839
f 840//840 837//837 841//841
f 828//828 846//846 849//849
f 828//828 849//849 790//790
f 862//862 850//850 846//846
f 837//837 838//838 825//825
f 823//823 825//825 838//838
f 838//838 780//780 821//821
f 838//838 821//821 823//823
f 857//857 804//804 819//819
f 802//802 826//826 818//818
f 858//858 826//826 802//802
f 826//826 835//835 818//818
f 858//858 853//853 826//826
f 824//824 853//853 858//858
f 823//823 820//820 825//825
f 853//853 787//787 826//826
f 824//824 822//822 854//854
f 842//842 822//822 824//824
f 823//823 785//785 842//842
f 823//823 821//821 785//785
f 853//853 786//786 787//787
f 854//854 822//822 786//786
f 854//854 786//786 853//853
f 842//842 782//782 822//822
f 821//821 784//784 785//785
f 842//842 785//785 782//782
f 802//802 818//818 812//812
f 801//801 858//858 802//802
f 800//800 858//858 801//801
f 857//857 858//858 800//800
f 803//803 801//801 798//798
f 811//811 816//816 813//813
f 812//812 817//817 816//816
f 812//812 816//816 811//811
f 816//816 806//806 813//813
f 817//817 815//815 816//816
f 816//816 807//807 806//806
f 815//815 814//814 807//807
f 815//815 807//807 816//816
f 865//865 806//806 866//866
f 810//810 813//813 806//806
f 810//810 806//806 865//865
f 810//810 865//865 864//864
f 810//810 864//864 805//805
f 758//758 841//841 837//837
f 845//845 841//841 808//808
f 808//808 760//760 809//809
f 807//807 814//814 861//861
f 765//765 813//813 810//810
f 805//805 765//765 810//810
f 800//800 804//804 857//857
f 803//803 804//804 800//800
f 804//804 714//714 819//819
f 803//803 714//714 804//804
f 803//803 800//800 801//801
f 799//799 802//802 812//812
f 799//799 812//812 811//811
f 801//801 802//802 799//799
f 765//765 799//799 811//811
f 765//765 801//801 799//799
f 765//765 798//798 801//801
f 765//765 811//811 813//813
f 837//837 825//825 758//758
f 796//796 844//844 769//769
f 779//779 852//852 787//787
f 771//771 796//796 779//779
f 779//779 796//796 833//833
f 779//779 833//833 852//852
f 796//796 769//769 831//831
f 796//796 831//831 833//833
f 769//769 827//827 831//831
f 769//769 855//855 827//827
f 780//780 794//794 795//795
f 780//780 795//795 773//773
f 795//795 793//793 870//870
f 794//794 793//793 795//795
f 794//794 792//792 793//793
f 793//793 789//789 870//870
f 793//793 791//791 789//789
f 792//792 791//791 793//793
f 792//792 790//790 791//791
f 855//855 769//769 843//843
f 791//791 856//856 789//789
f 790//790 849//849 856//856
f 790//790 856//856 791//791
f 786//786 778//778 787//787
f 822//822 783//783 786//786
f 785//785 781//781 782//782
f 784//784 781//781 785//785
f 778//778 779//779 787//787
f 786//786 777//777 778//778
f 783//783 777//777 786//786
f 784//784 776//776 781//781
f 821//821 775//775 776//776
f 821//821 776//776 784//784
f 780//780 775//775 821//821
f 778//778 771//771 779//779
f 777//777 771//771 778//778
f 782//782 774//774 783//783
f 781//781 774//774 782//782
f 780//780 773//773 775//775
f 774//774 770//770 783//783
f 781//781 776//776 774//774
f 775//775 772//772 776//776
f 776//776 772//772 774//774
f 772//772 775//775 863//863
f 773//773 863//863 775//775
f 770//770 771//771 777//777
f 844//844 771//771 770//770
f 879//879 774//774 772//772
f 844//844 796//796 771//771
f 820//820 823//823 842//842
f 825//825 820//820 797//797
f 829//829 841//841 845//845
f 712//712 819//819 714//714
f 758//758 825//825 797//797
f 879//879 772//772 867//867
f 879//879 770//770 774//774
f 760//760 768//768 847//847
f 760//760 847//847 809//809
f 768//768 759//759 807//807
f 768//768 807//807 861//861
f 768//768 861//861 862//862
f 845//845 808//808 809//809
f 847//847 828//828 848//848
f 845//845 809//809 829//829
f 841//841 829//829 840//840
f 829//829 809//809 830//830
f 848//848 809//809 847//847
f 848//848 792//792 830//830
f 794//794 830//830 792//792
f 792//792 848//848 790//790
f 848//848 828//828 790//790
f 849//849 846//846 850//850
f 849//849 850//850 788//788
f 827//827 788//788 850//850
f 862//862 846//846 828//828
f 862//862 828//828 847//847
f 848//848 830//830 809//809
f 826//826 852//852 835//835
f 852//852 834//834 835//835
f 824//824 854//854 853//853
f 788//788 827//827 855//855
f 849//849 788//788 856//856
f 856//856 788//788 855//855
f 856//856 855//855 789//789
f 789//789 855//855 843//843
f 777//777 783//783 770//770
f 844//844 770//770 879//879
f 782//782 783//783 822//822
f 859//859 834//834 860//860
f 860//860 834//834 832//832
f 857//857 824//824 858//858
f 819//819 842//842 824//824
f 819//819 824//824 857//857
f 820//820 842//842 819//819
f 861//861 850//850 862//862
f 870//870 871//871 795//795
f 867//867 772//772 863//863
f 843//843 870//870 789//789
f 869//869 870//870 843//843
f 896//896 872//872 883//883
f 879//879 867//867 878//878
f 873//873 869//869 769//769
f 876//876 877//877 869//869
f 769//769 869//869 843//843
f 877//877 870//870 869//869
f 844//844 879//879 878//878
f 844//844 878//878 875//875
f 877//877 871//871 870//870
f 880//880 867//867 863//863
f 863//863 881//881 880//880
f 873//873 876//876 869//869
f 871//871 877//877 891//891
f 871//871 863//863 795//795
f 871//871 881//881 863//863
f 896//896 897//897 872//872
f 872//872 904//904 903//903
f 889//889 877//877 904//904
f 877//877 889//889 891//891
f 892//892 891//891 889//889
f 868//868 876//876 873//873
f 873//873 875//875 868//868
f 903//903 905//905 874//874
f 883//883 872//872 878//878
f 884//884 896//896 883//883
f 884//884 891//891 896//896
f 868//868 875//875 874//874
f 769//769 844//844 873//873
f 874//874 905//905 913//913
f 874//874 875//875 878//878
f 903//903 874//874 872//872
f 883//883 878//878 882//882
f 878//878 867//867 880//880
f 881//881 891//891 884//884
f 873//873 844//844 875//875
f 913//913 905//905 911//911
f 880//880 882//882 878//878
f 874//874 878//878 872//872
f 896//896 889//889 897//897
f 881//881 885//885 886//886
f 881//881 871//871 891//891
f 886//886 883//883 882//882
f 884//884 883//883 886//886
f 880//880 886//886 882//882
f 880//880 881//881 886//886
f 885//885 881//881 884//884
f 888//888 884//884 886//886
f 887//887 884//884 888//888
f 885//885 884//884 887//887
f 888//888 886//886 885//885
f 885//885 887//887 888//888
f 896//896 890//890 889//889
f 892//892 889//889 890//890
f 892//892 890//890 893//893
f 893//893 890//890 894//894
f 893//893 895//895 891//891
f 891//891 892//892 893//893
f 891//891 895//895 896//896
f 893//893 894//894 895//895
f 890//890 896//896 894//894
f 895//895 894//894 896//896
f 904//904 872//872 900//900
f 899//899 897//897 900//900
f 900//900 897//897 904//904
f 897//897 889//889 904//904
f 900//900 872//872 898//898
f 872//872 897//897 898//898
f 897//897 902//902 898//898
f 899//899 900//900 901//901
f 897//897 899//899 902//902
f 902//902 899//899 901//901
f 898//898 902//902 901//901
f 901//901 900//900 898//898
f 903//903 904//904 906//906
f 877//877 905//905 904//904
f 904//904 905//905 906//906
f 906//906 905//905 907//907
f 907//907 905//905 903//903
f 906//906 909//909 903//903
f 903//903 909//909 908//908
f 906//906 907//907 908//908
f 909//909 906//906 908//908
f 908//908 907//907 903//903
f 909//909 908//908 910//910
f 910//910 908//908 909//909
f 905//905 877//877 876//876
f 911//911 905//905 876//876
f 911//911 876//876 868//868
f 911//911 868//868 874//874
f 913//913 911//911 912//912
f 912//912 911//911 874//874
f 912//912 874//874 913//913
f 993//993 1023//1023 972//972
f 359//359 914//914 996//996
f 971//971 948//948 1007//1007
f 954//954 957//957 952//952
f 954//954 958//958 957//957
f 936//936 939//939 916//916
f 925//925 922//922 1016//1016
f 922//922 1033//1033 1039//1039
f 1040//1040 1075//1075 1062//1062
f 921//921 1032//1032 1036//1036
f 986//986 989//989 1014//1014
f 1030//1030 1031//1031 1014//1014
f 1014//1014 993//993 985//985
f 993//993 972//972 985//985
f 1031//1031 994//994 993//993
f 993//993 1014//1014 1031//1031
f 350//350 305//305 341//341
f 336//336 937//937 992//992
f 937//937 940//940 992//992
f 940//940 1004//1004 992//992
f 940//940 1003//1003 1004//1004
f 350//350 1004//1004 305//305
f 1004//1004 978//978 305//305
f 992//992 1004//1004 350//350
f 336//336 992//992 337//337
f 991//991 966//966 370//370
f 966//966 318//318 370//370
f 966//966 1026//1026 318//318
f 987//987 986//986 990//990
f 983//983 987//987 926//926
f 985//985 1029//1029 990//990
f 985//985 972//972 1029//1029
f 311//311 1029//1029 972//972
f 950//950 989//989 986//986
f 988//988 989//989 950//950
f 983//983 986//986 987//987
f 986//986 1014//1014 985//985
f 986//986 985//985 990//990
f 1029//1029 311//311 984//984
f 950//950 986//986 983//983
f 976//976 975//975 982//982
f 976//976 982//982 932//932
f 982//982 980//980 981//981
f 982//982 981//981 932//932
f 1020//1020 1022//1022 366//366
f 1020//1020 366//366 973//973
f 996//996 979//979 359//359
f 359//359 979//979 360//360
f 1004//1004 977//977 978//978
f 1001//1001 978//978 977//977
f 357//357 978//978 1001//1001
f 1001//1001 977//977 1002//1002
f 1003//1003 977//977 1004//1004
f 1003//1003 1002//1002 977//977
f 937//937 336//336 298//298
f 974//974 379//379 975//975
f 974//974 975//975 976//976
f 928//928 973//973 974//974
f 973//973 366//366 379//379
f 973//973 379//379 974//974
f 973//973 928//928 1019//1019
f 973//973 1019//1019 1020//1020
f 971//971 1024//1024 948//948
f 926//926 960//960 953//953
f 926//926 953//953 983//983
f 970//970 952//952 919//919
f 968//968 967//967 970//970
f 967//967 1024//1024 970//970
f 960//960 926//926 1028//1028
f 958//958 953//953 960//960
f 967//967 948//948 1024//1024
f 1033//1033 922//922 927//927
f 1077//1077 924//924 1016//1016
f 961//961 930//930 927//927
f 961//961 927//927 925//925
f 1019//1019 998//998 966//966
f 1019//1019 966//966 991//991
f 998//998 1026//1026 966//966
f 965//965 1027//1027 964//964
f 1027//1027 963//963 964//964
f 961//961 1012//1012 998//998
f 1015//1015 962//962 1013//1013
f 1015//1015 960//960 962//962
f 930//930 961//961 998//998
f 930//930 998//998 1019//1019
f 961//961 925//925 1012//1012
f 925//925 955//955 1013//1013
f 925//925 1013//1013 1012//1012
f 955//955 1015//1015 1013//1013
f 1015//1015 958//958 960//960
f 1018//1018 917//917 921//921
f 917//917 1018//1018 924//924
f 920//920 1018//1018 918//918
f 921//921 918//918 1018//1018
f 920//920 957//957 923//923
f 920//920 923//923 1018//1018
f 920//920 919//919 952//952
f 920//920 952//952 957//957
f 956//956 923//923 957//957
f 956//956 957//957 958//958
f 955//955 1017//1017 923//923
f 955//955 923//923 956//956
f 951//951 954//954 952//952
f 954//954 953//953 958//958
f 951//951 983//983 953//953
f 952//952 970//970 951//951
f 951//951 950//950 983//983
f 933//933 931//931 997//997
f 1044//1044 1047//1047 933//933
f 1044//1044 933//933 935//935
f 938//938 949//949 1005//1005
f 949//949 943//943 1005//1005
f 293//293 949//949 938//938
f 949//949 944//944 943//943
f 1007//1007 947//947 949//949
f 1007//1007 949//949 293//293
f 947//947 944//944 949//949
f 1006//1006 943//943 944//944
f 1006//1006 1052//1052 943//943
f 935//935 1048//1048 1044//1044
f 941//941 940//940 937//937
f 1005//1005 941//941 937//937
f 942//942 1054//1054 941//941
f 942//942 941//941 1005//1005
f 934//934 939//939 936//936
f 934//934 1003//1003 939//939
f 940//940 939//939 1003//1003
f 941//941 1054//1054 939//939
f 935//935 934//934 936//936
f 1048//1048 935//935 936//936
f 1048//1048 936//936 916//916
f 935//935 997//997 934//934
f 997//997 1002//1002 934//934
f 933//933 997//997 935//935
f 1000//1000 999//999 997//997
f 1000//1000 976//976 932//932
f 931//931 1000//1000 997//997
f 974//974 976//976 1000//1000
f 931//931 929//929 1000//1000
f 930//930 929//929 931//931
f 928//928 929//929 1019//1019
f 931//931 927//927 930//930
f 1019//1019 991//991 1020//1020
f 970//970 1024//1024 950//950
f 970//970 950//950 951//951
f 933//933 1068//1068 931//931
f 1032//1032 917//917 1077//1077
f 917//917 924//924 1077//1077
f 927//927 922//922 925//925
f 927//927 931//931 1064//1064
f 1016//1016 924//924 1017//1017
f 924//924 1018//1018 923//923
f 924//924 923//923 1017//1017
f 922//922 1077//1077 1016//1016
f 1032//1032 921//921 917//917
f 920//920 918//918 919//919
f 914//914 357//357 1001//1001
f 1001//1001 1002//1002 915//915
f 1001//1001 915//915 914//914
f 996//996 999//999 995//995
f 934//934 1002//1002 1003//1003
f 981//981 996//996 995//995
f 981//981 995//995 932//932
f 981//981 979//979 996//996
f 914//914 915//915 996//996
f 915//915 999//999 996//996
f 932//932 995//995 999//999
f 915//915 1002//1002 997//997
f 997//997 999//999 915//915
f 1000//1000 932//932 999//999
f 929//929 928//928 974//974
f 929//929 974//974 1000//1000
f 1019//1019 929//929 930//930
f 938//938 1005//1005 937//937
f 943//943 1052//1052 942//942
f 942//942 1005//1005 943//943
f 939//939 940//940 941//941
f 916//916 939//939 1054//1054
f 1007//1007 948//948 947//947
f 948//948 946//946 947//947
f 946//946 945//945 944//944
f 946//946 944//944 947//947
f 945//945 1008//1008 1006//1006
f 945//945 1006//1006 944//944
f 945//945 969//969 1008//1008
f 946//946 948//948 967//967
f 945//945 946//946 967//967
f 945//945 967//967 968//968
f 969//969 945//945 968//968
f 1008//1008 969//969 959//959
f 1024//1024 971//971 950//950
f 1030//1030 1011//1011 1031//1031
f 994//994 1031//1031 1009//1009
f 1030//1030 988//988 343//343
f 1012//1012 965//965 1026//1026
f 998//998 1012//1012 1026//1026
f 1012//1012 1013//1013 965//965
f 1013//1013 1027//1027 965//965
f 1013//1013 962//962 1027//1027
f 962//962 960//960 1028//1028
f 1025//1025 987//987 990//990
f 955//955 956//956 1015//1015
f 956//956 958//958 1015//1015
f 1016//1016 1017//1017 955//955
f 1016//1016 955//955 925//925
f 968//968 970//970 919//919
f 969//969 968//968 919//919
f 969//969 919//919 1078//1078
f 959//959 969//969 1078//1078
f 1042//1042 959//959 1078//1078
f 1078//1078 919//919 918//918
f 1020//1020 1021//1021 1022//1022
f 991//991 370//370 1021//1021
f 991//991 1021//1021 1020//1020
f 987//987 1025//1025 926//926
f 1030//1030 343//343 1011//1011
f 994//994 1010//1010 1023//1023
f 993//993 994//994 1023//1023
f 1027//1027 962//962 963//963
f 962//962 1028//1028 963//963
f 990//990 1029//1029 1025//1025
f 1029//1029 984//984 1025//1025
f 988//988 971//971 343//343
f 989//989 1030//1030 1014//1014
f 989//989 988//988 1030//1030
f 988//988 950//950 971//971
f 1036//1036 1062//1062 1038//1038
f 1065//1065 1059//1059 1008//1008
f 1006//1006 1053//1053 1052//1052
f 1052//1052 1053//1053 1056//1056
f 1052//1052 1056//1056 1051//1051
f 1051//1051 1050//1050 1054//1054
f 927//927 1064//1064 1033//1033
f 1056//1056 1053//1053 1046//1046
f 1032//1032 1077//1077 1040//1040
f 1060//1060 1061//1061 1037//1037
f 1048//1048 916//916 1035//1035
f 1045//1045 1138//1138 1035//1035
f 1047//1047 1044//1044 1043//1043
f 1040//1040 1077//1077 1039//1039
f 1049//1049 1044//1044 1035//1035
f 1046//1046 1072//1072 1056//1056
f 1049//1049 1138//1138 1085//1085
f 1070//1070 1049//1049 1085//1085
f 1060//1060 1037//1037 1140//1140
f 1060//1060 1140//1140 1080//1080
f 1033//1033 1041//1041 1039//1039
f 1041//1041 1074//1074 1039//1039
f 1069//1069 1132//1132 1135//1135
f 1032//1032 1040//1040 1036//1036
f 1066//1066 1045//1045 1050//1050
f 1035//1035 1044//1044 1048//1048
f 1043//1043 1063//1063 1047//1047
f 1069//1069 1047//1047 1063//1063
f 922//922 1039//1039 1077//1077
f 1074//1074 1075//1075 1040//1040
f 1074//1074 1040//1040 1039//1039
f 1068//1068 933//933 1069//1069
f 1038//1038 1042//1042 1036//1036
f 1051//1051 1055//1055 1050//1050
f 1043//1043 1044//1044 1049//1049
f 1041//1041 1033//1033 1064//1064
f 942//942 1051//1051 1054//1054
f 1051//1051 942//942 1052//1052
f 1061//1061 1065//1065 1037//1037
f 1055//1055 1051//1051 1056//1056
f 1050//1050 1035//1035 916//916
f 916//916 1054//1054 1050//1050
f 1006//1006 1059//1059 1053//1053
f 1008//1008 1059//1059 1006//1006
f 1059//1059 1057//1057 1053//1053
f 1059//1059 1061//1061 1057//1057
f 1057//1057 1046//1046 1053//1053
f 1057//1057 1058//1058 1046//1046
f 1061//1061 1060//1060 1058//1058
f 1061//1061 1058//1058 1057//1057
f 1058//1058 1072//1072 1046//1046
f 1060//1060 1080//1080 1058//1058
f 1080//1080 1072//1072 1058//1058
f 1065//1065 1061//1061 1059//1059
f 959//959 1065//1065 1008//1008
f 1036//1036 1042//1042 921//921
f 918//918 921//921 1042//1042
f 918//918 1042//1042 1078//1078
f 1062//1062 1036//1036 1040//1040
f 1138//1138 1049//1049 1035//1035
f 1049//1049 1070//1070 1043//1043
f 1073//1073 1063//1063 1043//1043
f 1073//1073 1043//1043 1070//1070
f 1069//1069 1063//1063 1073//1073
f 1064//1064 1068//1068 1071//1071
f 1064//1064 1071//1071 1034//1034
f 1034//1034 1041//1041 1064//1064
f 1140//1140 1076//1076 1134//1134
f 1140//1140 1038//1038 1062//1062
f 1140//1140 1037//1037 1038//1038
f 1037//1037 1065//1065 1038//1038
f 1065//1065 1042//1042 1038//1038
f 1065//1065 959//959 1042//1042
f 1055//1055 1067//1067 1066//1066
f 1050//1050 1055//1055 1066//1066
f 1045//1045 1035//1035 1050//1050
f 1056//1056 1072//1072 1067//1067
f 1056//1056 1067//1067 1055//1055
f 1069//1069 1135//1135 1071//1071
f 1069//1069 1071//1071 1068//1068
f 1064//1064 931//931 1068//1068
f 1073//1073 1132//1132 1069//1069
f 1047//1047 1069//1069 933//933
f 1066//1066 1086//1086 1141//1141
f 1141//1141 1045//1045 1066//1066
f 1083//1083 1070//1070 1085//1085
f 1124//1124 1138//1138 1045//1045
f 1079//1079 1034//1034 1071//1071
f 1079//1079 1071//1071 1135//1135
f 1137//1137 1074//1074 1041//1041
f 1041//1041 1034//1034 1084//1084
f 1041//1041 1084//1084 1137//1137
f 1083//1083 1073//1073 1070//1070
f 1137//1137 1081//1081 1074//1074
f 1081//1081 1075//1075 1074//1074
f 1075//1075 1076//1076 1062//1062
f 1140//1140 1062//1062 1076//1076
f 1086//1086 1066//1066 1067//1067
f 1072//1072 1086//1086 1067//1067
f 1124//1124 1045//1045 1141//1141
f 954//954 951//951 953//953
f 1125//1125 1095//1095 1145//1145
f 1108//1108 1115//1115 1112//1112
f 1112//1112 1136//1136 1106//1106
f 1146//1146 1090//1090 1091//1091
f 1146//1146 1091//1091 1094//1094
f 1089//1089 1091//1091 1090//1090
f 1149//1149 1130//1130 1125//1125
f 1095//1095 1125//1125 1130//1130
f 1092//1092 1147//1147 1128//1128
f 1142//1142 1102//1102 1208//1208
f 1208//1208 1102//1102 1111//1111
f 1142//1142 1092//1092 1102//1102
f 1212//1212 1101//1101 1144//1144
f 1100//1100 1236//1236 1176//1176
f 1100//1100 1099//1099 1236//1236
f 1144//1144 1101//1101 1100//1100
f 1101//1101 1099//1099 1100//1100
f 1130//1130 1149//1149 1148//1148
f 1113//1113 1116//1116 1101//1101
f 1208//1208 1111//1111 1113//1113
f 1101//1101 1143//1143 1113//1113
f 1112//1112 1113//1113 1111//1111
f 1089//1089 1125//1125 1091//1091
f 1143//1143 1208//1208 1113//1113
f 1116//1116 1098//1098 1101//1101
f 1098//1098 1099//1099 1101//1101
f 1099//1099 1129//1129 1236//1236
f 1236//1236 1130//1130 1148//1148
f 1115//1115 1087//1087 1133//1133
f 1115//1115 1133//1133 1081//1081
f 1088//1088 1134//1134 1133//1133
f 1088//1088 1133//1133 1087//1087
f 1034//1034 1079//1079 1084//1084
f 1093//1093 1111//1111 1102//1102
f 1112//1112 1106//1106 1113//1113
f 1106//1106 1107//1107 1113//1113
f 1107//1107 1120//1120 1098//1098
f 1088//1088 1087//1087 1114//1114
f 1080//1080 1139//1139 1072//1072
f 1125//1125 1145//1145 1091//1091
f 1145//1145 1094//1094 1091//1091
f 1117//1117 1094//1094 1145//1145
f 1094//1094 1109//1109 1128//1128
f 1098//1098 1118//1118 1099//1099
f 1118//1118 1129//1129 1099//1099
f 1118//1118 1097//1097 1129//1129
f 1129//1129 1096//1096 1130//1130
f 1097//1097 1096//1096 1129//1129
f 1096//1096 1095//1095 1130//1130
f 1119//1119 1122//1122 1124//1124
f 1119//1119 1103//1103 1122//1122
f 1119//1119 1096//1096 1103//1103
f 1103//1103 1097//1097 1104//1104
f 1096//1096 1097//1097 1103//1103
f 1097//1097 1118//1118 1105//1105
f 1097//1097 1105//1105 1104//1104
f 1118//1118 1120//1120 1105//1105
f 1107//1107 1106//1106 1136//1136
f 1108//1108 1093//1093 1114//1114
f 1109//1109 1117//1117 1110//1110
f 1117//1117 1126//1126 1110//1110
f 1126//1126 1117//1117 1145//1145
f 1117//1117 1109//1109 1094//1094
f 1121//1121 1128//1128 1109//1109
f 1108//1108 1111//1111 1093//1093
f 1112//1112 1111//1111 1108//1108
f 1113//1113 1107//1107 1116//1116
f 1116//1116 1107//1107 1098//1098
f 1120//1120 1118//1118 1098//1098
f 1096//1096 1119//1119 1095//1095
f 1086//1086 1072//1072 1110//1110
f 1072//1072 1139//1139 1110//1110
f 1110//1110 1139//1139 1109//1109
f 1139//1139 1121//1121 1109//1109
f 1131//1131 1121//1121 1139//1139
f 1087//1087 1108//1108 1114//1114
f 1115//1115 1108//1108 1087//1087
f 1082//1082 1112//1112 1115//1115
f 1082//1082 1136//1136 1112//1112
f 1107//1107 1136//1136 1084//1084
f 1107//1107 1084//1084 1079//1079
f 1107//1107 1079//1079 1120//1120
f 1085//1085 1122//1122 1103//1103
f 1083//1083 1085//1085 1103//1103
f 1083//1083 1103//1103 1104//1104
f 1123//1123 1105//1105 1120//1120
f 1127//1127 1126//1126 1119//1119
f 1095//1095 1126//1126 1145//1145
f 1119//1119 1124//1124 1127//1127
f 1141//1141 1127//1127 1124//1124
f 1110//1110 1126//1126 1127//1127
f 1086//1086 1110//1110 1127//1127
f 1080//1080 1140//1140 1139//1139
f 1092//1092 1128//1128 1102//1102
f 1129//1129 1130//1130 1236//1236
f 1128//1128 1121//1121 1093//1093
f 1121//1121 1114//1114 1093//1093
f 1121//1121 1131//1131 1114//1114
f 1131//1131 1088//1088 1114//1114
f 1093//1093 1102//1102 1128//1128
f 1095//1095 1119//1119 1126//1126
f 1127//1127 1141//1141 1086//1086
f 1079//1079 1135//1135 1123//1123
f 1120//1120 1079//1079 1123//1123
f 1075//1075 1081//1081 1133//1133
f 1075//1075 1133//1133 1076//1076
f 1134//1134 1076//1076 1133//1133
f 1105//1105 1123//1123 1135//1135
f 1105//1105 1135//1135 1132//1132
f 1083//1083 1104//1104 1073//1073
f 1137//1137 1084//1084 1136//1136
f 1082//1082 1137//1137 1136//1136
f 1122//1122 1085//1085 1138//1138
f 1124//1124 1122//1122 1138//1138
f 1082//1082 1115//1115 1081//1081
f 1082//1082 1081//1081 1137//1137
f 1139//1139 1140//1140 1131//1131
f 1131//1131 1140//1140 1134//1134
f 1131//1131 1134//1134 1088//1088
f 1104//1104 1105//1105 1132//1132
f 1104//1104 1132//1132 1073//1073
f 1180//1180 1100//1100 1176//1176
f 1144//1144 1100//1100 1180//1180
f 1143//1143 1213//1213 1208//1208
f 1101//1101 1212//1212 1143//1143
f 1092//1092 1142//1142 1214//1214
f 1092//1092 1218//1218 1147//1147
f 1094//1094 1128//1128 1147//1147
f 1094//1094 1147//1147 1146//1146
f 1146//1146 1151//1151 1090//1090
f 1147//1147 1218//1218 1151//1151
f 1147//1147 1151//1151 1146//1146
f 1178//1178 1182//1182 1186//1186
f 1178//1178 1236//1236 1182//1182
f 1187//1187 1184//1184 1152//1152
f 1237//1237 1089//1089 1090//1090
f 1149//1149 1089//1089 1237//1237
f 1236//1236 1148//1148 1182//1182
f 1148//1148 1149//1149 1237//1237
f 1148//1148 1237//1237 1182//1182
f 1125//1125 1089//1089 1149//1149
f 1189//1189 1207//1207 1231//1231
f 1189//1189 1231//1231 1185//1185
f 1207//1207 1206//1206 1231//1231
f 1206//1206 1175//1175 1197//1197
f 1188//1188 1205//1205 1207//1207
f 1188//1188 1207//1207 1189//1189
f 1205//1205 1204//1204 1206//1206
f 1205//1205 1206//1206 1207//1207
f 1204//1204 1173//1173 1175//1175
f 1204//1204 1175//1175 1206//1206
f 1188//1188 1232//1232 1205//1205
f 1232//1232 1203//1203 1204//1204
f 1232//1232 1204//1204 1205//1205
f 1203//1203 1172//1172 1173//1173
f 1203//1203 1173//1173 1204//1204
f 1233//1233 1232//1232 1188//1188
f 1199//1199 1203//1203 1232//1232
f 1165//1165 1203//1203 1199//1199
f 1165//1165 1172//1172 1203//1203
f 1202//1202 1210//1210 1160//1160
f 1210//1210 1202//1202 1211//1211
f 1211//1211 1183//1183 1210//1210
f 1201//1201 1211//1211 1202//1202
f 1228//1228 1224//1224 1167//1167
f 1199//1199 1233//1233 1234//1234
f 1199//1199 1234//1234 1220//1220
f 1194//1194 1161//1161 1160//1160
f 1194//1194 1160//1160 1210//1210
f 1181//1181 1190//1190 1193//1193
f 1230//1230 1193//1193 1190//1190
f 1230//1230 1190//1190 1191//1191
f 1195//1195 1213//1213 1198//1198
f 1195//1195 1194//1194 1209//1209
f 1195//1195 1209//1209 1213//1213
f 1231//1231 1197//1197 1192//1192
f 1197//1197 1225//1225 1192//1192
f 1164//1164 1163//1163 1225//1225
f 1164//1164 1225//1225 1197//1197
f 1163//1163 1196//1196 1230//1230
f 1163//1163 1230//1230 1225//1225
f 1196//1196 1193//1193 1230//1230
f 1196//1196 1226//1226 1193//1193
f 1175//1175 1164//1164 1197//1197
f 1162//1162 1161//1161 1194//1194
f 1162//1162 1194//1194 1195//1195
f 1162//1162 1195//1195 1226//1226
f 1231//1231 1192//1192 1179//1179
f 1231//1231 1179//1179 1185//1185
f 1192//1192 1191//1191 1177//1177
f 1192//1192 1177//1177 1179//1179
f 1191//1191 1176//1176 1177//1177
f 1191//1191 1190//1190 1176//1176
f 1186//1186 1189//1189 1185//1185
f 1184//1184 1187//1187 1186//1186
f 1187//1187 1188//1188 1189//1189
f 1187//1187 1189//1189 1186//1186
f 1187//1187 1233//1233 1188//1188
f 1237//1237 1090//1090 1184//1184
f 1090//1090 1151//1151 1184//1184
f 1185//1185 1178//1178 1186//1186
f 1237//1237 1184//1184 1182//1182
f 1184//1184 1186//1186 1182//1182
f 1183//1183 1142//1142 1208//1208
f 1142//1142 1183//1183 1214//1214
f 1219//1219 1214//1214 1223//1223
f 1219//1219 1092//1092 1214//1214
f 1221//1221 1092//1092 1219//1219
f 1233//1233 1187//1187 1152//1152
f 1233//1233 1152//1152 1234//1234
f 1181//1181 1180//1180 1190//1190
f 1181//1181 1144//1144 1180//1180
f 1185//1185 1179//1179 1178//1178
f 1179//1179 1177//1177 1178//1178
f 1176//1176 1190//1190 1180//1180
f 1177//1177 1176//1176 1236//1236
f 1177//1177 1236//1236 1178//1178
f 1212//1212 1213//1213 1143//1143
f 1173//1173 1217//1217 1174//1174
f 1173//1173 1174//1174 1175//1175
f 1172//1172 1171//1171 1217//1217
f 1172//1172 1217//1217 1173//1173
f 1165//1165 1166//1166 1172//1172
f 1166//1166 1171//1171 1172//1172
f 1166//1166 1227//1227 1171//1171
f 1150//1150 1202//1202 1160//1160
f 1170//1170 1150//1150 1155//1155
f 1170//1170 1169//1169 1150//1150
f 1169//1169 1202//1202 1150//1150
f 1235//1235 1168//1168 1170//1170
f 1168//1168 1169//1169 1170//1170
f 1168//1168 1167//1167 1169//1169
f 1171//1171 1227//1227 1243//1243
f 1227//1227 1168//1168 1235//1235
f 1168//1168 1228//1228 1167//1167
f 1175//1175 1158//1158 1164//1164
f 1158//1158 1154//1154 1163//1163
f 1158//1158 1163//1163 1164//1164
f 1154//1154 1159//1159 1196//1196
f 1154//1154 1196//1196 1163//1163
f 1229//1229 1162//1162 1226//1226
f 1174//1174 1158//1158 1175//1175
f 1229//1229 1157//1157 1162//1162
f 1157//1157 1156//1156 1161//1161
f 1157//1157 1161//1161 1162//1162
f 1156//1156 1150//1150 1160//1160
f 1156//1156 1160//1160 1161//1161
f 1174//1174 1249//1249 1158//1158
f 1253//1253 1157//1157 1229//1229
f 1155//1155 1150//1150 1156//1156
f 1253//1253 1156//1156 1157//1157
f 1253//1253 1247//1247 1156//1156
f 1158//1158 1249//1249 1153//1153
f 1158//1158 1153//1153 1154//1154
f 1217//1217 1171//1171 1245//1245
f 1249//1249 1174//1174 1217//1217
f 1243//1243 1245//1245 1171//1171
f 1153//1153 1253//1253 1159//1159
f 1152//1152 1184//1184 1151//1151
f 1235//1235 1243//1243 1227//1227
f 1222//1222 1183//1183 1211//1211
f 1226//1226 1195//1195 1198//1198
f 1193//1193 1198//1198 1181//1181
f 1198//1198 1213//1213 1212//1212
f 1194//1194 1210//1210 1209//1209
f 1210//1210 1183//1183 1209//1209
f 1223//1223 1214//1214 1222//1222
f 1181//1181 1198//1198 1212//1212
f 1181//1181 1212//1212 1144//1144
f 1209//1209 1208//1208 1213//1213
f 1209//1209 1183//1183 1208//1208
f 1222//1222 1211//1211 1201//1201
f 1241//1241 1217//1217 1245//1245
f 1216//1216 1249//1249 1217//1217
f 1216//1216 1217//1217 1241//1241
f 1221//1221 1218//1218 1092//1092
f 1151//1151 1218//1218 1152//1152
f 1234//1234 1152//1152 1218//1218
f 1234//1234 1218//1218 1221//1221
f 1165//1165 1199//1199 1220//1220
f 1200//1200 1221//1221 1219//1219
f 1183//1183 1222//1222 1214//1214
f 1223//1223 1222//1222 1201//1201
f 1223//1223 1201//1201 1215//1215
f 1215//1215 1201//1201 1202//1202
f 1215//1215 1202//1202 1169//1169
f 1167//1167 1200//1200 1215//1215
f 1167//1167 1215//1215 1169//1169
f 1220//1220 1224//1224 1228//1228
f 1228//1228 1165//1165 1220//1220
f 1223//1223 1215//1215 1200//1200
f 1223//1223 1200//1200 1219//1219
f 1224//1224 1221//1221 1200//1200
f 1224//1224 1200//1200 1167//1167
f 1220//1220 1221//1221 1224//1224
f 1206//1206 1197//1197 1231//1231
f 1165//1165 1228//1228 1166//1166
f 1166//1166 1228//1228 1168//1168
f 1227//1227 1166//1166 1168//1168
f 1159//1159 1154//1154 1153//1153
f 1159//1159 1253//1253 1229//1229
f 1159//1159 1229//1229 1226//1226
f 1159//1159 1226//1226 1196//1196
f 1199//1199 1232//1232 1233//1233
f 1192//1192 1225//1225 1191//1191
f 1225//1225 1230//1230 1191//1191
f 1226//1226 1198//1198 1193//1193
f 1221//1221 1220//1220 1234//1234
f 1235//1235 1170//1170 1155//1155
f 1155//1155 1156//1156 1247//1247
f 1288//1288 1242//1242 1285//1285
f 1264//1264 1272//1272 1266//1266
f 1255//1255 1260//1260 1263//1263
f 1250//1250 1216//1216 1288//1288
f 1253//1253 1153//1153 1252//1252
f 1245//1245 1242//1242 1241//1241
f 1243//1243 1235//1235 1246//1246
f 1239//1239 1265//1265 1244//1244
f 1235//1235 1239//1239 1244//1244
f 1239//1239 1155//1155 1255//1255
f 1252//1252 1153//1153 1249//1249
f 1239//1239 1235//1235 1155//1155
f 1257//1257 1255//1255 1247//1247
f 1246//1246 1242//1242 1245//1245
f 1243//1243 1246//1246 1245//1245
f 1246//1246 1235//1235 1244//1244
f 1246//1246 1244//1244 1242//1242
f 1255//1255 1155//1155 1247//1247
f 1248//1248 1238//1238 1277//1277
f 1272//1272 1264//1264 1248//1248
f 1242//1242 1288//1288 1216//1216
f 1242//1242 1273//1273 1278//1278
f 1244//1244 1273//1273 1242//1242
f 1266//1266 1273//1273 1265//1265
f 1247//1247 1253//1253 1251//1251
f 1248//1248 1264//1264 1260//1260
f 1281//1281 1248//1248 1277//1277
f 1216//1216 1250//1250 1240//1240
f 1249//1249 1216//1216 1240//1240
f 1251//1251 1253//1253 1252//1252
f 1242//1242 1216//1216 1241//1241
f 1240//1240 1238//1238 1252//1252
f 1238//1238 1248//1248 1260//1260
f 1277//1277 1238//1238 1240//1240
f 1252//1252 1238//1238 1254//1254
f 1250//1250 1277//1277 1240//1240
f 1257//1257 1247//1247 1251//1251
f 1270//1270 1263//1263 1260//1260
f 1238//1238 1260//1260 1254//1254
f 1273//1273 1244//1244 1265//1265
f 1263//1263 1265//1265 1255//1255
f 1239//1239 1255//1255 1265//1265
f 1252//1252 1249//1249 1240//1240
f 1252//1252 1254//1254 1251//1251
f 1256//1256 1255//1255 1257//1257
f 1256//1256 1260//1260 1255//1255
f 1258//1258 1257//1257 1254//1254
f 1254//1254 1257//1257 1251//1251
f 1258//1258 1256//1256 1257//1257
f 1254//1254 1260//1260 1259//1259
f 1254//1254 1259//1259 1258//1258
f 1261//1261 1256//1256 1258//1258
f 1259//1259 1260//1260 1261//1261
f 1260//1260 1256//1256 1261//1261
f 1258//1258 1259//1259 1262//1262
f 1262//1262 1261//1261 1258//1258
f 1259//1259 1261//1261 1262//1262
f 1270//1270 1260//1260 1264//1264
f 1266//1266 1267//1267 1264//1264
f 1266//1266 1265//1265 1267//1267
f 1267//1267 1265//1265 1263//1263
f 1267//1267 1263//1263 1270//1270
f 1268//1268 1264//1264 1267//1267
f 1268//1268 1267//1267 1270//1270
f 1264//1264 1268//1268 1270//1270
f 1269//1269 1268//1268 1270//1270
f 1270//1270 1268//1268 1269//1269
f 1278//1278 1273//1273 1271//1271
f 1278//1278 1248//1248 1281//1281
f 1271//1271 1273//1273 1266//1266
f 1271//1271 1266//1266 1272//1272
f 1276//1276 1271//1271 1272//1272
f 1276//1276 1272//1272 1275//1275
f 1248//1248 1274//1274 1272//1272
f 1248//1248 1271//1271 1274//1274
f 1248//1248 1278//1278 1271//1271
f 1271//1271 1276//1276 1274//1274
f 1275//1275 1272//1272 1274//1274
f 1274//1274 1276//1276 1275//1275
f 1285//1285 1279//1279 1277//1277
f 1281//1281 1277//1277 1279//1279
f 1278//1278 1280//1280 1242//1242
f 1280//1280 1278//1278 1283//1283
f 1285//1285 1280//1280 1279//1279
f 1285//1285 1242//1242 1280//1280
f 1281//1281 1279//1279 1284//1284
f 1283//1283 1278//1278 1281//1281
f 1284//1284 1283//1283 1281//1281
f 1280//1280 1283//1283 1279//1279
f 1279//1279 1282//1282 1284//1284
f 1282//1282 1283//1283 1284//1284
f 1279//1279 1283//1283 1282//1282
f 1288//1288 1285//1285 1286//1286
f 1286//1286 1285//1285 1277//1277
f 1250//1250 1288//1288 1287//1287
f 1286//1286 1277//1277 1250//1250
f 1287//1287 1286//1286 1250//1250
f 1288//1288 1286//1286 1287//1287
f 1289//1289 1286//1286 1287//1287
f 1287//1287 1286//1286 1289//1289
f 1345//1345 1336//1336 1335//1335
f 29//29 1336//1336 1365//1365
f 1313//1313 1441//1441 1442//1442
f 1424//1424 1330//1330 1404//1404
f 1446//1446 1505//1505 1499//1499
f 1446//1446 1499//1499 1454//1454
f 1455//1455 1500//1500 1507//1507
f 1445//1445 1598//1598 1497//1497
f 1445//1445 1497//1497 1300//1300
f 1510//1510 1390//1390 1509//1509
f 1390//1390 1448//1448 1491//1491
f 1390//1390 1491//1491 1509//1509
f 1451//1451 1449//1449 1494//1494
f 1449//1449 1450//1450 1508//1508
f 1449//1449 1508//1508 1494//1494
f 1450//1450 1324//1324 1587//1587
f 1450//1450 1587//1587 1508//1508
f 1452//1452 1587//1587 1324//1324
f 1507//1507 1506//1506 1453//1453
f 1446//1446 1444//1444 1504//1504
f 1446//1446 1504//1504 1505//1505
f 1444//1444 1443//1443 1496//1496
f 1444//1444 1496//1496 1504//1504
f 1503//1503 1598//1598 1445//1445
f 1503//1503 1445//1445 1442//1442
f 1442//1442 1441//1441 1550//1550
f 1442//1442 1550//1550 1503//1503
f 1548//1548 1571//1571 1440//1440
f 1548//1548 1440//1440 1495//1495
f 1570//1570 1439//1439 1571//1571
f 1441//1441 1501//1501 1550//1550
f 1454//1454 1499//1499 1500//1500
f 1454//1454 1500//1500 1455//1455
f 1394//1394 1453//1453 1498//1498
f 1394//1394 1498//1498 1585//1585
f 1443//1443 1300//1300 1497//1497
f 1443//1443 1497//1497 1496//1496
f 1291//1291 1451//1451 1493//1493
f 1493//1493 1492//1492 1447//1447
f 1493//1493 1447//1447 1291//1291
f 1448//1448 1447//1447 1492//1492
f 1448//1448 1492//1492 1491//1491
f 1570//1570 1501//1501 1441//1441
f 1570//1570 1441//1441 1439//1439
f 1439//1439 1440//1440 1571//1571
f 1495//1495 1438//1438 1437//1437
f 1452//1452 1394//1394 1585//1585
f 1453//1453 1506//1506 1498//1498
f 1411//1411 1297//1297 1321//1321
f 1411//1411 1321//1321 1351//1351
f 1392//1392 1348//1348 1312//1312
f 1311//1311 1312//1312 1323//1323
f 1393//1393 1310//1310 1296//1296
f 1310//1310 1311//1311 1331//1331
f 1310//1310 1331//1331 1296//1296
f 1351//1351 1321//1321 1320//1320
f 1351//1351 1320//1320 1350//1350
f 1321//1321 1319//1319 1320//1320
f 1309//1309 1319//1319 1321//1321
f 1309//1309 1325//1325 1319//1319
f 1318//1318 1399//1399 1350//1350
f 1318//1318 1350//1350 1320//1320
f 1319//1319 1318//1318 1320//1320
f 1319//1319 1306//1306 1318//1318
f 1325//1325 1306//1306 1319//1319
f 1306//1306 1317//1317 1318//1318
f 1306//1306 1307//1307 1317//1317
f 1308//1308 1329//1329 1390//1390
f 1309//1309 1315//1315 1329//1329
f 1309//1309 1329//1329 1308//1308
f 1447//1447 1316//1316 1290//1290
f 1333//1333 1394//1394 1402//1402
f 1432//1432 1402//1402 1295//1295
f 1442//1442 1445//1445 1301//1301
f 1442//1442 1301//1301 1298//1298
f 1300//1300 1301//1301 1445//1445
f 1391//1391 1313//1313 1392//1392
f 1313//1313 1298//1298 1396//1396
f 1313//1313 1442//1442 1298//1298
f 1328//1328 1387//1387 1312//1312
f 1328//1328 1312//1312 1311//1311
f 1387//1387 1391//1391 1392//1392
f 1387//1387 1392//1392 1312//1312
f 1388//1388 1328//1328 1310//1310
f 1388//1388 1310//1310 1393//1393
f 1328//1328 1311//1311 1310//1310
f 1308//1308 1325//1325 1309//1309
f 1390//1390 1325//1325 1308//1308
f 1325//1325 1389//1389 1306//1306
f 1389//1389 1388//1388 1307//1307
f 1389//1389 1307//1307 1306//1306
f 1305//1305 1304//1304 1455//1455
f 1304//1304 1358//1358 1327//1327
f 1304//1304 1327//1327 1455//1455
f 1299//1299 1302//1302 1332//1332
f 1299//1299 1332//1332 1356//1356
f 1358//1358 1332//1332 1302//1302
f 1358//1358 1302//1302 1303//1303
f 1298//1298 1301//1301 1322//1322
f 1364//1364 1322//1322 1301//1301
f 1364//1364 1301//1301 1300//1300
f 1300//1300 1299//1299 1356//1356
f 1300//1300 1356//1356 1364//1364
f 1396//1396 1298//1298 1322//1322
f 1358//1358 1303//1303 1327//1327
f 1399//1399 1318//1318 1398//1398
f 1331//1331 1311//1311 1323//1323
f 1293//1293 1292//1292 1330//1330
f 1291//1291 1447//1447 1290//1290
f 1386//1386 1335//1335 1336//1336
f 26//26 1334//1334 1335//1335
f 26//26 1335//1335 1386//1386
f 26//26 1339//1339 1334//1334
f 25//25 1340//1340 1339//1339
f 25//25 1339//1339 26//26
f 1385//1385 1337//1337 1340//1340
f 1385//1385 1340//1340 25//25
f 1384//1384 1338//1338 1337//1337
f 1384//1384 1337//1337 1385//1385
f 1383//1383 1342//1342 1338//1338
f 1383//1383 1338//1338 1384//1384
f 1382//1382 1342//1342 1383//1383
f 1345//1345 1365//1365 1336//1336
f 1365//1365 1403//1403 1357//1357
f 29//29 1365//1365 1357//1357
f 1430//1430 1405//1405 1426//1426
f 1430//1430 1426//1426 1428//1428
f 1413//1413 1426//1426 1330//1330
f 1378//1378 1362//1362 1409//1409
f 1378//1378 1361//1361 1362//1362
f 1377//1377 1415//1415 1409//1409
f 1415//1415 1378//1378 1409//1409
f 1432//1432 1376//1376 1402//1402
f 1376//1376 1431//1431 1405//1405
f 1338//1338 1347//1347 1337//1337
f 1374//1374 1375//1375 1342//1342
f 1374//1374 1342//1342 1382//1382
f 1323//1323 1397//1397 1401//1401
f 1323//1323 1401//1401 1331//1331
f 1375//1375 1347//1347 1338//1338
f 1375//1375 1338//1338 1342//1342
f 1397//1397 1348//1348 1347//1347
f 1397//1397 1347//1347 1375//1375
f 1397//1397 1323//1323 1348//1348
f 1349//1349 1400//1400 1369//1369
f 1349//1349 1369//1369 1343//1343
f 1399//1399 1349//1349 1343//1343
f 1362//1362 1410//1410 1305//1305
f 1305//1305 1410//1410 1412//1412
f 1304//1304 1403//1403 1358//1358
f 1368//1368 1371//1371 1416//1416
f 1372//1372 1371//1371 1368//1368
f 19//19 1372//1372 1368//1368
f 1418//1418 1370//1370 1430//1430
f 1418//1418 1423//1423 1422//1422
f 1418//1418 1422//1422 1370//1370
f 1414//1414 1413//1413 1353//1353
f 1421//1421 1373//1373 20//20
f 1373//1373 1421//1421 1417//1417
f 1411//1411 1352//1352 1373//1373
f 1411//1411 1373//1373 1406//1406
f 1352//1352 1354//1354 1373//1373
f 1354//1354 20//20 1373//1373
f 1372//1372 1354//1354 1371//1371
f 1352//1352 1371//1371 1354//1354
f 1370//1370 1355//1355 1419//1419
f 1370//1370 1422//1422 15//15
f 1369//1369 1382//1382 1381//1381
f 1369//1369 1374//1374 1382//1382
f 1343//1343 1369//1369 1344//1344
f 1344//1344 1369//1369 1381//1381
f 1344//1344 1381//1381 1341//1341
f 1368//1368 1367//1367 19//19
f 1416//1416 1366//1366 1367//1367
f 1416//1416 1367//1367 1368//1368
f 1350//1350 1399//1399 1343//1343
f 1350//1350 1343//1343 1366//1366
f 1366//1366 1343//1343 1344//1344
f 1366//1366 1344//1344 1367//1367
f 1322//1322 1334//1334 1339//1339
f 1364//1364 1334//1334 1322//1322
f 1364//1364 1356//1356 1345//1345
f 1347//1347 1363//1363 1340//1340
f 1347//1347 1340//1340 1337//1337
f 1348//1348 1363//1363 1347//1347
f 1363//1363 1339//1339 1340//1340
f 1363//1363 1322//1322 1339//1339
f 1396//1396 1322//1322 1363//1363
f 1361//1361 1360//1360 1410//1410
f 1361//1361 1410//1410 1362//1362
f 1360//1360 1359//1359 1412//1412
f 1360//1360 1412//1412 1410//1410
f 1407//1407 1380//1380 1357//1357
f 1345//1345 1356//1356 1332//1332
f 1345//1345 1332//1332 1365//1365
f 1436//1436 1434//1434 1419//1419
f 1420//1420 1395//1395 2062//2062
f 20//20 1346//1346 1421//1421
f 1354//1354 1372//1372 20//20
f 1417//1417 1421//1421 1425//1425
f 1417//1417 1425//1425 1353//1353
f 1398//1398 1349//1349 1399//1399
f 1376//1376 1432//1432 1431//1431
f 1334//1334 1345//1345 1335//1335
f 1334//1334 1364//1364 1345//1345
f 1333//1333 1305//1305 1507//1507
f 1333//1333 1507//1507 1453//1453
f 1455//1455 1507//1507 1305//1305
f 1327//1327 1454//1454 1455//1455
f 1303//1303 1446//1446 1454//1454
f 1303//1303 1454//1454 1327//1327
f 1390//1390 1329//1329 1448//1448
f 1447//1447 1448//1448 1316//1316
f 1448//1448 1329//1329 1316//1316
f 1326//1326 1427//1427 1449//1449
f 1326//1326 1449//1449 1451//1451
f 1324//1324 1295//1295 1452//1452
f 1324//1324 1450//1450 1431//1431
f 1446//1446 1303//1303 1302//1302
f 1446//1446 1302//1302 1444//1444
f 1300//1300 1443//1443 1299//1299
f 1444//1444 1302//1302 1299//1299
f 1444//1444 1299//1299 1443//1443
f 1441//1441 1313//1313 1391//1391
f 1495//1495 1440//1440 1387//1387
f 1495//1495 1387//1387 1328//1328
f 1440//1440 1439//1439 1391//1391
f 1440//1440 1391//1391 1387//1387
f 1438//1438 1328//1328 1388//1388
f 1438//1438 1495//1495 1328//1328
f 1390//1390 1510//1510 1325//1325
f 1510//1510 1502//1502 1389//1389
f 1510//1510 1389//1389 1325//1325
f 1502//1502 1437//1437 1388//1388
f 1502//1502 1388//1388 1389//1389
f 1451//1451 1291//1291 1326//1326
f 1427//1427 1431//1431 1450//1450
f 1427//1427 1450//1450 1449//1449
f 1439//1439 1441//1441 1391//1391
f 1437//1437 1438//1438 1388//1388
f 1388//1388 1393//1393 1307//1307
f 1307//1307 1393//1393 1317//1317
f 1394//1394 1333//1333 1453//1453
f 1295//1295 1402//1402 1394//1394
f 1295//1295 1394//1394 1452//1452
f 1312//1312 1348//1348 1323//1323
f 1348//1348 1392//1392 1313//1313
f 1348//1348 1313//1313 1396//1396
f 1318//1318 1317//1317 1398//1398
f 1393//1393 1398//1398 1317//1317
f 1393//1393 1296//1296 1398//1398
f 1296//1296 1331//1331 1401//1401
f 1348//1348 1396//1396 1363//1363
f 1349//1349 1398//1398 1296//1296
f 1349//1349 1296//1296 1400//1400
f 1400//1400 1296//1296 1401//1401
f 1401//1401 1397//1397 1375//1375
f 1401//1401 1375//1375 1374//1374
f 1400//1400 1401//1401 1374//1374
f 1400//1400 1374//1374 1369//1369
f 1332//1332 1358//1358 1365//1365
f 1295//1295 1324//1324 1432//1432
f 1431//1431 1432//1432 1324//1324
f 1290//1290 1316//1316 1314//1314
f 1315//1315 1314//1314 1316//1316
f 1315//1315 1316//1316 1329//1329
f 1429//1429 1431//1431 1427//1427
f 1424//1424 1404//1404 1326//1326
f 1424//1424 1326//1326 1291//1291
f 1424//1424 1291//1291 1290//1290
f 1294//1294 1290//1290 1314//1314
f 1424//1424 1290//1290 1294//1294
f 1402//1402 1409//1409 1333//1333
f 1403//1403 1365//1365 1358//1358
f 1321//1321 1297//1297 1315//1315
f 1321//1321 1315//1315 1309//1309
f 1293//1293 1330//1330 1294//1294
f 1293//1293 1294//1294 1314//1314
f 1297//1297 1293//1293 1314//1314
f 1297//1297 1314//1314 1315//1315
f 1377//1377 1409//1409 1402//1402
f 1376//1376 1377//1377 1402//1402
f 1405//1405 1408//1408 1376//1376
f 1305//1305 1412//1412 1304//1304
f 1412//1412 1403//1403 1304//1304
f 1330//1330 1426//1426 1404//1404
f 1293//1293 1406//1406 1292//1292
f 1406//1406 1293//1293 1297//1297
f 1406//1406 1297//1297 1411//1411
f 1409//1409 1362//1362 1333//1333
f 1362//1362 1305//1305 1333//1333
f 1412//1412 1407//1407 1403//1403
f 1407//1407 1357//1357 1403//1403
f 1413//1413 1330//1330 1292//1292
f 1417//1417 1292//1292 1406//1406
f 1351//1351 1352//1352 1411//1411
f 1433//1433 1408//1408 1430//1430
f 1415//1415 1377//1377 1433//1433
f 1413//1413 1292//1292 1417//1417
f 1416//1416 1371//1371 1352//1352
f 1416//1416 1352//1352 1351//1351
f 1351//1351 1350//1350 1366//1366
f 1351//1351 1366//1366 1416//1416
f 1353//1353 1418//1418 1428//1428
f 1353//1353 1428//1428 1414//1414
f 1428//1428 1418//1418 1430//1430
f 1417//1417 1353//1353 1413//1413
f 1361//1361 1379//1379 1360//1360
f 1379//1379 1359//1359 1360//1360
f 1415//1415 1433//1433 1434//1434
f 1434//1434 1433//1433 1370//1370
f 1420//1420 1379//1379 1361//1361
f 1435//1435 1420//1420 1361//1361
f 1435//1435 1361//1361 1378//1378
f 1370//1370 1419//1419 1434//1434
f 1420//1420 1435//1435 1436//1436
f 1370//1370 15//15 1355//1355
f 12//12 1421//1421 1346//1346
f 12//12 17//17 1425//1425
f 12//12 1425//1425 1421//1421
f 1330//1330 1424//1424 1294//1294
f 1417//1417 1406//1406 1373//1373
f 1418//1418 1425//1425 1423//1423
f 17//17 1423//1423 1425//1425
f 1414//1414 1426//1426 1413//1413
f 1418//1418 1353//1353 1425//1425
f 1426//1426 1429//1429 1404//1404
f 1404//1404 1429//1429 1427//1427
f 1404//1404 1427//1427 1326//1326
f 1414//1414 1428//1428 1426//1426
f 1429//1429 1426//1426 1405//1405
f 1431//1431 1429//1429 1405//1405
f 1430//1430 1408//1408 1405//1405
f 1433//1433 1430//1430 1370//1370
f 1408//1408 1377//1377 1376//1376
f 1377//1377 1408//1408 1433//1433
f 1436//1436 1419//1419 1395//1395
f 1415//1415 1434//1434 1435//1435
f 1434//1434 1436//1436 1435//1435
f 1435//1435 1378//1378 1415//1415
f 1380//1380 68//68 1357//1357
f 1379//1379 1420//1420 2062//2062
f 1395//1395 1420//1420 1436//1436
f 1395//1395 1419//1419 1355//1355
f 1395//1395 1355//1355 50//50
f 29//29 1357//1357 68//68
f 1359//1359 1380//1380 1407//1407
f 1359//1359 1407//1407 1412//1412
f 1359//1359 28//28 1380//1380
f 1379//1379 28//28 1359//1359
f 1457//1457 1458//1458 1470//1470
f 1546//1546 1492//1492 1493//1493
f 1467//1467 1543//1543 1464//1464
f 1529//1529 1522//1522 1518//1518
f 1578//1578 1577//1577 1597//1597
f 1558//1558 1512//1512 1576//1576
f 1724//1724 1559//1559 1527//1527
f 1581//1581 1602//1602 1599//1599
f 1550//1550 1520//1520 1524//1524
f 1469//1469 1472//1472 1471//1471
f 1473//1473 1470//1470 1458//1458
f 1469//1469 1473//1473 1713//1713
f 1467//1467 1464//1464 1757//1757
f 1467//1467 1757//1757 1465//1465
f 1466//1466 1467//1467 1465//1465
f 1466//1466 1563//1563 1467//1467
f 1705//1705 1703//1703 1465//1465
f 1465//1465 1703//1703 1466//1466
f 1456//1456 1463//1463 1462//1462
f 1694//1694 1463//1463 1456//1456
f 1459//1459 1770//1770 1694//1694
f 1770//1770 1459//1459 1460//1460
f 1456//1456 1458//1458 1457//1457
f 1594//1594 1694//1694 1456//1456
f 1459//1459 1694//1694 1594//1594
f 1460//1460 1459//1459 1461//1461
f 1458//1458 1718//1718 1473//1473
f 1458//1458 1456//1456 1462//1462
f 1689//1689 1461//1461 1690//1690
f 1689//1689 1460//1460 1461//1461
f 1472//1472 1464//1464 1543//1543
f 1464//1464 1468//1468 1757//1757
f 1472//1472 1712//1712 1468//1468
f 1472//1472 1468//1468 1464//1464
f 1469//1469 1712//1712 1472//1472
f 1462//1462 1718//1718 1458//1458
f 1718//1718 1462//1462 1719//1719
f 1712//1712 1469//1469 1713//1713
f 1709//1709 1468//1468 1712//1712
f 1708//1708 1757//1757 1468//1468
f 1708//1708 1468//1468 1709//1709
f 1510//1510 1557//1557 1555//1555
f 1510//1510 1555//1555 1502//1502
f 1509//1509 1556//1556 1557//1557
f 1509//1509 1557//1557 1510//1510
f 1491//1491 1545//1545 1556//1556
f 1491//1491 1556//1556 1509//1509
f 1508//1508 1484//1484 1483//1483
f 1508//1508 1483//1483 1494//1494
f 1587//1587 1588//1588 1484//1484
f 1587//1587 1484//1484 1508//1508
f 1585//1585 1498//1498 1486//1486
f 1507//1507 1591//1591 1487//1487
f 1507//1507 1487//1487 1506//1506
f 1500//1500 1499//1499 1489//1489
f 1500//1500 1489//1489 1488//1488
f 1499//1499 1505//1505 1490//1490
f 1499//1499 1490//1490 1489//1489
f 1505//1505 1504//1504 1593//1593
f 1505//1505 1593//1593 1490//1490
f 1496//1496 1551//1551 1593//1593
f 1496//1496 1593//1593 1504//1504
f 1496//1496 1497//1497 1601//1601
f 1496//1496 1601//1601 1551//1551
f 1555//1555 1552//1552 1437//1437
f 1555//1555 1437//1437 1502//1502
f 1495//1495 1437//1437 1552//1552
f 1495//1495 1552//1552 1547//1547
f 1550//1550 1501//1501 1553//1553
f 1451//1451 1494//1494 1544//1544
f 1570//1570 1571//1571 1549//1549
f 1570//1570 1549//1549 1554//1554
f 1494//1494 1483//1483 1544//1544
f 1493//1493 1451//1451 1544//1544
f 1493//1493 1544//1544 1546//1546
f 1491//1491 1492//1492 1546//1546
f 1491//1491 1546//1546 1545//1545
f 1525//1525 1555//1555 1557//1557
f 1525//1525 1557//1557 1569//1569
f 1556//1556 1514//1514 1569//1569
f 1556//1556 1569//1569 1557//1557
f 1514//1514 1556//1556 1545//1545
f 1514//1514 1545//1545 1568//1568
f 1567//1567 1546//1546 1544//1544
f 1544//1544 1483//1483 1566//1566
f 1544//1544 1566//1566 1567//1567
f 1525//1525 1584//1584 1552//1552
f 1525//1525 1552//1552 1555//1555
f 1575//1575 1576//1576 1572//1572
f 1574//1574 1572//1572 1576//1576
f 1584//1584 1575//1575 1547//1547
f 1584//1584 1547//1547 1552//1552
f 1586//1586 1486//1486 1478//1478
f 1488//1488 1583//1583 1481//1481
f 1582//1582 1602//1602 1581//1581
f 1600//1600 1524//1524 1580//1580
f 1568//1568 1545//1545 1546//1546
f 1568//1568 1546//1546 1567//1567
f 1566//1566 1483//1483 1482//1482
f 1470//1470 1538//1538 1457//1457
f 1470//1470 1471//1471 1538//1538
f 1537//1537 1538//1538 1471//1471
f 1467//1467 1563//1563 1534//1534
f 1526//1526 1563//1563 1466//1466
f 1466//1466 1536//1536 1526//1526
f 1731//1731 1536//1536 1466//1466
f 1535//1535 1536//1536 1731//1731
f 1543//1543 1467//1467 1534//1534
f 1543//1543 1471//1471 1472//1472
f 1540//1540 1457//1457 1539//1539
f 1456//1456 1457//1457 1540//1540
f 1594//1594 1456//1456 1540//1540
f 1541//1541 1594//1594 1542//1542
f 1461//1461 1459//1459 1541//1541
f 1461//1461 1541//1541 1518//1518
f 1594//1594 1541//1541 1459//1459
f 1511//1511 1730//1730 1518//1518
f 1690//1690 1461//1461 1518//1518
f 1522//1522 1595//1595 1596//1596
f 1724//1724 1527//1527 1562//1562
f 1475//1475 1513//1513 1566//1566
f 1478//1478 1479//1479 1538//1538
f 1539//1539 1479//1479 1592//1592
f 1457//1457 1538//1538 1539//1539
f 1538//1538 1479//1479 1539//1539
f 1478//1478 1538//1538 1537//1537
f 1537//1537 1477//1477 1478//1478
f 1537//1537 1532//1532 1477//1477
f 1471//1471 1532//1532 1537//1537
f 1475//1475 1534//1534 1563//1563
f 1563//1563 1564//1564 1513//1513
f 1526//1526 1536//1536 1561//1561
f 1561//1561 1536//1536 1535//1535
f 1561//1561 1562//1562 1527//1527
f 1476//1476 1534//1534 1475//1475
f 1476//1476 1533//1533 1534//1534
f 1477//1477 1532//1532 1590//1590
f 1532//1532 1534//1534 1533//1533
f 1532//1532 1533//1533 1590//1590
f 1532//1532 1543//1543 1534//1534
f 1543//1543 1532//1532 1471//1471
f 1531//1531 1530//1530 1480//1480
f 1727//1727 1577//1577 1576//1576
f 1511//1511 1596//1596 1597//1597
f 1511//1511 1597//1597 1727//1727
f 1523//1523 1595//1595 1522//1522
f 1540//1540 1539//1539 1530//1530
f 1540//1540 1530//1530 1531//1531
f 1531//1531 1521//1521 1542//1542
f 1518//1518 1522//1522 1596//1596
f 1518//1518 1596//1596 1511//1511
f 1563//1563 1513//1513 1475//1475
f 1521//1521 1529//1529 1542//1542
f 1559//1559 1517//1517 1528//1528
f 1517//1517 1559//1559 1558//1558
f 1565//1565 1525//1525 1515//1515
f 1516//1516 1514//1514 1568//1568
f 1589//1589 1482//1482 1484//1484
f 1479//1479 1478//1478 1487//1487
f 1592//1592 1479//1479 1487//1487
f 1592//1592 1487//1487 1591//1591
f 1474//1474 1582//1582 1581//1581
f 1474//1474 1581//1581 1521//1521
f 1584//1584 1525//1525 1565//1565
f 1517//1517 1575//1575 1584//1584
f 1579//1579 1519//1519 1595//1595
f 1523//1523 1580//1580 1579//1579
f 1521//1521 1523//1523 1522//1522
f 1521//1521 1522//1522 1529//1529
f 1576//1576 1575//1575 1517//1517
f 1576//1576 1517//1517 1558//1558
f 1567//1567 1516//1516 1568//1568
f 1513//1513 1516//1516 1567//1567
f 1516//1516 1515//1515 1514//1514
f 1564//1564 1515//1515 1516//1516
f 1576//1576 1512//1512 1727//1727
f 1597//1597 1577//1577 1727//1727
f 1582//1582 1583//1583 1489//1489
f 1582//1582 1489//1489 1490//1490
f 1489//1489 1583//1583 1488//1488
f 1586//1586 1585//1585 1486//1486
f 1589//1589 1484//1484 1588//1588
f 1482//1482 1483//1483 1484//1484
f 1567//1567 1566//1566 1513//1513
f 1482//1482 1533//1533 1476//1476
f 1589//1589 1533//1533 1482//1482
f 1586//1586 1478//1478 1477//1477
f 1583//1583 1480//1480 1481//1481
f 1582//1582 1474//1474 1583//1583
f 1474//1474 1480//1480 1583//1583
f 1590//1590 1533//1533 1589//1589
f 1475//1475 1566//1566 1476//1476
f 1558//1558 1560//1560 1512//1512
f 1559//1559 1560//1560 1558//1558
f 1528//1528 1527//1527 1559//1559
f 1528//1528 1561//1561 1527//1527
f 1564//1564 1526//1526 1561//1561
f 1564//1564 1561//1561 1528//1528
f 1559//1559 1724//1724 1560//1560
f 1705//1705 1465//1465 1735//1735
f 1561//1561 1535//1535 1562//1562
f 1563//1563 1526//1526 1564//1564
f 1482//1482 1476//1476 1566//1566
f 1517//1517 1584//1584 1565//1565
f 1513//1513 1564//1564 1516//1516
f 1515//1515 1528//1528 1565//1565
f 1565//1565 1528//1528 1517//1517
f 1514//1514 1515//1515 1569//1569
f 1525//1525 1569//1569 1515//1515
f 1554//1554 1553//1553 1501//1501
f 1554//1554 1501//1501 1570//1570
f 1571//1571 1548//1548 1549//1549
f 1547//1547 1548//1548 1495//1495
f 1547//1547 1575//1575 1572//1572
f 1547//1547 1572//1572 1548//1548
f 1572//1572 1549//1549 1548//1548
f 1602//1602 1582//1582 1490//1490
f 1602//1602 1490//1490 1593//1593
f 1601//1601 1602//1602 1551//1551
f 1520//1520 1550//1550 1553//1553
f 1520//1520 1553//1553 1573//1573
f 1574//1574 1573//1573 1553//1553
f 1574//1574 1553//1553 1554//1554
f 1574//1574 1554//1554 1549//1549
f 1574//1574 1549//1549 1572//1572
f 1577//1577 1574//1574 1576//1576
f 1578//1578 1573//1573 1574//1574
f 1578//1578 1574//1574 1577//1577
f 1519//1519 1520//1520 1573//1573
f 1519//1519 1573//1573 1578//1578
f 1579//1579 1524//1524 1520//1520
f 1579//1579 1520//1520 1519//1519
f 1580//1580 1524//1524 1579//1579
f 1585//1585 1485//1485 1452//1452
f 1586//1586 1485//1485 1585//1585
f 1506//1506 1487//1487 1486//1486
f 1506//1506 1486//1486 1498//1498
f 1487//1487 1478//1478 1486//1486
f 1587//1587 1452//1452 1485//1485
f 1587//1587 1485//1485 1588//1588
f 1589//1589 1588//1588 1485//1485
f 1589//1589 1485//1485 1586//1586
f 1589//1589 1586//1586 1477//1477
f 1590//1590 1589//1589 1477//1477
f 1500//1500 1488//1488 1591//1591
f 1500//1500 1591//1591 1507//1507
f 1591//1591 1488//1488 1481//1481
f 1592//1592 1591//1591 1481//1481
f 1592//1592 1481//1481 1480//1480
f 1530//1530 1539//1539 1592//1592
f 1530//1530 1592//1592 1480//1480
f 1473//1473 1471//1471 1470//1470
f 1602//1602 1593//1593 1551//1551
f 1564//1564 1528//1528 1515//1515
f 1542//1542 1594//1594 1540//1540
f 1542//1542 1540//1540 1531//1531
f 1541//1541 1529//1529 1518//1518
f 1542//1542 1529//1529 1541//1541
f 1471//1471 1473//1473 1469//1469
f 1595//1595 1519//1519 1596//1596
f 1596//1596 1519//1519 1578//1578
f 1596//1596 1578//1578 1597//1597
f 1523//1523 1579//1579 1595//1595
f 1531//1531 1480//1480 1474//1474
f 1531//1531 1474//1474 1521//1521
f 1598//1598 1503//1503 1600//1600
f 1523//1523 1521//1521 1580//1580
f 1497//1497 1598//1598 1600//1600
f 1497//1497 1600//1600 1601//1601
f 1601//1601 1600//1600 1599//1599
f 1601//1601 1599//1599 1602//1602
f 1503//1503 1603//1603 1600//1600
f 1600//1600 1580//1580 1599//1599
f 1521//1521 1581//1581 1580//1580
f 1580//1580 1581//1581 1599//1599
f 1603//1603 1503//1503 1550//1550
f 1524//1524 1600//1600 1603//1603
f 1524//1524 1603//1603 1550//1550
f 1615//1615 1604//1604 1781//1781
f 1466//1466 1703//1703 1704//1704
f 1751//1751 1704//1704 1703//1703
f 1704//1704 1751//1751 1687//1687
f 1694//1694 1770//1770 1695//1695
f 1688//1688 1689//1689 1686//1686
f 1686//1686 1728//1728 1688//1688
f 1640//1640 1619//1619 1639//1639
f 1760//1760 1620//1620 1621//1621
f 1750//1750 1684//1684 1698//1698
f 1772//1772 1791//1791 1859//1859
f 1611//1611 1733//1733 1610//1610
f 1611//1611 1610//1610 1605//1605
f 1768//1768 1616//1616 1612//1612
f 1768//1768 1612//1612 1732//1732
f 1615//1615 1618//1618 1604//1604
f 1785//1785 1781//1781 1604//1604
f 1618//1618 1609//1609 1608//1608
f 1732//1732 1779//1779 1614//1614
f 1772//1772 1790//1790 1791//1791
f 1772//1772 1781//1781 1790//1790
f 1772//1772 1859//1859 1613//1613
f 1781//1781 1772//1772 1777//1777
f 1611//1611 1609//1609 1618//1618
f 1738//1738 1614//1614 1606//1606
f 1617//1617 1610//1610 1606//1606
f 1605//1605 1610//1610 1617//1617
f 1608//1608 1604//1604 1618//1618
f 1780//1780 1612//1612 1613//1613
f 1732//1732 1612//1612 1780//1780
f 1732//1732 1614//1614 1607//1607
f 1785//1785 1604//1604 1608//1608
f 1781//1781 1785//1785 1790//1790
f 1750//1750 1751//1751 1682//1682
f 1741//1741 1642//1642 1679//1679
f 1679//1679 1642//1642 1676//1676
f 1465//1465 1758//1758 1747//1747
f 1627//1627 1621//1621 1672//1672
f 1710//1710 1708//1708 1709//1709
f 1621//1621 1622//1622 1672//1672
f 1706//1706 1623//1623 1620//1620
f 1706//1706 1620//1620 1628//1628
f 1709//1709 1712//1712 1711//1711
f 1619//1619 1640//1640 1670//1670
f 1706//1706 1715//1715 1624//1624
f 1706//1706 1624//1624 1623//1623
f 1711//1711 1712//1712 1713//1713
f 1711//1711 1713//1713 1714//1714
f 1715//1715 1716//1716 1625//1625
f 1715//1715 1625//1625 1624//1624
f 1761//1761 1714//1714 1713//1713
f 1731//1731 1466//1466 1704//1704
f 1682//1682 1751//1751 1703//1703
f 1705//1705 1682//1682 1703//1703
f 1769//1769 1755//1755 1695//1695
f 1770//1770 1769//1769 1695//1695
f 1754//1754 1769//1769 1702//1702
f 1754//1754 1702//1702 1753//1753
f 1770//1770 1702//1702 1769//1769
f 1460//1460 1702//1702 1770//1770
f 1743//1743 1700//1700 1662//1662
f 1753//1753 1752//1752 1744//1744
f 1753//1753 1702//1702 1701//1701
f 1753//1753 1701//1701 1752//1752
f 1460//1460 1689//1689 1701//1701
f 1460//1460 1701//1701 1702//1702
f 1752//1752 1701//1701 1699//1699
f 1689//1689 1699//1699 1701//1701
f 1689//1689 1688//1688 1699//1699
f 1744//1744 1752//1752 1697//1697
f 1744//1744 1697//1697 1742//1742
f 1752//1752 1699//1699 1696//1696
f 1752//1752 1696//1696 1697//1697
f 1688//1688 1687//1687 1696//1696
f 1688//1688 1696//1696 1699//1699
f 1742//1742 1697//1697 1698//1698
f 1697//1697 1696//1696 1751//1751
f 1687//1687 1751//1751 1696//1696
f 1746//1746 1756//1756 1755//1755
f 1746//1746 1755//1755 1745//1745
f 1756//1756 1693//1693 1695//1695
f 1756//1756 1695//1695 1755//1755
f 1721//1721 1719//1719 1693//1693
f 1721//1721 1693//1693 1756//1756
f 1632//1632 1763//1763 1630//1630
f 1722//1722 1633//1633 1631//1631
f 1722//1722 1631//1631 1692//1692
f 1719//1719 1721//1721 1720//1720
f 1719//1719 1691//1691 1718//1718
f 1720//1720 1691//1691 1719//1719
f 1630//1630 1763//1763 1762//1762
f 1692//1692 1631//1631 1629//1629
f 1692//1692 1629//1629 1717//1717
f 1764//1764 1473//1473 1691//1691
f 1718//1718 1691//1691 1473//1473
f 1688//1688 1728//1728 1687//1687
f 1728//1728 1704//1704 1687//1687
f 1689//1689 1690//1690 1686//1686
f 1750//1750 1682//1682 1749//1749
f 1678//1678 1677//1677 1739//1739
f 1677//1677 1740//1740 1739//1739
f 1675//1675 1673//1673 1738//1738
f 1673//1673 1681//1681 1738//1738
f 1651//1651 1648//1648 1776//1776
f 1680//1680 1665//1665 1737//1737
f 1665//1665 1661//1661 1615//1615
f 1665//1665 1615//1615 1737//1737
f 1661//1661 1656//1656 1736//1736
f 1661//1661 1736//1736 1615//1615
f 1656//1656 1658//1658 1736//1736
f 1778//1778 1651//1651 1776//1776
f 1616//1616 1778//1778 1612//1612
f 1657//1657 1734//1734 1733//1733
f 1657//1657 1733//1733 1658//1658
f 1654//1654 1734//1734 1657//1657
f 1654//1654 1741//1741 1734//1734
f 1734//1734 1678//1678 1733//1733
f 1679//1679 1678//1678 1734//1734
f 1679//1679 1676//1676 1677//1677
f 1679//1679 1677//1677 1678//1678
f 1676//1676 1626//1626 1740//1740
f 1676//1676 1740//1740 1677//1677
f 1674//1674 1672//1672 1673//1673
f 1674//1674 1673//1673 1675//1675
f 1627//1627 1672//1672 1674//1674
f 1673//1673 1671//1671 1681//1681
f 1672//1672 1670//1670 1671//1671
f 1672//1672 1671//1671 1673//1673
f 1671//1671 1669//1669 1607//1607
f 1671//1671 1607//1607 1681//1681
f 1670//1670 1640//1640 1669//1669
f 1670//1670 1669//1669 1671//1671
f 1767//1767 1649//1649 1616//1616
f 1767//1767 1616//1616 1768//1768
f 1766//1766 1641//1641 1649//1649
f 1766//1766 1649//1649 1767//1767
f 1647//1647 1775//1775 1774//1774
f 1646//1646 1775//1775 1647//1647
f 1667//1667 1680//1680 1648//1648
f 1775//1775 1666//1666 1668//1668
f 1645//1645 1637//1637 1666//1666
f 1667//1667 1664//1664 1665//1665
f 1667//1667 1665//1665 1680//1680
f 1668//1668 1663//1663 1664//1664
f 1668//1668 1664//1664 1667//1667
f 1666//1666 1662//1662 1663//1663
f 1666//1666 1663//1663 1668//1668
f 1664//1664 1661//1661 1665//1665
f 1663//1663 1660//1660 1661//1661
f 1663//1663 1661//1661 1664//1664
f 1662//1662 1659//1659 1660//1660
f 1662//1662 1660//1660 1663//1663
f 1660//1660 1655//1655 1656//1656
f 1660//1660 1656//1656 1661//1661
f 1659//1659 1653//1653 1655//1655
f 1659//1659 1655//1655 1660//1660
f 1656//1656 1657//1657 1658//1658
f 1655//1655 1654//1654 1657//1657
f 1655//1655 1657//1657 1656//1656
f 1653//1653 1654//1654 1655//1655
f 1651//1651 1774//1774 1648//1648
f 1650//1650 1647//1647 1774//1774
f 1650//1650 1774//1774 1651//1651
f 1634//1634 1647//1647 1650//1650
f 1634//1634 1650//1650 1632//1632
f 1644//1644 1650//1650 1651//1651
f 1632//1632 1650//1650 1644//1644
f 1632//1632 1644//1644 1763//1763
f 1649//1649 1644//1644 1778//1778
f 1649//1649 1778//1778 1616//1616
f 1641//1641 1644//1644 1649//1649
f 1771//1771 1745//1745 1755//1755
f 1646//1646 1647//1647 1634//1634
f 1639//1639 1641//1641 1766//1766
f 1763//1763 1644//1644 1641//1641
f 1759//1759 1760//1760 1626//1626
f 1759//1759 1626//1626 1642//1642
f 1676//1676 1642//1642 1626//1626
f 1670//1670 1622//1622 1619//1619
f 1672//1672 1622//1622 1670//1670
f 1637//1637 1638//1638 1743//1743
f 1646//1646 1636//1636 1638//1638
f 1646//1646 1638//1638 1637//1637
f 1634//1634 1635//1635 1636//1636
f 1634//1634 1636//1636 1646//1646
f 1632//1632 1633//1633 1635//1635
f 1632//1632 1635//1635 1634//1634
f 1630//1630 1631//1631 1633//1633
f 1630//1630 1633//1633 1632//1632
f 1762//1762 1629//1629 1631//1631
f 1762//1762 1631//1631 1630//1630
f 1765//1765 1629//1629 1762//1762
f 1723//1723 1628//1628 1620//1620
f 1723//1723 1620//1620 1760//1760
f 1760//1760 1627//1627 1626//1626
f 1765//1765 1619//1619 1624//1624
f 1765//1765 1624//1624 1625//1625
f 1622//1622 1623//1623 1624//1624
f 1622//1622 1624//1624 1619//1619
f 1621//1621 1620//1620 1623//1623
f 1621//1621 1623//1623 1622//1622
f 1709//1709 1628//1628 1710//1710
f 1711//1711 1706//1706 1628//1628
f 1711//1711 1628//1628 1709//1709
f 1714//1714 1706//1706 1711//1711
f 1761//1761 1716//1716 1714//1714
f 1720//1720 1692//1692 1691//1691
f 1721//1721 1722//1722 1692//1692
f 1721//1721 1692//1692 1720//1720
f 1722//1722 1756//1756 1746//1746
f 1717//1717 1691//1691 1692//1692
f 1717//1717 1764//1764 1691//1691
f 1716//1716 1715//1715 1714//1714
f 1706//1706 1714//1714 1715//1715
f 1723//1723 1710//1710 1628//1628
f 1759//1759 1643//1643 1758//1758
f 1535//1535 1731//1731 1725//1725
f 1704//1704 1728//1728 1731//1731
f 1731//1731 1728//1728 1725//1725
f 1690//1690 1730//1730 1686//1686
f 1690//1690 1518//1518 1730//1730
f 1686//1686 1730//1730 1729//1729
f 1686//1686 1729//1729 1726//1726
f 1686//1686 1726//1726 1728//1728
f 1728//1728 1726//1726 1725//1725
f 1730//1730 1511//1511 1727//1727
f 1729//1729 1730//1730 1727//1727
f 1729//1729 1727//1727 1512//1512
f 1512//1512 1560//1560 1726//1726
f 1512//1512 1726//1726 1729//1729
f 1724//1724 1725//1725 1726//1726
f 1724//1724 1726//1726 1560//1560
f 1725//1725 1724//1724 1562//1562
f 1725//1725 1562//1562 1535//1535
f 1617//1617 1782//1782 1605//1605
f 1617//1617 1841//1841 1782//1782
f 1617//1617 1606//1606 1788//1788
f 1788//1788 1606//1606 1614//1614
f 1788//1788 1614//1614 1779//1779
f 1780//1780 1613//1613 1859//1859
f 1605//1605 1609//1609 1611//1611
f 1741//1741 1679//1679 1734//1734
f 1685//1685 1642//1642 1741//1741
f 1748//1748 1749//1749 1735//1735
f 1610//1610 1678//1678 1739//1739
f 1733//1733 1678//1678 1610//1610
f 1611//1611 1658//1658 1733//1733
f 1618//1618 1736//1736 1658//1658
f 1618//1618 1658//1658 1611//1611
f 1615//1615 1736//1736 1618//1618
f 1781//1781 1737//1737 1615//1615
f 1777//1777 1737//1737 1781//1781
f 1777//1777 1680//1680 1737//1737
f 1773//1773 1613//1613 1776//1776
f 1612//1612 1778//1778 1776//1776
f 1614//1614 1681//1681 1607//1607
f 1738//1738 1681//1681 1614//1614
f 1606//1606 1675//1675 1738//1738
f 1606//1606 1610//1610 1739//1739
f 1739//1739 1675//1675 1606//1606
f 1740//1740 1675//1675 1739//1739
f 1740//1740 1674//1674 1675//1675
f 1626//1626 1627//1627 1674//1674
f 1626//1626 1674//1674 1740//1740
f 1652//1652 1741//1741 1654//1654
f 1653//1653 1652//1652 1654//1654
f 1645//1645 1666//1666 1775//1775
f 1645//1645 1775//1775 1646//1646
f 1684//1684 1685//1685 1741//1741
f 1684//1684 1741//1741 1652//1652
f 1742//1742 1684//1684 1652//1652
f 1742//1742 1652//1652 1653//1653
f 1700//1700 1742//1742 1653//1653
f 1700//1700 1653//1653 1659//1659
f 1662//1662 1700//1700 1659//1659
f 1743//1743 1662//1662 1666//1666
f 1637//1637 1743//1743 1666//1666
f 1643//1643 1759//1759 1642//1642
f 1707//1707 1643//1643 1642//1642
f 1683//1683 1707//1707 1642//1642
f 1683//1683 1642//1642 1685//1685
f 1750//1750 1683//1683 1685//1685
f 1750//1750 1685//1685 1684//1684
f 1742//1742 1698//1698 1684//1684
f 1744//1744 1742//1742 1700//1700
f 1753//1753 1744//1744 1700//1700
f 1753//1753 1700//1700 1743//1743
f 1754//1754 1753//1753 1743//1743
f 1754//1754 1743//1743 1638//1638
f 1754//1754 1638//1638 1771//1771
f 1771//1771 1638//1638 1636//1636
f 1771//1771 1636//1636 1745//1745
f 1746//1746 1745//1745 1636//1636
f 1746//1746 1636//1636 1635//1635
f 1746//1746 1635//1635 1633//1633
f 1746//1746 1633//1633 1722//1722
f 1747//1747 1758//1758 1643//1643
f 1683//1683 1748//1748 1707//1707
f 1748//1748 1683//1683 1749//1749
f 1750//1750 1749//1749 1683//1683
f 1750//1750 1698//1698 1751//1751
f 1697//1697 1751//1751 1698//1698
f 1755//1755 1769//1769 1771//1771
f 1721//1721 1756//1756 1722//1722
f 1465//1465 1757//1757 1758//1758
f 1705//1705 1735//1735 1749//1749
f 1748//1748 1747//1747 1643//1643
f 1748//1748 1643//1643 1707//1707
f 1747//1747 1748//1748 1735//1735
f 1747//1747 1735//1735 1465//1465
f 1757//1757 1708//1708 1758//1758
f 1758//1758 1708//1708 1710//1710
f 1759//1759 1758//1758 1710//1710
f 1759//1759 1710//1710 1723//1723
f 1760//1760 1759//1759 1723//1723
f 1627//1627 1760//1760 1621//1621
f 1761//1761 1713//1713 1473//1473
f 1765//1765 1639//1639 1619//1619
f 1639//1639 1765//1765 1762//1762
f 1639//1639 1762//1762 1641//1641
f 1763//1763 1641//1641 1762//1762
f 1637//1637 1645//1645 1646//1646
f 1764//1764 1761//1761 1473//1473
f 1761//1761 1764//1764 1716//1716
f 1717//1717 1716//1716 1764//1764
f 1717//1717 1629//1629 1625//1625
f 1717//1717 1625//1625 1716//1716
f 1765//1765 1625//1625 1629//1629
f 1639//1639 1766//1766 1640//1640
f 1640//1640 1766//1766 1767//1767
f 1640//1640 1767//1767 1669//1669
f 1669//1669 1767//1767 1768//1768
f 1669//1669 1768//1768 1607//1607
f 1607//1607 1768//1768 1732//1732
f 1463//1463 1694//1694 1695//1695
f 1463//1463 1695//1695 1693//1693
f 1719//1719 1462//1462 1463//1463
f 1719//1719 1463//1463 1693//1693
f 1705//1705 1749//1749 1682//1682
f 1769//1769 1754//1754 1771//1771
f 1617//1617 1788//1788 1841//1841
f 1773//1773 1772//1772 1613//1613
f 1775//1775 1668//1668 1667//1667
f 1775//1775 1667//1667 1774//1774
f 1648//1648 1773//1773 1776//1776
f 1774//1774 1667//1667 1648//1648
f 1772//1772 1773//1773 1777//1777
f 1648//1648 1680//1680 1773//1773
f 1777//1777 1773//1773 1680//1680
f 1612//1612 1776//1776 1613//1613
f 1644//1644 1651//1651 1778//1778
f 1787//1787 1605//1605 1782//1782
f 1887//1887 1794//1794 1793//1793
f 1799//1799 1873//1873 1808//1808
f 1863//1863 1801//1801 1805//1805
f 1799//1799 1808//1808 1807//1807
f 1818//1818 1820//1820 1789//1789
f 1823//1823 1850//1850 1798//1798
f 1828//1828 1860//1860 1824//1824
f 1846//1846 1848//1848 1858//1858
f 1818//1818 1822//1822 1809//1809
f 1888//1888 1797//1797 1819//1819
f 1846//1846 1782//1782 1841//1841
f 1785//1785 1783//1783 1790//1790
f 1786//1786 1609//1609 1605//1605
f 1608//1608 1609//1609 1786//1786
f 1786//1786 1784//1784 1849//1849
f 1784//1784 1786//1786 1787//1787
f 1605//1605 1787//1787 1786//1786
f 1608//1608 1833//1833 1823//1823
f 1833//1833 1608//1608 1786//1786
f 1833//1833 1786//1786 1849//1849
f 1779//1779 1837//1837 1788//1788
f 1608//1608 1823//1823 1834//1834
f 1608//1608 1834//1834 1785//1785
f 1834//1834 1783//1783 1785//1785
f 1789//1789 1851//1851 1790//1790
f 1790//1790 1851//1851 1791//1791
f 1732//1732 1780//1780 1855//1855
f 1855//1855 1780//1780 1792//1792
f 1792//1792 1780//1780 1859//1859
f 1792//1792 1859//1859 1791//1791
f 1783//1783 1789//1789 1790//1790
f 1862//1862 1795//1795 1798//1798
f 1796//1796 1886//1886 1849//1849
f 1803//1803 1801//1801 1863//1863
f 1796//1796 1865//1865 1886//1886
f 1794//1794 1850//1850 1886//1886
f 1794//1794 1886//1886 1793//1793
f 1798//1798 1850//1850 1794//1794
f 1883//1883 1798//1798 1794//1794
f 1794//1794 1887//1887 1883//1883
f 1800//1800 1873//1873 1799//1799
f 1801//1801 1803//1803 1802//1802
f 1800//1800 1802//1802 1803//1803
f 1802//1802 1800//1800 1804//1804
f 1804//1804 1800//1800 1799//1799
f 1862//1862 1798//1798 1883//1883
f 1808//1808 1806//1806 1807//1807
f 1809//1809 1822//1822 1810//1810
f 1818//1818 1789//1789 1783//1783
f 1812//1812 1817//1817 1811//1811
f 1816//1816 1813//1813 1814//1814
f 1816//1816 1814//1814 1811//1811
f 1815//1815 1817//1817 1827//1827
f 1815//1815 1816//1816 1811//1811
f 1811//1811 1817//1817 1815//1815
f 1797//1797 1818//1818 1819//1819
f 1815//1815 1821//1821 1809//1809
f 1820//1820 1818//1818 1809//1809
f 1809//1809 1821//1821 1820//1820
f 1805//1805 1822//1822 1818//1818
f 1805//1805 1801//1801 1813//1813
f 1804//1804 1814//1814 1802//1802
f 1814//1814 1813//1813 1801//1801
f 1814//1814 1801//1801 1802//1802
f 1814//1814 1804//1804 1825//1825
f 1814//1814 1825//1825 1811//1811
f 1812//1812 1811//1811 1825//1825
f 1826//1826 1817//1817 1812//1812
f 1817//1817 1826//1826 1827//1827
f 1826//1826 1829//1829 1828//1828
f 1826//1826 1812//1812 1829//1829
f 1812//1812 1807//1807 1829//1829
f 1812//1812 1825//1825 1807//1807
f 1825//1825 1804//1804 1799//1799
f 1825//1825 1799//1799 1807//1807
f 1808//1808 1843//1843 1830//1830
f 1808//1808 1830//1830 1806//1806
f 1831//1831 1806//1806 1830//1830
f 1807//1807 1806//1806 1829//1829
f 1806//1806 1831//1831 1829//1829
f 1828//1828 1829//1829 1831//1831
f 1831//1831 1860//1860 1828//1828
f 1839//1839 1824//1824 1860//1860
f 1782//1782 1846//1846 1832//1832
f 1782//1782 1832//1832 1787//1787
f 1787//1787 1832//1832 1784//1784
f 1847//1847 1784//1784 1832//1832
f 1835//1835 1839//1839 1836//1836
f 1835//1835 1836//1836 1837//1837
f 1837//1837 1779//1779 1835//1835
f 1837//1837 1836//1836 1838//1838
f 1844//1844 1861//1861 1845//1845
f 1838//1838 1836//1836 1861//1861
f 1839//1839 1835//1835 1840//1840
f 1840//1840 1835//1835 1779//1779
f 1837//1837 1841//1841 1788//1788
f 1834//1834 1798//1798 1795//1795
f 1842//1842 1843//1843 1796//1796
f 1842//1842 1796//1796 1848//1848
f 1843//1843 1842//1842 1830//1830
f 1848//1848 1844//1844 1842//1842
f 1842//1842 1844//1844 1845//1845
f 1842//1842 1845//1845 1830//1830
f 1844//1844 1846//1846 1838//1838
f 1844//1844 1848//1848 1846//1846
f 1832//1832 1858//1858 1847//1847
f 1847//1847 1848//1848 1849//1849
f 1886//1886 1850//1850 1849//1849
f 1834//1834 1823//1823 1798//1798
f 1823//1823 1833//1833 1850//1850
f 1833//1833 1849//1849 1850//1850
f 1849//1849 1784//1784 1847//1847
f 1789//1789 1820//1820 1851//1851
f 1819//1819 1834//1834 1795//1795
f 1819//1819 1783//1783 1834//1834
f 1820//1820 1821//1821 1851//1851
f 1852//1852 1853//1853 1854//1854
f 1854//1854 1827//1827 1852//1852
f 1863//1863 1818//1818 1797//1797
f 1805//1805 1818//1818 1863//1863
f 1827//1827 1854//1854 1815//1815
f 1857//1857 1840//1840 1855//1855
f 1840//1840 1732//1732 1855//1855
f 1857//1857 1855//1855 1853//1853
f 1857//1857 1853//1853 1852//1852
f 1855//1855 1792//1792 1853//1853
f 1810//1810 1805//1805 1813//1813
f 1810//1810 1813//1813 1816//1816
f 1809//1809 1810//1810 1816//1816
f 1809//1809 1816//1816 1815//1815
f 1815//1815 1854//1854 1856//1856
f 1815//1815 1856//1856 1821//1821
f 1853//1853 1792//1792 1856//1856
f 1853//1853 1856//1856 1854//1854
f 1792//1792 1791//1791 1856//1856
f 1818//1818 1783//1783 1819//1819
f 1857//1857 1839//1839 1840//1840
f 1839//1839 1857//1857 1824//1824
f 1836//1836 1860//1860 1861//1861
f 1836//1836 1839//1839 1860//1860
f 1852//1852 1824//1824 1857//1857
f 1827//1827 1824//1824 1852//1852
f 1861//1861 1860//1860 1831//1831
f 1861//1861 1831//1831 1845//1845
f 1845//1845 1831//1831 1830//1830
f 1837//1837 1838//1838 1841//1841
f 1841//1841 1838//1838 1846//1846
f 1821//1821 1856//1856 1851//1851
f 1822//1822 1805//1805 1810//1810
f 1848//1848 1847//1847 1858//1858
f 1832//1832 1846//1846 1858//1858
f 1848//1848 1796//1796 1849//1849
f 1795//1795 1888//1888 1819//1819
f 1843//1843 1808//1808 1873//1873
f 1865//1865 1796//1796 1843//1843
f 1840//1840 1779//1779 1732//1732
f 1826//1826 1824//1824 1827//1827
f 1824//1824 1826//1826 1828//1828
f 1844//1844 1838//1838 1861//1861
f 1856//1856 1791//1791 1851//1851
f 1865//1865 1843//1843 1864//1864
f 1869//1869 1880//1880 1870//1870
f 1864//1864 1877//1877 1870//1870
f 1864//1864 1873//1873 1877//1877
f 1870//1870 1874//1874 1864//1864
f 1865//1865 1874//1874 1793//1793
f 1870//1870 1884//1884 1874//1874
f 1874//1874 1884//1884 1793//1793
f 1793//1793 1870//1870 1893//1893
f 1868//1868 1893//1893 1870//1870
f 1869//1869 1870//1870 1877//1877
f 1871//1871 1872//1872 1880//1880
f 1871//1871 1880//1880 1869//1869
f 1885//1885 1878//1878 1875//1875
f 1885//1885 1868//1868 1878//1878
f 1885//1885 1875//1875 1867//1867
f 1868//1868 1885//1885 1867//1867
f 1889//1889 1883//1883 1875//1875
f 1889//1889 1872//1872 1879//1879
f 1883//1883 1892//1892 1875//1875
f 1889//1889 1890//1890 1881//1881
f 1889//1889 1879//1879 1890//1890
f 1890//1890 1879//1879 1891//1891
f 1876//1876 1863//1863 1797//1797
f 1795//1795 1862//1862 1888//1888
f 1862//1862 1882//1882 1888//1888
f 1890//1890 1891//1891 1881//1881
f 1879//1879 1888//1888 1891//1891
f 1881//1881 1882//1882 1889//1889
f 1889//1889 1882//1882 1883//1883
f 1868//1868 1889//1889 1878//1878
f 1872//1872 1889//1889 1880//1880
f 1877//1877 1873//1873 1800//1800
f 1873//1873 1864//1864 1843//1843
f 1877//1877 1800//1800 1869//1869
f 1876//1876 1803//1803 1863//1863
f 1871//1871 1803//1803 1876//1876
f 1800//1800 1871//1871 1869//1869
f 1876//1876 1872//1872 1871//1871
f 1871//1871 1800//1800 1803//1803
f 1882//1882 1891//1891 1888//1888
f 1868//1868 1870//1870 1880//1880
f 1872//1872 1876//1876 1879//1879
f 1797//1797 1888//1888 1876//1876
f 1883//1883 1882//1882 1862//1862
f 1887//1887 1892//1892 1883//1883
f 1867//1867 1892//1892 1887//1887
f 1868//1868 1867//1867 1866//1866
f 1893//1893 1866//1866 1867//1867
f 1867//1867 1887//1887 1793//1793
f 1868//1868 1866//1866 1893//1893
f 1874//1874 1865//1865 1864//1864
f 1865//1865 1793//1793 1886//1886
f 1879//1879 1876//1876 1888//1888
f 1891//1891 1882//1882 1881//1881
f 1889//1889 1868//1868 1880//1880
f 1875//1875 1878//1878 1889//1889
f 1867//1867 1793//1793 1893//1893
f 1793//1793 1884//1884 1870//1870
f 1892//1892 1867//1867 1875//1875
f 1939//1939 2052//2052 2053//2053
f 1948//1948 2075//2075 1938//1938
f 1939//1939 2043//2043 1948//1948
f 2043//2043 1972//1972 1974//1974
f 2053//2053 72//72 1955//1955
f 2051//2051 1954//1954 1936//1936
f 2062//2062 2112//2112 73//73
f 2009//2009 1965//1965 2066//2066
f 2004//2004 1953//1953 1952//1952
f 1958//1958 1906//1906 1961//1961
f 1965//1965 1966//1966 1967//1967
f 1939//1939 2053//2053 1955//1955
f 1949//1949 1950//1950 2007//2007
f 2040//2040 1917//1917 2059//2059
f 1974//1974 1973//1973 1975//1975
f 2120//2120 2119//2119 2130//2130
f 2063//2063 42//42 2153//2153
f 2154//2154 72//72 1977//1977
f 2217//2217 2225//2225 2167//2167
f 2217//2217 2167//2167 2180//2180
f 2227//2227 2218//2218 2181//2181
f 2227//2227 2181//2181 2177//2177
f 2214//2214 2330//2330 2166//2166
f 2214//2214 2166//2166 2163//2163
f 2230//2230 2162//2162 2161//2161
f 2230//2230 2161//2161 2223//2223
f 2229//2229 2170//2170 2162//2162
f 2229//2229 2162//2162 2230//2230
f 2209//2209 2168//2168 2170//2170
f 2209//2209 2170//2170 2229//2229
f 2211//2211 2171//2171 2173//2173
f 2211//2211 2173//2173 2274//2274
f 2228//2228 2172//2172 2171//2171
f 2228//2228 2171//2171 2211//2211
f 2313//2313 2172//2172 2228//2228
f 2313//2313 2215//2215 2174//2174
f 2226//2226 2176//2176 2179//2179
f 2226//2226 2179//2179 2310//2310
f 2176//2176 2226//2226 2227//2227
f 2176//2176 2227//2227 2177//2177
f 2224//2224 2165//2165 2167//2167
f 2224//2224 2167//2167 2225//2225
f 2213//2213 2164//2164 2165//2165
f 2213//2213 2165//2165 2224//2224
f 2166//2166 2330//2330 2332//2332
f 2219//2219 2160//2160 1915//1915
f 2219//2219 1915//1915 2332//2332
f 2157//2157 2223//2223 2161//2161
f 2159//2159 2222//2222 2212//2212
f 2220//2220 2221//2221 2160//2160
f 2220//2220 2160//2160 2219//2219
f 2218//2218 2217//2217 2180//2180
f 2218//2218 2180//2180 2181//2181
f 2216//2216 2175//2175 2178//2178
f 2216//2216 2178//2178 2309//2309
f 2214//2214 2163//2163 2164//2164
f 2214//2214 2164//2164 2213//2213
f 2274//2274 2173//2173 2169//2169
f 2274//2274 2169//2169 2276//2276
f 2210//2210 2276//2276 2169//2169
f 2210//2210 2168//2168 2209//2209
f 2222//2222 2159//2159 2158//2158
f 2309//2309 2178//2178 2174//2174
f 2309//2309 2174//2174 2215//2215
f 2216//2216 2310//2310 2179//2179
f 2216//2216 2179//2179 2175//2175
f 1918//1918 1925//1925 1923//1923
f 1918//1918 1923//1923 1914//1914
f 2079//2079 1933//1933 1969//1969
f 2079//2079 1969//1969 1924//1924
f 1895//1895 1933//1933 2079//2079
f 2117//2117 2081//2081 2080//2080
f 1898//1898 1930//1930 2057//2057
f 1924//1924 1922//1922 1923//1923
f 1922//1922 1912//1912 1914//1914
f 1922//1922 1914//1914 1923//1923
f 1969//1969 1900//1900 1924//1924
f 1900//1900 1921//1921 1924//1924
f 1921//1921 1922//1922 1924//1924
f 1921//1921 2058//2058 1912//1912
f 1921//1921 1912//1912 1922//1922
f 2057//2057 2058//2058 1921//1921
f 1919//1919 1918//1918 1914//1914
f 1919//1919 1914//1914 1913//1913
f 1911//1911 2067//2067 2059//2059
f 2060//2060 2061//2061 2059//2059
f 2060//2060 2059//2059 1917//1917
f 2056//2056 1934//1934 1902//1902
f 1907//1907 2166//2166 1915//1915
f 1907//1907 1915//1915 1916//1916
f 2166//2166 1907//1907 1904//1904
f 2166//2166 1904//1904 2163//2163
f 1903//1903 2164//2164 2163//2163
f 1903//1903 2163//2163 1904//1904
f 2056//2056 2164//2164 1903//1903
f 2056//2056 1903//1903 1934//1934
f 1899//1899 2160//2160 2158//2158
f 1916//1916 1915//1915 2160//2160
f 1916//1916 2160//2160 1899//1899
f 1899//1899 2158//2158 2159//2159
f 1899//1899 2159//2159 1930//1930
f 1912//1912 1929//1929 1913//1913
f 1912//1912 1913//1913 1914//1914
f 2058//2058 1929//1929 1912//1912
f 1910//1910 2067//2067 1911//1911
f 1909//1909 1908//1908 1910//1910
f 1901//1901 1926//1926 1908//1908
f 1901//1901 1908//1908 1909//1909
f 2099//2099 2116//2116 2106//2106
f 1934//1934 1903//1903 1906//1906
f 1934//1934 1957//1957 1902//1902
f 1927//1927 1907//1907 1916//1916
f 1927//1927 1916//1916 1998//1998
f 1907//1907 1927//1927 1905//1905
f 1907//1907 1905//1905 1904//1904
f 1906//1906 1903//1903 1904//1904
f 1906//1906 1904//1904 1905//1905
f 1916//1916 1899//1899 2064//2064
f 1916//1916 2064//2064 1998//1998
f 1902//1902 1957//1957 1926//1926
f 1902//1902 1926//1926 1901//1901
f 1899//1899 1930//1930 1898//1898
f 2083//2083 2080//2080 2081//2081
f 2073//2073 2116//2116 1895//1895
f 1939//1939 1948//1948 2052//2052
f 1948//1948 1938//1938 2052//2052
f 1938//1938 2051//2051 40//40
f 1938//1938 40//40 2052//2052
f 1936//1936 1937//1937 2050//2050
f 1936//1936 2050//2050 2051//2051
f 1937//1937 1944//1944 2049//2049
f 1937//1937 2049//2049 2050//2050
f 1944//1944 1942//1942 2048//2048
f 1944//1944 2048//2048 2049//2049
f 1942//1942 1943//1943 2047//2047
f 1942//1942 2047//2047 2048//2048
f 1943//1943 1940//1940 2046//2046
f 1943//1943 2046//2046 2047//2047
f 1940//1940 1941//1941 2045//2045
f 1940//1940 2045//2045 2046//2046
f 1941//1941 1946//1946 70//70
f 1941//1941 70//70 2045//2045
f 1946//1946 2044//2044 70//70
f 2043//2043 2075//2075 1948//1948
f 2043//2043 1974//1974 2076//2076
f 2043//2043 1939//1939 1955//1955
f 2043//2043 1955//1955 1972//1972
f 1978//1978 2156//2156 2155//2155
f 72//72 1978//1978 1977//1977
f 2156//2156 1947//1947 2042//2042
f 1947//1947 73//73 2042//2042
f 2041//2041 72//72 2154//2154
f 2041//2041 2154//2154 1973//1973
f 1978//1978 1947//1947 2156//2156
f 1972//1972 1955//1955 2041//2041
f 1972//1972 2041//2041 1973//1973
f 1955//1955 72//72 2041//2041
f 2126//2126 2091//2091 2127//2127
f 2085//2085 2091//2091 2126//2126
f 2085//2085 2126//2126 2125//2125
f 2120//2120 2125//2125 1932//1932
f 2129//2129 2103//2103 2134//2134
f 2025//2025 2039//2039 2040//2040
f 2025//2025 2040//2040 2026//2026
f 2024//2024 2038//2038 2039//2039
f 2024//2024 2039//2039 2025//2025
f 2023//2023 2037//2037 2038//2038
f 2023//2023 2038//2038 2024//2024
f 2022//2022 2036//2036 2095//2095
f 2022//2022 2095//2095 2094//2094
f 2022//2022 1997//1997 2035//2035
f 2022//2022 2035//2035 2036//2036
f 1997//1997 1996//1996 2034//2034
f 1997//1997 2034//2034 2035//2035
f 2040//2040 2039//2039 1917//1917
f 2038//2038 2033//2033 2039//2039
f 2037//2037 2144//2144 2086//2086
f 2037//2037 2086//2086 2038//2038
f 2036//2036 2032//2032 2096//2096
f 2036//2036 2096//2096 2095//2095
f 2036//2036 2035//2035 2031//2031
f 2036//2036 2031//2031 2032//2032
f 2035//2035 2034//2034 2151//2151
f 2035//2035 2151//2151 2031//2031
f 2039//2039 2077//2077 1956//1956
f 2039//2039 1956//1956 1917//1917
f 2033//2033 2077//2077 2039//2039
f 2033//2033 2087//2087 2084//2084
f 2030//2030 2087//2087 2086//2086
f 2030//2030 2086//2086 2144//2144
f 2029//2029 2097//2097 2146//2146
f 2029//2029 2146//2146 2145//2145
f 2070//2070 1956//1956 2077//2077
f 2090//2090 2133//2133 2088//2088
f 2090//2090 2088//2088 2135//2135
f 2139//2139 2142//2142 2141//2141
f 2139//2139 2141//2141 2140//2140
f 1940//1940 1967//1967 1968//1968
f 1940//1940 1968//1968 1941//1941
f 1946//1946 2028//2028 2011//2011
f 1946//1946 2011//2011 2044//2044
f 2028//2028 2027//2027 2010//2010
f 2028//2028 2010//2010 2011//2011
f 2027//2027 1965//1965 2009//2009
f 2027//2027 2009//2009 2010//2010
f 1941//1941 1968//1968 2028//2028
f 1941//1941 2028//2028 1946//1946
f 1968//1968 1966//1966 2027//2027
f 1968//1968 2027//2027 2028//2028
f 1966//1966 1965//1965 2027//2027
f 2009//2009 2066//2066 2007//2007
f 2066//2066 1898//1898 2007//2007
f 2010//2010 2009//2009 1950//1950
f 2007//2007 1898//1898 1900//1900
f 2078//2078 2025//2025 2026//2026
f 2020//2020 2024//2024 2025//2025
f 1994//1994 2023//2023 2024//2024
f 1993//1993 2022//2022 2094//2094
f 1993//1993 2094//2094 2098//2098
f 1993//1993 1992//1992 1997//1997
f 1993//1993 1997//1997 2022//2022
f 1987//1987 2078//2078 2019//2019
f 2089//2089 2020//2020 1987//1987
f 1986//1986 1994//1994 2089//2089
f 1982//1982 1987//1987 2019//2019
f 2026//2026 2040//2040 2067//2067
f 2021//2021 2026//2026 2067//2067
f 2016//2016 1970//1970 2008//2008
f 2016//2016 2008//2008 1969//1969
f 2008//2008 1970//1970 1963//1963
f 2012//2012 63//63 2018//2018
f 63//63 2124//2124 2018//2018
f 66//66 1964//1964 2017//2017
f 2016//2016 2107//2107 1964//1964
f 2016//2016 1964//1964 1970//1970
f 1964//1964 66//66 1970//1970
f 2148//2148 2014//2014 2143//2143
f 61//61 2114//2114 2150//2150
f 2014//2014 2129//2129 2134//2134
f 2114//2114 2012//2012 2018//2018
f 2114//2114 2018//2018 2013//2013
f 58//58 2012//2012 2114//2114
f 2044//2044 2011//2011 1945//1945
f 1935//1935 1950//1950 1949//1949
f 1950//1950 2009//2009 2007//2007
f 1945//1945 2011//2011 1950//1950
f 1945//1945 1950//1950 1935//1935
f 2011//2011 2010//2010 1950//1950
f 56//56 1900//1900 1963//1963
f 1900//1900 2008//2008 1963//1963
f 1900//1900 1969//1969 2008//2008
f 56//56 1949//1949 1900//1900
f 1949//1949 2007//2007 1900//1900
f 56//56 1935//1935 1949//1949
f 2075//2075 2006//2006 2071//2071
f 2006//2006 2076//2076 2072//2072
f 2006//2006 2072//2072 1959//1959
f 1944//1944 2004//2004 2002//2002
f 1944//1944 2002//2002 1942//1942
f 2004//2004 1952//1952 2002//2002
f 1952//1952 2005//2005 2000//2000
f 1952//1952 2000//2000 2002//2002
f 2005//2005 1998//1998 2000//2000
f 2005//2005 1927//1927 1998//1998
f 2005//2005 2003//2003 1971//1971
f 2005//2005 1952//1952 1951//1951
f 2005//2005 1951//1951 2003//2003
f 2004//2004 1944//1944 1937//1937
f 2004//2004 1937//1937 1953//1953
f 1960//1960 1961//1961 2003//2003
f 1960//1960 2003//2003 1951//1951
f 1961//1961 1971//1971 2003//2003
f 1943//1943 2001//2001 1967//1967
f 1943//1943 1967//1967 1940//1940
f 2001//2001 1999//1999 2065//2065
f 2001//2001 2065//2065 1967//1967
f 1942//1942 2002//2002 2001//2001
f 1942//1942 2001//2001 1943//1943
f 2002//2002 2000//2000 1999//1999
f 2002//2002 1999//1999 2001//2001
f 2000//2000 1998//1998 2064//2064
f 2000//2000 2064//2064 1999//1999
f 1992//1992 1990//1990 1996//1996
f 1992//1992 1996//1996 1997//1997
f 1990//1990 1989//1989 1995//1995
f 1990//1990 1995//1995 1996//1996
f 1985//1985 1993//1993 2098//2098
f 1985//1985 2098//2098 2100//2100
f 1985//1985 1984//1984 1992//1992
f 1985//1985 1992//1992 1993//1993
f 1984//1984 1991//1991 1990//1990
f 1984//1984 1990//1990 1992//1992
f 1991//1991 2042//2042 1989//1989
f 1991//1991 1989//1989 1990//1990
f 1981//1981 2089//2089 1987//1987
f 1980//1980 1986//1986 2089//2089
f 1979//1979 1985//1985 2100//2100
f 1979//1979 2100//2100 2101//2101
f 1977//1977 1978//1978 2155//2155
f 1977//1977 2155//2155 1979//1979
f 1976//1976 1982//1982 2076//2076
f 1977//1977 1979//1979 2101//2101
f 1977//1977 2101//2101 2102//2102
f 1973//1973 2154//2154 1975//1975
f 1974//1974 1976//1976 2076//2076
f 1974//1974 1972//1972 1973//1973
f 1959//1959 1934//1934 1906//1906
f 1959//1959 1906//1906 1958//1958
f 1934//1934 1959//1959 1957//1957
f 1927//1927 2005//2005 1971//1971
f 1927//1927 1971//1971 1905//1905
f 1961//1961 1906//1906 1905//1905
f 1961//1961 1905//1905 1971//1971
f 1957//1957 2072//2072 1926//1926
f 2062//2062 2063//2063 2112//2112
f 1962//1962 1964//1964 2107//2107
f 1962//1962 2106//2106 2111//2111
f 2106//2106 1962//1962 2107//2107
f 1965//1965 1967//1967 2065//2065
f 1965//1965 2065//2065 1898//1898
f 1968//1968 1967//1967 1966//1966
f 1961//1961 1960//1960 1958//1958
f 1983//1983 2019//2019 1908//1908
f 1983//1983 1908//1908 2072//2072
f 2021//2021 1908//1908 2019//2019
f 1938//1938 2071//2071 1954//1954
f 1938//1938 1954//1954 2051//2051
f 1936//1936 1954//1954 1953//1953
f 1936//1936 1953//1953 1937//1937
f 1954//1954 1951//1951 1952//1952
f 1954//1954 1952//1952 1953//1953
f 2177//2177 1910//1910 1911//1911
f 2177//2177 1911//1911 2176//2176
f 2177//2177 2181//2181 1909//1909
f 2177//2177 1909//1909 1910//1910
f 2181//2181 2180//2180 1901//1901
f 2181//2181 1901//1901 1909//1909
f 2180//2180 2167//2167 1902//1902
f 2180//2180 1902//1902 1901//1901
f 1919//1919 1913//1913 2170//2170
f 1919//1919 2170//2170 2168//2168
f 1920//1920 2168//2168 2210//2210
f 1920//1920 2210//2210 1931//1931
f 1920//1920 1919//1919 2168//2168
f 2171//2171 2123//2123 2122//2122
f 2171//2171 2122//2122 2173//2173
f 2175//2175 2061//2061 2060//2060
f 2175//2175 2060//2060 2178//2178
f 2174//2174 2055//2055 1928//1928
f 2174//2174 1928//1928 2313//2313
f 2172//2172 2313//2313 1928//1928
f 2172//2172 1928//1928 2054//2054
f 2056//2056 1902//1902 2167//2167
f 2056//2056 2167//2167 2165//2165
f 2166//2166 2332//2332 1915//1915
f 2164//2164 2056//2056 2165//2165
f 2160//2160 2221//2221 2158//2158
f 2159//2159 2212//2212 1930//1930
f 1930//1930 2212//2212 2057//2057
f 1929//1929 2162//2162 2170//2170
f 1929//1929 2170//2170 1913//1913
f 2058//2058 2161//2161 2162//2162
f 2058//2058 2162//2162 1929//1929
f 2057//2057 2157//2157 2161//2161
f 2057//2057 2161//2161 2058//2058
f 1894//1894 2169//2169 2173//2173
f 1894//1894 2173//2173 2122//2122
f 1931//1931 2210//2210 2169//2169
f 1931//1931 2169//2169 1894//1894
f 2172//2172 2054//2054 2123//2123
f 2172//2172 2123//2123 2171//2171
f 2057//2057 2212//2212 2157//2157
f 2059//2059 2061//2061 1911//1911
f 2176//2176 1911//1911 2061//2061
f 2176//2176 2061//2061 2179//2179
f 2060//2060 1917//1917 1897//1897
f 2060//2060 1897//1897 2055//2055
f 2178//2178 2060//2060 2055//2055
f 2178//2178 2055//2055 2174//2174
f 2179//2179 2061//2061 2175//2175
f 1898//1898 2057//2057 1921//1921
f 1898//1898 1921//1921 1900//1900
f 2064//2064 1899//1899 2065//2065
f 2064//2064 2065//2065 1999//1999
f 1898//1898 2065//2065 1899//1899
f 1965//1965 1898//1898 2066//2066
f 2067//2067 2040//2040 2059//2059
f 1917//1917 1956//1956 1897//1897
f 1959//1959 2072//2072 1957//1957
f 1928//1928 2055//2055 1897//1897
f 1928//1928 1897//1897 2068//2068
f 2068//2068 2069//2069 2054//2054
f 2068//2068 2054//2054 1928//1928
f 1920//1920 1931//1931 2074//2074
f 1920//1920 2074//2074 1918//1918
f 1920//1920 1918//1918 1919//1919
f 2069//2069 1896//1896 2123//2123
f 2122//2122 2117//2117 1894//1894
f 1931//1931 1894//1894 2117//2117
f 2069//2069 2128//2128 1896//1896
f 2068//2068 2070//2070 2069//2069
f 2070//2070 2068//2068 1956//1956
f 1958//1958 1960//1960 2071//2071
f 1958//1958 2071//2071 2006//2006
f 1959//1959 1958//1958 2006//2006
f 1960//1960 1951//1951 1954//1954
f 1960//1960 1954//1954 2071//2071
f 2072//2072 2076//2076 1983//1983
f 2074//2074 1931//1931 2073//2073
f 2074//2074 1925//1925 1918//1918
f 2073//2073 1931//1931 2117//2117
f 2073//2073 2117//2117 2080//2080
f 1908//1908 2021//2021 1910//1910
f 2072//2072 1908//1908 1926//1926
f 1910//1910 2021//2021 2067//2067
f 2075//2075 2071//2071 1938//1938
f 2006//2006 2075//2075 2043//2043
f 2006//2006 2043//2043 2076//2076
f 2021//2021 2078//2078 2026//2026
f 2019//2019 2078//2078 2021//2021
f 1983//1983 1982//1982 2019//2019
f 2076//2076 1982//1982 1983//1983
f 1925//1925 2079//2079 1924//1924
f 1925//1925 1924//1924 1923//1923
f 2073//2073 1895//1895 2074//2074
f 2074//2074 1895//1895 2079//2079
f 2074//2074 2079//2079 1925//1925
f 2084//2084 2132//2132 2077//2077
f 2081//2081 2118//2118 2119//2119
f 2033//2033 2084//2084 2077//2077
f 2084//2084 2136//2136 2082//2082
f 2078//2078 2020//2020 2025//2025
f 1987//1987 2020//2020 2078//2078
f 1982//1982 1981//1981 1987//1987
f 1976//1976 1981//1981 1982//1982
f 2081//2081 2119//2119 2083//2083
f 2083//2083 2119//2119 2120//2120
f 2083//2083 2120//2120 1932//1932
f 2116//2116 2099//2099 1895//1895
f 1933//1933 1895//1895 2099//2099
f 2130//2130 2085//2085 2125//2125
f 2038//2038 2086//2086 2033//2033
f 2033//2033 2086//2086 2087//2087
f 2136//2136 2088//2088 2133//2133
f 2020//2020 1994//1994 2024//2024
f 2089//2089 1994//1994 2020//2020
f 1981//1981 1980//1980 2089//2089
f 1976//1976 1975//1975 1980//1980
f 1976//1976 1980//1980 1981//1981
f 1976//1976 1974//1974 1975//1975
f 2091//2091 2085//2085 2133//2133
f 2091//2091 2133//2133 2090//2090
f 2092//2092 2125//2125 2126//2126
f 1932//1932 2125//2125 2092//2092
f 2091//2091 2093//2093 2127//2127
f 2023//2023 2094//2094 2095//2095
f 2023//2023 2095//2095 2037//2037
f 2037//2037 2095//2095 2096//2096
f 2037//2037 2096//2096 2144//2144
f 2144//2144 2146//2146 2097//2097
f 2144//2144 2097//2097 2030//2030
f 2090//2090 2135//2135 2137//2137
f 2090//2090 2137//2137 2093//2093
f 1994//1994 2098//2098 2094//2094
f 1994//1994 2094//2094 2023//2023
f 1986//1986 2100//2100 2098//2098
f 1986//1986 2098//2098 1994//1994
f 1980//1980 2101//2101 2100//2100
f 1980//1980 2100//2100 1986//1986
f 1975//1975 2102//2102 2101//2101
f 1975//1975 2101//2101 1980//1980
f 2127//2127 2093//2093 2103//2103
f 2127//2127 2103//2103 2129//2129
f 2093//2093 2137//2137 2138//2138
f 2093//2093 2138//2138 2103//2103
f 2142//2142 2029//2029 2145//2145
f 2142//2142 2145//2145 2147//2147
f 2104//2104 2147//2147 2031//2031
f 2104//2104 2031//2031 2151//2151
f 2018//2018 2129//2129 2014//2014
f 2124//2124 2121//2121 2129//2129
f 2124//2124 2129//2129 2018//2018
f 2140//2140 2141//2141 2143//2143
f 2140//2140 2143//2143 2014//2014
f 1996//1996 1995//1995 2105//2105
f 1996//1996 2105//2105 2034//2034
f 2151//2151 2152//2152 2149//2149
f 2151//2151 2149//2149 2104//2104
f 1933//1933 2016//2016 1969//1969
f 1933//1933 2099//2099 2107//2107
f 1933//1933 2107//2107 2016//2016
f 2121//2121 2124//2124 2111//2111
f 2143//2143 2149//2149 2148//2148
f 2109//2109 2110//2110 2105//2105
f 2109//2109 2105//2105 1995//1995
f 1989//1989 1988//1988 2109//2109
f 1989//1989 2109//2109 1995//1995
f 2042//2042 1988//1988 1989//1989
f 1988//1988 2112//2112 2109//2109
f 1962//1962 2111//2111 2124//2124
f 2148//2148 2013//2013 2014//2014
f 2013//2013 2018//2018 2014//2014
f 2109//2109 2113//2113 2110//2110
f 2113//2113 2015//2015 2110//2110
f 2148//2148 2150//2150 2013//2013
f 2150//2150 2148//2148 2015//2015
f 2150//2150 2114//2114 2013//2013
f 63//63 62//62 2124//2124
f 2124//2124 62//62 1962//1962
f 1964//1964 1962//1962 2115//2115
f 1962//1962 62//62 2115//2115
f 2080//2080 2083//2083 2073//2073
f 2092//2092 2106//2106 2116//2116
f 2092//2092 2116//2116 1932//1932
f 2083//2083 1932//1932 2116//2116
f 2083//2083 2116//2116 2073//2073
f 2106//2106 2092//2092 2111//2111
f 2107//2107 2099//2099 2106//2106
f 2111//2111 2092//2092 2126//2126
f 2111//2111 2126//2126 2121//2121
f 2118//2118 2130//2130 2119//2119
f 2120//2120 2130//2130 2125//2125
f 2117//2117 2122//2122 1896//1896
f 2081//2081 2117//2117 1896//1896
f 2081//2081 1896//1896 2118//2118
f 2123//2123 2054//2054 2069//2069
f 2123//2123 1896//1896 2122//2122
f 2118//2118 1896//1896 2128//2128
f 2127//2127 2129//2129 2121//2121
f 2132//2132 2082//2082 2118//2118
f 2127//2127 2121//2121 2126//2126
f 2130//2130 2118//2118 2082//2082
f 2118//2118 2128//2128 2132//2132
f 2069//2069 2070//2070 2128//2128
f 2131//2131 2085//2085 2130//2130
f 2082//2082 2131//2131 2130//2130
f 2132//2132 2128//2128 2070//2070
f 2133//2133 2085//2085 2131//2131
f 2082//2082 2132//2132 2084//2084
f 2131//2131 2082//2082 2136//2136
f 2131//2131 2136//2136 2133//2133
f 2090//2090 2093//2093 2091//2091
f 2132//2132 2070//2070 2077//2077
f 2134//2134 2103//2103 2138//2138
f 2134//2134 2138//2138 2139//2139
f 1897//1897 1956//1956 2068//2068
f 2140//2140 2014//2014 2134//2134
f 2140//2140 2134//2134 2139//2139
f 2087//2087 2030//2030 2135//2135
f 2087//2087 2135//2135 2088//2088
f 2084//2084 2087//2087 2136//2136
f 2087//2087 2088//2088 2136//2136
f 2097//2097 2137//2137 2135//2135
f 2097//2097 2135//2135 2030//2030
f 2138//2138 2137//2137 2097//2097
f 2138//2138 2097//2097 2029//2029
f 2139//2139 2138//2138 2029//2029
f 2139//2139 2029//2029 2142//2142
f 2104//2104 2149//2149 2143//2143
f 2104//2104 2143//2143 2141//2141
f 2032//2032 2145//2145 2146//2146
f 2032//2032 2146//2146 2096//2096
f 2144//2144 2096//2096 2146//2146
f 2031//2031 2147//2147 2145//2145
f 2031//2031 2145//2145 2032//2032
f 2141//2141 2142//2142 2147//2147
f 2141//2141 2147//2147 2104//2104
f 2149//2149 2152//2152 2108//2108
f 2149//2149 2108//2108 2148//2148
f 2148//2148 2108//2108 2015//2015
f 2113//2113 2150//2150 2015//2015
f 2034//2034 2105//2105 2152//2152
f 2034//2034 2152//2152 2151//2151
f 2153//2153 2150//2150 2113//2113
f 2105//2105 2110//2110 2108//2108
f 2105//2105 2108//2108 2152//2152
f 2110//2110 2015//2015 2108//2108
f 2109//2109 2112//2112 2113//2113
f 2063//2063 2153//2153 2113//2113
f 2150//2150 2153//2153 61//61
f 2154//2154 1977//1977 2102//2102
f 2154//2154 2102//2102 1975//1975
f 2112//2112 2063//2063 2113//2113
f 2155//2155 2156//2156 1991//1991
f 2155//2155 1991//1991 1984//1984
f 2156//2156 2042//2042 1991//1991
f 2042//2042 73//73 1988//1988
f 2112//2112 1988//1988 73//73
f 1985//1985 1979//1979 2155//2155
f 1985//1985 2155//2155 1984//1984
f 2509//2509 2190//2190 2189//2189
f 2188//2188 2187//2187 2186//2186
f 2219//2219 2335//2335 2279//2279
f 2199//2199 2211//2211 2198//2198
f 2262//2262 2327//2327 2320//2320
f 2245//2245 2325//2325 2247//2247
f 2242//2242 2288//2288 2291//2291
f 2238//2238 2248//2248 2233//2233
f 2233//2233 2231//2231 2232//2232
f 2246//2246 2303//2303 2302//2302
f 2191//2191 2193//2193 2449//2449
f 2191//2191 2184//2184 2183//2183
f 2193//2193 2272//2272 2192//2192
f 2190//2190 2272//2272 2189//2189
f 2509//2509 2189//2189 2349//2349
f 2509//2509 2349//2349 2438//2438
f 2437//2437 2438//2438 2349//2349
f 2193//2193 2191//2191 2272//2272
f 2184//2184 2457//2457 2183//2183
f 2188//2188 2261//2261 2183//2183
f 2186//2186 2261//2261 2188//2188
f 2188//2188 2183//2183 2457//2457
f 2186//2186 2323//2323 2261//2261
f 2186//2186 2182//2182 2323//2323
f 2182//2182 2186//2186 2418//2418
f 2348//2348 2182//2182 2414//2414
f 2190//2190 2444//2444 2192//2192
f 2190//2190 2192//2192 2272//2272
f 2444//2444 2448//2448 2193//2193
f 2444//2444 2193//2193 2192//2192
f 2448//2448 2449//2449 2193//2193
f 2457//2457 2184//2184 2421//2421
f 2184//2184 2185//2185 2519//2519
f 2184//2184 2519//2519 2421//2421
f 2283//2283 2285//2285 2230//2230
f 2283//2283 2230//2230 2223//2223
f 2285//2285 2284//2284 2229//2229
f 2285//2285 2229//2229 2230//2230
f 2284//2284 2275//2275 2209//2209
f 2284//2284 2209//2209 2229//2229
f 2199//2199 2228//2228 2211//2211
f 2199//2199 2314//2314 2313//2313
f 2199//2199 2313//2313 2228//2228
f 2203//2203 2216//2216 2309//2309
f 2204//2204 2226//2226 2310//2310
f 2204//2204 2317//2317 2227//2227
f 2204//2204 2227//2227 2226//2226
f 2207//2207 2217//2217 2218//2218
f 2207//2207 2218//2218 2206//2206
f 2208//2208 2225//2225 2217//2217
f 2208//2208 2217//2217 2207//2207
f 2321//2321 2224//2224 2225//2225
f 2321//2321 2225//2225 2208//2208
f 2321//2321 2280//2280 2213//2213
f 2321//2321 2213//2213 2224//2224
f 2280//2280 2214//2214 2213//2213
f 2157//2157 2281//2281 2283//2283
f 2157//2157 2283//2283 2223//2223
f 2281//2281 2157//2157 2212//2212
f 2281//2281 2212//2212 2277//2277
f 2300//2300 2220//2220 2219//2219
f 2300//2300 2219//2219 2279//2279
f 2198//2198 2211//2211 2274//2274
f 2278//2278 2158//2158 2221//2221
f 2278//2278 2221//2221 2282//2282
f 2276//2276 2210//2210 2209//2209
f 2276//2276 2209//2209 2275//2275
f 2285//2285 2283//2283 2295//2295
f 2285//2285 2295//2295 2294//2294
f 2294//2294 2293//2293 2284//2284
f 2294//2294 2284//2284 2285//2285
f 2275//2275 2284//2284 2293//2293
f 2275//2275 2293//2293 2243//2243
f 2276//2276 2241//2241 2274//2274
f 2197//2197 2198//2198 2241//2241
f 2259//2259 2200//2200 2197//2197
f 2316//2316 2315//2315 2200//2200
f 2281//2281 2296//2296 2295//2295
f 2281//2281 2295//2295 2283//2283
f 2248//2248 2297//2297 2301//2301
f 2248//2248 2301//2301 2252//2252
f 2251//2251 2252//2252 2301//2301
f 2251//2251 2301//2301 2300//2300
f 2251//2251 2300//2300 2279//2279
f 2251//2251 2279//2279 2246//2246
f 2277//2277 2296//2296 2281//2281
f 2204//2204 2311//2311 2318//2318
f 2204//2204 2318//2318 2317//2317
f 2256//2256 2205//2205 2257//2257
f 2305//2305 2322//2322 2306//2306
f 2299//2299 2334//2334 2333//2333
f 2246//2246 2279//2279 2299//2299
f 2277//2277 2297//2297 2296//2296
f 2276//2276 2275//2275 2243//2243
f 2276//2276 2243//2243 2241//2241
f 2199//2199 2198//2198 2197//2197
f 2198//2198 2274//2274 2241//2241
f 2266//2266 2191//2191 2183//2183
f 2189//2189 2263//2263 2270//2270
f 2189//2189 2270//2270 2273//2273
f 2189//2189 2273//2273 2349//2349
f 2268//2268 2273//2273 2270//2270
f 2349//2349 2273//2273 2471//2471
f 2273//2273 2268//2268 2269//2269
f 2189//2189 2272//2272 2263//2263
f 2323//2323 2348//2348 2271//2271
f 2323//2323 2182//2182 2348//2348
f 2271//2271 2236//2236 2324//2324
f 2271//2271 2348//2348 2347//2347
f 2271//2271 2347//2347 2470//2470
f 2242//2242 2254//2254 2292//2292
f 2194//2194 2266//2266 2262//2262
f 2266//2266 2183//2183 2262//2262
f 2194//2194 2312//2312 2266//2266
f 2195//2195 2266//2266 2312//2312
f 2194//2194 2262//2262 2320//2320
f 2263//2263 2289//2289 2270//2270
f 2289//2289 2263//2263 2290//2290
f 2292//2292 2288//2288 2242//2242
f 2290//2290 2263//2263 2267//2267
f 2195//2195 2267//2267 2263//2263
f 2263//2263 2266//2266 2195//2195
f 2263//2263 2272//2272 2266//2266
f 2266//2266 2272//2272 2191//2191
f 2307//2307 2320//2320 2327//2327
f 2238//2238 2233//2233 2239//2239
f 2232//2232 2264//2264 2245//2245
f 2232//2232 2245//2245 2240//2240
f 2247//2247 2325//2325 2250//2250
f 2328//2328 2327//2327 2261//2261
f 2329//2329 2328//2328 2261//2261
f 2264//2264 2325//2325 2245//2245
f 2239//2239 2240//2240 2235//2235
f 2236//2236 2235//2235 2240//2240
f 2236//2236 2240//2240 2245//2245
f 2235//2235 2237//2237 2239//2239
f 2262//2262 2183//2183 2327//2327
f 2183//2183 2261//2261 2327//2327
f 2247//2247 2329//2329 2261//2261
f 2245//2245 2247//2247 2324//2324
f 2265//2265 2249//2249 2287//2287
f 2287//2287 2249//2249 2286//2286
f 2242//2242 2255//2255 2254//2254
f 2293//2293 2291//2291 2243//2243
f 2291//2291 2290//2290 2197//2197
f 2200//2200 2259//2259 2316//2316
f 2258//2258 2316//2316 2312//2312
f 2203//2203 2312//2312 2319//2319
f 2203//2203 2319//2319 2311//2311
f 2311//2311 2319//2319 2318//2318
f 2307//2307 2256//2256 2257//2257
f 2307//2307 2257//2257 2320//2320
f 2256//2256 2307//2307 2306//2306
f 2305//2305 2306//2306 2196//2196
f 2305//2305 2196//2196 2326//2326
f 2255//2255 2253//2253 2308//2308
f 2255//2255 2308//2308 2254//2254
f 2308//2308 2244//2244 2286//2286
f 2308//2308 2286//2286 2249//2249
f 2303//2303 2304//2304 2250//2250
f 2304//2304 2333//2333 2250//2250
f 2232//2232 2240//2240 2239//2239
f 2245//2245 2324//2324 2236//2236
f 2286//2286 2244//2244 2248//2248
f 2286//2286 2248//2248 2238//2238
f 2243//2243 2291//2291 2241//2241
f 2290//2290 2291//2291 2288//2288
f 2290//2290 2288//2288 2289//2289
f 2239//2239 2237//2237 2238//2238
f 2233//2233 2232//2232 2239//2239
f 2207//2207 2256//2256 2306//2306
f 2207//2207 2306//2306 2208//2208
f 2205//2205 2256//2256 2207//2207
f 2205//2205 2207//2207 2206//2206
f 2204//2204 2310//2310 2311//2311
f 2203//2203 2309//2309 2258//2258
f 2199//2199 2200//2200 2315//2315
f 2199//2199 2315//2315 2314//2314
f 2199//2199 2197//2197 2200//2200
f 2259//2259 2197//2197 2290//2290
f 2259//2259 2195//2195 2316//2316
f 2195//2195 2312//2312 2316//2316
f 2307//2307 2196//2196 2306//2306
f 2319//2319 2312//2312 2194//2194
f 2259//2259 2267//2267 2195//2195
f 2194//2194 2320//2320 2319//2319
f 2237//2237 2234//2234 2286//2286
f 2237//2237 2286//2286 2238//2238
f 2234//2234 2287//2287 2286//2286
f 2287//2287 2260//2260 2265//2265
f 2260//2260 2268//2268 2292//2292
f 2260//2260 2292//2292 2265//2265
f 2268//2268 2270//2270 2288//2288
f 2268//2268 2288//2288 2292//2292
f 2269//2269 2268//2268 2260//2260
f 2270//2270 2289//2289 2288//2288
f 2290//2290 2267//2267 2259//2259
f 2242//2242 2291//2291 2293//2293
f 2254//2254 2308//2308 2249//2249
f 2265//2265 2292//2292 2254//2254
f 2249//2249 2265//2265 2254//2254
f 2197//2197 2241//2241 2291//2291
f 2242//2242 2293//2293 2294//2294
f 2294//2294 2295//2295 2255//2255
f 2294//2294 2255//2255 2242//2242
f 2253//2253 2255//2255 2295//2295
f 2253//2253 2295//2295 2296//2296
f 2244//2244 2253//2253 2296//2296
f 2244//2244 2296//2296 2297//2297
f 2244//2244 2297//2297 2248//2248
f 2220//2220 2300//2300 2282//2282
f 2220//2220 2282//2282 2221//2221
f 2222//2222 2158//2158 2278//2278
f 2212//2212 2222//2222 2277//2277
f 2297//2297 2277//2277 2222//2222
f 2222//2222 2278//2278 2297//2297
f 2208//2208 2306//2306 2322//2322
f 2208//2208 2322//2322 2321//2321
f 2300//2300 2301//2301 2282//2282
f 2278//2278 2282//2282 2301//2301
f 2278//2278 2301//2301 2297//2297
f 2253//2253 2244//2244 2308//2308
f 2248//2248 2252//2252 2233//2233
f 2252//2252 2251//2251 2231//2231
f 2252//2252 2231//2231 2233//2233
f 2251//2251 2246//2246 2302//2302
f 2251//2251 2302//2302 2231//2231
f 2246//2246 2299//2299 2304//2304
f 2246//2246 2304//2304 2303//2303
f 2299//2299 2333//2333 2304//2304
f 2202//2202 2309//2309 2215//2215
f 2202//2202 2201//2201 2258//2258
f 2202//2202 2258//2258 2309//2309
f 2203//2203 2310//2310 2216//2216
f 2203//2203 2311//2311 2310//2310
f 2203//2203 2258//2258 2312//2312
f 2202//2202 2215//2215 2313//2313
f 2202//2202 2313//2313 2314//2314
f 2202//2202 2314//2314 2315//2315
f 2202//2202 2315//2315 2201//2201
f 2258//2258 2201//2201 2315//2315
f 2258//2258 2315//2315 2316//2316
f 2317//2317 2206//2206 2218//2218
f 2317//2317 2218//2218 2227//2227
f 2206//2206 2317//2317 2205//2205
f 2205//2205 2317//2317 2318//2318
f 2205//2205 2318//2318 2257//2257
f 2257//2257 2318//2318 2319//2319
f 2257//2257 2319//2319 2320//2320
f 2191//2191 2449//2449 2185//2185
f 2191//2191 2185//2185 2184//2184
f 2185//2185 2449//2449 2519//2519
f 2280//2280 2321//2321 2322//2322
f 2323//2323 2271//2271 2324//2324
f 2261//2261 2323//2323 2247//2247
f 2324//2324 2247//2247 2323//2323
f 2302//2302 2303//2303 2325//2325
f 2302//2302 2325//2325 2264//2264
f 2231//2231 2302//2302 2264//2264
f 2231//2231 2264//2264 2232//2232
f 2303//2303 2250//2250 2325//2325
f 2250//2250 2333//2333 2326//2326
f 2305//2305 2326//2326 2333//2333
f 2307//2307 2327//2327 2196//2196
f 2326//2326 2196//2196 2327//2327
f 2326//2326 2327//2327 2328//2328
f 2326//2326 2328//2328 2329//2329
f 2329//2329 2247//2247 2250//2250
f 2329//2329 2250//2250 2326//2326
f 2331//2331 2332//2332 2330//2330
f 2331//2331 2330//2330 2214//2214
f 2331//2331 2214//2214 2280//2280
f 2305//2305 2298//2298 2322//2322
f 2298//2298 2331//2331 2280//2280
f 2298//2298 2280//2280 2322//2322
f 2334//2334 2332//2332 2331//2331
f 2305//2305 2333//2333 2298//2298
f 2331//2331 2298//2298 2334//2334
f 2332//2332 2334//2334 2335//2335
f 2332//2332 2335//2335 2219//2219
f 2298//2298 2333//2333 2334//2334
f 2335//2335 2334//2334 2299//2299
f 2335//2335 2299//2299 2279//2279
f 2593//2593 2595//2595 2342//2342
f 2343//2343 2474//2474 2532//2532
f 2339//2339 2340//2340 2527//2527
f 2403//2403 2370//2370 2356//2356
f 2371//2371 2367//2367 2526//2526
f 2351//2351 2352//2352 2511//2511
f 2352//2352 2355//2355 2356//2356
f 2536//2536 2342//2342 2595//2595
f 2412//2412 2411//2411 2339//2339
f 2472//2472 2412//2412 2339//2339
f 2337//2337 2402//2402 2473//2473
f 2399//2399 2402//2402 2337//2337
f 2339//2339 2411//2411 2389//2389
f 2339//2339 2389//2389 2340//2340
f 2344//2344 2524//2524 2410//2410
f 2410//2410 2518//2518 2344//2344
f 2340//2340 2336//2336 2533//2533
f 2531//2531 2337//2337 2343//2343
f 2527//2527 2529//2529 2339//2339
f 2534//2534 2338//2338 2536//2536
f 2593//2593 2524//2524 2344//2344
f 2344//2344 2518//2518 2476//2476
f 2476//2476 2396//2396 2337//2337
f 2476//2476 2337//2337 2475//2475
f 2341//2341 2340//2340 2389//2389
f 2396//2396 2399//2399 2337//2337
f 2521//2521 2481//2481 2524//2524
f 2338//2338 2523//2523 2521//2521
f 2338//2338 2521//2521 2536//2536
f 2338//2338 2341//2341 2523//2523
f 2341//2341 2336//2336 2340//2340
f 2529//2529 2472//2472 2339//2339
f 2474//2474 2473//2473 2472//2472
f 2336//2336 2341//2341 2338//2338
f 2536//2536 2521//2521 2342//2342
f 2524//2524 2342//2342 2521//2521
f 2527//2527 2340//2340 2533//2533
f 2475//2475 2337//2337 2531//2531
f 2493//2493 2503//2503 2494//2494
f 2442//2442 2479//2479 2443//2443
f 2442//2442 2502//2502 2479//2479
f 2507//2507 2480//2480 2502//2502
f 2509//2509 2438//2438 2480//2480
f 2372//2372 2442//2442 2478//2478
f 2372//2372 2478//2478 2485//2485
f 2507//2507 2508//2508 2446//2446
f 2446//2446 2190//2190 2507//2507
f 2511//2511 2356//2356 2370//2370
f 2444//2444 2190//2190 2446//2446
f 2444//2444 2446//2446 2445//2445
f 2373//2373 2511//2511 2370//2370
f 2351//2351 2353//2353 2450//2450
f 2351//2351 2450//2450 2458//2458
f 2440//2440 2444//2444 2445//2445
f 2440//2440 2445//2445 2447//2447
f 2440//2440 2448//2448 2444//2444
f 2354//2354 2512//2512 2450//2450
f 2354//2354 2450//2450 2353//2353
f 2374//2374 2440//2440 2447//2447
f 2374//2374 2447//2447 2439//2439
f 2374//2374 2449//2449 2448//2448
f 2374//2374 2448//2448 2440//2440
f 2514//2514 2512//2512 2354//2354
f 2374//2374 2439//2439 2513//2513
f 2471//2471 2436//2436 2437//2437
f 2437//2437 2349//2349 2471//2471
f 2346//2346 2436//2436 2471//2471
f 2436//2436 2415//2415 2437//2437
f 2426//2426 2413//2413 2435//2435
f 2413//2413 2480//2480 2435//2435
f 2509//2509 2480//2480 2507//2507
f 2438//2438 2435//2435 2480//2480
f 2435//2435 2434//2434 2426//2426
f 2437//2437 2435//2435 2438//2438
f 2434//2434 2435//2435 2437//2437
f 2437//2437 2415//2415 2434//2434
f 2423//2423 2505//2505 2504//2504
f 2423//2423 2504//2504 2433//2433
f 2433//2433 2187//2187 2423//2423
f 2432//2432 2492//2492 2491//2491
f 2431//2431 2433//2433 2504//2504
f 2431//2431 2420//2420 2433//2433
f 2497//2497 2432//2432 2491//2491
f 2497//2497 2491//2491 2490//2490
f 2496//2496 2498//2498 2497//2497
f 2430//2430 2420//2420 2431//2431
f 2430//2430 2428//2428 2420//2420
f 2428//2428 2418//2418 2420//2420
f 2489//2489 2497//2497 2490//2490
f 2429//2429 2430//2430 2431//2431
f 2429//2429 2428//2428 2430//2430
f 2416//2416 2418//2418 2428//2428
f 2427//2427 2489//2489 2383//2383
f 2425//2425 2428//2428 2429//2429
f 2425//2425 2424//2424 2416//2416
f 2425//2425 2416//2416 2428//2428
f 2494//2494 2427//2427 2383//2383
f 2503//2503 2495//2495 2494//2494
f 2503//2503 2426//2426 2425//2425
f 2426//2426 2424//2424 2425//2425
f 2426//2426 2434//2434 2424//2424
f 2364//2364 2375//2375 2366//2366
f 2505//2505 2506//2506 2501//2501
f 2505//2505 2501//2501 2500//2500
f 2423//2423 2422//2422 2506//2506
f 2423//2423 2506//2506 2505//2505
f 2422//2422 2457//2457 2455//2455
f 2422//2422 2455//2455 2506//2506
f 2361//2361 2363//2363 2456//2456
f 2361//2361 2456//2456 2454//2454
f 2455//2455 2457//2457 2421//2421
f 2455//2455 2421//2421 2452//2452
f 2421//2421 2453//2453 2452//2452
f 2359//2359 2361//2361 2454//2454
f 2359//2359 2454//2454 2451//2451
f 2421//2421 2519//2519 2453//2453
f 2186//2186 2187//2187 2420//2420
f 2186//2186 2420//2420 2418//2418
f 2182//2182 2418//2418 2414//2414
f 2418//2418 2419//2419 2414//2414
f 2414//2414 2347//2347 2348//2348
f 2347//2347 2414//2414 2417//2417
f 2347//2347 2417//2417 2345//2345
f 2414//2414 2419//2419 2417//2417
f 2418//2418 2416//2416 2419//2419
f 2416//2416 2424//2424 2419//2419
f 2415//2415 2417//2417 2419//2419
f 2417//2417 2346//2346 2345//2345
f 2434//2434 2419//2419 2424//2424
f 2434//2434 2415//2415 2419//2419
f 2436//2436 2417//2417 2415//2415
f 2436//2436 2346//2346 2417//2417
f 2480//2480 2413//2413 2479//2479
f 2412//2412 2409//2409 2387//2387
f 2412//2412 2387//2387 2411//2411
f 2472//2472 2477//2477 2412//2412
f 2472//2472 2408//2408 2477//2477
f 2518//2518 2380//2380 2517//2517
f 2481//2481 2378//2378 2382//2382
f 2341//2341 2391//2391 2523//2523
f 2389//2389 2391//2391 2341//2341
f 2411//2411 2386//2386 2389//2389
f 2411//2411 2387//2387 2386//2386
f 2410//2410 2379//2379 2380//2380
f 2410//2410 2380//2380 2518//2518
f 2409//2409 2385//2385 2387//2387
f 2442//2442 2443//2443 2478//2478
f 2408//2408 2407//2407 2477//2477
f 2407//2407 2478//2478 2477//2477
f 2407//2407 2485//2485 2478//2478
f 2482//2482 2407//2407 2408//2408
f 2482//2482 2483//2483 2407//2407
f 2483//2483 2484//2484 2485//2485
f 2483//2483 2485//2485 2407//2407
f 2402//2402 2401//2401 2405//2405
f 2402//2402 2405//2405 2406//2406
f 2401//2401 2400//2400 2404//2404
f 2401//2401 2404//2404 2405//2405
f 2400//2400 2370//2370 2403//2403
f 2400//2400 2403//2403 2404//2404
f 2399//2399 2398//2398 2401//2401
f 2399//2399 2401//2401 2402//2402
f 2398//2398 2397//2397 2400//2400
f 2398//2398 2400//2400 2401//2401
f 2397//2397 2370//2370 2400//2400
f 2396//2396 2395//2395 2398//2398
f 2396//2396 2398//2398 2399//2399
f 2395//2395 2397//2397 2398//2398
f 2395//2395 2369//2369 2397//2397
f 2380//2380 2367//2367 2516//2516
f 2380//2380 2516//2516 2517//2517
f 2522//2522 2394//2394 2375//2375
f 2391//2391 2393//2393 2376//2376
f 2391//2391 2376//2376 2378//2378
f 2393//2393 2394//2394 2376//2376
f 2393//2393 2392//2392 2394//2394
f 2490//2490 2491//2491 2390//2390
f 2389//2389 2388//2388 2393//2393
f 2389//2389 2393//2393 2391//2391
f 2388//2388 2392//2392 2393//2393
f 2388//2388 2487//2487 2390//2390
f 2388//2388 2390//2390 2392//2392
f 2487//2487 2490//2490 2390//2390
f 2386//2386 2384//2384 2388//2388
f 2386//2386 2388//2388 2389//2389
f 2384//2384 2487//2487 2388//2388
f 2387//2387 2385//2385 2384//2384
f 2387//2387 2384//2384 2386//2386
f 2378//2378 2377//2377 2382//2382
f 2377//2377 2522//2522 2381//2381
f 2377//2377 2381//2381 2382//2382
f 2381//2381 2522//2522 2364//2364
f 2381//2381 2364//2364 2362//2362
f 2382//2382 2381//2381 2526//2526
f 2382//2382 2526//2526 2525//2525
f 2526//2526 2381//2381 2362//2362
f 2379//2379 2526//2526 2367//2367
f 2379//2379 2367//2367 2380//2380
f 2362//2362 2371//2371 2526//2526
f 2500//2500 2499//2499 2520//2520
f 2500//2500 2520//2520 2505//2505
f 2492//2492 2366//2366 2375//2375
f 2522//2522 2375//2375 2364//2364
f 2359//2359 2451//2451 2514//2514
f 2371//2371 2516//2516 2367//2367
f 2368//2368 2373//2373 2397//2397
f 2368//2368 2397//2397 2369//2369
f 2373//2373 2370//2370 2397//2397
f 2484//2484 2372//2372 2485//2485
f 2432//2432 2499//2499 2492//2492
f 2499//2499 2366//2366 2492//2492
f 2366//2366 2365//2365 2364//2364
f 2365//2365 2363//2363 2362//2362
f 2365//2365 2362//2362 2364//2364
f 2363//2363 2361//2361 2360//2360
f 2363//2363 2360//2360 2362//2362
f 2361//2361 2359//2359 2350//2350
f 2361//2361 2350//2350 2360//2360
f 2359//2359 2514//2514 2515//2515
f 2359//2359 2515//2515 2350//2350
f 2351//2351 2458//2458 2358//2358
f 2351//2351 2358//2358 2352//2352
f 2354//2354 2368//2368 2515//2515
f 2354//2354 2515//2515 2514//2514
f 2354//2354 2353//2353 2373//2373
f 2354//2354 2373//2373 2368//2368
f 2353//2353 2351//2351 2511//2511
f 2353//2353 2511//2511 2373//2373
f 2358//2358 2357//2357 2445//2445
f 2358//2358 2445//2445 2446//2446
f 2357//2357 2441//2441 2447//2447
f 2357//2357 2447//2447 2445//2445
f 2441//2441 2439//2439 2447//2447
f 2506//2506 2455//2455 2456//2456
f 2506//2506 2456//2456 2501//2501
f 2455//2455 2452//2452 2454//2454
f 2455//2455 2454//2454 2456//2456
f 2452//2452 2453//2453 2451//2451
f 2452//2452 2451//2451 2454//2454
f 2439//2439 2512//2512 2513//2513
f 2439//2439 2441//2441 2450//2450
f 2439//2439 2450//2450 2512//2512
f 2441//2441 2357//2357 2458//2458
f 2441//2441 2458//2458 2450//2450
f 2357//2357 2358//2358 2458//2458
f 2346//2346 2471//2471 2464//2464
f 2463//2463 2464//2464 2471//2471
f 2463//2463 2269//2269 2459//2459
f 2273//2273 2269//2269 2471//2471
f 2269//2269 2463//2463 2471//2471
f 2461//2461 2236//2236 2470//2470
f 2461//2461 2470//2470 2469//2469
f 2470//2470 2236//2236 2271//2271
f 2470//2470 2462//2462 2469//2469
f 2470//2470 2347//2347 2462//2462
f 2461//2461 2469//2469 2467//2467
f 2461//2461 2467//2467 2466//2466
f 2469//2469 2468//2468 2467//2467
f 2469//2469 2462//2462 2468//2468
f 2462//2462 2345//2345 2468//2468
f 2346//2346 2464//2464 2468//2468
f 2346//2346 2468//2468 2345//2345
f 2465//2465 2467//2467 2468//2468
f 2465//2465 2468//2468 2464//2464
f 2465//2465 2460//2460 2466//2466
f 2465//2465 2466//2466 2467//2467
f 2460//2460 2465//2465 2463//2463
f 2460//2460 2463//2463 2459//2459
f 2465//2465 2464//2464 2463//2463
f 2462//2462 2347//2347 2345//2345
f 2235//2235 2461//2461 2466//2466
f 2235//2235 2466//2466 2237//2237
f 2460//2460 2234//2234 2237//2237
f 2460//2460 2237//2237 2466//2466
f 2460//2460 2459//2459 2287//2287
f 2460//2460 2287//2287 2234//2234
f 2260//2260 2287//2287 2459//2459
f 2260//2260 2459//2459 2269//2269
f 2461//2461 2235//2235 2236//2236
f 2529//2529 2532//2532 2474//2474
f 2474//2474 2472//2472 2529//2529
f 2473//2473 2474//2474 2343//2343
f 2473//2473 2343//2343 2337//2337
f 2524//2524 2593//2593 2342//2342
f 2412//2412 2477//2477 2409//2409
f 2477//2477 2478//2478 2409//2409
f 2480//2480 2479//2479 2502//2502
f 2481//2481 2410//2410 2524//2524
f 2481//2481 2382//2382 2410//2410
f 2382//2382 2525//2525 2410//2410
f 2402//2402 2406//2406 2473//2473
f 2472//2472 2473//2473 2408//2408
f 2406//2406 2408//2408 2473//2473
f 2406//2406 2482//2482 2408//2408
f 2406//2406 2405//2405 2482//2482
f 2405//2405 2404//2404 2483//2483
f 2405//2405 2483//2483 2482//2482
f 2404//2404 2403//2403 2484//2484
f 2404//2404 2484//2484 2483//2483
f 2403//2403 2356//2356 2355//2355
f 2403//2403 2355//2355 2484//2484
f 2478//2478 2443//2443 2409//2409
f 2409//2409 2443//2443 2486//2486
f 2409//2409 2486//2486 2385//2385
f 2385//2385 2486//2486 2383//2383
f 2385//2385 2383//2383 2384//2384
f 2384//2384 2383//2383 2487//2487
f 2390//2390 2491//2491 2392//2392
f 2392//2392 2491//2491 2488//2488
f 2392//2392 2488//2488 2394//2394
f 2375//2375 2394//2394 2488//2488
f 2372//2372 2484//2484 2355//2355
f 2443//2443 2494//2494 2486//2486
f 2486//2486 2494//2494 2383//2383
f 2383//2383 2489//2489 2487//2487
f 2487//2487 2489//2489 2490//2490
f 2491//2491 2492//2492 2488//2488
f 2488//2488 2492//2492 2375//2375
f 2372//2372 2355//2355 2510//2510
f 2372//2372 2510//2510 2508//2508
f 2372//2372 2508//2508 2442//2442
f 2443//2443 2479//2479 2493//2493
f 2443//2443 2493//2493 2494//2494
f 2494//2494 2495//2495 2427//2427
f 2427//2427 2495//2495 2496//2496
f 2427//2427 2496//2496 2489//2489
f 2489//2489 2496//2496 2497//2497
f 2497//2497 2498//2498 2432//2432
f 2432//2432 2498//2498 2520//2520
f 2499//2499 2432//2432 2520//2520
f 2366//2366 2499//2499 2500//2500
f 2366//2366 2500//2500 2501//2501
f 2366//2366 2501//2501 2365//2365
f 2363//2363 2365//2365 2501//2501
f 2363//2363 2501//2501 2456//2456
f 2510//2510 2446//2446 2508//2508
f 2479//2479 2413//2413 2493//2493
f 2503//2503 2493//2493 2413//2413
f 2503//2503 2425//2425 2495//2495
f 2496//2496 2429//2429 2431//2431
f 2495//2495 2425//2425 2429//2429
f 2495//2495 2429//2429 2496//2496
f 2496//2496 2431//2431 2498//2498
f 2498//2498 2431//2431 2504//2504
f 2498//2498 2504//2504 2520//2520
f 2520//2520 2504//2504 2505//2505
f 2190//2190 2509//2509 2507//2507
f 2508//2508 2502//2502 2442//2442
f 2507//2507 2502//2502 2508//2508
f 2358//2358 2446//2446 2510//2510
f 2510//2510 2355//2355 2352//2352
f 2510//2510 2352//2352 2358//2358
f 2511//2511 2352//2352 2356//2356
f 2514//2514 2451//2451 2512//2512
f 2513//2513 2512//2512 2451//2451
f 2374//2374 2513//2513 2519//2519
f 2449//2449 2374//2374 2519//2519
f 2350//2350 2515//2515 2516//2516
f 2350//2350 2516//2516 2371//2371
f 2371//2371 2360//2360 2350//2350
f 2371//2371 2362//2362 2360//2360
f 2519//2519 2513//2513 2453//2453
f 2513//2513 2451//2451 2453//2453
f 2515//2515 2368//2368 2516//2516
f 2516//2516 2368//2368 2369//2369
f 2517//2517 2516//2516 2369//2369
f 2517//2517 2369//2369 2395//2395
f 2517//2517 2395//2395 2396//2396
f 2518//2518 2517//2517 2396//2396
f 2476//2476 2518//2518 2396//2396
f 2423//2423 2187//2187 2188//2188
f 2423//2423 2188//2188 2422//2422
f 2188//2188 2457//2457 2422//2422
f 2503//2503 2413//2413 2426//2426
f 2433//2433 2420//2420 2187//2187
f 2376//2376 2394//2394 2522//2522
f 2376//2376 2522//2522 2377//2377
f 2378//2378 2376//2376 2377//2377
f 2523//2523 2391//2391 2378//2378
f 2523//2523 2378//2378 2481//2481
f 2481//2481 2521//2521 2523//2523
f 2525//2525 2379//2379 2410//2410
f 2525//2525 2526//2526 2379//2379
f 2539//2539 2624//2624 2623//2623
f 2558//2558 2541//2541 2599//2599
f 2571//2571 2570//2570 2569//2569
f 2534//2534 2557//2557 2546//2546
f 2582//2582 2563//2563 2562//2562
f 2585//2585 2577//2577 2588//2588
f 2529//2529 2527//2527 2528//2528
f 2533//2533 2336//2336 2555//2555
f 2578//2578 2532//2532 2529//2529
f 2529//2529 2528//2528 2578//2578
f 2561//2561 2527//2527 2533//2533
f 2574//2574 2475//2475 2531//2531
f 2583//2583 2343//2343 2532//2532
f 2531//2531 2343//2343 2583//2583
f 2336//2336 2534//2534 2546//2546
f 2535//2535 2534//2534 2536//2536
f 2338//2338 2534//2534 2336//2336
f 2344//2344 2476//2476 2537//2537
f 2530//2530 2476//2476 2475//2475
f 2546//2546 2555//2555 2336//2336
f 2539//2539 2596//2596 2624//2624
f 2540//2540 2598//2598 2559//2559
f 2608//2608 2553//2553 2619//2619
f 2540//2540 2538//2538 2598//2598
f 2540//2540 2560//2560 2538//2538
f 2560//2560 2539//2539 2538//2538
f 2623//2623 2538//2538 2539//2539
f 2543//2543 2541//2541 2558//2558
f 2543//2543 2558//2558 2547//2547
f 2541//2541 2610//2610 2599//2599
f 2613//2613 2542//2542 2570//2570
f 2543//2543 2547//2547 2564//2564
f 2542//2542 2543//2543 2564//2564
f 2542//2542 2564//2564 2570//2570
f 2600//2600 2554//2554 2608//2608
f 2539//2539 2600//2600 2596//2596
f 2567//2567 2544//2544 2569//2569
f 2569//2569 2544//2544 2571//2571
f 2548//2548 2566//2566 2567//2567
f 2547//2547 2552//2552 2548//2548
f 2551//2551 2550//2550 2549//2549
f 2552//2552 2550//2550 2548//2548
f 2550//2550 2551//2551 2548//2548
f 2554//2554 2553//2553 2608//2608
f 2555//2555 2546//2546 2554//2554
f 2556//2556 2550//2550 2557//2557
f 2534//2534 2556//2556 2557//2557
f 2553//2553 2545//2545 2599//2599
f 2558//2558 2599//2599 2545//2545
f 2558//2558 2545//2545 2552//2552
f 2528//2528 2527//2527 2559//2559
f 2528//2528 2559//2559 2588//2588
f 2558//2558 2552//2552 2547//2547
f 2565//2565 2564//2564 2547//2547
f 2565//2565 2547//2547 2548//2548
f 2548//2548 2567//2567 2565//2565
f 2566//2566 2568//2568 2567//2567
f 2568//2568 2563//2563 2567//2567
f 2590//2590 2563//2563 2568//2568
f 2562//2562 2563//2563 2590//2590
f 2569//2569 2565//2565 2567//2567
f 2570//2570 2564//2564 2565//2565
f 2570//2570 2565//2565 2569//2569
f 2544//2544 2580//2580 2571//2571
f 2572//2572 2544//2544 2567//2567
f 2580//2580 2544//2544 2572//2572
f 2572//2572 2573//2573 2579//2579
f 2572//2572 2579//2579 2580//2580
f 2563//2563 2573//2573 2572//2572
f 2563//2563 2572//2572 2567//2567
f 2562//2562 2589//2589 2582//2582
f 2588//2588 2578//2578 2528//2528
f 2561//2561 2560//2560 2559//2559
f 2561//2561 2559//2559 2527//2527
f 2533//2533 2584//2584 2561//2561
f 2582//2582 2589//2589 2530//2530
f 2574//2574 2582//2582 2530//2530
f 2475//2475 2574//2574 2530//2530
f 2581//2581 2574//2574 2575//2575
f 2577//2577 2575//2575 2578//2578
f 2576//2576 2575//2575 2577//2577
f 2579//2579 2576//2576 2580//2580
f 2582//2582 2574//2574 2581//2581
f 2530//2530 2589//2589 2594//2594
f 2531//2531 2583//2583 2574//2574
f 2532//2532 2578//2578 2583//2583
f 2598//2598 2597//2597 2586//2586
f 2598//2598 2586//2586 2585//2585
f 2571//2571 2586//2586 2597//2597
f 2587//2587 2585//2585 2586//2586
f 2580//2580 2587//2587 2586//2586
f 2580//2580 2586//2586 2571//2571
f 2576//2576 2587//2587 2580//2580
f 2577//2577 2587//2587 2576//2576
f 2585//2585 2587//2587 2577//2577
f 2559//2559 2585//2585 2588//2588
f 2560//2560 2540//2540 2559//2559
f 2584//2584 2600//2600 2539//2539
f 2584//2584 2539//2539 2561//2561
f 2539//2539 2560//2560 2561//2561
f 2584//2584 2554//2554 2600//2600
f 2584//2584 2555//2555 2554//2554
f 2533//2533 2555//2555 2584//2584
f 2535//2535 2556//2556 2534//2534
f 2590//2590 2592//2592 2562//2562
f 2591//2591 2592//2592 2590//2590
f 2619//2619 2553//2553 2599//2599
f 2551//2551 2566//2566 2548//2548
f 2566//2566 2551//2551 2568//2568
f 2551//2551 2549//2549 2568//2568
f 2594//2594 2589//2589 2562//2562
f 2537//2537 2476//2476 2594//2594
f 2592//2592 2594//2594 2562//2562
f 2552//2552 2545//2545 2557//2557
f 2552//2552 2557//2557 2550//2550
f 2549//2549 2550//2550 2556//2556
f 2535//2535 2549//2549 2556//2556
f 2595//2595 2537//2537 2592//2592
f 2595//2595 2592//2592 2535//2535
f 2546//2546 2557//2557 2553//2553
f 2546//2546 2553//2553 2554//2554
f 2563//2563 2582//2582 2573//2573
f 2573//2573 2582//2582 2581//2581
f 2573//2573 2581//2581 2579//2579
f 2575//2575 2574//2574 2583//2583
f 2578//2578 2575//2575 2583//2583
f 2545//2545 2553//2553 2557//2557
f 2588//2588 2577//2577 2578//2578
f 2598//2598 2585//2585 2559//2559
f 2593//2593 2537//2537 2595//2595
f 2593//2593 2344//2344 2537//2537
f 2571//2571 2613//2613 2570//2570
f 2571//2571 2597//2597 2613//2613
f 2476//2476 2530//2530 2594//2594
f 2592//2592 2537//2537 2594//2594
f 2535//2535 2592//2592 2591//2591
f 2536//2536 2595//2595 2535//2535
f 2575//2575 2576//2576 2581//2581
f 2579//2579 2581//2581 2576//2576
f 2549//2549 2591//2591 2590//2590
f 2549//2549 2590//2590 2568//2568
f 2549//2549 2535//2535 2591//2591
f 2598//2598 2538//2538 2628//2628
f 2624//2624 2617//2617 2606//2606
f 2609//2609 2599//2599 2610//2610
f 2622//2622 2617//2617 2601//2601
f 2614//2614 2613//2613 2602//2602
f 2622//2622 2601//2601 2618//2618
f 2628//2628 2538//2538 2627//2627
f 2623//2623 2627//2627 2538//2538
f 2603//2603 2617//2617 2622//2622
f 2617//2617 2612//2612 2614//2614
f 2607//2607 2615//2615 2617//2617
f 2615//2615 2607//2607 2616//2616
f 2626//2626 2621//2621 2620//2620
f 2618//2618 2627//2627 2623//2623
f 2616//2616 2596//2596 2600//2600
f 2616//2616 2607//2607 2596//2596
f 2597//2597 2598//2598 2628//2628
f 2626//2626 2625//2625 2600//2600
f 2624//2624 2596//2596 2607//2607
f 2600//2600 2608//2608 2626//2626
f 2617//2617 2616//2616 2611//2611
f 2601//2601 2627//2627 2618//2618
f 2613//2613 2614//2614 2542//2542
f 2543//2543 2542//2542 2614//2614
f 2543//2543 2614//2614 2612//2612
f 2612//2612 2617//2617 2611//2611
f 2612//2612 2611//2611 2610//2610
f 2543//2543 2612//2612 2610//2610
f 2543//2543 2610//2610 2541//2541
f 2601//2601 2617//2617 2614//2614
f 2602//2602 2601//2601 2614//2614
f 2609//2609 2610//2610 2611//2611
f 2609//2609 2611//2611 2616//2616
f 2621//2621 2608//2608 2619//2619
f 2623//2623 2624//2624 2606//2606
f 2603//2603 2605//2605 2606//2606
f 2617//2617 2603//2603 2606//2606
f 2603//2603 2604//2604 2605//2605
f 2604//2604 2603//2603 2622//2622
f 2601//2601 2602//2602 2628//2628
f 2627//2627 2601//2601 2628//2628
f 2602//2602 2613//2613 2597//2597
f 2602//2602 2597//2597 2628//2628
f 2619//2619 2599//2599 2609//2609
f 2619//2619 2609//2609 2621//2621
f 2616//2616 2600//2600 2625//2625
f 2616//2616 2625//2625 2620//2620
f 2626//2626 2620//2620 2625//2625
f 2621//2621 2626//2626 2608//2608
f 2620//2620 2609//2609 2616//2616
f 2609//2609 2620//2620 2621//2621
f 2615//2615 2616//2616 2617//2617
f 2624//2624 2607//2607 2617//2617
f 2623//2623 2606//2606 2605//2605
f 2622//2622 2623//2623 2605//2605
f 2622//2622 2618//2618 2623//2623
f 2604//2604 2622//2622 2605//2605
# 5250 faces, 0 coords texture

# End of File
