####
#
# OBJ File Generated by Meshlab
#
####
# Object michael7.obj
#
# Vertices: 2629
# Faces: 5250
#
####
vn -0.911582 -0.404720 0.072256
v -0.307100 0.190674 -0.147201
vn -0.617676 0.698757 0.360854
v -0.291995 0.257092 -0.126396
vn -0.353955 -0.933289 -0.060728
v -0.253168 0.139491 -0.194530
vn -0.459455 -0.884202 -0.084193
v -0.259275 0.139961 -0.173450
vn -0.010392 -0.988563 -0.150450
v -0.187611 0.121509 -0.198640
vn -0.121614 0.295430 -0.947592
v -0.184944 0.187373 -0.355896
vn -0.208416 -0.177745 -0.961753
v -0.193351 0.168098 -0.357247
vn -0.123662 -0.980873 -0.150319
v -0.197847 0.134770 -0.279460
vn -0.025132 0.939348 0.342044
v -0.214171 0.300453 -0.194471
vn 0.007976 -0.828250 -0.560301
v -0.179032 0.147456 -0.344768
vn 0.222085 -0.427424 -0.876349
v -0.163650 0.161734 -0.355979
vn 0.028305 -0.988438 -0.148961
v -0.183502 0.136174 -0.293280
vn 0.122390 -0.967477 -0.221381
v -0.176342 0.141173 -0.321720
vn -0.107101 0.966601 0.232833
v -0.227337 0.288292 -0.163913
vn -0.390172 0.879634 0.272047
v -0.193705 0.308200 -0.216753
vn -0.143974 -0.977801 -0.152239
v -0.199442 0.127734 -0.221430
vn -0.296351 -0.632479 -0.715644
v -0.193676 0.157150 -0.352258
vn -0.368840 0.879651 0.300286
v -0.270155 0.275259 -0.137040
vn -0.542357 0.801637 0.251450
v -0.286792 0.271679 -0.153007
vn -0.199785 0.919341 0.338966
v -0.258358 0.290076 -0.177745
vn -0.811367 -0.583346 0.037301
v -0.299517 0.176171 -0.170429
vn -0.815863 0.555802 0.159538
v -0.306164 0.254277 -0.163779
vn -0.683996 0.695061 0.221452
v -0.296546 0.260500 -0.145190
vn -0.424343 -0.818484 -0.387319
v -0.198346 0.147971 -0.334009
vn -0.865555 0.217039 -0.451340
v -0.196091 0.181558 -0.354930
vn -0.284631 -0.933204 -0.219353
v -0.213014 0.138674 -0.278618
vn -0.239963 -0.940433 -0.240839
v -0.196878 0.141318 -0.315779
vn -0.198952 -0.976457 -0.083362
v -0.233662 0.136108 -0.238588
vn 0.171517 -0.971657 -0.162680
v -0.167892 0.128869 -0.223389
vn -0.988994 0.083320 0.122269
v -0.315547 0.229262 -0.166301
vn -0.948514 0.291454 0.124003
v -0.312191 0.237721 -0.148668
vn -0.227892 0.946580 0.228147
v -0.252499 0.280333 -0.138422
vn 0.972933 0.198577 0.118186
v -0.059996 0.263088 -0.140768
vn 0.669805 -0.740549 -0.054307
v -0.094203 0.165124 -0.196816
vn 0.769965 -0.636245 -0.048440
v -0.081089 0.176866 -0.165717
vn -0.345212 0.169340 -0.923121
v -0.175206 0.227513 -0.337491
vn -0.302146 0.937323 0.173588
v -0.186145 0.294447 -0.157389
vn 0.469264 -0.866615 -0.169616
v -0.143836 0.143781 -0.278347
vn 0.392953 -0.913857 -0.102240
v -0.140613 0.139410 -0.236934
vn 0.479940 -0.867720 -0.129307
v -0.130491 0.142417 -0.214931
vn -0.009907 0.118119 -0.992950
v -0.160945 0.189406 -0.355658
vn 0.373252 -0.903760 -0.209523
v -0.156902 0.145056 -0.316878
vn 0.449401 -0.797052 -0.403418
v -0.156847 0.151245 -0.338524
vn 0.833131 -0.552930 -0.012721
v -0.075927 0.184642 -0.176256
vn -0.122618 0.967619 0.220631
v -0.138609 0.310765 -0.176040
vn 0.565862 0.813001 0.137217
v -0.083373 0.298409 -0.188387
vn 0.995669 -0.083262 0.041363
v -0.057869 0.234874 -0.165665
vn 0.940582 -0.339278 0.013983
v -0.066858 0.203301 -0.166540
vn 0.911917 0.407369 0.049581
v -0.064282 0.274606 -0.163204
vn 0.749307 0.662057 -0.014818
v -0.072405 0.288632 -0.144348
vn 0.488671 0.872017 0.028062
v -0.086319 0.298914 -0.160392
vn 0.520735 -0.832613 -0.188653
v -0.120488 0.152824 -0.252471
vn 0.649859 -0.719935 -0.243674
v -0.131953 0.154027 -0.285491
vn 0.400340 -0.515760 -0.757443
v -0.150573 0.171085 -0.353362
vn 0.652906 -0.701436 -0.285835
v -0.143334 0.152528 -0.314152
vn 0.471439 -0.070371 -0.879086
v -0.187568 0.243182 -0.332485
vn -0.935625 -0.098295 -0.339033
v -0.192377 0.274612 -0.331564
vn 0.981687 0.188047 0.030484
v -0.058493 0.257475 -0.166647
vn 0.900440 0.429210 0.070612
v -0.065113 0.277926 -0.137974
vn 0.250739 0.962655 0.102105
v -0.104605 0.307046 -0.149955
vn -0.227101 0.967937 0.107349
v -0.151113 0.302662 -0.137027
vn 0.252532 -0.957078 -0.142227
v -0.162377 0.139575 -0.296025
vn 0.846236 0.494111 -0.199344
v -0.197150 0.300569 -0.306184
vn -0.245226 0.941917 0.229470
v -0.196768 0.289195 -0.153749
vn 0.289178 -0.851410 -0.437582
v -0.141262 0.093268 -0.080073
vn -0.832943 0.538075 0.129153
v -0.279478 0.227057 -0.045521
vn -0.387134 0.894308 0.224366
v -0.248161 0.250323 -0.039224
vn -0.762395 0.628649 0.153476
v -0.279509 0.221832 -0.016142
vn -0.904596 0.418499 0.081022
v -0.287657 0.208724 -0.018376
vn -0.458460 0.857637 0.232968
v -0.253540 0.242457 -0.016673
vn -0.240258 0.937099 0.253224
v -0.241518 0.247655 -0.017660
vn -0.167092 -0.933549 -0.317124
v -0.194370 0.111155 -0.129288
vn 0.052399 -0.970379 -0.235837
v -0.177046 0.115319 -0.154564
vn -0.947689 0.178447 0.264654
v -0.293647 0.208230 -0.081331
vn -0.687903 0.653402 0.315997
v -0.275879 0.241371 -0.074176
vn 0.124862 0.944527 0.303774
v -0.215785 0.255245 -0.044426
vn -0.025692 0.979647 0.199078
v -0.220053 0.286342 -0.132302
vn 0.018116 0.944512 0.327978
v -0.221282 0.277317 -0.095689
vn -0.154446 -0.977572 -0.143178
v -0.203626 0.119462 -0.164491
vn 0.100163 -0.984794 -0.141942
v -0.175308 0.120983 -0.174123
vn -0.430387 0.835360 0.341966
v -0.260336 0.269675 -0.113103
vn -0.652925 -0.754395 -0.067652
v -0.274054 0.148945 -0.161054
vn -0.794822 -0.605674 -0.037634
v -0.293243 0.166835 -0.142683
vn -0.969579 -0.196215 0.146346
v -0.312128 0.206229 -0.143049
vn -0.962270 0.095611 0.254744
v -0.311829 0.226685 -0.131116
vn -0.827825 0.387376 0.405766
v -0.298512 0.231748 -0.103833
vn -0.649678 0.653025 0.389199
v -0.288466 0.246589 -0.103194
vn -0.238108 0.930343 0.278866
v -0.196704 0.278940 -0.125921
vn -0.583524 0.785957 0.204379
v -0.266429 0.234685 -0.020579
vn -0.513920 0.800533 0.308275
v -0.259531 0.261295 -0.091984
vn 0.127703 -0.884167 -0.449378
v -0.164368 0.101317 -0.113694
vn 0.126470 -0.936946 -0.325788
v -0.170362 0.110994 -0.131818
vn -0.841843 0.472833 0.260247
v -0.308555 0.243431 -0.135857
vn -0.900775 -0.416211 -0.123985
v -0.285178 0.145861 -0.077354
vn -0.302538 -0.859564 -0.411851
v -0.227301 0.120766 -0.124173
vn -0.847554 -0.528694 -0.046207
v -0.288325 0.159487 -0.112328
vn -0.785901 -0.576525 -0.223557
v -0.277887 0.142817 -0.102537
vn -0.482445 -0.781849 -0.394917
v -0.253970 0.123860 -0.111973
vn -0.374591 -0.905634 -0.198766
v -0.253182 0.133775 -0.135890
vn -0.324262 -0.934203 -0.148725
v -0.226599 0.125393 -0.141398
vn -0.122357 -0.868481 -0.480385
v -0.186855 0.097307 -0.106822
vn -0.316446 -0.811375 -0.491460
v -0.231304 0.105978 -0.102041
vn -0.673975 -0.695376 -0.249418
v -0.268129 0.136140 -0.114178
vn -0.516644 -0.824863 -0.229519
v -0.260520 0.134151 -0.124988
vn -0.284955 -0.951911 -0.112541
v -0.214760 0.123644 -0.179111
vn -0.660794 -0.742747 -0.108064
v -0.277081 0.147784 -0.137491
vn -0.504293 -0.855297 -0.118973
v -0.264253 0.140789 -0.152471
vn -0.932235 0.344051 0.112102
v -0.286415 0.215581 -0.059224
vn -0.118722 0.950126 0.288384
v -0.227941 0.257059 -0.049556
vn -0.335353 0.886781 0.318054
v -0.248201 0.257687 -0.063647
vn -0.980617 -0.107313 0.163931
v -0.296713 0.194224 -0.091103
vn -0.960929 -0.276310 0.016381
v -0.294118 0.173397 -0.096104
vn -0.631287 0.744182 0.218336
v -0.266529 0.240361 -0.042265
vn -0.835524 0.458873 0.302215
v -0.284696 0.229594 -0.075221
vn -0.938306 -0.320695 0.129372
v -0.297092 0.178802 -0.113915
vn -0.306197 0.907718 0.286863
v -0.237925 0.276790 -0.101860
vn 0.277920 -0.816448 -0.506136
v -0.121990 0.096149 -0.074469
vn 0.420155 -0.729587 -0.539604
v -0.097556 0.108271 -0.077400
vn 0.430662 0.896669 -0.102544
v -0.092221 0.279307 -0.045610
vn -0.362766 0.911235 0.195068
v -0.151358 0.279880 -0.024784
vn 0.238234 0.970450 0.038348
v -0.110291 0.285866 -0.045097
vn 0.117950 0.985588 0.121260
v -0.103087 0.284357 -0.008219
vn 0.368236 0.929652 0.012235
v -0.087588 0.280936 -0.013550
vn -0.262318 0.933353 0.245036
v -0.136793 0.280239 -0.001893
vn -0.611222 0.754226 0.239898
v -0.167920 0.272304 -0.034762
vn -0.664093 0.675023 0.321442
v -0.166355 0.261445 0.001994
vn 0.496182 -0.705207 -0.506446
v -0.099391 0.123071 -0.097830
vn 0.641576 -0.658080 -0.394095
v -0.112463 0.136007 -0.132059
vn 0.564355 -0.806685 -0.175393
v -0.123483 0.136650 -0.165241
vn 0.864880 0.485859 0.126192
v -0.070341 0.259633 -0.089820
vn 0.690598 0.676202 0.256564
v -0.081340 0.275006 -0.086789
vn 0.265929 0.941334 0.207777
v -0.110482 0.289550 -0.077464
vn -0.476382 0.842859 0.250297
v -0.166642 0.278497 -0.056104
vn -0.437313 0.884971 0.159947
v -0.175914 0.294256 -0.117226
vn 0.285487 -0.940750 -0.182995
v -0.148951 0.125618 -0.171039
vn -0.024823 0.984536 0.173414
v -0.128661 0.305973 -0.133938
vn 0.921954 -0.378417 -0.082470
v -0.064513 0.203078 -0.143932
vn 0.986936 -0.157961 -0.031724
v -0.059464 0.222461 -0.142912
vn 0.465313 0.827841 0.313310
v -0.093954 0.289171 -0.094041
vn 0.320920 -0.934787 -0.152264
v -0.153991 0.125760 -0.197958
vn -0.095485 0.986610 0.132225
v -0.132581 0.285740 -0.034055
vn 0.415488 -0.806375 -0.420867
v -0.126957 0.111557 -0.111246
vn 0.385394 -0.848559 -0.362518
v -0.132902 0.122125 -0.133538
vn 0.998812 0.016689 0.045793
v -0.057919 0.243771 -0.141792
vn 0.639180 0.751145 0.165015
v -0.075609 0.293265 -0.133870
vn 0.218906 0.945724 0.240179
v -0.101194 0.301391 -0.124432
vn 0.954654 0.173112 -0.242216
v -0.052845 0.222813 -0.072550
vn 0.790820 -0.453340 -0.411201
v -0.071496 0.174059 -0.113570
vn 0.869075 -0.441918 -0.222301
v -0.069396 0.187241 -0.122876
vn 0.740409 -0.643205 -0.195144
v -0.086614 0.169917 -0.138140
vn 0.608498 -0.785773 -0.110865
v -0.116775 0.144552 -0.185213
vn 0.876903 0.413040 -0.245843
v -0.056286 0.236609 -0.068078
vn -0.514149 0.813122 0.272918
v -0.175992 0.288803 -0.095052
vn -0.185201 0.962602 0.197730
v -0.160614 0.297028 -0.103228
vn 0.507979 0.850210 0.138204
v -0.094326 0.278793 -0.067848
vn -0.624087 0.726453 0.287718
v -0.179895 0.272493 -0.065266
vn -0.029129 0.985323 0.168194
v -0.134509 0.292045 -0.069122
vn 0.065506 0.978240 0.196866
v -0.131262 0.293540 -0.084955
vn -0.300713 0.919597 0.252809
v -0.152157 0.287500 -0.066135
vn 0.998890 0.044147 -0.016433
v -0.059919 0.229662 -0.116642
vn 0.958357 0.284929 0.019146
v -0.063079 0.246167 -0.105264
vn 0.973319 -0.184262 -0.136739
v -0.060583 0.207636 -0.116958
vn -0.256239 0.906150 0.336502
v -0.195027 0.269734 -0.091753
vn -0.381203 0.869810 0.313233
v -0.192260 0.251356 -0.045918
vn -0.291530 0.919784 0.262694
v -0.180484 0.233039 0.026566
vn -0.191271 0.002017 0.981535
v -0.176981 0.107846 0.213199
vn -0.031278 0.158962 0.986789
v -0.147514 0.117541 0.215413
vn 0.072360 -0.886312 -0.457401
v -0.183478 0.088748 -0.088136
vn 0.036083 -0.904244 0.425489
v -0.204905 0.064385 0.174682
vn -0.268964 -0.657232 0.704063
v -0.213584 0.072531 0.187856
vn -0.025558 -0.998505 0.048312
v -0.138320 0.049752 0.141034
vn -0.264912 -0.922771 0.279848
v -0.146502 0.051320 0.147656
vn -0.254408 -0.906533 0.336859
v -0.173277 0.064554 0.194135
vn -0.289724 -0.248332 0.924333
v -0.165335 0.084078 0.212167
vn 0.295063 -0.881152 -0.369471
v -0.113759 0.064331 -0.005671
vn -0.369823 -0.110681 0.922486
v -0.241457 0.086647 0.179526
vn -0.254720 -0.391045 0.884421
v -0.235562 0.072464 0.176777
vn 0.239992 -0.731481 0.638231
v -0.210079 0.056401 0.165018
vn -0.984184 0.144962 0.101824
v -0.297122 0.160080 0.018804
vn -0.665914 0.680617 0.305480
v -0.268383 0.210472 0.039413
vn -0.834055 0.470630 0.287854
v -0.279777 0.193386 0.042742
vn -0.217192 0.884884 0.412077
v -0.208851 0.202593 0.121663
vn -0.074374 0.952988 0.293737
v -0.222818 0.230455 0.040390
vn 0.042987 0.970468 0.237368
v -0.207838 0.229815 0.043734
vn -0.191423 0.915678 0.353400
v -0.208440 0.218942 0.082119
vn -0.146096 0.931849 0.332134
v -0.196212 0.217300 0.095840
vn 0.100968 0.920165 0.378288
v -0.175595 0.209427 0.122062
vn 0.106007 0.858173 0.502297
v -0.165514 0.195401 0.148062
vn 0.014337 0.976524 0.214930
v -0.191653 0.234955 0.016865
vn 0.038915 0.982250 0.183495
v -0.188088 0.231770 0.036548
vn 0.067131 0.969991 0.233690
v -0.181512 0.224500 0.070358
vn 0.053337 0.954083 0.294757
v -0.181261 0.216341 0.101251
vn -0.934854 0.290227 0.204489
v -0.290446 0.179250 0.027065
vn 0.074288 -0.995879 -0.052027
v -0.183558 0.020952 0.034933
vn -0.136688 -0.989365 -0.049742
v -0.197786 0.020995 0.029109
vn -0.187272 -0.890815 -0.413977
v -0.193118 0.026391 -0.006450
vn -0.440587 -0.893451 -0.087340
v -0.212438 0.025241 0.030214
vn -0.711536 -0.659864 -0.241446
v -0.221987 0.033068 0.020196
vn 0.233241 -0.834693 -0.498884
v -0.155824 0.077463 -0.062575
vn 0.145854 -0.780266 -0.608203
v -0.174852 0.035543 -0.016952
vn -0.983587 0.173568 0.049295
v -0.292093 0.196845 -0.058471
vn -0.999867 0.014661 0.007195
v -0.293377 0.178876 -0.056355
vn -0.995567 0.077062 -0.053924
v -0.295162 0.176956 -0.026999
vn -0.990846 0.129750 0.037284
v -0.296829 0.169603 -0.004266
vn -0.698841 0.660391 0.274782
v -0.275580 0.218044 0.011800
vn -0.872034 0.443202 0.207675
v -0.286231 0.204449 0.008327
vn -0.352090 0.877854 0.324662
v -0.247217 0.236833 0.010586
vn -0.161420 0.932400 0.323378
v -0.235437 0.240331 0.009566
vn -0.014195 0.960196 0.278967
v -0.227442 0.247108 -0.009577
vn 0.149761 0.953016 0.263311
v -0.209999 0.241668 0.004711
vn -0.971708 0.235402 0.019239
v -0.292957 0.194298 -0.022624
vn -0.956306 0.266101 0.121118
v -0.292697 0.188486 0.003556
vn -0.136259 -0.746757 -0.650989
v -0.190377 0.056223 -0.032529
vn -0.338628 -0.504476 0.794251
v -0.176169 0.076833 0.204086
vn -0.538841 0.012049 0.842321
v -0.224528 0.106520 0.190232
vn -0.488063 0.012388 0.872721
v -0.206740 0.111163 0.203298
vn -0.308242 0.276289 0.910303
v -0.192535 0.135469 0.206262
vn -0.326783 -0.018193 0.944924
v -0.192081 0.110150 0.209519
vn -0.116019 0.188128 0.975268
v -0.173275 0.125158 0.212839
vn -0.435000 -0.268618 0.859430
v -0.210603 0.091726 0.199138
vn -0.332488 -0.271615 0.903148
v -0.191511 0.092563 0.206763
vn -0.060378 0.682933 0.727981
v -0.172682 0.162979 0.193426
vn -0.030969 0.449104 0.892943
v -0.167573 0.143106 0.208190
vn 0.086278 0.403114 0.911074
v -0.150094 0.130545 0.211880
vn 0.157730 0.628986 0.761248
v -0.148914 0.154858 0.196746
vn -0.099962 0.768324 0.632208
v -0.180671 0.176637 0.178523
vn -0.214812 -0.958281 0.188558
v -0.154185 0.061616 0.168072
vn -0.156081 -0.010067 0.987693
v -0.142440 0.092275 0.217831
vn -0.090058 0.604398 0.791576
v -0.125802 0.154180 0.192203
vn 0.154697 0.785784 0.598843
v -0.147894 0.171297 0.177894
vn -0.260732 0.538695 0.801141
v -0.185184 0.148406 0.202240
vn -0.155306 0.879543 0.449761
v -0.189804 0.201099 0.136558
vn 0.153603 0.872053 0.464683
v -0.150794 0.190177 0.150615
vn 0.126244 0.958926 0.254015
v -0.195787 0.240740 -0.004245
vn -0.248094 0.915929 0.315474
v -0.172310 0.224806 0.061368
vn -0.083045 0.961731 0.261109
v -0.204221 0.225921 0.065015
vn -0.217635 0.905023 0.365470
v -0.231860 0.219218 0.073647
vn -0.247862 0.915816 0.315984
v -0.237063 0.228631 0.038976
vn -0.461716 0.830520 0.311537
v -0.250459 0.223560 0.037070
vn -0.520210 0.796739 0.307553
v -0.261542 0.228764 0.012056
vn -0.560126 -0.823419 -0.090773
v -0.124296 0.043499 0.184657
vn 0.570539 -0.805443 0.160460
v -0.106469 0.053678 0.105761
vn -0.846695 -0.515840 -0.130447
v -0.291389 0.128729 0.002444
vn -0.890536 -0.419713 -0.175463
v -0.291934 0.136441 -0.018713
vn -0.772540 -0.626039 -0.106102
v -0.282829 0.120626 -0.008365
vn -0.866313 -0.471606 -0.164590
v -0.285495 0.137657 -0.047545
vn -0.767479 -0.619925 -0.163306
v -0.269645 0.109147 -0.039646
vn -0.460988 -0.813550 -0.354437
v -0.225441 0.073651 -0.036259
vn -0.376638 -0.847161 -0.374783
v -0.227736 0.086849 -0.067632
vn -0.592685 -0.771360 -0.231794
v -0.243523 0.082466 -0.031903
vn -0.939046 -0.307090 -0.154558
v -0.290007 0.148837 -0.051352
vn -0.731336 -0.679402 -0.059671
v -0.255737 0.089469 -0.010886
vn -0.489552 -0.791113 -0.366714
v -0.245941 0.103931 -0.084126
vn -0.168989 -0.877497 -0.448822
v -0.204569 0.082606 -0.074510
vn -0.798960 -0.564368 -0.207730
v -0.274344 0.127065 -0.077957
vn -0.642749 -0.709743 -0.288339
v -0.262717 0.113673 -0.077637
vn -0.269838 -0.851972 -0.448700
v -0.205344 0.072703 -0.052950
vn -0.979220 -0.191132 -0.067799
v -0.291255 0.160364 -0.061672
vn -0.982789 -0.123478 -0.137401
v -0.295383 0.158833 -0.030716
vn -0.979278 -0.198118 -0.041993
v -0.297579 0.141448 0.009195
vn -0.985076 -0.136471 -0.104890
v -0.297790 0.151499 -0.012113
vn 0.534931 -0.813053 -0.229769
v -0.131195 0.037077 0.023505
vn 0.408930 -0.775159 -0.481566
v -0.147326 0.041355 -0.012060
vn -0.494310 -0.709894 -0.501705
v -0.214165 0.057969 -0.020635
vn -0.004085 -0.868337 -0.495958
v -0.180915 0.067403 -0.050640
vn 0.213841 -0.756566 -0.617964
v -0.154544 0.061958 -0.035424
vn 0.271717 -0.941637 -0.198720
v -0.156459 0.027472 0.019243
vn 0.240583 -0.639770 0.729941
v -0.005153 0.124645 0.172255
vn 0.655453 -0.738108 0.159930
v -0.058898 0.081593 0.126192
vn 0.654147 -0.682288 0.326457
v -0.043519 0.114795 0.179186
vn 0.382537 -0.000066 0.923940
v -0.040311 0.143689 0.196925
vn 0.366588 -0.925081 -0.099185
v -0.103828 0.056683 0.044411
vn 0.273954 -0.246909 0.929508
v 0.018036 0.135943 0.170470
vn 0.450887 -0.116395 0.884960
v 0.015415 0.146254 0.173154
vn 0.162604 -0.842238 -0.513999
v -0.106980 0.081905 -0.039459
vn 0.093718 0.978939 0.181369
v -0.099057 0.279027 0.014767
vn 0.357614 0.928697 0.098157
v -0.081536 0.275977 0.004821
vn -0.379226 0.846297 0.374124
v -0.123267 0.264212 0.058380
vn -0.327033 0.816502 0.475788
v -0.106314 0.238078 0.122180
vn -0.577382 0.747920 0.327483
v -0.149482 0.255236 0.040401
vn -0.524171 0.703061 0.480572
v -0.139859 0.224632 0.119856
vn -0.725180 0.603665 0.331214
v -0.173995 0.245449 0.012219
vn -0.562176 0.582469 0.587101
v -0.135496 0.207196 0.145256
vn -0.720420 0.613560 0.323325
v -0.167802 0.230083 0.061278
vn 0.525545 0.850659 -0.013459
v -0.062678 0.266494 -0.002816
vn 0.128445 -0.977040 -0.169985
v -0.080774 0.060109 0.012069
vn 0.170191 -0.985257 0.017410
v -0.083350 0.058795 0.041751
vn 0.595277 -0.766593 -0.240790
v -0.022548 0.091134 0.007424
vn 0.789168 -0.488143 -0.372734
v 0.009713 0.103735 0.045673
vn 0.822244 -0.361047 -0.439955
v -0.010349 0.104321 0.007320
vn 0.883645 0.029246 -0.467243
v -0.009130 0.114016 0.004281
vn 0.594486 -0.523766 -0.610127
v -0.036899 0.092918 -0.030087
vn 0.421217 -0.872793 -0.246595
v -0.054775 0.072615 -0.009280
vn 0.644845 0.761897 -0.060736
v -0.080010 0.268588 -0.064825
vn 0.755419 0.615563 -0.224553
v -0.064303 0.253741 -0.061751
vn 0.651197 0.716681 -0.249622
v -0.067515 0.262122 -0.050446
vn 0.648940 0.739145 -0.180391
v -0.055723 0.259275 -0.027075
vn -0.434232 0.849516 0.299607
v -0.149748 0.273314 0.002289
vn -0.721514 0.628659 0.290183
v -0.179252 0.248214 -0.003314
vn 0.534034 0.837023 -0.119165
v -0.074327 0.273773 -0.025208
vn 0.538076 -0.617996 -0.573198
v -0.082905 0.115484 -0.072241
vn 0.830129 -0.133373 -0.541385
v -0.046919 0.144280 -0.049737
vn 0.868787 0.195064 -0.455147
v -0.032849 0.137368 -0.027499
vn 0.928826 0.048994 -0.367263
v -0.034039 0.156354 -0.025259
vn 0.362411 -0.769416 -0.525982
v -0.092785 0.097966 -0.058868
vn 0.656134 -0.252546 -0.711132
v -0.051155 0.123343 -0.046430
vn 0.468444 -0.519624 -0.714529
v -0.062841 0.108331 -0.048693
vn 0.800618 -0.075755 -0.594367
v -0.024006 0.116067 -0.020638
vn 0.398026 -0.285784 0.871724
v -0.016061 0.136586 0.185123
vn 0.360705 0.142545 0.921723
v -0.031040 0.167070 0.193309
vn 0.078910 0.303599 0.949527
v -0.059987 0.180572 0.197068
vn 0.232494 0.111009 0.966242
v -0.046905 0.158468 0.198685
vn 0.395241 -0.072960 0.915675
v -0.015569 0.149535 0.188258
vn -0.165186 0.350069 0.922044
v -0.080826 0.179526 0.196554
vn -0.159395 0.565788 0.808997
v -0.084906 0.193605 0.189105
vn -0.396687 0.416023 0.818269
v -0.108247 0.174266 0.189816
vn 0.403245 -0.914894 0.019051
v -0.099071 0.057402 0.080650
vn 0.663639 -0.697818 0.269504
v -0.046574 0.099741 0.142268
vn -0.013819 0.294755 0.955473
v -0.078990 0.151257 0.204717
vn 0.554386 -0.416597 0.720488
v -0.038253 0.128006 0.193720
vn 0.201045 0.249868 0.947178
v -0.061424 0.149102 0.202672
vn 0.443461 0.321441 0.836671
v -0.056900 0.132975 0.208512
vn -0.009051 0.472796 0.881126
v -0.080362 0.128488 0.214029
vn -0.208008 0.406414 0.889697
v -0.103996 0.150579 0.200697
vn -0.504821 0.487974 0.712065
v -0.124882 0.182414 0.173322
vn -0.361805 0.436761 0.823612
v -0.114691 0.157809 0.193511
vn -0.412440 0.808990 0.418841
v -0.133473 0.233747 0.111078
vn -0.710725 0.639838 0.292366
v -0.176017 0.238198 0.019630
vn -0.409506 0.856765 0.313461
v -0.186973 0.241337 -0.007171
vn -0.152698 0.895680 0.417660
v -0.158513 0.208714 0.112182
vn -0.361087 0.702766 0.612974
v -0.144546 0.190707 0.149315
vn -0.341046 0.662589 0.666831
v -0.103667 0.206647 0.170298
vn -0.364862 0.762273 0.534617
v -0.117738 0.222102 0.142359
vn -0.686558 0.579540 0.439058
v -0.149702 0.220460 0.113091
vn -0.286227 0.871255 0.398733
v -0.101023 0.251490 0.101261
vn -0.704136 0.642396 0.302523
v -0.167547 0.238142 0.048792
vn -0.512906 0.777621 0.363637
v -0.148072 0.243528 0.071874
vn -0.518078 0.783774 0.342481
v -0.150684 0.247675 0.059411
vn -0.611496 0.693184 0.381535
v -0.149930 0.230625 0.096013
vn -0.397881 0.824927 0.401479
v -0.131155 0.249585 0.077325
vn -0.155101 0.914251 0.374285
v -0.103301 0.263337 0.071740
vn -0.166476 0.951149 0.260002
v -0.122271 0.276258 0.018869
vn -0.092009 0.971479 0.218547
v -0.122685 0.282475 -0.000829
vn 0.998441 0.026236 0.049257
v -0.050913 0.103278 0.181343
vn 0.958683 -0.252428 -0.131175
v -0.050308 0.089453 0.150708
vn 0.876034 0.054771 -0.479129
v -0.030809 0.220241 -0.025748
vn 0.886988 0.189501 -0.421119
v -0.040519 0.227648 -0.042734
vn 0.806660 -0.346093 -0.479082
v -0.062527 0.162305 -0.086268
vn 0.932460 -0.036534 -0.359422
v -0.035575 0.196232 -0.028888
vn 0.922500 -0.111081 -0.369668
v -0.044064 0.177274 -0.055728
vn 0.686231 -0.428174 -0.588009
v -0.073391 0.138129 -0.082347
vn 0.678960 -0.510120 -0.528006
v -0.085393 0.136502 -0.094822
vn 0.971913 -0.010220 -0.235120
v -0.057366 0.209381 -0.098389
vn 0.913513 -0.238034 -0.329900
v -0.059999 0.191351 -0.101403
vn 0.816944 0.430921 -0.383287
v -0.028218 0.233807 -0.013733
vn 0.785321 0.512320 -0.347562
v -0.045203 0.245464 -0.036717
vn 0.338303 -0.916251 0.214556
v -0.094864 0.058808 0.099545
vn 0.281065 -0.954857 0.096179
v -0.078434 0.066999 0.120035
vn 0.182711 -0.803130 -0.567096
v -0.077901 0.073730 -0.027791
vn 0.316913 -0.702355 -0.637388
v -0.083224 0.092827 -0.046204
vn 0.185445 -0.838854 0.511796
v -0.015490 0.119955 0.169125
vn 0.333031 -0.806253 -0.488924
v -0.124396 0.073776 -0.030481
vn 0.742340 -0.669810 0.016898
v -0.106166 0.063855 0.122542
vn -0.076435 -0.954912 -0.286879
v -0.114398 0.043356 0.164607
vn 0.278911 -0.836651 -0.471406
v -0.102650 0.048646 0.147722
vn -0.820724 -0.570092 -0.037517
v -0.120266 0.035011 0.204438
vn -0.334529 0.262593 0.905061
v -0.129224 0.093577 0.219517
vn -0.135783 -0.856082 -0.498684
v -0.097556 0.031169 0.184709
vn 0.104427 -0.793988 -0.598897
v -0.080845 0.041332 0.161281
vn -0.479444 -0.131347 0.867688
v -0.141114 0.071966 0.217481
vn -0.005568 -0.862694 -0.505695
v -0.074719 0.023642 0.195564
vn -0.998252 -0.030968 -0.050330
v -0.121261 0.043249 0.262765
vn -0.863952 -0.419608 0.278417
v -0.126752 0.052914 0.223546
vn -0.060873 0.399015 0.914922
v -0.120025 0.126028 0.210999
vn -0.474925 -0.661711 0.580159
v -0.140300 0.058964 0.211916
vn -0.679853 0.527853 0.509089
v -0.113097 0.082820 0.240158
vn -0.835218 0.182400 0.518787
v -0.125463 0.071333 0.231364
vn 0.215461 -0.773683 -0.595811
v -0.058925 0.030077 0.179870
vn -0.056052 -0.881298 -0.469225
v -0.090121 0.035878 0.179830
vn -0.459076 -0.826650 -0.325421
v -0.103436 0.018081 0.210616
vn -0.534854 -0.837287 0.113496
v -0.135618 0.055647 0.193040
vn 0.454045 -0.889893 -0.043970
v -0.109229 0.052524 0.126801
vn -0.868728 -0.494487 0.028167
v -0.122308 0.043410 0.215080
vn -0.742026 -0.662558 -0.102048
v -0.108228 0.018471 0.224856
vn 0.380985 -0.743992 -0.548932
v -0.077025 0.063092 0.143564
vn -0.014666 0.994720 0.101573
v -0.076873 0.104020 0.241386
vn 0.910980 -0.115253 -0.396022
v -0.047984 0.062386 0.188413
vn 0.633214 -0.371443 -0.679021
v -0.065637 0.045437 0.163282
vn 0.004424 0.691741 0.722132
v -0.075421 0.116776 0.223439
vn -0.614082 0.723087 -0.316305
v -0.093478 0.099876 0.251374
vn 0.446240 0.352667 -0.822494
v -0.039477 0.068284 0.215575
vn 0.254601 0.121336 -0.959404
v -0.026644 0.036639 0.206452
vn 0.902883 0.117030 0.413650
v -0.056071 0.111676 0.213276
vn 0.580436 0.499400 0.643190
v -0.060962 0.113375 0.219816
vn -0.295804 0.561437 0.772844
v -0.100773 0.112007 0.221050
vn 0.919980 -0.259126 -0.294094
v -0.050619 0.076243 0.169367
vn 0.965890 0.205025 -0.158183
v -0.047247 0.094960 0.179732
vn 0.896007 0.437204 0.077612
v -0.044046 0.092913 0.202361
vn 0.992723 0.064041 -0.101982
v -0.040583 0.080265 0.199704
vn 0.736972 -0.612761 -0.285300
v -0.060245 0.074478 0.147758
vn 0.772713 -0.068858 -0.631009
v -0.042588 0.041630 0.187317
vn 0.801477 -0.391061 -0.452444
v -0.056562 0.062140 0.168981
vn 0.127456 -0.989371 -0.070004
v -0.090375 0.071947 0.122778
vn -0.730352 -0.660826 -0.172899
v -0.108968 0.012712 0.254979
vn -0.912580 -0.360406 -0.193143
v -0.116771 0.025139 0.258610
vn -0.362184 -0.906136 -0.218494
v -0.093160 0.000639 0.258235
vn 0.677390 0.687351 0.262090
v -0.054958 0.098348 0.226873
vn -0.628135 0.732435 -0.262652
v -0.105849 0.101962 0.279423
vn -0.650345 0.736507 0.186037
v -0.102391 0.090633 0.247737
vn -0.920142 0.390201 0.032888
v -0.118166 0.064516 0.258612
vn -0.396550 -0.886573 -0.238196
v -0.097728 0.009124 0.229313
vn -0.077728 -0.908566 -0.410447
v -0.084182 0.009978 0.219361
vn -0.455607 0.112177 0.883085
v -0.089343 0.057628 0.385850
vn 0.516262 -0.829445 -0.213292
v 0.013548 -0.008481 0.308595
vn 0.231875 -0.943923 -0.235038
v -0.027087 -0.011476 0.244955
vn 0.075295 -0.479265 -0.874435
v -0.037857 0.020030 0.206061
vn -0.097286 -0.964732 0.244596
v -0.037390 -0.012212 0.352185
vn -0.857097 0.441462 -0.265511
v -0.114000 0.078410 0.265868
vn -0.249090 -0.123694 0.960549
v -0.074181 0.037641 0.391197
vn -0.574159 -0.111587 0.811104
v -0.098734 0.039911 0.380800
vn 0.020968 -0.808577 0.588017
v -0.031364 -0.004294 0.371330
vn -0.346349 -0.427675 0.834947
v -0.083249 0.019322 0.382455
vn -0.652606 -0.328529 0.682770
v -0.103807 0.026579 0.372870
vn -0.300582 -0.724288 0.620530
v -0.080087 0.006597 0.373868
vn -0.643725 -0.559149 0.522466
v -0.107878 0.016870 0.361203
vn -0.462373 -0.885950 0.036116
v -0.109874 0.002298 0.315997
vn -0.994859 -0.047943 -0.089208
v -0.133199 0.046510 0.305840
vn -0.892869 -0.321966 0.314838
v -0.126436 0.028364 0.340173
vn -0.732166 -0.652910 0.194015
v -0.119692 0.013260 0.335290
vn -0.948666 -0.315695 0.019207
v -0.130329 0.027523 0.309774
vn -0.835835 -0.547698 -0.037503
v -0.125666 0.017813 0.303360
vn -0.692634 -0.717937 -0.069457
v -0.116157 0.007117 0.301167
vn -0.326275 -0.938483 0.113110
v -0.074984 -0.009537 0.320755
vn -0.255883 -0.886413 -0.385742
v -0.050825 -0.010248 0.229732
vn -0.616071 -0.757247 -0.216873
v -0.086980 -0.005537 0.283504
vn -0.984006 -0.068915 0.164267
v -0.133285 0.047624 0.326700
vn 0.329505 -0.167185 0.929234
v -0.009253 0.036368 0.386388
vn -0.980605 0.186861 0.059143
v -0.132726 0.061862 0.322278
vn 0.558159 -0.184566 0.808946
v 0.008872 0.031948 0.377144
vn -0.967664 0.205298 -0.146559
v -0.131807 0.065740 0.303419
vn 0.226286 0.104774 0.968410
v -0.027755 0.050438 0.391929
vn -0.622514 -0.758837 -0.191421
v -0.107511 0.005703 0.269269
vn -0.896656 -0.382050 -0.223708
v -0.125616 0.024518 0.279464
vn -0.949433 0.070618 -0.305926
v -0.128486 0.048105 0.279867
vn -0.073759 -0.509640 0.857220
v -0.056752 0.015747 0.385859
vn 0.026308 -0.221072 0.974903
v -0.044220 0.032857 0.392999
vn -0.289409 0.158635 0.943969
v -0.075754 0.058563 0.390851
vn -0.342429 -0.890543 0.299460
v -0.083255 -0.003564 0.350491
vn 0.186878 -0.441995 0.877335
v -0.019802 0.013553 0.382731
vn -0.845420 -0.107201 0.523233
v -0.124053 0.045488 0.352952
vn -0.914084 0.185153 0.360790
v -0.129108 0.062888 0.340232
vn 0.396813 -0.912420 -0.100142
v -0.008466 -0.015782 0.272496
vn -0.331236 0.144488 -0.932419
v -0.007337 0.027140 0.198697
vn 0.524170 -0.839053 -0.145725
v -0.006499 -0.014250 0.292371
vn -0.193230 -0.737417 -0.647208
v -0.058273 0.011280 0.219061
vn 0.434010 -0.597141 0.674580
v 0.002051 0.005001 0.369260
vn 0.029290 -0.999570 -0.001419
v -0.021790 -0.017494 0.295442
vn 0.033342 -0.997597 -0.060731
v -0.075626 -0.008377 0.289568
vn -0.365505 -0.899692 -0.238665
v -0.069153 -0.006060 0.260505
vn -0.259179 -0.908371 -0.328159
v -0.076809 0.003073 0.239907
vn 0.132679 -0.522674 -0.842145
v -0.001363 0.012677 0.194212
vn 0.734765 -0.525597 -0.428800
v 0.007301 0.009435 0.210554
vn 0.223755 -0.973883 -0.038535
v -0.092863 -0.014352 0.317650
vn -0.947785 0.041243 -0.316233
v -0.094928 -0.013002 0.290950
vn 0.660237 -0.699616 -0.273174
v 0.013792 0.013611 0.291882
vn 0.875049 -0.303958 0.376694
v 0.029040 0.015346 0.348979
vn 0.656272 -0.721212 0.221722
v 0.020433 0.001128 0.342520
vn -0.107888 -0.990717 -0.082709
v -0.036087 -0.012596 0.256419
vn 0.177553 -0.960713 0.213320
v -0.011785 -0.015336 0.337509
vn 0.602314 -0.795759 -0.063131
v 0.020903 0.015037 0.249616
vn -0.585744 0.623698 -0.517594
v 0.008644 0.011116 0.247349
vn -0.132600 0.384506 0.913549
v 0.001894 0.021359 0.220304
vn 0.098820 0.923048 0.371776
v -0.013748 0.007638 0.238422
vn 0.301830 0.257469 0.917937
v -0.014602 0.023612 0.222350
vn 0.420001 0.783480 -0.457994
v -0.019108 0.011668 0.258714
vn 0.564315 0.641531 0.519602
v -0.037595 0.028090 0.230127
vn 0.014778 0.173351 -0.984749
v -0.016919 0.024318 0.265747
vn 0.890169 0.292757 -0.349131
v -0.048562 0.035081 0.226745
vn 0.841180 0.100369 -0.531359
v 0.030579 0.022988 0.236603
vn 0.722049 0.676527 -0.144764
v 0.015539 0.079389 0.269413
vn 0.930854 0.244262 -0.271748
v 0.021391 0.065457 0.285752
vn 0.016499 0.998245 0.056868
v -0.076315 0.117338 0.325053
vn 0.372588 0.742630 0.556488
v -0.011771 0.090974 0.367581
vn 0.305576 0.912596 -0.271648
v -0.033078 0.098901 0.264482
vn -0.872520 0.478519 -0.098628
v -0.125810 0.083339 0.305728
vn -0.254517 0.408681 0.876471
v -0.077641 0.083173 0.383756
vn 0.300889 0.946323 0.118066
v -0.034169 0.107754 0.345117
vn -0.322036 0.919972 0.223480
v -0.093326 0.113467 0.332558
vn -0.580077 0.725435 0.370478
v -0.101661 0.103243 0.346534
vn -0.370335 0.717057 0.590493
v -0.087171 0.102113 0.363694
vn 0.313339 0.937784 -0.149600
v -0.067777 0.106552 0.258061
vn -0.128626 0.971171 -0.200705
v -0.082750 0.110973 0.275827
vn -0.662545 0.740276 -0.114130
v -0.109062 0.104320 0.298052
vn -0.678878 0.725537 0.112791
v -0.111280 0.103133 0.323402
vn 0.650187 0.642642 0.405301
v 0.011574 0.080659 0.355970
vn 0.453949 0.117877 0.883196
v -0.002165 0.050758 0.382950
vn 0.107597 0.993316 0.041797
v -0.053212 0.113095 0.313488
vn 0.420069 0.869242 -0.260693
v -0.062012 0.122559 0.281985
vn 0.473650 -0.229538 -0.850275
v 0.022652 0.055279 0.294326
vn 0.441895 0.432191 0.786091
v -0.000547 0.074225 0.376006
vn -0.882188 0.441053 0.164974
v -0.125427 0.084112 0.326804
vn -0.513158 0.368185 0.775312
v -0.093501 0.079589 0.376708
vn 0.003700 0.635180 0.772355
v -0.058212 0.094273 0.380109
vn -0.856694 0.392720 -0.334434
v -0.120367 0.081161 0.280528
vn 0.121355 0.394632 0.910790
v -0.047115 0.075506 0.390396
vn 0.051557 0.888679 0.455622
v -0.053569 0.103950 0.369656
vn -0.050640 0.107316 0.992935
v -0.054344 0.059595 0.393945
vn 0.689947 0.324448 0.647075
v 0.017148 0.061874 0.368299
vn 0.742644 0.022348 0.669314
v 0.020178 0.044071 0.369127
vn -0.363903 0.925648 -0.103683
v -0.093348 0.113436 0.297740
vn -0.729355 0.483973 0.483540
v -0.114795 0.084829 0.352743
vn 0.131219 0.251537 -0.958911
v 0.008991 0.040197 0.192843
vn 0.787912 0.588218 -0.182193
v 0.026912 0.073439 0.304114
vn 0.242351 0.787127 -0.567183
v -0.019103 0.086217 0.220712
vn 0.920739 0.130349 -0.367761
v 0.016416 0.046109 0.208245
vn 0.938647 -0.310113 -0.150901
v 0.034280 0.023133 0.295225
vn 0.486937 0.864395 -0.125353
v -0.003134 0.092193 0.279068
vn 0.915312 0.385509 -0.116565
v 0.022144 0.054053 0.260726
vn -0.713501 0.416630 0.563325
v -0.060650 0.121927 0.304751
vn 0.521229 0.848496 -0.091514
v -0.047025 0.107974 0.283728
vn -0.256299 0.850238 -0.459788
v -0.048887 0.099268 0.262290
vn 0.433322 0.900306 0.040987
v -0.040443 0.109247 0.313447
vn 0.893750 0.053667 -0.445343
v 0.037834 0.049256 0.304410
vn 0.570485 0.811910 0.123888
v 0.006464 0.090714 0.338678
vn 0.901124 0.351347 0.254028
v 0.034562 0.059803 0.338118
vn 0.983544 -0.157265 -0.088934
v 0.034648 0.028745 0.254719
vn 0.887081 0.311720 -0.340468
v 0.018302 0.040845 0.287553
vn 0.089717 -0.301823 0.949133
v -0.009866 0.043430 0.221557
vn 0.125953 -0.524320 0.842154
v -0.028600 0.051203 0.230973
vn -0.232640 -0.833393 0.501333
v -0.002604 0.055799 0.232235
vn -0.501870 -0.333338 0.798131
v 0.009677 0.038547 0.222118
vn -0.562095 -0.160873 -0.811276
v 0.009353 0.039557 0.254827
vn -0.127756 0.990671 -0.047438
v 0.019507 0.022385 0.231203
vn -0.213770 -0.956703 -0.197539
v -0.008401 0.060372 0.252195
vn 0.208197 -0.528192 -0.823206
v -0.014380 0.052774 0.261398
vn 0.557410 -0.826677 0.076803
v -0.042513 0.051183 0.227936
vn 0.820628 0.130082 -0.556460
v -0.040091 0.035205 0.248446
vn -0.895626 -0.414215 -0.162111
v 0.019379 0.043140 0.243249
vn 0.562918 0.814503 -0.140385
v -0.050463 0.092519 0.233216
vn -0.712642 0.169763 0.680677
v -0.109380 0.061737 0.370575
vn -0.685122 0.435462 0.583936
v -0.278042 0.144174 0.136898
vn -0.791727 0.565919 0.230007
v -0.277721 0.173359 0.093726
vn -0.632441 0.710090 0.309500
v -0.264533 0.181131 0.116804
vn -0.388162 0.836188 0.387454
v -0.239801 0.204918 0.095462
vn -0.595402 0.803192 -0.019485
v -0.308146 0.110238 0.101048
vn -0.604751 -0.637187 -0.477775
v -0.225903 0.041963 0.084429
vn -0.194166 -0.442117 -0.875689
v -0.237982 0.072235 0.091573
vn -0.350406 -0.934248 0.066303
v -0.208144 0.023481 0.045592
vn -0.581259 -0.198879 -0.789040
v -0.277920 0.103489 0.091241
vn 0.205743 -0.952550 0.224318
v -0.202348 0.039634 0.121198
vn -0.125067 -0.991956 0.019519
v -0.214328 0.034231 0.098272
vn -0.663190 -0.747202 -0.043223
v -0.261639 0.099844 0.064529
vn -0.684643 -0.722162 -0.098719
v -0.283581 0.115566 0.061898
vn -0.719460 -0.693919 0.029219
v -0.259126 0.095610 0.039646
vn -0.924241 -0.375358 -0.069888
v -0.293082 0.125146 0.065415
vn -0.996732 0.045835 0.066519
v -0.295414 0.139242 0.076469
vn -0.998911 0.041042 0.022178
v -0.296362 0.128423 0.097440
vn -0.838038 0.460538 0.292570
v -0.282124 0.160070 0.112779
vn -0.817537 0.565644 0.108071
v -0.294645 0.120204 0.120666
vn -0.790476 0.503891 -0.348196
v -0.294121 0.113395 0.102877
vn -0.662284 0.449828 0.599195
v -0.302895 0.100006 0.152769
vn -0.820777 0.305133 0.482927
v -0.313063 0.090823 0.144663
vn -0.566082 0.099734 0.818294
v -0.296006 0.081526 0.165591
vn -0.507866 0.473194 0.719834
v -0.265970 0.117156 0.165177
vn -0.364993 -0.372023 0.853451
v -0.288973 0.067545 0.166963
vn -0.135383 -0.780706 0.610057
v -0.257560 0.027833 0.146728
vn 0.027369 -0.606797 0.794386
v -0.243634 0.042459 0.161939
vn -0.218455 -0.123447 0.968007
v -0.274370 0.075359 0.173403
vn 0.481074 -0.791535 -0.376882
v -0.246668 0.024501 0.101672
vn 0.375904 -0.922460 0.088114
v -0.232574 0.023819 0.129929
vn -0.805177 -0.529701 0.266658
v -0.225198 0.040617 0.069673
vn -0.801302 -0.596946 0.039634
v -0.241700 0.076835 0.076850
vn -0.829180 -0.550454 0.097264
v -0.250032 0.086517 0.059560
vn 0.211713 -0.799728 0.561795
v -0.241723 0.033189 0.153437
vn 0.424498 -0.900695 0.092469
v -0.131890 0.035867 0.067550
vn -0.982548 0.171503 0.072010
v -0.295954 0.150968 0.040914
vn -0.991460 0.109389 0.071005
v -0.296471 0.145058 0.062804
vn -0.611261 0.692545 0.383068
v -0.260662 0.200582 0.081971
vn -0.394256 0.137950 0.908588
v -0.252465 0.106278 0.174961
vn -0.592574 0.538793 0.598797
v -0.250604 0.174483 0.141298
vn -0.402660 0.594269 0.696211
v -0.220985 0.172001 0.169054
vn -0.476548 0.767016 0.429638
v -0.241441 0.191503 0.127425
vn -0.255060 0.841237 0.476723
v -0.225962 0.191518 0.141232
vn -0.635603 0.720973 0.276056
v -0.262938 0.208610 0.060081
vn -0.209784 0.769666 0.602997
v -0.202589 0.177102 0.168979
vn -0.908390 0.377144 0.180528
v -0.286947 0.171361 0.051290
vn 0.090080 -0.929889 0.356639
v -0.161881 0.035405 0.104072
vn 0.134374 -0.985398 0.104565
v -0.169707 0.022282 0.060405
vn -0.018760 -0.960166 0.278799
v -0.197583 0.033534 0.096658
vn 0.203678 -0.943971 0.259680
v -0.150983 0.031366 0.089840
vn -0.022359 -0.960150 0.278589
v -0.174566 0.026858 0.080485
vn -0.659383 -0.687424 -0.304404
v -0.233135 0.068265 -0.010128
vn -0.478560 0.251093 0.841387
v -0.204259 0.133927 0.200722
vn -0.378538 0.521205 0.764888
v -0.204450 0.147142 0.193376
vn -0.536154 0.357459 0.764697
v -0.227547 0.146257 0.181565
vn -0.536237 0.209110 0.817755
v -0.216899 0.131419 0.192523
vn 0.254843 -0.946619 0.197401
v -0.134221 0.043781 0.110453
vn 0.081908 -0.969913 0.229261
v -0.146215 0.042972 0.124533
vn 0.058043 -0.953314 0.296351
v -0.156989 0.042057 0.116245
vn 0.419511 -0.900663 0.113216
v -0.119189 0.047584 0.099569
vn -0.808565 0.530965 0.253572
v -0.273523 0.192516 0.064732
vn -0.416486 0.842673 0.341235
v -0.246627 0.215679 0.069956
vn -0.588011 0.733288 0.341367
v -0.255746 0.193231 0.099209
vn -0.634410 0.601713 0.485247
v -0.261267 0.178024 0.126472
vn -0.782564 0.446190 0.434175
v -0.287524 0.126039 0.134530
vn -0.116936 -0.158364 -0.980432
v -0.246596 0.083354 0.087905
vn -0.922186 0.301745 0.241916
v -0.292955 0.135146 0.115692
vn -0.935540 0.324805 0.138808
v -0.290907 0.152016 0.085441
vn -0.992965 -0.118004 -0.009803
v -0.295859 0.127279 0.083793
vn -0.821332 -0.550156 -0.150802
v -0.291167 0.117944 0.082103
vn -0.605613 0.427196 0.671369
v -0.253053 0.146322 0.155066
vn -0.526127 0.601607 0.601049
v -0.236494 0.177529 0.153747
vn -0.338718 0.241667 0.909322
v -0.280620 0.092925 0.170795
vn -0.494812 0.471797 0.729773
v -0.287470 0.105437 0.162196
vn -0.584210 0.683591 0.437496
v -0.291950 0.113462 0.149007
vn -0.716658 0.619698 0.319961
v -0.309491 0.105378 0.136807
vn -0.152515 -0.503918 0.850180
v -0.259774 0.049867 0.165638
vn -0.374955 -0.684006 0.625736
v -0.285467 0.039339 0.147062
vn -0.041194 -0.620143 0.783406
v -0.229037 0.062346 0.172593
vn -0.041304 -0.903546 0.426496
v -0.162365 0.055274 0.148240
vn -0.046950 -0.930848 0.362378
v -0.160195 0.046426 0.132188
vn -0.901986 -0.426079 0.069839
v -0.229636 0.057859 0.077144
vn -0.866836 -0.474671 0.152586
v -0.231717 0.043612 0.057691
vn -0.669444 -0.733013 0.120572
v -0.225367 0.035189 0.059093
vn -0.170123 -0.960777 0.219011
v -0.200509 0.030448 0.084612
vn -0.694261 -0.718099 0.048323
v -0.221820 0.038012 0.080035
vn 0.490923 -0.485843 -0.723154
v -0.239994 0.038962 0.093091
vn 0.238235 -0.901731 -0.360730
v -0.231348 0.029634 0.106160
vn -0.474904 -0.852793 0.217282
v -0.215431 0.029385 0.066166
vn -0.705037 -0.706051 -0.066436
v -0.273673 0.108808 0.009060
vn -0.958167 -0.286120 0.007173
v -0.295783 0.130011 0.041584
vn -0.749404 -0.660837 -0.041089
v -0.288405 0.118712 0.027368
vn 0.261197 -0.867348 0.423654
v -0.203710 0.050697 0.149380
vn 0.066970 -0.956500 0.283942
v -0.251211 0.019414 0.128869
vn -0.111925 -0.983307 0.143461
v -0.194618 0.022225 0.056135
vn 0.466112 -0.883604 -0.044532
v -0.134422 0.032971 0.037671
vn -0.810493 -0.581341 -0.071725
v -0.244978 0.075393 0.017869
vn -0.841675 0.525972 0.122215
v -0.324817 0.092949 0.106549
vn -0.751992 -0.444090 0.487127
v -0.322381 0.051361 0.130353
vn -0.465648 -0.790045 0.398749
v -0.301381 0.031232 0.121517
vn -0.836936 0.050034 0.545009
v -0.313375 0.077984 0.149249
vn -0.808796 0.558266 0.184898
v -0.318352 0.098876 0.119651
vn 0.588944 0.658621 -0.468362
v -0.279317 0.071362 0.027905
vn -0.920882 -0.202869 0.332898
v -0.336886 0.058238 0.072116
vn -0.938200 0.298314 0.175469
v -0.333928 0.080612 0.088101
vn -0.831698 0.524145 0.183168
v -0.329927 0.089508 0.077043
vn 0.328623 -0.936563 0.121891
v -0.280844 0.012557 0.031513
vn 0.795915 -0.562524 -0.223797
v -0.254928 0.035050 0.066912
vn -0.955979 -0.111836 0.271289
v -0.328895 0.058355 0.116189
vn 0.517156 0.779854 -0.352671
v -0.272617 0.092029 0.063925
vn 0.927281 -0.118471 -0.355126
v -0.250042 0.048308 0.071544
vn 0.790329 0.427214 -0.439167
v -0.246471 0.070626 0.074301
vn -0.920124 -0.354955 0.165467
v -0.329977 0.046233 0.091308
vn -0.041371 0.980498 -0.192124
v -0.305713 0.109941 0.085093
vn -0.668654 0.738833 0.083836
v -0.322723 0.098658 0.073424
vn -0.784395 -0.562069 0.262304
v -0.326205 0.043732 0.110807
vn -0.536256 -0.811270 0.232961
v -0.311640 0.027908 0.098339
vn -0.717125 -0.675472 0.171667
v -0.325780 0.035285 0.080653
vn 0.325699 -0.945183 0.023427
v -0.274266 0.018574 0.064581
vn -0.620198 -0.323750 0.714521
v -0.311033 0.060713 0.150784
vn -0.925537 0.198718 0.322324
v -0.327037 0.074811 0.121585
vn -0.226655 -0.913218 0.338615
v -0.277374 0.020956 0.124614
vn -0.409884 -0.890007 0.199709
v -0.300812 0.020870 0.093828
vn -0.096695 -0.973283 0.208256
v -0.296963 0.015920 0.057362
vn -0.092045 -0.991394 0.093089
v -0.280791 0.016718 0.104599
vn -0.263249 0.954289 -0.141536
v -0.318480 0.102199 0.055746
vn 0.240776 -0.967770 -0.073810
v -0.269369 0.016168 0.095686
vn -0.673100 -0.555015 0.488768
v -0.332702 0.039022 0.063216
vn -0.903399 0.088869 0.419491
v -0.343037 0.067609 0.059812
vn 0.613334 0.650716 -0.447650
v -0.275748 0.085918 0.049120
vn -0.841433 0.426999 0.331154
v -0.342268 0.077931 0.056229
vn 0.517333 0.669345 -0.533239
v -0.297865 0.086030 0.021497
vn 0.932892 0.097431 -0.346727
v -0.258542 0.056352 0.041180
vn 0.288199 0.890232 -0.352744
v -0.294103 0.098554 0.048691
vn 0.949069 -0.132441 -0.285880
v -0.260618 0.039421 0.033084
vn 0.510655 0.661066 -0.549748
v -0.289705 0.070711 0.015624
vn 0.649481 -0.760367 0.004154
v -0.267116 0.021075 0.046857
vn 0.898534 -0.112548 -0.424228
v -0.272049 0.035690 0.003230
vn 0.879900 0.212627 -0.424930
v -0.267847 0.051024 0.015610
vn -0.479709 0.874828 -0.067493
v -0.336386 0.091259 0.032468
vn -0.093068 0.956456 -0.276641
v -0.317463 0.097219 0.034401
vn 0.499679 0.762637 -0.410737
v -0.274547 0.065094 0.020811
vn 0.750320 0.501068 -0.431220
v -0.268737 0.059323 0.020696
vn -0.762947 0.606335 0.224207
v -0.353113 0.077704 0.027941
vn 0.416626 0.794103 -0.442520
v -0.291636 0.060554 -0.009363
vn 0.849252 -0.376161 -0.370505
v -0.277831 0.019854 0.000985
vn -0.612512 -0.641573 0.461750
v -0.378744 -0.020804 -0.054655
vn -0.585381 0.794206 -0.162992
v -0.381985 0.041989 -0.052524
vn -0.404542 0.824145 -0.396397
v -0.373365 0.039610 -0.091541
vn -0.211297 -0.729474 0.650554
v -0.365288 -0.021420 -0.046137
vn -0.859599 -0.465636 0.210410
v -0.341699 -0.021176 -0.045302
vn 0.105939 -0.286368 -0.952245
v -0.320337 0.002874 -0.047866
vn -0.521931 -0.675558 0.520777
v -0.363155 -0.035557 -0.059229
vn -0.937285 -0.135186 0.321282
v -0.396960 0.010545 -0.053327
vn -0.544778 0.805999 -0.231479
v -0.375906 0.056844 -0.015427
vn 0.417699 0.755441 -0.504814
v -0.336167 0.044827 -0.061725
vn -0.686766 0.680293 -0.256035
v -0.393490 0.028712 -0.083125
vn -0.043310 0.865221 -0.499517
v -0.364849 0.039005 -0.098334
vn 0.342624 0.927585 -0.148980
v -0.342143 0.041546 -0.076501
vn 0.198920 0.845891 -0.494874
v -0.352560 0.041229 -0.092242
vn -0.818261 0.555332 0.148506
v -0.331623 0.000592 -0.040572
vn 0.224687 0.845326 -0.484706
v -0.316690 0.054955 -0.032928
vn -0.810588 -0.269507 0.519916
v -0.367123 0.042901 0.015582
vn -0.881691 0.157606 0.444727
v -0.369210 0.055882 0.017329
vn -0.783384 0.597239 0.172089
v -0.366766 0.066909 0.012473
vn -0.182286 0.834598 -0.519825
v -0.347175 0.074996 -0.007210
vn 0.663606 0.360924 -0.655257
v -0.297646 0.046750 -0.030701
vn 0.412135 0.691890 -0.592818
v -0.308897 0.049446 -0.038240
vn 0.495331 0.512592 -0.701353
v -0.313695 0.044110 -0.046068
vn 0.502881 -0.851056 -0.151042
v -0.317799 -0.006758 -0.038574
vn 0.816778 -0.141349 -0.559369
v -0.287026 0.029029 -0.019253
vn -0.742119 -0.500528 0.445792
v -0.356057 0.015483 0.012541
vn 0.709093 -0.015063 -0.704954
v -0.305128 0.031647 -0.041704
vn 0.809366 0.148242 -0.568288
v -0.282110 0.043984 -0.013061
vn 0.738074 -0.360434 -0.570381
v -0.302658 0.005831 -0.031952
vn 0.818939 -0.390803 -0.420253
v -0.286638 0.016044 -0.013751
vn 0.692386 -0.675015 -0.254865
v -0.291844 0.006473 -0.013025
vn 0.673361 0.522822 -0.522726
v -0.284083 0.054997 -0.008851
vn 0.207904 0.857201 -0.471150
v -0.332130 0.049331 -0.051072
vn 0.106105 0.837907 -0.535401
v -0.335680 0.065550 -0.019858
vn -0.289879 -0.798771 0.527195
v -0.343719 0.013171 0.028307
vn -0.429121 -0.720268 0.545041
v -0.370390 -0.006628 -0.032164
vn 0.043728 -0.891383 0.451137
v -0.338448 -0.009187 -0.026850
vn -0.899514 0.421946 0.113298
v -0.387262 0.044483 -0.017231
vn 0.038323 -0.970049 0.239866
v -0.327106 -0.003317 -0.011803
vn -0.352833 -0.837857 0.416539
v -0.349249 0.005047 0.007747
vn -0.849473 -0.192664 0.491199
v -0.386405 0.029247 -0.012850
vn -0.005742 0.924516 -0.381101
v -0.347537 0.058990 -0.033326
vn -0.221122 0.887938 -0.403324
v -0.361001 0.060624 -0.025313
vn -0.890083 0.140906 0.433472
v -0.364294 0.059351 0.027885
vn -0.811341 -0.305612 0.498325
v -0.356854 0.033146 0.034768
vn -0.595617 0.801349 -0.055494
v -0.352044 0.080365 0.013097
vn -0.314034 0.892667 -0.323308
v -0.344042 0.082658 0.004050
vn -0.961757 -0.120872 0.245790
v -0.401582 0.006196 -0.066670
vn -0.671561 -0.507110 0.540227
v -0.371367 0.016109 -0.002227
vn -0.593540 -0.640917 0.486760
v -0.349401 0.016359 0.028918
vn 0.050494 0.953809 -0.296140
v -0.352581 0.048978 -0.061962
vn -0.273175 0.921180 -0.277134
v -0.364602 0.051540 -0.046851
vn -0.876288 0.478257 0.058223
v -0.390834 0.033545 -0.050527
vn -0.776432 -0.507188 0.374051
v -0.390525 -0.007585 -0.056689
vn 0.348837 -0.935069 0.062918
v -0.295797 0.003022 -0.000652
vn -0.780704 -0.252763 0.571500
v -0.341105 0.048484 0.061415
vn 0.056702 0.869586 -0.490515
v -0.325418 0.088489 0.011068
vn 0.865686 -0.449922 -0.219449
v -0.268075 0.023904 0.024688
vn 0.686216 -0.714102 -0.138441
v -0.281191 0.011582 0.009054
vn 0.344875 0.736021 -0.582523
v -0.314594 0.084122 0.008074
vn 0.346759 0.800022 -0.489615
v -0.300439 0.066794 0.000626
vn -0.438893 -0.817675 0.372532
v -0.323064 0.024281 0.052328
vn -0.179186 -0.904849 0.386188
v -0.321465 0.005767 0.022592
vn 0.062523 -0.969528 0.236869
v -0.312274 0.002582 0.016671
vn -0.838817 0.504192 0.205368
v -0.325247 0.014083 -0.046408
vn -0.780019 0.390953 0.488596
v -0.344490 -0.020960 -0.038627
vn 0.564213 0.102896 -0.819192
v -0.325759 0.027253 -0.058752
vn -0.789690 -0.480670 0.381243
v -0.359414 -0.037845 -0.055027
vn 0.021210 0.684029 -0.729147
v -0.356352 0.031840 -0.102144
vn -0.217499 0.550919 -0.805719
v -0.373665 0.028218 -0.101838
vn -0.871457 -0.145186 -0.468492
v -0.398643 0.002272 -0.098735
vn -0.926637 -0.374962 -0.027351
v -0.401494 0.000061 -0.084705
vn -0.949189 0.282236 -0.139226
v -0.402746 0.018076 -0.078144
vn -0.606204 0.425740 -0.671760
v -0.392633 0.011124 -0.103599
vn -0.634885 -0.769876 0.064903
v -0.378750 -0.029744 -0.071611
vn -0.805463 -0.583662 0.102800
v -0.394463 -0.010933 -0.077255
vn -0.279594 -0.825226 0.490744
v -0.181161 -0.080588 -0.027483
vn -0.168963 -0.985132 -0.031080
v -0.158867 -0.093869 -0.044860
vn -0.338762 -0.853124 -0.396761
v -0.348379 -0.043077 -0.086996
vn 0.260086 0.964868 0.037214
v -0.165773 -0.046531 -0.033971
vn -0.178067 0.197312 0.964033
v -0.170344 -0.060862 -0.008137
vn 0.075009 0.920224 0.384137
v -0.158783 -0.050487 -0.020073
vn -0.131724 0.263100 0.955734
v -0.209340 -0.050326 -0.019296
vn 0.184614 0.876885 0.443835
v -0.196371 -0.041096 -0.028339
vn 0.365383 0.918260 0.152623
v -0.211671 -0.029905 -0.050653
vn 0.481816 0.860079 -0.167680
v -0.208527 -0.032713 -0.062516
vn 0.519780 0.733376 -0.438165
v -0.202702 -0.038250 -0.067468
vn 0.465675 0.382908 -0.797827
v -0.210358 -0.041289 -0.077727
vn 0.007257 0.210202 0.977631
v -0.245031 -0.036540 -0.025243
vn 0.122249 0.614939 0.779042
v -0.233278 -0.034816 -0.027314
vn 0.320852 0.829998 0.456243
v -0.232612 -0.026854 -0.037044
vn 0.465309 0.874601 0.136238
v -0.233804 -0.016863 -0.060090
vn 0.311333 -0.060807 -0.948354
v -0.220689 -0.047312 -0.084297
vn -0.123189 -0.953912 -0.273634
v -0.239796 -0.072168 -0.068357
vn -0.169030 -0.945352 -0.278815
v -0.198215 -0.082254 -0.056665
vn -0.004669 -0.679488 -0.733672
v -0.156574 -0.088366 -0.056494
vn -0.272632 -0.785382 0.555740
v -0.251840 -0.065721 -0.044728
vn -0.245739 -0.635595 0.731869
v -0.258907 -0.051814 -0.032607
vn -0.312886 -0.653228 0.689489
v -0.211518 -0.063465 -0.023650
vn -0.313863 -0.636886 0.704177
v -0.182700 -0.072120 -0.017395
vn -0.255373 -0.272024 0.927786
v -0.221479 -0.053176 -0.021593
vn -0.276152 -0.323542 0.905020
v -0.175142 -0.066392 -0.009829
vn -0.042271 -0.813708 -0.579735
v -0.201714 -0.077623 -0.068016
vn 0.005725 -0.788240 -0.615341
v -0.239118 -0.067199 -0.079652
vn 0.161997 -0.434103 -0.886178
v -0.228636 -0.059131 -0.083218
vn 0.283599 -0.055766 -0.957320
v -0.190081 -0.060188 -0.073560
vn -0.011848 0.283981 -0.958757
v -0.357793 0.002440 -0.120020
vn 0.217410 0.476562 -0.851834
v -0.334008 0.010885 -0.112981
vn -0.009275 -0.163979 -0.986420
v -0.341772 -0.015269 -0.121831
vn 0.406187 0.829027 -0.384351
v -0.308913 0.023597 -0.087803
vn 0.240581 0.244127 -0.939427
v -0.322085 -0.005620 -0.117352
vn 0.270653 0.677695 -0.683722
v -0.343387 0.032226 -0.100481
vn 0.232984 0.920449 -0.313833
v -0.341641 0.040839 -0.088443
vn 0.452383 0.877757 -0.157772
v -0.328139 0.036280 -0.080536
vn 0.459300 0.875954 0.147470
v -0.304031 0.022046 -0.076073
vn -0.325517 0.341787 -0.881601
v -0.376485 0.007515 -0.115487
vn -0.610844 -0.464425 0.641232
v -0.350139 -0.037001 -0.044418
vn -0.245801 -0.735044 0.631896
v -0.331627 -0.044920 -0.040628
vn -0.399413 -0.178669 0.899192
v -0.340883 -0.029963 -0.033955
vn -0.467802 -0.186271 -0.863981
v -0.376739 -0.009047 -0.117766
vn 0.151406 -0.176846 -0.972523
v -0.321625 -0.018450 -0.118959
vn -0.347057 -0.657569 -0.668696
v -0.365578 -0.018474 -0.117076
vn -0.466246 -0.827030 -0.314064
v -0.372353 -0.031065 -0.086894
vn -0.160598 -0.750444 -0.641125
v -0.319063 -0.039933 -0.107815
vn -0.186974 -0.650606 -0.736039
v -0.341357 -0.026155 -0.115443
vn 0.050021 -0.407812 -0.911695
v -0.326199 -0.029618 -0.115891
vn 0.347289 0.798029 0.492484
v -0.295039 0.009432 -0.055719
vn 0.113641 0.630805 0.767575
v -0.304080 -0.004251 -0.033627
vn 0.409722 0.713326 -0.568590
v -0.287378 0.009777 -0.094451
vn 0.309626 -0.064704 -0.948654
v -0.304123 -0.018133 -0.113245
vn 0.541963 0.699811 -0.465340
v -0.250942 -0.008889 -0.085702
vn 0.359449 0.082355 -0.929524
v -0.257390 -0.027763 -0.096703
vn 0.301611 0.811397 0.500666
v -0.274459 -0.005228 -0.043131
vn 0.534473 0.839793 -0.095321
v -0.242569 -0.011583 -0.075992
vn 0.424949 0.867388 0.258953
v -0.265994 0.000104 -0.063716
vn 0.480323 0.869625 -0.114199
v -0.279685 0.010677 -0.081919
vn 0.427539 0.407800 -0.806790
v -0.261868 -0.009764 -0.095252
vn -0.003459 0.375763 0.926709
v -0.293655 -0.018782 -0.026654
vn -0.135225 -0.823305 -0.551256
v -0.297509 -0.053730 -0.093385
vn -0.145135 -0.736730 0.660428
v -0.282470 -0.049120 -0.035944
vn -0.134008 -0.346132 0.928566
v -0.251954 -0.044104 -0.025736
vn 0.067179 -0.620154 -0.781599
v -0.297800 -0.044914 -0.103316
vn 0.271340 -0.209625 -0.939378
v -0.285013 -0.033900 -0.104429
vn 0.224595 -0.329095 -0.917199
v -0.308283 -0.032374 -0.112833
vn 0.190373 0.618984 0.761982
v -0.272703 -0.014520 -0.031561
vn 0.058294 0.328537 0.942690
v -0.280897 -0.021298 -0.025850
vn -0.088876 -0.011586 0.995975
v -0.302612 -0.027179 -0.025660
vn -0.236448 0.302785 0.923262
v -0.324530 -0.015144 -0.030347
vn -0.001242 0.611418 0.791307
v -0.322492 0.008300 -0.041350
vn 0.180492 0.722244 0.667672
v -0.323905 0.021552 -0.053832
vn 0.371646 0.892241 0.256485
v -0.330696 0.034956 -0.068516
vn -0.415936 -0.899564 0.133347
v -0.144423 -0.093632 -0.036723
vn -0.344636 -0.291834 0.892222
v -0.144214 -0.071978 -0.003914
vn 0.027844 -0.210701 -0.977154
v -0.154952 -0.072387 -0.064001
vn -0.472693 -0.881190 -0.008132
v -0.357648 -0.040571 -0.072014
vn -0.359823 -0.932926 -0.013322
v -0.332095 -0.053294 -0.072761
vn -0.309866 -0.890900 0.332085
v -0.331296 -0.050050 -0.049874
vn -0.187139 -0.930723 -0.314219
v -0.285030 -0.065167 -0.075971
vn -0.264115 -0.963846 -0.035269
v -0.308609 -0.060371 -0.070262
vn -0.193368 -0.828221 0.525983
v -0.280652 -0.055888 -0.046162
vn -0.152844 -0.485473 0.860788
v -0.301976 -0.037704 -0.027891
vn -0.162119 -0.985371 -0.052555
v -0.269267 -0.069088 -0.066960
vn -0.237787 -0.935039 0.262981
v -0.283194 -0.066269 -0.061591
vn -0.089496 -0.940470 -0.327881
v -0.265487 -0.067858 -0.075649
vn -0.025556 -0.762662 -0.646292
v -0.276059 -0.060625 -0.089095
vn 0.131914 -0.474257 -0.870447
v -0.274397 -0.049765 -0.097008
vn -0.220765 -0.973340 0.062220
v -0.219455 -0.077822 -0.053372
vn -0.223080 -0.928323 0.297407
v -0.241564 -0.072036 -0.051620
vn -0.281277 -0.861275 0.423190
v -0.210385 -0.075309 -0.038125
vn 0.366073 0.849091 -0.380834
v -0.165492 -0.050819 -0.052511
vn 0.327598 0.544857 -0.771888
v -0.296515 0.004612 -0.102274
vn 0.355374 0.156554 -0.921521
v -0.294663 -0.013599 -0.109343
vn -0.209194 -0.838456 -0.503220
v -0.315032 -0.048049 -0.097621
vn -0.243693 -0.838248 -0.487805
v -0.324547 -0.047548 -0.089560
vn -0.247635 -0.927154 0.281180
v -0.318741 -0.055408 -0.060066
vn -0.230832 -0.871474 -0.432722
v -0.322810 -0.053139 -0.083973
vn -0.004380 0.676079 0.736817
v -0.195150 -0.048575 -0.019005
vn -0.109768 0.543842 -0.831977
v -0.366709 0.020066 -0.110123
vn -0.699490 -0.644771 -0.308195
v -0.389956 -0.012267 -0.096382
vn -0.523864 -0.665631 0.531508
v -0.100570 -0.108749 0.008898
vn -0.355704 -0.931593 -0.074896
v -0.099186 -0.124341 -0.033238
vn -0.535953 -0.779674 0.323826
v -0.114094 -0.111216 -0.014477
vn -0.550418 -0.646155 0.528701
v -0.139589 -0.088578 -0.014884
vn 0.054312 0.995941 0.071781
v -0.138372 -0.051058 -0.019916
vn -0.326181 -0.842135 -0.429434
v -0.091932 -0.125096 -0.054334
vn 0.815196 0.559103 -0.151190
v -0.069302 -0.116564 -0.009534
vn -0.374541 -0.142544 0.916188
v -0.112015 -0.080126 0.016046
vn 0.152740 0.180007 -0.971735
v -0.124360 -0.080766 -0.065927
vn 0.128806 -0.078812 -0.988533
v -0.088394 -0.117035 -0.061092
vn 0.754178 0.495104 -0.431378
v -0.059644 -0.116325 0.005283
vn 0.703124 0.571192 -0.423504
v -0.097866 -0.095593 -0.058265
vn 0.725579 0.466708 -0.505687
v -0.112871 -0.071909 -0.041383
vn 0.328196 0.502534 -0.799841
v -0.158746 -0.063666 -0.063002
vn 0.469554 0.757544 -0.453482
v -0.077960 -0.062812 0.002295
vn 0.335121 0.901253 -0.274657
v -0.109420 -0.051684 -0.015723
vn 0.404826 0.773519 -0.487631
v -0.126684 -0.059613 -0.043707
vn 0.853060 0.401955 -0.332748
v -0.088435 -0.092421 -0.014472
vn -0.217929 0.598191 0.771151
v -0.139187 -0.058676 -0.004203
vn -0.215068 -0.702605 -0.678301
v -0.141795 -0.089366 -0.057284
vn -0.306938 -0.731027 0.609417
v -0.152552 -0.080066 -0.013542
vn 0.317533 0.142642 -0.937457
v -0.076798 -0.074288 -0.004913
vn -0.058757 0.850264 0.523067
v -0.106535 -0.054258 0.009478
vn 0.608255 -0.316800 -0.727780
v -0.083577 -0.080429 -0.004522
vn 0.115552 -0.983147 -0.141665
v -0.057079 -0.089937 0.023055
vn 0.271210 0.934194 0.231792
v -0.072989 -0.064797 0.017684
vn 0.781860 0.085213 -0.617603
v -0.050914 -0.078499 0.018880
vn 0.650087 -0.343427 0.677824
v -0.084116 -0.088114 0.010610
vn -0.322448 0.022358 0.946323
v -0.073454 -0.074447 0.026639
vn 0.694347 -0.628434 0.350645
v -0.039249 -0.089941 0.045006
vn 0.415772 0.851724 0.318905
v -0.044963 -0.073363 0.034157
vn -0.032353 -0.171533 0.984647
v -0.076259 -0.117269 0.018243
vn -0.102730 0.000554 0.994709
v -0.062225 -0.117747 0.021170
vn -0.214837 -0.927333 -0.306430
v -0.036995 -0.148099 0.014573
vn 0.810138 0.548252 0.207597
v -0.012570 -0.146900 0.017530
vn 0.857233 -0.392651 -0.333133
v -0.072333 -0.124209 -0.021935
vn -0.262123 -0.880443 0.395111
v -0.080861 -0.121520 0.000311
vn -0.271511 -0.960867 -0.054912
v -0.065198 -0.138347 -0.008488
vn 0.243050 0.252626 -0.936540
v -0.029874 -0.136253 -0.015245
vn 0.034691 -0.997927 -0.054208
v -0.025584 -0.148023 -0.006617
vn 0.150990 0.278337 0.948541
v -0.047896 -0.135441 0.002800
vn 0.777428 0.607226 0.163958
v -0.004981 -0.136569 -0.012978
vn 0.446834 0.583705 -0.677958
v -0.048457 -0.136962 -0.036403
vn -0.027650 -0.247505 -0.968492
v -0.065533 -0.138363 -0.043034
vn 0.438377 0.349952 0.827864
v -0.046451 -0.144114 -0.026161
vn -0.192937 -0.970828 -0.142369
v -0.054138 -0.153872 -0.035325
vn 0.948989 0.122185 0.290673
v -0.011676 -0.141806 -0.042499
vn 0.371479 -0.921766 0.111137
v -0.053721 -0.126258 -0.053583
vn 0.748765 0.656143 -0.093952
v -0.080615 -0.113089 -0.043413
vn 0.588154 0.786300 -0.189231
v -0.039678 -0.114807 -0.060137
vn 0.415346 0.860383 0.295346
v -0.012516 0.241544 0.107678
vn 0.210497 0.906576 0.365802
v -0.036695 0.252239 0.104586
vn 0.341455 0.931884 0.122482
v -0.033200 0.255518 0.088435
vn 0.361906 0.928669 -0.081232
v -0.036153 0.257133 0.066473
vn 0.288324 0.957523 -0.004338
v -0.049839 0.261284 0.061216
vn 0.131078 0.973737 0.186157
v -0.056570 0.260775 0.087266
vn -0.053859 0.953338 0.297063
v -0.086328 0.263915 0.074608
vn 0.028754 0.929883 0.366729
v -0.071627 0.256642 0.101904
vn 0.303180 0.952933 -0.001049
v 0.054164 0.198107 0.116352
vn -0.091983 -0.810528 -0.578432
v 0.047017 0.097702 0.098039
vn 0.428230 -0.143410 -0.892218
v 0.023039 0.127592 0.081736
vn 0.330579 -0.302689 -0.893922
v 0.020857 0.139047 0.076645
vn 0.321180 0.212203 -0.922937
v 0.041856 0.181169 0.070615
vn -0.160669 -0.176410 -0.971115
v 0.040394 0.156421 0.072387
vn -0.302804 -0.358396 -0.883098
v 0.042541 0.124808 0.079345
vn 0.202879 0.828990 -0.521168
v 0.050882 0.190816 0.080492
vn 0.886113 -0.128160 -0.445397
v -0.026737 0.176494 0.004266
vn 0.886146 0.043048 -0.461403
v -0.017311 0.164822 0.021167
vn 0.661792 -0.355286 -0.660154
v 0.020875 0.184562 0.053724
vn 0.784505 0.315023 -0.534147
v -0.001430 0.216014 0.018130
vn 0.770583 -0.016796 -0.637119
v 0.023978 0.196341 0.052682
vn 0.704224 0.640234 -0.306869
v -0.010761 0.235017 0.025514
vn 0.698123 0.646424 -0.307832
v 0.001414 0.225536 0.035148
vn 0.521151 0.835915 -0.172187
v -0.016374 0.244093 0.044530
vn 0.721117 0.642817 -0.258411
v 0.011203 0.221754 0.051369
vn 0.633862 0.769651 -0.076526
v 0.037962 0.205278 0.095215
vn 0.692795 0.646683 -0.319119
v 0.039243 0.200065 0.081209
vn 0.442092 0.858566 -0.259650
v 0.051826 0.196413 0.093073
vn 0.547597 0.830503 0.101986
v 0.034886 0.207604 0.113989
vn 0.324205 0.087439 0.941937
v 0.018219 0.155171 0.172024
vn 0.392195 0.354330 0.848901
v -0.013135 0.188257 0.179678
vn 0.205017 0.860785 0.465850
v 0.046447 0.193456 0.146597
vn 0.406695 0.866874 0.288321
v 0.037762 0.203066 0.126818
vn 0.481436 0.803909 0.349214
v 0.010533 0.223516 0.122109
vn 0.403983 0.786326 0.467428
v -0.001135 0.219207 0.143432
vn 0.504947 0.702208 0.501928
v 0.020540 0.209198 0.136959
vn 0.393858 0.731741 0.556265
v 0.029438 0.199593 0.139687
vn 0.451937 0.658912 0.601321
v -0.002175 0.207616 0.158077
vn 0.274199 0.666012 0.693717
v 0.050321 0.184539 0.155278
vn 0.254632 0.617784 0.743979
v 0.022290 0.187714 0.158264
vn 0.469501 0.512766 0.718777
v -0.002176 0.194833 0.170684
vn 0.352108 0.307916 0.883860
v 0.018871 0.170804 0.168114
vn 0.247188 0.390610 0.886748
v 0.051028 0.171779 0.163614
vn 0.057655 -0.600096 0.797848
v 0.008889 0.117670 0.165205
vn 0.225299 -0.008014 0.974257
v 0.046991 0.152787 0.168650
vn 0.728611 0.459622 -0.507813
v 0.036640 0.194091 0.070196
vn 0.133645 -0.986508 0.094560
v 0.001702 0.095485 0.097545
vn 0.321175 -0.931215 -0.172295
v 0.020283 0.098816 0.084610
vn 0.157817 -0.842370 -0.515273
v 0.033361 0.095592 0.099875
vn 0.817054 -0.463033 -0.343546
v 0.014854 0.102331 0.058990
vn 0.683138 -0.526891 -0.505675
v 0.025274 0.102125 0.085630
vn 0.908970 0.104279 -0.403608
v 0.007079 0.112703 0.039412
vn 0.810246 0.116005 -0.574494
v 0.012451 0.137767 0.068727
vn 0.707626 -0.186942 -0.681409
v 0.004271 0.152587 0.059134
vn 0.884613 0.281353 -0.371888
v -0.004277 0.131559 0.023448
vn -0.069788 -0.976163 0.205512
v -0.001867 0.098319 0.120424
vn 0.363992 -0.919438 0.148808
v -0.060691 0.068300 0.073959
vn 0.805570 -0.125713 -0.579010
v -0.017275 0.208558 -0.002555
vn 0.808509 0.326013 -0.489927
v -0.014897 0.224048 0.002528
vn 0.656073 0.732664 -0.181030
v -0.040742 0.251507 -0.006093
vn 0.654511 0.707410 -0.266809
v -0.023295 0.240906 0.012575
vn 0.543912 0.824470 -0.156231
v -0.023854 0.246271 0.035613
vn 0.490227 0.870161 -0.049965
v -0.050750 0.260003 0.020525
vn 0.190631 0.974876 0.115225
v -0.059632 0.263082 0.066514
vn 0.359212 0.614626 0.702283
v -0.019866 0.204286 0.173277
vn 0.165718 0.851811 0.496947
v -0.046151 0.236308 0.142543
vn 0.143136 0.911904 0.384634
v -0.056194 0.246688 0.123897
vn 0.003818 0.867747 0.496991
v -0.067044 0.243154 0.132642
vn -0.207492 0.874968 0.437468
v -0.087505 0.247512 0.121473
vn 0.309184 0.948389 0.070452
v -0.074883 0.271288 0.034083
vn 0.250024 -0.935486 0.249708
v -0.013238 0.092930 0.105649
vn 0.329276 -0.940040 0.088892
v -0.006620 0.091708 0.089232
vn 0.302652 -0.867846 0.394011
v -0.035832 0.093191 0.125366
vn 0.252290 0.298676 0.920403
v -0.040246 0.180911 0.193012
vn 0.045740 0.773575 0.632052
v -0.054285 0.221513 0.165980
vn 0.182273 0.762131 0.621235
v -0.037627 0.218316 0.166460
vn -0.097682 0.691418 0.715821
v -0.058656 0.212320 0.176114
vn 0.035752 0.541673 0.839829
v -0.054717 0.193635 0.190510
vn 0.219573 0.565867 0.794722
v -0.036340 0.199493 0.183682
vn -0.201880 0.784864 0.585860
v -0.075620 0.231150 0.149605
vn -0.233252 0.773428 0.589409
v -0.095153 0.225019 0.148421
vn -0.140251 0.719824 0.679841
v -0.078624 0.205721 0.176105
vn 0.340143 -0.937696 0.070910
v -0.082508 0.062848 0.092574
vn 0.383998 0.922841 -0.030179
v -0.049629 0.261262 0.048053
vn -0.175721 0.938663 0.296705
v -0.112967 0.272614 0.044739
vn 0.051531 0.977856 0.202834
v -0.095415 0.275189 0.040977
vn 0.672911 0.734980 -0.083638
v 0.022902 0.220170 0.085473
vn 0.600627 0.792870 -0.102972
v -0.001264 0.237800 0.072126
vn 0.477804 0.877674 -0.037300
v -0.020699 0.250659 0.070680
vn 0.594572 0.790526 0.146812
v 0.017860 0.222891 0.110538
vn 0.706145 -0.324708 -0.629225
v 0.005764 0.164112 0.055973
vn 0.531118 0.844645 0.067000
v -0.003787 0.239841 0.089752
vn 0.809414 0.416024 -0.414454
v 0.014977 0.213416 0.044372
vn 0.813471 0.183568 -0.551877
v 0.008172 0.209346 0.029029
vn 0.737846 -0.206239 -0.642689
v -0.001275 0.199388 0.020013
vn 0.330672 0.764031 0.553996
v -0.020949 0.217927 0.158252
vn 0.280475 0.861549 0.423164
v -0.031991 0.237129 0.132943
vn 0.268084 0.872613 0.408261
v -0.033261 0.243611 0.118569
vn 0.230813 -0.294213 0.927450
v 0.039469 0.126489 0.165720
vn 0.160515 -0.636926 0.754029
v 0.043823 0.106197 0.153975
vn -0.006539 -0.871482 0.490383
v -0.009075 0.109767 0.155045
vn 0.475604 -0.860084 0.184541
v -0.061381 0.072716 0.111934
vn 0.841949 0.053422 -0.536905
v 0.021179 0.114167 0.072436
vn 0.057148 -0.544207 -0.837002
v 0.038681 0.116577 0.087006
vn 0.714066 -0.381966 -0.586695
v -0.005306 0.178348 0.031604
vn 0.819094 -0.267227 -0.507617
v -0.026223 0.201731 -0.011049
vn -0.097826 -0.968792 0.227753
v 0.023600 0.093548 0.136249
vn 0.473088 -0.866163 -0.161087
v 0.000853 0.095642 0.050892
vn 0.896541 0.132105 -0.422804
v 0.000036 0.143962 0.051959
vn 0.460964 -0.886474 -0.040941
v -0.030541 0.079602 0.050145
vn 0.325013 -0.945677 -0.007904
v -0.064445 0.062208 0.029245
vn 0.427886 -0.890205 0.156361
v -0.054784 0.077186 0.100575
vn 0.472399 -0.308935 -0.825468
v 0.026087 0.174554 0.062339
vn 0.260893 0.965223 -0.016720
v 0.101741 0.186254 0.095191
vn -0.042439 -0.981361 -0.187428
v 0.054194 0.089828 0.112359
vn -0.535308 -0.512322 -0.671545
v 0.079066 0.108175 0.063680
vn 0.402985 -0.534395 0.742984
v 0.125687 0.105657 0.103617
vn 0.561164 -0.194446 0.804541
v 0.138027 0.118166 0.102036
vn 0.640830 0.577843 0.505405
v 0.128042 0.167559 0.098477
vn 0.525111 0.754206 0.394249
v 0.105371 0.179403 0.116671
vn 0.334068 0.940349 0.064366
v 0.112066 0.182856 0.087313
vn -0.335415 -0.890205 -0.308274
v 0.081446 0.094908 0.089023
vn 0.146722 0.974561 -0.169423
v 0.095142 0.186376 0.080747
vn 0.466986 0.812836 0.348169
v 0.127786 0.175826 0.085914
vn 0.587908 -0.210005 0.781193
v 0.107561 0.127963 0.132628
vn -0.520037 -0.233563 -0.821590
v 0.094229 0.146972 0.041451
vn 0.606195 0.553317 0.571286
v 0.103288 0.169555 0.132963
vn 0.370433 -0.570214 0.733237
v 0.076154 0.103088 0.140728
vn 0.600291 0.194362 0.775806
v 0.101495 0.158900 0.141998
vn 0.412911 -0.325158 0.850751
v 0.072726 0.125884 0.153319
vn 0.517974 -0.526981 0.673791
v 0.105627 0.110033 0.125687
vn 0.374325 -0.744287 0.553098
v 0.116369 0.099678 0.104286
vn -0.011499 0.895987 -0.443931
v 0.090349 0.182527 0.066076
vn -0.485450 0.076140 -0.870943
v 0.090035 0.158135 0.042301
vn -0.499288 -0.234503 -0.834098
v 0.066362 0.132289 0.066039
vn -0.004451 -0.989004 0.147819
v 0.096542 0.091632 0.099570
vn 0.226066 -0.884990 0.407046
v 0.074958 0.091336 0.127460
vn 0.444001 0.872008 0.206073
v 0.105686 0.183617 0.107031
vn 0.736960 0.187153 0.649511
v 0.116813 0.154427 0.127987
vn -0.520431 -0.104949 -0.847430
v 0.060446 0.155717 0.061316
vn -0.365802 0.260407 -0.893519
v 0.055547 0.176549 0.066698
vn 0.449316 0.575997 0.682893
v 0.139726 0.162128 0.094115
vn 0.287197 0.947565 0.140135
v 0.130940 0.178285 0.072974
vn -0.556484 -0.158608 -0.815579
v 0.084295 0.116043 0.057936
vn 0.571683 0.225271 0.788943
v 0.140397 0.143640 0.101372
vn -0.143171 0.696974 -0.702659
v 0.062889 0.182646 0.068479
vn 0.433147 -0.005123 0.901309
v 0.078232 0.155092 0.156569
vn 0.186832 0.962203 -0.198138
v 0.065129 0.193638 0.094155
vn 0.349492 0.834666 0.425663
v 0.066454 0.192093 0.136632
vn 0.309092 0.931952 0.189547
v 0.067853 0.194473 0.125504
vn 0.441278 0.452378 0.775002
v 0.071301 0.172253 0.155029
vn 0.417191 0.669142 0.614980
v 0.070736 0.184804 0.144206
vn -0.487494 -0.122218 -0.864530
v 0.108143 0.121594 0.042287
vn -0.280416 -0.959472 0.027942
v 0.113179 0.085042 0.077356
vn -0.452559 -0.850455 -0.268172
v 0.107284 0.089663 0.062878
vn -0.547822 -0.539592 -0.639321
v 0.101366 0.101434 0.049496
vn -0.031248 0.899475 -0.435853
v 0.124065 0.174880 0.046804
vn -0.148582 0.727659 -0.669654
v 0.117700 0.168798 0.039221
vn 0.252422 0.889375 -0.381176
v 0.224574 0.137988 0.006182
vn 0.018778 0.765682 -0.642945
v 0.225335 0.131906 -0.003813
vn -0.282101 0.411151 -0.866818
v 0.202469 0.130628 0.000021
vn -0.769000 -0.393583 -0.503718
v 0.219576 0.082002 -0.015939
vn -0.846765 -0.531788 -0.013807
v 0.221850 0.065612 0.011009
vn 0.523057 0.650362 0.550855
v 0.241748 0.122698 0.037742
vn -0.111466 0.464854 -0.878343
v 0.236102 0.110490 -0.025069
vn -0.578885 0.085371 -0.810928
v 0.217736 0.101005 -0.017456
vn -0.399192 -0.066799 -0.914431
v 0.155585 0.123231 0.018478
vn -0.409549 -0.064335 -0.910017
v 0.161802 0.106310 0.015124
vn 0.364364 0.920724 0.139663
v 0.163304 0.172217 0.056233
vn 0.182159 0.956458 -0.228049
v 0.163086 0.171740 0.040038
vn 0.020519 0.710171 -0.703730
v 0.166343 0.162842 0.025259
vn -0.360700 0.105524 -0.926693
v 0.170378 0.132127 0.011921
vn -0.175764 -0.928110 -0.328206
v 0.176051 0.074292 0.033307
vn -0.406948 -0.091870 -0.908820
v 0.149169 0.100389 0.020073
vn -0.335039 -0.547702 -0.766663
v 0.175701 0.087081 0.013954
vn -0.527350 -0.289101 -0.798951
v 0.194736 0.098396 0.000055
vn -0.152327 -0.988070 -0.022680
v 0.150833 0.075296 0.057773
vn -0.222878 -0.973744 -0.046357
v 0.205884 0.075437 0.025417
vn -0.442919 -0.746781 -0.496125
v 0.202836 0.085073 0.006038
vn -0.549701 -0.698038 0.458881
v 0.226637 0.070397 0.036951
vn 0.052192 -0.996599 0.063775
v 0.187269 0.072671 0.046559
vn 0.038370 -0.935560 0.351076
v 0.164183 0.075162 0.064462
vn 0.488017 0.383184 0.784225
v 0.231700 0.117569 0.049862
vn 0.397352 -0.258685 0.880451
v 0.167178 0.104847 0.087054
vn 0.252955 -0.128342 0.958927
v 0.221811 0.093911 0.057343
vn -0.446021 0.103223 -0.889050
v 0.193425 0.117943 -0.000632
vn 0.491427 0.781494 0.384405
v 0.165529 0.167653 0.065756
vn 0.480618 0.850240 0.214703
v 0.186668 0.161716 0.042870
vn -0.187296 0.364581 -0.912141
v 0.175404 0.146373 0.013364
vn 0.557290 0.195754 0.806913
v 0.209672 0.124993 0.063876
vn 0.410005 -0.301363 0.860858
v 0.199707 0.099519 0.065972
vn 0.048519 0.708043 -0.704500
v 0.202495 0.148530 0.011999
vn 0.337684 0.901455 -0.270829
v 0.202039 0.155962 0.022587
vn 0.563514 0.158896 0.810682
v 0.180284 0.134656 0.084840
vn -0.059162 0.740742 -0.669179
v 0.154487 0.164822 0.026767
vn -0.306243 0.040676 -0.951084
v 0.149455 0.137359 0.018917
vn 0.488672 0.852734 0.184512
v 0.234088 0.137290 0.022106
vn 0.603067 0.585297 0.541975
v 0.189296 0.139574 0.072169
vn 0.571220 0.550777 0.608566
v 0.172219 0.153565 0.081350
vn 0.585380 0.556374 0.589727
v 0.211435 0.135462 0.056531
vn 0.096685 -0.793345 0.601045
v 0.214613 0.078912 0.049720
vn 0.249491 -0.650608 0.717261
v 0.164215 0.082375 0.074208
vn -0.417189 -0.085231 -0.904814
v 0.103629 0.150397 0.035030
vn -0.304693 0.384641 -0.871328
v 0.107217 0.161347 0.035668
vn -0.377055 -0.881413 -0.284501
v 0.123840 0.083115 0.054148
vn -0.250157 -0.966897 0.050324
v 0.128032 0.080083 0.068527
vn -0.038544 -0.922183 0.384827
v 0.119316 0.085083 0.084482
vn -0.182919 0.396151 -0.899781
v 0.150849 0.151837 0.019637
vn -0.518521 -0.147394 -0.842265
v 0.119176 0.106298 0.034975
vn -0.450967 -0.473777 -0.756416
v 0.140125 0.092078 0.027611
vn -0.386172 -0.758782 -0.524521
v 0.135767 0.086119 0.036964
vn 0.430052 0.183006 0.884061
v 0.168514 0.144144 0.089108
vn 0.194447 -0.742147 0.641411
v 0.124012 0.089567 0.090796
vn -0.260339 0.111861 -0.959016
v 0.233426 0.091565 -0.030779
vn 0.516271 0.797248 0.312825
v 0.208552 0.152494 0.036673
vn 0.382217 0.289676 0.877495
v 0.258602 0.096436 0.048776
vn 0.305770 0.937740 -0.164768
v 0.247705 0.134427 0.004106
vn 0.302622 0.703977 -0.642524
v 0.254722 0.126830 -0.008474
vn 0.592751 0.541823 0.595881
v 0.264134 0.104237 0.039867
vn 0.294358 0.101874 -0.950250
v 0.319469 -0.096921 -0.008411
vn 0.505676 0.033569 0.862070
v 0.321487 -0.095447 0.028085
vn 0.779409 0.338367 -0.527285
v 0.331540 -0.111088 -0.003541
vn -0.926355 -0.229699 0.298506
v 0.275118 -0.087854 0.024568
vn -0.150444 -0.115862 -0.981806
v 0.301237 -0.074063 -0.010240
vn -0.914266 -0.369891 0.165225
v 0.261797 -0.043040 0.023128
vn -0.892309 -0.241745 -0.381240
v 0.272893 -0.068706 0.008832
vn -0.094373 -0.234895 -0.967429
v 0.295173 -0.049390 -0.014177
vn -0.839394 -0.370259 -0.397903
v 0.263305 -0.039572 0.007454
vn 0.225595 -0.128637 -0.965691
v 0.288510 -0.014315 -0.022430
vn 0.384890 -0.032640 -0.922385
v 0.305666 -0.047031 -0.012827
vn 0.781904 0.138255 0.607874
v 0.321263 -0.073791 0.024261
vn 0.974675 0.220369 0.038024
v 0.333344 -0.104973 0.013489
vn 0.043455 -0.097294 0.994307
v 0.291106 -0.033860 0.038686
vn 0.148523 -0.057473 0.987237
v 0.301033 -0.089876 0.033629
vn -0.179838 -0.209773 0.961069
v 0.267819 -0.019176 0.038312
vn -0.187552 -0.116984 0.975264
v 0.285103 -0.076292 0.034077
vn -0.590895 -0.239862 0.770266
v 0.268801 -0.044782 0.032414
vn -0.490112 -0.162609 0.856358
v 0.284279 -0.106564 0.030757
vn 0.948866 0.177731 0.260891
v 0.322010 -0.050386 0.016256
vn 0.968188 0.152937 0.198048
v 0.315806 -0.018958 0.017777
vn 0.948504 0.180422 -0.260361
v 0.318124 -0.039383 0.004615
vn 0.783701 0.158728 -0.600515
v 0.320760 -0.073515 -0.003988
vn 0.797941 0.125089 -0.589613
v 0.313555 -0.044484 -0.007114
vn -0.886882 -0.365759 -0.282241
v 0.228110 0.052163 -0.002790
vn -0.955770 -0.293906 0.011143
v 0.230570 0.031902 0.020004
vn 0.605002 0.438310 -0.664723
v 0.270360 0.111415 -0.012751
vn 0.211695 0.189529 -0.958783
v 0.245506 0.090901 -0.029638
vn -0.241943 -0.085946 -0.966477
v 0.253362 0.053420 -0.029148
vn -0.042502 -0.023173 -0.998828
v 0.253554 0.061952 -0.029946
vn 0.629876 0.213224 -0.746854
v 0.283819 0.070479 -0.017240
vn -0.460797 -0.194211 -0.865996
v 0.230851 0.080602 -0.028830
vn -0.471378 -0.245348 -0.847117
v 0.243781 0.051551 -0.025086
vn -0.736296 -0.375116 -0.563166
v 0.231982 0.058786 -0.017523
vn 0.826847 0.356056 0.435371
v 0.285128 0.069583 0.035305
vn -0.765347 -0.222713 0.603857
v 0.239263 0.039400 0.047034
vn 0.658674 0.744137 -0.111392
v 0.268861 0.122457 0.001802
vn 0.875503 0.481546 0.040104
v 0.283042 0.101665 0.004466
vn 0.859487 0.303065 -0.411624
v 0.291885 0.072183 -0.007726
vn 0.936661 0.320782 0.140588
v 0.298713 0.058701 0.012847
vn 0.936984 0.287410 -0.198634
v 0.296123 0.068255 0.002764
vn 0.913611 0.388180 0.120956
v 0.291191 0.080627 0.005429
vn -0.312178 -0.158698 -0.936675
v 0.257822 0.038940 -0.028904
vn 0.086714 0.024913 -0.995922
v 0.267249 0.042522 -0.029924
vn 0.399465 0.180392 -0.898825
v 0.271960 0.075669 -0.022835
vn -0.914586 -0.366489 -0.170932
v 0.241009 0.002271 0.016019
vn -0.826417 -0.348832 -0.441986
v 0.247046 -0.002223 0.004614
vn -0.786713 -0.361353 -0.500506
v 0.250491 0.009148 -0.008170
vn -0.618631 -0.332243 -0.711976
v 0.254750 0.022435 -0.021169
vn 0.808432 0.170027 -0.563496
v 0.293157 0.049317 -0.012758
vn -0.874964 -0.330465 -0.353881
v 0.239129 0.022769 0.003130
vn -0.559188 -0.338203 0.756920
v 0.251263 -0.000112 0.039632
vn 0.948854 0.196899 0.246793
v 0.309119 0.016751 0.022390
vn 0.960387 0.178674 -0.213853
v 0.312115 -0.000366 0.007498
vn 0.971637 0.223857 -0.076220
v 0.306396 0.030559 0.010256
vn 0.880957 0.158527 -0.445853
v 0.304472 0.012750 -0.004912
vn 0.935700 0.223396 -0.273056
v 0.300107 0.052009 0.000264
vn -0.881803 -0.353708 0.311952
v 0.242039 0.001683 0.026916
vn 0.847782 0.044370 0.528485
v 0.333761 -0.118563 0.019812
vn -0.982377 -0.158624 -0.098859
v 0.280736 -0.120812 0.014571
vn -0.660547 -0.090570 0.745302
v 0.289711 -0.143395 0.026227
vn -0.678517 0.353909 -0.643711
v 0.288777 -0.135399 0.000286
vn 0.957259 0.267474 0.110062
v 0.338302 -0.124726 0.005603
vn -0.123088 -0.093518 0.987980
v 0.298411 -0.137672 0.029645
vn 0.416888 0.131447 0.899403
v 0.274241 0.054108 0.050625
vn 0.063205 0.142913 0.987715
v 0.252887 0.078610 0.055245
vn 0.776799 0.412657 0.475708
v 0.275595 0.090932 0.033706
vn 0.656850 0.259561 0.707938
v 0.280327 0.062430 0.045777
vn -0.234786 -0.164996 0.957941
v 0.242761 0.079447 0.052700
vn 0.790866 0.237137 0.564178
v 0.297337 0.033841 0.035328
vn 0.776229 0.166891 0.607960
v 0.301898 0.017194 0.035376
vn 0.733138 0.071516 0.676309
v 0.310753 -0.029838 0.029842
vn 0.045594 -0.140825 0.988984
v 0.277856 -0.002689 0.041743
vn 0.374071 -0.027563 0.926990
v 0.293940 0.006730 0.043051
vn 0.747765 0.049244 0.662135
v 0.306303 -0.005780 0.034272
vn 0.663873 0.075828 -0.743991
v 0.297484 0.002954 -0.017330
vn -0.352889 -0.306067 -0.884190
v 0.278320 -0.013936 -0.021793
vn -0.694784 -0.359216 -0.623089
v 0.263736 -0.015151 -0.010329
vn 0.302717 -0.069773 0.950523
v 0.296021 -0.029111 0.038622
vn 0.429326 0.006469 0.903126
v 0.310574 -0.060809 0.032034
vn -0.671948 -0.095734 -0.734385
v 0.290161 -0.111324 -0.000831
vn -0.569833 -0.281294 -0.772117
v 0.280584 -0.052300 -0.007386
vn -0.406865 -0.256103 -0.876853
v 0.262626 0.021877 -0.027190
vn -0.012631 -0.122039 -0.992445
v 0.273925 0.019475 -0.029063
vn 0.424127 0.059881 -0.903621
v 0.281865 0.024312 -0.027220
vn 0.615774 0.144554 -0.774549
v 0.288152 0.038898 -0.020279
vn 0.899731 0.284394 0.331066
v 0.300489 0.046625 0.022296
vn 0.451442 0.007552 0.892268
v 0.288397 0.033034 0.045234
vn -0.101569 -0.182636 0.977920
v 0.256516 0.042428 0.055380
vn 0.237268 -0.037639 0.970715
v 0.263241 0.047444 0.055425
vn 0.619352 0.698595 0.358285
v 0.260275 0.124521 0.017055
vn 0.876560 0.061605 0.477333
v 0.336349 -0.127003 0.012397
vn -0.292510 0.143224 -0.945476
v 0.310811 -0.130174 -0.009804
vn 0.229058 -0.000752 0.973413
v 0.321289 -0.171460 0.026606
vn -0.984026 0.177723 0.010323
v 0.281972 -0.135636 0.013622
vn 0.768303 0.321206 -0.553658
v 0.358976 -0.185956 -0.009782
vn 0.005960 0.148876 -0.988838
v 0.329097 -0.131819 -0.014550
vn -0.360328 0.642674 -0.676117
v 0.325975 -0.200351 0.000030
vn -0.228317 -0.054327 -0.972070
v 0.329964 -0.151934 -0.016043
vn -0.144660 -0.042962 0.988548
v 0.299884 -0.171329 0.027592
vn 0.679456 -0.017541 0.733506
v 0.340661 -0.183904 0.015819
vn 0.895888 0.247425 0.369007
v 0.349239 -0.154666 0.003805
vn 0.576170 -0.017194 0.817149
v 0.326944 -0.128472 0.024362
vn 0.714416 -0.653952 0.248910
v 0.308742 -0.209110 -0.003248
vn 0.361634 -0.434621 0.824818
v 0.331830 -0.204842 0.025503
vn 0.029098 0.217878 -0.975542
v 0.294639 -0.203652 0.002851
vn 0.658575 0.264757 -0.704402
v 0.344766 -0.141423 -0.013078
vn -0.239248 -0.305941 -0.921499
v 0.318333 -0.175951 -0.003534
vn 0.142589 -0.157884 0.977108
v 0.312032 -0.198964 0.027269
vn -0.744835 -0.076879 0.662805
v 0.276155 -0.171280 0.020289
vn 0.450213 -0.110269 -0.886086
v 0.293146 -0.166145 -0.014599
vn -0.911355 0.341985 -0.229081
v 0.268974 -0.164254 -0.004504
vn -0.388512 0.337562 -0.857386
v 0.276608 -0.161869 -0.011407
vn 0.841868 -0.531778 -0.092035
v 0.289290 -0.199861 -0.006782
vn -0.849451 -0.140270 -0.508682
v 0.268329 -0.197165 -0.015490
vn -0.459236 -0.874425 0.156471
v 0.275974 -0.205531 -0.008837
vn 0.231985 -0.930070 -0.284873
v 0.304361 -0.214126 -0.031801
vn 0.417727 0.342837 -0.841408
v 0.293052 -0.190303 -0.022900
vn 0.000000 0.000000 0.000000
v 0.315378 -0.185939 -0.040026
vn -0.594107 -0.799493 0.088588
v 0.292286 -0.216713 0.021249
vn 0.161642 -0.890980 0.424295
v 0.314587 -0.215428 0.019023
vn 0.617182 0.584162 -0.527107
v 0.307319 -0.210482 -0.013519
vn -0.142755 -0.748439 -0.647657
v 0.293443 -0.220284 -0.018504
vn -0.061571 -0.765153 0.640898
v 0.303384 -0.222020 0.026320
vn -0.991150 -0.132125 0.012804
v 0.289622 -0.212506 -0.002188
vn 0.666667 0.333333 0.666667
v 0.301926 -0.208132 0.015054
vn -0.346027 0.708798 -0.614711
v 0.300196 -0.185352 -0.004197
vn 0.254320 -0.961945 0.099917
v 0.334570 -0.208187 0.013071
vn 0.747385 0.294500 -0.595554
v 0.321826 -0.209455 -0.020834
vn -0.659846 -0.584290 -0.472449
v 0.307699 -0.215942 -0.017582
vn -0.952936 0.123436 0.276907
v 0.303076 -0.189312 -0.004969
vn 0.224551 0.951337 -0.211033
v 0.316052 -0.176833 -0.010043
vn 0.447214 0.000000 0.894427
v 0.318999 -0.199892 0.009005
vn 0.828050 -0.532062 0.176757
v 0.348258 -0.208619 0.008940
vn 0.902479 0.188114 -0.387486
v 0.341100 -0.205560 -0.021490
vn -0.423410 0.836569 0.347673
v 0.316025 -0.182577 -0.020715
vn -0.194704 -0.757077 -0.623638
v 0.332632 -0.217414 -0.025098
vn 0.334798 0.815283 0.472466
v 0.331178 -0.197085 -0.008509
vn 0.605009 0.710095 -0.360179
v 0.333447 -0.182202 -0.017140
vn 0.615480 -0.748129 -0.247966
v 0.346246 -0.200115 -0.004045
vn 0.866925 -0.423580 0.262717
v 0.361676 -0.193579 -0.000093
vn -0.770702 -0.630117 0.094717
v 0.332327 -0.200222 -0.024218
vn -0.390340 0.580262 -0.714794
v 0.323902 -0.175463 -0.023699
vn 0.598410 -0.235895 -0.765676
v 0.346415 -0.198851 -0.027891
vn -0.491300 0.073248 -0.867905
v 0.340241 -0.188854 -0.011369
vn -0.965208 0.261018 -0.015576
v -0.363488 0.161692 -0.363718
vn -0.940190 0.322893 0.108547
v -0.322734 0.251320 -0.249335
vn -0.944169 0.224998 0.240666
v -0.347421 0.194013 -0.314122
vn -0.564963 0.498645 -0.657396
v -0.321601 0.225038 -0.396815
vn 0.291568 -0.688666 0.663873
v -0.279580 0.097893 -0.303451
vn 0.250571 -0.707625 0.660667
v -0.290252 0.077250 -0.320498
vn -0.703626 -0.513690 0.490951
v -0.316822 0.169143 -0.254492
vn 0.739581 0.437893 -0.511146
v -0.233832 0.197559 -0.398526
vn 0.801427 0.416853 -0.428892
v -0.219711 0.176009 -0.396356
vn 0.937365 -0.012043 -0.348140
v -0.199921 0.148381 -0.376866
vn 0.950400 -0.289181 -0.114520
v -0.200854 0.129502 -0.364936
vn 0.955325 -0.265265 -0.130341
v -0.196148 0.143562 -0.357381
vn 0.902741 0.087511 -0.421189
v -0.196522 0.162245 -0.366217
vn 0.815376 -0.567457 0.114692
v -0.211450 0.110969 -0.354806
vn 0.765925 0.371151 -0.524982
v -0.223874 0.167240 -0.410377
vn 0.568677 0.481553 -0.666868
v -0.251277 0.212611 -0.406598
vn -0.441127 -0.562391 0.699374
v -0.333124 0.079460 -0.322658
vn 0.365124 -0.754193 0.545781
v -0.286656 0.063333 -0.338682
vn 0.508090 -0.752529 0.418980
v -0.244783 0.082421 -0.350835
vn 0.643156 -0.712193 0.281303
v -0.229740 0.089461 -0.357981
vn 0.929813 -0.082607 -0.358641
v -0.204290 0.135910 -0.386631
vn -0.384201 0.577419 -0.720400
v -0.313021 0.216581 -0.410043
vn -0.949263 0.116533 0.292095
v -0.357242 0.159659 -0.319685
vn -0.891640 -0.090528 0.443602
v -0.354109 0.139596 -0.313249
vn -0.971214 0.073798 0.226491
v -0.365691 0.137088 -0.347127
vn -0.321520 -0.557704 0.765239
v -0.318081 0.108296 -0.294221
vn -0.548750 -0.417573 0.724228
v -0.330083 0.122505 -0.292659
vn -0.717210 -0.284555 0.636111
v -0.337295 0.143789 -0.287387
vn -0.609292 -0.394078 0.688089
v -0.328585 0.152872 -0.274673
vn -0.956993 -0.038768 0.287511
v -0.331506 0.203654 -0.262589
vn 0.783604 0.381056 -0.490675
v -0.218460 0.185949 -0.382093
vn 0.882766 -0.453265 0.123594
v -0.203055 0.125080 -0.344335
vn 0.687961 -0.640643 0.341009
v -0.216745 0.112863 -0.334912
vn -0.639462 -0.414784 0.647335
v -0.346047 0.093662 -0.322425
vn -0.968165 0.248294 -0.031720
v -0.358808 0.179965 -0.366018
vn -0.012741 0.545963 -0.837712
v -0.288779 0.228874 -0.407441
vn 0.429278 0.549254 -0.716966
v -0.254662 0.194030 -0.424108
vn 0.638542 0.471769 -0.608028
v -0.238716 0.181774 -0.419373
vn -0.928457 -0.079314 0.362873
v -0.363661 0.121070 -0.338496
vn -0.976653 0.177815 0.120542
v -0.364549 0.152099 -0.353183
vn -0.946924 0.285891 0.146970
v -0.343166 0.223293 -0.331880
vn -0.839475 -0.274200 0.469144
v -0.327049 0.185048 -0.257217
vn -0.496038 -0.607774 0.620127
v -0.307633 0.155510 -0.257071
vn 0.802817 0.328151 -0.497797
v -0.204995 0.171474 -0.374913
vn -0.274795 0.491778 -0.826222
v -0.304274 0.241475 -0.398202
vn -0.312761 -0.948371 -0.052660
v -0.251667 0.139837 -0.227925
vn 0.691088 -0.050745 0.720987
v -0.193559 0.189217 -0.343699
vn 0.936071 0.234168 -0.262558
v -0.190792 0.264993 -0.336224
vn 0.954675 0.060547 -0.291428
v -0.192105 0.244160 -0.346493
vn 0.131333 -0.990707 0.035384
v -0.209046 0.145970 -0.308112
vn -0.246297 -0.953027 -0.176288
v -0.240405 0.137776 -0.246770
vn 0.797873 0.601091 -0.045709
v -0.202314 0.318154 -0.287967
vn -0.253497 -0.885758 0.388808
v -0.280419 0.149760 -0.247846
vn 0.960249 -0.091504 0.263722
v -0.193064 0.180853 -0.348387
vn 0.956489 0.044277 -0.288388
v -0.192739 0.171012 -0.358099
vn -0.979707 0.109813 0.167675
v -0.321376 0.233828 -0.206232
vn -0.662820 -0.707306 0.245738
v -0.299138 0.167348 -0.212346
vn -0.789654 -0.577883 0.206150
v -0.306456 0.181964 -0.196817
vn 0.982563 -0.173301 0.067359
v -0.192871 0.153978 -0.349099
vn 0.881870 -0.391901 0.262143
v -0.199301 0.135070 -0.340493
vn 0.992493 -0.025023 -0.119714
v -0.191456 0.212664 -0.348494
vn 0.916183 0.128691 -0.379536
v -0.194249 0.244477 -0.353785
vn 0.850744 -0.077345 -0.519858
v -0.197352 0.219949 -0.363206
vn 0.793033 0.100748 -0.600790
v -0.199830 0.246487 -0.367051
vn 0.671620 -0.110944 -0.732542
v -0.208741 0.223583 -0.377311
vn 0.761447 0.532990 -0.368946
v -0.200910 0.303747 -0.329818
vn 0.656809 0.120574 -0.744355
v -0.227981 0.203955 -0.386439
vn 0.423651 0.751333 -0.505983
v -0.215166 0.306166 -0.340490
vn 0.429011 0.614756 -0.661834
v -0.217469 0.290858 -0.359517
vn 0.438315 0.891506 0.114438
v -0.210163 0.324922 -0.265757
vn 0.333420 0.938622 -0.088426
v -0.219974 0.329011 -0.290768
vn 0.248375 0.910342 -0.331039
v -0.227263 0.324901 -0.315951
vn 0.233131 0.818629 -0.524877
v -0.231284 0.313179 -0.341764
vn 0.169557 0.704239 -0.689419
v -0.237555 0.296786 -0.363723
vn 0.062628 0.993261 -0.097522
v -0.237755 0.332036 -0.289895
vn 0.000039 0.959501 -0.281704
v -0.242321 0.327986 -0.312201
vn -0.009762 0.883592 -0.468156
v -0.247563 0.317684 -0.337594
vn 0.560705 -0.640590 0.524647
v -0.221005 0.120353 -0.313680
vn 0.798960 -0.506873 0.323639
v -0.209854 0.124122 -0.327845
vn 0.820122 -0.273456 0.502615
v -0.204484 0.136854 -0.322138
vn -0.459591 0.217461 0.861096
v -0.197793 0.153200 -0.331087
vn 0.938659 -0.162481 0.304170
v -0.197763 0.145052 -0.337009
vn -0.377658 -0.925297 0.034649
v -0.273411 0.149249 -0.229899
vn 0.015024 -0.791894 0.610474
v -0.280934 0.142659 -0.259060
vn -0.461330 -0.873033 0.158075
v -0.294198 0.157182 -0.237489
vn -0.596152 -0.799296 0.075685
v -0.283962 0.156850 -0.202409
vn -0.573124 -0.754395 0.320026
v -0.304185 0.160418 -0.245574
vn -0.146356 -0.978180 0.147458
v -0.258192 0.145286 -0.255319
vn 0.181337 -0.970354 0.159783
v -0.230362 0.144575 -0.279610
vn -0.420739 0.847848 0.322695
v -0.274511 0.285922 -0.182904
vn -0.590448 0.729343 0.345586
v -0.290614 0.295747 -0.221072
vn -0.276119 0.886149 0.372153
v -0.261707 0.312702 -0.226740
vn -0.923764 -0.346550 0.162983
v -0.314221 0.200547 -0.189784
vn -0.968074 -0.150647 0.200347
v -0.323535 0.203922 -0.224370
vn -0.981402 -0.153523 0.115247
v -0.315158 0.212131 -0.168961
vn 0.164897 0.374217 -0.912563
v -0.257468 0.253105 -0.394019
vn 0.277053 0.367567 -0.887770
v -0.267445 0.234493 -0.402522
vn -0.036691 0.796092 -0.604062
v -0.256811 0.302140 -0.360409
vn -0.025292 0.658036 -0.752561
v -0.263708 0.291195 -0.371441
vn -0.026332 0.461826 -0.886579
v -0.287994 0.241218 -0.401226
vn 0.182200 -0.807119 0.561570
v -0.270038 0.139153 -0.265284
vn 0.125746 -0.956133 0.264572
v -0.244240 0.144396 -0.266406
vn 0.419128 -0.723160 0.548973
v -0.241156 0.135441 -0.282395
vn 0.653706 -0.521058 0.548787
v -0.220247 0.135926 -0.299905
vn -0.315128 0.919698 -0.234202
v -0.274970 0.318651 -0.321960
vn -0.201505 0.960721 -0.190815
v -0.256233 0.327758 -0.305618
vn -0.175173 0.915144 -0.363079
v -0.262485 0.319235 -0.330351
vn -0.175369 0.863303 -0.473237
v -0.272896 0.307769 -0.349702
vn -0.206989 0.759519 -0.616674
v -0.282610 0.296722 -0.362571
vn 0.953017 0.249675 -0.171528
v -0.193317 0.272180 -0.333070
vn 0.927783 0.359825 -0.098719
v -0.198286 0.305344 -0.308308
vn -0.900315 -0.226059 -0.371927
v -0.202231 0.158059 -0.346355
vn -0.985618 0.096680 0.138601
v -0.195577 0.186111 -0.350087
vn 0.200948 0.650093 -0.732802
v -0.193444 0.207565 -0.344487
vn -0.834526 0.449834 -0.318145
v -0.355511 0.171810 -0.405769
vn 0.235223 0.524269 -0.818421
v -0.268620 0.221637 -0.409798
vn 0.845736 0.254965 -0.468746
v -0.207988 0.157558 -0.389362
vn -0.150307 -0.670159 0.726839
v -0.317562 0.076871 -0.319220
vn -0.782749 -0.269946 0.560743
v -0.352101 0.111885 -0.318753
vn 0.490513 -0.746815 0.449070
v -0.271454 0.065571 -0.352427
vn 0.429490 -0.735057 0.524624
v -0.256098 0.087803 -0.330446
vn 0.061300 -0.747039 0.661948
v -0.302409 0.065256 -0.330509
vn 0.048682 -0.675835 0.735443
v -0.298728 0.089188 -0.307878
vn -0.178143 0.566029 -0.804908
v -0.300199 0.226897 -0.407564
vn -0.004461 0.630539 -0.776145
v -0.292044 0.191299 -0.436381
vn 0.494788 -0.714190 0.495094
v -0.228848 0.110751 -0.319808
vn -0.075299 -0.642864 0.762270
v -0.298101 0.115716 -0.285393
vn -0.266153 -0.619135 0.738806
v -0.300801 0.138795 -0.265730
vn 0.102349 -0.686084 0.720287
v -0.284439 0.119013 -0.281357
vn 0.306178 -0.730057 0.610960
v -0.261445 0.126061 -0.284869
vn 0.760914 0.132037 -0.635277
v -0.206699 0.189614 -0.363348
vn -0.692769 0.515485 -0.504328
v -0.335011 0.215029 -0.391784
vn -0.847613 0.429855 -0.311089
v -0.344037 0.216855 -0.373241
vn -0.548274 0.515994 -0.658138
v -0.313510 0.256144 -0.385395
vn -0.869094 0.421052 -0.259596
v -0.338576 0.235300 -0.362503
vn 0.517201 0.237693 -0.822195
v -0.246434 0.220106 -0.397500
vn 0.998954 -0.045594 0.003461
v -0.191755 0.190017 -0.346609
vn 0.360182 0.119556 -0.925189
v -0.243088 0.232746 -0.395610
vn -0.851247 -0.115508 0.511895
v -0.337713 0.167978 -0.278388
vn -0.940161 0.111824 0.321858
v -0.340393 0.185010 -0.285942
vn -0.916907 0.397593 -0.034659
v -0.336049 0.248890 -0.341103
vn -0.235554 0.600200 -0.764378
v -0.295090 0.274835 -0.380179
vn 0.526672 0.077866 -0.846495
v -0.218364 0.234138 -0.384711
vn -0.907367 0.415345 0.064606
v -0.324021 0.272590 -0.313250
vn -0.016443 0.525622 -0.850559
v -0.273718 0.271767 -0.385595
vn -0.492869 0.702273 -0.513705
v -0.299031 0.293391 -0.358163
vn 0.370155 0.316239 -0.873486
v -0.228205 0.258424 -0.383905
vn 0.617394 0.289821 -0.731320
v -0.207762 0.260784 -0.370630
vn -0.393209 0.841765 -0.369891
v -0.290598 0.307894 -0.340755
vn 0.199676 0.530287 -0.823969
v -0.242975 0.280062 -0.378143
vn 0.447337 0.463506 -0.764887
v -0.221252 0.279018 -0.370575
vn 0.754342 0.388009 -0.529544
v -0.200018 0.281400 -0.351828
vn 0.884198 0.198363 -0.422903
v -0.197477 0.263545 -0.357186
vn -0.520538 0.853584 0.020866
v -0.285354 0.318083 -0.287857
vn -0.853657 -0.450945 0.260611
v -0.319252 0.184734 -0.230664
vn 0.035347 0.987503 0.153586
v -0.235097 0.330792 -0.263759
vn -0.805626 0.553002 0.212500
v -0.308953 0.276996 -0.226930
vn -0.925221 0.364044 0.106950
v -0.316628 0.262749 -0.223065
vn -0.648145 0.727236 0.225911
v -0.296410 0.303166 -0.254366
vn 0.173587 0.927116 0.332149
v -0.224595 0.325116 -0.248688
vn -0.402546 0.838290 0.367733
v -0.275691 0.303176 -0.218515
vn -0.982413 -0.091879 0.162553
v -0.321416 0.218907 -0.203829
vn -0.905986 0.366970 0.211003
v -0.318151 0.253942 -0.209016
vn -0.575155 0.767620 0.282765
v -0.285504 0.280682 -0.186157
vn -0.684556 0.675500 0.274013
v -0.294361 0.275960 -0.192323
vn -0.776898 0.576487 0.253166
v -0.304751 0.264451 -0.191055
vn -0.963686 0.174378 0.202243
v -0.336292 0.210599 -0.285105
vn -0.983468 0.110554 0.143415
v -0.327335 0.227110 -0.246986
vn -0.913329 0.359651 0.190999
v -0.313993 0.248287 -0.189104
vn -0.933512 0.324935 0.151569
v -0.324892 0.257607 -0.280402
vn -0.959811 0.265203 0.091811
v -0.354210 0.195200 -0.347080
vn -0.935575 0.331267 -0.122315
v -0.356640 0.185335 -0.378243
vn -0.935076 0.348356 -0.065431
v -0.349026 0.212286 -0.359095
vn -0.809474 0.574134 0.122971
v -0.306465 0.299217 -0.289930
vn -0.807211 0.514069 -0.290074
v -0.322321 0.267900 -0.362189
vn -0.856344 0.515975 -0.021084
v -0.317903 0.285220 -0.321543
vn -0.746173 0.450077 -0.490567
v -0.331708 0.231676 -0.380949
vn -0.704861 0.676616 -0.212982
v -0.311648 0.291278 -0.340377
vn -0.717620 0.696395 -0.007414
v -0.304321 0.304017 -0.307726
vn -0.504320 0.837219 0.211483
v -0.283543 0.315325 -0.262987
vn -0.531253 0.836059 -0.137026
v -0.294554 0.310918 -0.320263
vn -0.347696 0.935770 0.058677
v -0.266499 0.326084 -0.278108
vn -0.316618 0.940706 -0.121757
v -0.268544 0.325239 -0.299166
vn -0.121541 0.933182 0.338230
v -0.247677 0.325636 -0.250192
vn -0.286995 0.933288 0.215889
v -0.258621 0.326283 -0.262475
vn -0.177403 0.984108 -0.007669
v -0.251809 0.331132 -0.285158
vn -0.049963 0.906782 0.418629
v -0.236430 0.316001 -0.226478
vn -0.162212 0.884191 0.438056
v -0.254814 0.305453 -0.208893
vn 0.582947 0.766044 -0.270832
v -0.207628 0.318807 -0.311378
vn -0.211343 -0.735604 0.643600
v -0.328436 0.055686 -0.344110
vn 0.397845 -0.768373 0.501320
v -0.293922 0.035788 -0.374521
vn 0.135992 -0.797856 0.587309
v -0.303289 0.042034 -0.359859
vn 0.681078 -0.710646 0.176396
v -0.239548 0.074920 -0.378609
vn 0.525534 -0.757095 0.388100
v -0.259458 0.062193 -0.370683
vn 0.581391 -0.756464 0.299576
v -0.251556 0.066356 -0.372955
vn -0.484997 -0.607734 0.628838
v -0.341927 0.064274 -0.341837
vn -0.727651 -0.417930 0.543930
v -0.354065 0.077384 -0.342900
vn 0.914870 -0.380895 -0.133911
v -0.207185 0.117901 -0.375297
vn 0.918407 -0.219135 -0.329405
v -0.213356 0.121508 -0.403375
vn 0.880367 0.026579 -0.473547
v -0.218370 0.135947 -0.415096
vn 0.772665 -0.629843 0.079287
v -0.227236 0.085318 -0.385398
vn 0.776821 0.227739 -0.587098
v -0.229067 0.151011 -0.426881
vn -0.957708 0.280581 -0.063791
v -0.369614 0.137815 -0.384691
vn -0.889289 -0.212523 0.404968
v -0.363590 0.091812 -0.350468
vn -0.974926 -0.015718 0.221975
v -0.372241 0.108533 -0.367891
vn -0.950570 0.292577 -0.103992
v -0.362673 0.157075 -0.398344
vn -0.960678 0.270226 -0.063834
v -0.364915 0.145313 -0.391069
vn -0.563895 0.611896 -0.554622
v -0.329215 0.191664 -0.420835
vn -0.677849 0.556651 -0.480271
v -0.342838 0.183133 -0.415885
vn -0.121379 0.661155 -0.740365
v -0.305128 0.195815 -0.430473
vn 0.183616 0.603867 -0.775648
v -0.278624 0.185925 -0.439181
vn -0.322883 0.689545 -0.648286
v -0.317346 0.194138 -0.428601
vn 0.613835 0.399233 -0.681043
v -0.243828 0.166547 -0.435572
vn 0.404359 0.528929 -0.746142
v -0.260135 0.178515 -0.438981
vn 0.683157 -0.589795 -0.430626
v -0.326580 -0.028251 -0.591039
vn 0.892863 0.236605 -0.383162
v -0.317537 -0.009445 -0.582859
vn -0.966882 0.207792 0.148194
v -0.406619 -0.000157 -0.562477
vn 0.145324 0.985615 -0.086277
v -0.362286 0.025302 -0.577808
vn 0.372056 0.858675 0.352494
v -0.355198 0.040162 -0.614133
vn 0.821871 0.529816 -0.209340
v -0.322607 -0.000346 -0.587774
vn 0.702823 0.673439 0.229172
v -0.345750 0.037281 -0.623977
vn 0.875469 0.448509 0.179982
v -0.338067 0.025447 -0.621173
vn -0.273543 0.840448 0.467784
v -0.382434 0.032603 -0.593664
vn -0.917805 -0.281127 0.280358
v -0.402119 -0.014393 -0.554836
vn -0.965707 -0.175624 0.191225
v -0.405341 -0.008997 -0.570480
vn -0.201085 0.962975 0.179567
v -0.372565 0.025697 -0.576105
vn 0.688203 0.725236 0.020248
v -0.329990 0.008410 -0.589595
vn -0.528274 0.713304 0.460569
v -0.397329 0.026201 -0.593682
vn 0.027349 0.898821 0.437461
v -0.370948 0.036350 -0.598533
vn 0.907186 0.420025 0.024350
v -0.333072 0.012033 -0.611274
vn -0.833076 0.434550 0.342272
v -0.406637 0.011313 -0.584859
vn -0.093302 0.629198 -0.771625
v -0.339163 0.077738 -0.522404
vn -0.844134 0.443910 -0.300636
v -0.378071 0.075273 -0.493322
vn -0.680783 0.547926 -0.486118
v -0.373391 0.053570 -0.524763
vn 0.119253 0.553298 -0.824403
v -0.314226 0.090136 -0.511059
vn -0.985254 0.171089 -0.002034
v -0.376115 0.098659 -0.445154
vn -0.948065 0.297575 -0.112343
v -0.375935 0.096243 -0.457943
vn -0.787088 0.505570 -0.353399
v -0.370385 0.102703 -0.470396
vn -0.854658 0.444808 -0.267777
v -0.365419 0.121718 -0.453990
vn -0.507902 0.608642 -0.609582
v -0.343986 0.132555 -0.476806
vn -0.191734 0.587003 -0.786553
v -0.330830 0.121443 -0.492032
vn -0.030389 0.611368 -0.790763
v -0.320661 0.139713 -0.479441
vn 0.070503 0.555922 -0.828239
v -0.307241 0.124842 -0.490237
vn 0.496780 0.367374 -0.786286
v -0.281127 0.114357 -0.486290
vn 0.609107 0.271252 -0.745259
v -0.263989 0.109567 -0.474978
vn 0.756839 0.063370 -0.650522
v -0.253283 0.094755 -0.468373
vn -0.980982 0.032181 0.191414
v -0.375999 0.094971 -0.391271
vn -0.985192 0.151495 0.080283
v -0.371875 0.123857 -0.381265
vn -0.949003 0.298162 -0.102437
v -0.374360 0.113623 -0.407702
vn -0.962016 0.265824 -0.062152
v -0.371190 0.119508 -0.413555
vn -0.961036 0.271136 -0.053813
v -0.369667 0.130108 -0.419726
vn -0.074890 -0.783907 0.616345
v -0.316686 0.049565 -0.350240
vn 0.895449 -0.259219 -0.361907
v -0.227918 0.095734 -0.425637
vn 0.857399 -0.491961 -0.151131
v -0.231485 0.079804 -0.416782
vn -0.627215 0.612879 -0.480605
v -0.337256 0.163557 -0.447573
vn -0.033308 0.674333 -0.737676
v -0.314248 0.169824 -0.456108
vn 0.621621 0.282585 -0.730571
v -0.252275 0.139699 -0.454919
vn 0.452262 0.423738 -0.784796
v -0.268549 0.151118 -0.459740
vn 0.673664 -0.689478 0.266079
v -0.268293 0.045484 -0.394622
vn 0.557677 -0.721901 0.409702
v -0.279504 0.039242 -0.385384
vn -0.300352 -0.745748 0.594683
v -0.335419 0.041081 -0.364812
vn -0.518672 -0.637497 0.569716
v -0.349436 0.049421 -0.363664
vn 0.701065 -0.706159 0.099229
v -0.249157 0.060403 -0.404483
vn 0.853714 -0.014169 -0.520550
v -0.229938 0.111319 -0.436038
vn 0.767811 0.116484 -0.629998
v -0.238877 0.126337 -0.446719
vn 0.002333 0.642348 -0.766409
v -0.298674 0.166201 -0.458621
vn 0.208450 0.576570 -0.790010
v -0.285005 0.160671 -0.460581
vn -0.901719 -0.213963 0.375664
v -0.371807 0.076992 -0.377370
vn -0.753193 -0.444956 0.484473
v -0.361923 0.063042 -0.368175
vn -0.058093 -0.836030 0.545600
v -0.328087 -0.020256 -0.452603
vn -0.359201 -0.685298 0.633515
v -0.347112 -0.037523 -0.480637
vn 0.038926 -0.827931 0.559478
v -0.337097 -0.043785 -0.486259
vn 0.494805 -0.828937 0.260826
v -0.332134 -0.050859 -0.503446
vn 0.520112 -0.853944 0.016234
v -0.318672 -0.041328 -0.505915
vn 0.728863 -0.682069 -0.059498
v -0.321387 -0.040858 -0.533306
vn -0.308191 -0.776093 0.550180
v -0.339177 -0.017905 -0.453272
vn 0.240990 -0.886120 0.395872
v -0.322855 -0.037172 -0.482717
vn -0.988691 0.006781 0.149815
v -0.387636 0.039032 -0.493344
vn -0.954229 -0.037761 0.296683
v -0.393708 0.016062 -0.524420
vn -0.951191 -0.283578 0.121731
v -0.383249 0.018455 -0.477770
vn 0.380519 -0.885278 0.267372
v -0.309773 -0.035303 -0.483181
vn 0.792102 -0.565702 -0.229250
v -0.304678 -0.027134 -0.516435
vn 0.857260 -0.509886 -0.071565
v -0.291564 -0.015929 -0.490209
vn 0.895153 -0.405824 -0.184412
v -0.304816 -0.015334 -0.541782
vn 0.913101 -0.264973 -0.309895
v -0.290712 0.008533 -0.519970
vn 0.234050 -0.825563 0.513484
v -0.303193 0.003931 -0.416675
vn 0.915704 -0.350571 -0.196433
v -0.288571 -0.006587 -0.501379
vn 0.225036 -0.848147 0.479589
v -0.309718 -0.017190 -0.446573
vn -0.519949 -0.727827 0.447125
v -0.351672 -0.000291 -0.434357
vn -0.688820 -0.625103 0.367115
v -0.366806 0.006131 -0.446499
vn 0.498903 0.367086 -0.785076
v -0.291115 0.087113 -0.505307
vn -0.069693 0.567363 -0.820513
v -0.332593 0.097039 -0.508021
vn -0.338541 0.600214 -0.724660
v -0.346253 0.098132 -0.503139
vn -0.660124 0.586928 -0.468777
v -0.366875 0.093722 -0.488317
vn -0.646904 -0.449211 0.616218
v -0.360917 -0.034974 -0.489507
vn -0.847669 -0.260229 0.462318
v -0.369910 -0.023768 -0.493866
vn -0.792313 -0.492784 0.359728
v -0.365530 -0.009365 -0.474058
vn 0.525538 0.369963 -0.766118
v -0.308161 0.047492 -0.534549
vn 0.686686 -0.726934 0.005320
v -0.305011 -0.033880 -0.497299
vn -0.549423 0.743088 -0.382040
v -0.372683 0.033861 -0.549597
vn -0.401048 0.639069 -0.656317
v -0.361181 0.058985 -0.532419
vn -0.871757 0.479796 -0.099177
v -0.394107 0.021426 -0.533510
vn -0.913645 0.368350 -0.171961
v -0.387755 0.042456 -0.510792
vn -0.883860 -0.236139 0.403771
v -0.378358 -0.004467 -0.506721
vn -0.869539 -0.427656 0.247007
v -0.374642 0.001932 -0.487716
vn -0.877386 -0.219055 0.426860
v -0.385677 -0.017020 -0.526400
vn -0.861983 -0.168509 0.478111
v -0.377494 -0.036450 -0.508234
vn -0.918287 0.383544 0.098198
v -0.405683 0.000634 -0.556517
vn -0.124851 0.746746 -0.653286
v -0.355977 0.041777 -0.550232
vn 0.122893 0.648311 -0.751393
v -0.343584 0.038442 -0.553367
vn 0.709612 -0.656755 -0.255193
v -0.330304 -0.045797 -0.570524
vn 0.893424 -0.181911 -0.410734
v -0.310961 -0.022426 -0.572174
vn -0.575279 0.782276 0.238952
v -0.393865 0.012747 -0.569034
vn 0.364368 0.769672 -0.524252
v -0.343964 0.027161 -0.566944
vn -0.953518 0.278531 -0.114994
v -0.377190 0.090498 -0.439550
vn -0.990678 0.080051 0.110223
v -0.383391 0.073928 -0.423205
vn -0.965568 0.249600 -0.073341
v -0.381320 0.085388 -0.431519
vn -0.089227 -0.824732 0.558440
v -0.326625 0.018780 -0.390765
vn 0.136416 -0.826310 0.546445
v -0.313628 0.017164 -0.392932
vn 0.859803 -0.361654 -0.360479
v -0.246740 0.071150 -0.449333
vn -0.353198 -0.747276 0.562877
v -0.341286 0.024824 -0.387482
vn 0.598551 -0.700350 0.388904
v -0.286433 0.020606 -0.407605
vn 0.397272 -0.772747 0.495012
v -0.300082 0.014706 -0.401725
vn -0.608187 -0.609444 0.508612
v -0.356954 0.033786 -0.391275
vn -0.942325 -0.154871 0.296711
v -0.380703 0.060570 -0.411121
vn -0.807915 -0.410969 0.422349
v -0.371428 0.046209 -0.400301
vn -0.581656 -0.653814 0.483945
v -0.354355 -0.012790 -0.459354
vn -0.879862 -0.346712 0.325012
v -0.383697 0.006019 -0.506492
vn -0.977723 0.209882 0.002764
v -0.379280 0.079087 -0.474297
vn -0.997422 0.070464 0.013559
v -0.384436 0.041055 -0.475775
vn -0.988954 -0.136357 0.058113
v -0.385725 0.036299 -0.453924
vn -0.861673 -0.456538 0.221566
v -0.379980 0.018604 -0.454334
vn -0.974834 0.205307 -0.086882
v -0.379197 0.075537 -0.453330
vn -0.992048 0.113920 -0.053514
v -0.385791 0.054750 -0.447842
vn -0.966669 -0.163118 0.197343
v -0.384649 0.048593 -0.431792
vn -0.826543 -0.433177 0.359422
v -0.376778 0.034501 -0.423300
vn -0.638543 -0.623996 0.450435
v -0.363308 0.022479 -0.414544
vn -0.358691 -0.779568 0.513434
v -0.345533 0.014591 -0.405718
vn 0.658357 0.222010 -0.719220
v -0.274370 0.093048 -0.489292
vn 0.905989 -0.422452 0.026800
v -0.271076 0.029182 -0.439657
vn 0.804979 -0.557803 0.202151
v -0.276288 0.022040 -0.427704
vn 0.614848 -0.703166 0.357099
v -0.294992 -0.004678 -0.438960
vn 0.580263 -0.755078 0.305208
v -0.302227 -0.022182 -0.463511
vn 0.752624 -0.637249 0.165744
v -0.293298 -0.017442 -0.473775
vn 0.867065 -0.491207 0.083155
v -0.285239 -0.002936 -0.462978
vn 0.948366 -0.296310 -0.113150
v -0.279024 0.011446 -0.475415
vn 0.936954 -0.140947 -0.319767
v -0.278273 0.036815 -0.498225
vn 0.670468 0.220086 -0.708544
v -0.293510 0.056433 -0.519746
vn -0.369355 0.664128 -0.650008
v -0.326123 0.168374 -0.454532
vn 0.058220 0.633530 -0.771525
v -0.308526 0.166712 -0.457138
vn -0.687531 0.578544 -0.438848
v -0.348972 0.155566 -0.440908
vn -0.649415 0.557461 -0.517201
v -0.353337 0.126635 -0.474319
vn -0.572356 0.592872 -0.566491
v -0.355247 0.097164 -0.498558
vn 0.308061 0.477188 -0.823037
v -0.294009 0.122868 -0.488730
vn 0.295544 0.467974 -0.832859
v -0.303603 0.087887 -0.510103
vn 0.281808 0.520846 -0.805794
v -0.320518 0.056619 -0.535968
vn 0.428911 0.559258 -0.709412
v -0.323613 0.028384 -0.555267
vn 0.846984 -0.142854 -0.512066
v -0.246826 0.083646 -0.457568
vn 0.835878 -0.037174 -0.547654
v -0.270840 0.067817 -0.490255
vn 0.645605 0.580988 -0.495628
v -0.324168 0.009111 -0.574324
vn 0.825507 -0.529789 -0.194582
v -0.314058 -0.032996 -0.565404
vn 0.759579 0.310178 -0.571691
v -0.306740 0.008537 -0.552744
vn 0.792345 0.125788 -0.596965
v -0.291056 0.038487 -0.521804
vn 0.929471 -0.091318 -0.357413
v -0.298045 0.006835 -0.538652
vn 0.741124 -0.671055 0.020478
v -0.239420 0.068694 -0.410019
vn 0.867510 -0.455520 -0.199818
v -0.268847 0.042022 -0.456924
vn 0.933632 -0.275429 -0.229065
v -0.273224 0.038097 -0.477087
vn 0.789797 -0.607370 -0.085575
v -0.260882 0.047030 -0.435709
vn 0.817157 -0.518974 -0.250841
v -0.249848 0.061560 -0.443676
vn 0.847812 -0.327598 -0.417007
v -0.259468 0.064944 -0.471034
vn 0.685799 -0.709334 0.162866
v -0.258226 0.052866 -0.399421
vn 0.925794 -0.356385 -0.126078
v -0.270193 0.035068 -0.452085
vn 0.818568 -0.574012 0.021342
v -0.265129 0.041115 -0.430021
vn 0.820130 -0.558396 0.124821
v -0.269954 0.034564 -0.425367
vn -0.515835 0.856546 0.015598
v -0.415397 0.049024 -0.893535
vn 0.958381 0.277639 -0.066503
v -0.387286 0.051458 -0.922586
vn 0.983315 0.176642 -0.043476
v -0.385205 0.037239 -0.917774
vn 0.568194 -0.807040 0.160753
v -0.393580 -0.019436 -0.915554
vn -0.602036 -0.691253 0.399651
v -0.417246 -0.013199 -0.903214
vn -0.698532 -0.336271 0.631645
v -0.428067 -0.016096 -0.921521
vn -0.902829 -0.361133 0.233413
v -0.425128 -0.003115 -0.905400
vn -0.983996 -0.039934 0.173658
v -0.427975 0.024174 -0.892969
vn -0.835063 0.539578 0.107355
v -0.424228 0.041583 -0.892411
vn -0.012806 -0.944255 0.328965
v -0.404370 -0.016888 -0.897980
vn 0.555532 -0.817262 0.153189
v -0.394197 -0.007897 -0.875730
vn 0.792229 0.600916 -0.106179
v -0.387811 0.056213 -0.911233
vn -0.330399 0.942818 -0.043940
v -0.400415 0.058576 -0.872753
vn -0.928387 0.351281 0.121239
v -0.435869 0.038737 -0.920607
vn 0.185458 0.978241 -0.093002
v -0.384080 0.070025 -0.737167
vn -0.613637 0.781954 0.109532
v -0.417832 0.059567 -0.703975
vn -0.833966 0.544358 0.090417
v -0.428274 0.047258 -0.704286
vn -0.285028 0.955600 0.074753
v -0.400695 0.067389 -0.704664
vn 0.121567 0.989984 0.071791
v -0.383035 0.068812 -0.702565
vn -0.997803 0.057657 -0.032622
v -0.432539 0.034317 -0.705908
vn -0.901833 0.431587 -0.020759
v -0.429078 0.048039 -0.724097
vn -0.584020 0.775292 0.240505
v -0.416587 0.053321 -0.669186
vn -0.839118 0.500073 0.214029
v -0.426895 0.039493 -0.667142
vn -0.992959 -0.108590 -0.047330
v -0.430801 0.024690 -0.737832
vn 0.528170 0.848986 0.016115
v -0.355222 0.059659 -0.712011
vn 0.797529 0.600459 -0.058282
v -0.343298 0.048145 -0.718303
vn 0.938051 0.331321 -0.101424
v -0.335877 0.033417 -0.723325
vn 0.986156 -0.020776 -0.164516
v -0.333285 0.016974 -0.726255
vn 0.784862 -0.533889 -0.314570
v -0.344446 0.003818 -0.752807
vn 0.540675 -0.790499 -0.287719
v -0.351165 -0.002124 -0.754741
vn 0.546997 -0.813413 -0.197876
v -0.347946 -0.008682 -0.726885
vn 0.443406 -0.871198 -0.210725
v -0.363261 -0.015863 -0.725161
vn 0.513083 -0.818422 -0.258712
v -0.368058 -0.006882 -0.768322
vn 0.215098 0.969724 -0.115622
v -0.386741 0.063638 -0.779677
vn 0.640195 0.742756 -0.196124
v -0.363797 0.054820 -0.773115
vn -0.599551 0.800223 0.013480
v -0.416610 0.061150 -0.726067
vn 0.494190 0.848875 -0.187583
v -0.362146 0.057923 -0.751801
vn -0.988165 -0.153078 0.009810
v -0.431214 0.015565 -0.690224
vn -0.983272 -0.140815 0.115531
v -0.428256 0.008938 -0.657546
vn -0.237695 0.971262 -0.012269
v -0.400082 0.068699 -0.732604
vn 0.774347 0.595023 -0.215254
v -0.346558 0.046873 -0.745863
vn 0.843500 0.460969 -0.275711
v -0.358006 0.044518 -0.784623
vn 0.613282 0.782337 0.108785
v -0.351105 0.054171 -0.682960
vn 0.474424 -0.864210 -0.167519
v -0.358806 -0.019202 -0.692647
vn 0.912470 0.227388 -0.340138
v -0.348495 0.032256 -0.773034
vn 0.903529 -0.423205 0.067328
v -0.385444 0.002283 -0.875971
vn 0.656300 0.740745 -0.143412
v -0.373951 0.052548 -0.815141
vn 0.834978 0.513188 -0.198621
v -0.369523 0.046121 -0.819074
vn 0.943807 0.095586 -0.316372
v -0.359627 0.030686 -0.802884
vn 0.965311 0.003830 -0.261073
v -0.366187 0.030665 -0.823436
vn 0.977449 0.002229 -0.211162
v -0.371799 0.031089 -0.847261
vn 0.905330 -0.223660 -0.361047
v -0.360736 0.020408 -0.803933
vn -0.667899 -0.728808 -0.150829
v -0.415769 -0.015308 -0.744514
vn -0.211016 -0.947386 -0.240690
v -0.403815 -0.022553 -0.746353
vn -0.361386 -0.920847 -0.146424
v -0.406306 -0.013114 -0.788302
vn -0.715386 -0.694975 -0.072332
v -0.417761 -0.003130 -0.808270
vn -0.367419 -0.929191 -0.040095
v -0.409552 -0.007087 -0.834085
vn -0.807090 -0.587702 0.056685
v -0.418112 -0.000416 -0.860403
vn 0.122926 -0.961851 -0.244402
v -0.393142 -0.022016 -0.750395
vn 0.091724 -0.994524 -0.050083
v -0.400411 -0.007857 -0.831721
vn 0.372727 -0.895368 -0.243702
v -0.382558 -0.021225 -0.743772
vn 0.528788 -0.843910 -0.090547
v -0.391022 -0.004067 -0.833802
vn 0.722496 -0.657954 -0.212361
v -0.377958 0.005629 -0.827885
vn 0.794953 -0.599907 -0.090334
v -0.382109 0.005171 -0.850474
vn 0.614328 -0.750361 -0.244049
v -0.374456 0.000991 -0.804640
vn 0.187604 0.980865 -0.052039
v -0.391576 0.060124 -0.840382
vn -0.093123 0.992056 -0.084581
v -0.400924 0.064671 -0.776823
vn -0.177731 0.981880 -0.065751
v -0.401129 0.061014 -0.836518
vn -0.503815 0.861719 -0.060087
v -0.415002 0.061051 -0.764030
vn -0.519310 0.850879 -0.079508
v -0.411305 0.057732 -0.828685
vn -0.870835 0.489151 -0.048769
v -0.427234 0.050263 -0.755188
vn -0.815752 0.572806 -0.080258
v -0.420324 0.049821 -0.819606
vn -0.996961 -0.053399 -0.056714
v -0.429523 0.027715 -0.768660
vn -0.989809 0.137135 -0.038375
v -0.426212 0.033341 -0.817734
vn -0.992401 -0.116480 -0.039662
v -0.425985 0.021652 -0.814488
vn -0.996378 -0.072067 -0.045145
v -0.424585 0.018515 -0.863875
vn -0.926063 -0.372334 -0.061437
v -0.424156 0.002707 -0.778616
vn 0.827812 0.549722 -0.111952
v -0.380000 0.050439 -0.867457
vn 0.093094 -0.987017 0.130883
v -0.404362 -0.011094 -0.872204
vn -0.613325 0.787443 -0.061369
v -0.409959 0.054759 -0.864460
vn -0.819317 -0.568547 0.073993
v -0.408196 -0.035531 -0.637123
vn -0.802339 -0.596785 -0.009995
v -0.413043 -0.030943 -0.671752
vn -0.246403 -0.952121 -0.180973
v -0.375947 -0.069010 -0.575269
vn 0.660326 -0.614782 -0.431292
v -0.350489 -0.051957 -0.594244
vn 0.812082 -0.375310 -0.446839
v -0.324693 -0.021128 -0.597829
vn 0.669469 -0.634732 -0.385909
v -0.351846 -0.039429 -0.617260
vn 0.810473 0.583992 0.045680
v -0.341278 0.045420 -0.689915
vn 0.980672 0.192982 0.032254
v -0.333949 0.018284 -0.634868
vn 0.996965 -0.076739 -0.013100
v -0.333170 0.005131 -0.639221
vn 0.891807 -0.443743 -0.088161
v -0.337761 -0.008728 -0.644646
vn 0.818072 -0.477566 -0.320450
v -0.335561 -0.015718 -0.621026
vn -0.309172 -0.920204 -0.240078
v -0.381603 -0.056220 -0.609411
vn -0.146137 -0.968285 -0.202654
v -0.385376 -0.050906 -0.628392
vn -0.571444 -0.814544 -0.099844
v -0.393142 -0.049917 -0.611364
vn 0.004976 -0.981327 -0.192282
v -0.389128 -0.047407 -0.646979
vn -0.119432 -0.972610 -0.199413
v -0.397526 -0.038059 -0.696814
vn -0.544055 -0.836894 -0.060106
v -0.402854 -0.041283 -0.659161
vn 0.130123 -0.925856 -0.354764
v -0.371237 -0.055859 -0.610333
vn 0.300984 -0.907852 -0.291912
v -0.375987 -0.047364 -0.636516
vn 0.333483 -0.914004 -0.231052
v -0.381920 -0.040277 -0.668068
vn 0.171779 -0.947853 -0.268451
v -0.391136 -0.031499 -0.718884
vn 0.488298 -0.770292 -0.410140
v -0.360250 -0.052985 -0.606299
vn 0.570652 -0.764607 -0.299554
v -0.368324 -0.039788 -0.646525
vn 0.515151 -0.825522 -0.230507
v -0.374969 -0.033145 -0.680623
vn 0.456203 -0.863626 -0.214541
v -0.380983 -0.027198 -0.720115
vn 0.688558 -0.677374 -0.258943
v -0.359081 -0.031918 -0.644706
vn -0.929492 -0.323749 0.176726
v -0.402954 -0.026937 -0.588889
vn -0.854024 -0.516388 0.063134
v -0.400188 -0.041704 -0.601980
vn -0.930558 -0.295222 0.216576
v -0.410421 -0.012834 -0.595519
vn -0.950469 -0.309454 0.029103
v -0.427171 0.000231 -0.675314
vn -0.769904 0.490581 0.408140
v -0.413062 0.022425 -0.611048
vn -0.544552 0.703968 0.455952
v -0.405665 0.035630 -0.617527
vn -0.583471 0.718459 0.378653
v -0.410861 0.045363 -0.638958
vn -0.816095 0.452560 0.359413
v -0.421036 0.032146 -0.638715
vn -0.249370 0.908978 0.334025
v -0.396330 0.056851 -0.649128
vn -0.252986 0.855986 0.450873
v -0.388876 0.044190 -0.617863
vn 0.036139 0.919565 0.391272
v -0.373751 0.047440 -0.620098
vn -0.233604 0.953453 0.190675
v -0.399920 0.064369 -0.679998
vn 0.125097 0.977586 0.169343
v -0.380759 0.065757 -0.679263
vn 0.815610 0.565280 0.123447
v -0.338909 0.035983 -0.648620
vn 0.642165 0.747437 0.170182
v -0.347480 0.044430 -0.643673
vn 0.962657 0.262329 0.066902
v -0.333611 0.023883 -0.653633
vn 0.944928 0.327258 0.003624
v -0.333917 0.031548 -0.697080
vn 0.218257 -0.947813 -0.232411
v -0.358652 -0.071732 -0.570716
vn -0.913324 -0.340022 0.224108
v -0.391843 -0.055883 -0.557184
vn -0.331725 -0.728799 0.599007
v -0.361871 -0.056263 -0.506171
vn 0.082488 -0.909903 0.406536
v -0.350564 -0.059973 -0.509343
vn 0.611238 -0.747999 -0.258621
v -0.345634 -0.065618 -0.570478
vn -0.738641 -0.480268 0.473024
v -0.373780 -0.049016 -0.508568
vn -0.391459 -0.855640 0.338587
v -0.370010 -0.066989 -0.533710
vn -0.637763 -0.768097 0.057318
v -0.387836 -0.062903 -0.562890
vn -0.047057 -0.988353 0.144720
v -0.362039 -0.072370 -0.548016
vn 0.366824 -0.928708 0.054245
v -0.351705 -0.069647 -0.546276
vn 0.548165 -0.827836 0.119177
v -0.336748 -0.059643 -0.520387
vn -0.916447 -0.247806 0.314192
v -0.392277 -0.031770 -0.548439
vn -0.961927 0.068599 0.264556
v -0.434730 0.016112 -0.932935
vn -0.535130 0.844215 0.030609
v -0.406907 0.052907 -0.906355
vn -0.473317 0.855101 0.211599
v -0.400930 0.059522 -0.924987
vn -0.942090 -0.334213 -0.027705
v -0.423474 0.008346 -0.827432
vn -0.888753 -0.457517 -0.028204
v -0.420228 -0.017322 -0.695290
vn -0.904642 -0.419247 0.076524
v -0.417298 -0.022126 -0.652055
vn -0.907336 -0.381860 0.175852
v -0.409949 -0.023797 -0.612735
vn -0.978327 -0.200783 0.050620
v -0.423046 0.008680 -0.874002
vn -0.495877 -0.855295 0.150251
v -0.412740 -0.008585 -0.873746
vn 0.988734 -0.066075 -0.134307
v -0.378414 0.026421 -0.879273
vn -0.985446 0.169368 0.014521
v -0.424630 0.037073 -0.865387
vn -0.861905 0.506781 -0.017101
v -0.421231 0.043597 -0.862497
vn -0.960573 0.270806 -0.062954
v -0.425157 0.041716 -0.803269
vn -0.984441 0.162840 -0.066030
v -0.429893 0.039424 -0.755325
vn -0.924918 -0.375114 -0.061771
v -0.423848 -0.005132 -0.736228
vn 0.047271 -0.983274 -0.175893
v -0.395543 -0.012983 -0.793559
vn 0.385182 -0.898314 -0.211343
v -0.386642 -0.009638 -0.798630
vn -0.311153 -0.917114 -0.249168
v -0.401428 -0.032414 -0.716523
vn -0.677931 -0.725005 -0.121559
v -0.411334 -0.030460 -0.698983
vn 0.858374 -0.486548 -0.162682
v -0.336434 -0.001238 -0.714008
vn 0.997771 -0.038366 -0.054596
v -0.330648 0.015095 -0.701261
vn -0.968293 -0.096844 0.230281
v -0.424290 0.006004 -0.638544
vn -0.946201 -0.287408 0.148659
v -0.423212 -0.003587 -0.642929
vn 0.573516 -0.798785 -0.181720
v -0.356038 -0.021778 -0.672175
vn 0.886600 -0.460888 -0.039033
v -0.335219 -0.003926 -0.683249
vn 0.997314 -0.069033 0.024490
v -0.330940 0.011698 -0.675249
vn -0.925952 0.184338 0.329595
v -0.412105 0.008784 -0.597460
vn -0.960322 0.144304 0.238659
v -0.428094 0.025494 -0.651868
vn -0.983106 0.148629 0.106827
v -0.431201 0.031458 -0.676988
vn -0.966732 0.254811 0.022373
v -0.432139 0.040249 -0.707462
vn 0.142868 0.955431 0.258340
v -0.377403 0.059782 -0.655060
vn 0.576533 0.802343 -0.154452
v -0.356133 0.057739 -0.740124
vn 0.932480 0.274008 -0.235372
v -0.339977 0.033704 -0.748443
vn 0.946470 -0.117146 -0.300786
v -0.339123 0.017762 -0.752063
vn 0.446823 0.869094 0.212189
v -0.356433 0.051591 -0.648760
vn 0.378476 0.916879 0.126840
v -0.359962 0.059099 -0.682782
vn 0.366645 0.926910 -0.080061
v -0.371606 0.065884 -0.732555
vn 0.432897 0.889362 -0.147088
v -0.372686 0.060752 -0.770556
vn 0.434914 0.894694 -0.101845
v -0.381152 0.058365 -0.810665
vn 0.574345 0.816848 -0.053724
v -0.386125 0.056220 -0.870522
vn 0.975857 0.017737 -0.217691
v -0.331819 0.000543 -0.619063
vn 0.691761 -0.704222 -0.159805
v -0.346134 -0.018698 -0.646426
vn 0.603555 -0.789839 -0.108974
v -0.345108 -0.012897 -0.692954
vn 0.858474 -0.503099 0.099566
v -0.376904 -0.005689 -0.915864
vn 0.995312 -0.008288 -0.096359
v -0.374856 0.001964 -0.919217
vn 0.911757 -0.312952 -0.266009
v -0.367720 0.021469 -0.825515
vn 0.712051 -0.623088 -0.323642
v -0.364637 0.006064 -0.794459
vn 0.944763 -0.267165 -0.189858
v -0.373538 0.021310 -0.849153
vn 0.992963 -0.045182 0.109471
v -0.379675 0.013436 -0.892301
vn 0.936895 0.249797 -0.244600
v -0.366193 0.040029 -0.817305
vn 0.956695 0.234229 -0.172836
v -0.374918 0.039827 -0.859251
vn 0.863789 -0.482357 -0.145602
v -0.384719 -0.008496 -0.936241
vn -0.940012 -0.126273 0.316910
v -0.428070 0.004282 -0.914326
vn 0.109821 -0.740935 0.662536
v -0.412026 -0.034609 -0.926947
vn -0.819509 0.020909 0.572685
v -0.436249 -0.010346 -0.929039
vn -0.903982 0.406811 0.131612
v -0.432872 0.036235 -0.946853
vn -0.877522 0.236866 0.416953
v -0.439282 0.004021 -0.937501
vn -0.410033 -0.360655 0.837736
v -0.433795 -0.039837 -0.934471
vn 0.484522 0.867047 0.116056
v -0.394770 0.071223 -0.962452
vn -0.636900 0.756940 0.146288
v -0.421664 0.048546 -0.944052
vn 0.742162 -0.642276 0.191513
v -0.396463 -0.024036 -0.929352
vn 0.925826 -0.377434 0.019758
v -0.387300 -0.012672 -0.948930
vn 0.985626 0.140477 0.093849
v -0.385670 0.043506 -0.946274
vn 0.977573 0.197885 -0.072055
v -0.382266 0.024031 -0.936500
vn 0.995667 -0.062548 -0.068808
v -0.382642 0.014621 -0.950839
vn 0.396831 0.914256 0.081620
v -0.393330 0.059629 -0.919552
vn -0.041028 -0.445671 0.894256
v -0.428149 -0.095980 -0.960454
vn -0.648829 0.184771 0.738160
v -0.478641 -0.040027 -0.971860
vn 0.946601 -0.295892 0.128038
v -0.414061 -0.100336 -0.976359
vn 0.355663 0.101469 -0.929090
v -0.421704 -0.093132 -0.998232
vn -0.882949 0.390248 0.260975
v -0.485956 -0.044815 -0.979271
vn 0.167446 0.063768 -0.983817
v -0.443945 -0.053025 -0.989087
vn -0.287245 0.212087 -0.934082
v -0.469926 -0.029598 -0.991190
vn 0.931605 -0.344328 -0.116408
v -0.402521 -0.050093 -0.967705
vn 0.900327 -0.267709 -0.343138
v -0.389539 -0.016594 -0.969702
vn 0.715347 -0.158908 -0.680461
v -0.406798 -0.045143 -0.977218
vn 0.774507 -0.496311 0.392192
v -0.403412 -0.041022 -0.941966
vn 0.285432 -0.207301 -0.935711
v -0.411413 -0.014970 -0.985666
vn 0.145291 0.175654 -0.973671
v -0.434199 -0.056809 -0.989024
vn 0.575081 -0.279243 -0.768963
v -0.396158 -0.007966 -0.980089
vn 0.341046 -0.028465 -0.939616
v -0.417561 -0.040373 -0.983775
vn 0.803678 -0.391421 0.448209
v -0.414243 -0.079720 -0.960973
vn 0.947336 -0.143549 -0.286266
v -0.409198 -0.067372 -0.975889
vn 0.614917 0.116597 -0.779924
v -0.419215 -0.069574 -0.988535
vn -0.661817 -0.074481 0.745956
v -0.457095 -0.040058 -0.954912
vn -0.333521 -0.423634 0.842198
v -0.438401 -0.079565 -0.955597
vn 0.199985 -0.056890 -0.978146
v -0.437427 -0.034375 -0.988492
vn 0.394262 0.135079 -0.909016
v -0.386929 0.049707 -0.993012
vn 0.055791 -0.054454 -0.996956
v -0.434588 -0.006080 -0.991358
vn 0.143782 -0.019654 -0.989414
v -0.453244 -0.037525 -0.992637
vn -0.761929 0.473744 -0.441624
v -0.473429 -0.024827 -0.987118
vn -0.050325 0.981335 -0.185603
v -0.406788 0.074465 -0.977972
vn -0.619287 0.742840 0.254309
v -0.416705 0.068735 -0.970226
vn -0.839400 0.513191 0.179003
v -0.434698 0.049483 -0.972050
vn -0.789567 0.531815 0.306197
v -0.430749 0.043272 -0.957232
vn -0.850274 0.388927 0.354640
v -0.446640 0.015595 -0.964676
vn -0.881329 0.468658 0.060159
v -0.453069 0.010777 -0.977494
vn -0.685859 0.704572 -0.182141
v -0.423064 0.064350 -0.982035
vn -0.303239 0.451063 -0.839398
v -0.417209 0.064682 -0.990303
vn 0.219923 -0.510912 0.831025
v -0.421117 -0.067970 -0.945239
vn -0.865994 0.488101 0.108685
v -0.474545 -0.022614 -0.977738
vn -0.692893 0.432767 -0.576725
v -0.453809 0.004456 -0.985749
vn -0.778635 0.396314 0.486480
v -0.469873 -0.020899 -0.970537
vn -0.758791 0.219906 0.613089
v -0.458873 -0.019729 -0.959521
vn -0.513317 -0.231267 0.826451
v -0.446985 -0.058481 -0.951054
vn 0.516639 0.566928 -0.641621
v -0.387648 0.061167 -0.990171
vn 0.949523 0.178773 -0.257770
v -0.379078 0.048256 -0.981284
vn 0.822262 -0.333451 -0.461190
v -0.388510 0.003030 -0.977570
vn 0.770206 0.635007 -0.059570
v -0.385733 0.065237 -0.977277
vn 0.886212 0.432665 0.165620
v -0.385657 0.060453 -0.961376
vn 0.988102 -0.153061 -0.015058
v -0.381543 0.023196 -0.965258
vn -0.146691 0.955563 0.255699
v -0.402070 0.071853 -0.957034
vn 0.977264 0.142807 0.156721
v -0.380669 0.048762 -0.965922
vn 0.356369 -0.266071 -0.895660
v -0.391847 0.021937 -0.991825
vn -0.028662 0.007340 -0.999562
v -0.410594 0.037335 -0.993982
vn -0.330873 0.187622 -0.924835
v -0.444677 0.008409 -0.989364
vn -0.783894 0.420007 -0.457279
v -0.440945 0.035688 -0.982657
vn 0.984581 -0.152113 -0.086380
v -0.379145 0.029097 -0.978627
vn 0.644767 -0.150251 -0.749467
v -0.383374 0.032581 -0.991406
vn -0.882075 0.377779 -0.281471
v -0.489596 -0.050458 -0.985692
vn -0.596164 -0.024842 0.802478
v -0.495377 -0.086502 -0.974294
vn 0.055193 0.059965 -0.996673
v -0.462093 -0.059502 -0.993833
vn 0.018618 0.144368 -0.989349
v -0.450199 -0.078110 -0.995254
vn 0.909844 -0.236979 -0.340624
v -0.415952 -0.101178 -0.989120
vn -0.996023 -0.080536 -0.038113
v -0.491807 -0.103921 -0.988059
vn -0.963151 -0.052230 -0.263842
v -0.502457 -0.089853 -0.983674
vn -0.746379 -0.661509 -0.072962
v -0.483896 -0.117571 -0.988067
vn -0.388802 -0.591042 0.706755
v -0.482727 -0.130689 -0.980876
vn -0.329886 -0.540888 -0.773703
v -0.473665 -0.127121 -0.989336
vn -0.524140 -0.349183 -0.776755
v -0.490844 -0.126529 -0.995975
vn -0.368411 -0.923395 -0.107777
v -0.478208 -0.145073 -0.989969
vn -0.484626 -0.286150 -0.826593
v -0.460895 -0.150566 -1.000672
vn -0.466688 -0.103422 -0.878354
v -0.493551 -0.088097 -0.992379
vn -0.384006 0.139909 -0.912669
v -0.486309 -0.064773 -0.993837
vn -0.149493 -0.188593 -0.970610
v -0.450149 -0.119315 -0.998438
vn -0.149342 -0.005162 -0.988772
v -0.476525 -0.097094 -0.994604
vn -0.551517 -0.190613 0.812093
v -0.487786 -0.104811 -0.975488
vn -0.411079 -0.434515 -0.801380
v -0.456608 -0.130089 -0.990756
vn 0.120421 -0.984098 0.130576
v -0.450728 -0.159763 -0.986688
vn -0.245633 -0.321074 0.914645
v -0.442921 -0.115488 -0.973636
vn -0.630167 -0.220633 0.744453
v -0.462058 -0.148417 -0.985312
vn -0.206573 -0.367916 0.906623
v -0.468752 -0.081012 -0.968287
vn -0.950743 0.021584 -0.309227
v -0.498906 -0.113788 -0.994419
vn -0.394041 0.097567 0.913899
v -0.482523 -0.064276 -0.971922
vn -0.299625 -0.294322 0.907523
v -0.450589 -0.097064 -0.971432
vn 0.481143 -0.503950 0.717311
v -0.428731 -0.128837 -0.975451
vn 0.257188 -0.150380 -0.954589
v -0.430966 -0.124267 -0.998169
vn 0.674255 -0.531363 -0.512868
v -0.436672 -0.145106 -0.995464
vn 0.661286 -0.575198 0.481507
v -0.438231 -0.147719 -0.984814
vn -0.118818 -0.445771 0.887226
v -0.462139 -0.129558 -0.976626
vn -0.477345 -0.057259 0.876848
v -0.469672 -0.060244 -0.965668
vn 0.710719 0.461411 0.531016
v 0.035436 0.225206 -0.311600
vn 0.738343 0.553704 0.385047
v 0.035876 0.234832 -0.321150
vn 0.740680 0.498781 0.450123
v -0.033667 0.272480 -0.270758
vn 0.476757 0.701464 -0.529765
v -0.015398 0.284483 -0.372231
vn -0.324789 -0.905096 0.274432
v -0.064601 0.136050 -0.326556
vn -0.092152 -0.765238 0.637117
v -0.042718 0.153200 -0.278342
vn -0.496136 0.325147 -0.805064
v -0.069186 0.223476 -0.409447
vn -0.588965 0.204553 -0.781843
v -0.085243 0.204452 -0.405468
vn -0.375398 -0.923502 0.078865
v -0.077144 0.134009 -0.354665
vn -0.686816 -0.237247 -0.687021
v -0.105842 0.170526 -0.391461
vn -0.630983 -0.641846 -0.435769
v -0.100658 0.151369 -0.381669
vn -0.627373 -0.528931 -0.571520
v -0.118727 0.164469 -0.372921
vn -0.665157 -0.095429 -0.740580
v -0.120530 0.183925 -0.379095
vn -0.492496 -0.857520 -0.148686
v -0.086683 0.137499 -0.369397
vn -0.638997 0.100054 -0.762675
v -0.098230 0.186591 -0.398459
vn -0.513345 0.134179 -0.847628
v -0.069479 0.196910 -0.417704
vn -0.440209 0.398984 -0.804381
v -0.053748 0.243400 -0.409335
vn 0.156190 0.679681 -0.716686
v -0.032062 0.275997 -0.391411
vn 0.213971 -0.491430 0.844223
v -0.008766 0.159585 -0.273633
vn 0.084556 -0.663753 0.743157
v -0.003223 0.141953 -0.288544
vn 0.600788 0.048689 0.797924
v 0.035384 0.176029 -0.290185
vn 0.516552 0.009204 0.856206
v 0.017233 0.182134 -0.278850
vn -0.119746 -0.798945 0.589363
v -0.011360 0.127577 -0.304642
vn -0.274775 -0.909198 0.312823
v -0.002575 0.112264 -0.330320
vn -0.380905 -0.922886 0.056500
v -0.054368 0.123849 -0.362840
vn -0.578496 -0.429623 -0.693373
v -0.090095 0.158725 -0.401313
vn 0.639213 0.228143 0.734410
v 0.039827 0.194190 -0.297872
vn 0.682997 0.383618 0.621572
v 0.041671 0.209449 -0.307600
vn 0.365488 -0.224481 0.903342
v -0.007644 0.176951 -0.268094
vn 0.415484 -0.217622 0.883184
v -0.031750 0.205462 -0.251937
vn 0.474152 -0.060804 0.878341
v -0.009348 0.197108 -0.263724
vn -0.030212 -0.742191 0.669507
v -0.010359 0.135632 -0.295586
vn 0.605374 0.175928 0.776255
v 0.015275 0.202357 -0.280096
vn -0.622835 0.210972 -0.753371
v -0.097175 0.209609 -0.392684
vn -0.526502 0.289755 -0.799273
v -0.080968 0.228258 -0.399660
vn -0.519911 -0.789353 -0.326519
v -0.104764 0.147141 -0.362507
vn -0.329766 -0.859909 0.389629
v -0.051763 0.138745 -0.307717
vn -0.542965 -0.729043 -0.416756
v -0.082345 0.141145 -0.390689
vn 0.488426 -0.200395 0.849283
v 0.031119 0.161442 -0.288573
vn 0.764872 0.614966 0.191799
v 0.031655 0.252286 -0.340278
vn -0.312579 0.425699 -0.849161
v -0.033815 0.222822 -0.429080
vn -0.453716 0.226804 -0.861801
v -0.040398 0.203926 -0.432603
vn 0.035176 -0.781496 0.622918
v 0.006586 0.121019 -0.311325
vn 0.414153 -0.423498 0.805684
v -0.049053 0.195425 -0.247568
vn -0.215775 -0.816785 0.535073
v -0.044753 0.146426 -0.288558
vn -0.657562 0.165604 -0.734975
v -0.110636 0.197094 -0.385551
vn 0.193560 -0.797032 -0.572079
v -0.139963 0.164899 -0.338333
vn 0.690201 -0.694301 -0.203885
v -0.135629 0.163590 -0.303152
vn -0.992869 0.075540 -0.092219
v -0.198135 0.307931 -0.305100
vn 0.484819 -0.870944 0.080041
v -0.088856 0.173366 -0.251198
vn 0.614480 -0.787904 -0.040263
v -0.096218 0.164423 -0.230169
vn -0.606607 -0.125910 -0.784968
v -0.155714 0.212795 -0.354489
vn -0.561996 -0.121650 -0.818145
v -0.161322 0.219275 -0.349484
vn -0.438936 -0.006389 -0.898495
v -0.092348 0.233978 -0.391675
vn -0.636400 0.101096 -0.764705
v -0.109640 0.217644 -0.379626
vn -0.474363 -0.351621 -0.807058
v -0.120214 0.223940 -0.372766
vn -0.611430 0.242463 -0.753236
v -0.118921 0.207793 -0.373965
vn -0.353205 0.149879 -0.923462
v -0.147584 0.204366 -0.354257
vn -0.648865 -0.029291 -0.760340
v -0.136707 0.190787 -0.367597
vn 0.767060 0.624387 0.147513
v -0.071046 0.287883 -0.188047
vn 0.773642 -0.626576 0.094239
v -0.070161 0.189073 -0.212337
vn 0.976262 -0.110061 0.186546
v -0.054598 0.237049 -0.193249
vn -0.207527 -0.916441 0.342151
v -0.108266 0.153734 -0.310029
vn -0.386194 -0.921103 0.049221
v -0.119851 0.151020 -0.332305
vn -0.546886 -0.830462 -0.106055
v -0.138184 0.160142 -0.332164
vn -0.290375 -0.926442 0.239556
v -0.122702 0.160494 -0.301909
vn -0.173962 -0.887281 0.427165
v -0.083423 0.150380 -0.308907
vn -0.232307 -0.919906 0.315922
v -0.096240 0.144492 -0.325059
vn 0.812585 0.505304 0.290472
v -0.056608 0.281085 -0.236886
vn -0.022571 -0.744602 0.667127
v -0.057266 0.171566 -0.258674
vn 0.189805 -0.478616 0.857264
v -0.046659 0.178258 -0.255092
vn 0.706152 -0.277812 0.651283
v -0.043848 0.213643 -0.243133
vn -0.703172 -0.476661 -0.527583
v -0.139081 0.175049 -0.361099
vn -0.632240 -0.760786 -0.146549
v -0.126337 0.157137 -0.356758
vn -0.642459 -0.312537 -0.699691
v -0.164165 0.250689 -0.359991
vn -0.488908 -0.351110 -0.798555
v -0.143097 0.245985 -0.371843
vn -0.484351 -0.352023 -0.800927
v -0.138067 0.229571 -0.364815
vn -0.547525 -0.114696 -0.828892
v -0.162521 0.267447 -0.366788
vn -0.457374 -0.116324 -0.881634
v -0.135425 0.259937 -0.379753
vn -0.742789 0.113860 -0.659773
v -0.182101 0.294153 -0.347825
vn -0.570651 0.276341 -0.773300
v -0.172099 0.293574 -0.357661
vn -0.409197 0.103270 -0.906583
v -0.146064 0.279815 -0.375374
vn -0.376290 0.055845 -0.924817
v -0.128300 0.268765 -0.383761
vn -0.344470 -0.245687 -0.906078
v -0.107223 0.243572 -0.391492
vn -0.546182 0.597434 -0.587160
v -0.173587 0.316771 -0.342334
vn -0.431426 0.451154 -0.781237
v -0.151293 0.306790 -0.364630
vn -0.277691 0.323689 -0.904496
v -0.123724 0.291294 -0.382091
vn -0.838336 0.536561 -0.096408
v -0.195105 0.324827 -0.288597
vn -0.478487 0.813821 -0.329767
v -0.174167 0.335498 -0.314650
vn -0.648840 0.690577 -0.319547
v -0.186546 0.327334 -0.311714
vn -0.362661 0.739055 -0.567692
v -0.152430 0.329311 -0.345250
vn -0.209245 0.662936 -0.718841
v -0.125825 0.319517 -0.366508
vn -0.044080 0.472423 -0.880269
v -0.090785 0.300570 -0.384475
vn -0.356595 0.931861 -0.066892
v -0.167538 0.343879 -0.289232
vn -0.271976 0.928524 -0.252729
v -0.159150 0.343249 -0.311300
vn -0.182880 0.873677 -0.450825
v -0.132571 0.338702 -0.340333
vn -0.446032 -0.894345 0.034661
v -0.101866 0.143859 -0.347772
vn -0.333496 -0.942472 0.022943
v -0.103093 0.144154 -0.335558
vn -0.515630 -0.849239 -0.113659
v -0.116091 0.150890 -0.345819
vn -0.504358 -0.754146 -0.420580
v -0.129465 0.159905 -0.341542
vn -0.825153 -0.303842 -0.476238
v -0.145020 0.186075 -0.357548
vn -0.302105 -0.739832 -0.601149
v -0.142157 0.175263 -0.343806
vn -0.758026 -0.649633 -0.058092
v -0.134048 0.164841 -0.351764
vn 0.091571 -0.838060 0.537839
v -0.079413 0.174577 -0.255763
vn 0.355547 -0.718858 0.597352
v -0.066856 0.184815 -0.247706
vn 0.597687 -0.788216 0.146582
v -0.070443 0.186548 -0.238618
vn 0.665220 -0.642503 0.380357
v -0.058542 0.196209 -0.239673
vn 0.843254 -0.464465 0.270544
v -0.055693 0.206632 -0.222260
vn 0.117353 -0.980457 0.157899
v -0.108977 0.166351 -0.275797
vn 0.516589 -0.836640 -0.182124
v -0.105582 0.159506 -0.248000
vn 0.305687 0.929334 0.207110
v -0.108481 0.310056 -0.186989
vn 0.095024 0.931876 0.350111
v -0.126890 0.332129 -0.229009
vn 0.136330 0.952357 0.272818
v -0.122388 0.341673 -0.263324
vn -0.069023 0.943391 0.324421
v -0.151836 0.338421 -0.243911
vn 0.929369 -0.155113 0.334983
v -0.045848 0.227352 -0.229587
vn 0.906028 -0.372128 0.201578
v -0.060853 0.209632 -0.199305
vn 0.436373 0.866451 0.242573
v -0.097932 0.307530 -0.192407
vn -0.144085 0.059574 -0.987770
v -0.074304 0.259087 -0.397088
vn 0.061865 0.412123 -0.909026
v -0.068105 0.288004 -0.390318
vn -0.050556 0.815890 -0.575993
v -0.104490 0.330178 -0.360076
vn 0.053074 0.697956 -0.714172
v -0.086588 0.324228 -0.367209
vn 0.175950 0.606035 -0.775734
v -0.066492 0.310654 -0.375424
vn 0.307484 0.619301 -0.722441
v -0.032800 0.287076 -0.382034
vn -0.202468 -0.848711 0.488566
v -0.064773 0.162987 -0.272549
vn 0.026032 0.987390 -0.156150
v -0.103282 0.347194 -0.319887
vn -0.098377 0.986902 -0.127856
v -0.142971 0.347152 -0.306316
vn -0.062667 0.951938 -0.299810
v -0.116727 0.344265 -0.331550
vn 0.067085 0.921419 -0.382735
v -0.089651 0.339479 -0.344737
vn -0.832049 0.548390 0.083447
v -0.197115 0.321350 -0.260783
vn -0.718983 -0.198518 -0.666074
v -0.176337 0.261462 -0.348392
vn -0.907402 0.150764 -0.392291
v -0.193360 0.304750 -0.328215
vn -0.536396 -0.239632 -0.809232
v -0.159453 0.226872 -0.351515
vn 0.682172 -0.646882 -0.340859
v -0.123716 0.160052 -0.280136
vn 0.919037 -0.138692 -0.368965
v -0.134162 0.160394 -0.306415
vn 0.383967 -0.907491 -0.170381
v -0.140328 0.162703 -0.320447
vn 0.719152 0.030103 -0.694200
v -0.142952 0.182976 -0.356054
vn 0.340601 0.421655 -0.840356
v -0.151319 0.201203 -0.353702
vn 0.448296 0.822724 -0.349508
v 0.012800 0.258037 -0.388498
vn -0.107203 0.585630 -0.803458
v -0.025151 0.239172 -0.420893
vn -0.559798 -0.030887 -0.828053
v -0.082597 0.177362 -0.410195
vn -0.439952 -0.886068 -0.146031
v -0.063497 0.128072 -0.378842
vn -0.341247 -0.915798 0.211812
v -0.037486 0.119152 -0.351901
vn -0.185070 -0.870033 0.456938
v -0.008832 0.118832 -0.318413
vn 0.173528 -0.668101 0.723553
v 0.019935 0.132190 -0.301195
vn 0.336068 -0.480907 0.809807
v 0.027040 0.143630 -0.294663
vn 0.043986 -0.676021 0.735568
v -0.039983 0.162890 -0.269038
vn -0.206658 0.947085 0.245608
v -0.198838 0.309742 -0.236151
vn -0.239322 0.923011 0.301291
v -0.188262 0.301462 -0.188893
vn -0.307020 -0.936338 0.170326
v -0.081390 0.138508 -0.337535
vn -0.268043 -0.898761 0.346962
v -0.073549 0.140932 -0.322926
vn -0.084083 -0.859320 0.504478
v -0.077283 0.169992 -0.265326
vn 0.549780 0.694658 -0.463888
v -0.025430 0.302305 -0.361772
vn 0.646423 0.338264 0.683897
v 0.015741 0.220585 -0.286196
vn 0.687540 0.726048 -0.012011
v 0.009861 0.274628 -0.342050
vn 0.714022 0.694234 0.090624
v -0.003766 0.288215 -0.331258
vn -0.534415 -0.063925 -0.842801
v -0.131614 0.214910 -0.361487
vn 0.657063 0.476438 0.584188
v 0.009481 0.247474 -0.298520
vn -0.384775 0.331505 -0.861425
v -0.059963 0.250047 -0.401800
vn -0.350529 -0.108190 -0.930282
v -0.151809 0.217103 -0.353841
vn 0.510735 0.800716 -0.313056
v -0.039950 0.319570 -0.349301
vn -0.103899 0.454425 -0.884705
v -0.050588 0.271015 -0.394741
vn 0.568721 0.061719 0.820212
v -0.027380 0.222299 -0.252175
vn 0.676047 0.317124 0.665126
v -0.019187 0.234524 -0.263010
vn 0.667484 0.581104 0.465601
v -0.021279 0.297026 -0.309708
vn -0.147433 0.159962 -0.976051
v -0.093981 0.271201 -0.394610
vn -0.316539 -0.008369 -0.948543
v -0.116001 0.260666 -0.389607
vn 0.328040 0.746161 -0.579338
v -0.052785 0.318352 -0.362679
vn 0.456379 0.889458 -0.024135
v -0.066051 0.338659 -0.325631
vn -0.226878 0.235870 -0.944930
v -0.108604 0.281442 -0.389620
vn 0.548384 0.721998 0.421893
v -0.072683 0.334255 -0.289575
vn 0.169803 0.837643 -0.519154
v -0.076028 0.333797 -0.351711
vn 0.315616 0.896220 -0.311731
v -0.067392 0.337312 -0.339296
vn 0.337834 0.934681 0.110628
v -0.079680 0.343363 -0.308936
vn -0.188622 0.507423 -0.840800
v -0.109102 0.310993 -0.377050
vn 0.799929 0.120937 0.587782
v -0.037781 0.248111 -0.246524
vn -0.370036 0.342685 -0.863505
v -0.136144 0.299293 -0.374202
vn -0.545656 0.120262 -0.829335
v -0.160335 0.286827 -0.367582
vn -0.719893 -0.062483 -0.691267
v -0.172302 0.280441 -0.359192
vn -0.140120 0.988329 0.059769
v -0.154106 0.347338 -0.282091
vn -0.571375 0.820125 -0.030418
v -0.181312 0.337375 -0.287500
vn -0.343915 0.916131 0.205976
v -0.171908 0.340333 -0.262865
vn -0.555588 0.790197 0.258672
v -0.182428 0.331144 -0.251441
vn 0.300315 0.885850 0.353667
v -0.107431 0.325199 -0.221388
vn 0.909312 0.381814 0.165438
v -0.056495 0.268725 -0.203029
vn -0.164005 0.917710 0.361816
v -0.142937 0.315780 -0.194886
vn 0.014739 0.930763 0.365327
v -0.132283 0.318705 -0.198842
vn 0.099317 0.965937 0.238959
v -0.121459 0.311995 -0.184065
vn 0.976562 0.151653 0.152732
v -0.056332 0.258100 -0.190911
vn 0.672351 0.450123 0.587650
v -0.011338 0.248933 -0.279065
vn 0.762960 0.348138 0.544695
v -0.026828 0.253104 -0.264013
vn 0.801006 0.385621 0.457914
v -0.040237 0.268083 -0.250095
vn 0.916447 0.193716 0.350142
v -0.045210 0.252718 -0.235070
vn 0.806775 0.569553 0.157238
v -0.064993 0.289977 -0.212461
vn 0.609032 0.759803 0.227552
v -0.080587 0.309173 -0.222340
vn 0.721870 0.621784 0.303790
v 0.014524 0.267901 -0.326403
vn 0.683606 0.682668 0.258160
v -0.073409 0.304276 -0.246753
vn 0.680024 0.603238 0.416739
v -0.055318 0.301284 -0.271124
vn 0.419484 0.833589 0.359392
v -0.104106 0.336427 -0.261899
vn 0.565545 0.667735 0.484034
v -0.085576 0.322542 -0.260203
vn 0.650545 0.577816 0.492869
v -0.049692 0.309102 -0.287530
vn 0.675423 0.680593 0.283896
v -0.024698 0.306798 -0.318944
vn 0.621014 0.703863 0.344846
v -0.051251 0.324632 -0.304937
vn 0.621947 0.742867 -0.247651
v -0.000190 0.280225 -0.356674
vn 0.671913 0.735584 -0.086311
v -0.023496 0.308348 -0.340920
vn 0.535867 0.822629 0.190073
v -0.058671 0.332940 -0.312604
vn 0.608400 0.789379 0.082036
v -0.036549 0.318565 -0.325232
vn 0.421587 0.858044 0.293301
v -0.079816 0.340638 -0.294095
vn 0.211908 0.944326 0.251680
v -0.102052 0.344522 -0.280865
vn 0.147401 0.987502 0.055794
v -0.096542 0.347220 -0.303161
vn 0.194494 0.972812 -0.125731
v -0.085553 0.345093 -0.325185
vn 0.015994 0.999286 0.034230
v -0.124015 0.348596 -0.298756
vn 0.029059 0.988259 0.150001
v -0.138598 0.346540 -0.274942
vn -0.821183 -0.060320 -0.567467
v -0.187853 0.283255 -0.340640
vn -0.318398 0.864231 0.389521
v -0.166723 0.328671 -0.230202
vn -0.697627 0.439683 -0.565681
v -0.189312 0.311396 -0.331214
vn -0.874478 0.414183 -0.252469
v -0.195080 0.317675 -0.309843
vn 0.280913 -0.658383 0.698297
v 0.039236 0.124815 -0.314269
vn -0.316262 -0.916413 0.245287
v -0.013322 0.113078 -0.343969
vn -0.359491 -0.924642 0.125714
v -0.022731 0.110739 -0.365163
vn 0.461420 -0.441508 0.769521
v 0.045804 0.137065 -0.307844
vn 0.613158 -0.191486 0.766401
v 0.051709 0.153765 -0.304997
vn -0.498561 -0.745574 -0.442218
v -0.051363 0.129574 -0.401687
vn -0.524307 -0.552303 -0.648122
v -0.063306 0.147244 -0.413932
vn -0.509427 -0.230624 -0.829034
v -0.059221 0.164388 -0.422977
vn -0.442682 -0.878134 -0.181423
v -0.038525 0.118399 -0.389316
vn -0.510384 -0.017321 -0.859772
v -0.047693 0.184079 -0.430098
vn 0.745018 0.326865 0.581470
v 0.062233 0.193839 -0.320015
vn 0.736354 0.621064 0.268444
v 0.056320 0.220140 -0.339805
vn 0.705353 0.087772 0.703401
v 0.057163 0.171585 -0.308820
vn 0.756863 0.630480 0.172205
v 0.047410 0.236505 -0.355695
vn 0.662745 0.747026 -0.052158
v 0.039099 0.246903 -0.366520
vn 0.760999 0.598704 0.249868
v 0.051381 0.225892 -0.347837
vn 0.533656 0.807432 -0.251525
v 0.026235 0.254306 -0.379802
vn 0.002562 0.657801 -0.753187
v -0.013948 0.245192 -0.416777
vn 0.258941 0.798345 -0.543686
v 0.001351 0.259194 -0.397196
vn 0.075526 0.723971 -0.685683
v -0.006078 0.254149 -0.406180
vn -0.144398 -0.875218 -0.461675
v 0.157184 0.057191 -0.530666
vn 0.360919 0.921729 0.141963
v 0.181767 0.134201 -0.495201
vn 0.795935 0.441463 0.414244
v 0.190697 0.126606 -0.495643
vn -0.926163 0.048166 -0.374035
v 0.125654 0.089747 -0.535617
vn -0.943767 -0.318484 -0.088727
v 0.129460 0.100724 -0.565139
vn -0.794098 0.605427 0.053542
v 0.140568 0.128238 -0.526829
vn -0.243038 -0.849394 -0.468467
v 0.155508 0.072765 -0.559972
vn -0.693883 -0.630864 -0.347185
v 0.136456 0.089604 -0.568812
vn -0.282591 0.958601 -0.035028
v 0.153608 0.134164 -0.519993
vn 0.710667 0.661975 0.238205
v 0.188773 0.131995 -0.500879
vn 0.895133 0.342268 0.285638
v 0.198855 0.107737 -0.504293
vn -0.415042 0.767635 0.488340
v 0.152217 0.147270 -0.541570
vn -0.673252 0.617933 0.406067
v 0.139426 0.140985 -0.547616
vn -0.983689 0.105776 0.145490
v 0.127750 0.105176 -0.544543
vn 0.063399 0.906803 0.416760
v 0.176056 0.141104 -0.520331
vn -0.321183 -0.789786 -0.522570
v 0.141391 0.068353 -0.547413
vn -0.729950 -0.447563 -0.516586
v 0.126209 0.070847 -0.532467
vn 0.798779 0.313798 0.513306
v 0.195627 0.097748 -0.490424
vn -0.504211 0.073319 -0.860462
v 0.103605 0.100624 -0.511655
vn 0.508922 0.841472 -0.181448
v 0.147800 0.151055 -0.471967
vn 0.705398 0.703025 0.090386
v 0.139961 0.158755 -0.451683
vn -0.494678 -0.086576 -0.864753
v 0.066100 0.117464 -0.491284
vn 0.753036 0.633179 0.178945
v 0.090820 0.198878 -0.399563
vn 0.608032 0.791739 -0.058696
v 0.099820 0.192920 -0.428302
vn 0.660115 0.750823 0.022638
v 0.085171 0.204360 -0.409851
vn 0.499173 0.816436 -0.290273
v 0.089715 0.197261 -0.435512
vn 0.583771 0.797933 -0.150047
v 0.077625 0.210162 -0.418085
vn 0.260415 0.729764 -0.632162
v 0.069019 0.199839 -0.452639
vn 0.349854 0.801065 -0.485693
v 0.056946 0.216660 -0.436617
vn -0.036487 0.543641 -0.838525
v 0.048186 0.193803 -0.460495
vn -0.001169 0.627883 -0.778307
v 0.039220 0.210072 -0.448773
vn -0.152435 0.405063 -0.901492
v 0.035033 0.178103 -0.469138
vn -0.052233 0.564260 -0.823943
v 0.027365 0.199733 -0.455767
vn -0.354540 0.192883 -0.914930
v 0.016359 0.170132 -0.465513
vn -0.475649 -0.004523 -0.879624
v 0.003305 0.159246 -0.459903
vn -0.546354 -0.244320 -0.801127
v -0.001804 0.142822 -0.454764
vn 0.776368 0.400059 0.487038
v 0.080083 0.185676 -0.344590
vn 0.755702 0.505917 0.415888
v 0.058904 0.211382 -0.333067
vn 0.735294 0.648522 0.196882
v 0.076079 0.203509 -0.361700
vn 0.744688 0.640132 0.188866
v 0.066276 0.219820 -0.372580
vn 0.208875 -0.734541 0.645616
v 0.035544 0.115055 -0.324197
vn -0.540829 -0.559313 -0.628231
v -0.028582 0.130014 -0.425908
vn -0.508048 -0.764376 -0.397010
v -0.022780 0.116332 -0.414981
vn 0.450221 0.837896 -0.308596
v 0.036642 0.237119 -0.413095
vn -0.006616 0.708249 -0.705932
v 0.017299 0.234295 -0.428598
vn -0.461208 0.068467 -0.884647
v -0.020498 0.183132 -0.446415
vn -0.349051 0.274156 -0.896104
v -0.012236 0.199973 -0.445995
vn -0.445082 -0.895488 0.001904
v 0.012769 0.095387 -0.383419
vn -0.311142 -0.920144 0.237751
v 0.026996 0.090786 -0.372744
vn -0.182483 -0.912471 0.366192
v 0.032500 0.094572 -0.356546
vn -0.083409 -0.884666 0.458704
v 0.023483 0.104356 -0.337514
vn 0.395568 -0.605173 0.690863
v 0.058560 0.117710 -0.330200
vn 0.530088 -0.423629 0.734537
v 0.066620 0.130597 -0.325437
vn -0.409317 -0.907018 -0.098882
v -0.007409 0.104865 -0.395964
vn -0.555587 -0.288950 -0.779635
v -0.030282 0.146369 -0.435593
vn -0.550705 -0.155612 -0.820066
v -0.027044 0.165069 -0.442999
vn -0.009698 0.660164 -0.751059
v 0.006017 0.225127 -0.435867
vn -0.168825 0.520056 -0.837281
v -0.003147 0.214891 -0.441952
vn 0.658946 0.751842 -0.022871
v 0.059934 0.227499 -0.390348
vn 0.743849 0.113236 0.658685
v 0.079329 0.166175 -0.332107
vn 0.672042 -0.157612 0.723545
v 0.073255 0.148334 -0.326365
vn -0.217527 -0.949557 0.225884
v 0.092070 0.056270 -0.423817
vn 0.057231 -0.956535 0.285946
v 0.112290 0.048945 -0.439059
vn 0.118185 -0.901976 0.415297
v 0.124169 0.054182 -0.435445
vn 0.100851 -0.849198 0.518355
v 0.091964 0.062787 -0.408636
vn 0.470325 -0.408992 0.781997
v 0.143333 0.067491 -0.427617
vn 0.009195 -0.998765 0.048832
v 0.129210 0.048710 -0.457526
vn 0.233840 -0.735839 0.635500
v 0.140090 0.056669 -0.434536
vn 0.917889 0.104895 0.382722
v 0.138532 0.133128 -0.410892
vn 0.846071 0.464157 0.262150
v 0.138380 0.145606 -0.423651
vn 0.797328 0.564185 0.214392
v 0.121442 0.161807 -0.397556
vn 0.285965 -0.719032 0.633417
v 0.115376 0.066607 -0.415015
vn 0.466987 -0.541825 0.698819
v 0.121469 0.077922 -0.408250
vn -0.241213 -0.950286 -0.196907
v 0.127958 0.052651 -0.477657
vn -0.336563 -0.941644 -0.005664
v 0.090853 0.053942 -0.439925
vn -0.447702 -0.875906 -0.179866
v 0.084117 0.057806 -0.449178
vn -0.388863 -0.842220 -0.373432
v 0.109153 0.059811 -0.481601
vn -0.332775 -0.896989 -0.290985
v 0.104445 0.052024 -0.463344
vn -0.538763 -0.758764 -0.366077
v 0.080896 0.063950 -0.462646
vn -0.588170 -0.773135 -0.237315
v 0.061307 0.072365 -0.445010
vn -0.472519 -0.043518 -0.880245
v 0.025756 0.144048 -0.471639
vn -0.192744 0.374056 -0.907156
v 0.056069 0.157063 -0.480503
vn 0.051785 0.620677 -0.782355
v 0.076749 0.176464 -0.472177
vn 0.625736 -0.024960 0.779636
v 0.158318 0.076317 -0.435813
vn 0.664822 0.263631 0.698935
v 0.160397 0.090426 -0.439888
vn 0.700957 -0.212552 0.680794
v 0.133964 0.089927 -0.412456
vn 0.792662 0.129864 0.595670
v 0.146126 0.096756 -0.425533
vn -0.561874 -0.750532 -0.347850
v 0.108864 0.065251 -0.501752
vn -0.652122 0.259184 -0.712433
v 0.120037 0.098099 -0.525520
vn -0.155900 -0.986464 -0.050838
v 0.111291 0.047804 -0.453316
vn -0.379067 0.143728 -0.914139
v 0.078738 0.124781 -0.496997
vn 0.102217 0.859632 -0.500585
v 0.137327 0.142342 -0.498299
vn 0.515660 0.823003 -0.238247
v 0.119511 0.175449 -0.452172
vn 0.889460 0.060462 0.452997
v 0.147667 0.114716 -0.434777
vn 0.756394 0.234991 0.610449
v 0.182680 0.113377 -0.479070
vn -0.172890 0.763281 -0.622504
v 0.127132 0.138038 -0.503828
vn -0.134803 0.601673 -0.787285
v 0.113605 0.136953 -0.502997
vn -0.390036 0.549987 -0.738502
v 0.122046 0.123030 -0.514581
vn 0.738242 0.653961 0.165330
v 0.090634 0.192609 -0.386973
vn 0.776228 0.501658 0.381851
v 0.104273 0.174506 -0.373924
vn 0.735543 0.648736 0.195241
v 0.099832 0.184330 -0.383245
vn 0.293679 -0.727094 0.620554
v 0.070384 0.097982 -0.355524
vn 0.067587 -0.844313 0.531570
v 0.060304 0.090954 -0.361254
vn -0.129168 -0.900266 0.415737
v 0.050488 0.085047 -0.370896
vn -0.515740 -0.665774 -0.539219
v 0.000862 0.115332 -0.438232
vn 0.464704 -0.558866 0.686818
v 0.078820 0.109157 -0.348849
vn 0.626636 -0.332034 0.705039
v 0.089548 0.124251 -0.348475
vn 0.787035 0.239958 0.568328
v 0.104257 0.160337 -0.362261
vn 0.740524 -0.058224 0.669503
v 0.099304 0.142469 -0.353715
vn 0.290814 0.818990 0.494654
v 0.184273 0.148322 -0.535481
vn 0.756420 0.294971 0.583799
v 0.158041 0.110804 -0.450290
vn 0.855028 0.217667 0.470689
v 0.156543 0.124207 -0.450968
vn 0.747531 0.555382 0.364346
v 0.155922 0.142000 -0.461492
vn 0.756446 0.624813 0.193385
v 0.114406 0.170793 -0.414005
vn 0.878693 0.317341 0.356641
v 0.131602 0.146601 -0.402193
vn 0.867412 0.013512 0.497406
v 0.132752 0.130073 -0.398341
vn 0.789822 -0.199184 0.580092
v 0.127819 0.110802 -0.396440
vn 0.795531 0.506543 0.332482
v 0.140247 0.152144 -0.437760
vn 0.874229 -0.057646 0.482080
v 0.140190 0.111476 -0.416673
vn 0.721365 0.669321 0.177882
v 0.107579 0.185494 -0.424061
vn 0.837075 0.290020 0.463890
v 0.118878 0.154358 -0.381065
vn 0.795575 -0.026199 0.605288
v 0.116250 0.137828 -0.373905
vn 0.693169 -0.283184 0.662815
v 0.107746 0.120377 -0.368117
vn 0.530420 -0.526130 0.664712
v 0.096939 0.104608 -0.366708
vn 0.452552 -0.609833 0.650616
v 0.097847 0.090385 -0.380353
vn 0.057608 -0.819344 0.570401
v 0.026412 0.110074 -0.328062
vn 0.006209 -0.873907 0.486054
v 0.064505 0.077253 -0.383998
vn -0.552899 -0.274508 -0.786733
v 0.021883 0.127645 -0.465514
vn -0.527213 -0.771366 -0.356428
v 0.030913 0.096744 -0.434693
vn -0.482101 -0.876108 0.003660
v 0.052092 0.072937 -0.415246
vn -0.263486 -0.926143 0.269878
v 0.069690 0.066920 -0.405876
vn 0.310479 -0.712727 0.628986
v 0.095731 0.079062 -0.390932
vn -0.462719 -0.885750 -0.036583
v 0.070806 0.062515 -0.432256
vn -0.631478 -0.576521 -0.518517
v 0.056827 0.094091 -0.473383
vn 0.635689 -0.418209 0.648845
v 0.118003 0.096001 -0.391605
vn 0.252343 0.806831 -0.534178
v 0.026246 0.238492 -0.422300
vn 0.178856 0.719487 -0.671080
v 0.047463 0.214050 -0.444112
vn 0.142201 0.673422 -0.725453
v 0.059659 0.199366 -0.455880
vn -0.078934 0.617300 -0.782758
v 0.013139 0.229862 -0.430818
vn 0.513038 0.828390 -0.224860
v 0.047630 0.234068 -0.402907
vn 0.493256 0.819607 -0.291450
v 0.066821 0.216085 -0.428570
vn 0.477064 0.788831 -0.387498
v 0.081083 0.199939 -0.444379
vn 0.347668 0.785161 -0.512493
v 0.096426 0.179597 -0.464312
vn -0.232155 0.395523 -0.888631
v 0.018895 0.189892 -0.460059
vn -0.313966 0.302410 -0.899985
v 0.090656 0.129844 -0.500649
vn -0.557082 -0.434323 -0.707830
v -0.002046 0.127378 -0.446855
vn -0.571473 -0.558440 -0.601302
v 0.025595 0.114028 -0.458808
vn -0.420456 -0.839807 -0.343426
v 0.132182 0.053209 -0.520041
vn -0.579326 -0.290251 -0.761666
v 0.070402 0.102199 -0.490816
vn -0.684647 -0.286311 -0.670287
v 0.101990 0.078686 -0.508559
vn -0.570376 -0.686475 -0.451024
v 0.080282 0.078238 -0.483151
vn -0.424917 -0.883042 -0.199202
v -0.015335 0.108977 -0.404994
vn -0.624249 -0.675292 -0.392803
v 0.044037 0.095160 -0.455414
vn -0.456395 -0.849212 -0.265598
v 0.015344 0.098620 -0.417758
vn -0.460686 -0.796742 -0.391115
v 0.005056 0.107884 -0.431205
vn -0.492629 -0.757211 -0.428892
v 0.024116 0.103840 -0.443330
vn -0.398742 -0.916404 -0.034753
v -0.005753 0.103428 -0.383527
vn -0.622109 -0.704216 -0.342142
v 0.033081 0.091456 -0.429890
vn -0.494193 -0.855981 -0.151887
v 0.020221 0.092874 -0.405713
vn -0.641223 -0.673697 -0.367377
v 0.056327 0.080019 -0.452121
vn -0.595612 -0.776179 -0.206865
v 0.037745 0.082872 -0.419434
vn 0.887688 0.442173 0.128423
v 0.245072 0.180611 -0.873128
vn 0.708824 0.703138 0.056260
v 0.237983 0.190569 -0.887539
vn -0.107760 0.983224 0.147165
v 0.195829 0.196558 -0.839688
vn -0.607735 0.777334 0.162514
v 0.188791 0.194129 -0.840232
vn -0.988609 0.014027 -0.149851
v 0.184660 0.187348 -0.841841
vn -0.883304 -0.371042 -0.286535
v 0.193849 0.164909 -0.845389
vn -0.510732 -0.859182 -0.030968
v 0.210838 0.133047 -0.858330
vn 0.007948 -0.999693 -0.023447
v 0.225065 0.129862 -0.861487
vn 0.322002 -0.925088 0.201314
v 0.247818 0.133339 -0.879257
vn 0.599384 -0.783574 0.163553
v 0.240953 0.135740 -0.851020
vn 0.165987 0.973075 0.159916
v 0.215531 0.195999 -0.824509
vn 0.937298 -0.309463 0.160327
v 0.246194 0.146399 -0.847401
vn 0.007552 -0.997967 0.063276
v 0.226700 0.134784 -0.818485
vn -0.856690 -0.501194 -0.122007
v 0.198681 0.148495 -0.842642
vn 0.378884 0.913396 0.148842
v 0.234187 0.203070 -0.857193
vn 0.821946 0.506870 0.259783
v 0.239612 0.193490 -0.846597
vn -0.724067 -0.686827 0.063217
v 0.203848 0.148172 -0.883024
vn 0.886374 -0.448438 0.115089
v 0.244914 0.145060 -0.827740
vn 0.542537 -0.838406 0.052240
v 0.194319 0.045424 -0.503326
vn 0.037291 -0.963339 -0.265682
v 0.180217 0.042895 -0.513262
vn -0.940165 0.215607 -0.263825
v 0.133966 0.151648 -0.688138
vn -0.083423 0.990747 0.107054
v 0.171764 0.193555 -0.647925
vn 0.377354 0.912084 0.160332
v 0.191801 0.191318 -0.646510
vn -0.772599 0.634848 -0.007737
v 0.139912 0.175673 -0.647439
vn -0.096589 0.915320 0.390972
v 0.169385 0.178069 -0.585117
vn 0.246296 0.882234 0.401250
v 0.185760 0.175552 -0.584008
vn 0.325722 0.943695 0.057830
v 0.193580 0.194760 -0.689261
vn -0.977499 0.158455 -0.139243
v 0.127644 0.148049 -0.661906
vn -0.972381 -0.108275 -0.206766
v 0.128136 0.134504 -0.668050
vn -0.824822 -0.396729 -0.402834
v 0.140475 0.123534 -0.698763
vn -0.882788 -0.396509 -0.251924
v 0.133607 0.119124 -0.673358
vn -0.560492 -0.702098 -0.439211
v 0.150587 0.111723 -0.700716
vn -0.668184 -0.681141 -0.299295
v 0.143335 0.105638 -0.675775
vn -0.144225 -0.902901 -0.404931
v 0.164000 0.105613 -0.701217
vn -0.255986 -0.924190 -0.283451
v 0.158336 0.097285 -0.675105
vn 0.181892 -0.931998 -0.313520
v 0.172188 0.104421 -0.698354
vn 0.184726 -0.956337 -0.226484
v 0.171269 0.096942 -0.672801
vn 0.299534 -0.931642 -0.205726
v 0.185998 0.101519 -0.667688
vn -0.147172 0.989109 -0.002032
v 0.178492 0.195627 -0.696532
vn -0.497653 0.860105 -0.112077
v 0.167659 0.190326 -0.712550
vn -0.921277 0.202336 -0.332129
v 0.142596 0.155778 -0.707656
vn -0.896095 -0.132205 -0.423716
v 0.148540 0.146719 -0.725743
vn 0.804371 0.576500 0.143650
v 0.209622 0.171232 -0.635426
vn 0.656540 0.744310 0.122298
v 0.199920 0.184367 -0.641407
vn 0.600859 0.759060 0.250590
v 0.195779 0.178358 -0.604445
vn -0.730367 0.601794 0.323124
v 0.136417 0.151263 -0.568297
vn -0.938204 -0.070730 -0.338777
v 0.135072 0.138230 -0.694812
vn 0.215226 -0.963419 -0.159693
v 0.174241 0.090239 -0.618679
vn -0.349425 -0.930796 -0.107333
v 0.153288 0.089439 -0.631985
vn -0.194023 -0.939484 -0.282357
v 0.195416 0.134526 -0.769578
vn -0.515410 -0.761740 -0.392563
v 0.178138 0.140808 -0.769155
vn -0.347295 -0.917436 -0.194158
v 0.201024 0.138375 -0.790846
vn -0.937839 0.212154 -0.274679
v 0.163459 0.169264 -0.760456
vn -0.939611 -0.043498 -0.339469
v 0.163262 0.160787 -0.761605
vn -0.733657 -0.485258 -0.475681
v 0.161904 0.139998 -0.745215
vn -0.363007 -0.798365 -0.480458
v 0.171236 0.132518 -0.748259
vn 0.997557 -0.069784 -0.003243
v 0.227133 0.139956 -0.684873
vn 0.861518 -0.496602 -0.105699
v 0.223930 0.127496 -0.692514
vn 0.843877 -0.536524 -0.003742
v 0.227516 0.136730 -0.738104
vn 0.996517 -0.029845 0.077862
v 0.230220 0.147910 -0.732516
vn 0.843730 -0.529403 0.088611
v 0.232074 0.141451 -0.768103
vn 0.987609 0.021501 0.155457
v 0.234856 0.152010 -0.770894
vn 0.567687 -0.803558 -0.178958
v 0.215234 0.121124 -0.701777
vn 0.502933 -0.856045 -0.119355
v 0.219493 0.130625 -0.741737
vn 0.429525 -0.902810 -0.021023
v 0.224421 0.135814 -0.767567
vn 0.324638 -0.913717 -0.244399
v 0.204777 0.115498 -0.702336
vn 0.206846 -0.946263 -0.248599
v 0.205080 0.123997 -0.734410
vn 0.072822 -0.980320 -0.183492
v 0.212890 0.133639 -0.768063
vn 0.032800 -0.998557 -0.042512
v 0.219006 0.135180 -0.792423
vn -0.057246 -0.928953 -0.365745
v 0.189432 0.125520 -0.742793
vn -0.741460 0.643251 -0.190962
v 0.159810 0.180957 -0.722634
vn -0.712993 0.691368 -0.116837
v 0.171144 0.185719 -0.758208
vn -0.535406 0.840178 -0.086263
v 0.175332 0.191508 -0.740785
vn -0.138744 0.990141 -0.019237
v 0.186027 0.195522 -0.736356
vn 0.330820 0.942615 0.045118
v 0.198824 0.194242 -0.732275
vn 0.729807 0.674048 0.114200
v 0.214696 0.184319 -0.743472
vn 0.636104 0.756918 0.149823
v 0.220617 0.188417 -0.796197
vn 0.947493 0.306890 0.089862
v 0.225497 0.156004 -0.695835
vn 0.937060 0.320964 0.137477
v 0.229810 0.162687 -0.757565
vn -0.963906 0.126892 -0.234059
v 0.176279 0.178142 -0.806731
vn -0.902144 -0.278011 -0.329919
v 0.182185 0.174450 -0.823916
vn -0.751514 -0.532996 -0.388770
v 0.174609 0.149757 -0.777121
vn -0.380907 -0.924581 -0.007685
v 0.212086 0.138262 -0.818405
vn -0.815725 0.567180 -0.113576
v 0.181435 0.188493 -0.814234
vn 0.020247 0.999379 0.028836
v 0.198054 0.196153 -0.802521
vn 0.348039 0.932636 0.095176
v 0.210078 0.193754 -0.797439
vn 0.887706 0.409314 0.210810
v 0.238669 0.163092 -0.806309
vn 0.921254 0.294427 0.254172
v 0.218063 0.127785 -0.577945
vn 0.976711 0.092614 0.193539
v 0.221347 0.114119 -0.579898
vn 0.999146 -0.041317 -0.000543
v 0.227558 0.126342 -0.644343
vn 0.956847 0.272678 0.100455
v 0.224905 0.142488 -0.641901
vn 0.858904 -0.497878 0.120006
v 0.204787 0.056598 -0.500822
vn 0.632767 -0.732667 -0.250609
v 0.202575 0.054409 -0.520524
vn 0.097676 -0.880680 -0.463533
v 0.185434 0.057480 -0.537757
vn -0.073659 -0.897728 -0.434348
v 0.179686 0.075306 -0.570388
vn -0.981300 -0.192362 -0.006837
v 0.123477 0.120911 -0.596368
vn -0.711619 -0.695121 -0.102009
v 0.138310 0.098118 -0.628841
vn -0.348680 -0.883484 -0.312853
v 0.149518 0.082304 -0.574958
vn 0.965287 -0.260870 0.012952
v 0.213105 0.082016 -0.539714
vn 0.794551 -0.586416 -0.157497
v 0.210336 0.079489 -0.557856
vn 0.670188 -0.721694 -0.173222
v 0.214849 0.090104 -0.583633
vn 0.955669 -0.290285 0.049311
v 0.217819 0.094812 -0.565741
vn 0.405257 -0.848396 -0.340575
v 0.203004 0.078512 -0.569933
vn 0.105736 -0.924601 -0.365969
v 0.193203 0.081083 -0.582663
vn 0.324070 -0.921504 -0.214031
v 0.206099 0.107002 -0.668334
vn -0.119606 -0.922065 -0.368090
v 0.159888 0.079326 -0.573559
vn 0.025550 -0.958791 -0.282962
v 0.179753 0.086201 -0.597489
vn 0.937481 0.064485 0.342010
v 0.209318 0.074008 -0.493428
vn 0.956851 0.172188 0.234068
v 0.212438 0.096634 -0.534478
vn 0.890099 0.317962 0.326533
v 0.204032 0.110512 -0.525066
vn 0.890227 0.317507 0.326626
v 0.202845 0.128093 -0.534932
vn -0.774365 0.607890 0.175582
v 0.136137 0.164026 -0.601121
vn -0.473410 0.825690 0.306789
v 0.151232 0.174073 -0.591483
vn 0.874578 0.403536 0.268833
v 0.211864 0.147512 -0.582161
vn -0.093285 0.859565 0.502441
v 0.170195 0.150165 -0.536621
vn -0.423075 0.788069 0.447163
v 0.151720 0.159410 -0.562312
vn -0.512519 0.848182 0.133837
v 0.151859 0.184443 -0.629045
vn -0.951102 0.308870 -0.001808
v 0.124920 0.146249 -0.631874
vn -0.900901 0.329554 0.282438
v 0.128984 0.127692 -0.555098
vn -0.996276 0.052910 0.068082
v 0.123354 0.131819 -0.587651
vn -0.990396 -0.108551 -0.085628
v 0.124489 0.129655 -0.640342
vn -0.881852 -0.464600 -0.080526
v 0.128331 0.108396 -0.603651
vn -0.899435 -0.412537 -0.144328
v 0.129818 0.114790 -0.647206
vn -0.141317 0.961899 0.234049
v 0.170186 0.188486 -0.618966
vn 0.209860 0.944439 0.252972
v 0.187002 0.185470 -0.615017
vn -0.137347 -0.990367 0.017565
v 0.153402 0.044070 -0.470539
vn 0.630844 -0.277382 0.724635
v 0.174850 0.060022 -0.449110
vn 0.676329 0.193088 0.710842
v 0.177815 0.081419 -0.449837
vn 0.803302 0.180474 0.567569
v 0.194317 0.077639 -0.470802
vn 0.724031 -0.518360 0.455063
v 0.192973 0.055346 -0.473394
vn 0.368801 -0.737596 0.565631
v 0.165603 0.050676 -0.451147
vn 0.281844 -0.936033 0.210727
v 0.184432 0.044039 -0.483723
vn 0.083879 -0.940442 0.329444
v 0.157205 0.045754 -0.457555
vn -0.184561 -0.943054 -0.276741
v 0.154409 0.049543 -0.513631
vn 0.634699 0.696663 0.334392
v 0.225202 0.190790 -0.820380
vn 0.906063 0.345360 0.244492
v 0.243451 0.172712 -0.833086
vn 0.838206 0.545354 -0.000656
v 0.238246 0.198768 -0.856604
vn 0.849773 0.511578 0.127175
v 0.223088 0.175169 -0.756041
vn 0.841013 0.528778 0.114417
v 0.217648 0.171818 -0.699525
vn 0.984962 0.009356 0.172516
v 0.246338 0.155113 -0.828441
vn 0.591621 -0.801569 0.086434
v 0.240560 0.137872 -0.830018
vn -0.427212 0.903491 -0.034568
v 0.187568 0.194418 -0.800484
vn 0.531714 0.841777 0.093230
v 0.211964 0.189849 -0.768351
vn 0.619360 0.780174 0.087871
v 0.203244 0.188769 -0.697138
vn 0.787993 0.606401 0.106512
v 0.209108 0.181352 -0.685996
vn 0.057683 -0.911265 -0.407760
v 0.177256 0.112847 -0.715680
vn 0.841479 -0.522781 -0.136429
v 0.224922 0.114664 -0.653231
vn 0.563804 -0.796362 -0.218934
v 0.216937 0.109995 -0.660475
vn 0.882923 0.449117 0.136899
v 0.215078 0.158171 -0.622832
vn 0.934962 0.303003 0.184488
v 0.222438 0.135130 -0.608911
vn 0.988390 0.109899 0.104915
v 0.226647 0.122984 -0.618247
vn 0.983498 -0.177889 0.032987
v 0.226681 0.114910 -0.620799
vn 0.787805 -0.605198 -0.114445
v 0.223029 0.107602 -0.631084
vn 0.409236 -0.888942 -0.205691
v 0.211629 0.100794 -0.633061
vn 0.314130 -0.937843 -0.147553
v 0.179775 0.096766 -0.650942
vn 0.175289 -0.969353 -0.172127
v 0.169461 0.092698 -0.652790
vn -0.192951 -0.962437 -0.191013
v 0.154891 0.092106 -0.652922
vn -0.654403 -0.730321 -0.195928
v 0.139423 0.100997 -0.651159
vn 0.891770 0.341188 0.297216
v 0.212435 0.136195 -0.571856
vn 0.333996 -0.903025 -0.270171
v 0.204389 0.091659 -0.606630
vn 0.166092 -0.957752 -0.234785
v 0.185913 0.093802 -0.624519
vn -0.318204 -0.933400 -0.165865
v 0.151718 0.087230 -0.595361
vn -0.672133 -0.730444 -0.121199
v 0.137924 0.094790 -0.591526
vn 0.579892 0.721130 0.379073
v 0.191407 0.135933 -0.523834
vn 0.895309 0.301364 0.328026
v 0.211002 0.116308 -0.546215
vn 0.802018 0.552890 0.226007
v 0.207921 0.163098 -0.598640
vn 0.738684 0.585040 0.334776
v 0.205290 0.154063 -0.574954
vn 0.840374 0.438598 0.318439
v 0.195125 0.127203 -0.515242
vn 0.566007 0.730468 0.382168
v 0.195334 0.170704 -0.583549
vn 0.288425 0.954235 0.079037
v 0.190930 0.192995 -0.661126
vn -0.792598 0.603737 0.085382
v 0.136805 0.170726 -0.624770
vn -0.739330 0.658267 -0.141687
v 0.145303 0.179781 -0.678424
vn -0.477865 0.878107 -0.023951
v 0.157062 0.188966 -0.674325
vn -0.905292 0.405913 -0.125226
v 0.131308 0.157854 -0.664877
vn -0.859254 0.446436 -0.249755
v 0.145880 0.172835 -0.697681
vn -0.873147 0.413828 -0.257605
v 0.151477 0.169381 -0.720847
vn -0.878894 0.434022 -0.197914
v 0.165455 0.177357 -0.757995
vn -0.913541 0.376632 0.153596
v 0.125697 0.141498 -0.589227
vn -0.024059 -0.980336 -0.195861
v 0.165522 0.086235 -0.600867
vn 0.136867 -0.984333 -0.111157
v 0.167440 0.089557 -0.633143
vn -0.635397 -0.724481 -0.267203
v 0.190193 0.148991 -0.804742
vn -0.570737 -0.818276 -0.068442
v 0.204041 0.143193 -0.818549
vn -0.855683 -0.321832 -0.405255
v 0.166382 0.154681 -0.765978
vn -0.340731 -0.937960 -0.064289
v 0.219821 0.136068 -0.882974
vn 0.195573 0.942132 0.272285
v 0.213442 0.206772 -0.879204
vn -0.175839 -0.956011 0.234784
v 0.240154 0.129076 -0.896886
vn 0.819785 0.497292 0.283995
v 0.261338 0.173270 -0.905293
vn 0.939612 0.113594 0.322839
v 0.259903 0.160602 -0.884157
vn 0.919737 0.024152 0.391791
v 0.264617 0.152929 -0.897106
vn 0.836105 -0.392126 0.383621
v 0.255091 0.141207 -0.884743
vn -0.034765 0.876641 0.479887
v 0.193212 0.204274 -0.859346
vn 0.469133 0.869761 0.153066
v 0.217646 0.206821 -0.888253
vn 0.417972 -0.777020 0.470679
v 0.256325 0.129013 -0.899550
vn -0.457626 -0.882338 0.109809
v 0.215961 0.137335 -0.894038
vn -0.884450 -0.429985 0.181276
v 0.195225 0.174887 -0.858845
vn -0.706972 -0.588455 0.392315
v 0.191502 0.162657 -0.878246
vn 0.866031 -0.187882 0.463347
v 0.286528 0.131993 -0.946551
vn 0.715407 0.469096 0.517824
v 0.281979 0.181068 -0.949948
vn 0.819436 0.065046 0.569468
v 0.286557 0.153863 -0.945486
vn -0.421313 -0.860077 0.287686
v 0.265029 0.093923 -0.962401
vn -0.803779 -0.120882 -0.582518
v 0.256861 0.106739 -0.981455
vn -0.553094 0.259092 -0.791807
v 0.269980 0.140720 -0.977743
vn -0.182048 0.716681 -0.673221
v 0.267089 0.188393 -0.960729
vn -0.554834 -0.831909 -0.009289
v 0.234835 0.123325 -0.930497
vn -0.626746 -0.091450 -0.773839
v 0.231889 0.145795 -0.943524
vn -0.748845 0.103924 -0.654546
v 0.248058 0.134555 -0.959742
vn -0.653287 -0.748070 -0.116654
v 0.193414 0.153801 -0.909831
vn -0.660863 -0.473870 -0.581986
v 0.207475 0.149055 -0.923878
vn -0.741338 -0.367997 -0.561246
v 0.232376 0.131673 -0.940158
vn -0.548913 -0.811195 0.201634
v 0.253661 0.109394 -0.943229
vn -0.137404 -0.911352 0.388017
v 0.250445 0.119817 -0.917248
vn -0.001242 -0.846685 0.532093
v 0.267201 0.106913 -0.941423
vn -0.643959 -0.760075 -0.087193
v 0.208245 0.139332 -0.910504
vn -0.624576 -0.740968 -0.246720
v 0.221175 0.131828 -0.925388
vn -0.868152 -0.412484 -0.275987
v 0.246762 0.118183 -0.957676
vn -0.496006 0.293092 -0.817358
v 0.174662 0.205867 -0.911371
vn -0.627818 0.097678 -0.772207
v 0.254438 0.154231 -0.959198
vn -0.519732 -0.255504 -0.815228
v 0.209358 0.162803 -0.930954
vn -0.456410 -0.003400 -0.889763
v 0.199322 0.176570 -0.928422
vn -0.585875 0.072947 -0.807111
v 0.169431 0.188433 -0.912251
vn -0.421563 0.217800 -0.880254
v 0.222243 0.187319 -0.938399
vn -0.496351 0.045225 -0.866943
v 0.228445 0.179924 -0.943199
vn -0.542292 0.189488 -0.818543
v 0.266803 0.162143 -0.969263
vn -0.369282 0.392490 -0.842367
v 0.231045 0.192881 -0.940943
vn 0.030298 0.854976 -0.517782
v 0.229839 0.202107 -0.932634
vn 0.596174 0.767740 0.234843
v 0.233333 0.199381 -0.905564
vn 0.894645 0.024313 0.446115
v 0.278533 0.143773 -0.930518
vn 0.819812 -0.302935 0.485942
v 0.265474 0.135031 -0.905175
vn -0.814462 0.436800 0.381913
v 0.163637 0.212666 -0.882168
vn -0.268837 0.949791 0.160073
v 0.175377 0.224338 -0.891734
vn 0.214946 0.906892 0.362417
v 0.182629 0.222264 -0.886052
vn 0.460406 0.864492 0.201692
v 0.203459 0.219509 -0.898521
vn 0.311349 0.920467 -0.236224
v 0.217236 0.213007 -0.917354
vn 0.552032 0.795642 0.249430
v 0.238659 0.200315 -0.919743
vn 0.142182 0.979189 -0.144819
v 0.193976 0.223356 -0.903860
vn -0.493150 0.744192 -0.450535
v 0.175320 0.222787 -0.904023
vn 0.468842 -0.690566 0.550732
v 0.268373 0.116351 -0.926500
vn 0.612672 0.673021 0.414337
v 0.268098 0.188728 -0.939083
vn 0.403342 0.914266 0.037852
v 0.268130 0.191732 -0.946470
vn 0.388307 0.921508 -0.006400
v 0.240557 0.201115 -0.929341
vn 0.677380 0.641450 0.360136
v 0.259325 0.184528 -0.923822
vn 0.825845 0.331220 0.456370
v 0.274436 0.167493 -0.930466
vn -0.885733 0.250130 -0.391040
v 0.158325 0.203561 -0.898259
vn -0.882523 -0.371097 -0.288861
v 0.161551 0.183951 -0.903248
vn -0.699694 -0.714110 0.021787
v 0.172360 0.169956 -0.900182
vn -0.645137 -0.589201 -0.486457
v 0.180055 0.167138 -0.912622
vn -0.940182 -0.117840 0.319644
v 0.158754 0.197834 -0.888067
vn -0.768281 0.292782 0.569230
v 0.183536 0.199617 -0.859834
vn -0.728464 -0.290077 0.620641
v 0.172729 0.190263 -0.872216
vn -0.915415 -0.387384 0.109310
v 0.188052 0.187703 -0.856993
vn 0.029658 0.967393 0.251537
v 0.208563 0.199964 -0.858498
vn -0.935274 -0.353754 0.011016
v 0.198844 0.161144 -0.862189
vn 0.963343 0.166257 0.210546
v 0.251043 0.162049 -0.859339
vn -0.310937 0.737676 0.599293
v 0.173054 0.216630 -0.876886
vn -0.759913 -0.542838 0.357575
v 0.164033 0.184087 -0.887573
vn -0.186504 0.636951 -0.748004
v 0.186200 0.219106 -0.911037
vn -0.599144 -0.285870 -0.747866
v 0.175378 0.175729 -0.915725
vn -0.630992 -0.733819 0.251711
v 0.182763 0.164686 -0.891859
vn 0.703415 0.078638 0.706416
v 0.293850 0.166203 -0.957479
vn 0.443187 0.885561 -0.139168
v 0.289498 0.182425 -0.968190
vn -0.225122 0.434803 -0.871932
v 0.294579 0.165724 -0.985695
vn -0.709995 -0.696559 -0.103498
v 0.260747 0.097211 -0.975680
vn 0.673174 0.115242 0.730449
v 0.310147 0.149257 -0.975387
vn 0.000000 0.000000 0.000000
v 0.321815 0.146225 -0.993593
vn 0.763834 -0.130035 -0.632178
v 0.323260 0.124049 -0.988465
vn 0.634798 -0.005213 0.772661
v 0.322057 0.124332 -0.974738
vn 0.458707 -0.140011 0.877488
v 0.303033 0.135362 -0.971584
vn 0.942172 0.170223 0.288681
v 0.320243 0.111594 -0.979019
vn 0.242383 -0.102360 -0.964766
v 0.309551 0.123903 -0.992024
vn -0.010062 -0.867160 0.497927
v 0.279953 0.086890 -0.969576
vn 0.432971 0.465581 0.771862
v 0.306694 0.092668 -0.972348
vn -0.138990 0.171654 -0.975303
v 0.298692 0.141391 -0.992191
vn 0.040462 -0.298040 -0.953695
v 0.286874 0.095801 -0.995111
vn -0.445884 0.048721 -0.893764
v 0.269012 0.102541 -0.990942
vn -0.250575 0.184450 -0.950363
v 0.278395 0.119890 -0.990022
vn 0.931555 0.286638 -0.223705
v 0.325497 0.139538 -0.986271
vn 0.468023 -0.414988 -0.780217
v 0.328186 0.096369 -0.991631
vn 0.182537 0.377095 -0.908009
v 0.315818 0.088517 -0.992533
vn -0.060095 0.067563 -0.995903
v 0.307109 0.083021 -0.992271
vn 0.544229 0.774874 -0.321536
v 0.317239 0.095388 -0.985527
vn 0.604620 -0.243254 -0.758460
v 0.324973 0.074058 -0.988960
vn -0.200790 -0.953759 -0.223666
v 0.302989 0.074182 -0.988219
vn 0.725833 0.418893 0.545614
v 0.331868 0.107546 -0.980279
vn 0.172532 -0.475751 0.862493
v 0.313630 0.103440 -0.971454
vn 0.713745 0.510962 -0.479046
v 0.320919 0.158528 -0.985658
vn 0.994338 -0.050671 0.093408
v 0.336404 0.112113 -0.990479
vn -0.419588 -0.628205 -0.655213
v 0.272218 0.092508 -0.989710
vn 0.690702 -0.143291 0.708800
v 0.289813 0.110040 -0.970053
vn 0.728148 -0.559223 0.396320
v 0.284962 0.094327 -0.964659
vn 0.532690 -0.286565 0.796318
v 0.325788 0.081664 -0.977409
vn 0.577176 -0.187199 -0.794874
v 0.304596 0.100703 -0.986811
vn 0.735042 0.287896 0.613864
v 0.300659 0.170113 -0.963115
vn 0.736382 0.163404 0.656537
v 0.322616 0.136959 -0.974093
# 2629 vertices, 0 vertices normals

f 1374//1374 84//84 30//30
f 30//30 1448//1448 1335//1335
f 1999//1999 49//49 2123//2123
f 81//81 32//32 18//18
f 32//32 77//77 14//14
f 2//2 19//19 23//23
f 93//93 2//2 23//23
f 85//85 93//93 31//31
f 85//85 31//31 30//30
f 84//84 85//85 30//30
f 2//2 18//18 19//19
f 77//77 64//64 14//14
f 4//4 3//3 105//105
f 82//82 4//4 107//107
f 21//21 82//82 83//83
f 29//29 140//140 5//5
f 16//16 5//5 105//105
f 16//16 105//105 3//3
f 16//16 29//29 5//5
f 12//12 62//62 29//29
f 13//13 62//62 12//12
f 7//7 11//11 10//10
f 7//7 10//10 17//17
f 7//7 41//41 11//11
f 36//36 6//6 1393//1393
f 2087//2087 14//14 64//64
f 9//9 2087//2087 15//15
f 14//14 2087//2087 9//9
f 9//9 15//15 2086//2086
f 28//28 16//16 3//3
f 27//27 13//13 12//12
f 27//27 12//12 8//8
f 10//10 13//13 27//27
f 27//27 8//8 26//26
f 24//24 10//10 27//27
f 17//17 10//10 24//24
f 6//6 7//7 25//25
f 25//25 1393//1393 6//6
f 8//8 16//16 28//28
f 6//6 36//36 41//41
f 1389//1389 56//56 1327//1327
f 63//63 56//56 1389//1389
f 41//41 7//7 6//6
f 1393//1393 56//56 36//36
f 29//29 8//8 12//12
f 16//16 8//8 29//29
f 1365//1365 3//3 4//4
f 1329//1329 27//27 26//26
f 24//24 27//27 1329//1329
f 26//26 28//28 1330//1330
f 28//28 3//3 1325//1325
f 28//28 1325//1325 1330//1330
f 8//8 28//28 26//26
f 25//25 7//7 1391//1391
f 1393//1393 25//25 1392//1392
f 1340//1340 56//56 1393//1393
f 1328//1328 1327//1327 56//56
f 1328//1328 56//56 1340//1340
f 1391//1391 24//24 1329//1329
f 1391//1391 17//17 24//24
f 1391//1391 7//7 17//17
f 1368//1368 26//26 1330//1330
f 1329//1329 26//26 1368//1368
f 1365//1365 21//21 1337//1337
f 93//93 23//23 22//22
f 31//31 22//22 1448//1448
f 31//31 93//93 22//22
f 30//30 31//31 1448//1448
f 1374//1374 1//1 84//84
f 1374//1374 1372//1372 1//1
f 21//21 1//1 1372//1372
f 21//21 1372//1372 1337//1337
f 23//23 19//19 1443//1443
f 23//23 1443//1443 1444//1444
f 22//22 23//23 1444//1444
f 22//22 1444//1444 1445//1445
f 1448//1448 22//22 1445//1445
f 1374//1374 30//30 1335//1335
f 1374//1374 1335//1335 1441//1441
f 32//32 14//14 20//20
f 20//20 1369//1369 18//18
f 20//20 1440//1440 1369//1369
f 14//14 9//9 20//20
f 20//20 18//18 32//32
f 19//19 18//18 1369//1369
f 19//19 1369//1369 1443//1443
f 3//3 1362//1362 1325//1325
f 3//3 1365//1365 1362//1362
f 2086//2086 63//63 1331//1331
f 1331//1331 63//63 1390//1390
f 1390//1390 63//63 1389//1389
f 82//82 21//21 1365//1365
f 1365//1365 4//4 82//82
f 136//136 146//146 60//60
f 37//37 64//64 134//134
f 60//60 146//146 145//145
f 59//59 33//33 58//58
f 144//144 47//47 58//58
f 144//144 58//58 33//33
f 48//48 137//137 44//44
f 150//150 151//151 35//35
f 151//151 34//34 35//35
f 138//138 48//48 47//47
f 140//140 40//40 151//151
f 140//140 29//29 40//40
f 34//34 151//151 40//40
f 2087//2087 64//64 37//37
f 13//13 10//10 43//43
f 56//56 63//63 57//57
f 62//62 13//13 42//42
f 13//13 43//43 42//42
f 43//43 10//10 11//11
f 1992//1992 36//36 56//56
f 61//61 136//136 45//45
f 38//38 55//55 53//53
f 2087//2087 37//37 2124//2124
f 40//40 39//39 52//52
f 62//62 42//42 38//38
f 38//38 42//42 55//55
f 42//42 43//43 55//55
f 11//11 41//41 54//54
f 43//43 11//11 54//54
f 54//54 41//41 2075//2075
f 38//38 39//39 62//62
f 40//40 29//29 39//39
f 52//52 39//39 38//38
f 39//39 29//29 62//62
f 54//54 55//55 43//43
f 35//35 34//34 44//44
f 36//36 1992//1992 2076//2076
f 53//53 55//55 2073//2073
f 1990//1990 34//34 40//40
f 1990//1990 40//40 2049//2049
f 40//40 52//52 2049//2049
f 2075//2075 41//41 2076//2076
f 41//41 36//36 2076//2076
f 52//52 38//38 53//53
f 1992//1992 56//56 2069//2069
f 2073//2073 55//55 2074//2074
f 55//55 54//54 1986//1986
f 55//55 1986//1986 2074//2074
f 54//54 2075//2075 1986//1986
f 52//52 53//53 2072//2072
f 52//52 2072//2072 2049//2049
f 53//53 2073//2073 2072//2072
f 2050//2050 60//60 51//51
f 60//60 145//145 51//51
f 46//46 51//51 50//50
f 46//46 50//50 1999//1999
f 51//51 145//145 50//50
f 1999//1999 50//50 49//49
f 50//50 59//59 49//49
f 49//49 58//58 2127//2127
f 47//47 2001//2001 2127//2127
f 47//47 2127//2127 58//58
f 48//48 2055//2055 2001//2001
f 48//48 2001//2001 47//47
f 34//34 2000//2000 44//44
f 2050//2050 51//51 2056//2056
f 2056//2056 51//51 46//46
f 2123//2123 49//49 2127//2127
f 136//136 2126//2126 45//45
f 2126//2126 136//136 60//60
f 2126//2126 60//60 2050//2050
f 2000//2000 34//34 1990//1990
f 48//48 44//44 2000//2000
f 48//48 2000//2000 2055//2055
f 63//63 2086//2086 1988//1988
f 63//63 1988//1988 57//57
f 59//59 58//58 49//49
f 57//57 2069//2069 56//56
f 45//45 2124//2124 37//37
f 61//61 45//45 37//37
f 2086//2086 2068//2068 1988//1988
f 107//107 4//4 99//99
f 99//99 4//4 105//105
f 100//100 95//95 99//99
f 162//162 354//354 149//149
f 164//164 76//76 234//234
f 76//76 210//210 234//234
f 168//168 65//65 199//199
f 101//101 91//91 168//168
f 69//69 211//211 212//212
f 69//69 212//212 206//206
f 108//108 201//201 211//211
f 108//108 211//211 69//69
f 76//76 209//209 210//210
f 76//76 109//109 209//209
f 209//209 71//71 208//208
f 109//109 67//67 71//71
f 109//109 71//71 209//209
f 109//109 110//110 67//67
f 71//71 70//70 207//207
f 71//71 207//207 208//208
f 67//67 70//70 71//71
f 68//68 69//69 206//206
f 68//68 206//206 205//205
f 66//66 108//108 69//69
f 66//66 69//69 68//68
f 89//89 68//68 205//205
f 89//89 205//205 240//240
f 113//113 66//66 68//68
f 113//113 68//68 89//89
f 168//168 91//91 65//65
f 101//101 168//168 254//254
f 80//80 135//135 73//73
f 135//135 92//92 73//73
f 79//79 72//72 100//100
f 73//73 92//92 72//72
f 73//73 72//72 79//79
f 86//86 87//87 2//2
f 86//86 2//2 93//93
f 85//85 86//86 93//93
f 84//84 111//111 85//85
f 163//163 88//88 78//78
f 88//88 77//77 78//78
f 114//114 75//75 87//87
f 86//86 114//114 87//87
f 75//75 90//90 87//87
f 73//73 79//79 80//80
f 5//5 80//80 79//79
f 105//105 5//5 79//79
f 107//107 106//106 82//82
f 84//84 1//1 115//115
f 83//83 82//82 106//106
f 87//87 90//90 81//81
f 87//87 81//81 2//2
f 116//116 78//78 77//77
f 74//74 111//111 202//202
f 108//108 114//114 74//74
f 108//108 66//66 114//114
f 76//76 78//78 109//109
f 113//113 75//75 114//114
f 113//113 114//114 66//66
f 111//111 112//112 258//258
f 111//111 258//258 202//202
f 110//110 109//109 78//78
f 164//164 234//234 329//329
f 70//70 89//89 240//240
f 70//70 240//240 207//207
f 67//67 113//113 89//89
f 67//67 89//89 70//70
f 110//110 113//113 67//67
f 142//142 65//65 91//91
f 92//92 143//143 91//91
f 91//91 101//101 72//72
f 91//91 72//72 92//92
f 21//21 83//83 1//1
f 2//2 81//81 18//18
f 32//32 81//81 116//116
f 32//32 116//116 77//77
f 64//64 77//77 88//88
f 94//94 97//97 255//255
f 101//101 95//95 72//72
f 72//72 95//95 100//100
f 104//104 103//103 106//106
f 96//96 115//115 1//1
f 96//96 1//1 83//83
f 83//83 106//106 96//96
f 99//99 105//105 100//100
f 105//105 79//79 100//100
f 96//96 97//97 94//94
f 112//112 96//96 94//94
f 112//112 94//94 258//258
f 104//104 106//106 107//107
f 104//104 107//107 99//99
f 98//98 256//256 103//103
f 102//102 254//254 249//249
f 256//256 255//255 103//103
f 253//253 98//98 102//102
f 95//95 102//102 98//98
f 97//97 103//103 255//255
f 101//101 102//102 95//95
f 104//104 98//98 103//103
f 256//256 98//98 253//253
f 99//99 95//95 98//98
f 99//99 98//98 104//104
f 101//101 254//254 102//102
f 65//65 117//117 362//362
f 5//5 140//140 80//80
f 163//163 76//76 164//164
f 163//163 78//78 76//76
f 85//85 74//74 86//86
f 111//111 74//74 85//85
f 111//111 84//84 115//115
f 202//202 201//201 74//74
f 108//108 74//74 201//201
f 110//110 78//78 116//116
f 110//110 116//116 90//90
f 110//110 90//90 113//113
f 113//113 90//90 75//75
f 116//116 81//81 90//90
f 86//86 74//74 114//114
f 115//115 112//112 111//111
f 115//115 96//96 112//112
f 96//96 106//106 103//103
f 96//96 103//103 97//97
f 118//118 117//117 127//127
f 300//300 294//294 119//119
f 300//300 119//119 123//123
f 126//126 125//125 299//299
f 133//133 156//156 125//125
f 298//298 120//120 125//125
f 298//298 125//125 126//126
f 120//120 133//133 125//125
f 120//120 159//159 133//133
f 124//124 120//120 298//298
f 124//124 141//141 120//120
f 123//123 119//119 121//121
f 123//123 121//121 122//122
f 122//122 141//141 343//343
f 122//122 121//121 141//141
f 152//152 130//130 295//295
f 120//120 141//141 157//157
f 120//120 157//157 159//159
f 119//119 155//155 121//121
f 294//294 155//155 119//119
f 127//127 117//117 65//65
f 128//128 352//352 127//127
f 65//65 142//142 127//127
f 301//301 118//118 127//127
f 143//143 92//92 135//135
f 135//135 129//129 143//143
f 129//129 128//128 143//143
f 146//146 139//139 145//145
f 153//153 88//88 163//163
f 140//140 135//135 80//80
f 134//134 88//88 153//153
f 145//145 139//139 131//131
f 130//130 145//145 131//131
f 135//135 140//140 129//129
f 129//129 140//140 151//151
f 137//137 35//35 44//44
f 145//145 130//130 59//59
f 33//33 59//59 130//130
f 160//160 144//144 33//33
f 160//160 33//33 161//161
f 144//144 160//160 138//138
f 137//137 48//48 138//138
f 134//134 153//153 154//154
f 294//294 131//131 155//155
f 132//132 121//121 155//155
f 133//133 153//153 156//156
f 132//132 158//158 157//157
f 132//132 157//157 121//121
f 152//152 161//161 130//130
f 130//130 131//131 294//294
f 133//133 159//159 153//153
f 329//329 299//299 164//164
f 299//299 125//125 164//164
f 125//125 156//156 164//164
f 88//88 134//134 64//64
f 343//343 141//141 124//124
f 121//121 157//157 141//141
f 91//91 143//143 142//142
f 128//128 127//127 142//142
f 128//128 142//142 143//143
f 144//144 138//138 47//47
f 145//145 59//59 50//50
f 136//136 61//61 154//154
f 134//134 154//154 61//61
f 134//134 61//61 37//37
f 150//150 148//148 128//128
f 352//352 128//128 148//148
f 137//137 162//162 149//149
f 137//137 149//149 35//35
f 160//160 162//162 138//138
f 137//137 138//138 162//162
f 150//150 129//129 151//151
f 353//353 160//160 147//147
f 147//147 160//160 161//161
f 147//147 161//161 152//152
f 353//353 354//354 162//162
f 150//150 128//128 129//129
f 35//35 149//149 150//150
f 348//348 352//352 148//148
f 148//148 149//149 354//354
f 148//148 150//150 149//149
f 132//132 139//139 146//146
f 161//161 33//33 130//130
f 158//158 132//132 146//146
f 158//158 146//146 136//136
f 131//131 139//139 155//155
f 294//294 295//295 130//130
f 139//139 132//132 155//155
f 154//154 159//159 157//157
f 153//153 159//159 154//154
f 164//164 156//156 163//163
f 163//163 156//156 153//153
f 158//158 154//154 157//157
f 158//158 136//136 154//154
f 353//353 162//162 160//160
f 184//184 190//190 189//189
f 219//219 167//167 224//224
f 219//219 166//166 167//167
f 265//265 257//257 254//254
f 234//234 184//184 189//189
f 317//317 575//575 636//636
f 178//178 633//633 169//169
f 191//191 190//190 236//236
f 234//234 210//210 184//184
f 246//246 251//251 94//94
f 247//247 245//245 244//244
f 336//336 280//280 282//282
f 319//319 314//314 324//324
f 311//311 993//993 315//315
f 315//315 314//314 311//311
f 351//351 301//301 352//352
f 970//970 967//967 291//291
f 985//985 277//277 276//276
f 323//323 324//324 395//395
f 339//339 336//336 284//284
f 126//126 299//299 282//282
f 241//241 381//381 172//172
f 174//174 214//214 375//375
f 167//167 374//374 224//224
f 375//375 173//173 381//381
f 241//241 171//171 364//364
f 381//381 227//227 172//172
f 214//214 173//173 375//375
f 228//228 166//166 174//174
f 167//167 166//166 228//228
f 225//225 229//229 230//230
f 330//330 235//235 192//192
f 330//330 192//192 187//187
f 330//330 187//187 233//233
f 191//191 192//192 235//235
f 236//236 186//186 191//191
f 272//272 636//636 262//262
f 317//317 636//636 272//272
f 227//227 173//173 169//169
f 172//172 227//227 620//620
f 172//172 620//620 621//621
f 172//172 598//598 171//171
f 598//598 172//172 621//621
f 242//242 600//600 357//357
f 317//317 357//357 600//600
f 233//233 188//188 230//230
f 232//232 585//585 226//226
f 222//222 594//594 231//231
f 222//222 223//223 225//225
f 229//229 225//225 224//224
f 223//223 224//224 225//225
f 224//224 223//223 219//219
f 596//596 579//579 215//215
f 222//222 226//226 594//594
f 218//218 221//221 174//174
f 218//218 174//174 166//166
f 216//216 220//220 221//221
f 216//216 221//221 218//218
f 215//215 220//220 216//216
f 221//221 214//214 174//174
f 220//220 170//170 214//214
f 220//220 214//214 221//221
f 217//217 218//218 166//166
f 217//217 166//166 219//219
f 593//593 216//216 218//218
f 593//593 218//218 217//217
f 596//596 215//215 216//216
f 596//596 216//216 593//593
f 170//170 173//173 214//214
f 170//170 169//169 173//173
f 264//264 198//198 592//592
f 266//266 200//200 213//213
f 213//213 196//196 264//264
f 263//263 200//200 266//266
f 200//200 196//196 213//213
f 199//199 265//265 168//168
f 199//199 266//266 265//265
f 199//199 362//362 266//266
f 250//250 592//592 637//637
f 248//248 592//592 250//250
f 257//257 264//264 248//248
f 257//257 213//213 264//264
f 265//265 213//213 257//257
f 248//248 264//264 592//592
f 266//266 213//213 265//265
f 206//206 212//212 193//193
f 206//206 193//193 181//181
f 204//204 179//179 193//193
f 204//204 193//193 212//212
f 211//211 203//203 204//204
f 211//211 204//204 212//212
f 201//201 202//202 203//203
f 201//201 203//203 211//211
f 210//210 209//209 184//184
f 209//209 208//208 183//183
f 209//209 183//183 184//184
f 208//208 207//207 238//238
f 208//208 238//238 183//183
f 205//205 206//206 181//181
f 205//205 181//181 180//180
f 240//240 205//205 180//180
f 240//240 180//180 239//239
f 204//204 261//261 260//260
f 204//204 260//260 179//179
f 203//203 259//259 261//261
f 203//203 261//261 204//204
f 202//202 258//258 259//259
f 202//202 259//259 203//203
f 362//362 199//199 65//65
f 200//200 267//267 196//196
f 200//200 263//263 267//267
f 263//263 262//262 267//267
f 264//264 196//196 198//198
f 362//362 263//263 266//266
f 175//175 263//263 362//362
f 198//198 623//623 637//637
f 198//198 197//197 624//624
f 198//198 624//624 623//623
f 198//198 196//196 197//197
f 197//197 548//548 624//624
f 197//197 195//195 548//548
f 196//196 195//195 197//197
f 195//195 635//635 548//548
f 195//195 194//194 635//635
f 195//195 196//196 194//194
f 175//175 272//272 262//262
f 262//262 636//636 267//267
f 263//263 175//175 262//262
f 181//181 193//193 586//586
f 179//179 576//576 586//586
f 179//179 586//586 193//193
f 187//187 232//232 188//188
f 186//186 182//182 232//232
f 185//185 237//237 182//182
f 236//236 237//237 185//185
f 180//180 181//181 601//601
f 180//180 601//601 584//584
f 239//239 180//180 584//584
f 239//239 584//584 602//602
f 176//176 220//220 215//215
f 220//220 177//177 170//170
f 176//176 177//177 220//220
f 579//579 176//176 215//215
f 179//179 260//260 631//631
f 179//179 631//631 576//576
f 575//575 317//317 600//600
f 178//178 169//169 619//619
f 177//177 619//619 170//170
f 619//619 169//169 170//170
f 265//265 254//254 168//168
f 228//228 370//370 367//367
f 370//370 375//375 373//373
f 370//370 377//377 367//367
f 228//228 367//367 167//167
f 174//174 370//370 228//228
f 375//375 370//370 174//174
f 381//381 373//373 375//375
f 167//167 367//367 374//374
f 331//331 233//233 230//230
f 331//331 230//230 229//229
f 236//236 185//185 186//186
f 188//188 232//232 226//226
f 230//230 222//222 225//225
f 222//222 231//231 223//223
f 229//229 224//224 374//374
f 217//217 219//219 223//223
f 217//217 223//223 231//231
f 186//186 192//192 191//191
f 329//329 234//234 189//189
f 329//329 189//189 165//165
f 330//330 233//233 331//331
f 235//235 190//190 191//191
f 165//165 189//189 190//190
f 226//226 222//222 230//230
f 226//226 230//230 188//188
f 182//182 585//585 232//232
f 192//192 186//186 232//232
f 192//192 232//232 187//187
f 188//188 233//233 187//187
f 182//182 186//186 185//185
f 236//236 184//184 183//183
f 236//236 183//183 238//238
f 236//236 238//238 237//237
f 602//602 584//584 578//578
f 184//184 236//236 190//190
f 235//235 165//165 190//190
f 238//238 602//602 237//237
f 239//239 602//602 238//238
f 207//207 240//240 239//239
f 207//207 239//239 238//238
f 237//237 602//602 544//544
f 237//237 544//544 182//182
f 227//227 169//169 620//620
f 633//633 621//621 620//620
f 241//241 172//172 171//171
f 357//357 363//363 242//242
f 244//244 245//245 243//243
f 244//244 251//251 246//246
f 244//244 246//246 247//247
f 261//261 244//244 243//243
f 261//261 243//243 260//260
f 259//259 251//251 244//244
f 259//259 244//244 261//261
f 258//258 251//251 259//259
f 258//258 94//94 251//251
f 243//243 245//245 630//630
f 243//243 630//630 632//632
f 245//245 252//252 630//630
f 260//260 243//243 632//632
f 260//260 632//632 631//631
f 252//252 250//250 637//637
f 247//247 246//246 255//255
f 94//94 255//255 246//246
f 248//248 249//249 257//257
f 247//247 250//250 252//252
f 250//250 249//249 248//248
f 250//250 247//247 256//256
f 249//249 250//250 253//253
f 253//253 250//250 256//256
f 254//254 257//257 249//249
f 247//247 252//252 245//245
f 102//102 249//249 253//253
f 255//255 256//256 247//247
f 242//242 363//363 382//382
f 382//382 363//363 365//365
f 403//403 363//363 357//357
f 196//196 267//267 194//194
f 267//267 588//588 194//194
f 227//227 381//381 173//173
f 393//393 320//320 322//322
f 269//269 345//345 400//400
f 345//345 344//344 397//397
f 345//345 318//318 344//344
f 320//320 271//271 322//322
f 271//271 321//321 322//322
f 324//324 229//229 374//374
f 325//325 229//229 326//326
f 324//324 326//326 229//229
f 282//282 299//299 329//329
f 282//282 329//329 328//328
f 175//175 362//362 275//275
f 334//334 235//235 330//330
f 331//331 334//334 330//330
f 334//334 284//284 235//235
f 336//336 282//282 328//328
f 336//336 328//328 284//284
f 339//339 284//284 334//334
f 286//286 272//272 175//175
f 286//286 287//287 272//272
f 287//287 317//317 272//272
f 361//361 988//988 1016//1016
f 318//318 345//345 269//269
f 1017//1017 269//269 358//358
f 269//269 988//988 318//318
f 269//269 1017//1017 988//988
f 998//998 357//357 317//317
f 325//325 283//283 331//331
f 996//996 333//333 332//332
f 996//996 279//279 333//333
f 324//324 316//316 326//326
f 324//324 314//314 316//316
f 314//314 315//315 316//316
f 311//311 314//314 319//319
f 989//989 993//993 311//311
f 310//310 946//946 989//989
f 271//271 312//312 321//321
f 271//271 313//313 310//310
f 271//271 310//310 312//312
f 320//320 309//309 271//271
f 309//309 313//313 271//271
f 321//321 312//312 311//311
f 321//321 311//311 319//319
f 312//312 310//310 989//989
f 312//312 989//989 311//311
f 268//268 309//309 320//320
f 361//361 268//268 320//320
f 361//361 320//320 270//270
f 303//303 308//308 302//302
f 308//308 306//306 302//302
f 292//292 307//307 306//306
f 307//307 359//359 360//360
f 292//292 306//306 308//308
f 292//292 359//359 307//307
f 352//352 301//301 127//127
f 305//305 117//117 118//118
f 305//305 275//275 117//117
f 301//301 360//360 305//305
f 301//301 305//305 118//118
f 306//306 351//351 302//302
f 304//304 303//303 302//302
f 285//285 300//300 123//123
f 285//285 123//123 277//277
f 285//285 975//975 297//297
f 285//285 297//297 300//300
f 297//297 296//296 300//300
f 296//296 294//294 300//300
f 295//295 294//294 296//296
f 280//280 126//126 282//282
f 280//280 298//298 126//126
f 277//277 123//123 122//122
f 277//277 122//122 276//276
f 276//276 122//122 343//343
f 276//276 343//343 342//342
f 355//355 356//356 297//297
f 355//355 297//297 975//975
f 356//356 296//296 297//297
f 356//356 295//295 296//296
f 117//117 275//275 362//362
f 1026//1026 286//286 293//293
f 286//286 359//359 293//293
f 292//292 293//293 359//359
f 275//275 359//359 175//175
f 970//970 291//291 303//303
f 308//308 303//303 291//291
f 291//291 290//290 308//308
f 290//290 292//292 308//308
f 290//290 291//291 967//967
f 289//289 288//288 290//290
f 288//288 292//292 290//290
f 288//288 293//293 292//292
f 1025//1025 293//293 288//288
f 998//998 317//317 287//287
f 998//998 287//287 1026//1026
f 286//286 175//175 359//359
f 978//978 285//285 277//277
f 978//978 277//277 985//985
f 978//978 975//975 285//285
f 333//333 281//281 283//283
f 281//281 334//334 283//283
f 327//327 337//337 339//339
f 333//333 327//327 281//281
f 278//278 338//338 340//340
f 278//278 298//298 280//280
f 985//985 276//276 1001//1001
f 1001//1001 276//276 342//342
f 1001//1001 342//342 1000//1000
f 313//313 274//274 945//945
f 313//313 945//945 310//310
f 309//309 273//273 274//274
f 309//309 274//274 313//313
f 268//268 959//959 273//273
f 268//268 273//273 309//309
f 310//310 945//945 957//957
f 310//310 957//957 946//946
f 268//268 361//361 1016//1016
f 389//389 322//322 323//323
f 394//394 322//322 389//389
f 389//389 323//323 395//395
f 323//323 321//321 319//319
f 323//323 322//322 321//321
f 322//322 394//394 393//393
f 393//393 270//270 320//320
f 323//323 319//319 324//324
f 325//325 331//331 229//229
f 315//315 332//332 316//316
f 336//336 339//339 337//337
f 336//336 337//337 338//338
f 333//333 279//279 327//327
f 281//281 339//339 334//334
f 374//374 395//395 324//324
f 325//325 326//326 316//316
f 328//328 329//329 165//165
f 284//284 328//328 165//165
f 316//316 332//332 325//325
f 283//283 325//325 332//332
f 327//327 339//339 281//281
f 332//332 333//333 283//283
f 334//334 331//331 283//283
f 340//340 337//337 327//327
f 340//340 327//327 279//279
f 338//338 337//337 340//340
f 340//340 279//279 335//335
f 278//278 280//280 338//338
f 335//335 278//278 340//340
f 341//341 278//278 335//335
f 338//338 280//280 336//336
f 284//284 165//165 235//235
f 341//341 1000//1000 278//278
f 1000//1000 298//298 278//278
f 1000//1000 342//342 298//298
f 342//342 343//343 124//124
f 342//342 124//124 298//298
f 361//361 270//270 318//318
f 361//361 318//318 988//988
f 270//270 344//344 318//318
f 147//147 152//152 347//347
f 346//346 347//347 356//356
f 346//346 356//356 355//355
f 347//347 152//152 356//356
f 152//152 295//295 356//356
f 349//349 304//304 350//350
f 304//304 302//302 350//350
f 349//349 353//353 147//147
f 302//302 348//348 350//350
f 302//302 351//351 348//348
f 354//354 353//353 350//350
f 147//147 347//347 349//349
f 348//348 148//148 354//354
f 349//349 347//347 346//346
f 354//354 350//350 348//348
f 351//351 352//352 348//348
f 350//350 353//353 349//349
f 358//358 385//385 403//403
f 358//358 357//357 998//998
f 358//358 403//403 357//357
f 360//360 359//359 275//275
f 306//306 307//307 351//351
f 307//307 301//301 351//351
f 307//307 360//360 301//301
f 360//360 275//275 305//305
f 287//287 286//286 1026//1026
f 959//959 268//268 1016//1016
f 404//404 411//411 406//406
f 365//365 369//369 379//379
f 385//385 369//369 365//365
f 365//365 363//363 403//403
f 367//367 377//377 376//376
f 455//455 371//371 416//416
f 373//373 372//372 377//377
f 377//377 372//372 410//410
f 404//404 384//384 411//411
f 404//404 383//383 384//384
f 405//405 383//383 404//404
f 405//405 373//373 383//383
f 410//410 409//409 376//376
f 412//412 371//371 455//455
f 371//371 412//412 368//368
f 384//384 366//366 380//380
f 384//384 380//380 411//411
f 384//384 383//383 366//366
f 376//376 377//377 410//410
f 373//373 377//377 370//370
f 381//381 383//383 373//373
f 369//369 388//388 378//378
f 367//367 395//395 374//374
f 241//241 380//380 366//366
f 241//241 366//366 383//383
f 241//241 383//383 381//381
f 241//241 368//368 380//380
f 382//382 364//364 171//171
f 369//369 378//378 379//379
f 378//378 371//371 379//379
f 378//378 416//416 371//371
f 369//369 385//385 388//388
f 371//371 368//368 379//379
f 365//365 379//379 364//364
f 364//364 379//379 368//368
f 380//380 412//412 411//411
f 382//382 365//365 364//364
f 364//364 368//368 241//241
f 380//380 368//368 412//412
f 345//345 396//396 400//400
f 402//402 385//385 400//400
f 394//394 407//407 393//393
f 388//388 387//387 401//401
f 396//396 399//399 387//387
f 397//397 399//399 396//396
f 388//388 402//402 387//387
f 398//398 344//344 393//393
f 409//409 390//390 386//386
f 401//401 391//391 392//392
f 399//399 397//397 398//398
f 367//367 376//376 395//395
f 409//409 386//386 389//389
f 409//409 389//389 395//395
f 386//386 394//394 389//389
f 386//386 407//407 394//394
f 407//407 539//539 398//398
f 539//539 399//399 398//398
f 387//387 391//391 401//401
f 376//376 409//409 395//395
f 393//393 344//344 270//270
f 397//397 396//396 345//345
f 388//388 385//385 402//402
f 400//400 358//358 269//269
f 396//396 387//387 402//402
f 388//388 401//401 378//378
f 416//416 378//378 401//401
f 387//387 399//399 391//391
f 385//385 358//358 400//400
f 402//402 400//400 396//396
f 397//397 344//344 398//398
f 403//403 385//385 365//365
f 399//399 539//539 391//391
f 398//398 393//393 407//407
f 412//412 455//455 460//460
f 406//406 411//411 460//460
f 405//405 372//372 373//373
f 412//412 460//460 411//411
f 410//410 444//444 418//418
f 372//372 444//444 410//410
f 401//401 392//392 416//416
f 418//418 390//390 409//409
f 492//492 491//491 386//386
f 521//521 539//539 491//491
f 418//418 409//409 410//410
f 386//386 491//491 407//407
f 539//539 407//407 491//491
f 390//390 408//408 492//492
f 386//386 390//390 492//492
f 439//439 466//466 509//509
f 417//417 469//469 421//421
f 475//475 477//477 471//471
f 524//524 517//517 487//487
f 426//426 435//435 433//433
f 469//469 417//417 433//433
f 448//448 425//425 429//429
f 442//442 426//426 432//432
f 432//432 426//426 429//429
f 432//432 429//429 431//431
f 431//431 429//429 430//430
f 405//405 443//443 444//444
f 431//431 430//430 443//443
f 430//430 429//429 428//428
f 443//443 427//427 444//444
f 443//443 430//430 427//427
f 430//430 436//436 427//427
f 430//430 428//428 436//436
f 428//428 450//450 436//436
f 444//444 427//427 440//440
f 427//427 436//436 438//438
f 427//427 438//438 440//440
f 406//406 435//435 442//442
f 435//435 426//426 442//442
f 448//448 424//424 425//425
f 425//425 424//424 422//422
f 425//425 422//422 423//423
f 421//421 449//449 445//445
f 423//423 422//422 420//420
f 445//445 449//449 446//446
f 433//433 448//448 426//426
f 446//446 437//437 441//441
f 449//449 437//437 446//446
f 456//456 439//439 437//437
f 436//436 451//451 438//438
f 436//436 450//450 451//451
f 540//540 451//451 450//450
f 420//420 413//413 540//540
f 424//424 421//421 445//445
f 405//405 444//444 372//372
f 406//406 442//442 404//404
f 448//448 417//417 421//421
f 448//448 433//433 417//417
f 448//448 421//421 424//424
f 446//446 441//441 507//507
f 424//424 445//445 422//422
f 422//422 445//445 446//446
f 422//422 446//446 419//419
f 419//419 446//446 507//507
f 419//419 507//507 447//447
f 422//422 419//419 420//420
f 413//413 419//419 447//447
f 420//420 419//419 413//413
f 421//421 456//456 449//449
f 449//449 456//456 437//437
f 439//439 456//456 466//466
f 405//405 442//442 443//443
f 443//443 442//442 432//432
f 443//443 432//432 431//431
f 429//429 426//426 448//448
f 405//405 404//404 442//442
f 450//450 423//423 420//420
f 450//450 428//428 425//425
f 450//450 425//425 423//423
f 428//428 429//429 425//425
f 540//540 450//450 420//420
f 461//461 515//515 462//462
f 512//512 515//515 461//461
f 470//470 465//465 452//452
f 516//516 467//467 414//414
f 455//455 434//434 460//460
f 461//461 434//434 455//455
f 416//416 392//392 453//453
f 469//469 433//433 457//457
f 434//434 459//459 460//460
f 462//462 470//470 415//415
f 462//462 415//415 461//461
f 479//479 470//470 462//462
f 533//533 462//462 515//515
f 533//533 479//479 462//462
f 461//461 416//416 453//453
f 461//461 415//415 434//434
f 470//470 452//452 415//415
f 461//461 455//455 416//416
f 452//452 457//457 468//468
f 457//457 458//458 468//468
f 468//468 434//434 415//415
f 452//452 454//454 457//457
f 466//466 456//456 467//467
f 414//414 457//457 454//454
f 464//464 435//435 459//459
f 433//433 463//463 458//458
f 464//464 433//433 435//435
f 463//463 433//433 464//464
f 435//435 460//460 459//459
f 458//458 463//463 464//464
f 458//458 464//464 459//459
f 465//465 414//414 454//454
f 516//516 414//414 465//465
f 470//470 526//526 516//516
f 516//516 523//523 466//466
f 516//516 466//466 467//467
f 469//469 456//456 421//421
f 467//467 456//456 469//469
f 414//414 469//469 457//457
f 467//467 469//469 414//414
f 516//516 465//465 470//470
f 458//458 459//459 468//468
f 468//468 459//459 434//434
f 465//465 454//454 452//452
f 458//458 457//457 433//433
f 460//460 435//435 406//406
f 473//473 471//471 533//533
f 472//472 474//474 473//473
f 471//471 473//473 475//475
f 473//473 476//476 475//475
f 473//473 533//533 472//472
f 533//533 471//471 538//538
f 474//474 476//476 473//473
f 528//528 529//529 474//474
f 529//529 476//476 474//474
f 537//537 475//475 476//476
f 477//477 475//475 537//537
f 478//478 537//537 476//476
f 468//468 415//415 452//452
f 497//497 492//492 482//482
f 509//509 508//508 496//496
f 483//483 524//524 487//487
f 488//488 506//506 482//482
f 510//510 482//482 492//492
f 488//488 482//482 510//510
f 493//493 510//510 408//408
f 494//494 510//510 493//493
f 488//488 510//510 494//494
f 504//504 408//408 390//390
f 485//485 493//493 408//408
f 485//485 408//408 504//504
f 494//494 493//493 485//485
f 501//501 494//494 485//485
f 511//511 489//489 494//494
f 511//511 494//494 501//501
f 485//485 504//504 440//440
f 506//506 487//487 482//482
f 490//490 506//506 488//488
f 503//503 506//506 490//490
f 503//503 490//490 486//486
f 500//500 483//483 505//505
f 486//486 490//490 502//502
f 440//440 504//504 444//444
f 438//438 501//501 485//485
f 438//438 485//485 440//440
f 487//487 522//522 497//497
f 437//437 496//496 441//441
f 439//439 496//496 437//437
f 439//439 509//509 496//496
f 413//413 502//502 540//540
f 447//447 486//486 502//502
f 447//447 502//502 413//413
f 447//447 507//507 486//486
f 451//451 501//501 438//438
f 451//451 511//511 501//501
f 540//540 511//511 451//451
f 441//441 496//496 500//500
f 496//496 508//508 500//500
f 507//507 505//505 486//486
f 444//444 504//504 418//418
f 506//506 483//483 487//487
f 483//483 506//506 503//503
f 505//505 483//483 503//503
f 441//441 505//505 507//507
f 504//504 390//390 418//418
f 441//441 500//500 505//505
f 487//487 497//497 482//482
f 505//505 503//503 486//486
f 500//500 495//495 483//483
f 495//495 524//524 483//483
f 508//508 495//495 500//500
f 492//492 408//408 510//510
f 490//490 489//489 511//511
f 490//490 511//511 502//502
f 490//490 488//488 489//489
f 540//540 502//502 511//511
f 489//489 488//488 494//494
f 512//512 461//461 453//453
f 518//518 526//526 479//479
f 479//479 526//526 470//470
f 484//484 517//517 480//480
f 391//391 512//512 453//453
f 513//513 525//525 523//523
f 518//518 480//480 481//481
f 521//521 484//484 539//539
f 539//539 514//514 391//391
f 391//391 514//514 512//512
f 514//514 480//480 515//515
f 514//514 515//515 512//512
f 522//522 487//487 517//517
f 515//515 518//518 533//533
f 392//392 391//391 453//453
f 515//515 480//480 518//518
f 517//517 513//513 481//481
f 513//513 523//523 481//481
f 517//517 481//481 480//480
f 495//495 508//508 525//525
f 508//508 509//509 525//525
f 518//518 516//516 526//526
f 533//533 518//518 479//479
f 491//491 497//497 521//521
f 522//522 520//520 498//498
f 484//484 521//521 498//498
f 521//521 497//497 519//519
f 521//521 519//519 498//498
f 519//519 522//522 498//498
f 522//522 519//519 497//497
f 498//498 520//520 484//484
f 481//481 527//527 518//518
f 527//527 516//516 518//518
f 523//523 516//516 527//527
f 499//499 523//523 527//527
f 523//523 499//499 481//481
f 525//525 466//466 523//523
f 525//525 509//509 466//466
f 539//539 484//484 514//514
f 524//524 525//525 513//513
f 524//524 495//495 525//525
f 484//484 520//520 517//517
f 492//492 497//497 491//491
f 522//522 517//517 520//520
f 530//530 528//528 531//531
f 532//532 534//534 538//538
f 529//529 528//528 530//530
f 477//477 535//535 532//532
f 534//534 529//529 530//530
f 535//535 534//534 532//532
f 530//530 538//538 534//534
f 538//538 530//530 531//531
f 471//471 532//532 538//538
f 477//477 532//532 471//471
f 528//528 474//474 472//472
f 528//528 472//472 531//531
f 533//533 531//531 472//472
f 531//531 533//533 538//538
f 529//529 534//534 536//536
f 534//534 535//535 536//536
f 535//535 477//477 537//537
f 536//536 476//476 529//529
f 535//535 537//537 536//536
f 537//537 478//478 536//536
f 514//514 484//484 480//480
f 517//517 524//524 513//513
f 626//626 551//551 546//546
f 660//660 563//563 641//641
f 614//614 613//613 564//564
f 570//570 628//628 550//550
f 616//616 559//559 642//642
f 675//675 651//651 648//648
f 661//661 645//645 649//649
f 587//587 597//597 599//599
f 599//599 598//598 621//621
f 597//597 382//382 598//598
f 598//598 599//599 597//597
f 600//600 597//597 590//590
f 226//226 585//585 594//594
f 217//217 231//231 594//594
f 217//217 594//594 593//593
f 595//595 579//579 596//596
f 612//612 580//580 611//611
f 585//585 581//581 594//594
f 585//585 583//583 581//581
f 594//594 595//595 596//596
f 594//594 596//596 593//593
f 581//581 595//595 594//594
f 592//592 198//198 637//637
f 573//573 554//554 637//637
f 573//573 637//637 623//623
f 599//599 621//621 633//633
f 591//591 589//589 625//625
f 575//575 600//600 590//590
f 590//590 591//591 588//588
f 588//588 575//575 590//590
f 636//636 575//575 588//588
f 599//599 633//633 550//550
f 587//587 599//599 550//550
f 591//591 590//590 589//589
f 590//590 597//597 587//587
f 194//194 588//588 635//635
f 267//267 636//636 588//588
f 589//589 587//587 550//550
f 590//590 587//587 589//589
f 586//586 576//576 577//577
f 542//542 578//578 601//601
f 601//601 181//181 586//586
f 632//632 630//630 554//554
f 182//182 583//583 585//585
f 543//543 604//604 582//582
f 583//583 612//612 581//581
f 583//583 582//582 612//612
f 580//580 612//612 582//582
f 579//579 595//595 564//564
f 611//611 595//595 581//581
f 603//603 578//578 542//542
f 577//577 556//556 608//608
f 577//577 608//608 586//586
f 577//577 631//631 555//555
f 577//577 555//555 556//556
f 576//576 631//631 577//577
f 631//631 632//632 553//553
f 631//631 553//553 555//555
f 552//552 553//553 632//632
f 552//552 632//632 554//554
f 544//544 543//543 582//582
f 570//570 633//633 574//574
f 550//550 633//633 570//570
f 550//550 551//551 589//589
f 635//635 629//629 548//548
f 629//629 625//625 626//626
f 547//547 572//572 622//622
f 606//606 572//572 547//547
f 572//572 552//552 573//573
f 624//624 571//571 623//623
f 629//629 571//571 624//624
f 571//571 622//622 623//623
f 629//629 626//626 571//571
f 570//570 569//569 628//628
f 667//667 570//570 634//634
f 628//628 627//627 546//546
f 551//551 628//628 546//546
f 546//546 622//622 626//626
f 547//547 622//622 546//546
f 625//625 589//589 551//551
f 625//625 551//551 626//626
f 560//560 654//654 545//545
f 568//568 617//617 177//177
f 568//568 177//177 176//176
f 565//565 617//617 568//568
f 565//565 618//618 617//617
f 617//617 619//619 177//177
f 565//565 660//660 618//618
f 579//579 564//564 613//613
f 563//563 561//561 562//562
f 563//563 562//562 641//641
f 561//561 616//616 562//562
f 614//614 561//561 563//563
f 614//614 563//563 613//613
f 564//564 605//605 615//615
f 564//564 615//615 614//614
f 580//580 541//541 611//611
f 564//564 595//595 611//611
f 564//564 541//541 605//605
f 611//611 541//541 564//564
f 615//615 616//616 561//561
f 615//615 561//561 614//614
f 568//568 176//176 579//579
f 559//559 560//560 545//545
f 605//605 607//607 559//559
f 541//541 604//604 558//558
f 604//604 543//543 558//558
f 559//559 557//557 560//560
f 542//542 608//608 558//558
f 557//557 610//610 560//560
f 557//557 609//609 610//610
f 608//608 556//556 609//609
f 609//609 556//556 555//555
f 609//609 555//555 610//610
f 610//610 549//549 560//560
f 610//610 555//555 553//553
f 610//610 553//553 549//549
f 552//552 549//549 553//553
f 554//554 573//573 552//552
f 550//550 628//628 551//551
f 547//547 652//652 606//606
f 549//549 654//654 560//560
f 549//549 650//650 654//654
f 642//642 559//559 545//545
f 604//604 580//580 582//582
f 544//544 602//602 578//578
f 544//544 578//578 603//603
f 544//544 583//583 182//182
f 583//583 544//544 582//582
f 543//543 542//542 558//558
f 542//542 601//601 586//586
f 578//578 584//584 601//601
f 542//542 586//586 608//608
f 603//603 543//543 544//544
f 542//542 543//543 603//603
f 607//607 557//557 559//559
f 604//604 541//541 580//580
f 572//572 606//606 552//552
f 605//605 541//541 558//558
f 605//605 558//558 607//607
f 608//608 609//609 557//557
f 549//549 552//552 606//606
f 607//607 558//558 557//557
f 558//558 608//608 557//557
f 612//612 611//611 581//581
f 660//660 565//565 563//563
f 568//568 613//613 563//563
f 568//568 563//563 565//565
f 613//613 568//568 579//579
f 562//562 616//616 642//642
f 615//615 605//605 559//559
f 615//615 559//559 616//616
f 567//567 178//178 619//619
f 617//617 567//567 619//619
f 617//617 566//566 567//567
f 618//618 566//566 617//617
f 567//567 574//574 178//178
f 566//566 574//574 567//567
f 566//566 634//634 574//574
f 662//662 566//566 618//618
f 662//662 634//634 566//566
f 574//574 633//633 178//178
f 169//169 633//633 620//620
f 171//171 598//598 382//382
f 573//573 622//622 572//572
f 623//623 622//622 573//573
f 548//548 629//629 624//624
f 588//588 591//591 625//625
f 588//588 625//625 635//635
f 635//635 625//625 629//629
f 626//626 622//622 571//571
f 627//627 547//547 546//546
f 628//628 569//569 627//627
f 667//667 569//569 570//570
f 252//252 637//637 554//554
f 252//252 554//554 630//630
f 242//242 382//382 597//597
f 570//570 574//574 634//634
f 242//242 597//597 600//600
f 659//659 648//648 667//667
f 667//667 662//662 665//665
f 639//639 618//618 660//660
f 640//640 618//618 639//639
f 641//641 639//639 660//660
f 639//639 641//641 649//649
f 649//649 641//641 661//661
f 650//650 549//549 606//606
f 657//657 640//640 656//656
f 658//658 663//663 657//657
f 653//653 658//658 656//656
f 638//638 545//545 645//645
f 646//646 669//669 645//645
f 545//545 654//654 655//655
f 742//742 668//668 644//644
f 669//669 742//742 644//644
f 671//671 646//646 655//655
f 671//671 669//669 646//646
f 643//643 672//672 670//670
f 545//545 638//638 642//642
f 656//656 639//639 649//649
f 649//649 653//653 656//656
f 653//653 649//649 644//644
f 645//645 669//669 644//644
f 645//645 644//644 649//649
f 545//545 646//646 645//645
f 655//655 646//646 545//545
f 654//654 666//666 655//655
f 648//648 744//744 675//675
f 651//651 652//652 547//547
f 652//652 673//673 683//683
f 652//652 651//651 673//673
f 627//627 648//648 651//651
f 682//682 652//652 683//683
f 651//651 675//675 673//673
f 652//652 650//650 606//606
f 627//627 651//651 547//547
f 650//650 652//652 670//670
f 661//661 641//641 562//562
f 667//667 634//634 662//662
f 569//569 667//667 648//648
f 639//639 656//656 640//640
f 638//638 661//661 642//642
f 661//661 562//562 642//642
f 645//645 661//661 638//638
f 748//748 663//663 658//658
f 656//656 658//658 657//657
f 640//640 662//662 618//618
f 640//640 663//663 662//662
f 657//657 663//663 640//640
f 664//664 665//665 663//663
f 748//748 664//664 663//663
f 663//663 665//665 662//662
f 665//665 659//659 667//667
f 664//664 659//659 665//665
f 664//664 647//647 659//659
f 744//744 648//648 677//677
f 677//677 648//648 659//659
f 569//569 648//648 627//627
f 666//666 674//674 681//681
f 670//670 652//652 643//643
f 643//643 652//652 682//682
f 668//668 653//653 644//644
f 668//668 748//748 658//658
f 668//668 658//658 653//653
f 650//650 670//670 674//674
f 650//650 674//674 654//654
f 674//674 670//670 672//672
f 674//674 666//666 654//654
f 671//671 655//655 684//684
f 671//671 684//684 730//730
f 655//655 666//666 680//680
f 655//655 680//680 684//684
f 671//671 730//730 669//669
f 682//682 676//676 643//643
f 643//643 676//676 672//672
f 673//673 679//679 683//683
f 674//674 746//746 743//743
f 674//674 743//743 681//681
f 666//666 681//681 680//680
f 675//675 678//678 679//679
f 675//675 679//679 673//673
f 664//664 748//748 749//749
f 664//664 749//749 750//750
f 677//677 659//659 647//647
f 672//672 746//746 674//674
f 714//714 711//711 713//713
f 716//716 717//717 715//715
f 707//707 714//714 713//713
f 762//762 687//687 740//740
f 761//761 809//809 841//841
f 701//701 691//691 752//752
f 698//698 699//699 700//700
f 699//699 698//698 737//737
f 756//756 698//698 700//700
f 756//756 700//700 755//755
f 689//689 698//698 756//756
f 688//688 689//689 697//697
f 689//689 737//737 698//698
f 734//734 694//694 739//739
f 756//756 755//755 864//864
f 713//713 692//692 753//753
f 692//692 751//751 753//753
f 699//699 696//696 753//753
f 753//753 837//837 699//699
f 837//837 700//700 699//699
f 728//728 719//719 696//696
f 728//728 696//696 737//737
f 692//692 691//691 701//701
f 710//710 691//691 692//692
f 759//759 739//739 697//697
f 734//734 739//739 759//759
f 762//762 761//761 687//687
f 751//751 692//692 701//701
f 744//744 686//686 678//678
f 744//744 745//745 686//686
f 733//733 732//732 680//680
f 733//733 680//680 681//681
f 732//732 684//684 680//680
f 747//747 676//676 682//682
f 747//747 682//682 685//685
f 718//718 683//683 679//679
f 718//718 679//679 714//714
f 678//678 714//714 679//679
f 737//737 696//696 699//699
f 716//716 686//686 745//745
f 716//716 745//745 717//717
f 711//711 678//678 686//686
f 711//711 686//686 716//716
f 714//714 678//678 711//711
f 687//687 722//722 740//740
f 740//740 735//735 694//694
f 691//691 710//710 723//723
f 738//738 728//728 737//737
f 688//688 695//695 738//738
f 739//739 724//724 688//688
f 724//724 695//695 688//688
f 694//694 724//724 739//739
f 694//694 727//727 724//724
f 731//731 703//703 712//712
f 727//727 735//735 703//703
f 705//705 724//724 704//704
f 695//695 724//724 705//705
f 706//706 729//729 695//695
f 720//720 728//728 729//729
f 720//720 729//729 706//706
f 702//702 719//719 720//720
f 709//709 719//719 702//702
f 709//709 702//702 708//708
f 709//709 708//708 707//707
f 709//709 707//707 713//713
f 711//711 715//715 713//713
f 711//711 716//716 715//715
f 749//749 726//726 725//725
f 749//749 725//725 750//750
f 726//726 723//723 725//725
f 736//736 731//731 712//712
f 723//723 726//726 722//722
f 723//723 710//710 725//725
f 715//715 692//692 713//713
f 709//709 713//713 753//753
f 696//696 719//719 709//709
f 696//696 709//709 753//753
f 738//738 729//729 728//728
f 695//695 729//729 738//738
f 727//727 704//704 724//724
f 727//727 703//703 704//704
f 703//703 731//731 730//730
f 726//726 721//721 736//736
f 749//749 721//721 726//726
f 707//707 718//718 714//714
f 718//718 707//707 708//708
f 718//718 708//708 685//685
f 685//685 708//708 702//702
f 747//747 685//685 702//702
f 747//747 702//702 720//720
f 703//703 730//730 704//704
f 704//704 730//730 684//684
f 704//704 684//684 705//705
f 705//705 732//732 695//695
f 705//705 684//684 732//732
f 695//695 732//732 733//733
f 695//695 733//733 706//706
f 706//706 743//743 720//720
f 712//712 703//703 735//735
f 740//740 734//734 758//758
f 740//740 758//758 762//762
f 740//740 694//694 734//734
f 735//735 740//740 722//722
f 735//735 722//722 726//726
f 735//735 726//726 712//712
f 712//712 726//726 736//736
f 720//720 719//719 728//728
f 741//741 647//647 750//750
f 741//741 750//750 725//725
f 741//741 725//725 710//710
f 691//691 693//693 754//754
f 691//691 754//754 752//752
f 738//738 737//737 689//689
f 688//688 738//738 689//689
f 739//739 688//688 697//697
f 722//722 687//687 690//690
f 691//691 723//723 690//690
f 715//715 710//710 692//692
f 717//717 741//741 710//710
f 717//717 710//710 715//715
f 745//745 647//647 741//741
f 745//745 741//741 717//717
f 745//745 677//677 647//647
f 669//669 731//731 742//742
f 672//672 676//676 746//746
f 746//746 747//747 720//720
f 743//743 733//733 681//681
f 706//706 733//733 743//743
f 744//744 678//678 675//675
f 744//744 677//677 745//745
f 746//746 720//720 743//743
f 685//685 682//682 683//683
f 685//685 683//683 718//718
f 668//668 736//736 721//721
f 668//668 721//721 748//748
f 748//748 721//721 749//749
f 669//669 730//730 731//731
f 647//647 664//664 750//750
f 668//668 742//742 731//731
f 668//668 731//731 736//736
f 746//746 676//676 747//747
f 701//701 752//752 834//834
f 752//752 805//805 834//834
f 752//752 803//803 805//805
f 841//841 809//809 765//765
f 700//700 837//837 799//799
f 755//755 700//700 799//799
f 755//755 799//799 798//798
f 864//864 755//755 798//798
f 701//701 835//835 751//751
f 835//835 836//836 751//751
f 751//751 837//837 753//753
f 836//836 837//837 751//751
f 754//754 841//841 842//842
f 752//752 754//754 803//803
f 693//693 841//841 754//754
f 694//694 735//735 727//727
f 841//841 693//693 761//761
f 687//687 761//761 693//693
f 687//687 693//693 690//690
f 690//690 693//693 691//691
f 722//722 690//690 723//723
f 689//689 756//756 760//760
f 759//759 697//697 760//760
f 762//762 758//758 865//865
f 827//827 847//847 826//826
f 801//801 837//837 813//813
f 806//806 795//795 808//808
f 766//766 856//856 772//772
f 861//861 846//846 843//843
f 870//870 768//768 884//884
f 767//767 884//884 863//863
f 761//761 865//865 809//809
f 761//761 762//762 865//865
f 757//757 865//865 758//758
f 760//760 756//756 864//864
f 760//760 864//864 802//802
f 697//697 689//689 760//760
f 758//758 734//734 759//759
f 757//757 759//759 760//760
f 757//757 758//758 759//759
f 837//837 836//836 813//813
f 816//816 830//830 812//812
f 816//816 812//812 807//807
f 858//858 830//830 816//816
f 818//818 829//829 858//858
f 830//830 810//810 812//812
f 830//830 828//828 810//810
f 829//829 852//852 828//828
f 779//779 791//791 852//852
f 828//828 859//859 810//810
f 852//852 851//851 825//825
f 852//852 825//825 828//828
f 791//791 790//790 851//851
f 791//791 851//851 852//852
f 859//859 860//860 810//810
f 851//851 844//844 825//825
f 851//851 850//850 844//844
f 790//790 780//780 850//850
f 790//790 850//850 851//851
f 833//833 827//827 775//775
f 833//833 775//775 832//832
f 824//824 833//833 832//832
f 833//833 847//847 827//827
f 833//833 834//834 805//805
f 833//833 805//805 847//847
f 804//804 847//847 805//805
f 783//783 849//849 854//854
f 845//845 844//844 849//849
f 862//862 860//860 844//844
f 831//831 814//814 824//824
f 831//831 824//824 832//832
f 832//832 775//775 831//831
f 775//775 776//776 831//831
f 796//796 822//822 815//815
f 801//801 822//822 796//796
f 814//814 819//819 813//813
f 823//823 818//818 858//858
f 815//815 817//817 823//823
f 822//822 820//820 817//817
f 822//822 817//817 815//815
f 821//821 820//820 822//822
f 819//819 814//814 831//831
f 823//823 774//774 818//818
f 823//823 817//817 774//774
f 821//821 778//778 820//820
f 777//777 778//778 821//821
f 774//774 779//779 818//818
f 831//831 776//776 777//777
f 797//797 858//858 816//816
f 797//797 816//816 807//807
f 794//794 857//857 858//858
f 794//794 858//858 797//797
f 796//796 815//815 857//857
f 834//834 814//814 835//835
f 814//814 813//813 835//835
f 813//813 836//836 835//835
f 795//795 811//811 808//808
f 807//807 812//812 811//811
f 807//807 811//811 795//795
f 812//812 810//810 811//811
f 810//810 765//765 811//811
f 810//810 860//860 765//765
f 865//865 808//808 809//809
f 808//808 811//811 809//809
f 806//806 808//808 865//865
f 806//806 865//865 757//757
f 803//803 754//754 843//843
f 803//803 843//843 804//804
f 765//765 860//860 862//862
f 760//760 802//802 806//806
f 760//760 806//806 757//757
f 799//799 837//837 800//800
f 796//796 800//800 801//801
f 798//798 799//799 800//800
f 798//798 800//800 796//796
f 793//793 797//797 795//795
f 794//794 797//797 793//793
f 797//797 807//807 795//795
f 798//798 857//857 794//794
f 796//796 857//857 798//798
f 793//793 795//795 806//806
f 864//864 798//798 794//794
f 864//864 794//794 793//793
f 802//802 793//793 806//806
f 802//802 864//864 793//793
f 792//792 791//791 779//779
f 792//792 782//782 791//791
f 840//840 782//782 792//792
f 791//791 789//789 790//790
f 782//782 789//789 791//791
f 789//789 781//781 780//780
f 789//789 780//780 790//790
f 769//769 787//787 788//788
f 769//769 788//788 767//767
f 775//775 827//827 787//787
f 775//775 787//787 769//769
f 788//788 886//886 839//839
f 788//788 786//786 886//886
f 787//787 786//786 788//788
f 787//787 785//785 786//786
f 787//787 784//784 785//785
f 827//827 784//784 787//787
f 785//785 763//763 786//786
f 784//784 783//783 785//785
f 786//786 763//763 886//886
f 785//785 855//855 763//763
f 783//783 855//855 785//785
f 781//781 789//789 782//782
f 781//781 782//782 764//764
f 886//886 763//763 838//838
f 783//783 854//854 855//855
f 817//817 773//773 774//774
f 820//820 772//772 773//773
f 820//820 773//773 817//817
f 778//778 771//771 772//772
f 778//778 772//772 820//820
f 777//777 771//771 778//778
f 775//775 769//769 776//776
f 774//774 792//792 779//779
f 777//777 770//770 771//771
f 776//776 863//863 770//770
f 776//776 770//770 777//777
f 769//769 863//863 776//776
f 774//774 879//879 792//792
f 773//773 856//856 879//879
f 773//773 879//879 774//774
f 771//771 766//766 772//772
f 770//770 766//766 771//771
f 879//879 840//840 792//792
f 770//770 768//768 766//766
f 769//769 767//767 863//863
f 770//770 863//863 768//768
f 863//863 884//884 768//768
f 870//870 766//766 768//768
f 879//879 856//856 882//882
f 809//809 811//811 765//765
f 767//767 788//788 839//839
f 838//838 763//763 764//764
f 821//821 813//813 819//819
f 813//813 821//821 801//801
f 834//834 824//824 814//814
f 833//833 824//824 834//834
f 837//837 801//801 800//800
f 834//834 835//835 701//701
f 803//803 804//804 805//805
f 777//777 819//819 831//831
f 821//821 819//819 777//777
f 856//856 766//766 870//870
f 856//856 870//870 882//882
f 764//764 782//782 885//885
f 838//838 764//764 885//885
f 842//842 841//841 765//765
f 754//754 842//842 843//843
f 765//765 862//862 842//842
f 842//842 862//862 845//845
f 844//844 860//860 825//825
f 842//842 845//845 861//861
f 843//843 842//842 861//861
f 846//846 861//861 849//849
f 847//847 804//804 826//826
f 804//804 846//846 826//826
f 826//826 784//784 827//827
f 784//784 846//846 783//783
f 846//846 784//784 826//826
f 854//854 849//849 848//848
f 850//850 780//780 848//848
f 845//845 849//849 861//861
f 783//783 846//846 849//849
f 849//849 844//844 848//848
f 844//844 850//850 848//848
f 818//818 779//779 829//829
f 779//779 852//852 829//829
f 853//853 781//781 764//764
f 853//853 780//780 781//781
f 853//853 848//848 780//780
f 854//854 848//848 853//853
f 854//854 853//853 855//855
f 855//855 853//853 764//764
f 855//855 764//764 763//763
f 773//773 772//772 856//856
f 858//858 829//829 830//830
f 830//830 829//829 828//828
f 828//828 825//825 859//859
f 859//859 825//825 860//860
f 857//857 823//823 858//858
f 815//815 823//823 857//857
f 801//801 821//821 822//822
f 804//804 843//843 846//846
f 862//862 844//844 845//845
f 884//884 767//767 839//839
f 872//872 883//883 876//876
f 838//838 867//867 868//868
f 869//869 886//886 838//838
f 782//782 840//840 885//885
f 869//869 868//868 866//866
f 885//885 871//871 838//838
f 869//869 873//873 839//839
f 866//866 873//873 869//869
f 888//888 884//884 873//873
f 869//869 838//838 868//868
f 869//869 839//839 886//886
f 873//873 884//884 839//839
f 870//870 884//884 888//888
f 883//883 877//877 878//878
f 873//873 897//897 893//893
f 868//868 867//867 903//903
f 875//875 871//871 885//885
f 875//875 885//885 874//874
f 893//893 897//897 876//876
f 897//897 898//898 876//876
f 889//889 883//883 878//878
f 870//870 888//888 881//881
f 893//893 876//876 883//883
f 914//914 877//877 872//872
f 874//874 882//882 877//877
f 874//874 879//879 882//882
f 874//874 840//840 879//879
f 885//885 840//840 874//874
f 914//914 875//875 877//877
f 878//878 882//882 881//881
f 883//883 872//872 877//877
f 889//889 878//878 880//880
f 880//880 878//878 881//881
f 882//882 870//870 881//881
f 866//866 897//897 873//873
f 893//893 883//883 889//889
f 872//872 901//901 914//914
f 867//867 914//914 909//909
f 881//881 888//888 880//880
f 867//867 838//838 871//871
f 878//878 877//877 882//882
f 875//875 874//874 877//877
f 893//893 894//894 873//873
f 888//888 891//891 880//880
f 889//889 880//880 887//887
f 887//887 892//892 889//889
f 892//892 890//890 889//889
f 880//880 892//892 887//887
f 888//888 894//894 891//891
f 873//873 894//894 888//888
f 893//893 889//889 890//890
f 896//896 892//892 891//891
f 892//892 880//880 891//891
f 894//894 890//890 895//895
f 893//893 890//890 894//894
f 894//894 895//895 896//896
f 891//891 894//894 896//896
f 896//896 895//895 892//892
f 895//895 890//890 892//892
f 876//876 902//902 872//872
f 897//897 902//902 898//898
f 899//899 902//902 876//876
f 897//897 866//866 902//902
f 898//898 902//902 899//899
f 899//899 876//876 900//900
f 898//898 899//899 900//900
f 898//898 900//900 876//876
f 903//903 867//867 901//901
f 872//872 902//902 906//906
f 906//906 902//902 903//903
f 902//902 868//868 903//903
f 866//866 868//868 902//902
f 901//901 872//872 904//904
f 903//903 901//901 904//904
f 905//905 903//903 904//904
f 906//906 903//903 905//905
f 872//872 906//906 904//904
f 906//906 907//907 904//904
f 907//907 906//906 905//905
f 907//907 905//905 904//904
f 909//909 914//914 908//908
f 914//914 901//901 910//910
f 901//901 911//911 910//910
f 911//911 867//867 909//909
f 914//914 910//910 908//908
f 901//901 867//867 911//911
f 908//908 911//911 909//909
f 908//908 910//910 912//912
f 912//912 911//911 908//908
f 911//911 912//912 910//910
f 867//867 913//913 914//914
f 867//867 871//871 913//913
f 915//915 875//875 914//914
f 913//913 871//871 875//875
f 913//913 875//875 915//915
f 914//914 913//913 915//915
f 990//990 995//995 992//992
f 332//332 315//315 997//997
f 937//937 976//976 977//977
f 959//959 1016//1016 1022//1022
f 958//958 954//954 955//955
f 944//944 948//948 924//924
f 920//920 918//918 919//919
f 1012//1012 1011//1011 950//950
f 346//346 1021//1021 349//349
f 933//933 970//970 303//303
f 1024//1024 970//970 933//933
f 1049//1049 1055//1055 1056//1056
f 1027//1027 998//998 972//972
f 1017//1017 1027//1027 988//988
f 997//997 996//996 332//332
f 946//946 994//994 989//989
f 946//946 980//980 994//994
f 980//980 991//991 994//994
f 980//980 1011//1011 991//991
f 1012//1012 981//981 1011//1011
f 995//995 984//984 279//279
f 995//995 279//279 996//996
f 992//992 995//995 996//996
f 992//992 996//996 997//997
f 995//995 983//983 984//984
f 315//315 993//993 997//997
f 992//992 997//997 993//993
f 989//989 994//994 993//993
f 994//994 992//992 993//993
f 994//994 991//991 990//990
f 994//994 990//990 992//992
f 303//303 304//304 933//933
f 932//932 933//933 304//304
f 349//349 932//932 304//304
f 987//987 972//972 1025//1025
f 1025//1025 972//972 1026//1026
f 1016//1016 988//988 986//986
f 971//971 1016//1016 986//986
f 1023//1023 1025//1025 288//288
f 1025//1025 1026//1026 293//293
f 986//986 987//987 962//962
f 976//976 975//975 978//978
f 976//976 978//978 977//977
f 979//979 920//920 999//999
f 979//979 999//999 985//985
f 1021//1021 346//346 973//973
f 932//932 349//349 1021//1021
f 1012//1012 982//982 981//981
f 1012//1012 1013//1013 982//982
f 1013//1013 923//923 982//982
f 921//921 922//922 923//923
f 979//979 985//985 1001//1001
f 979//979 1001//1001 922//922
f 922//922 1001//1001 1000//1000
f 922//922 1000//1000 341//341
f 923//923 984//984 983//983
f 335//335 279//279 984//984
f 984//984 923//923 922//922
f 923//923 983//983 982//982
f 983//983 981//981 982//982
f 956//956 980//980 946//946
f 953//953 1011//1011 980//980
f 953//953 980//980 956//956
f 953//953 950//950 1011//1011
f 1013//1013 1012//1012 950//950
f 918//918 921//921 917//917
f 939//939 999//999 920//920
f 939//939 920//920 919//919
f 935//935 974//974 976//976
f 935//935 976//976 937//937
f 974//974 355//355 975//975
f 974//974 975//975 976//976
f 1010//1010 973//973 974//974
f 1010//1010 974//974 935//935
f 973//973 346//346 355//355
f 973//973 355//355 974//974
f 973//973 1010//1010 1020//1020
f 973//973 1020//1020 1021//1021
f 972//972 998//998 1026//1026
f 987//987 1025//1025 1023//1023
f 971//971 986//986 962//962
f 963//963 1023//1023 965//965
f 1052//1052 1015//1015 1022//1022
f 1015//1015 959//959 1022//1022
f 929//929 930//930 927//927
f 930//930 1019//1019 926//926
f 926//926 968//968 927//927
f 968//968 969//969 927//927
f 969//969 1006//1006 1028//1028
f 969//969 1028//1028 927//927
f 967//967 289//289 290//290
f 1006//1006 969//969 1024//1024
f 1006//1006 1024//1024 933//933
f 967//967 965//965 289//289
f 969//969 968//968 1024//1024
f 968//968 1018//1018 967//967
f 968//968 967//967 1024//1024
f 1018//1018 965//965 967//967
f 966//966 964//964 963//963
f 965//965 966//966 963//963
f 1018//1018 966//966 965//965
f 963//963 962//962 987//987
f 964//964 1022//1022 963//963
f 1022//1022 962//962 963//963
f 961//961 928//928 936//936
f 928//928 1028//1028 936//936
f 943//943 931//931 961//961
f 943//943 961//961 942//942
f 931//931 928//928 961//961
f 929//929 1028//1028 928//928
f 1063//1063 931//931 943//943
f 929//929 928//928 1056//1056
f 928//928 931//931 1061//1061
f 927//927 1028//1028 929//929
f 274//274 273//273 945//945
f 273//273 960//960 945//945
f 959//959 1014//1014 273//273
f 1014//1014 960//960 273//273
f 1014//1014 1045//1045 1062//1062
f 1014//1014 1062//1062 960//960
f 958//958 1062//1062 1066//1066
f 958//958 957//957 945//945
f 957//957 956//956 946//946
f 958//958 955//955 957//957
f 955//955 956//956 957//957
f 1067//1067 954//954 958//958
f 1067//1067 958//958 1066//1066
f 1064//1064 947//947 954//954
f 1064//1064 954//954 1067//1067
f 947//947 952//952 955//955
f 952//952 953//953 956//956
f 952//952 956//956 955//955
f 951//951 952//952 948//948
f 951//951 949//949 950//950
f 953//953 952//952 951//951
f 953//953 951//951 950//950
f 944//944 1005//1005 949//949
f 944//944 949//949 948//948
f 949//949 916//916 1013//1013
f 1013//1013 950//950 949//949
f 951//951 948//948 949//949
f 948//948 1065//1065 924//924
f 1063//1063 943//943 924//924
f 943//943 941//941 944//944
f 943//943 944//944 924//924
f 941//941 1002//1002 1005//1005
f 941//941 1005//1005 944//944
f 1002//1002 1007//1007 1005//1005
f 918//918 916//916 1007//1007
f 918//918 917//917 916//916
f 943//943 942//942 941//941
f 1002//1002 1003//1003 1007//1007
f 1004//1004 918//918 1007//1007
f 1004//1004 1007//1007 1003//1003
f 942//942 940//940 1002//1002
f 940//940 1003//1003 1002//1002
f 939//939 1004//1004 1003//1003
f 939//939 1003//1003 940//940
f 939//939 919//919 1004//1004
f 961//961 1008//1008 940//940
f 961//961 940//940 942//942
f 938//938 939//939 940//940
f 938//938 940//940 1008//1008
f 938//938 937//937 977//977
f 938//938 977//977 939//939
f 936//936 1008//1008 961//961
f 1009//1009 938//938 1008//1008
f 1009//1009 935//935 937//937
f 1009//1009 937//937 938//938
f 1028//1028 934//934 936//936
f 1010//1010 935//935 1009//1009
f 1028//1028 1006//1006 934//934
f 933//933 1020//1020 1006//1006
f 933//933 932//932 1020//1020
f 1022//1022 971//971 962//962
f 1061//1061 1056//1056 928//928
f 1056//1056 1055//1055 929//929
f 289//289 965//965 1023//1023
f 289//289 1023//1023 288//288
f 1019//1019 966//966 1018//1018
f 1019//1019 925//925 964//964
f 923//923 917//917 921//921
f 922//922 341//341 335//335
f 922//922 335//335 984//984
f 1004//1004 919//919 918//918
f 917//917 1013//1013 916//916
f 985//985 999//999 978//978
f 977//977 978//978 999//999
f 977//977 999//999 939//939
f 922//922 921//921 979//979
f 921//921 918//918 920//920
f 921//921 920//920 979//979
f 942//942 1002//1002 941//941
f 1005//1005 916//916 949//949
f 1007//1007 916//916 1005//1005
f 936//936 1009//1009 1008//1008
f 934//934 1010//1010 1009//1009
f 934//934 1009//1009 936//936
f 1020//1020 934//934 1006//1006
f 1020//1020 1010//1010 934//934
f 1013//1013 917//917 923//923
f 1011//1011 981//981 991//991
f 990//990 983//983 995//995
f 991//991 981//981 983//983
f 991//991 983//983 990//990
f 960//960 1062//1062 958//958
f 945//945 960//960 958//958
f 954//954 947//947 955//955
f 1065//1065 948//948 947//947
f 1065//1065 947//947 1064//1064
f 948//948 952//952 947//947
f 959//959 1015//1015 1014//1014
f 1015//1015 1045//1045 1014//1014
f 1015//1015 1043//1043 1045//1045
f 1052//1052 1043//1043 1015//1015
f 1022//1022 1016//1016 971//971
f 1024//1024 967//967 970//970
f 986//986 972//972 987//987
f 986//986 1027//1027 972//972
f 986//986 988//988 1027//1027
f 963//963 987//987 1023//1023
f 926//926 1018//1018 968//968
f 930//930 926//926 927//927
f 926//926 1019//1019 1018//1018
f 1019//1019 964//964 966//966
f 925//925 1030//1030 964//964
f 1052//1052 1022//1022 1030//1030
f 1030//1030 1022//1022 964//964
f 1021//1021 1020//1020 932//932
f 1017//1017 358//358 998//998
f 1027//1027 1017//1017 998//998
f 1062//1062 1045//1045 1040//1040
f 1066//1066 1044//1044 1042//1042
f 1067//1067 1042//1042 1035//1035
f 1066//1066 1042//1042 1067//1067
f 1067//1067 1035//1035 1064//1064
f 930//930 929//929 1050//1050
f 1031//1031 1050//1050 1059//1059
f 1029//1029 1063//1063 924//924
f 1063//1063 1029//1029 1038//1038
f 931//931 1063//1063 1038//1038
f 1061//1061 1048//1048 1073//1073
f 1049//1049 1056//1056 1119//1119
f 1038//1038 1029//1029 1036//1036
f 1057//1057 1039//1039 1034//1034
f 1038//1038 1036//1036 1058//1058
f 1038//1038 1058//1058 1085//1085
f 1072//1072 1038//1038 1085//1085
f 1039//1039 1058//1058 1036//1036
f 1119//1119 1118//1118 1049//1049
f 1046//1046 1043//1043 1052//1052
f 1040//1040 1054//1054 1044//1044
f 1054//1054 1042//1042 1044//1044
f 1034//1034 1042//1042 1054//1054
f 1034//1034 1053//1053 1035//1035
f 1038//1038 1048//1048 931//931
f 1048//1048 1061//1061 931//931
f 1031//1031 1071//1071 1070//1070
f 925//925 1019//1019 1037//1037
f 1031//1031 1059//1059 1071//1071
f 1019//1019 930//930 1031//1031
f 1019//1019 1031//1031 1037//1037
f 1070//1070 1037//1037 1031//1031
f 1050//1050 1031//1031 930//930
f 929//929 1055//1055 1050//1050
f 1052//1052 1030//1030 1051//1051
f 1069//1069 1122//1122 1051//1051
f 1029//1029 1053//1053 1036//1036
f 1066//1066 1062//1062 1044//1044
f 1040//1040 1044//1044 1062//1062
f 1053//1053 1029//1029 924//924
f 1053//1053 924//924 1065//1065
f 1065//1065 1064//1064 1035//1035
f 1065//1065 1035//1035 1053//1053
f 1040//1040 1033//1033 1054//1054
f 1033//1033 1060//1060 1054//1054
f 1045//1045 1046//1046 1040//1040
f 1043//1043 1046//1046 1045//1045
f 1046//1046 1033//1033 1040//1040
f 1032//1032 1033//1033 1046//1046
f 1046//1046 1047//1047 1032//1032
f 1046//1046 1052//1052 1047//1047
f 1051//1051 1037//1037 1069//1069
f 1037//1037 1051//1051 925//925
f 925//925 1051//1051 1030//1030
f 1038//1038 1072//1072 1048//1048
f 1073//1073 1048//1048 1072//1072
f 1050//1050 1041//1041 1068//1068
f 1059//1059 1050//1050 1068//1068
f 1047//1047 1051//1051 1128//1128
f 1047//1047 1052//1052 1051//1051
f 1060//1060 1057//1057 1034//1034
f 1054//1054 1060//1060 1034//1034
f 1035//1035 1042//1042 1034//1034
f 1039//1039 1036//1036 1053//1053
f 1039//1039 1053//1053 1034//1034
f 1049//1049 1041//1041 1055//1055
f 1049//1049 1118//1118 1041//1041
f 1041//1041 1050//1050 1055//1055
f 1061//1061 1073//1073 1119//1119
f 1061//1061 1119//1119 1056//1056
f 1057//1057 1102//1102 1039//1039
f 1102//1102 1058//1058 1039//1039
f 1071//1071 1059//1059 1124//1124
f 1070//1070 1069//1069 1037//1037
f 1124//1124 1059//1059 1068//1068
f 1099//1099 1033//1033 1032//1032
f 1128//1128 1032//1032 1047//1047
f 1051//1051 1122//1122 1128//1128
f 1118//1118 1068//1068 1041//1041
f 1112//1112 1130//1130 1115//1115
f 1112//1112 1115//1115 1079//1079
f 1092//1092 1088//1088 1096//1096
f 1097//1097 1092//1092 1096//1096
f 1087//1087 1083//1083 1082//1082
f 1087//1087 1082//1082 1111//1111
f 1068//1068 1082//1082 1089//1089
f 1134//1134 1225//1225 1079//1079
f 1132//1132 1112//1112 1225//1225
f 1203//1203 1200//1200 1131//1131
f 1166//1166 1081//1081 1129//1129
f 1077//1077 1081//1081 1166//1166
f 1129//1129 1080//1080 1162//1162
f 1129//1129 1081//1081 1080//1080
f 1081//1081 1076//1076 1080//1080
f 1074//1074 1112//1112 1132//1132
f 1107//1107 1074//1074 1075//1075
f 1076//1076 1107//1107 1075//1075
f 1091//1091 1077//1077 1094//1094
f 1094//1094 1077//1077 1078//1078
f 1203//1203 1116//1116 1095//1095
f 1088//1088 1094//1094 1093//1093
f 1093//1093 1094//1094 1078//1078
f 1091//1091 1081//1081 1077//1077
f 1076//1076 1075//1075 1080//1080
f 1075//1075 1074//1074 1132//1132
f 1095//1095 1093//1093 1078//1078
f 1120//1120 1092//1092 1121//1121
f 1097//1097 1122//1122 1121//1121
f 1097//1097 1121//1121 1092//1092
f 1119//1119 1123//1123 1111//1111
f 1119//1119 1111//1111 1118//1118
f 1118//1118 1111//1111 1082//1082
f 1071//1071 1125//1125 1126//1126
f 1058//1058 1084//1084 1085//1085
f 1102//1102 1084//1084 1058//1058
f 1071//1071 1126//1126 1120//1120
f 1071//1071 1120//1120 1070//1070
f 1116//1116 1093//1093 1095//1095
f 1092//1092 1120//1120 1088//1088
f 1120//1120 1126//1126 1088//1088
f 1125//1125 1124//1124 1089//1089
f 1033//1033 1127//1127 1060//1060
f 1079//1079 1098//1098 1134//1134
f 1099//1099 1127//1127 1033//1033
f 1100//1100 1131//1131 1098//1098
f 1105//1105 1100//1100 1098//1098
f 1096//1096 1093//1093 1116//1116
f 1107//1107 1108//1108 1074//1074
f 1108//1108 1130//1130 1112//1112
f 1108//1108 1112//1112 1074//1074
f 1130//1130 1113//1113 1115//1115
f 1102//1102 1103//1103 1084//1084
f 1103//1103 1085//1085 1084//1084
f 1103//1103 1108//1108 1085//1085
f 1108//1108 1107//1107 1086//1086
f 1108//1108 1086//1086 1085//1085
f 1086//1086 1104//1104 1123//1123
f 1107//1107 1104//1104 1086//1086
f 1104//1104 1087//1087 1111//1111
f 1104//1104 1111//1111 1123//1123
f 1101//1101 1091//1091 1083//1083
f 1083//1083 1091//1091 1090//1090
f 1083//1083 1090//1090 1089//1089
f 1125//1125 1089//1089 1090//1090
f 1090//1090 1088//1088 1126//1126
f 1090//1090 1126//1126 1125//1125
f 1106//1106 1109//1109 1099//1099
f 1105//1105 1109//1109 1106//1106
f 1105//1105 1106//1106 1100//1100
f 1116//1116 1100//1100 1106//1106
f 1088//1088 1093//1093 1096//1096
f 1088//1088 1090//1090 1094//1094
f 1094//1094 1090//1090 1091//1091
f 1087//1087 1104//1104 1076//1076
f 1087//1087 1076//1076 1101//1101
f 1104//1104 1107//1107 1076//1076
f 1108//1108 1103//1103 1130//1130
f 1083//1083 1089//1089 1082//1082
f 1110//1110 1085//1085 1086//1086
f 1110//1110 1086//1086 1123//1123
f 1113//1113 1102//1102 1114//1114
f 1130//1130 1103//1103 1113//1113
f 1112//1112 1079//1079 1225//1225
f 1109//1109 1113//1113 1114//1114
f 1105//1105 1115//1115 1113//1113
f 1109//1109 1114//1114 1127//1127
f 1105//1105 1098//1098 1115//1115
f 1105//1105 1113//1113 1109//1109
f 1087//1087 1101//1101 1083//1083
f 1100//1100 1116//1116 1203//1203
f 1116//1116 1106//1106 1117//1117
f 1106//1106 1099//1099 1117//1117
f 1081//1081 1091//1091 1101//1101
f 1081//1081 1101//1101 1076//1076
f 1131//1131 1134//1134 1098//1098
f 1131//1131 1100//1100 1203//1203
f 1116//1116 1097//1097 1096//1096
f 1116//1116 1117//1117 1097//1097
f 1102//1102 1113//1113 1103//1103
f 1057//1057 1060//1060 1127//1127
f 1057//1057 1127//1127 1114//1114
f 1057//1057 1114//1114 1102//1102
f 1068//1068 1118//1118 1082//1082
f 1073//1073 1123//1123 1119//1119
f 1070//1070 1120//1120 1121//1121
f 1070//1070 1121//1121 1069//1069
f 1122//1122 1069//1069 1121//1121
f 1110//1110 1073//1073 1072//1072
f 1085//1085 1110//1110 1072//1072
f 1071//1071 1124//1124 1125//1125
f 1089//1089 1124//1124 1068//1068
f 1099//1099 1109//1109 1127//1127
f 1117//1117 1099//1099 1032//1032
f 1117//1117 1032//1032 1128//1128
f 1117//1117 1128//1128 1122//1122
f 1117//1117 1122//1122 1097//1097
f 1110//1110 1123//1123 1073//1073
f 1170//1170 1095//1095 1078//1078
f 1201//1201 1134//1134 1131//1131
f 1201//1201 1131//1131 1202//1202
f 1078//1078 1159//1159 1160//1160
f 1077//1077 1159//1159 1078//1078
f 1077//1077 1168//1168 1159//1159
f 1202//1202 1131//1131 1199//1199
f 1200//1200 1199//1199 1131//1131
f 1098//1098 1079//1079 1115//1115
f 1161//1161 1133//1133 1171//1171
f 1197//1197 1193//1193 1226//1226
f 1200//1200 1203//1203 1223//1223
f 1222//1222 1199//1199 1224//1224
f 1228//1228 1149//1149 1198//1198
f 1195//1195 1138//1138 1194//1194
f 1132//1132 1225//1225 1171//1171
f 1133//1133 1132//1132 1171//1171
f 1162//1162 1080//1080 1133//1133
f 1162//1162 1133//1133 1161//1161
f 1080//1080 1075//1075 1133//1133
f 1075//1075 1132//1132 1133//1133
f 1175//1175 1191//1191 1184//1184
f 1175//1175 1184//1184 1173//1173
f 1191//1191 1190//1190 1184//1184
f 1190//1190 1158//1158 1210//1210
f 1174//1174 1191//1191 1175//1175
f 1174//1174 1189//1189 1191//1191
f 1189//1189 1190//1190 1191//1191
f 1188//1188 1156//1156 1158//1158
f 1188//1188 1158//1158 1190//1190
f 1221//1221 1189//1189 1174//1174
f 1221//1221 1187//1187 1189//1189
f 1155//1155 1188//1188 1187//1187
f 1155//1155 1156//1156 1188//1188
f 1169//1169 1204//1204 1221//1221
f 1169//1169 1221//1221 1174//1174
f 1205//1205 1187//1187 1221//1221
f 1209//1209 1155//1155 1187//1187
f 1209//1209 1187//1187 1205//1205
f 1209//1209 1206//1206 1155//1155
f 1140//1140 1152//1152 1186//1186
f 1140//1140 1186//1186 1192//1192
f 1192//1192 1186//1186 1170//1170
f 1192//1192 1170//1170 1160//1160
f 1150//1150 1186//1186 1152//1152
f 1223//1223 1170//1170 1186//1186
f 1205//1205 1222//1222 1208//1208
f 1180//1180 1192//1192 1160//1160
f 1185//1185 1180//1180 1160//1160
f 1180//1180 1140//1140 1192//1192
f 1167//1167 1163//1163 1177//1177
f 1167//1167 1177//1177 1183//1183
f 1220//1220 1219//1219 1179//1179
f 1219//1219 1218//1218 1178//1178
f 1219//1219 1178//1178 1179//1179
f 1218//1218 1217//1217 1177//1177
f 1218//1218 1177//1177 1178//1178
f 1217//1217 1183//1183 1177//1177
f 1184//1184 1210//1210 1220//1220
f 1210//1210 1219//1219 1220//1220
f 1185//1185 1182//1182 1181//1181
f 1185//1185 1181//1181 1180//1180
f 1145//1145 1144//1144 1210//1210
f 1211//1211 1216//1216 1212//1212
f 1158//1158 1145//1145 1210//1210
f 1143//1143 1181//1181 1212//1212
f 1143//1143 1140//1140 1180//1180
f 1143//1143 1180//1180 1181//1181
f 1143//1143 1212//1212 1216//1216
f 1184//1184 1220//1220 1165//1165
f 1184//1184 1165//1165 1173//1173
f 1220//1220 1179//1179 1165//1165
f 1179//1179 1178//1178 1164//1164
f 1178//1178 1177//1177 1163//1163
f 1178//1178 1163//1163 1164//1164
f 1172//1172 1176//1176 1173//1173
f 1176//1176 1175//1175 1173//1173
f 1176//1176 1174//1174 1175//1175
f 1169//1169 1174//1174 1176//1176
f 1201//1201 1225//1225 1134//1134
f 1172//1172 1201//1201 1176//1176
f 1172//1172 1225//1225 1201//1201
f 1172//1172 1171//1171 1225//1225
f 1173//1173 1161//1161 1172//1172
f 1171//1171 1172//1172 1161//1161
f 1203//1203 1095//1095 1170//1170
f 1203//1203 1170//1170 1223//1223
f 1176//1176 1201//1201 1169//1169
f 1168//1168 1077//1077 1166//1166
f 1167//1167 1166//1166 1164//1164
f 1167//1167 1164//1164 1163//1163
f 1166//1166 1129//1129 1162//1162
f 1166//1166 1162//1162 1164//1164
f 1173//1173 1165//1165 1161//1161
f 1165//1165 1179//1179 1161//1161
f 1179//1179 1164//1164 1162//1162
f 1179//1179 1162//1162 1161//1161
f 1157//1157 1156//1156 1147//1147
f 1157//1157 1147//1147 1137//1137
f 1156//1156 1157//1157 1158//1158
f 1155//1155 1154//1154 1156//1156
f 1206//1206 1154//1154 1155//1155
f 1206//1206 1146//1146 1154//1154
f 1153//1153 1152//1152 1138//1138
f 1152//1152 1140//1140 1138//1138
f 1198//1198 1153//1153 1195//1195
f 1198//1198 1151//1151 1153//1153
f 1151//1151 1152//1152 1153//1153
f 1151//1151 1150//1150 1152//1152
f 1149//1149 1151//1151 1198//1198
f 1149//1149 1148//1148 1151//1151
f 1148//1148 1150//1150 1151//1151
f 1147//1147 1154//1154 1146//1146
f 1147//1147 1146//1146 1193//1193
f 1147//1147 1156//1156 1154//1154
f 1136//1136 1149//1149 1237//1237
f 1136//1136 1214//1214 1149//1149
f 1214//1214 1213//1213 1148//1148
f 1214//1214 1148//1148 1149//1149
f 1145//1145 1142//1142 1144//1144
f 1142//1142 1211//1211 1144//1144
f 1142//1142 1216//1216 1211//1211
f 1216//1216 1141//1141 1143//1143
f 1141//1141 1140//1140 1143//1143
f 1157//1157 1145//1145 1158//1158
f 1145//1145 1139//1139 1142//1142
f 1139//1139 1216//1216 1142//1142
f 1141//1141 1138//1138 1140//1140
f 1157//1157 1135//1135 1145//1145
f 1135//1135 1139//1139 1145//1145
f 1215//1215 1141//1141 1216//1216
f 1215//1215 1194//1194 1141//1141
f 1194//1194 1138//1138 1141//1141
f 1215//1215 1229//1229 1194//1194
f 1216//1216 1139//1139 1215//1215
f 1227//1227 1139//1139 1135//1135
f 1139//1139 1227//1227 1215//1215
f 1195//1195 1153//1153 1138//1138
f 1193//1193 1136//1136 1237//1237
f 1135//1135 1157//1157 1137//1137
f 1185//1185 1159//1159 1182//1182
f 1159//1159 1168//1168 1182//1182
f 1183//1183 1182//1182 1168//1168
f 1183//1183 1168//1168 1167//1167
f 1185//1185 1160//1160 1159//1159
f 1167//1167 1168//1168 1166//1166
f 1160//1160 1170//1170 1078//1078
f 1181//1181 1182//1182 1212//1212
f 1237//1237 1226//1226 1193//1193
f 1197//1197 1137//1137 1147//1147
f 1197//1197 1147//1147 1193//1193
f 1196//1196 1229//1229 1215//1215
f 1227//1227 1135//1135 1231//1231
f 1231//1231 1135//1135 1137//1137
f 1227//1227 1196//1196 1215//1215
f 1199//1199 1200//1200 1224//1224
f 1169//1169 1201//1201 1202//1202
f 1204//1204 1169//1169 1202//1202
f 1204//1204 1202//1202 1222//1222
f 1224//1224 1200//1200 1223//1223
f 1222//1222 1202//1202 1199//1199
f 1208//1208 1222//1222 1207//1207
f 1222//1222 1224//1224 1223//1223
f 1223//1223 1186//1186 1150//1150
f 1222//1222 1223//1223 1207//1207
f 1148//1148 1207//1207 1150//1150
f 1148//1148 1213//1213 1207//1207
f 1209//1209 1208//1208 1213//1213
f 1209//1209 1213//1213 1206//1206
f 1223//1223 1150//1150 1207//1207
f 1207//1207 1213//1213 1208//1208
f 1205//1205 1208//1208 1209//1209
f 1187//1187 1188//1188 1189//1189
f 1190//1190 1210//1210 1184//1184
f 1189//1189 1188//1188 1190//1190
f 1210//1210 1144//1144 1219//1219
f 1144//1144 1211//1211 1218//1218
f 1144//1144 1218//1218 1219//1219
f 1211//1211 1217//1217 1218//1218
f 1211//1211 1212//1212 1183//1183
f 1211//1211 1183//1183 1217//1217
f 1212//1212 1182//1182 1183//1183
f 1193//1193 1146//1146 1136//1136
f 1146//1146 1214//1214 1136//1136
f 1146//1146 1206//1206 1214//1214
f 1214//1214 1206//1206 1213//1213
f 1205//1205 1221//1221 1204//1204
f 1222//1222 1205//1205 1204//1204
f 1195//1195 1194//1194 1229//1229
f 1232//1232 1238//1238 1240//1240
f 1243//1243 1239//1239 1228//1228
f 1228//1228 1239//1239 1235//1235
f 1226//1226 1236//1236 1197//1197
f 1236//1236 1237//1237 1235//1235
f 1228//1228 1235//1235 1237//1237
f 1237//1237 1149//1149 1228//1228
f 1234//1234 1243//1243 1228//1228
f 1195//1195 1244//1244 1234//1234
f 1237//1237 1236//1236 1226//1226
f 1236//1236 1235//1235 1275//1275
f 1246//1246 1229//1229 1196//1196
f 1195//1195 1234//1234 1198//1198
f 1198//1198 1234//1234 1228//1228
f 1244//1244 1195//1195 1229//1229
f 1244//1244 1229//1229 1246//1246
f 1248//1248 1254//1254 1250//1250
f 1244//1244 1258//1258 1234//1234
f 1236//1236 1275//1275 1230//1230
f 1236//1236 1230//1230 1241//1241
f 1197//1197 1236//1236 1241//1241
f 1254//1254 1244//1244 1250//1250
f 1231//1231 1245//1245 1247//1247
f 1240//1240 1254//1254 1248//1248
f 1241//1241 1279//1279 1233//1233
f 1241//1241 1230//1230 1279//1279
f 1279//1279 1242//1242 1233//1233
f 1233//1233 1242//1242 1231//1231
f 1137//1137 1241//1241 1231//1231
f 1137//1137 1197//1197 1241//1241
f 1247//1247 1196//1196 1227//1227
f 1274//1274 1242//1242 1279//1279
f 1242//1242 1232//1232 1240//1240
f 1231//1231 1242//1242 1245//1245
f 1274//1274 1232//1232 1242//1242
f 1246//1246 1196//1196 1247//1247
f 1238//1238 1255//1255 1258//1258
f 1243//1243 1234//1234 1258//1258
f 1231//1231 1241//1241 1233//1233
f 1245//1245 1242//1242 1240//1240
f 1247//1247 1227//1227 1231//1231
f 1246//1246 1247//1247 1249//1249
f 1245//1245 1248//1248 1252//1252
f 1240//1240 1248//1248 1245//1245
f 1247//1247 1245//1245 1252//1252
f 1246//1246 1249//1249 1244//1244
f 1250//1250 1244//1244 1249//1249
f 1252//1252 1249//1249 1247//1247
f 1252//1252 1248//1248 1251//1251
f 1251//1251 1249//1249 1252//1252
f 1248//1248 1250//1250 1251//1251
f 1250//1250 1249//1249 1251//1251
f 1252//1252 1253//1253 1251//1251
f 1252//1252 1251//1251 1253//1253
f 1254//1254 1258//1258 1244//1244
f 1255//1255 1243//1243 1258//1258
f 1238//1238 1257//1257 1256//1256
f 1258//1258 1257//1257 1238//1238
f 1259//1259 1240//1240 1256//1256
f 1257//1257 1258//1258 1259//1259
f 1258//1258 1254//1254 1259//1259
f 1240//1240 1238//1238 1256//1256
f 1259//1259 1254//1254 1240//1240
f 1261//1261 1257//1257 1259//1259
f 1261//1261 1256//1256 1257//1257
f 1259//1259 1256//1256 1261//1261
f 1261//1261 1259//1259 1260//1260
f 1259//1259 1261//1261 1260//1260
f 1262//1262 1263//1263 1232//1232
f 1255//1255 1239//1239 1243//1243
f 1264//1264 1255//1255 1238//1238
f 1264//1264 1263//1263 1262//1262
f 1262//1262 1255//1255 1264//1264
f 1262//1262 1239//1239 1255//1255
f 1232//1232 1263//1263 1238//1238
f 1266//1266 1263//1263 1264//1264
f 1266//1266 1264//1264 1265//1265
f 1264//1264 1238//1238 1265//1265
f 1265//1265 1238//1238 1266//1266
f 1238//1238 1263//1263 1266//1266
f 1266//1266 1267//1267 1265//1265
f 1267//1267 1266//1266 1265//1265
f 1268//1268 1239//1239 1262//1262
f 1232//1232 1271//1271 1262//1262
f 1274//1274 1268//1268 1269//1269
f 1235//1235 1239//1239 1268//1268
f 1274//1274 1235//1235 1268//1268
f 1268//1268 1271//1271 1269//1269
f 1268//1268 1262//1262 1271//1271
f 1272//1272 1274//1274 1269//1269
f 1272//1272 1232//1232 1274//1274
f 1271//1271 1232//1232 1270//1270
f 1269//1269 1271//1271 1273//1273
f 1271//1271 1270//1270 1273//1273
f 1273//1273 1272//1272 1269//1269
f 1270//1270 1232//1232 1272//1272
f 1273//1273 1270//1270 1272//1272
f 1230//1230 1275//1275 1278//1278
f 1278//1278 1275//1275 1274//1274
f 1275//1275 1235//1235 1274//1274
f 1276//1276 1274//1274 1279//1279
f 1230//1230 1278//1278 1279//1279
f 1278//1278 1274//1274 1276//1276
f 1278//1278 1276//1276 1277//1277
f 1277//1277 1276//1276 1279//1279
f 1279//1279 1278//1278 1277//1277
f 1299//1299 1293//1293 1312//1312
f 1298//1298 1473//1473 1474//1474
f 1481//1481 1544//1544 1536//1536
f 1481//1481 1536//1536 1492//1492
f 1493//1493 1537//1537 1546//1546
f 1493//1493 1546//1546 1490//1490
f 1480//1480 1644//1644 1533//1533
f 1480//1480 1533//1533 1477//1477
f 1475//1475 1476//1476 1548//1548
f 1475//1475 1548//1548 1541//1541
f 1476//1476 1483//1483 1547//1547
f 1476//1476 1547//1547 1548//1548
f 1483//1483 1484//1484 1526//1526
f 1483//1483 1526//1526 1547//1547
f 1486//1486 1485//1485 1530//1530
f 1486//1486 1530//1530 1529//1529
f 1485//1485 1394//1394 1518//1518
f 1485//1485 1518//1518 1530//1530
f 1394//1394 1488//1488 1630//1630
f 1394//1394 1630//1630 1518//1518
f 1487//1487 1534//1534 1630//1630
f 1487//1487 1630//1630 1488//1488
f 1489//1489 1404//1404 1545//1545
f 1489//1489 1545//1545 1629//1629
f 1546//1546 1545//1545 1404//1404
f 1546//1546 1404//1404 1490//1490
f 1481//1481 1479//1479 1543//1543
f 1481//1481 1543//1543 1544//1544
f 1479//1479 1478//1478 1532//1532
f 1479//1479 1532//1532 1543//1543
f 1542//1542 1644//1644 1480//1480
f 1542//1542 1480//1480 1472//1472
f 1474//1474 1473//1473 1538//1538
f 1474//1474 1538//1538 1650//1650
f 1541//1541 1540//1540 1469//1469
f 1541//1541 1469//1469 1475//1475
f 1473//1473 1399//1399 1539//1539
f 1473//1473 1539//1539 1538//1538
f 1492//1492 1536//1536 1537//1537
f 1492//1492 1537//1537 1493//1493
f 1491//1491 1489//1489 1535//1535
f 1491//1491 1535//1535 1628//1628
f 1478//1478 1477//1477 1533//1533
f 1478//1478 1533//1533 1532//1532
f 1482//1482 1486//1486 1529//1529
f 1482//1482 1529//1529 1528//1528
f 1528//1528 1527//1527 1482//1482
f 1484//1484 1527//1527 1526//1526
f 1470//1470 1539//1539 1399//1399
f 1531//1531 1469//1469 1540//1540
f 1487//1487 1491//1491 1628//1628
f 1487//1487 1628//1628 1534//1534
f 1489//1489 1629//1629 1535//1535
f 1472//1472 1474//1474 1650//1650
f 1472//1472 1650//1650 1542//1542
f 1307//1307 1303//1303 1398//1398
f 1308//1308 1418//1418 1307//1307
f 1321//1321 1418//1418 1308//1308
f 1321//1321 1308//1308 1286//1286
f 1320//1320 1282//1282 1446//1446
f 1282//1282 1320//1320 1450//1450
f 1297//1297 1399//1399 1400//1400
f 1285//1285 1297//1297 1400//1400
f 1284//1284 1408//1408 1402//1402
f 1402//1402 1285//1285 1284//1284
f 1286//1286 1308//1308 1322//1322
f 1307//1307 1306//1306 1308//1308
f 1398//1398 1313//1313 1306//1306
f 1398//1398 1306//1306 1307//1307
f 1407//1407 1322//1322 1308//1308
f 1306//1306 1305//1305 1407//1407
f 1306//1306 1407//1407 1308//1308
f 1313//1313 1296//1296 1305//1305
f 1313//1313 1305//1305 1306//1306
f 1305//1305 1397//1397 1406//1406
f 1296//1296 1397//1397 1305//1305
f 1398//1398 1303//1303 1318//1318
f 1301//1301 1324//1324 1403//1403
f 1283//1283 1324//1324 1301//1301
f 1288//1288 1396//1396 1294//1294
f 1290//1290 1293//1293 1477//1477
f 1477//1477 1300//1300 1289//1289
f 1477//1477 1289//1289 1290//1290
f 1289//1289 1300//1300 1396//1396
f 1298//1298 1299//1299 1312//1312
f 1298//1298 1312//1312 1405//1405
f 1401//1401 1297//1297 1285//1285
f 1401//1401 1285//1285 1402//1402
f 1395//1395 1295//1295 1316//1316
f 1295//1295 1287//1287 1317//1317
f 1295//1295 1317//1317 1316//1316
f 1287//1287 1288//1288 1294//1294
f 1287//1287 1294//1294 1317//1317
f 1289//1289 1396//1396 1323//1323
f 1289//1289 1323//1323 1292//1292
f 1310//1310 1323//1323 1396//1396
f 1310//1310 1396//1396 1288//1288
f 1312//1312 1293//1293 1311//1311
f 1291//1291 1311//1311 1293//1293
f 1291//1291 1293//1293 1290//1290
f 1290//1290 1289//1289 1292//1292
f 1290//1290 1292//1292 1291//1291
f 1287//1287 1310//1310 1288//1288
f 1407//1407 1406//1406 1408//1408
f 1284//1284 1285//1285 1400//1400
f 1419//1419 1446//1446 1282//1282
f 1393//1393 1416//1416 1340//1340
f 1393//1393 1392//1392 1326//1326
f 25//25 1360//1360 1392//1392
f 1391//1391 1359//1359 1360//1360
f 1391//1391 1360//1360 25//25
f 1391//1391 1329//1329 1359//1359
f 1342//1342 1340//1340 1416//1416
f 1468//1468 1390//1390 1345//1345
f 1331//1331 1390//1390 1468//1468
f 1341//1341 1328//1328 1340//1340
f 1327//1327 1328//1328 1341//1341
f 1389//1389 1327//1327 1341//1341
f 1389//1389 1341//1341 1432//1432
f 1345//1345 1390//1390 1389//1389
f 1453//1453 1423//1423 1449//1449
f 1421//1421 1424//1424 1379//1379
f 1421//1421 1388//1388 1378//1378
f 1421//1421 1378//1378 1424//1424
f 1388//1388 1387//1387 1377//1377
f 1388//1388 1377//1377 1378//1378
f 1386//1386 1356//1356 1377//1377
f 1386//1386 1377//1377 1387//1387
f 1385//1385 1355//1355 1356//1356
f 1385//1385 1356//1356 1386//1386
f 1413//1413 1425//1425 1421//1421
f 1425//1425 1388//1388 1421//1421
f 1428//1428 1387//1387 1388//1388
f 1384//1384 1386//1386 1387//1387
f 1384//1384 1387//1387 1428//1428
f 1462//1462 1385//1385 1386//1386
f 1462//1462 1386//1386 1384//1384
f 1454//1454 1425//1425 1413//1413
f 1456//1456 1414//1414 1454//1454
f 1383//1383 1359//1359 1329//1329
f 1381//1381 1382//1382 1368//1368
f 1409//1409 1382//1382 1381//1381
f 1368//1368 1383//1383 1329//1329
f 1382//1382 1383//1383 1368//1368
f 1382//1382 1357//1357 1383//1383
f 1409//1409 1357//1357 1382//1382
f 1363//1363 1380//1380 1367//1367
f 1363//1363 1367//1367 1332//1332
f 1363//1363 1408//1408 1380//1380
f 1407//1407 1363//1363 1332//1332
f 1379//1379 1424//1424 1375//1375
f 1379//1379 1375//1375 1376//1376
f 1424//1424 1378//1378 1429//1429
f 1378//1378 1377//1377 1353//1353
f 1378//1378 1353//1353 1429//1429
f 1356//1356 1352//1352 1353//1353
f 1356//1356 1353//1353 1377//1377
f 1376//1376 1375//1375 1417//1417
f 1286//1286 1366//1366 1434//1434
f 1336//1336 1434//1434 1366//1366
f 1337//1337 1434//1434 1336//1336
f 1365//1365 1337//1337 1336//1336
f 1438//1438 1453//1453 1436//1436
f 1370//1370 1444//1444 1443//1443
f 1436//1436 1445//1445 1444//1444
f 1436//1436 1444//1444 1370//1370
f 1442//1442 1445//1445 1436//1436
f 1442//1442 1448//1448 1445//1445
f 1281//1281 1447//1447 1437//1437
f 1441//1441 1372//1372 1374//1374
f 1373//1373 1441//1441 1447//1447
f 1370//1370 1443//1443 1369//1369
f 1381//1381 1368//1368 1330//1330
f 1325//1325 1367//1367 1330//1330
f 1362//1362 1367//1367 1325//1325
f 1332//1332 1367//1367 1362//1362
f 1367//1367 1381//1381 1330//1330
f 1336//1336 1364//1364 1365//1365
f 1366//1366 1364//1364 1336//1336
f 1364//1364 1362//1362 1365//1365
f 1366//1366 1332//1332 1364//1364
f 1322//1322 1407//1407 1332//1332
f 1322//1322 1332//1332 1366//1366
f 1364//1364 1332//1332 1362//1362
f 1410//1410 1342//1342 1416//1416
f 1358//1358 1361//1361 1360//1360
f 1358//1358 1339//1339 1361//1361
f 1312//1312 1311//1311 1339//1339
f 1312//1312 1339//1339 1358//1358
f 1338//1338 1361//1361 1339//1339
f 1333//1333 1361//1361 1338//1338
f 1338//1338 1334//1334 1333//1333
f 1357//1357 1359//1359 1383//1383
f 1359//1359 1358//1358 1360//1360
f 1357//1357 1358//1358 1359//1359
f 1405//1405 1358//1358 1357//1357
f 1355//1355 1351//1351 1352//1352
f 1355//1355 1352//1352 1356//1356
f 1354//1354 1350//1350 1351//1351
f 1354//1354 1351//1351 1355//1355
f 1429//1429 1353//1353 1348//1348
f 1429//1429 1348//1348 1430//1430
f 1352//1352 1347//1347 1348//1348
f 1352//1352 1348//1348 1353//1353
f 1351//1351 1468//1468 1347//1347
f 1351//1351 1347//1347 1352//1352
f 1350//1350 1468//1468 1351//1351
f 1430//1430 1348//1348 1431//1431
f 1345//1345 1431//1431 1348//1348
f 1422//1422 1343//1343 1344//1344
f 1427//1427 1432//1432 1343//1343
f 1432//1432 1341//1341 1343//1343
f 1344//1344 1343//1343 1342//1342
f 1344//1344 1342//1342 1410//1410
f 1341//1341 1340//1340 1342//1342
f 1341//1341 1342//1342 1343//1343
f 1416//1416 1334//1334 1410//1410
f 1292//1292 1323//1323 1410//1410
f 1292//1292 1410//1410 1334//1334
f 1310//1310 1410//1410 1323//1323
f 1338//1338 1339//1339 1311//1311
f 1338//1338 1311//1311 1291//1291
f 1291//1291 1292//1292 1334//1334
f 1291//1291 1334//1334 1338//1338
f 1346//1346 1310//1310 1287//1287
f 1466//1466 1371//1371 1467//1467
f 1439//1439 9//9 2086//2086
f 1373//1373 1372//1372 1441//1441
f 1434//1434 1337//1337 1372//1372
f 1434//1434 1372//1372 1373//1373
f 1335//1335 1442//1442 1447//1447
f 1408//1408 1363//1363 1407//1407
f 1447//1447 1441//1441 1335//1335
f 1416//1416 1333//1333 1334//1334
f 1326//1326 1416//1416 1393//1393
f 1360//1360 1326//1326 1392//1392
f 1361//1361 1333//1333 1326//1326
f 1361//1361 1326//1326 1360//1360
f 1315//1315 1395//1395 1490//1490
f 1315//1315 1490//1490 1404//1404
f 1316//1316 1493//1493 1490//1490
f 1316//1316 1490//1490 1395//1395
f 1317//1317 1492//1492 1493//1493
f 1317//1317 1493//1493 1316//1316
f 1294//1294 1481//1481 1492//1492
f 1294//1294 1492//1492 1317//1317
f 1483//1483 1398//1398 1318//1318
f 1483//1483 1318//1318 1484//1484
f 1527//1527 1484//1484 1304//1304
f 1527//1527 1304//1304 1319//1319
f 1484//1484 1318//1318 1304//1304
f 1314//1314 1451//1451 1485//1485
f 1314//1314 1485//1485 1486//1486
f 1301//1301 1403//1403 1489//1489
f 1301//1301 1489//1489 1491//1491
f 1411//1411 1487//1487 1488//1488
f 1411//1411 1488//1488 1394//1394
f 1481//1481 1294//1294 1396//1396
f 1481//1481 1396//1396 1479//1479
f 1472//1472 1480//1480 1293//1293
f 1472//1472 1293//1293 1299//1299
f 1477//1477 1293//1293 1480//1480
f 1477//1477 1478//1478 1300//1300
f 1479//1479 1396//1396 1300//1300
f 1479//1479 1300//1300 1478//1478
f 1399//1399 1473//1473 1298//1298
f 1470//1470 1399//1399 1297//1297
f 1471//1471 1297//1297 1401//1401
f 1471//1471 1470//1470 1297//1297
f 1531//1531 1471//1471 1401//1401
f 1483//1483 1476//1476 1313//1313
f 1483//1483 1313//1313 1398//1398
f 1476//1476 1475//1475 1296//1296
f 1476//1476 1296//1296 1313//1313
f 1475//1475 1469//1469 1397//1397
f 1475//1475 1397//1397 1296//1296
f 1486//1486 1482//1482 1280//1280
f 1486//1486 1280//1280 1314//1314
f 1482//1482 1527//1527 1319//1319
f 1482//1482 1319//1319 1280//1280
f 1451//1451 1394//1394 1485//1485
f 1469//1469 1531//1531 1401//1401
f 1469//1469 1401//1401 1397//1397
f 1397//1397 1401//1401 1402//1402
f 1397//1397 1402//1402 1406//1406
f 1315//1315 1404//1404 1403//1403
f 1283//1283 1301//1301 1487//1487
f 1487//1487 1301//1301 1491//1491
f 1403//1403 1404//1404 1489//1489
f 1474//1474 1472//1472 1299//1299
f 1474//1474 1299//1299 1298//1298
f 1400//1400 1405//1405 1284//1284
f 1405//1405 1312//1312 1358//1358
f 1400//1400 1399//1399 1298//1298
f 1400//1400 1298//1298 1405//1405
f 1305//1305 1406//1406 1407//1407
f 1406//1406 1402//1402 1408//1408
f 1408//1408 1284//1284 1409//1409
f 1405//1405 1357//1357 1409//1409
f 1405//1405 1409//1409 1284//1284
f 1380//1380 1409//1409 1381//1381
f 1380//1380 1381//1381 1367//1367
f 1380//1380 1408//1408 1409//1409
f 1413//1413 1324//1324 1283//1283
f 1346//1346 1410//1410 1310//1310
f 1283//1283 1487//1487 1411//1411
f 1394//1394 1412//1412 1411//1411
f 1302//1302 1319//1319 1304//1304
f 1303//1303 1302//1302 1304//1304
f 1303//1303 1304//1304 1318//1318
f 1411//1411 1412//1412 1456//1456
f 1452//1452 1412//1412 1451//1451
f 1450//1450 1314//1314 1280//1280
f 1450//1450 1280//1280 1319//1319
f 1450//1450 1319//1319 1302//1302
f 1414//1414 1412//1412 1452//1452
f 1414//1414 1456//1456 1412//1412
f 1376//1376 1417//1417 1415//1415
f 1417//1417 1346//1346 1415//1415
f 1326//1326 1333//1333 1416//1416
f 1346//1346 1344//1344 1410//1410
f 1450//1450 1302//1302 1282//1282
f 1376//1376 1415//1415 1295//1295
f 1376//1376 1295//1295 1395//1395
f 1295//1295 1415//1415 1346//1346
f 1295//1295 1346//1346 1287//1287
f 1324//1324 1379//1379 1315//1315
f 1324//1324 1315//1315 1403//1403
f 1379//1379 1376//1376 1395//1395
f 1379//1379 1395//1395 1315//1315
f 1421//1421 1379//1379 1324//1324
f 1413//1413 1421//1421 1324//1324
f 1417//1417 1422//1422 1346//1346
f 1422//1422 1344//1344 1346//1346
f 1307//1307 1418//1418 1303//1303
f 1419//1419 1282//1282 1302//1302
f 1418//1418 1419//1419 1302//1302
f 1418//1418 1302//1302 1303//1303
f 1423//1423 1420//1420 1320//1320
f 1423//1423 1320//1320 1449//1449
f 1375//1375 1426//1426 1417//1417
f 1426//1426 1422//1422 1417//1417
f 1449//1449 1320//1320 1446//1446
f 1457//1457 1454//1454 1455//1455
f 1419//1419 1309//1309 1446//1446
f 1309//1309 1419//1419 1418//1418
f 1309//1309 1418//1418 1321//1321
f 1457//1457 1425//1425 1454//1454
f 1424//1424 1429//1429 1375//1375
f 1429//1429 1426//1426 1375//1375
f 1426//1426 1427//1427 1422//1422
f 1427//1427 1343//1343 1422//1422
f 1281//1281 1449//1449 1446//1446
f 1428//1428 1388//1388 1425//1425
f 1460//1460 1428//1428 1457//1457
f 1458//1458 1457//1457 1455//1455
f 1458//1458 1455//1455 1453//1453
f 1429//1429 1430//1430 1426//1426
f 1430//1430 1431//1431 1427//1427
f 1430//1430 1427//1427 1426//1426
f 1431//1431 1432//1432 1427//1427
f 1447//1447 1446//1446 1309//1309
f 1384//1384 1460//1460 1433//1433
f 1384//1384 1433//1433 1462//1462
f 1453//1453 1281//1281 1436//1436
f 1465//1465 1354//1354 1355//1355
f 1465//1465 1355//1355 1385//1385
f 1461//1461 1462//1462 1433//1433
f 1286//1286 1434//1434 1321//1321
f 1434//1434 1373//1373 1309//1309
f 1434//1434 1309//1309 1321//1321
f 1286//1286 1322//1322 1366//1366
f 1281//1281 1437//1437 1436//1436
f 1447//1447 1309//1309 1373//1373
f 1464//1464 1461//1461 1459//1459
f 1465//1465 1435//1435 1354//1354
f 1435//1435 1349//1349 1350//1350
f 1435//1435 1350//1350 1354//1354
f 1349//1349 2086//2086 1331//1331
f 1436//1436 1370//1370 1438//1438
f 1439//1439 1349//1349 1435//1435
f 1437//1437 1447//1447 1442//1442
f 1371//1371 1463//1463 1464//1464
f 1371//1371 1464//1464 1459//1459
f 1371//1371 1459//1459 1440//1440
f 1438//1438 1440//1440 1459//1459
f 1438//1438 1370//1370 1440//1440
f 1439//1439 1435//1435 1463//1463
f 1439//1439 1463//1463 1466//1466
f 1442//1442 1436//1436 1437//1437
f 1440//1440 1467//1467 1371//1371
f 1370//1370 1369//1369 1440//1440
f 1466//1466 9//9 1439//1439
f 1440//1440 20//20 1467//1467
f 1335//1335 1448//1448 1442//1442
f 1281//1281 1446//1446 1447//1447
f 1463//1463 1435//1435 1464//1464
f 1452//1452 1450//1450 1320//1320
f 1452//1452 1320//1320 1420//1420
f 1394//1394 1451//1451 1412//1412
f 1450//1450 1452//1452 1451//1451
f 1450//1450 1451//1451 1314//1314
f 1414//1414 1452//1452 1420//1420
f 1281//1281 1453//1453 1449//1449
f 1414//1414 1420//1420 1454//1454
f 1454//1454 1420//1420 1423//1423
f 1454//1454 1423//1423 1455//1455
f 1453//1453 1455//1455 1423//1423
f 1458//1458 1453//1453 1433//1433
f 1456//1456 1454//1454 1413//1413
f 1411//1411 1456//1456 1283//1283
f 1456//1456 1413//1413 1283//1283
f 1453//1453 1438//1438 1459//1459
f 1453//1453 1459//1459 1433//1433
f 1457//1457 1458//1458 1460//1460
f 1460//1460 1458//1458 1433//1433
f 1459//1459 1461//1461 1433//1433
f 1463//1463 1371//1371 1466//1466
f 1428//1428 1425//1425 1457//1457
f 1428//1428 1460//1460 1384//1384
f 1461//1461 1465//1465 1385//1385
f 1461//1461 1385//1385 1462//1462
f 1464//1464 1465//1465 1461//1461
f 1464//1464 1435//1435 1465//1465
f 1345//1345 1389//1389 1431//1431
f 1349//1349 1439//1439 2086//2086
f 9//9 1466//1466 1467//1467
f 9//9 1467//1467 20//20
f 1432//1432 1431//1431 1389//1389
f 1468//1468 1345//1345 1347//1347
f 1350//1350 1331//1331 1468//1468
f 1349//1349 1331//1331 1350//1350
f 1345//1345 1348//1348 1347//1347
f 1653//1653 1538//1538 1620//1620
f 1596//1596 1527//1527 1528//1528
f 1496//1496 1587//1587 1592//1592
f 1622//1622 1567//1567 1560//1560
f 1504//1504 1510//1510 1815//1815
f 1592//1592 1502//1502 1507//1507
f 1502//1502 1505//1505 1508//1508
f 1510//1510 1592//1592 1507//1507
f 1510//1510 1504//1504 1496//1496
f 1503//1503 1496//1496 1504//1504
f 1503//1503 1587//1587 1496//1496
f 1504//1504 1788//1788 1503//1503
f 1760//1760 1504//1504 1762//1762
f 1504//1504 1760//1760 1778//1778
f 1504//1504 1778//1778 1788//1788
f 1496//1496 1592//1592 1510//1510
f 1592//1592 1505//1505 1502//1502
f 1499//1499 1495//1495 1829//1829
f 1499//1499 1829//1829 1509//1509
f 1738//1738 1744//1744 1829//1829
f 1738//1738 1829//1829 1495//1495
f 1738//1738 1495//1495 1591//1591
f 1494//1494 1738//1738 1591//1591
f 1737//1737 1738//1738 1494//1494
f 1737//1737 1494//1494 1590//1590
f 1506//1506 1499//1499 1509//1509
f 1497//1497 1498//1498 1508//1508
f 1506//1506 1500//1500 1498//1498
f 1506//1506 1498//1498 1497//1497
f 1509//1509 1501//1501 1500//1500
f 1509//1509 1500//1500 1506//1506
f 1498//1498 1770//1770 1508//1508
f 1769//1769 1502//1502 1508//1508
f 1769//1769 1508//1508 1770//1770
f 1765//1765 1507//1507 1502//1502
f 1765//1765 1502//1502 1769//1769
f 1764//1764 1510//1510 1507//1507
f 1764//1764 1507//1507 1765//1765
f 1548//1548 1605//1605 1603//1603
f 1548//1548 1603//1603 1541//1541
f 1547//1547 1604//1604 1605//1605
f 1547//1547 1605//1605 1548//1548
f 1526//1526 1595//1595 1604//1604
f 1526//1526 1604//1604 1547//1547
f 1518//1518 1516//1516 1530//1530
f 1630//1630 1631//1631 1518//1518
f 1628//1628 1535//1535 1521//1521
f 1629//1629 1545//1545 1522//1522
f 1546//1546 1633//1633 1522//1522
f 1546//1546 1522//1522 1545//1545
f 1537//1537 1536//1536 1524//1524
f 1537//1537 1524//1524 1523//1523
f 1536//1536 1544//1544 1525//1525
f 1536//1536 1525//1525 1524//1524
f 1544//1544 1543//1543 1637//1637
f 1544//1544 1637//1637 1525//1525
f 1532//1532 1599//1599 1637//1637
f 1532//1532 1637//1637 1543//1543
f 1532//1532 1533//1533 1648//1648
f 1532//1532 1648//1648 1599//1599
f 1603//1603 1600//1600 1540//1540
f 1603//1603 1540//1540 1541//1541
f 1531//1531 1540//1540 1600//1600
f 1531//1531 1600//1600 1597//1597
f 1538//1538 1539//1539 1601//1601
f 1538//1538 1601//1601 1620//1620
f 1529//1529 1530//1530 1515//1515
f 1529//1529 1515//1515 1594//1594
f 1530//1530 1516//1516 1515//1515
f 1528//1528 1529//1529 1594//1594
f 1528//1528 1594//1594 1596//1596
f 1526//1526 1527//1527 1596//1596
f 1526//1526 1596//1596 1595//1595
f 1616//1616 1603//1603 1605//1605
f 1616//1616 1605//1605 1615//1615
f 1604//1604 1614//1614 1615//1615
f 1604//1604 1615//1615 1605//1605
f 1614//1614 1604//1604 1595//1595
f 1614//1614 1595//1595 1613//1613
f 1612//1612 1596//1596 1594//1594
f 1517//1517 1573//1573 1512//1512
f 1517//1517 1631//1631 1632//1632
f 1517//1517 1632//1632 1573//1573
f 1616//1616 1617//1617 1600//1600
f 1616//1616 1600//1600 1603//1603
f 1565//1565 1567//1567 1621//1621
f 1620//1620 1621//1621 1624//1624
f 1617//1617 1597//1597 1600//1600
f 1634//1634 1514//1514 1522//1522
f 1634//1634 1522//1522 1633//1633
f 1571//1571 1522//1522 1514//1514
f 1523//1523 1618//1618 1570//1570
f 1618//1618 1525//1525 1638//1638
f 1525//1525 1649//1649 1638//1638
f 1619//1619 1620//1620 1624//1624
f 1619//1619 1624//1624 1625//1625
f 1549//1549 1597//1597 1617//1617
f 1613//1613 1595//1595 1596//1596
f 1613//1613 1596//1596 1612//1612
f 1612//1612 1594//1594 1515//1515
f 1612//1612 1515//1515 1516//1516
f 1497//1497 1593//1593 1506//1506
f 1588//1588 1589//1589 1593//1593
f 1588//1588 1593//1593 1497//1497
f 1497//1497 1505//1505 1579//1579
f 1503//1503 1788//1788 1585//1585
f 1788//1788 1586//1586 1585//1585
f 1782//1782 1586//1586 1788//1788
f 1587//1587 1579//1579 1592//1592
f 1592//1592 1579//1579 1505//1505
f 1495//1495 1639//1639 1641//1641
f 1499//1499 1639//1639 1495//1495
f 1593//1593 1639//1639 1499//1499
f 1593//1593 1499//1499 1506//1506
f 1591//1591 1495//1495 1641//1641
f 1591//1591 1641//1641 1643//1643
f 1563//1563 1640//1640 1643//1643
f 1554//1554 1640//1640 1563//1563
f 1640//1640 1591//1591 1643//1643
f 1554//1554 1590//1590 1640//1640
f 1640//1640 1590//1590 1494//1494
f 1591//1591 1640//1640 1494//1494
f 1639//1639 1636//1636 1641//1641
f 1561//1561 1562//1562 1578//1578
f 1574//1574 1575//1575 1586//1586
f 1611//1611 1576//1576 1569//1569
f 1589//1589 1635//1635 1636//1636
f 1593//1593 1589//1589 1636//1636
f 1511//1511 1589//1589 1588//1588
f 1588//1588 1580//1580 1511//1511
f 1588//1588 1579//1579 1580//1580
f 1497//1497 1579//1579 1588//1588
f 1558//1558 1581//1581 1587//1587
f 1557//1557 1607//1607 1559//1559
f 1503//1503 1558//1558 1587//1587
f 1585//1585 1558//1558 1503//1503
f 1583//1583 1586//1586 1575//1575
f 1581//1581 1579//1579 1587//1587
f 1582//1582 1579//1579 1581//1581
f 1582//1582 1513//1513 1579//1579
f 1582//1582 1512//1512 1513//1513
f 1580//1580 1513//1513 1632//1632
f 1579//1579 1513//1513 1580//1580
f 1642//1642 1641//1641 1577//1577
f 1642//1642 1643//1643 1641//1641
f 1569//1569 1576//1576 1606//1606
f 1556//1556 1567//1567 1549//1549
f 1556//1556 1549//1549 1551//1551
f 1553//1553 1578//1578 1560//1560
f 1566//1566 1562//1562 1561//1561
f 1564//1564 1563//1563 1643//1643
f 1561//1561 1578//1578 1553//1553
f 1552//1552 1553//1553 1556//1556
f 1551//1551 1552//1552 1556//1556
f 1551//1551 1550//1550 1779//1779
f 1577//1577 1641//1641 1636//1636
f 1563//1563 1561//1561 1554//1554
f 1553//1553 1554//1554 1561//1561
f 1555//1555 1606//1606 1550//1550
f 1550//1550 1574//1574 1779//1779
f 1609//1609 1610//1610 1613//1613
f 1571//1571 1572//1572 1520//1520
f 1570//1570 1618//1618 1627//1627
f 1638//1638 1627//1627 1618//1618
f 1642//1642 1638//1638 1626//1626
f 1555//1555 1568//1568 1606//1606
f 1566//1566 1625//1625 1624//1624
f 1566//1566 1624//1624 1562//1562
f 1561//1561 1563//1563 1564//1564
f 1564//1564 1566//1566 1561//1561
f 1623//1623 1562//1562 1624//1624
f 1553//1553 1560//1560 1556//1556
f 1552//1552 1787//1787 1554//1554
f 1557//1557 1559//1559 1609//1609
f 1551//1551 1549//1549 1555//1555
f 1553//1553 1552//1552 1554//1554
f 1560//1560 1567//1567 1556//1556
f 1525//1525 1618//1618 1524//1524
f 1524//1524 1618//1618 1523//1523
f 1520//1520 1628//1628 1521//1521
f 1631//1631 1517//1517 1518//1518
f 1517//1517 1516//1516 1518//1518
f 1573//1573 1513//1513 1512//1512
f 1632//1632 1513//1513 1573//1573
f 1571//1571 1511//1511 1572//1572
f 1511//1511 1571//1571 1514//1514
f 1627//1627 1577//1577 1570//1570
f 1638//1638 1642//1642 1627//1627
f 1635//1635 1514//1514 1634//1634
f 1589//1589 1514//1514 1635//1635
f 1511//1511 1514//1514 1589//1589
f 1580//1580 1572//1572 1511//1511
f 1550//1550 1551//1551 1555//1555
f 1606//1606 1574//1574 1550//1550
f 1576//1576 1575//1575 1574//1574
f 1576//1576 1574//1574 1606//1606
f 1584//1584 1583//1583 1575//1575
f 1584//1584 1575//1575 1576//1576
f 1607//1607 1583//1583 1584//1584
f 1815//1815 1510//1510 1764//1764
f 1607//1607 1558//1558 1585//1585
f 1607//1607 1585//1585 1583//1583
f 1583//1583 1585//1585 1586//1586
f 1607//1607 1557//1557 1558//1558
f 1558//1558 1557//1557 1582//1582
f 1558//1558 1582//1582 1581//1581
f 1512//1512 1582//1582 1608//1608
f 1608//1608 1582//1582 1557//1557
f 1608//1608 1557//1557 1609//1609
f 1609//1609 1559//1559 1610//1610
f 1610//1610 1559//1559 1611//1611
f 1606//1606 1568//1568 1569//1569
f 1584//1584 1611//1611 1559//1559
f 1611//1611 1584//1584 1576//1576
f 1516//1516 1517//1517 1512//1512
f 1516//1516 1512//1512 1608//1608
f 1612//1612 1516//1516 1608//1608
f 1612//1612 1608//1608 1609//1609
f 1613//1613 1612//1612 1609//1609
f 1614//1614 1613//1613 1610//1610
f 1614//1614 1610//1610 1611//1611
f 1614//1614 1611//1611 1615//1615
f 1569//1569 1616//1616 1615//1615
f 1569//1569 1615//1615 1611//1611
f 1616//1616 1569//1569 1568//1568
f 1616//1616 1568//1568 1617//1617
f 1617//1617 1568//1568 1555//1555
f 1549//1549 1617//1617 1555//1555
f 1602//1602 1601//1601 1539//1539
f 1602//1602 1539//1539 1470//1470
f 1470//1470 1471//1471 1598//1598
f 1470//1470 1598//1598 1602//1602
f 1597//1597 1598//1598 1471//1471
f 1597//1597 1471//1471 1531//1531
f 1597//1597 1549//1549 1565//1565
f 1597//1597 1565//1565 1598//1598
f 1565//1565 1602//1602 1598//1598
f 1649//1649 1525//1525 1637//1637
f 1648//1648 1649//1649 1599//1599
f 1620//1620 1601//1601 1621//1621
f 1565//1565 1621//1621 1601//1601
f 1565//1565 1601//1601 1602//1602
f 1567//1567 1565//1565 1549//1549
f 1622//1622 1621//1621 1567//1567
f 1623//1623 1624//1624 1621//1621
f 1623//1623 1621//1621 1622//1622
f 1628//1628 1519//1519 1534//1534
f 1520//1520 1519//1519 1628//1628
f 1520//1520 1572//1572 1519//1519
f 1629//1629 1521//1521 1535//1535
f 1522//1522 1520//1520 1521//1521
f 1522//1522 1521//1521 1629//1629
f 1571//1571 1520//1520 1522//1522
f 1630//1630 1534//1534 1519//1519
f 1630//1630 1519//1519 1631//1631
f 1631//1631 1519//1519 1572//1572
f 1631//1631 1572//1572 1632//1632
f 1632//1632 1572//1572 1580//1580
f 1537//1537 1523//1523 1633//1633
f 1537//1537 1633//1633 1546//1546
f 1634//1634 1633//1633 1523//1523
f 1634//1634 1523//1523 1570//1570
f 1634//1634 1570//1570 1577//1577
f 1635//1635 1634//1634 1577//1577
f 1635//1635 1577//1577 1636//1636
f 1649//1649 1646//1646 1638//1638
f 1649//1649 1637//1637 1599//1599
f 1626//1626 1638//1638 1646//1646
f 1607//1607 1584//1584 1559//1559
f 1639//1639 1593//1593 1636//1636
f 1497//1497 1508//1508 1505//1505
f 1562//1562 1623//1623 1578//1578
f 1642//1642 1626//1626 1643//1643
f 1578//1578 1623//1623 1622//1622
f 1578//1578 1622//1622 1560//1560
f 1643//1643 1626//1626 1564//1564
f 1642//1642 1577//1577 1627//1627
f 1644//1644 1542//1542 1647//1647
f 1566//1566 1564//1564 1626//1626
f 1566//1566 1626//1626 1625//1625
f 1533//1533 1644//1644 1647//1647
f 1533//1533 1647//1647 1648//1648
f 1649//1649 1645//1645 1646//1646
f 1648//1648 1647//1647 1645//1645
f 1648//1648 1645//1645 1649//1649
f 1542//1542 1650//1650 1652//1652
f 1542//1542 1652//1652 1647//1647
f 1651//1651 1625//1625 1646//1646
f 1651//1651 1646//1646 1645//1645
f 1651//1651 1645//1645 1647//1647
f 1651//1651 1647//1647 1652//1652
f 1626//1626 1646//1646 1625//1625
f 1653//1653 1652//1652 1650//1650
f 1653//1653 1650//1650 1538//1538
f 1625//1625 1651//1651 1619//1619
f 1652//1652 1653//1653 1619//1619
f 1652//1652 1619//1619 1651//1651
f 1619//1619 1653//1653 1620//1620
f 1667//1667 1844//1844 1789//1789
f 1784//1784 1778//1778 1761//1761
f 1822//1822 1682//1682 1705//1705
f 1689//1689 1724//1724 1674//1674
f 1688//1688 1690//1690 1694//1694
f 1670//1670 1669//1669 1689//1689
f 1727//1727 1729//1729 1728//1728
f 1818//1818 1670//1670 1674//1674
f 1838//1838 1701//1701 1695//1695
f 1790//1790 1654//1654 1666//1666
f 1657//1657 1663//1663 1842//1842
f 1848//1848 1790//1790 1791//1791
f 1654//1654 1848//1848 1667//1667
f 1654//1654 1667//1667 1662//1662
f 1660//1660 1841//1841 1659//1659
f 1663//1663 1658//1658 1842//1842
f 1833//1833 1832//1832 1840//1840
f 1656//1656 1851//1851 1655//1655
f 1851//1851 1656//1656 1852//1852
f 1833//1833 1853//1853 1852//1852
f 1854//1854 1900//1900 1791//1791
f 1656//1656 1798//1798 1837//1837
f 1837//1837 1833//1833 1656//1656
f 1837//1837 1699//1699 1832//1832
f 1664//1664 1832//1832 1699//1699
f 1664//1664 1657//1657 1832//1832
f 1663//1663 1657//1657 1664//1664
f 1666//1666 1791//1791 1790//1790
f 1854//1854 1791//1791 1666//1666
f 1667//1667 1661//1661 1662//1662
f 1659//1659 1658//1658 1660//1660
f 1833//1833 1852//1852 1656//1656
f 1842//1842 1658//1658 1659//1659
f 1849//1849 1657//1657 1842//1842
f 1840//1840 1832//1832 1657//1657
f 1840//1840 1657//1657 1849//1849
f 1784//1784 1747//1747 1745//1745
f 1784//1784 1745//1745 1736//1736
f 1807//1807 1793//1793 1803//1803
f 1807//1807 1750//1750 1735//1735
f 1735//1735 1750//1750 1734//1734
f 1793//1793 1794//1794 1763//1763
f 1794//1794 1795//1795 1811//1811
f 1760//1760 1762//1762 1795//1795
f 1803//1803 1691//1691 1677//1677
f 1810//1810 1504//1504 1815//1815
f 1815//1815 1816//1816 1810//1810
f 1767//1767 1764//1764 1765//1765
f 1767//1767 1765//1765 1766//1766
f 1771//1771 1671//1671 1669//1669
f 1771//1771 1669//1669 1675//1675
f 1766//1766 1765//1765 1769//1769
f 1766//1766 1769//1769 1768//1768
f 1668//1668 1687//1687 1720//1720
f 1771//1771 1772//1772 1672//1672
f 1771//1771 1672//1672 1671//1671
f 1768//1768 1769//1769 1770//1770
f 1768//1768 1770//1770 1819//1819
f 1819//1819 1770//1770 1498//1498
f 1795//1795 1762//1762 1811//1811
f 1761//1761 1760//1760 1795//1795
f 1784//1784 1761//1761 1747//1747
f 1778//1778 1760//1760 1761//1761
f 1831//1831 1813//1813 1743//1743
f 1831//1831 1743//1743 1830//1830
f 1744//1744 1830//1830 1743//1743
f 1812//1812 1830//1830 1759//1759
f 1744//1744 1739//1739 1759//1759
f 1685//1685 1758//1758 1714//1714
f 1697//1697 1812//1812 1757//1757
f 1697//1697 1757//1757 1758//1758
f 1812//1812 1759//1759 1756//1756
f 1812//1812 1756//1756 1757//1757
f 1739//1739 1755//1755 1756//1756
f 1739//1739 1756//1756 1759//1759
f 1737//1737 1755//1755 1739//1739
f 1714//1714 1758//1758 1754//1754
f 1758//1758 1757//1757 1753//1753
f 1758//1758 1753//1753 1754//1754
f 1757//1757 1756//1756 1752//1752
f 1757//1757 1752//1752 1753//1753
f 1755//1755 1751//1751 1752//1752
f 1755//1755 1752//1752 1756//1756
f 1754//1754 1753//1753 1749//1749
f 1753//1753 1752//1752 1748//1748
f 1752//1752 1746//1746 1748//1748
f 1751//1751 1745//1745 1746//1746
f 1751//1751 1746//1746 1752//1752
f 1749//1749 1750//1750 1807//1807
f 1746//1746 1747//1747 1750//1750
f 1746//1746 1750//1750 1748//1748
f 1745//1745 1747//1747 1746//1746
f 1809//1809 1814//1814 1813//1813
f 1809//1809 1813//1813 1808//1808
f 1814//1814 1742//1742 1743//1743
f 1814//1814 1743//1743 1813//1813
f 1775//1775 1741//1741 1742//1742
f 1775//1775 1742//1742 1814//1814
f 1776//1776 1680//1680 1679//1679
f 1776//1776 1679//1679 1740//1740
f 1501//1501 1741//1741 1775//1775
f 1501//1501 1775//1775 1773//1773
f 1509//1509 1741//1741 1501//1501
f 1773//1773 1774//1774 1500//1500
f 1773//1773 1500//1500 1501//1501
f 1740//1740 1679//1679 1678//1678
f 1740//1740 1678//1678 1696//1696
f 1823//1823 1498//1498 1500//1500
f 1823//1823 1500//1500 1774//1774
f 1739//1739 1744//1744 1738//1738
f 1739//1739 1738//1738 1737//1737
f 1737//1737 1781//1781 1755//1755
f 1590//1590 1781//1781 1737//1737
f 1777//1777 1755//1755 1781//1781
f 1751//1751 1755//1755 1777//1777
f 1736//1736 1745//1745 1751//1751
f 1736//1736 1751//1751 1777//1777
f 1785//1785 1736//1736 1777//1777
f 1785//1785 1784//1784 1736//1736
f 1735//1735 1794//1794 1793//1793
f 1735//1735 1734//1734 1794//1794
f 1711//1711 1792//1792 1796//1796
f 1792//1792 1729//1729 1796//1796
f 1727//1727 1799//1799 1729//1729
f 1727//1727 1800//1800 1799//1799
f 1725//1725 1723//1723 1733//1733
f 1725//1725 1733//1733 1800//1800
f 1723//1723 1721//1721 1666//1666
f 1723//1723 1666//1666 1733//1733
f 1721//1721 1719//1719 1666//1666
f 1828//1828 1700//1700 1731//1731
f 1704//1704 1836//1836 1798//1798
f 1717//1717 1715//1715 1664//1664
f 1717//1717 1664//1664 1699//1699
f 1715//1715 1713//1713 1732//1732
f 1715//1715 1732//1732 1664//1664
f 1713//1713 1710//1710 1797//1797
f 1713//1713 1797//1797 1732//1732
f 1710//1710 1711//1711 1797//1797
f 1839//1839 1704//1704 1798//1798
f 1700//1700 1701//1701 1731//1731
f 1709//1709 1792//1792 1711//1711
f 1709//1709 1730//1730 1792//1792
f 1792//1792 1728//1728 1729//1729
f 1730//1730 1726//1726 1728//1728
f 1726//1726 1727//1727 1728//1728
f 1727//1727 1801//1801 1800//1800
f 1726//1726 1802//1802 1801//1801
f 1726//1726 1801//1801 1727//1727
f 1725//1725 1722//1722 1723//1723
f 1724//1724 1722//1722 1725//1725
f 1722//1722 1720//1720 1721//1721
f 1722//1722 1721//1721 1723//1723
f 1720//1720 1687//1687 1719//1719
f 1720//1720 1719//1719 1721//1721
f 1827//1827 1700//1700 1828//1828
f 1826//1826 1688//1688 1700//1700
f 1826//1826 1700//1700 1827//1827
f 1705//1705 1835//1835 1834//1834
f 1682//1682 1835//1835 1705//1705
f 1835//1835 1686//1686 1718//1718
f 1716//1716 1715//1715 1717//1717
f 1718//1718 1805//1805 1715//1715
f 1718//1718 1715//1715 1716//1716
f 1686//1686 1805//1805 1718//1718
f 1686//1686 1714//1714 1805//1805
f 1805//1805 1804//1804 1713//1713
f 1805//1805 1713//1713 1715//1715
f 1805//1805 1714//1714 1712//1712
f 1805//1805 1712//1712 1804//1804
f 1804//1804 1708//1708 1710//1710
f 1804//1804 1710//1710 1713//1713
f 1804//1804 1712//1712 1707//1707
f 1804//1804 1707//1707 1708//1708
f 1710//1710 1709//1709 1711//1711
f 1708//1708 1709//1709 1710//1710
f 1708//1708 1707//1707 1706//1706
f 1703//1703 1834//1834 1836//1836
f 1703//1703 1836//1836 1704//1704
f 1702//1702 1705//1705 1834//1834
f 1702//1702 1834//1834 1703//1703
f 1698//1698 1822//1822 1705//1705
f 1698//1698 1705//1705 1702//1702
f 1838//1838 1703//1703 1704//1704
f 1838//1838 1704//1704 1839//1839
f 1838//1838 1702//1702 1703//1703
f 1695//1695 1698//1698 1702//1702
f 1695//1695 1702//1702 1838//1838
f 1698//1698 1695//1695 1694//1694
f 1688//1688 1695//1695 1701//1701
f 1688//1688 1701//1701 1700//1700
f 1831//1831 1808//1808 1813//1813
f 1824//1824 1696//1696 1678//1678
f 1694//1694 1695//1695 1688//1688
f 1817//1817 1818//1818 1673//1673
f 1817//1817 1673//1673 1691//1691
f 1677//1677 1691//1691 1673//1673
f 1826//1826 1690//1690 1688//1688
f 1720//1720 1693//1693 1668//1668
f 1722//1722 1689//1689 1693//1693
f 1722//1722 1693//1693 1720//1720
f 1724//1724 1689//1689 1722//1722
f 1683//1683 1684//1684 1685//1685
f 1682//1682 1808//1808 1684//1684
f 1682//1682 1684//1684 1683//1683
f 1822//1822 1681//1681 1808//1808
f 1822//1822 1808//1808 1682//1682
f 1821//1821 1680//1680 1681//1681
f 1821//1821 1681//1681 1822//1822
f 1694//1694 1679//1679 1680//1680
f 1694//1694 1680//1680 1821//1821
f 1820//1820 1678//1678 1679//1679
f 1820//1820 1679//1679 1694//1694
f 1825//1825 1678//1678 1820//1820
f 1676//1676 1675//1675 1669//1669
f 1676//1676 1669//1669 1670//1670
f 1818//1818 1674//1674 1673//1673
f 1825//1825 1668//1668 1672//1672
f 1693//1693 1671//1671 1672//1672
f 1693//1693 1672//1672 1668//1668
f 1689//1689 1669//1669 1671//1671
f 1689//1689 1671//1671 1693//1693
f 1766//1766 1675//1675 1676//1676
f 1766//1766 1676//1676 1767//1767
f 1768//1768 1675//1675 1766//1766
f 1773//1773 1740//1740 1696//1696
f 1773//1773 1696//1696 1774//1774
f 1775//1775 1776//1776 1740//1740
f 1775//1775 1740//1740 1773//1773
f 1776//1776 1814//1814 1809//1809
f 1824//1824 1823//1823 1696//1696
f 1771//1771 1768//1768 1819//1819
f 1771//1771 1819//1819 1772//1772
f 1675//1675 1768//1768 1771//1771
f 1817//1817 1691//1691 1692//1692
f 1817//1817 1692//1692 1816//1816
f 1782//1782 1784//1784 1783//1783
f 1778//1778 1782//1782 1788//1788
f 1782//1782 1778//1778 1784//1784
f 1554//1554 1787//1787 1590//1590
f 1786//1786 1781//1781 1787//1787
f 1781//1781 1590//1590 1787//1787
f 1785//1785 1786//1786 1787//1787
f 1785//1785 1787//1787 1780//1780
f 1785//1785 1777//1777 1786//1786
f 1780//1780 1779//1779 1783//1783
f 1780//1780 1783//1783 1785//1785
f 1783//1783 1779//1779 1782//1782
f 1783//1783 1784//1784 1785//1785
f 1777//1777 1781//1781 1786//1786
f 1780//1780 1787//1787 1552//1552
f 1780//1780 1552//1552 1551//1551
f 1551//1551 1779//1779 1780//1780
f 1574//1574 1782//1782 1779//1779
f 1782//1782 1574//1574 1586//1586
f 1661//1661 1667//1667 1841//1841
f 1789//1789 1841//1841 1667//1667
f 1667//1667 1848//1848 1844//1844
f 1848//1848 1654//1654 1790//1790
f 1841//1841 1660//1660 1661//1661
f 1661//1661 1660//1660 1796//1796
f 1730//1730 1728//1728 1792//1792
f 1661//1661 1796//1796 1799//1799
f 1796//1796 1729//1729 1799//1799
f 1660//1660 1711//1711 1796//1796
f 1658//1658 1797//1797 1660//1660
f 1797//1797 1711//1711 1660//1660
f 1663//1663 1797//1797 1658//1658
f 1663//1663 1732//1732 1797//1797
f 1664//1664 1732//1732 1663//1663
f 1655//1655 1839//1839 1798//1798
f 1665//1665 1731//1731 1839//1839
f 1828//1828 1731//1731 1665//1665
f 1666//1666 1719//1719 1854//1854
f 1654//1654 1733//1733 1666//1666
f 1662//1662 1800//1800 1733//1733
f 1662//1662 1733//1733 1654//1654
f 1662//1662 1661//1661 1799//1799
f 1799//1799 1800//1800 1662//1662
f 1801//1801 1725//1725 1800//1800
f 1802//1802 1724//1724 1725//1725
f 1802//1802 1725//1725 1801//1801
f 1673//1673 1674//1674 1724//1724
f 1673//1673 1724//1724 1802//1802
f 1677//1677 1802//1802 1726//1726
f 1803//1803 1677//1677 1726//1726
f 1803//1803 1726//1726 1730//1730
f 1706//1706 1803//1803 1730//1730
f 1706//1706 1730//1730 1709//1709
f 1708//1708 1706//1706 1709//1709
f 1683//1683 1686//1686 1835//1835
f 1683//1683 1835//1835 1682//1682
f 1802//1802 1677//1677 1673//1673
f 1807//1807 1803//1803 1706//1706
f 1806//1806 1807//1807 1706//1706
f 1806//1806 1706//1706 1707//1707
f 1754//1754 1806//1806 1707//1707
f 1754//1754 1707//1707 1712//1712
f 1714//1714 1754//1754 1712//1712
f 1685//1685 1714//1714 1686//1686
f 1683//1683 1685//1685 1686//1686
f 1763//1763 1691//1691 1803//1803
f 1793//1793 1763//1763 1803//1803
f 1735//1735 1793//1793 1807//1807
f 1749//1749 1807//1807 1806//1806
f 1754//1754 1749//1749 1806//1806
f 1697//1697 1758//1758 1685//1685
f 1697//1697 1685//1685 1684//1684
f 1697//1697 1684//1684 1831//1831
f 1831//1831 1684//1684 1808//1808
f 1809//1809 1808//1808 1681//1681
f 1809//1809 1681//1681 1680//1680
f 1809//1809 1680//1680 1776//1776
f 1810//1810 1816//1816 1692//1692
f 1794//1794 1811//1811 1763//1763
f 1748//1748 1750//1750 1749//1749
f 1753//1753 1748//1748 1749//1749
f 1775//1775 1814//1814 1776//1776
f 1692//1692 1691//1691 1763//1763
f 1811//1811 1810//1810 1692//1692
f 1811//1811 1692//1692 1763//1763
f 1810//1810 1811//1811 1762//1762
f 1810//1810 1762//1762 1504//1504
f 1815//1815 1764//1764 1767//1767
f 1815//1815 1767//1767 1816//1816
f 1816//1816 1767//1767 1676//1676
f 1817//1817 1816//1816 1676//1676
f 1670//1670 1818//1818 1817//1817
f 1670//1670 1817//1817 1676//1676
f 1674//1674 1670//1670 1689//1689
f 1823//1823 1774//1774 1696//1696
f 1690//1690 1825//1825 1820//1820
f 1694//1694 1690//1690 1820//1820
f 1821//1821 1698//1698 1694//1694
f 1822//1822 1698//1698 1821//1821
f 1823//1823 1819//1819 1498//1498
f 1824//1824 1772//1772 1819//1819
f 1824//1824 1819//1819 1823//1823
f 1824//1824 1678//1678 1672//1672
f 1824//1824 1672//1672 1772//1772
f 1825//1825 1672//1672 1678//1678
f 1690//1690 1668//1668 1825//1825
f 1690//1690 1826//1826 1668//1668
f 1668//1668 1826//1826 1687//1687
f 1687//1687 1826//1826 1827//1827
f 1687//1687 1827//1827 1719//1719
f 1719//1719 1827//1827 1828//1828
f 1828//1828 1854//1854 1719//1719
f 1828//1828 1665//1665 1854//1854
f 1829//1829 1744//1744 1743//1743
f 1829//1829 1743//1743 1742//1742
f 1741//1741 1509//1509 1829//1829
f 1741//1741 1829//1829 1742//1742
f 1761//1761 1734//1734 1750//1750
f 1761//1761 1750//1750 1747//1747
f 1795//1795 1794//1794 1734//1734
f 1795//1795 1734//1734 1761//1761
f 1831//1831 1830//1830 1812//1812
f 1744//1744 1759//1759 1830//1830
f 1831//1831 1812//1812 1697//1697
f 1835//1835 1718//1718 1716//1716
f 1835//1835 1716//1716 1834//1834
f 1836//1836 1717//1717 1699//1699
f 1836//1836 1699//1699 1798//1798
f 1834//1834 1716//1716 1717//1717
f 1834//1834 1717//1717 1836//1836
f 1837//1837 1832//1832 1833//1833
f 1837//1837 1798//1798 1699//1699
f 1655//1655 1798//1798 1656//1656
f 1701//1701 1839//1839 1731//1731
f 1701//1701 1838//1838 1839//1839
f 1655//1655 1665//1665 1839//1839
f 1910//1910 1922//1922 1861//1861
f 1910//1910 1861//1861 1878//1878
f 1862//1862 1850//1850 1865//1865
f 1846//1846 1893//1893 1874//1874
f 1903//1903 1887//1887 1876//1876
f 1939//1939 1873//1873 1856//1856
f 1934//1934 1857//1857 1870//1870
f 1865//1865 1849//1849 1842//1842
f 1843//1843 1841//1841 1789//1789
f 1843//1843 1789//1789 1845//1845
f 1659//1659 1841//1841 1843//1843
f 1789//1789 1844//1844 1845//1845
f 1842//1842 1659//1659 1846//1846
f 1900//1900 1881//1881 1791//1791
f 1791//1791 1881//1881 1848//1848
f 1844//1844 1848//1848 1883//1883
f 1849//1849 1850//1850 1840//1840
f 1840//1840 1850//1850 1853//1853
f 1840//1840 1853//1853 1833//1833
f 1851//1851 1852//1852 1853//1853
f 1854//1854 1847//1847 1900//1900
f 1928//1928 1934//1934 1855//1855
f 1856//1856 1932//1932 1939//1939
f 1859//1859 1908//1908 1909//1909
f 1859//1859 1909//1909 1856//1856
f 1932//1932 1856//1856 1909//1909
f 1930//1930 1893//1893 1939//1939
f 1874//1874 1893//1893 1930//1930
f 1874//1874 1930//1930 1933//1933
f 1933//1933 1855//1855 1874//1874
f 1933//1933 1928//1928 1855//1855
f 1872//1872 1858//1858 1867//1867
f 1867//1867 1858//1858 1911//1911
f 1867//1867 1911//1911 1860//1860
f 1860//1860 1911//1911 1910//1910
f 1857//1857 1934//1934 1912//1912
f 1870//1870 1855//1855 1934//1934
f 1861//1861 1877//1877 1878//1878
f 1863//1863 1862//1862 1864//1864
f 1869//1869 1872//1872 1867//1867
f 1869//1869 1867//1867 1875//1875
f 1866//1866 1869//1869 1875//1875
f 1868//1868 1864//1864 1869//1869
f 1868//1868 1869//1869 1866//1866
f 1850//1850 1862//1862 1863//1863
f 1871//1871 1862//1862 1870//1870
f 1871//1871 1912//1912 1872//1872
f 1873//1873 1659//1659 1843//1843
f 1873//1873 1843//1843 1892//1892
f 1867//1867 1860//1860 1875//1875
f 1877//1877 1866//1866 1875//1875
f 1877//1877 1902//1902 1866//1866
f 1877//1877 1903//1903 1902//1902
f 1903//1903 1907//1907 1902//1902
f 1907//1907 1903//1903 1876//1876
f 1877//1877 1875//1875 1878//1878
f 1875//1875 1860//1860 1878//1878
f 1860//1860 1910//1910 1878//1878
f 1861//1861 1908//1908 1879//1879
f 1890//1890 1861//1861 1879//1879
f 1877//1877 1861//1861 1904//1904
f 1861//1861 1890//1890 1904//1904
f 1904//1904 1903//1903 1877//1877
f 1904//1904 1887//1887 1903//1903
f 1894//1894 1876//1876 1887//1887
f 1844//1844 1884//1884 1845//1845
f 1845//1845 1884//1884 1892//1892
f 1892//1892 1843//1843 1845//1845
f 1873//1873 1846//1846 1659//1659
f 1846//1846 1888//1888 1842//1842
f 1880//1880 1886//1886 1881//1881
f 1881//1881 1886//1886 1882//1882
f 1883//1883 1882//1882 1884//1884
f 1885//1885 1882//1882 1905//1905
f 1882//1882 1886//1886 1905//1905
f 1886//1886 1880//1880 1887//1887
f 1894//1894 1887//1887 1880//1880
f 1847//1847 1897//1897 1880//1880
f 1847//1847 1880//1880 1900//1900
f 1881//1881 1883//1883 1848//1848
f 1883//1883 1884//1884 1844//1844
f 1889//1889 1859//1859 1856//1856
f 1889//1889 1856//1856 1891//1891
f 1859//1859 1889//1889 1879//1879
f 1859//1859 1879//1879 1908//1908
f 1891//1891 1885//1885 1889//1889
f 1889//1889 1885//1885 1890//1890
f 1889//1889 1890//1890 1879//1879
f 1890//1890 1885//1885 1905//1905
f 1885//1885 1884//1884 1882//1882
f 1885//1885 1891//1891 1884//1884
f 1892//1892 1891//1891 1856//1856
f 1892//1892 1856//1856 1873//1873
f 1939//1939 1893//1893 1873//1873
f 1855//1855 1888//1888 1874//1874
f 1888//1888 1846//1846 1874//1874
f 1846//1846 1873//1873 1893//1893
f 1865//1865 1850//1850 1849//1849
f 1870//1870 1888//1888 1855//1855
f 1870//1870 1865//1865 1888//1888
f 1865//1865 1842//1842 1888//1888
f 1850//1850 1863//1863 1853//1853
f 1899//1899 1853//1853 1863//1863
f 1894//1894 1895//1895 1876//1876
f 1876//1876 1895//1895 1907//1907
f 1895//1895 1906//1906 1907//1907
f 1912//1912 1871//1871 1857//1857
f 1872//1872 1912//1912 1858//1858
f 1868//1868 1866//1866 1902//1902
f 1902//1902 1896//1896 1868//1868
f 1847//1847 1854//1854 1898//1898
f 1894//1894 1897//1897 1895//1895
f 1897//1897 1901//1901 1895//1895
f 1898//1898 1851//1851 1901//1901
f 1864//1864 1871//1871 1872//1872
f 1863//1863 1864//1864 1868//1868
f 1863//1863 1868//1868 1896//1896
f 1896//1896 1899//1899 1863//1863
f 1895//1895 1901//1901 1906//1906
f 1901//1901 1851//1851 1853//1853
f 1901//1901 1853//1853 1899//1899
f 1870//1870 1862//1862 1865//1865
f 1894//1894 1880//1880 1897//1897
f 1905//1905 1886//1886 1887//1887
f 1905//1905 1887//1887 1904//1904
f 1905//1905 1904//1904 1890//1890
f 1880//1880 1881//1881 1900//1900
f 1881//1881 1882//1882 1883//1883
f 1862//1862 1871//1871 1864//1864
f 1870//1870 1857//1857 1871//1871
f 1884//1884 1891//1891 1892//1892
f 1872//1872 1869//1869 1864//1864
f 1898//1898 1655//1655 1851//1851
f 1854//1854 1665//1665 1655//1655
f 1854//1854 1655//1655 1898//1898
f 1908//1908 1861//1861 1922//1922
f 1847//1847 1898//1898 1897//1897
f 1897//1897 1898//1898 1901//1901
f 1901//1901 1899//1899 1906//1906
f 1906//1906 1896//1896 1907//1907
f 1902//1902 1907//1907 1896//1896
f 1906//1906 1899//1899 1896//1896
f 1924//1924 1931//1931 1913//1913
f 1926//1926 1923//1923 1935//1935
f 1933//1933 1930//1930 1915//1915
f 1913//1913 1939//1939 1909//1909
f 1922//1922 1921//1921 1914//1914
f 1922//1922 1924//1924 1921//1921
f 1924//1924 1913//1913 1921//1921
f 1925//1925 1931//1931 1915//1915
f 1924//1924 1915//1915 1931//1931
f 1913//1913 1925//1925 1939//1939
f 1923//1923 1917//1917 1915//1915
f 1924//1924 1923//1923 1915//1915
f 1920//1920 1936//1936 1927//1927
f 1858//1858 1912//1912 1935//1935
f 1913//1913 1931//1931 1925//1925
f 1939//1939 1925//1925 1930//1930
f 1934//1934 1928//1928 1929//1929
f 1926//1926 1919//1919 1917//1917
f 1924//1924 1922//1922 1910//1910
f 1924//1924 1910//1910 1911//1911
f 1924//1924 1911//1911 1923//1923
f 1923//1923 1858//1858 1935//1935
f 1858//1858 1923//1923 1911//1911
f 1937//1937 1934//1934 1929//1929
f 1933//1933 1938//1938 1928//1928
f 1917//1917 1938//1938 1933//1933
f 1917//1917 1916//1916 1918//1918
f 1918//1918 1915//1915 1917//1917
f 1916//1916 1933//1933 1915//1915
f 1916//1916 1915//1915 1918//1918
f 1917//1917 1933//1933 1916//1916
f 1914//1914 1913//1913 1909//1909
f 1921//1921 1913//1913 1914//1914
f 1908//1908 1922//1922 1914//1914
f 1908//1908 1914//1914 1909//1909
f 1937//1937 1936//1936 1912//1912
f 1937//1937 1912//1912 1934//1934
f 1912//1912 1936//1936 1935//1935
f 1920//1920 1935//1935 1936//1936
f 1929//1929 1928//1928 1926//1926
f 1935//1935 1920//1920 1926//1926
f 1920//1920 1927//1927 1929//1929
f 1927//1927 1936//1936 1937//1937
f 1929//1929 1926//1926 1920//1920
f 1929//1929 1927//1927 1937//1937
f 1926//1926 1917//1917 1923//1923
f 1928//1928 1938//1938 1926//1926
f 1939//1939 1932//1932 1909//1909
f 1930//1930 1925//1925 1915//1915
f 1919//1919 1926//1926 1938//1938
f 1938//1938 1917//1917 1919//1919
f 1953//1953 1964//1964 1948//1948
f 2069//2069 2071//2071 1992//1992
f 2071//2071 2014//2014 2016//2016
f 1992//1992 1991//1991 2041//2041
f 2047//2047 2046//2046 2011//2011
f 2007//2007 2037//2037 2089//2089
f 2002//2002 2005//2005 2003//2003
f 2055//2055 2000//2000 2047//2047
f 2048//2048 2063//2063 2090//2090
f 2128//2128 2096//2096 2103//2103
f 2016//2016 2014//2014 2015//2015
f 2015//2015 2014//2014 2017//2017
f 2101//2101 2114//2114 2011//2011
f 2137//2137 2122//2122 2133//2133
f 2221//2221 2231//2231 2165//2165
f 2221//2221 2165//2165 1981//1981
f 2233//2233 2222//2222 1980//1980
f 2233//2233 1980//1980 2078//2078
f 2218//2218 2327//2327 2164//2164
f 2218//2218 2164//2164 2161//2161
f 2236//2236 2160//2160 2159//2159
f 2236//2236 2159//2159 2228//2228
f 2235//2235 2168//2168 2160//2160
f 2235//2235 2160//2160 2236//2236
f 2212//2212 2166//2166 2168//2168
f 2212//2212 2168//2168 2235//2235
f 2215//2215 2169//2169 2171//2171
f 2215//2215 2171//2171 2274//2274
f 2234//2234 2170//2170 2169//2169
f 2234//2234 2169//2169 2215//2215
f 2315//2315 2172//2172 2170//2170
f 2315//2315 2170//2170 2234//2234
f 2315//2315 2219//2219 2077//2077
f 2315//2315 2077//2077 2172//2172
f 2232//2232 2173//2173 2175//2175
f 2232//2232 2175//2175 2314//2314
f 2173//2173 2232//2232 2233//2233
f 2173//2173 2233//2233 2078//2078
f 2230//2230 2163//2163 2165//2165
f 2230//2230 2165//2165 2231//2231
f 2217//2217 2162//2162 2163//2163
f 2217//2217 2163//2163 2230//2230
f 2164//2164 2327//2327 2229//2229
f 2164//2164 2229//2229 2332//2332
f 2223//2223 2158//2158 2332//2332
f 2156//2156 2227//2227 2228//2228
f 2156//2156 2228//2228 2159//2159
f 1963//1963 2157//2157 2225//2225
f 2224//2224 2157//2157 2158//2158
f 2224//2224 2158//2158 2223//2223
f 2222//2222 2221//2221 1981//1981
f 2222//2222 1981//1981 1980//1980
f 2220//2220 2175//2175 2174//2174
f 2220//2220 2174//2174 2311//2311
f 2218//2218 2161//2161 2162//2162
f 2218//2218 2162//2162 2217//2217
f 2274//2274 2171//2171 2167//2167
f 2274//2274 2167//2167 2214//2214
f 2213//2213 2214//2214 2167//2167
f 2213//2213 2166//2166 2212//2212
f 2157//2157 2224//2224 2225//2225
f 2226//2226 1963//1963 2225//2225
f 2156//2156 2216//2216 2227//2227
f 2311//2311 2174//2174 2077//2077
f 2311//2311 2077//2077 2219//2219
f 2220//2220 2314//2314 2175//2175
f 1972//1972 1970//1970 1961//1961
f 2101//2101 1969//1969 1970//1970
f 1942//1942 2129//2129 2128//2128
f 1944//1944 2157//2157 1963//1963
f 1944//1944 1963//1963 1976//1976
f 1976//1976 1963//1963 2082//2082
f 1945//1945 1971//1971 2085//2085
f 1984//1984 1962//1962 1971//1971
f 1984//1984 1971//1971 1945//1945
f 1969//1969 1968//1968 1970//1970
f 1968//1968 1978//1978 1961//1961
f 1968//1968 1961//1961 1970//1970
f 1983//1983 2010//2010 1969//1969
f 2010//2010 1958//1958 1968//1968
f 2010//2010 1968//1968 1969//1969
f 1958//1958 1978//1978 1968//1968
f 2085//2085 1959//1959 1958//1958
f 1966//1966 1972//1972 1961//1961
f 1966//1966 1961//1961 1960//1960
f 1979//1979 2134//2134 1941//1941
f 2062//2062 1943//1943 1957//1957
f 2174//2174 2175//2175 1957//1957
f 2174//2174 1957//1957 1943//1943
f 2079//2079 1954//1954 1947//1947
f 2079//2079 1947//1947 1955//1955
f 1953//1953 2080//2080 1964//1964
f 2080//2080 1953//1953 1950//1950
f 2080//2080 1950//1950 1977//1977
f 1949//1949 1965//1965 1977//1977
f 1949//1949 1977//1977 1950//1950
f 2079//2079 1965//1965 1949//1949
f 2079//2079 1949//1949 1954//1954
f 1948//1948 1964//1964 2081//2081
f 2082//2082 1982//1982 1962//1962
f 1962//1962 1982//1982 1971//1971
f 1978//1978 1960//1960 1961//1961
f 1958//1958 2084//2084 1978//1978
f 1959//1959 2083//2083 2084//2084
f 1959//1959 2084//2084 1958//1958
f 2078//2078 2100//2100 1957//1957
f 2100//2100 2062//2062 1957//1957
f 1980//1980 1956//1956 2100//2100
f 1980//1980 2100//2100 2078//2078
f 1956//1956 2097//2097 2100//2100
f 1981//1981 1946//1946 1956//1956
f 1981//1981 1956//1956 1980//1980
f 1946//1946 1974//1974 2097//2097
f 1946//1946 2097//2097 1956//1956
f 1955//1955 1947//1947 1946//1946
f 1955//1955 1946//1946 1981//1981
f 2114//2114 2129//2129 2130//2130
f 1985//1985 1954//1954 1949//1949
f 1985//1985 1949//1949 1952//1952
f 1954//1954 1985//1985 1973//1973
f 1954//1954 1973//1973 1947//1947
f 1975//1975 1953//1953 1948//1948
f 1953//1953 1975//1975 1951//1951
f 1953//1953 1951//1951 1950//1950
f 1952//1952 1949//1949 1950//1950
f 1952//1952 1950//1950 1951//1951
f 1947//1947 1973//1973 1974//1974
f 1947//1947 1974//1974 1946//1946
f 2085//2085 2010//2010 2009//2009
f 2082//2082 1962//1962 1984//1984
f 2082//2082 1984//1984 1976//1976
f 1941//1941 2134//2134 2096//2096
f 1940//1940 1941//1941 2096//2096
f 2128//2128 2129//2129 2102//2102
f 1992//1992 2041//2041 2076//2076
f 2041//2041 1986//1986 2075//2075
f 2041//2041 2075//2075 2076//2076
f 2004//2004 2074//2074 1986//1986
f 2074//2074 1987//1987 2073//2073
f 1987//1987 2072//2072 2073//2073
f 2071//2071 2098//2098 1992//1992
f 2071//2071 2016//2016 2098//2098
f 2071//2071 2069//2069 2014//2014
f 2070//2070 2155//2155 2154//2154
f 2152//2152 2070//2070 2019//2019
f 2070//2070 1988//1988 2155//2155
f 1988//1988 2027//2027 2155//2155
f 1988//1988 2068//2068 2027//2027
f 2069//2069 2152//2152 2117//2117
f 2069//2069 2117//2117 2014//2014
f 2069//2069 57//57 2152//2152
f 57//57 1988//1988 2070//2070
f 57//57 2070//2070 2152//2152
f 2139//2139 2138//2138 2136//2136
f 2139//2139 2136//2136 1942//1942
f 2138//2138 2109//2109 2137//2137
f 2061//2061 2106//2106 2062//2062
f 2060//2060 2110//2110 2106//2106
f 2060//2060 2106//2106 2061//2061
f 2059//2059 2067//2067 2110//2110
f 2059//2059 2110//2110 2060//2060
f 2059//2059 2035//2035 2066//2066
f 2059//2059 2066//2066 2067//2067
f 2035//2035 2034//2034 2065//2065
f 2035//2035 2065//2065 2066//2066
f 2062//2062 2099//2099 2091//2091
f 2110//2110 2111//2111 2106//2106
f 2067//2067 2149//2149 2111//2111
f 2067//2067 2111//2111 2110//2110
f 2067//2067 2066//2066 2064//2064
f 2067//2067 2064//2064 2149//2149
f 2066//2066 2065//2065 2150//2150
f 2066//2066 2150//2150 2064//2064
f 2112//2112 2107//2107 2149//2149
f 2140//2140 2094//2094 2143//2143
f 2109//2109 2141//2141 2144//2144
f 2004//2004 2005//2005 2074//2074
f 1987//1987 2005//2005 2048//2048
f 1987//1987 2048//2048 2072//2072
f 2005//2005 2002//2002 2048//2048
f 2063//2063 2089//2089 1976//1976
f 2063//2063 1976//1976 1984//1984
f 2074//2074 2005//2005 1987//1987
f 2090//2090 2009//2009 2043//2043
f 2048//2048 2090//2090 2043//2043
f 2048//2048 2043//2043 1989//1989
f 2043//2043 2009//2009 2010//2010
f 2043//2043 2010//2010 2044//2044
f 2058//2058 2061//2061 2062//2062
f 2058//2058 2062//2062 2100//2100
f 2032//2032 2060//2060 2061//2061
f 2031//2031 2059//2059 2060//2060
f 2031//2031 2060//2060 2113//2113
f 2031//2031 2030//2030 2035//2035
f 2031//2031 2035//2035 2059//2059
f 2104//2104 2058//2058 2100//2100
f 2104//2104 2100//2100 2057//2057
f 2108//2108 2058//2058 2104//2104
f 2026//2026 2032//2032 2108//2108
f 2105//2105 2104//2104 2057//2057
f 2105//2105 2057//2057 2023//2023
f 2057//2057 2100//2100 2097//2097
f 1993//1993 2057//2057 2097//2097
f 2054//2054 2047//2047 2011//2011
f 2047//2047 2054//2054 2055//2055
f 2050//2050 2056//2056 2122//2122
f 2056//2056 46//46 2133//2133
f 2056//2056 2133//2133 2122//2122
f 2054//2054 2001//2001 2055//2055
f 2051//2051 2053//2053 2124//2124
f 2051//2051 2124//2124 2125//2125
f 2125//2125 2122//2122 2051//2051
f 45//45 2126//2126 2125//2125
f 2126//2126 2050//2050 2122//2122
f 2072//2072 2048//2048 2049//2049
f 2049//2049 1989//1989 1990//1990
f 2049//2049 2048//2048 1989//1989
f 2046//2046 2047//2047 2000//2000
f 2045//2045 2046//2046 2000//2000
f 2045//2045 2044//2044 2046//2046
f 2044//2044 2010//2010 1983//1983
f 2044//2044 1983//1983 2046//2046
f 1989//1989 2043//2043 2044//2044
f 1989//1989 2044//2044 2045//2045
f 2000//2000 1990//1990 2045//2045
f 2098//2098 1997//1997 1991//1991
f 2098//2098 1991//1991 1992//1992
f 2098//2098 2095//2095 1997//1997
f 2098//2098 2016//2016 1995//1995
f 2098//2098 1995//1995 2095//2095
f 2041//2041 2039//2039 1986//1986
f 2041//2041 2042//2042 2038//2038
f 2041//2041 2038//2038 2039//2039
f 2042//2042 2013//2013 2036//2036
f 2042//2042 2036//2036 2038//2038
f 2013//2013 1975//1975 1948//1948
f 2013//2013 1948//1948 2036//2036
f 2013//2013 2042//2042 2040//2040
f 2013//2013 2040//2040 2012//2012
f 2042//2042 2041//2041 1991//1991
f 2042//2042 1991//1991 2040//2040
f 1997//1997 1998//1998 2040//2040
f 1997//1997 2040//2040 1991//1991
f 1998//1998 2012//2012 2040//2040
f 2003//2003 2037//2037 2007//2007
f 1986//1986 2039//2039 2004//2004
f 2039//2039 2003//2003 2004//2004
f 2039//2039 2038//2038 2037//2037
f 2039//2039 2037//2037 2003//2003
f 2038//2038 2036//2036 2088//2088
f 2038//2038 2088//2088 2037//2037
f 2030//2030 2028//2028 2034//2034
f 2030//2030 2034//2034 2035//2035
f 2028//2028 2119//2119 2033//2033
f 2028//2028 2033//2033 2034//2034
f 2025//2025 2031//2031 2113//2113
f 2025//2025 2113//2113 2115//2115
f 2025//2025 2024//2024 2030//2030
f 2025//2025 2030//2030 2031//2031
f 2024//2024 2029//2029 2028//2028
f 2024//2024 2028//2028 2030//2030
f 2029//2029 2027//2027 2119//2119
f 2029//2029 2119//2119 2028//2028
f 2022//2022 2108//2108 2104//2104
f 2022//2022 2104//2104 2105//2105
f 2021//2021 2026//2026 2108//2108
f 2020//2020 2025//2025 2115//2115
f 2020//2020 2115//2115 2116//2116
f 2019//2019 2070//2070 2154//2154
f 2019//2019 2154//2154 2020//2020
f 2018//2018 2022//2022 2105//2105
f 2019//2019 2020//2020 2116//2116
f 2019//2019 2116//2116 2117//2117
f 2014//2014 2117//2117 2017//2017
f 2117//2117 2152//2152 2019//2019
f 1996//1996 1997//1997 2095//2095
f 1996//1996 1985//1985 1952//1952
f 1996//1996 1952//1952 1998//1998
f 1985//1985 1996//1996 1994//1994
f 1985//1985 1994//1994 1973//1973
f 2095//2095 1995//1995 1994//1994
f 2095//2095 1994//1994 1996//1996
f 1975//1975 2013//2013 2012//2012
f 1975//1975 2012//2012 1951//1951
f 1998//1998 1952//1952 1951//1951
f 1998//1998 1951//1951 2012//2012
f 1973//1973 1994//1994 1993//1993
f 1973//1973 1993//1993 1974//1974
f 2053//2053 2153//2153 2124//2124
f 2086//2086 15//15 2121//2121
f 2132//2132 2008//2008 2135//2135
f 2132//2132 2135//2135 2133//2133
f 2127//2127 2001//2001 2131//2131
f 2127//2127 2131//2131 2123//2123
f 2001//2001 2054//2054 2131//2131
f 2135//2135 2137//2137 2133//2133
f 2132//2132 2123//2123 2008//2008
f 2011//2011 1983//1983 1969//1969
f 2008//2008 2123//2123 2131//2131
f 2002//2002 2003//2003 2007//2007
f 2002//2002 2007//2007 2006//2006
f 2089//2089 2006//2006 2007//2007
f 2005//2005 2004//2004 2003//2003
f 1999//1999 2123//2123 2132//2132
f 1996//1996 1998//1998 1997//1997
f 1995//1995 1993//1993 1994//1994
f 2045//2045 1990//1990 1989//1989
f 2078//2078 1957//1957 2173//2173
f 1981//1981 2165//2165 1955//1955
f 1966//1966 1960//1960 2168//2168
f 1966//1966 2168//2168 2166//2166
f 1967//1967 2166//2166 2213//2213
f 1967//1967 2213//2213 1940//1940
f 1967//1967 1966//1966 2166//2166
f 2169//2169 1979//1979 2171//2171
f 2077//2077 2142//2142 2172//2172
f 2170//2170 2172//2172 2142//2142
f 2170//2170 2142//2142 2093//2093
f 2079//2079 1955//1955 2165//2165
f 2079//2079 2165//2165 2163//2163
f 2080//2080 2164//2164 2332//2332
f 2080//2080 2332//2332 1964//1964
f 2164//2164 2080//2080 1977//1977
f 2164//2164 1977//1977 2161//2161
f 1965//1965 2162//2162 2161//2161
f 1965//1965 2161//2161 1977//1977
f 1965//1965 2079//2079 2163//2163
f 1965//1965 2163//2163 2162//2162
f 2081//2081 2158//2158 2157//2157
f 2082//2082 2226//2226 2301//2301
f 2082//2082 2301//2301 1982//1982
f 1963//1963 2226//2226 2082//2082
f 1982//1982 2216//2216 2156//2156
f 1982//1982 2301//2301 2216//2216
f 1978//1978 2160//2160 2168//2168
f 1978//1978 2168//2168 1960//1960
f 2084//2084 2159//2159 2160//2160
f 2084//2084 2160//2160 1978//1978
f 2083//2083 2156//2156 2159//2159
f 2083//2083 2159//2159 2084//2084
f 1941//1941 2167//2167 2171//2171
f 1941//1941 2171//2171 1979//1979
f 1940//1940 2213//2213 2167//2167
f 1940//1940 2167//2167 1941//1941
f 2170//2170 2093//2093 1979//1979
f 2170//2170 1979//1979 2169//2169
f 1982//1982 2156//2156 2083//2083
f 1971//1971 1982//1982 2083//2083
f 1971//1971 2083//2083 1959//1959
f 2085//2085 1971//1971 1959//1959
f 2173//2173 1957//1957 2175//2175
f 2174//2174 1943//1943 2077//2077
f 1964//1964 2332//2332 2158//2158
f 1964//1964 2158//2158 2081//2081
f 1944//1944 2088//2088 1948//1948
f 1948//1948 2088//2088 2036//2036
f 2081//2081 2157//2157 1944//1944
f 2081//2081 1944//1944 1948//1948
f 2085//2085 1958//1958 2010//2010
f 1945//1945 2085//2085 2009//2009
f 1945//1945 2009//2009 2063//2063
f 2063//2063 1984//1984 1945//1945
f 2088//2088 1944//1944 2089//2089
f 2088//2088 2089//2089 2037//2037
f 2089//2089 1944//1944 1976//1976
f 2063//2063 2009//2009 2090//2090
f 2063//2063 2006//2006 2089//2089
f 2002//2002 2006//2006 2063//2063
f 2002//2002 2063//2063 2048//2048
f 2142//2142 2077//2077 1943//1943
f 1967//1967 1940//1940 2092//2092
f 1967//1967 2092//2092 1972//1972
f 1967//1967 1972//1972 1966//1966
f 2093//2093 2142//2142 2094//2094
f 2093//2093 2094//2094 2134//2134
f 2094//2094 2142//2142 2143//2143
f 1993//1993 2023//2023 2057//2057
f 1995//1995 2023//2023 1993//1993
f 2092//2092 1940//1940 2096//2096
f 2094//2094 2140//2140 2103//2103
f 2094//2094 2103//2103 2134//2134
f 1993//1993 2097//2097 1974//1974
f 1943//1943 2062//2062 2091//2091
f 2062//2062 2106//2106 2099//2099
f 1995//1995 2015//2015 2023//2023
f 2016//2016 2015//2015 1995//1995
f 1972//1972 2101//2101 1970//1970
f 2096//2096 2128//2128 2102//2102
f 2096//2096 2102//2102 2092//2092
f 2092//2092 2102//2102 2101//2101
f 2092//2092 2101//2101 1972//1972
f 2145//2145 2140//2140 2143//2143
f 2128//2128 2103//2103 2139//2139
f 2023//2023 2018//2018 2105//2105
f 2015//2015 2018//2018 2023//2023
f 2128//2128 2139//2139 1942//1942
f 2129//2129 2114//2114 2102//2102
f 2101//2101 2102//2102 2114//2114
f 2106//2106 2111//2111 2099//2099
f 2099//2099 2111//2111 2107//2107
f 2145//2145 2144//2144 2141//2141
f 2058//2058 2032//2032 2061//2061
f 2108//2108 2032//2032 2058//2058
f 2022//2022 2021//2021 2108//2108
f 2018//2018 2017//2017 2021//2021
f 2018//2018 2021//2021 2022//2022
f 2018//2018 2015//2015 2017//2017
f 2139//2139 2109//2109 2138//2138
f 2109//2109 2139//2139 2141//2141
f 2130//2130 1942//1942 2136//2136
f 2109//2109 2144//2144 2146//2146
f 2032//2032 2113//2113 2060//2060
f 2026//2026 2115//2115 2113//2113
f 2026//2026 2113//2113 2032//2032
f 2021//2021 2116//2116 2115//2115
f 2021//2021 2115//2115 2026//2026
f 2017//2017 2117//2117 2116//2116
f 2017//2017 2116//2116 2021//2021
f 2114//2114 2130//2130 2131//2131
f 2011//2011 1969//1969 2101//2101
f 2130//2130 2136//2136 2008//2008
f 2148//2148 2112//2112 2149//2149
f 2150//2150 2148//2148 2064//2064
f 2135//2135 2138//2138 2137//2137
f 2147//2147 2052//2052 2137//2137
f 2034//2034 2033//2033 2118//2118
f 2034//2034 2118//2118 2065//2065
f 2131//2131 2054//2054 2114//2114
f 2011//2011 2114//2114 2054//2054
f 2046//2046 1983//1983 2011//2011
f 2120//2120 2118//2118 2033//2033
f 2119//2119 2120//2120 2033//2033
f 2052//2052 2051//2051 2137//2137
f 2119//2119 2121//2121 2120//2120
f 2068//2068 2121//2121 2119//2119
f 2068//2068 2119//2119 2027//2027
f 2052//2052 2151//2151 2053//2053
f 2052//2052 2053//2053 2051//2051
f 2053//2053 2120//2120 2153//2153
f 2125//2125 2126//2126 2122//2122
f 2121//2121 15//15 2153//2153
f 46//46 1999//1999 2133//2133
f 2124//2124 45//45 2125//2125
f 2130//2130 2129//2129 1942//1942
f 2008//2008 2131//2131 2130//2130
f 2133//2133 1999//1999 2132//2132
f 2118//2118 2120//2120 2053//2053
f 2135//2135 2008//2008 2136//2136
f 2103//2103 2096//2096 2134//2134
f 2134//2134 1979//1979 2093//2093
f 2138//2138 2135//2135 2136//2136
f 2140//2140 2141//2141 2139//2139
f 2140//2140 2139//2139 2103//2103
f 2141//2141 2140//2140 2145//2145
f 2137//2137 2109//2109 2146//2146
f 2137//2137 2146//2146 2147//2147
f 2099//2099 2143//2143 2091//2091
f 2137//2137 2051//2051 2122//2122
f 2091//2091 2143//2143 2142//2142
f 2091//2091 2142//2142 1943//1943
f 2099//2099 2145//2145 2143//2143
f 2107//2107 2144//2144 2145//2145
f 2107//2107 2145//2145 2099//2099
f 2112//2112 2146//2146 2144//2144
f 2112//2112 2144//2144 2107//2107
f 2147//2147 2146//2146 2112//2112
f 2147//2147 2112//2112 2148//2148
f 2150//2150 2151//2151 2052//2052
f 2150//2150 2052//2052 2147//2147
f 2149//2149 2107//2107 2111//2111
f 2064//2064 2148//2148 2149//2149
f 2147//2147 2148//2148 2150//2150
f 2065//2065 2118//2118 2151//2151
f 2065//2065 2151//2151 2150//2150
f 2118//2118 2053//2053 2151//2151
f 2121//2121 2153//2153 2120//2120
f 2121//2121 2068//2068 2086//2086
f 2087//2087 2124//2124 2153//2153
f 2153//2153 15//15 2087//2087
f 2154//2154 2155//2155 2029//2029
f 2154//2154 2029//2029 2024//2024
f 2155//2155 2027//2027 2029//2029
f 2025//2025 2020//2020 2154//2154
f 2025//2025 2154//2154 2024//2024
f 2226//2226 2278//2278 2301//2301
f 2213//2213 2276//2276 2214//2214
f 2200//2200 2215//2215 2198//2198
f 2273//2273 2181//2181 2264//2264
f 2249//2249 2253//2253 2252//2252
f 2244//2244 2287//2287 2245//2245
f 2240//2240 2237//2237 2238//2238
f 2243//2243 2248//2248 2247//2247
f 2305//2305 2223//2223 2336//2336
f 2187//2187 2184//2184 2190//2190
f 2187//2187 2190//2190 2451//2451
f 2181//2181 2184//2184 2187//2187
f 2181//2181 2187//2187 2188//2188
f 2190//2190 2185//2185 2500//2500
f 2190//2190 2500//2500 2285//2285
f 2504//2504 2500//2500 2185//2185
f 2504//2504 2185//2185 2186//2186
f 2185//2185 2178//2178 2186//2186
f 2178//2178 2193//2193 2186//2186
f 2504//2504 2186//2186 2446//2446
f 2504//2504 2446//2446 2447//2447
f 2185//2185 2190//2190 2177//2177
f 2184//2184 2177//2177 2190//2190
f 2442//2442 2182//2182 2434//2434
f 2434//2434 2182//2182 2183//2183
f 2183//2183 2191//2191 2192//2192
f 2183//2183 2182//2182 2191//2191
f 2179//2179 2189//2189 2180//2180
f 2181//2181 2189//2189 2179//2179
f 2182//2182 2176//2176 2191//2191
f 2181//2181 2455//2455 2189//2189
f 2183//2183 2192//2192 2179//2179
f 2183//2183 2179//2179 2180//2180
f 2285//2285 2451//2451 2190//2190
f 2180//2180 2189//2189 2456//2456
f 2180//2180 2456//2456 2432//2432
f 2189//2189 2455//2455 2456//2456
f 2188//2188 2187//2187 2452//2452
f 2187//2187 2451//2451 2452//2452
f 2500//2500 2505//2505 2285//2285
f 2282//2282 2284//2284 2236//2236
f 2282//2282 2236//2236 2228//2228
f 2284//2284 2283//2283 2235//2235
f 2284//2284 2235//2235 2236//2236
f 2283//2283 2275//2275 2212//2212
f 2283//2283 2212//2212 2235//2235
f 2200//2200 2202//2202 2234//2234
f 2200//2200 2234//2234 2215//2215
f 2202//2202 2316//2316 2315//2315
f 2202//2202 2315//2315 2234//2234
f 2206//2206 2220//2220 2311//2311
f 2206//2206 2311//2311 2312//2312
f 2208//2208 2232//2232 2314//2314
f 2208//2208 2314//2314 2205//2205
f 2208//2208 2319//2319 2233//2233
f 2208//2208 2233//2233 2232//2232
f 2210//2210 2221//2221 2222//2222
f 2210//2210 2222//2222 2209//2209
f 2211//2211 2231//2231 2221//2221
f 2211//2211 2221//2221 2210//2210
f 2321//2321 2230//2230 2231//2231
f 2321//2321 2231//2231 2211//2211
f 2321//2321 2280//2280 2217//2217
f 2321//2321 2217//2217 2230//2230
f 2330//2330 2218//2218 2217//2217
f 2330//2330 2217//2217 2280//2280
f 2227//2227 2281//2281 2282//2282
f 2227//2227 2282//2282 2228//2228
f 2281//2281 2227//2227 2216//2216
f 2281//2281 2216//2216 2277//2277
f 2198//2198 2215//2215 2274//2274
f 2274//2274 2214//2214 2276//2276
f 2276//2276 2213//2213 2212//2212
f 2276//2276 2212//2212 2275//2275
f 2284//2284 2282//2282 2298//2298
f 2284//2284 2298//2298 2297//2297
f 2297//2297 2296//2296 2283//2283
f 2297//2297 2283//2283 2284//2284
f 2275//2275 2283//2283 2296//2296
f 2275//2275 2296//2296 2246//2246
f 2276//2276 2289//2289 2274//2274
f 2281//2281 2299//2299 2298//2298
f 2281//2281 2298//2298 2282//2282
f 2307//2307 2302//2302 2240//2240
f 2306//2306 2240//2240 2302//2302
f 2277//2277 2300//2300 2299//2299
f 2277//2277 2299//2299 2281//2281
f 2258//2258 2205//2205 2313//2313
f 2207//2207 2205//2205 2257//2257
f 2255//2255 2336//2336 2335//2335
f 2305//2305 2336//2336 2255//2255
f 2277//2277 2307//2307 2300//2300
f 2276//2276 2275//2275 2246//2246
f 2276//2276 2246//2246 2289//2289
f 2200//2200 2198//2198 2295//2295
f 2200//2200 2295//2295 2199//2199
f 2198//2198 2274//2274 2289//2289
f 2198//2198 2289//2289 2295//2295
f 2179//2179 2264//2264 2181//2181
f 2181//2181 2273//2273 2184//2184
f 2273//2273 2271//2271 2184//2184
f 2185//2185 2177//2177 2178//2178
f 2178//2178 2270//2270 2193//2193
f 2325//2325 2264//2264 2179//2179
f 2325//2325 2179//2179 2192//2192
f 2192//2192 2323//2323 2263//2263
f 2192//2192 2263//2263 2325//2325
f 2323//2323 2249//2249 2263//2263
f 2323//2323 2470//2470 2249//2249
f 2470//2470 2191//2191 2176//2176
f 2470//2470 2462//2462 2249//2249
f 2292//2292 2294//2294 2291//2291
f 2244//2244 2291//2291 2294//2294
f 2318//2318 2268//2268 2195//2195
f 2272//2272 2257//2257 2258//2258
f 2272//2272 2320//2320 2257//2257
f 2273//2273 2194//2194 2320//2320
f 2273//2273 2320//2320 2272//2272
f 2273//2273 2272//2272 2271//2271
f 2267//2267 2272//2272 2258//2258
f 2267//2267 2271//2271 2272//2272
f 2267//2267 2184//2184 2271//2271
f 2177//2177 2288//2288 2178//2178
f 2195//2195 2288//2288 2177//2177
f 2288//2288 2195//2195 2196//2196
f 2270//2270 2288//2288 2287//2287
f 2178//2178 2288//2288 2270//2270
f 2269//2269 2287//2287 2244//2244
f 2286//2286 2270//2270 2287//2287
f 2465//2465 2193//2193 2286//2286
f 2465//2465 2286//2286 2464//2464
f 2269//2269 2294//2294 2262//2262
f 2196//2196 2195//2195 2268//2268
f 2177//2177 2184//2184 2267//2267
f 2177//2177 2267//2267 2195//2195
f 2267//2267 2318//2318 2195//2195
f 2194//2194 2324//2324 2197//2197
f 2326//2326 2252//2252 2254//2254
f 2261//2261 2262//2262 2294//2294
f 2247//2247 2240//2240 2239//2239
f 2238//2238 2265//2265 2242//2242
f 2253//2253 2254//2254 2252//2252
f 2324//2324 2194//2194 2325//2325
f 2326//2326 2325//2325 2263//2263
f 2265//2265 2253//2253 2249//2249
f 2265//2265 2249//2249 2242//2242
f 2326//2326 2263//2263 2252//2252
f 2239//2239 2242//2242 2462//2462
f 2239//2239 2462//2462 2469//2469
f 2469//2469 2243//2243 2239//2239
f 2320//2320 2194//2194 2266//2266
f 2264//2264 2325//2325 2194//2194
f 2249//2249 2252//2252 2263//2263
f 2261//2261 2310//2310 2248//2248
f 2261//2261 2248//2248 2241//2241
f 2290//2290 2245//2245 2246//2246
f 2289//2289 2293//2293 2295//2295
f 2201//2201 2199//2199 2268//2268
f 2201//2201 2268//2268 2318//2318
f 2201//2201 2318//2318 2317//2317
f 2203//2203 2258//2258 2313//2313
f 2322//2322 2303//2303 2324//2324
f 2322//2322 2324//2324 2309//2309
f 2310//2310 2300//2300 2248//2248
f 2237//2237 2308//2308 2250//2250
f 2308//2308 2255//2255 2254//2254
f 2308//2308 2254//2254 2251//2251
f 2255//2255 2335//2335 2254//2254
f 2251//2251 2250//2250 2308//2308
f 2238//2238 2242//2242 2239//2239
f 2248//2248 2300//2300 2307//2307
f 2248//2248 2307//2307 2247//2247
f 2293//2293 2245//2245 2287//2287
f 2291//2291 2244//2244 2290//2290
f 2289//2289 2246//2246 2245//2245
f 2288//2288 2293//2293 2287//2287
f 2239//2239 2243//2243 2247//2247
f 2462//2462 2242//2242 2249//2249
f 2469//2469 2467//2467 2243//2243
f 2240//2240 2238//2238 2239//2239
f 2210//2210 2256//2256 2303//2303
f 2210//2210 2303//2303 2211//2211
f 2209//2209 2256//2256 2210//2210
f 2208//2208 2207//2207 2319//2319
f 2208//2208 2205//2205 2207//2207
f 2206//2206 2312//2312 2313//2313
f 2206//2206 2313//2313 2205//2205
f 2202//2202 2201//2201 2317//2317
f 2202//2202 2317//2317 2316//2316
f 2202//2202 2200//2200 2199//2199
f 2202//2202 2199//2199 2201//2201
f 2196//2196 2295//2295 2293//2293
f 2199//2199 2295//2295 2196//2196
f 2199//2199 2196//2196 2268//2268
f 2266//2266 2197//2197 2256//2256
f 2266//2266 2256//2256 2209//2209
f 2197//2197 2324//2324 2303//2303
f 2197//2197 2303//2303 2256//2256
f 2266//2266 2194//2194 2197//2197
f 2243//2243 2241//2241 2248//2248
f 2241//2241 2259//2259 2261//2261
f 2259//2259 2260//2260 2262//2262
f 2259//2259 2262//2262 2261//2261
f 2260//2260 2286//2286 2262//2262
f 2286//2286 2269//2269 2262//2262
f 2286//2286 2287//2287 2269//2269
f 2467//2467 2463//2463 2241//2241
f 2467//2467 2241//2241 2243//2243
f 2463//2463 2259//2259 2241//2241
f 2193//2193 2270//2270 2286//2286
f 2464//2464 2286//2286 2260//2260
f 2245//2245 2293//2293 2289//2289
f 2244//2244 2245//2245 2290//2290
f 2288//2288 2196//2196 2293//2293
f 2244//2244 2294//2294 2269//2269
f 2261//2261 2294//2294 2292//2292
f 2261//2261 2292//2292 2310//2310
f 2246//2246 2296//2296 2290//2290
f 2291//2291 2290//2290 2296//2296
f 2291//2291 2296//2296 2297//2297
f 2297//2297 2298//2298 2292//2292
f 2297//2297 2292//2292 2291//2291
f 2310//2310 2292//2292 2298//2298
f 2310//2310 2298//2298 2299//2299
f 2300//2300 2310//2310 2299//2299
f 2224//2224 2279//2279 2225//2225
f 2278//2278 2226//2226 2225//2225
f 2278//2278 2225//2225 2279//2279
f 2301//2301 2278//2278 2277//2277
f 2301//2301 2277//2277 2216//2216
f 2302//2302 2307//2307 2277//2277
f 2302//2302 2277//2277 2278//2278
f 2278//2278 2279//2279 2302//2302
f 2211//2211 2303//2303 2322//2322
f 2211//2211 2322//2322 2321//2321
f 2331//2331 2330//2330 2280//2280
f 2224//2224 2223//2223 2305//2305
f 2224//2224 2305//2305 2306//2306
f 2224//2224 2306//2306 2302//2302
f 2224//2224 2302//2302 2279//2279
f 2307//2307 2240//2240 2247//2247
f 2240//2240 2306//2306 2237//2237
f 2306//2306 2305//2305 2308//2308
f 2306//2306 2308//2308 2237//2237
f 2305//2305 2255//2255 2308//2308
f 2204//2204 2312//2312 2311//2311
f 2204//2204 2311//2311 2219//2219
f 2204//2204 2203//2203 2313//2313
f 2204//2204 2313//2313 2312//2312
f 2206//2206 2205//2205 2314//2314
f 2206//2206 2314//2314 2220//2220
f 2257//2257 2205//2205 2258//2258
f 2204//2204 2219//2219 2315//2315
f 2204//2204 2315//2315 2316//2316
f 2204//2204 2316//2316 2317//2317
f 2204//2204 2317//2317 2203//2203
f 2203//2203 2317//2317 2318//2318
f 2203//2203 2318//2318 2258//2258
f 2258//2258 2318//2318 2267//2267
f 2319//2319 2209//2209 2222//2222
f 2319//2319 2222//2222 2233//2233
f 2209//2209 2319//2319 2207//2207
f 2209//2209 2207//2207 2257//2257
f 2266//2266 2209//2209 2257//2257
f 2266//2266 2257//2257 2320//2320
f 2181//2181 2188//2188 2455//2455
f 2328//2328 2331//2331 2322//2322
f 2280//2280 2321//2321 2322//2322
f 2280//2280 2322//2322 2331//2331
f 2322//2322 2309//2309 2328//2328
f 2264//2264 2194//2194 2273//2273
f 2191//2191 2323//2323 2192//2192
f 2470//2470 2323//2323 2191//2191
f 2250//2250 2251//2251 2253//2253
f 2250//2250 2253//2253 2265//2265
f 2237//2237 2250//2250 2265//2265
f 2237//2237 2265//2265 2238//2238
f 2251//2251 2254//2254 2253//2253
f 2309//2309 2324//2324 2325//2325
f 2326//2326 2309//2309 2325//2325
f 2329//2329 2229//2229 2327//2327
f 2329//2329 2327//2327 2330//2330
f 2309//2309 2326//2326 2254//2254
f 2309//2309 2254//2254 2335//2335
f 2330//2330 2331//2331 2304//2304
f 2330//2330 2304//2304 2329//2329
f 2328//2328 2304//2304 2331//2331
f 2330//2330 2327//2327 2218//2218
f 2334//2334 2332//2332 2229//2229
f 2334//2334 2229//2229 2329//2329
f 2328//2328 2335//2335 2333//2333
f 2328//2328 2333//2333 2304//2304
f 2329//2329 2304//2304 2333//2333
f 2329//2329 2333//2333 2334//2334
f 2328//2328 2309//2309 2335//2335
f 2332//2332 2334//2334 2223//2223
f 2333//2333 2335//2335 2336//2336
f 2336//2336 2334//2334 2333//2333
f 2334//2334 2336//2336 2223//2223
f 2346//2346 2348//2348 2477//2477
f 2348//2348 2526//2526 2524//2524
f 2186//2186 2445//2445 2446//2446
f 2419//2419 2388//2388 2518//2518
f 2508//2508 2407//2407 2511//2511
f 2363//2363 2375//2375 2506//2506
f 2259//2259 2463//2463 2464//2464
f 2426//2426 2487//2487 2488//2488
f 2390//2390 2519//2519 2378//2378
f 2472//2472 2476//2476 2589//2589
f 2339//2339 2421//2421 2347//2347
f 2478//2478 2421//2421 2339//2339
f 2416//2416 2420//2420 2341//2341
f 2348//2348 2354//2354 2477//2477
f 2476//2476 2354//2354 2348//2348
f 2476//2476 2348//2348 2589//2589
f 2341//2341 2342//2342 2417//2417
f 2417//2417 2416//2416 2341//2341
f 2347//2347 2351//2351 2587//2587
f 2351//2351 2521//2521 2587//2587
f 2347//2347 2587//2587 2339//2339
f 2473//2473 2351//2351 2352//2352
f 2352//2352 2472//2472 2337//2337
f 2473//2473 2352//2352 2337//2337
f 2589//2589 2337//2337 2472//2472
f 2526//2526 2348//2348 2346//2346
f 2350//2350 2353//2353 2343//2343
f 2520//2520 2344//2344 2343//2343
f 2586//2586 2341//2341 2584//2584
f 2588//2588 2532//2532 2353//2353
f 2588//2588 2353//2353 2350//2350
f 2527//2527 2584//2584 2340//2340
f 2527//2527 2340//2340 2339//2339
f 2349//2349 2344//2344 2346//2346
f 2349//2349 2346//2346 2477//2477
f 2340//2340 2478//2478 2339//2339
f 2342//2342 2588//2588 2350//2350
f 2343//2343 2419//2419 2518//2518
f 2343//2343 2344//2344 2349//2349
f 2343//2343 2349//2349 2419//2419
f 2344//2344 2345//2345 2346//2346
f 2352//2352 2351//2351 2471//2471
f 2352//2352 2471//2471 2472//2472
f 2351//2351 2347//2347 2471//2471
f 2589//2589 2348//2348 2524//2524
f 2342//2342 2531//2531 2588//2588
f 2342//2342 2341//2341 2586//2586
f 2342//2342 2586//2586 2531//2531
f 2473//2473 2338//2338 2351//2351
f 2526//2526 2346//2346 2345//2345
f 2438//2438 2488//2488 2425//2425
f 2450//2450 2486//2486 2485//2485
f 2447//2447 2446//2446 2495//2495
f 2481//2481 2485//2485 2475//2475
f 2379//2379 2485//2485 2481//2481
f 2500//2500 2504//2504 2503//2503
f 2505//2505 2500//2500 2503//2503
f 2410//2410 2375//2375 2363//2363
f 2410//2410 2363//2363 2411//2411
f 2358//2358 2506//2506 2375//2375
f 2451//2451 2362//2362 2361//2361
f 2451//2451 2285//2285 2362//2362
f 2376//2376 2375//2375 2410//2410
f 2509//2509 2358//2358 2375//2375
f 2358//2358 2453//2453 2460//2460
f 2452//2452 2451//2451 2361//2361
f 2452//2452 2361//2361 2449//2449
f 2376//2376 2407//2407 2508//2508
f 2360//2360 2507//2507 2453//2453
f 2382//2382 2452//2452 2449//2449
f 2382//2382 2449//2449 2448//2448
f 2382//2382 2188//2188 2452//2452
f 2435//2435 2438//2438 2445//2445
f 2446//2446 2445//2445 2501//2501
f 2435//2435 2445//2445 2444//2444
f 2193//2193 2444//2444 2186//2186
f 2444//2444 2445//2445 2186//2186
f 2515//2515 2442//2442 2434//2434
f 2515//2515 2434//2434 2498//2498
f 2374//2374 2372//2372 2402//2402
f 2497//2497 2384//2384 2491//2491
f 2497//2497 2491//2491 2441//2441
f 2443//2443 2384//2384 2497//2497
f 2443//2443 2431//2431 2442//2442
f 2431//2431 2182//2182 2442//2442
f 2441//2441 2374//2374 2402//2402
f 2490//2490 2497//2497 2441//2441
f 2440//2440 2443//2443 2497//2497
f 2440//2440 2497//2497 2496//2496
f 2440//2440 2431//2431 2443//2443
f 2439//2439 2440//2440 2496//2496
f 2437//2437 2439//2439 2496//2496
f 2437//2437 2496//2496 2489//2489
f 2437//2437 2436//2436 2439//2439
f 2438//2438 2437//2437 2489//2489
f 2438//2438 2489//2489 2488//2488
f 2438//2438 2436//2436 2437//2437
f 2438//2438 2435//2435 2436//2436
f 2385//2385 2433//2433 2494//2494
f 2385//2385 2494//2494 2493//2493
f 2499//2499 2180//2180 2458//2458
f 2365//2365 2367//2367 2459//2459
f 2365//2365 2459//2459 2457//2457
f 2458//2458 2180//2180 2432//2432
f 2364//2364 2365//2365 2457//2457
f 2364//2364 2457//2457 2454//2454
f 2514//2514 2456//2456 2455//2455
f 2176//2176 2182//2182 2431//2431
f 2176//2176 2431//2431 2430//2430
f 2440//2440 2430//2430 2431//2431
f 2356//2356 2176//2176 2430//2430
f 2356//2356 2429//2429 2355//2355
f 2356//2356 2430//2430 2429//2429
f 2430//2430 2440//2440 2439//2439
f 2430//2430 2439//2439 2429//2429
f 2439//2439 2436//2436 2429//2429
f 2428//2428 2355//2355 2429//2429
f 2435//2435 2429//2429 2436//2436
f 2428//2428 2429//2429 2435//2435
f 2435//2435 2444//2444 2428//2428
f 2423//2423 2415//2415 2398//2398
f 2423//2423 2398//2398 2476//2476
f 2423//2423 2474//2474 2415//2415
f 2413//2413 2474//2474 2423//2423
f 2420//2420 2408//2408 2478//2478
f 2349//2349 2405//2405 2388//2388
f 2349//2349 2388//2388 2419//2419
f 2477//2477 2401//2401 2405//2405
f 2477//2477 2405//2405 2349//2349
f 2354//2354 2397//2397 2401//2401
f 2354//2354 2401//2401 2477//2477
f 2476//2476 2398//2398 2397//2397
f 2476//2476 2397//2397 2354//2354
f 2417//2417 2390//2390 2416//2416
f 2415//2415 2414//2414 2396//2396
f 2415//2415 2396//2396 2398//2398
f 2414//2414 2393//2393 2396//2396
f 2485//2485 2414//2414 2475//2475
f 2413//2413 2412//2412 2474//2474
f 2412//2412 2475//2475 2474//2474
f 2412//2412 2481//2481 2475//2475
f 2479//2479 2412//2412 2413//2413
f 2479//2479 2480//2480 2412//2412
f 2480//2480 2481//2481 2412//2412
f 2421//2421 2410//2410 2411//2411
f 2421//2421 2411//2411 2422//2422
f 2478//2478 2409//2409 2410//2410
f 2478//2478 2410//2410 2421//2421
f 2409//2409 2376//2376 2410//2410
f 2408//2408 2409//2409 2478//2478
f 2408//2408 2407//2407 2409//2409
f 2407//2407 2376//2376 2409//2409
f 2416//2416 2389//2389 2513//2513
f 2416//2416 2513//2513 2420//2420
f 2389//2389 2377//2377 2512//2512
f 2389//2389 2512//2512 2513//2513
f 2402//2402 2372//2372 2482//2482
f 2402//2402 2482//2482 2403//2403
f 2405//2405 2404//2404 2386//2386
f 2405//2405 2386//2386 2388//2388
f 2404//2404 2403//2403 2406//2406
f 2404//2404 2406//2406 2386//2386
f 2401//2401 2404//2404 2405//2405
f 2401//2401 2400//2400 2403//2403
f 2401//2401 2403//2403 2404//2404
f 2400//2400 2399//2399 2402//2402
f 2400//2400 2402//2402 2403//2403
f 2397//2397 2395//2395 2400//2400
f 2397//2397 2400//2400 2401//2401
f 2395//2395 2394//2394 2399//2399
f 2395//2395 2399//2399 2400//2400
f 2398//2398 2396//2396 2395//2395
f 2398//2398 2395//2395 2397//2397
f 2396//2396 2393//2393 2394//2394
f 2396//2396 2394//2394 2395//2395
f 2517//2517 2387//2387 2418//2418
f 2387//2387 2392//2392 2391//2391
f 2387//2387 2391//2391 2418//2418
f 2391//2391 2392//2392 2368//2368
f 2391//2391 2368//2368 2366//2366
f 2418//2418 2391//2391 2519//2519
f 2391//2391 2378//2378 2519//2519
f 2378//2378 2391//2391 2366//2366
f 2390//2390 2389//2389 2416//2416
f 2390//2390 2377//2377 2389//2389
f 2390//2390 2378//2378 2377//2377
f 2366//2366 2383//2383 2378//2378
f 2493//2493 2492//2492 2516//2516
f 2493//2493 2516//2516 2385//2385
f 2392//2392 2370//2370 2368//2368
f 2364//2364 2454//2454 2510//2510
f 2377//2377 2511//2511 2512//2512
f 2378//2378 2383//2383 2377//2377
f 2380//2380 2359//2359 2381//2381
f 2379//2379 2481//2481 2380//2380
f 2508//2508 2509//2509 2376//2376
f 2509//2509 2375//2375 2376//2376
f 2374//2374 2373//2373 2372//2372
f 2373//2373 2371//2371 2370//2370
f 2373//2373 2370//2370 2372//2372
f 2371//2371 2369//2369 2368//2368
f 2371//2371 2368//2368 2370//2370
f 2369//2369 2367//2367 2366//2366
f 2369//2369 2366//2366 2368//2368
f 2367//2367 2365//2365 2383//2383
f 2367//2367 2383//2383 2366//2366
f 2365//2365 2364//2364 2357//2357
f 2365//2365 2357//2357 2383//2383
f 2364//2364 2510//2510 2357//2357
f 2358//2358 2460//2460 2461//2461
f 2358//2358 2461//2461 2359//2359
f 2506//2506 2359//2359 2380//2380
f 2360//2360 2453//2453 2509//2509
f 2360//2360 2509//2509 2508//2508
f 2453//2453 2358//2358 2509//2509
f 2456//2456 2457//2457 2432//2432
f 2457//2457 2459//2459 2458//2458
f 2457//2457 2458//2458 2432//2432
f 2433//2433 2459//2459 2494//2494
f 2457//2457 2456//2456 2454//2454
f 2456//2456 2514//2514 2454//2454
f 2448//2448 2449//2449 2453//2453
f 2448//2448 2453//2453 2507//2507
f 2449//2449 2361//2361 2460//2460
f 2449//2449 2460//2460 2453//2453
f 2361//2361 2362//2362 2461//2461
f 2361//2361 2461//2461 2460//2460
f 2468//2468 2355//2355 2466//2466
f 2193//2193 2465//2465 2444//2444
f 2444//2444 2465//2465 2466//2466
f 2462//2462 2468//2468 2469//2469
f 2356//2356 2462//2462 2470//2470
f 2356//2356 2468//2468 2462//2462
f 2470//2470 2176//2176 2356//2356
f 2469//2469 2468//2468 2467//2467
f 2428//2428 2466//2466 2355//2355
f 2466//2466 2463//2463 2467//2467
f 2466//2466 2467//2467 2468//2468
f 2428//2428 2444//2444 2466//2466
f 2465//2465 2464//2464 2463//2463
f 2465//2465 2463//2463 2466//2466
f 2468//2468 2356//2356 2355//2355
f 2260//2260 2259//2259 2464//2464
f 2423//2423 2472//2472 2471//2471
f 2337//2337 2338//2338 2473//2473
f 2339//2339 2587//2587 2527//2527
f 2474//2474 2475//2475 2414//2414
f 2474//2474 2414//2414 2415//2415
f 2486//2486 2427//2427 2485//2485
f 2446//2446 2501//2501 2495//2495
f 2413//2413 2423//2423 2471//2471
f 2423//2423 2476//2476 2472//2472
f 2517//2517 2418//2418 2342//2342
f 2517//2517 2342//2342 2350//2350
f 2418//2418 2417//2417 2342//2342
f 2418//2418 2519//2519 2417//2417
f 2420//2420 2478//2478 2340//2340
f 2421//2421 2422//2422 2347//2347
f 2347//2347 2413//2413 2471//2471
f 2422//2422 2413//2413 2347//2347
f 2422//2422 2479//2479 2413//2413
f 2422//2422 2411//2411 2479//2479
f 2411//2411 2480//2480 2479//2479
f 2363//2363 2506//2506 2380//2380
f 2363//2363 2380//2380 2480//2480
f 2411//2411 2363//2363 2480//2480
f 2403//2403 2482//2482 2406//2406
f 2392//2392 2406//2406 2482//2482
f 2392//2392 2482//2482 2370//2370
f 2481//2481 2480//2480 2380//2380
f 2414//2414 2485//2485 2427//2427
f 2414//2414 2427//2427 2426//2426
f 2414//2414 2426//2426 2393//2393
f 2393//2393 2426//2426 2483//2483
f 2393//2393 2483//2483 2394//2394
f 2394//2394 2483//2483 2484//2484
f 2394//2394 2484//2484 2399//2399
f 2399//2399 2484//2484 2441//2441
f 2399//2399 2441//2441 2402//2402
f 2379//2379 2380//2380 2381//2381
f 2379//2379 2381//2381 2502//2502
f 2379//2379 2502//2502 2485//2485
f 2427//2427 2486//2486 2487//2487
f 2427//2427 2487//2487 2426//2426
f 2426//2426 2488//2488 2489//2489
f 2426//2426 2489//2489 2483//2483
f 2483//2483 2489//2489 2490//2490
f 2483//2483 2490//2490 2484//2484
f 2484//2484 2490//2490 2441//2441
f 2374//2374 2441//2441 2491//2491
f 2373//2373 2374//2374 2491//2491
f 2373//2373 2491//2491 2492//2492
f 2371//2371 2373//2373 2492//2492
f 2371//2371 2492//2492 2493//2493
f 2371//2371 2493//2493 2494//2494
f 2371//2371 2494//2494 2369//2369
f 2367//2367 2369//2369 2494//2494
f 2367//2367 2494//2494 2459//2459
f 2505//2505 2503//2503 2381//2381
f 2381//2381 2503//2503 2502//2502
f 2450//2450 2495//2495 2486//2486
f 2486//2486 2495//2495 2424//2424
f 2486//2486 2424//2424 2425//2425
f 2486//2486 2425//2425 2487//2487
f 2488//2488 2487//2487 2425//2425
f 2489//2489 2496//2496 2490//2490
f 2490//2490 2496//2496 2497//2497
f 2516//2516 2515//2515 2498//2498
f 2516//2516 2498//2498 2385//2385
f 2385//2385 2498//2498 2499//2499
f 2385//2385 2499//2499 2433//2433
f 2433//2433 2499//2499 2458//2458
f 2433//2433 2458//2458 2459//2459
f 2450//2450 2447//2447 2495//2495
f 2495//2495 2501//2501 2424//2424
f 2485//2485 2502//2502 2450//2450
f 2502//2502 2503//2503 2450//2450
f 2450//2450 2503//2503 2504//2504
f 2504//2504 2447//2447 2450//2450
f 2362//2362 2285//2285 2505//2505
f 2362//2362 2505//2505 2381//2381
f 2362//2362 2381//2381 2461//2461
f 2381//2381 2359//2359 2461//2461
f 2358//2358 2359//2359 2506//2506
f 2455//2455 2382//2382 2514//2514
f 2188//2188 2382//2382 2455//2455
f 2357//2357 2510//2510 2511//2511
f 2357//2357 2511//2511 2377//2377
f 2377//2377 2383//2383 2357//2357
f 2370//2370 2482//2482 2372//2372
f 2514//2514 2382//2382 2448//2448
f 2448//2448 2507//2507 2454//2454
f 2448//2448 2454//2454 2514//2514
f 2360//2360 2510//2510 2454//2454
f 2360//2360 2454//2454 2507//2507
f 2360//2360 2508//2508 2510//2510
f 2508//2508 2511//2511 2510//2510
f 2512//2512 2511//2511 2407//2407
f 2513//2513 2512//2512 2407//2407
f 2513//2513 2407//2407 2408//2408
f 2420//2420 2513//2513 2408//2408
f 2341//2341 2420//2420 2340//2340
f 2340//2340 2584//2584 2341//2341
f 2498//2498 2434//2434 2183//2183
f 2498//2498 2183//2183 2499//2499
f 2183//2183 2180//2180 2499//2499
f 2438//2438 2425//2425 2445//2445
f 2425//2425 2424//2424 2501//2501
f 2425//2425 2501//2501 2445//2445
f 2443//2443 2515//2515 2384//2384
f 2443//2443 2442//2442 2515//2515
f 2491//2491 2384//2384 2516//2516
f 2491//2491 2516//2516 2492//2492
f 2384//2384 2515//2515 2516//2516
f 2343//2343 2353//2353 2520//2520
f 2386//2386 2406//2406 2392//2392
f 2386//2386 2392//2392 2387//2387
f 2518//2518 2388//2388 2517//2517
f 2388//2388 2386//2386 2387//2387
f 2388//2388 2387//2387 2517//2517
f 2518//2518 2517//2517 2350//2350
f 2350//2350 2343//2343 2518//2518
f 2519//2519 2390//2390 2417//2417
f 2603//2603 2599//2599 2535//2535
f 2535//2535 2599//2599 2595//2595
f 2533//2533 2624//2624 2603//2603
f 2597//2597 2559//2559 2539//2539
f 2551//2551 2537//2537 2598//2598
f 2530//2530 2540//2540 2522//2522
f 2556//2556 2579//2579 2552//2552
f 2574//2574 2570//2570 2577//2577
f 2536//2536 2606//2606 2548//2548
f 2337//2337 2589//2589 2524//2524
f 2525//2525 2523//2523 2524//2524
f 2337//2337 2524//2524 2523//2523
f 2337//2337 2523//2523 2338//2338
f 2524//2524 2526//2526 2525//2525
f 2525//2525 2526//2526 2564//2564
f 2521//2521 2527//2527 2587//2587
f 2345//2345 2344//2344 2520//2520
f 2345//2345 2520//2520 2522//2522
f 2529//2529 2564//2564 2526//2526
f 2529//2529 2526//2526 2345//2345
f 2522//2522 2529//2529 2345//2345
f 2353//2353 2530//2530 2520//2520
f 2531//2531 2586//2586 2585//2585
f 2532//2532 2531//2531 2585//2585
f 2521//2521 2351//2351 2528//2528
f 2535//2535 2595//2595 2534//2534
f 2535//2535 2534//2534 2578//2578
f 2548//2548 2546//2546 2536//2536
f 2628//2628 2534//2534 2595//2595
f 2535//2535 2563//2563 2533//2533
f 2603//2603 2535//2535 2533//2533
f 2597//2597 2538//2538 2559//2559
f 2538//2538 2537//2537 2542//2542
f 2537//2537 2551//2551 2542//2542
f 2537//2537 2538//2538 2610//2610
f 2538//2538 2542//2542 2553//2553
f 2538//2538 2553//2553 2559//2559
f 2533//2533 2625//2625 2624//2624
f 2558//2558 2560//2560 2559//2559
f 2559//2559 2560//2560 2539//2539
f 2540//2540 2550//2550 2545//2545
f 2547//2547 2522//2522 2540//2540
f 2541//2541 2554//2554 2558//2558
f 2544//2544 2543//2543 2582//2582
f 2541//2541 2545//2545 2544//2544
f 2547//2547 2546//2546 2548//2548
f 2549//2549 2544//2544 2550//2550
f 2550//2550 2540//2540 2530//2530
f 2549//2549 2550//2550 2530//2530
f 2546//2546 2551//2551 2598//2598
f 2542//2542 2551//2551 2545//2545
f 2553//2553 2542//2542 2541//2541
f 2541//2541 2558//2558 2553//2553
f 2554//2554 2555//2555 2558//2558
f 2593//2593 2555//2555 2554//2554
f 2593//2593 2556//2556 2555//2555
f 2557//2557 2555//2555 2556//2556
f 2557//2557 2556//2556 2552//2552
f 2557//2557 2558//2558 2555//2555
f 2559//2559 2553//2553 2558//2558
f 2560//2560 2561//2561 2539//2539
f 2560//2560 2558//2558 2557//2557
f 2560//2560 2592//2592 2561//2561
f 2557//2557 2592//2592 2560//2560
f 2592//2592 2557//2557 2552//2552
f 2577//2577 2562//2562 2338//2338
f 2577//2577 2338//2338 2523//2523
f 2523//2523 2578//2578 2577//2577
f 2564//2564 2563//2563 2525//2525
f 2527//2527 2567//2567 2590//2590
f 2590//2590 2584//2584 2527//2527
f 2566//2566 2565//2565 2590//2590
f 2571//2571 2566//2566 2567//2567
f 2571//2571 2567//2567 2568//2568
f 2570//2570 2568//2568 2562//2562
f 2569//2569 2568//2568 2570//2570
f 2572//2572 2566//2566 2571//2571
f 2565//2565 2572//2572 2579//2579
f 2584//2584 2590//2590 2565//2565
f 2521//2521 2528//2528 2567//2567
f 2521//2521 2567//2567 2527//2527
f 2573//2573 2564//2564 2529//2529
f 2625//2625 2533//2533 2573//2573
f 2534//2534 2596//2596 2575//2575
f 2534//2534 2575//2575 2574//2574
f 2539//2539 2575//2575 2596//2596
f 2576//2576 2574//2574 2575//2575
f 2561//2561 2576//2576 2575//2575
f 2561//2561 2575//2575 2539//2539
f 2569//2569 2576//2576 2561//2561
f 2570//2570 2576//2576 2569//2569
f 2574//2574 2576//2576 2570//2570
f 2563//2563 2535//2535 2578//2578
f 2533//2533 2563//2563 2564//2564
f 2573//2573 2533//2533 2564//2564
f 2578//2578 2525//2525 2563//2563
f 2578//2578 2523//2523 2525//2525
f 2530//2530 2522//2522 2520//2520
f 2573//2573 2548//2548 2625//2625
f 2573//2573 2547//2547 2548//2548
f 2529//2529 2522//2522 2547//2547
f 2529//2529 2547//2547 2573//2573
f 2353//2353 2543//2543 2549//2549
f 2353//2353 2549//2549 2530//2530
f 2580//2580 2583//2583 2579//2579
f 2581//2581 2591//2591 2580//2580
f 2582//2582 2581//2581 2580//2580
f 2580//2580 2593//2593 2582//2582
f 2536//2536 2546//2546 2598//2598
f 2544//2544 2554//2554 2541//2541
f 2554//2554 2544//2544 2582//2582
f 2554//2554 2582//2582 2593//2593
f 2543//2543 2581//2581 2582//2582
f 2586//2586 2584//2584 2585//2585
f 2591//2591 2583//2583 2580//2580
f 2545//2545 2550//2550 2544//2544
f 2543//2543 2544//2544 2549//2549
f 2594//2594 2581//2581 2543//2543
f 2594//2594 2591//2591 2581//2581
f 2532//2532 2585//2585 2591//2591
f 2532//2532 2591//2591 2594//2594
f 2547//2547 2540//2540 2546//2546
f 2565//2565 2579//2579 2583//2583
f 2552//2552 2579//2579 2572//2572
f 2572//2572 2565//2565 2566//2566
f 2552//2552 2572//2572 2592//2592
f 2592//2592 2572//2572 2571//2571
f 2579//2579 2556//2556 2580//2580
f 2556//2556 2593//2593 2580//2580
f 2592//2592 2571//2571 2569//2569
f 2592//2592 2569//2569 2561//2561
f 2567//2567 2566//2566 2590//2590
f 2568//2568 2567//2567 2528//2528
f 2562//2562 2568//2568 2528//2528
f 2594//2594 2543//2543 2353//2353
f 2551//2551 2546//2546 2540//2540
f 2551//2551 2540//2540 2545//2545
f 2577//2577 2578//2578 2574//2574
f 2577//2577 2570//2570 2562//2562
f 2534//2534 2574//2574 2578//2578
f 2541//2541 2542//2542 2545//2545
f 2606//2606 2625//2625 2548//2548
f 2338//2338 2528//2528 2351//2351
f 2338//2338 2562//2562 2528//2528
f 2588//2588 2531//2531 2532//2532
f 2539//2539 2596//2596 2597//2597
f 2596//2596 2534//2534 2628//2628
f 2585//2585 2584//2584 2565//2565
f 2585//2585 2565//2565 2583//2583
f 2591//2591 2585//2585 2583//2583
f 2568//2568 2569//2569 2571//2571
f 2532//2532 2594//2594 2353//2353
f 2617//2617 2626//2626 2618//2618
f 2620//2620 2604//2604 2624//2624
f 2603//2603 2624//2624 2604//2604
f 2619//2619 2620//2620 2613//2613
f 2612//2612 2600//2600 2621//2621
f 2601//2601 2605//2605 2612//2612
f 2600//2600 2612//2612 2621//2621
f 2628//2628 2595//2595 2599//2599
f 2608//2608 2597//2597 2621//2621
f 2629//2629 2612//2612 2599//2599
f 2612//2612 2629//2629 2601//2601
f 2603//2603 2629//2629 2599//2599
f 2605//2605 2601//2601 2604//2604
f 2605//2605 2611//2611 2608//2608
f 2609//2609 2605//2605 2627//2627
f 2609//2609 2627//2627 2623//2623
f 2627//2627 2616//2616 2615//2615
f 2617//2617 2614//2614 2616//2616
f 2598//2598 2606//2606 2536//2536
f 2598//2598 2537//2537 2623//2623
f 2620//2620 2627//2627 2613//2613
f 2596//2596 2628//2628 2621//2621
f 2616//2616 2626//2626 2617//2617
f 2616//2616 2627//2627 2607//2607
f 2624//2624 2625//2625 2606//2606
f 2624//2624 2606//2606 2607//2607
f 2629//2629 2603//2603 2602//2602
f 2612//2612 2605//2605 2621//2621
f 2597//2597 2608//2608 2538//2538
f 2610//2610 2623//2623 2537//2537
f 2608//2608 2611//2611 2538//2538
f 2609//2609 2623//2623 2610//2610
f 2604//2604 2619//2619 2613//2613
f 2605//2605 2608//2608 2621//2621
f 2611//2611 2605//2605 2609//2609
f 2611//2611 2609//2609 2610//2610
f 2538//2538 2611//2611 2610//2610
f 2607//2607 2606//2606 2626//2626
f 2622//2622 2602//2602 2604//2604
f 2621//2621 2628//2628 2599//2599
f 2599//2599 2612//2612 2621//2621
f 2621//2621 2597//2597 2596//2596
f 2598//2598 2623//2623 2606//2606
f 2607//2607 2627//2627 2624//2624
f 2604//2604 2627//2627 2605//2605
f 2623//2623 2627//2627 2615//2615
f 2618//2618 2606//2606 2623//2623
f 2615//2615 2618//2618 2623//2623
f 2615//2615 2616//2616 2614//2614
f 2606//2606 2618//2618 2626//2626
f 2616//2616 2607//2607 2626//2626
f 2614//2614 2617//2617 2615//2615
f 2615//2615 2617//2617 2618//2618
f 2620//2620 2624//2624 2627//2627
f 2604//2604 2620//2620 2619//2619
f 2603//2603 2604//2604 2602//2602
f 2601//2601 2629//2629 2602//2602
f 2613//2613 2627//2627 2604//2604
f 2604//2604 2601//2601 2622//2622
f 2622//2622 2601//2601 2602//2602
# 5250 faces, 0 coords texture

# End of File
