####
#
# OBJ File Generated by Meshlab
#
####
# Object bunny0.05.obj
#
# Vertices: 1744
# Faces: 3483
#
####
v 0.060126 0.219419 0.304709
v -0.066241 0.849336 -0.119514
v 0.537450 0.317720 0.163857
v -0.156776 0.783063 -0.217001
v -0.500411 0.791987 -0.347732
v 0.232021 0.308839 0.278109
v -0.039791 0.327278 -0.057558
v -0.010002 0.908727 -0.165203
v 0.100446 0.169729 0.345070
v 0.147931 0.736552 -0.229039
v -0.129447 0.833509 -0.097851
v 0.308507 -0.554862 0.400578
v 0.381115 -0.556739 0.393321
v 0.461277 0.209289 0.310074
v 0.404622 0.384717 0.115617
v -0.299264 -0.563615 0.401092
v -0.249798 -0.552285 0.375832
v -0.132579 -0.571617 0.352561
v -0.044921 -0.578540 0.458252
v 0.114629 -0.531352 0.450204
v -0.166973 -0.580264 0.369874
v 0.028562 -0.556855 0.484946
v 0.213958 -0.539778 0.417895
v 0.283184 -0.538510 0.412357
v 0.355200 -0.533207 0.433176
v -0.024778 -0.021408 -0.367654
v -0.341217 -0.528823 0.360044
v -0.269368 -0.504552 0.320499
v -0.006018 -0.509368 0.431975
v 0.022077 -0.509170 0.445709
v 0.214733 -0.526615 0.420035
v 0.326536 -0.510474 0.455065
v 0.401107 -0.527854 0.413407
v -0.438820 0.601797 0.315243
v 0.075555 -0.525331 0.463832
v 0.116312 -0.495713 0.417730
v 0.151288 -0.518191 0.422063
v -0.250618 -0.493164 0.302008
v -0.191310 -0.528496 0.345745
v 0.010276 -0.493331 0.411325
v 0.073230 -0.492536 0.410273
v 0.147809 -0.485987 0.445557
v 0.215661 -0.495958 0.454709
v 0.293052 -0.492278 0.469796
v -0.490211 0.374073 0.461755
v 0.128010 0.368436 0.061925
v 0.736762 -0.508327 0.254646
v -0.146138 0.214777 0.272238
v -0.669141 0.373472 -0.065113
v -0.192712 -0.476854 0.322747
v 0.638713 0.237841 0.159794
v 0.024426 -0.470078 0.351600
v 0.067458 -0.479536 0.397480
v 0.222198 -0.461131 0.478377
v 0.273070 -0.455720 0.498109
v 0.379980 -0.484435 0.459956
v -0.462714 0.203953 0.450192
v -0.223079 -0.454389 0.305001
v -0.156334 -0.493867 0.331759
v 0.343213 -0.471127 0.481736
v 0.678721 0.036508 -0.226331
v 0.660882 -0.494086 0.245884
v -0.468728 0.693393 -0.157036
v 0.296309 -0.402491 0.497329
v 0.309336 -0.442912 0.486513
v 0.413235 -0.429342 0.473296
v -0.381618 0.657301 -0.286100
v -0.362930 0.601752 0.289102
v -0.479052 0.776108 -0.313157
v -0.129887 -0.459033 0.329909
v -0.570096 0.788111 -0.510174
v 0.017595 0.936636 -0.193551
v -0.374449 0.657942 0.016578
v 0.212726 -0.425282 0.486117
v -0.058438 0.884339 -0.138487
v 0.752554 -0.469949 0.259059
v 0.041772 0.970204 -0.231493
v 0.105043 -0.425363 0.453761
v 0.255494 -0.396648 0.486915
v -0.557934 0.394323 0.478911
v -0.176169 -0.384871 0.339344
v 0.189931 -0.359771 0.510672
v 0.245001 -0.349168 0.514320
v 0.809326 -0.411342 0.246040
v -0.501930 0.723433 -0.215135
v -0.696934 0.235508 0.204597
v 0.456538 0.144612 0.344629
v -0.080896 -0.394767 0.325705
v 0.786633 -0.390362 0.248296
v -0.285797 -0.374993 0.202931
v -0.033497 0.323747 0.103273
v 0.431717 0.332343 0.232777
v -0.105256 -0.357807 0.349041
v 0.533887 0.331101 0.109652
v 0.135188 -0.356908 0.488638
v 0.324156 -0.360661 0.520462
v 0.809717 -0.319929 0.209666
v -0.089507 0.839718 -0.101194
v -0.019350 -0.342273 0.309642
v 0.393156 -0.319298 0.498460
v 0.096571 0.997944 -0.296892
v 0.738062 -0.330132 0.216531
v 0.405985 -0.288765 0.495688
v 0.088303 0.291465 0.241101
v 0.386907 0.285748 0.291276
v 0.724282 0.125241 -0.055156
v 0.269396 -0.295285 0.518904
v -0.446653 0.651294 0.214869
v 0.740690 0.086845 -0.082183
v -0.124430 0.352009 -0.094364
v -0.480435 -0.351308 0.104711
v -0.143186 -0.345279 0.355020
v 0.119605 -0.290142 0.496525
v 0.236338 -0.287220 0.517071
v -0.525504 0.679282 -0.168937
v 0.765913 -0.322050 0.195487
v 0.458753 0.348356 0.180160
v 0.331355 0.395415 0.086981
v 0.324097 -0.283535 0.507279
v 0.423684 0.200385 0.319346
v -0.710648 0.393277 0.031076
v 0.771771 -0.297960 0.180910
v 0.832849 -0.279601 0.176001
v -0.015440 -0.261226 0.337066
v -0.317415 0.650720 0.059882
v 0.150095 -0.295833 0.487730
v 0.292806 -0.209221 0.536118
v -0.289112 0.635277 0.046929
v -0.294791 0.556198 0.177237
v -0.173500 -0.281665 0.357275
v -0.091331 -0.268672 0.357584
v 0.158011 -0.259337 0.505979
v 0.149622 0.263555 0.303886
v -0.373356 0.317139 -0.189792
v -0.731272 0.279978 0.060142
v -0.356869 -0.231698 0.353260
v -0.241763 -0.209195 0.376499
v 0.246574 -0.232061 0.545327
v 0.317386 -0.229264 0.516521
v -0.387480 0.770424 -0.575922
v 0.256250 0.390506 0.076650
v 0.740882 -0.046133 -0.191624
v -0.641215 0.478866 -0.070909
v -0.228878 0.788105 -0.103254
v 0.720899 0.133502 0.072152
v -0.298255 -0.182929 0.377953
v -0.038157 -0.177648 0.357506
v -0.142625 0.258198 0.235801
v -0.591785 0.369965 0.476875
v -0.377108 0.713083 -0.474115
v -0.096090 -0.185174 0.361106
v -0.045129 -0.211165 0.344772
v -0.711912 0.234795 0.262236
v 0.174049 -0.212445 0.524147
v 0.222188 -0.169984 0.529997
v 0.575853 0.259549 0.215139
v -0.545218 0.660021 0.094138
v -0.376334 -0.183153 0.364288
v -0.307489 -0.154849 0.392173
v -0.180193 -0.143409 0.360078
v -0.142762 -0.172569 0.373425
v -0.046888 -0.155533 0.350799
v 0.093575 -0.151697 0.529509
v 0.185299 -0.164676 0.534731
v 0.228668 0.253192 0.321950
v -0.508692 0.628423 0.269158
v -0.193176 0.319618 0.150705
v -0.469581 -0.180646 0.334245
v 0.132079 -0.180875 0.519018
v 0.218817 -0.097650 0.522291
v 0.309970 -0.162565 0.523189
v 0.335781 -0.177339 0.510215
v 0.011810 0.207192 0.282264
v -0.527588 0.340007 0.478524
v 0.140886 0.312927 0.243892
v -0.111782 0.326387 -0.161997
v -0.410281 -0.140721 0.380051
v -0.004330 0.324274 -0.067818
v -0.215901 0.247094 0.233537
v -0.127333 0.799146 -0.070329
v -0.517917 0.650391 -0.066230
v -0.440598 0.732765 -0.257968
v -0.273116 -0.126505 0.391232
v -0.214434 -0.131851 0.382476
v 0.344642 -0.098830 0.524110
v -0.464973 0.654728 -0.059026
v 0.337122 0.397164 0.007808
v -0.341477 -0.108624 0.381473
v -0.589762 0.325384 0.470668
v -0.123053 0.866298 -0.150679
v -0.293222 -0.099652 0.396143
v -0.120514 -0.114064 0.383023
v -0.069566 -0.102965 0.361406
v 0.108125 -0.087453 0.520696
v -0.428230 -0.072204 0.388281
v -0.235623 -0.084192 0.398370
v -0.167199 -0.078430 0.362912
v -0.030140 -0.085509 0.383780
v 0.154954 -0.113683 0.526092
v 0.102443 0.261124 0.285883
v -0.383616 -0.064739 0.398694
v -0.310244 -0.062488 0.390132
v -0.091942 -0.032828 0.387763
v 0.149014 -0.036713 0.515549
v 0.181264 -0.071161 0.521210
v 0.341881 -0.055458 0.505006
v 0.488496 -0.036163 0.425152
v 0.609600 0.241704 -0.128027
v -0.693189 0.443397 0.095751
v -0.448284 -0.023678 0.363924
v -0.330671 -0.035107 0.396781
v -0.125714 -0.058699 0.374930
v -0.025345 -0.032695 0.382223
v -0.206654 -0.004270 0.374392
v 0.005321 -0.017744 0.392943
v 0.545176 -0.056505 0.426085
v 0.276522 0.201189 0.357092
v 0.770976 0.029275 -0.014720
v -0.326271 -0.009302 0.390811
v -0.275958 -0.030245 0.379798
v 0.218536 -0.036287 0.518802
v -0.507605 0.905169 -0.689845
v -0.382378 -0.012570 0.388853
v -0.051675 0.005352 0.390072
v 0.121877 -0.021381 0.502450
v 0.181330 0.010751 0.486263
v 0.301537 0.003031 0.494719
v -0.048337 0.876863 -0.136365
v 0.061292 0.305654 0.189512
v -0.292324 0.005321 0.375797
v 0.010122 0.005156 0.378296
v 0.377354 0.015169 0.454238
v -0.132319 0.302045 -0.209071
v -0.723811 0.265737 0.300864
v -0.378303 0.660625 -0.406754
v 0.278352 0.044928 0.452660
v 0.415167 0.030088 0.431558
v -0.050420 0.242452 0.244263
v -0.372568 0.032321 0.367709
v -0.280434 0.069355 0.356418
v -0.243270 0.001916 0.389881
v -0.156999 -0.007281 0.360953
v 0.034505 0.052329 0.387918
v -0.402912 0.855148 -0.766711
v 0.162501 0.743238 -0.278737
v 0.292650 0.254713 0.326732
v -0.229461 0.734880 -0.032021
v -0.277494 -0.346670 0.255345
v 0.217081 0.384593 0.000274
v -0.416813 0.069396 0.356374
v -0.319660 0.056339 0.371545
v -0.237320 0.085579 0.347694
v -0.186664 0.106867 0.352735
v -0.147191 0.082588 0.341630
v -0.098536 0.042629 0.365821
v 0.166274 0.060886 0.382339
v 0.355449 0.044498 0.421678
v -0.537795 0.598155 -0.277615
v 0.042363 0.838248 -0.322406
v -0.309487 0.070853 0.365074
v -0.325006 0.649788 0.115424
v 0.403146 0.390105 0.027506
v -0.383190 0.096048 0.349925
v -0.046976 0.129010 0.333353
v -0.013172 0.059839 0.374264
v 0.073402 0.102268 0.368953
v 0.311123 0.067818 0.384102
v 0.452933 0.268465 0.280989
v -0.220837 0.690539 -0.007383
v -0.538651 0.136960 -0.184331
v 0.026104 0.326614 0.104621
v 0.191658 0.071602 0.379094
v 0.244384 0.066300 0.380282
v 0.406272 0.079069 0.413458
v 0.470322 0.076926 0.406699
v -0.430727 0.147593 0.313689
v -0.054352 0.046436 0.378666
v 0.114131 0.099838 0.368248
v 0.204751 0.129299 0.380103
v 0.256661 0.120531 0.382423
v 0.336951 0.114450 0.359792
v 0.415532 0.139967 0.345315
v -0.333138 0.105687 0.350604
v -0.114869 0.111877 0.323103
v -0.307746 0.207629 0.282786
v -0.514852 0.258596 0.483880
v -0.547844 0.498217 0.420035
v -0.492892 0.147013 0.312177
v -0.382354 0.172678 0.303948
v -0.318706 0.131814 0.334608
v -0.260587 0.154745 0.317691
v -0.000069 0.100475 0.358625
v 0.316846 0.173150 0.362363
v 0.515011 0.130789 0.339090
v -0.136380 0.158421 0.305261
v 0.143998 0.140789 0.368096
v 0.378814 0.128673 0.348565
v 0.311894 0.377243 0.176421
v -0.213961 0.193368 0.286238
v -0.158882 0.176941 0.298171
v -0.106383 0.159034 0.302880
v -0.037076 0.214367 0.270229
v 0.167141 0.174598 0.358968
v 0.196821 0.197095 0.352900
v -0.239931 0.571001 -0.129642
v -0.297365 0.188085 0.291240
v -0.176444 0.158395 0.317949
v 0.520803 -0.624646 0.333582
v 0.187786 0.119389 -0.345020
v 0.510649 -0.611307 0.357260
v 0.092661 0.925625 -0.292937
v -0.279350 -0.002683 -0.336149
v -0.221036 -0.640618 0.397769
v 0.203797 -0.622298 0.435562
v 0.448343 -0.640211 0.380270
v -0.407792 0.759284 -0.748657
v -0.323214 -0.613661 0.416882
v -0.248008 0.386466 0.231255
v -0.218968 -0.022162 -0.333497
v 0.258043 -0.577755 0.418700
v 0.485059 -0.564519 0.381629
v 0.583933 -0.558388 0.291490
v 0.571009 -0.546199 0.317812
v -0.550606 0.656020 -0.283608
v -0.099455 0.751077 -0.254009
v -0.221153 -0.569625 0.379778
v 0.107994 -0.568012 0.468889
v 0.412380 -0.544581 0.385334
v -0.108025 0.780109 -0.092910
v -0.274384 -0.606309 0.410860
v -0.709631 0.201870 0.067096
v 0.469992 -0.516155 0.372399
v 0.748187 -0.535066 0.228199
v 0.511700 -0.505753 0.351653
v -0.380148 0.350445 0.355811
v -0.339580 0.569891 0.261011
v 0.551550 0.218268 0.271603
v -0.415891 0.333936 0.426152
v -0.293887 0.509039 0.200865
v -0.421714 0.570048 0.328937
v -0.085573 0.681736 -0.058410
v -0.113262 0.711210 -0.090499
v 0.043948 0.948599 -0.218254
v -0.210914 0.633792 0.000530
v -0.332004 0.619506 0.251607
v -0.017203 0.732677 -0.144142
v -0.123609 0.731620 -0.098830
v -0.116854 0.677808 -0.045431
v -0.098711 0.743832 -0.122092
v 0.454639 -0.475122 0.414047
v 0.791374 -0.474616 0.246521
v -0.434791 0.297604 0.465791
v -0.625951 0.159294 -0.053123
v 0.057088 0.908757 -0.254999
v 0.177093 0.881547 -0.360007
v 0.507771 -0.461125 0.405565
v 0.562285 -0.479038 0.332290
v -0.338642 0.255409 0.331506
v -0.288686 0.299139 0.304190
v 0.897758 -0.450006 0.167889
v -0.382397 0.199933 0.303765
v 0.188899 0.787934 -0.307193
v -0.015977 0.711727 -0.110048
v 0.706178 0.122418 0.186499
v 0.127464 0.747778 -0.217169
v 0.461465 -0.412446 0.436262
v 0.510262 -0.413514 0.429259
v 0.873488 -0.414119 0.211279
v 0.556223 -0.423665 0.376981
v 0.625785 -0.475400 0.299862
v 0.661011 -0.394529 0.318856
v -0.447984 0.472548 0.396990
v 0.371530 -0.405656 0.479508
v 0.613148 -0.383412 0.351213
v -0.079261 0.697427 -0.068413
v 0.611809 0.206981 0.246185
v 0.416371 -0.366911 0.465552
v 0.708107 -0.405526 0.240091
v 0.738585 -0.367538 0.222655
v 0.052495 0.755508 -0.198519
v -0.416716 0.185074 0.324026
v 0.776460 -0.083115 -0.113879
v -0.379070 0.696926 -0.365638
v -0.465285 0.507356 0.396340
v 0.393994 -0.358671 0.492482
v 0.587001 -0.378579 0.377735
v 0.555797 -0.359947 0.394809
v 0.717987 -0.325841 0.267591
v 0.846054 -0.353077 0.225675
v 0.114339 0.703528 -0.207234
v -0.222826 0.539755 -0.039512
v -0.245125 0.592763 0.027615
v 0.122633 0.994857 -0.354701
v 0.419952 -0.328080 0.481727
v 0.485953 -0.359262 0.435660
v 0.674426 -0.325988 0.323176
v 0.358892 0.214140 0.337291
v 0.522560 -0.324873 0.413569
v 0.911815 -0.330901 0.177253
v -0.376849 0.309372 0.367308
v -0.399754 0.511772 0.320221
v 0.573463 -0.271156 0.378277
v 0.605408 -0.024090 0.376530
v -0.404783 0.271029 0.427516
v -0.448176 0.249822 0.470930
v 0.606958 -0.318746 0.365094
v 0.685758 -0.263771 0.304843
v 0.555542 0.088056 0.353856
v -0.400749 0.207172 0.340369
v 0.473488 -0.288127 0.461817
v 0.064354 0.967988 -0.242082
v 0.512412 0.257702 0.274402
v -0.403665 0.422707 0.329186
v 0.392149 -0.199648 0.509029
v 0.482897 -0.248699 0.459270
v 0.639682 -0.261844 0.342737
v -0.384512 0.231115 0.341976
v 0.166925 0.775667 -0.266906
v -0.271454 0.233148 0.261687
v 0.520832 0.180858 0.306747
v 0.126432 0.730543 -0.200950
v -0.224575 -0.239668 0.355439
v 0.082421 0.690889 -0.172630
v -0.610840 0.242167 -0.125705
v 0.778552 -0.071460 0.132031
v 0.614875 -0.226402 0.372996
v 0.660897 -0.222788 0.336340
v 0.761281 -0.275325 0.187682
v 0.125177 0.829213 -0.286775
v 0.612498 0.051453 0.341939
v -0.321630 0.461026 0.251077
v -0.196098 0.250159 -0.259463
v -0.174594 0.726047 -0.039277
v 0.444323 -0.196017 0.494888
v 0.765837 0.010619 -0.079089
v -0.018945 0.785339 -0.187689
v -0.522725 0.421496 0.462770
v -0.444225 0.388808 0.418370
v 0.502339 -0.217799 0.466158
v 0.589423 -0.181364 0.400863
v 0.728835 -0.253829 0.252420
v -0.348903 0.499002 0.263202
v -0.154756 0.692625 -0.063760
v -0.223639 0.280614 0.207898
v 0.561358 -0.209951 0.424182
v 0.685325 -0.120579 -0.283025
v 0.669261 0.075249 0.268146
v -0.386042 0.461080 0.288645
v -0.036980 0.649203 -0.108559
v -0.179123 0.681420 -0.043271
v 0.761670 -0.116542 0.198972
v 0.778268 -0.163628 0.160777
v 0.664053 0.041195 0.297306
v -0.051805 0.804282 -0.164748
v 0.546720 0.024691 0.400142
v 0.507510 -0.156024 0.463198
v 0.687017 -0.200189 0.315414
v 0.703322 -0.034574 0.287147
v 0.110237 0.718081 -0.182225
v 0.584414 0.102541 0.321597
v 0.403001 -0.154341 0.495799
v 0.520057 -0.108996 0.443231
v 0.717099 0.000227 0.248394
v -0.622410 0.057212 -0.129688
v -0.440220 0.193825 0.401499
v -0.098681 0.656023 -0.062127
v 0.591149 0.145804 0.306490
v 0.580772 -0.121819 0.410044
v 0.679144 -0.136517 0.317324
v -0.323067 0.319629 0.337703
v -0.474829 0.307993 0.485029
v -0.372962 0.268024 0.354291
v -0.417073 0.236275 0.428118
v 0.380790 -0.120600 0.512208
v 0.466433 -0.102484 0.458082
v 0.646612 -0.149462 0.360407
v 0.084598 0.872255 -0.276888
v 0.730538 -0.123620 0.258881
v -0.160422 0.650536 -0.023896
v -0.334136 0.416610 0.295577
v 0.057320 0.701220 -0.135113
v -0.253037 0.346541 0.257142
v 0.131933 0.953673 -0.339749
v 0.432145 -0.062106 0.484433
v 0.651485 -0.070377 0.362296
v -0.540297 0.668548 -0.189621
v 0.076430 0.717977 -0.154655
v -0.360909 0.537174 0.300226
v -0.266176 0.663425 0.016593
v 0.197133 0.817570 -0.366759
v 0.427707 -0.032862 0.473813
v -0.325870 0.212476 0.294582
v 0.610281 -0.113668 0.374459
v -0.558092 0.581190 -0.128312
v -0.017350 0.699165 -0.090474
v -0.722007 0.225221 0.106323
v -0.235620 0.253514 0.235748
v 0.460087 -0.034905 0.459230
v 0.025117 0.684040 -0.118227
v -0.376316 0.504603 -0.155914
v 0.498469 -0.652149 -0.154873
v 0.482936 -0.652231 -0.245702
v -0.473071 0.015682 -0.269300
v 0.221770 0.153525 -0.342782
v 0.524469 -0.633201 -0.127901
v 0.454173 -0.637197 -0.317450
v -0.373606 -0.064200 -0.305628
v -0.676782 0.076699 0.081556
v 0.798876 -0.575402 -0.016351
v 0.770581 -0.578718 -0.063939
v 0.483396 -0.631583 -0.283461
v 0.564002 -0.613896 0.235879
v 0.834733 -0.557341 0.026934
v 0.514783 -0.614633 -0.192519
v -0.268741 0.482012 -0.083036
v -0.457573 0.752508 -0.663652
v 0.815764 -0.545182 -0.076883
v 0.537430 -0.597601 -0.168810
v -0.388269 0.608008 -0.369506
v -0.684317 0.219412 -0.038260
v 0.195200 0.879763 -0.406779
v 0.856246 -0.521884 -0.056171
v 0.534459 -0.569087 -0.220809
v 0.515833 -0.570613 -0.307791
v -0.307494 0.537900 0.232680
v 0.878493 -0.518418 0.084820
v 0.860787 -0.485888 -0.098754
v 0.507462 0.043742 -0.340091
v 0.569419 -0.553376 -0.191647
v 0.538565 -0.554747 -0.252277
v 0.907008 -0.480322 0.122532
v 0.913530 -0.484713 0.020818
v 0.605587 -0.526071 -0.176783
v 0.533446 -0.543585 -0.283931
v -0.447181 0.893455 -0.736105
v 0.903037 -0.477162 -0.041495
v 0.803334 -0.502737 -0.140759
v 0.580662 -0.519978 -0.276797
v -0.179506 0.578508 -0.038580
v -0.681453 0.217110 0.204426
v 0.130550 0.291441 -0.184536
v -0.467148 -0.660832 -0.140441
v -0.639568 0.151324 -0.001696
v 0.634720 -0.474427 -0.204869
v 0.599730 -0.478914 -0.298224
v 0.544982 -0.476561 -0.346998
v -0.339986 0.286838 -0.192856
v 0.860608 -0.447350 -0.126542
v 0.014344 0.293489 -0.166665
v 0.634278 -0.429919 -0.251545
v 0.595402 -0.419110 -0.307474
v -0.284094 0.586775 0.146213
v -0.615188 0.211913 -0.110241
v -0.266435 0.587785 0.061026
v 0.931621 -0.404025 0.133489
v 0.953346 -0.384939 0.034152
v 0.792961 -0.129407 -0.028877
v 0.786340 -0.034002 -0.016664
v -0.269736 0.543281 0.069764
v -0.399715 0.650436 -0.520702
v 0.953256 -0.355320 0.008671
v 0.726360 -0.374572 -0.143047
v 0.645512 -0.378132 -0.278441
v -0.277753 0.483063 0.155484
v 0.940554 -0.310990 0.120174
v 0.952702 -0.308589 0.060288
v -0.621460 0.132564 0.175344
v -0.736231 0.285159 0.158180
v 0.732669 0.037391 -0.145219
v -0.601315 0.165276 0.242758
v -0.385939 0.818100 -0.658645
v 0.915995 -0.309167 -0.069288
v 0.612962 -0.368339 -0.309854
v 0.698559 -0.378309 -0.209496
v 0.645595 -0.312109 -0.294128
v -0.044920 0.308527 -0.128383
v 0.708630 0.066042 -0.175992
v -0.373274 0.864978 -0.761798
v 0.937722 -0.277710 0.014538
v -0.712029 0.243777 0.001529
v -0.242806 0.489068 0.018941
v -0.522400 0.738575 -0.477659
v -0.682079 0.324448 -0.052488
v -0.549226 0.157871 0.375701
v -0.672742 0.456965 0.193274
v 0.738865 -0.319283 -0.151821
v 0.605741 -0.316834 -0.314017
v 0.598916 -0.270243 -0.342603
v 0.008464 -0.031200 -0.442118
v 0.732762 0.062121 0.171028
v -0.711695 0.208940 0.107743
v -0.686583 0.486349 0.158644
v 0.708982 -0.292594 -0.231201
v -0.472020 -0.302742 0.211424
v -0.494397 0.179186 0.422779
v -0.393214 0.620794 -0.192561
v 0.771373 -0.196832 -0.120527
v 0.642981 -0.245642 -0.294976
v 0.474715 -0.050143 -0.388485
v -0.390357 0.573818 -0.254560
v -0.384465 0.740305 -0.547421
v 0.786163 -0.231762 -0.064042
v -0.384251 0.780923 -0.643629
v -0.145758 0.585993 -0.073584
v 0.751379 -0.168766 -0.157040
v 0.684112 -0.213644 -0.239138
v 0.757420 -0.332557 -0.110150
v -0.647862 0.128092 0.099799
v -0.696462 0.203435 0.006053
v -0.396261 0.705259 -0.623458
v -0.210752 0.405487 0.018583
v 0.796727 -0.218012 0.069610
v 0.706945 -0.196743 -0.217292
v -0.486222 0.673237 -0.534827
v 0.172553 0.755142 -0.275311
v -0.682187 0.027673 0.092093
v -0.246234 0.456400 0.111832
v -0.383339 0.621967 -0.282619
v 0.790457 -0.180908 0.120784
v -0.598582 0.176948 -0.097057
v 0.783203 -0.110951 -0.056848
v 0.765174 0.001430 0.148625
v -0.467321 0.642851 -0.639216
v -0.244053 0.533295 -0.003211
v -0.250823 0.483005 -0.041125
v 0.721176 -0.133556 -0.237138
v -0.715870 0.304141 0.226491
v -0.635619 0.631769 0.044443
v -0.421940 0.918906 -0.750921
v -0.390058 0.905770 -0.737976
v -0.655324 0.285400 -0.116864
v -0.435534 0.933864 -0.713020
v -0.557230 0.712066 -0.376793
v -0.478710 0.933521 -0.674001
v -0.186370 0.772529 -0.049846
v -0.385931 0.660325 0.149894
v 0.101785 0.013021 0.454630
v -0.573221 0.654357 0.064004
v -0.405042 0.668643 -0.221376
v -0.511405 0.657034 0.181943
v -0.559699 0.623126 0.260262
v -0.314773 0.637998 0.176076
v 0.165052 0.952010 -0.390988
v 0.198229 0.041729 0.451539
v -0.419947 0.854802 -0.627089
v -0.516952 0.913880 -0.624828
v -0.623622 0.623728 0.191158
v -0.625094 0.160042 0.176450
v 0.520119 0.292825 0.233656
v -0.454735 0.866974 -0.597022
v -0.547578 0.903221 -0.635661
v 0.000264 0.263799 0.228387
v -0.529133 0.609384 -0.212880
v -0.404058 0.788386 -0.528805
v -0.640702 0.052824 -0.087596
v -0.487672 0.677076 -0.119247
v -0.651905 0.159317 0.097844
v -0.662976 0.023729 -0.049860
v -0.398459 0.630038 0.269754
v -0.669803 0.409333 -0.063473
v -0.453361 0.839741 -0.530294
v -0.517519 0.922224 -0.677041
v 0.436481 -0.071010 -0.428264
v -0.542086 0.640051 -0.122782
v -0.594554 0.019868 -0.171414
v -0.201214 0.383689 0.120173
v -0.678317 0.031399 -0.001843
v -0.610447 0.514193 -0.074739
v -0.598903 0.133038 -0.123832
v -0.179720 0.296892 0.179474
v 0.911877 -0.255880 -0.008963
v 0.481220 0.360309 0.079938
v 0.700543 0.166837 -0.037779
v -0.633570 -0.044311 -0.138121
v -0.576298 0.518390 -0.128441
v -0.421629 0.635719 -0.112393
v -0.563974 0.748948 -0.402179
v 0.859194 -0.232945 0.035280
v 0.806515 -0.257240 -0.040012
v -0.657828 0.345114 -0.106951
v -0.543038 -0.007664 -0.239600
v -0.434971 0.805904 -0.451766
v -0.515009 0.848421 -0.506757
v 0.939250 -0.270666 0.054469
v -0.021423 0.286949 0.167988
v -0.355287 0.668995 -0.032512
v -0.181946 0.351352 0.101061
v 0.246437 0.345729 0.230591
v -0.652648 -0.025294 -0.057806
v -0.669737 -0.025307 -0.013771
v -0.481777 0.524465 -0.252137
v 0.039623 0.974131 -0.250098
v -0.298104 0.614348 0.190286
v 0.803403 -0.238316 0.022670
v -0.652369 0.102304 -0.017860
v -0.118000 0.300388 0.199967
v 0.070426 0.992091 -0.265737
v -0.399691 0.760598 -0.434265
v -0.552730 0.828017 -0.502891
v -0.154824 0.345882 0.097636
v 0.547093 0.321468 -0.023423
v -0.439007 0.721643 -0.715444
v -0.681614 0.515718 0.244968
v 0.322614 0.324037 0.258743
v 0.402371 0.379517 -0.074689
v 0.480361 0.319515 0.206774
v -0.352096 0.637564 0.232505
v -0.277540 0.461468 0.192707
v 0.902712 -0.252358 0.113277
v 0.882652 -0.236003 0.091189
v 0.811283 -0.239449 0.073412
v -0.571545 0.631496 -0.050927
v 0.643253 0.239872 -0.049111
v -0.561491 0.076850 -0.191521
v -0.472634 0.661334 0.031061
v -0.604764 0.645023 0.134096
v 0.007242 0.952192 -0.216820
v -0.658202 -0.005128 0.185782
v 0.377828 0.370909 0.186489
v -0.100326 0.348023 0.079698
v -0.314829 0.663686 0.017995
v 0.628732 0.259335 0.064179
v 0.481357 0.358216 -0.019200
v 0.260116 0.374826 0.173980
v -0.394109 0.719674 -0.334960
v -0.497840 0.813784 -0.398534
v 0.206714 0.377600 0.139389
v -0.442859 0.664720 0.140790
v -0.058092 0.906982 -0.188004
v -0.430423 0.770223 -0.358324
v -0.464372 0.810071 -0.405650
v 0.847418 -0.244575 0.122891
v 0.164654 0.035386 0.447335
v -0.560870 0.715715 -0.348312
v -0.018389 0.329620 0.037906
v 0.023375 -0.068712 0.465568
v -0.489930 0.563998 0.362047
v 0.877366 -0.291244 0.180993
v 0.121012 0.353170 0.146318
v 0.199845 0.363456 0.184223
v -0.106989 0.356667 -0.015010
v -0.652375 0.071212 0.166339
v -0.472369 0.931524 -0.720169
v -0.029973 0.919235 -0.172008
v -0.488692 -0.000579 0.357011
v 0.788278 -0.266718 0.140172
v 0.789800 -0.239890 0.121019
v 0.138371 0.365520 -0.034335
v -0.549551 0.425771 -0.161164
v -0.436630 -0.649443 0.251721
v -0.231615 0.072893 -0.330383
v -0.403347 -0.645236 0.096615
v -0.430423 -0.623519 0.216648
v -0.051494 -0.642635 0.458108
v -0.014661 -0.635749 0.486615
v -0.493900 -0.609068 -0.019290
v -0.411694 -0.622942 0.171499
v 0.036057 -0.615253 0.493705
v -0.607221 0.573979 0.305535
v -0.330888 -0.001778 -0.330645
v -0.441374 -0.622678 0.055051
v -0.375035 -0.628376 0.120390
v -0.436965 -0.630299 0.273390
v -0.432519 -0.632928 0.307863
v -0.364018 -0.558748 0.373912
v -0.394649 -0.602253 0.363284
v -0.098353 -0.602889 0.410455
v -0.479514 -0.609491 -0.095309
v -0.379156 -0.597456 0.086851
v -0.308639 -0.502951 0.301160
v -0.019760 -0.595646 0.486508
v -0.491479 -0.621465 -0.053102
v -0.388378 -0.542413 0.315742
v -0.094531 -0.542418 0.378600
v -0.076291 -0.552075 0.407330
v -0.654841 0.343151 0.420944
v -0.664686 0.489109 0.332422
v -0.421867 -0.562427 0.018728
v -0.408209 -0.579396 0.050004
v -0.104952 -0.523067 0.334928
v 0.138767 0.051775 0.387945
v -0.459119 -0.562497 -0.018834
v -0.386181 -0.539997 0.010853
v -0.535854 0.752100 -0.309464
v -0.636409 0.499966 0.359409
v -0.316867 -0.519430 0.025897
v -0.712894 0.237550 0.346308
v -0.540055 0.025087 0.306393
v -0.308623 0.714024 -0.051097
v -0.613875 0.297508 0.438670
v -0.570323 0.296597 0.457771
v -0.012904 -0.176824 0.402571
v -0.716793 0.285587 0.358994
v -0.560896 0.564358 0.353245
v -0.587322 0.130465 0.225861
v -0.695932 0.312885 0.387581
v 0.274103 0.097513 -0.342944
v -0.332451 -0.511163 -0.003775
v -0.026589 -0.484309 0.363405
v -0.553377 0.687423 -0.269656
v -0.051860 -0.492234 0.358159
v -0.604254 -0.124882 0.244651
v -0.261157 -0.468797 0.057288
v -0.104499 -0.069704 -0.358668
v -0.066296 -0.475349 0.310325
v -0.021256 -0.462906 0.303624
v 0.017322 -0.147257 0.485798
v -0.702951 0.531500 0.186775
v -0.647240 0.433796 0.398850
v -0.258777 -0.446486 0.257764
v 0.048711 0.014599 0.393723
v -0.550756 -0.077899 0.316587
v -0.213426 0.785024 -0.072514
v -0.511933 0.581745 -0.419590
v -0.265651 -0.431807 0.109457
v -0.015837 -0.419163 0.295085
v 0.060432 -0.440033 0.400866
v -0.447029 -0.032050 -0.278349
v 0.076565 -0.202227 0.500313
v 0.054804 -0.107646 0.511877
v -0.294586 0.705157 -0.022588
v -0.277762 -0.414318 0.133218
v -0.674121 0.242039 0.407453
v -0.322936 -0.399606 0.128774
v -0.259299 -0.363644 0.261162
v -0.601538 0.012483 0.256792
v -0.595603 0.156616 0.219470
v -0.631701 -0.086417 0.204644
v -0.501453 0.098008 0.308232
v -0.316235 -0.375286 0.175562
v -0.285877 -0.390399 0.175795
v 0.143863 -0.413961 0.462237
v 0.168896 -0.426694 0.472551
v -0.664544 -0.067324 0.159465
v -0.536510 0.787733 -0.382234
v -0.541856 0.201596 -0.150908
v -0.637977 0.375030 0.443097
v -0.280258 -0.497507 0.273933
v 0.290691 0.162706 -0.315823
v 0.059750 -0.017475 0.464581
v -0.217898 -0.329578 0.316484
v 0.008016 -0.346219 0.332584
v 0.085634 -0.350842 0.449941
v -0.408774 -0.014966 -0.299486
v -0.584063 0.231605 0.428339
v -0.654134 0.554028 0.271569
v 0.085560 0.027457 0.400913
v -0.535264 0.710863 -0.234095
v -0.529046 0.098795 0.295328
v -0.586407 -0.038808 0.269438
v -0.687818 0.381795 0.350428
v -0.198011 -0.310851 0.337568
v 0.022364 -0.335153 0.358244
v 0.027507 -0.168476 0.492188
v -0.548408 0.264274 -0.171925
v -0.476889 -0.054704 -0.275026
v -0.532896 -0.048125 -0.250943
v -0.633343 0.592398 0.250961
v -0.599783 0.461096 0.423395
v -0.525420 -0.147716 0.313185
v -0.599297 -0.172591 0.221187
v 0.069883 -0.266420 0.476293
v -0.487245 -0.086340 0.354873
v -0.183877 -0.032778 -0.343080
v 0.094542 0.041440 0.382942
v 0.017456 -0.235550 0.410260
v -0.198618 -0.657157 -0.349051
v 0.649342 0.223077 -0.085309
v -0.173635 -0.643605 -0.393693
v -0.204570 -0.613734 -0.318762
v -0.356402 -0.616483 0.125329
v -0.380035 -0.613431 0.160359
v -0.474729 0.828404 -0.662885
v -0.170742 0.835424 -0.160005
v -0.220932 -0.597174 -0.230254
v -0.713729 0.332261 0.329154
v -0.352585 -0.602003 0.121668
v -0.419206 -0.604239 0.207815
v -0.560098 0.863702 -0.577161
v -0.425581 0.834509 -0.743689
v -0.174908 -0.614829 -0.376488
v -0.717138 0.300518 0.004225
v -0.321317 0.696364 -0.084572
v -0.395465 -0.561692 0.209877
v -0.201958 0.345519 -0.158653
v -0.431070 -0.585785 -0.151878
v -0.459406 -0.566079 -0.079253
v -0.300176 -0.564549 0.107762
v -0.417230 -0.574332 0.278456
v -0.091699 0.883162 -0.207407
v -0.036664 -0.008693 -0.360306
v -0.433381 -0.541991 -0.049293
v -0.380374 -0.583084 0.165332
v -0.186170 -0.607922 -0.346281
v -0.414069 -0.535250 -0.024234
v -0.288814 -0.553510 0.122670
v -0.160248 -0.533935 -0.279997
v -0.199350 -0.583002 -0.273574
v -0.426074 -0.556692 -0.103222
v -0.488885 0.552391 -0.329493
v -0.267823 -0.534562 0.088934
v -0.289307 -0.518251 0.171293
v -0.379978 -0.528530 0.278014
v -0.512388 0.843594 -0.628211
v -0.632190 0.418252 -0.100102
v -0.145230 -0.538110 -0.335914
v -0.682692 0.593545 0.166482
v -0.308000 -0.505815 0.238861
v -0.308215 -0.523800 -0.158615
v -0.336692 -0.517282 -0.112516
v -0.594179 0.568307 -0.090160
v -0.691377 0.539201 0.056314
v -0.257091 -0.487633 0.111290
v -0.273559 -0.449445 0.168207
v -0.301284 -0.513820 0.204537
v -0.519199 0.714678 -0.443742
v -0.560161 0.824262 -0.573581
v -0.038733 -0.499240 -0.332250
v -0.092026 -0.512631 -0.305631
v -0.345590 -0.509723 -0.066051
v -0.342113 -0.508063 -0.036075
v -0.518550 0.609636 -0.421348
v -0.274314 -0.477036 0.233376
v -0.035077 -0.482609 -0.304705
v -0.043203 -0.481206 -0.262559
v -0.073200 -0.486181 -0.222334
v 0.559965 0.085182 -0.291857
v 0.777265 -0.297146 -0.082230
v -0.492447 0.610404 -0.562337
v -0.064035 -0.475633 -0.210611
v -0.326093 -0.433239 -0.052683
v -0.250319 -0.453302 0.079092
v -0.482381 0.630270 -0.598347
v -0.511100 0.752554 -0.514915
v -0.502718 0.686595 -0.458831
v -0.157928 0.827189 -0.195152
v -0.561407 0.741316 -0.433369
v 0.008426 0.902971 -0.296076
v -0.005074 -0.429371 -0.379894
v -0.030344 -0.406221 -0.332005
v -0.326423 -0.424562 -0.093126
v -0.328709 -0.422092 -0.040570
v -0.307820 -0.426970 0.004313
v -0.268162 -0.428124 0.057699
v -0.658309 0.456076 -0.046754
v -0.325409 -0.409216 0.013426
v -0.719271 0.392815 0.110592
v -0.517067 0.593001 -0.435565
v -0.684919 0.612291 0.103819
v 0.053355 0.910780 -0.331284
v -0.040897 -0.449759 -0.270183
v -0.060361 -0.408358 -0.228626
v -0.677298 0.444674 0.190321
v -0.711511 0.388829 0.186373
v -0.495236 0.793087 -0.597104
v -0.564000 0.866289 -0.617905
v -0.060585 -0.368494 -0.272972
v -0.687678 0.403724 0.272200
v 0.010169 0.936023 -0.271190
v 0.019440 -0.653179 0.470597
v -0.378958 0.812952 -0.767413
v -0.682902 0.561373 0.017560
v 0.007615 -0.379152 -0.429808
v 0.087065 0.129692 -0.339992
v -0.558889 0.624469 -0.092079
v -0.684537 0.466179 0.290158
v -0.505576 0.606543 -0.497817
v -0.025937 -0.339313 -0.402975
v 0.075555 -0.657021 -0.397091
v -0.544147 0.626611 -0.181581
v -0.456720 0.672281 -0.676321
v -0.046243 -0.324628 -0.344916
v -0.561373 0.479099 -0.152430
v 0.096219 0.975713 -0.355021
v 0.266054 0.196402 -0.304931
v -0.001759 -0.317119 -0.440126
v -0.495855 -0.280355 -0.131519
v -0.532914 -0.271231 -0.094640
v -0.342644 -0.086654 -0.326876
v -0.294284 -0.060337 -0.340122
v -0.517910 0.800740 -0.572233
v -0.569974 0.833396 -0.560269
v -0.508931 -0.263991 -0.164610
v -0.578268 -0.264575 0.081760
v -0.688219 0.414511 -0.029279
v -0.569368 0.790652 -0.478315
v 0.449941 0.179415 -0.286776
v -0.560458 -0.241010 -0.133809
v -0.606082 -0.207584 0.036968
v -0.060274 -0.291069 -0.329016
v -0.601884 -0.220912 -0.065212
v -0.595672 -0.219977 0.099064
v -0.539756 0.575078 -0.188429
v -0.474744 0.686442 -0.598618
v -0.509975 0.643842 -0.386283
v -0.032900 -0.285386 -0.417238
v -0.053671 -0.270702 -0.375378
v -0.077969 -0.201022 -0.382777
v -0.531271 -0.232844 -0.179090
v -0.578167 -0.217535 -0.135679
v -0.546098 0.889585 -0.655409
v -0.588630 0.607399 -0.076663
v -0.622594 0.591821 -0.049512
v -0.484430 0.577281 -0.478823
v -0.256823 0.761854 -0.117396
v -0.598287 -0.195647 -0.100788
v -0.530380 0.600830 -0.347257
v -0.498409 0.650613 -0.465236
v -0.627052 -0.191404 -0.036689
v -0.642872 -0.167669 -0.006321
v -0.637017 -0.178534 0.055569
v -0.650593 -0.152194 0.050252
v -0.638699 -0.168177 0.108067
v -0.534273 0.537284 -0.155962
v -0.063610 -0.201008 -0.409204
v -0.618834 -0.128952 -0.133568
v -0.567328 0.759369 -0.460444
v -0.059107 -0.194595 -0.435248
v -0.627391 -0.143178 -0.060896
v -0.640380 -0.125290 0.136295
v -0.621215 -0.158678 0.168761
v -0.706212 0.561069 0.140563
v -0.700475 0.586975 0.067940
v 0.041334 0.219659 -0.263057
v -0.541712 -0.113532 -0.238832
v -0.573497 -0.135385 -0.191677
v -0.584093 -0.152313 -0.164903
v -0.637566 -0.119751 -0.094774
v -0.647306 -0.125010 -0.010847
v -0.076123 -0.125014 -0.371142
v -0.361748 0.214933 -0.246272
v -0.654015 -0.110486 0.057874
v -0.637234 0.522527 -0.020026
v -0.706298 0.509647 0.079118
v -0.650870 0.613165 0.009220
v 0.061430 0.982640 -0.297359
v -0.062648 -0.136052 -0.417625
v -0.366413 -0.641564 0.396520
v 0.241626 0.236162 -0.268083
v -0.590106 -0.081300 -0.176298
v 0.480591 0.246462 -0.236135
v -0.517354 0.674859 -0.370498
v -0.040468 -0.133460 -0.452117
v -0.055940 -0.081141 -0.375623
v -0.093205 -0.097328 -0.359689
v 0.184446 0.271408 -0.243724
v -0.209019 0.792579 -0.165213
v -0.472699 0.743748 -0.618900
v -0.521326 0.634000 -0.295667
v -0.738266 0.332677 0.132227
v -0.010737 -0.130384 -0.494599
v -0.027402 -0.069409 -0.437250
v -0.646282 0.151351 0.038686
v -0.636689 -0.084807 -0.115363
v -0.670194 -0.082086 -0.040204
v -0.680376 -0.067913 0.098935
v -0.548238 0.181618 -0.142358
v -0.681790 -0.066852 0.023832
v -0.677261 -0.001484 0.134837
v -0.678219 0.453282 0.028537
v -0.673198 0.510721 0.036471
v -0.507674 0.524823 -0.192268
v -0.273567 0.325785 -0.172728
v -0.109735 -0.554331 -0.388415
v 0.626331 -0.010543 -0.292347
v 0.335599 0.189905 -0.316986
v 0.289292 0.324756 -0.182465
v 0.370191 0.246925 -0.272035
v 0.685373 -0.075349 -0.277715
v 0.349908 0.341067 -0.171010
v 0.120599 0.096719 -0.346772
v -0.053432 -0.652539 -0.430047
v 0.146425 0.181246 -0.299782
v 0.107908 0.234596 -0.266810
v 0.564728 -0.131266 -0.362659
v 0.540682 0.259294 -0.180561
v -0.033575 0.242444 -0.241501
v -0.056539 0.150935 -0.299608
v 0.087115 0.996192 -0.321323
v 0.574045 0.194441 -0.210861
v 0.213737 0.182893 -0.323704
v 0.534267 0.205996 -0.238987
v 0.874619 -0.257362 -0.042076
v 0.549525 -0.331484 -0.360525
v -0.045087 0.908478 -0.233030
v 0.126818 0.148524 -0.320129
v 0.019721 0.003959 -0.370600
v 0.659957 0.161131 -0.165778
v 0.384727 -0.022090 -0.424931
v -0.057804 0.201390 -0.283049
v -0.070463 0.854824 -0.255352
v -0.257369 0.158650 -0.301126
v -0.194678 0.183997 -0.280162
v 0.134374 0.978799 -0.382317
v -0.003502 0.175602 -0.290685
v 0.853170 -0.302720 -0.094547
v -0.418738 0.644836 -0.062067
v -0.368513 0.648985 -0.062603
v 0.136186 0.942012 -0.402576
v 0.423395 0.245395 -0.263045
v -0.092285 0.247264 -0.232409
v -0.392869 -0.665086 -0.191486
v -0.353571 0.626567 -0.095147
v 0.048856 -0.010506 -0.445158
v 0.067049 0.196145 -0.294610
v 0.441062 0.112507 -0.306015
v 0.260646 0.056602 -0.349622
v 0.319421 0.046247 -0.348193
v -0.150796 -0.506935 -0.222839
v -0.392911 0.602804 -0.120551
v 0.528466 0.141942 -0.264954
v 0.435648 0.016809 -0.356417
v 0.360920 0.311457 -0.203567
v 0.477565 -0.008153 -0.357007
v 0.047125 -0.540984 -0.400036
v -0.087461 -0.571846 -0.414368
v -0.353019 0.563566 -0.118485
v 0.368893 0.064173 -0.327932
v -0.128078 -0.637115 -0.415932
v -0.384674 0.552612 -0.162475
v -0.033776 -0.520696 -0.377279
v -0.108149 0.155077 -0.310896
v 0.339319 0.012214 -0.412623
v 0.122766 0.312896 -0.159769
v 0.215878 0.327296 -0.195402
v 0.310222 0.237305 -0.286971
v -0.071774 -0.650086 -0.433235
v 0.764403 -0.272130 -0.098886
v -0.060771 -0.569383 -0.418792
v 0.478683 0.078879 -0.333965
v -0.305203 0.517569 -0.111718
v 0.357623 0.281089 -0.245173
v 0.411093 0.292151 -0.225006
v -0.090796 0.202767 -0.281089
v 0.399340 0.184853 -0.303401
v 0.573452 -0.072649 -0.346724
v -0.216140 0.324366 -0.194832
v 0.114128 -0.030258 -0.486708
v 0.141464 0.012232 -0.441337
v -0.052877 0.280617 -0.186942
v 0.865858 -0.368364 -0.129471
v 0.063443 0.023441 -0.363875
v 0.047144 -0.042909 -0.483144
v -0.141136 0.236562 -0.253156
v -0.213637 0.370810 -0.073085
v -0.178389 0.371808 0.011554
v 0.214872 0.052455 -0.360812
v 0.361389 -0.046809 -0.453490
v 0.308215 -0.015724 -0.451140
v -0.109389 -0.531778 -0.355987
v 0.570577 0.014414 -0.317686
v -0.304214 0.447020 -0.129669
v -0.282906 0.406307 -0.142702
v 0.007106 -0.065283 -0.477369
v 0.106188 0.031947 -0.365388
v 0.151430 0.045538 -0.358864
v 0.651764 0.092295 -0.233861
v 0.220722 0.008980 -0.447315
v 0.272353 0.009577 -0.440702
v 0.604042 0.042788 -0.280919
v -0.260297 0.363682 -0.132763
v -0.239348 0.383353 -0.104357
v 0.223541 0.377715 -0.067337
v -0.065159 0.291531 -0.177296
v 0.605045 0.169894 -0.215517
v -0.239705 0.366089 -0.120021
v 0.624970 -0.070172 -0.312031
v 0.100859 0.328579 -0.123875
v 0.426875 0.353802 -0.120381
v 0.523546 0.320803 -0.089732
v -0.271127 0.254704 -0.247879
v 0.007168 0.262084 -0.218406
v 0.164117 0.352543 -0.113588
v 0.225117 0.345865 -0.166509
v 0.922670 -0.382911 -0.066948
v 0.699126 -0.006137 -0.212352
v -0.394030 0.905051 -0.754479
v 0.803389 -0.394905 -0.155125
v 0.526704 -0.059497 -0.361900
v 0.300392 0.384431 -0.083894
v 0.473583 0.308275 -0.163193
v 0.040183 0.269109 -0.218348
v 0.154347 0.080676 -0.358498
v 0.192809 -0.035230 -0.486985
v -0.381682 0.864550 -0.769089
v -0.288601 0.347198 -0.153615
v 0.350192 -0.664106 -0.323903
v 0.294865 -0.663027 -0.342814
v 0.255996 -0.665116 -0.344950
v -0.190760 0.027648 -0.332621
v 0.138941 -0.666992 -0.367166
v 0.413332 -0.642170 -0.339527
v 0.345199 -0.643566 -0.353357
v 0.175425 -0.650274 -0.369798
v 0.295505 -0.632333 -0.366937
v 0.222929 -0.602029 -0.378002
v -0.259841 -0.651532 -0.234082
v 0.549119 -0.628863 -0.118859
v 0.458396 -0.611375 -0.329918
v 0.107046 -0.644354 -0.388095
v -0.536864 -0.298097 0.074361
v -0.146964 -0.618560 -0.400513
v -0.231890 -0.637540 -0.232723
v -0.324375 0.114206 -0.296904
v -0.592569 0.426661 -0.131813
v -0.475047 -0.638031 -0.111671
v 0.561509 -0.609002 -0.141196
v 0.000842 0.776158 -0.287131
v 0.424247 -0.607657 -0.344842
v 0.361217 -0.582169 -0.355277
v 0.342408 -0.621460 -0.359995
v 0.162409 -0.588345 -0.383402
v 0.076429 -0.587756 -0.407786
v -0.485367 -0.349503 0.073021
v -0.361649 -0.583573 -0.180497
v -0.450445 -0.629236 -0.163554
v 0.032157 0.144508 -0.329631
v 0.706482 -0.590007 -0.114453
v 0.612858 -0.576577 -0.148767
v 0.433807 0.066149 -0.342531
v 0.396138 0.034009 -0.346158
v 0.432127 -0.560884 -0.364539
v 0.277753 -0.562285 -0.368372
v 0.223940 -0.565385 -0.377535
v 0.135681 -0.559267 -0.389012
v 0.104448 -0.552441 -0.396387
v -0.004974 -0.577316 -0.415698
v -0.430636 0.242818 -0.193786
v -0.278930 -0.596334 -0.216409
v 0.678683 -0.543142 -0.158732
v -0.071296 -0.607780 0.451094
v 0.499321 -0.559385 -0.337703
v 0.382994 -0.534467 -0.374763
v 0.349679 -0.547784 -0.373721
v 0.161036 -0.561532 -0.383194
v -0.539619 0.229791 0.465679
v -0.035630 0.036152 -0.349421
v -0.088630 0.018602 -0.347682
v 0.745501 -0.538911 -0.138792
v 0.443226 -0.524249 -0.369201
v 0.209301 -0.536278 -0.416446
v 0.004645 -0.520694 -0.383231
v -0.494250 0.432598 -0.180236
v -0.265198 0.731031 -0.137628
v 0.787402 -0.535831 -0.116703
v 0.516974 -0.523587 -0.323459
v 0.267879 -0.524696 -0.416515
v 0.051135 -0.522791 -0.399929
v -0.193110 -0.539786 -0.216722
v -0.239665 -0.485770 -0.191545
v 0.650683 -0.486065 -0.171093
v 0.525417 -0.489742 -0.350111
v 0.360767 -0.503085 -0.402958
v 0.315129 -0.499139 -0.425016
v 0.130755 -0.520364 -0.422534
v -0.016021 -0.497020 -0.356063
v -0.428958 0.038838 -0.275146
v -0.601283 0.158661 0.308406
v -0.193475 -0.505992 -0.210985
v -0.510162 0.072342 -0.232583
v 0.178586 -0.495820 -0.433994
v 0.467542 -0.482261 -0.382729
v 0.380479 -0.453182 -0.427455
v 0.099886 0.859385 -0.358167
v -0.108251 -0.479483 -0.210837
v -0.294262 -0.455507 -0.159816
v 0.749224 -0.471702 -0.174386
v 0.309539 -0.453259 -0.425301
v 0.248687 -0.476610 -0.437977
v 0.006268 -0.466026 -0.383748
v -0.179308 -0.422396 -0.222708
v 0.472854 -0.431165 -0.407323
v 0.092564 -0.460501 -0.443401
v 0.095771 -0.642708 0.471799
v 0.846652 -0.411173 -0.144204
v 0.528506 -0.437964 -0.386463
v 0.312700 -0.411025 -0.445352
v 0.215186 -0.412797 -0.459575
v 0.179077 -0.458094 -0.460835
v 0.137242 -0.446094 -0.458417
v -0.487226 -0.238130 0.291073
v -0.081608 -0.410708 -0.215154
v 0.753639 -0.408114 -0.155016
v 0.229910 -0.362069 -0.482410
v 0.153390 -0.367563 -0.490368
v 0.064173 -0.392445 -0.464858
v 0.694755 -0.433472 -0.164342
v 0.565340 -0.390563 -0.359050
v 0.339720 -0.421785 -0.432557
v -0.571337 0.347560 -0.162863
v -0.617461 0.352780 -0.144468
v 0.486403 -0.378697 -0.397189
v 0.361187 -0.375665 -0.431037
v -0.238303 -0.412061 -0.214546
v -0.322319 0.162455 -0.288761
v -0.586664 -0.253506 -0.012234
v 0.048169 0.085291 -0.352910
v -0.015548 0.100826 -0.347736
v -0.516975 0.508308 -0.170580
v -0.052133 0.109261 -0.333273
v -0.147513 0.058520 -0.329946
v 0.373019 -0.333094 -0.447696
v 0.305935 -0.336135 -0.470495
v 0.261201 -0.353462 -0.476496
v 0.122581 -0.326542 -0.505713
v 0.077927 -0.337816 -0.490329
v -0.271499 -0.320551 0.294738
v -0.127963 -0.385618 -0.222474
v -0.320277 -0.365044 -0.152837
v -0.379797 -0.372960 -0.112454
v -0.268908 0.113614 -0.307233
v -0.481562 0.285276 -0.191294
v -0.356669 0.033812 -0.304285
v -0.398877 0.081560 -0.292699
v 0.442432 -0.330897 -0.425240
v 0.264123 -0.315193 -0.471423
v 0.179593 -0.303381 -0.487351
v 0.046996 -0.339181 -0.475099
v -0.075278 0.793318 -0.267008
v -0.230000 -0.334809 -0.241411
v -0.288997 -0.361495 -0.196513
v -0.361755 -0.363131 -0.138611
v -0.429669 -0.347039 -0.130411
v -0.485350 0.219187 -0.180972
v -0.384465 0.134760 -0.274856
v -0.074664 -0.362412 -0.241056
v -0.114350 -0.334651 -0.249470
v -0.184335 -0.351035 -0.244119
v -0.305889 -0.342577 -0.179908
v -0.020712 -0.651159 0.466850
v 0.523174 -0.292626 -0.399843
v 0.400001 -0.293478 -0.432776
v 0.341295 -0.293156 -0.453547
v -0.332047 -0.313428 -0.205087
v -0.356915 0.425417 -0.171400
v 0.369727 -0.259298 -0.461855
v 0.233309 -0.287935 -0.486476
v 0.161951 -0.264698 -0.510781
v 0.057847 -0.276438 -0.510127
v -0.085399 -0.311401 -0.266766
v -0.277851 -0.319829 -0.214449
v -0.389107 -0.313200 -0.190038
v -0.452643 -0.301255 -0.154307
v -0.166027 0.133489 -0.314552
v -0.436170 0.193584 -0.219210
v 0.565883 -0.236133 -0.370687
v 0.407456 -0.257926 -0.446203
v 0.216375 -0.251117 -0.492340
v 0.184016 -0.255385 -0.504085
v -0.392517 0.262180 -0.194026
v -0.311474 -0.641628 0.410835
v -0.298353 0.584434 -0.121086
v -0.455552 0.369854 -0.198001
v 0.453182 -0.272069 -0.431501
v 0.263815 -0.283643 -0.474518
v -0.013748 -0.240902 -0.477638
v -0.177763 -0.261559 -0.290603
v -0.255166 -0.286899 -0.248347
v -0.330648 -0.255056 -0.274972
v -0.368488 -0.279976 -0.250898
v -0.635213 0.257744 0.436533
v -0.542752 0.350827 -0.181659
v 0.378363 0.121297 -0.319471
v 0.465086 -0.215313 -0.415095
v 0.378909 -0.218823 -0.466504
v 0.072471 -0.231629 -0.521497
v -0.036811 -0.207488 -0.465563
v -0.094472 -0.233258 -0.303606
v -0.270259 -0.240326 -0.272928
v -0.463485 -0.256425 -0.208086
v -0.466009 -0.279468 -0.167715
v 0.421135 -0.181639 -0.439700
v 0.033151 -0.209556 -0.512852
v -0.488531 -0.236811 -0.210247
v 0.633141 -0.201166 -0.316868
v 0.273014 -0.237979 -0.485875
v 0.123465 -0.221852 -0.519460
v 0.133271 -0.190876 -0.514321
v 0.184326 0.822059 -0.390622
v -0.123414 -0.249713 -0.284606
v -0.455174 -0.210789 -0.262998
v -0.165690 0.729087 -0.217247
v -0.130511 0.691367 -0.225223
v 0.319601 -0.172616 -0.474026
v 0.209862 -0.205113 -0.506127
v -0.218673 -0.225393 -0.282660
v -0.426374 -0.220767 -0.275502
v 0.012171 -0.653422 -0.412575
v 0.649534 -0.165119 -0.302455
v 0.524705 -0.180207 -0.384498
v -0.445225 0.643664 -0.652381
v -0.101882 -0.184331 -0.308493
v -0.168464 -0.191811 -0.304912
v -0.239074 -0.205521 -0.294068
v -0.317267 -0.200176 -0.307430
v -0.499960 -0.188097 -0.241074
v -0.513287 -0.208445 -0.207889
v -0.246878 0.685040 -0.163717
v -0.087158 0.118879 -0.315487
v -0.094537 -0.160951 -0.339250
v -0.317984 -0.152532 -0.328712
v -0.371963 -0.174649 -0.304692
v 0.170175 0.890180 -0.421579
v -0.279052 0.545193 -0.109162
v -0.578204 -0.218107 0.175179
v 0.376876 -0.158982 -0.459974
v 0.281990 -0.130617 -0.496161
v 0.226226 -0.163979 -0.507413
v 0.192655 -0.137811 -0.509303
v -0.287869 0.055475 -0.332389
v -0.145361 -0.124531 -0.328841
v -0.498657 -0.138184 -0.268281
v 0.616634 -0.139927 -0.315466
v 0.099967 -0.135139 -0.524710
v 0.042352 -0.123189 -0.515351
v -0.188374 -0.121422 -0.326807
v -0.246387 -0.152320 -0.324012
v -0.422506 -0.126184 -0.302858
v -0.421441 0.100866 -0.266078
v -0.431804 0.463819 -0.184329
v 0.477744 -0.114138 -0.408010
v 0.311308 -0.112758 -0.476407
v 0.245675 -0.118230 -0.506440
v 0.187788 -0.115265 -0.513014
v -0.105082 -0.107986 -0.340466
v -0.317004 0.615853 -0.116359
v 0.172166 0.931477 -0.420829
v -0.185821 0.600596 -0.156947
v 0.402321 -0.081791 -0.437869
v -0.159138 -0.087582 -0.330457
v -0.214196 -0.098390 -0.335657
v -0.270012 -0.112030 -0.331776
v -0.216955 0.665315 -0.181577
v 0.335740 -0.088372 -0.462841
v 0.267046 -0.079432 -0.486493
v 0.129175 -0.079341 -0.515429
v -0.045710 -0.670602 -0.414583
v -0.107744 -0.666562 -0.431605
v -0.003991 -0.669931 -0.383499
v 0.430014 -0.658991 -0.306887
v -0.152993 -0.664984 -0.408606
v -0.121664 -0.669733 -0.418088
v -0.076958 -0.668269 -0.326980
v 0.087206 -0.669656 -0.367162
v 0.176802 -0.667310 -0.352461
v -0.182212 -0.661659 -0.381129
v 0.215549 -0.662175 -0.291610
v 0.309860 -0.660565 -0.275252
v 0.464850 -0.655542 -0.269404
v -0.183836 -0.669846 -0.348510
v 0.048188 -0.665298 -0.320753
v 0.405881 -0.662343 -0.242583
v 0.135458 -0.662179 -0.304448
v -0.013962 -0.667151 -0.328531
v 0.423360 -0.662518 -0.206306
v -0.225815 -0.664571 -0.262202
v -0.052777 -0.618801 -0.280266
v -0.003414 -0.614077 -0.288569
v 0.291944 -0.623365 -0.255956
v 0.354352 -0.617304 -0.228133
v -0.093213 -0.653939 -0.289962
v 0.070364 -0.614925 -0.280453
v 0.180104 -0.616193 -0.266761
v -0.576719 0.205365 0.411273
v 0.121961 -0.611295 -0.244574
v 0.366042 -0.616838 -0.182356
v 0.360706 -0.658058 -0.126200
v -0.091928 -0.619832 -0.249855
v 0.281230 -0.608248 -0.236287
v 0.519053 -0.655605 -0.114229
v -0.210347 -0.669663 -0.229440
v -0.154690 -0.663482 -0.202533
v -0.063925 -0.614460 -0.247309
v 0.328252 -0.609975 -0.147150
v 0.564940 -0.643837 -0.090846
v 0.638047 -0.614720 -0.110663
v 0.638574 -0.630280 -0.079283
v -0.311997 -0.663895 -0.224066
v -0.266690 -0.666675 -0.231090
v -0.273258 -0.670832 -0.195365
v -0.130886 -0.664967 -0.267613
v 0.023068 -0.616394 -0.194901
v 0.203290 -0.609747 -0.230392
v 0.382273 -0.664194 -0.075105
v 0.467604 -0.662552 -0.082270
v 0.547979 -0.655333 -0.071938
v -0.340026 -0.667908 -0.214183
v -0.123473 -0.617632 -0.173911
v 0.514706 -0.660979 -0.051540
v 0.549408 -0.661789 0.001717
v 0.609086 -0.652872 -0.030431
v -0.140167 -0.641030 -0.176832
v 0.032801 -0.617787 -0.108793
v 0.440360 -0.654127 -0.060277
v 0.467240 -0.641532 -0.054898
v -0.168630 -0.666827 -0.150192
v -0.110314 -0.618130 -0.152151
v -0.068690 -0.617615 -0.104556
v 0.362264 -0.660103 -0.034383
v 0.392909 -0.642594 -0.047979
v 0.494282 -0.639111 -0.028936
v -0.357487 -0.671489 -0.154664
v -0.143876 -0.661356 -0.118979
v 0.265306 -0.612572 -0.072825
v 0.290457 -0.623477 -0.070075
v 0.311762 -0.658372 -0.056384
v 0.338711 -0.664674 -0.020540
v 0.376113 -0.639369 -0.034147
v 0.518146 -0.643307 0.003620
v 0.612114 -0.655069 0.055743
v 0.667834 -0.644356 0.026096
v 0.723543 -0.612157 -0.048788
v -0.431502 -0.666752 -0.172629
v -0.152905 -0.669881 -0.063211
v -0.051701 -0.618150 -0.077385
v 0.110131 -0.615132 -0.134249
v 0.531225 -0.637984 0.037326
v -0.430240 -0.358678 0.145966
v -0.235461 -0.669040 -0.087649
v -0.079877 -0.617796 -0.106098
v 0.166126 -0.617011 -0.009395
v 0.250899 -0.616436 0.000389
v 0.347692 -0.664472 0.016429
v 0.562867 -0.658012 0.056286
v -0.292627 -0.669863 -0.090416
v -0.103458 -0.668164 -0.046129
v 0.332514 -0.664780 0.045452
v 0.801384 -0.578095 0.052973
v -0.460918 -0.667711 -0.123874
v -0.417389 -0.671236 -0.083628
v -0.207333 -0.669091 -0.033320
v -0.092032 -0.667572 -0.043805
v -0.011070 -0.620792 -0.010236
v 0.293301 -0.659369 0.014528
v 0.350029 -0.668086 0.047199
v 0.524594 -0.639299 0.082169
v 0.561575 -0.651552 0.134053
v 0.635093 -0.636539 0.118763
v -0.483970 -0.661111 -0.097664
v 0.043410 -0.620027 0.022195
v 0.373391 -0.658261 0.095563
v 0.497084 -0.641345 0.110380
v 0.541412 -0.656752 0.100619
v 0.726052 -0.609718 0.091374
v -0.498591 -0.647275 -0.084221
v -0.469410 -0.665761 -0.015042
v -0.247321 -0.669185 -0.017999
v -0.114106 -0.668259 0.003337
v -0.047534 -0.665938 0.021356
v 0.110948 -0.618114 -0.007178
v 0.291760 -0.653563 0.078830
v 0.487933 -0.657626 0.142998
v 0.753477 -0.581361 0.149856
v -0.351587 -0.669620 -0.027196
v -0.196993 -0.644926 -0.007617
v -0.164813 -0.646198 0.000542
v -0.135272 -0.639367 0.019949
v -0.082803 -0.666729 0.045486
v 0.446045 -0.660009 0.137299
v -0.483750 -0.664695 -0.058756
v -0.287075 -0.669656 0.005694
v -0.254786 -0.654608 0.010873
v -0.234618 -0.642808 0.000026
v -0.081228 -0.666198 0.079581
v 0.251533 -0.617171 0.067010
v 0.324244 -0.655241 0.131306
v 0.362482 -0.661943 0.118919
v 0.401993 -0.656642 0.110954
v -0.500087 -0.645012 -0.018089
v -0.280192 -0.669552 0.037109
v -0.100477 -0.640953 0.057067
v 0.427548 -0.658467 0.140098
v 0.831632 -0.547387 0.125295
v -0.442308 0.164938 0.315940
v -0.415690 -0.663138 0.061999
v -0.287367 -0.669165 0.053734
v -0.032515 -0.661329 0.089591
v 0.001245 -0.624136 0.072976
v 0.521643 -0.650802 0.191042
v 0.611714 -0.612471 0.188160
v 0.643800 -0.615271 0.170177
v 0.806789 -0.526437 0.194010
v -0.467463 -0.654265 0.025061
v 0.018178 -0.621745 0.141621
v 0.269523 -0.616750 0.114187
v 0.310605 -0.612957 0.169369
v 0.409686 -0.654280 0.203316
v 0.721839 -0.584608 0.178745
v -0.389841 -0.306759 0.273561
v -0.293678 -0.675522 0.097399
v -0.102384 -0.647273 0.112067
v -0.074134 -0.666653 0.136515
v 0.428938 -0.655662 0.211956
v 0.639907 -0.582651 0.206854
v -0.377590 -0.664387 0.104919
v -0.352055 -0.667331 0.098232
v -0.306156 -0.669460 0.093150
v -0.110455 -0.650373 0.167038
v -0.021614 -0.625785 0.132074
v 0.486806 -0.653763 0.233990
v 0.597502 -0.590239 0.230985
v 0.701233 -0.558701 0.223932
v 0.094349 -0.618909 0.142959
v 0.418011 -0.649262 0.242725
v 0.445408 -0.657521 0.274301
v -0.691901 0.204037 0.267394
v -0.329733 -0.384399 -0.117063
v -0.294641 -0.667693 0.135764
v -0.286929 -0.672746 0.114402
v -0.125076 -0.649119 0.167569
v -0.045212 -0.650706 0.163573
v 0.377824 -0.610489 0.227615
v -0.098634 -0.644200 0.404500
v -0.654024 0.181389 0.365007
v -0.386947 -0.655032 0.134152
v -0.381303 -0.662742 0.156202
v -0.185420 -0.666447 0.189381
v -0.174407 -0.666182 0.192087
v 0.387716 -0.622695 0.269057
v 0.390616 -0.655596 0.292555
v 0.494900 -0.652308 0.287593
v -0.493138 0.567679 -0.374747
v -0.683407 0.192449 0.334225
v -0.405017 -0.651649 0.149567
v -0.260333 -0.667597 0.186958
v -0.167671 -0.661566 0.221150
v -0.039450 -0.623635 0.209179
v 0.142277 -0.611241 0.275091
v 0.241326 -0.605742 0.305110
v 0.357893 -0.605522 0.267143
v 0.343757 -0.654950 0.307663
v 0.363541 -0.657338 0.314216
v -0.556652 0.137978 0.274939
v -0.379883 -0.337078 0.230958
v -0.419603 -0.356005 -0.113448
v -0.411977 -0.651399 0.166960
v -0.420772 -0.656227 0.214434
v -0.208895 -0.658657 0.242922
v -0.125652 -0.662859 0.197895
v 0.004738 -0.610146 0.315394
v 0.086730 -0.613422 0.254624
v 0.213730 -0.613250 0.216580
v -0.264958 -0.273306 0.322495
v -0.551205 -0.243206 0.201835
v -0.357548 -0.392037 -0.044016
v -0.273604 -0.661411 0.202431
v 0.301535 -0.607793 0.251524
v 0.328307 -0.604169 0.279732
v 0.394080 -0.658347 0.364092
v 0.470549 -0.649929 0.351036
v -0.527225 0.140494 0.307549
v -0.451691 -0.369982 -0.012496
v -0.259174 -0.657425 0.382441
v -0.089858 -0.655638 0.270632
v -0.059331 -0.625905 0.257125
v -0.045879 -0.618110 0.266537
v 0.280134 -0.655336 0.332516
v -0.545626 0.204610 0.442910
v -0.651645 0.192221 0.186363
v -0.371260 -0.397512 0.006555
v -0.318485 -0.660182 0.266431
v -0.175925 -0.657793 0.346801
v -0.023722 -0.613893 0.293577
v 0.205032 -0.654730 0.352287
v 0.324463 -0.658080 0.379767
v -0.513284 -0.308085 -0.074821
v 0.220284 -0.658266 0.404086
v 0.397731 -0.641951 0.391987
v -0.495602 0.572442 -0.426196
v -0.663550 0.181683 0.277282
v -0.476491 -0.342860 -0.057316
v -0.334711 -0.409896 0.058126
v -0.089628 -0.659550 0.303617
v -0.073678 -0.661021 0.305621
v 0.082133 -0.607376 0.328784
v 0.104727 -0.606331 0.332554
v 0.128036 -0.604477 0.335579
v 0.117221 -0.655622 0.375867
v 0.268238 -0.657201 0.396169
v 0.315355 -0.643360 0.405349
v 0.356212 -0.604360 0.398009
v -0.622148 0.202085 0.412909
v -0.588790 0.168988 0.381297
v -0.483004 -0.354866 0.012464
v -0.404249 -0.660235 0.279175
v -0.032913 -0.658548 0.348445
v -0.004835 -0.656282 0.372130
v 0.082901 -0.655941 0.390312
v 0.138553 -0.656698 0.425896
v -0.433235 -0.382438 0.055874
v -0.335619 -0.399807 0.104188
v -0.111747 -0.658899 0.339291
v 0.209139 -0.643372 0.435973
v 0.271934 -0.640279 0.418441
v -0.550356 0.171974 0.400380
v -0.545592 -0.288039 -0.014706
v -0.137929 -0.644136 0.366797
v -0.043542 -0.658139 0.345926
v 0.091842 -0.654159 0.454649
v -0.409448 -0.652269 0.343791
v -0.324270 -0.658525 0.385568
v 0.032841 -0.655877 0.418871
v 0.155428 -0.641041 0.451065
v -0.405941 -0.641770 0.358839
v -0.360265 -0.657408 0.376016
v -0.067516 -0.653993 0.420981
v -0.013067 -0.654619 0.432866
v -0.413071 0.495814 -0.180575
v -0.383449 0.746078 -0.742938
v -0.410671 0.542326 -0.267359
v 0.141908 0.731772 -0.265320
v -0.443790 0.606845 -0.571838
v -0.436229 0.595641 -0.504461
v -0.038520 0.637180 -0.141053
v 0.119414 0.767766 -0.307543
v -0.097305 0.643877 -0.195911
v -0.464533 0.500624 -0.189663
v -0.469454 0.610536 -0.586833
v -0.187394 0.569013 -0.124787
v -0.431209 0.700195 -0.713706
v -0.414485 0.563138 -0.350454
v 0.063416 0.710113 -0.244766
v -0.040044 0.707516 -0.248877
v -0.370622 0.793696 -0.749238
v 0.014050 0.660402 -0.147240
v -0.431099 0.624446 -0.592249
v -0.400162 0.522662 -0.192692
v -0.240779 0.527858 -0.068403
v 0.179142 0.776744 -0.337805
v -0.124153 0.596077 -0.130560
v -0.495450 0.592575 -0.530276
v 0.028296 0.682505 -0.213589
v -0.464806 0.551081 -0.355565
v -0.089675 0.612280 -0.110680
v -0.398501 0.611353 -0.442190
v -0.494151 0.535994 -0.262373
v -0.435236 0.571651 -0.424713
v -0.455918 0.539075 -0.310222
v -0.407510 0.687308 -0.696750
v 0.080835 0.689501 -0.198827
v -0.472199 0.589336 -0.539624
v -0.035019 0.645094 -0.173311
v -0.328618 0.482693 -0.146979
v -0.431826 0.633356 -0.631484
# 1744 vertices, 0 vertices normals

f 748 46 249
f 46 271 739
f 1060 945 985
f 652 685 238
f 1622 1733 900
f 5 835 784
f 1085 729 717
f 645 661 654
f 813 635 11
f 1197 1456 1479
f 962 1035 1003
f 1012 1032 1029
f 46 735 271
f 121 1060 985
f 1539 1206 542
f 234 876 627
f 229 685 652
f 919 1109 926
f 249 46 141
f 748 249 1163
f 271 685 229
f 1169 723 1170
f 1180 249 187
f 1058 690 1055
f 858 647 907
f 739 229 104
f 187 141 118
f 117 719 92
f 249 141 187
f 218 106 145
f 733 644 781
f 1577 1611 1592
f 125 261 128
f 731 726 5
f 690 616 667
f 80 287 859
f 298 724 688
f 634 662 646
f 708 431 318
f 496 331 591
f 727 739 740
f 325 4 1319
f 568 1050 135
f 642 345 693
f 791 174 189
f 174 149 189
f 174 80 149
f 558 382 435
f 141 46 727
f 286 174 791
f 80 437 287
f 654 661 682
f 187 262 705
f 6 740 175
f 1353 1420 1335
f 317 16 765
f 287 737 794
f 821 721 247
f 471 174 286
f 174 45 80
f 80 45 437
f 218 109 106
f 75 190 11
f 724 727 740
f 49 985 660
f 688 740 6
f 1420 1708 1335
f 373 60 56
f 729 190 75
f 704 688 6
f 1720 316 1709
f 1723 1716 1383
f 44 60 65
f 437 384 287
f 1709 1724 610
f 912 962 1061
f 1710 519 600
f 1716 1732 1742
f 1180 187 705
f 298 141 724
f 1265 1308 1282
f 174 471 45
f 33 13 328
f 384 737 287
f 548 1275 1141
f 548 527 537
f 257 274 267
f 118 141 298
f 405 471 286
f 491 237 232
f 397 704 246
f 97 738 123
f 961 1185 578
f 1108 1221 1123
f 636 261 125
f 141 727 724
f 405 286 57
f 961 1724 1709
f 43 44 54
f 32 60 44
f 227 206 232
f 1050 121 135
f 46 739 727
f 276 829 250
f 276 288 829
f 24 32 31
f 484 491 206
f 1728 391 624
f 305 1428 1719
f 548 1175 536
f 527 536 522
f 517 527 522
f 597 1128 586
f 1639 1626 1618
f 13 25 12
f 340 34 737
f 969 1213 1200
f 210 250 745
f 206 227 221
f 227 644 226
f 119 127 107
f 139 171 127
f 350 66 56
f 1719 1716 1730
f 385 96 373
f 1445 1453 1191
f 605 382 621
f 597 621 557
f 271 91 685
f 172 171 139
f 373 96 64
f 246 6 165
f 79 64 83
f 103 139 100
f 103 414 139
f 696 238 685
f 263 276 250
f 216 455 275
f 1466 1474 1460
f 232 206 491
f 354 8 454
f 158 177 168
f 223 195 201
f 210 239 250
f 382 142 435
f 60 373 65
f 947 209 121
f 1711 1729 245
f 136 158 168
f 177 188 195
f 223 210 195
f 223 239 210
f 263 289 276
f 56 66 373
f 293 397 246
f 56 60 32
f 414 461 172
f 502 523 514
f 87 14 120
f 1171 1295 1031
f 188 177 158
f 188 201 195
f 274 281 267
f 281 293 280
f 1010 1011 1012
f 211 223 201
f 290 289 263
f 373 64 65
f 83 96 107
f 32 44 43
f 178 735 748
f 702 316 1720
f 159 188 158
f 211 219 223
f 219 239 223
f 65 55 44
f 1737 1713 1735
f 814 922 1669
f 32 43 31
f 748 735 46
f 735 91 271
f 136 146 158
f 146 159 158
f 188 202 201
f 202 211 201
f 251 250 239
f 251 263 250
f 290 306 289
f 1729 1379 490
f 33 25 13
f 283 263 251
f 283 290 263
f 280 217 304
f 76 89 378
f 389 89 84
f 16 27 765
f 1078 1300 1399
f 259 1091 938
f 219 230 239
f 230 251 239
f 251 260 283
f 306 285 492
f 119 139 127
f 127 171 155
f 171 185 170
f 54 55 74
f 577 1088 106
f 646 683 661
f 1290 1291 1205
f 1643 146 136
f 191 202 188
f 159 191 188
f 260 290 283
f 170 206 221
f 64 79 55
f 106 1088 673
f 560 1712 1726
f 211 220 219
f 219 220 230
f 230 240 251
f 240 260 251
f 237 207 275
f 462 216 207
f 771 754 755
f 259 1319 1091
f 1343 1387 1360
f 183 191 159
f 202 220 211
f 240 291 290
f 260 240 290
f 290 291 306
f 273 280 279
f 87 294 14
f 747 122 746
f 119 107 96
f 87 282 274
f 146 183 159
f 196 202 191
f 320 1681 12
f 274 275 87
f 1239 510 1218
f 120 14 268
f 183 196 191
f 220 202 196
f 241 240 230
f 489 247 721
f 16 17 28
f 1734 1730 1714
f 220 241 230
f 240 252 291
f 47 76 378
f 217 165 304
f 1470 505 1198
f 184 183 146
f 137 184 146
f 196 214 220
f 214 241 220
f 252 240 241
f 291 299 306
f 299 419 285
f 306 299 285
f 55 79 74
f 877 762 871
f 24 25 32
f 707 659 68
f 216 275 207
f 217 293 246
f 12 25 24
f 12 24 23
f 123 122 116
f 17 39 28
f 39 38 28
f 39 50 38
f 50 58 38
f 196 183 184
f 196 197 214
f 241 214 252
f 253 291 252
f 419 299 179
f 1114 1112 1220
f 489 269 247
f 635 813 247
f 17 326 39
f 160 137 422
f 1072 1127 1129
f 1675 1640 1641
f 246 165 217
f 160 184 137
f 242 214 197
f 214 253 252
f 253 307 291
f 291 307 299
f 148 179 299
f 691 1710 1717
f 1594 1602 62
f 1728 624 625
f 85 5 784
f 269 635 247
f 84 89 76
f 985 945 660
f 197 196 184
f 160 197 184
f 433 635 269
f 1034 1022 1023
f 118 298 719
f 130 161 422
f 422 161 160
f 48 148 299
f 96 100 119
f 1721 1737 1735
f 852 81 112
f 307 300 299
f 435 569 109
f 59 50 39
f 21 59 39
f 59 70 50
f 50 70 81
f 70 93 81
f 852 112 130
f 214 254 253
f 635 433 180
f 1020 1032 1012
f 172 474 171
f 161 192 160
f 160 192 197
f 214 242 254
f 253 295 307
f 307 295 300
f 300 48 299
f 81 93 112
f 197 212 242
f 254 295 253
f 300 295 48
f 44 55 54
f 127 138 114
f 21 18 59
f 780 70 59
f 151 161 130
f 212 197 192
f 255 254 242
f 254 284 295
f 295 301 48
f 509 522 513
f 56 32 25
f 112 131 130
f 161 151 192
f 212 203 242
f 203 255 242
f 284 254 255
f 301 295 284
f 301 148 48
f 238 696 148
f 282 120 297
f 180 98 11
f 581 559 617
f 780 805 70
f 70 88 93
f 131 151 130
f 329 180 433
f 337 156 412
f 131 112 93
f 192 193 212
f 193 203 212
f 238 148 301
f 921 798 931
f 182 63 639
f 774 805 780
f 193 192 151
f 224 255 203
f 64 96 83
f 543 520 353
f 152 151 131
f 152 162 151
f 162 193 151
f 277 255 224
f 277 284 255
f 264 301 284
f 302 238 301
f 23 24 31
f 1718 1744 1726
f 99 93 88
f 99 131 93
f 99 152 131
f 193 198 203
f 277 264 284
f 264 302 301
f 282 297 274
f 2 228 75
f 98 2 75
f 739 104 175
f 731 5 69
f 816 70 805
f 816 88 70
f 213 224 203
f 738 97 389
f 65 64 55
f 185 206 170
f 893 896 877
f 257 232 237
f 816 99 88
f 152 147 162
f 162 198 193
f 198 213 203
f 558 622 425
f 320 12 23
f 740 739 175
f 1011 1010 989
f 124 152 99
f 792 162 147
f 1717 1708 1420
f 224 215 277
f 277 292 264
f 1218 510 1512
f 87 120 282
f 237 274 257
f 75 228 744
f 128 261 642
f 984 989 1296
f 187 118 15
f 654 682 698
f 124 147 152
f 215 231 277
f 231 265 277
f 265 292 277
f 264 173 302
f 572 561 1175
f 92 704 105
f 14 294 420
f 623 1391 1718
f 943 944 946
f 724 740 688
f 213 215 224
f 292 173 264
f 238 173 652
f 893 902 896
f 1039 1081 1073
f 99 842 124
f 719 298 704
f 428 747 619
f 15 672 262
f 1736 1738 691
f 1046 1073 1074
f 474 185 171
f 279 280 304
f 47 378 62
f 187 15 262
f 231 243 265
f 243 292 265
f 414 172 139
f 72 77 717
f 1602 47 62
f 22 30 19
f 30 40 29
f 992 989 984
f 1296 1009 991
f 1 173 292
f 1744 1739 610
f 1681 13 12
f 278 781 256
f 1712 1718 1726
f 705 262 723
f 1723 1722 1732
f 101 483 393
f 1 652 173
f 14 412 268
f 138 127 155
f 597 605 621
f 1732 1722 1740
f 30 41 40
f 53 52 40
f 41 53 40
f 52 53 817
f 1087 26 891
f 1723 1732 1716
f 72 343 77
f 104 652 1
f 207 475 462
f 229 652 104
f 22 35 30
f 35 41 30
f 1380 1368 1340
f 698 682 730
f 266 292 243
f 9 1 292
f 127 114 107
f 382 558 621
f 33 56 25
f 1053 543 695
f 200 1 9
f 200 104 1
f 389 97 89
f 343 411 77
f 157 640 728
f 157 638 716
f 508 1053 695
f 819 163 854
f 781 847 733
f 9 292 266
f 820 194 225
f 298 688 704
f 670 148 696
f 278 9 266
f 1327 1380 1340
f 20 41 35
f 41 36 53
f 15 118 719
f 113 132 819
f 819 169 163
f 194 820 163
f 705 723 1169
f 15 719 117
f 237 275 274
f 116 122 102
f 97 116 379
f 62 1601 1594
f 36 78 53
f 132 169 819
f 194 204 225
f 262 672 723
f 603 610 1724
f 561 579 566
f 20 36 41
f 95 862 843
f 132 154 169
f 163 169 194
f 1725 1742 1732
f 296 9 278
f 517 522 509
f 100 139 119
f 97 379 89
f 20 37 36
f 36 42 78
f 42 832 78
f 78 832 95
f 169 199 194
f 781 278 266
f 133 175 200
f 597 602 1128
f 20 23 37
f 36 37 42
f 421 10 365
f 989 1009 1296
f 113 126 132
f 199 204 194
f 303 9 296
f 303 200 9
f 294 467 420
f 397 105 704
f 42 833 832
f 303 133 200
f 1668 321 1681
f 320 23 20
f 114 126 95
f 154 164 169
f 169 164 199
f 199 205 204
f 204 226 225
f 226 733 225
f 296 256 272
f 1726 1744 610
f 304 133 303
f 79 83 74
f 37 43 42
f 42 43 833
f 82 114 95
f 126 114 132
f 164 205 199
f 155 171 170
f 185 484 206
f 89 379 378
f 23 31 37
f 31 43 37
f 74 82 95
f 154 155 164
f 164 170 205
f 221 204 205
f 644 272 256
f 279 303 296
f 6 175 133
f 280 293 217
f 297 281 274
f 43 54 833
f 132 138 154
f 644 256 781
f 279 296 272
f 304 303 279
f 435 142 569
f 54 74 833
f 83 114 82
f 155 154 138
f 272 273 279
f 165 133 304
f 165 6 133
f 83 82 74
f 132 114 138
f 164 155 170
f 170 221 205
f 221 227 226
f 204 221 226
f 83 107 114
f 1681 321 13
f 84 76 351
f 463 590 447
f 380 346 487
f 495 375 341
f 498 207 237
f 321 328 13
f 268 105 120
f 1402 1395 1359
f 102 388 378
f 1540 1533 1493
f 373 377 385
f 360 351 1582
f 527 548 536
f 328 350 33
f 47 1582 351
f 476 493 440
f 475 484 461
f 501 505 1470
f 1456 1197 1203
f 456 461 434
f 1202 1116 1119
f 967 929 1731
f 172 461 474
f 45 438 437
f 438 372 437
f 323 370 357
f 427 476 426
f 522 536 532
f 1425 804 1045
f 352 438 45
f 471 352 45
f 384 437 372
f 395 410 394
f 376 337 467
f 379 116 102
f 366 395 377
f 465 473 57
f 473 405 57
f 404 352 405
f 473 404 405
f 352 338 438
f 428 441 102
f 372 340 384
f 1145 625 581
f 531 1582 1573
f 352 404 338
f 399 368 555
f 388 396 371
f 179 444 497
f 415 439 434
f 407 457 427
f 409 465 381
f 409 473 465
f 409 417 473
f 417 404 473
f 404 400 338
f 438 413 372
f 418 362 429
f 429 355 311
f 362 355 429
f 400 335 338
f 338 335 438
f 335 413 438
f 581 624 559
f 360 368 351
f 421 365 487
f 439 456 434
f 393 483 643
f 84 368 389
f 417 472 404
f 472 400 404
f 372 401 340
f 403 216 493
f 403 408 455
f 413 401 372
f 1448 1452 1460
f 459 487 481
f 10 418 365
f 536 556 532
f 408 460 294
f 456 475 461
f 485 458 453
f 310 323 321
f 458 485 469
f 485 453 430
f 289 361 381
f 1574 289 381
f 361 409 381
f 361 417 409
f 448 401 413
f 492 289 306
f 385 394 100
f 357 369 356
f 455 408 275
f 120 105 397
f 611 617 666
f 358 417 361
f 417 358 472
f 488 340 401
f 488 68 340
f 1399 1344 1122
f 1282 1326 952
f 475 498 484
f 373 66 377
f 472 470 400
f 335 480 413
f 448 413 480
f 488 401 448
f 442 488 448
f 527 1245 537
f 327 20 35
f 343 72 354
f 611 1145 581
f 361 492 358
f 470 335 400
f 470 480 335
f 480 431 448
f 555 368 360
f 365 380 487
f 472 358 470
f 448 431 442
f 488 345 68
f 327 320 20
f 317 313 330
f 330 17 16
f 341 499 495
f 429 477 436
f 429 436 380
f 588 1375 587
f 1020 1056 1032
f 313 326 330
f 326 17 330
f 449 499 341
f 359 358 492
f 359 470 358
f 336 488 442
f 336 345 488
f 354 311 343
f 440 468 445
f 305 1719 1728
f 315 310 321
f 285 359 492
f 470 482 480
f 374 416 406
f 1249 1229 1250
f 470 359 482
f 442 525 336
f 334 332 321
f 445 439 398
f 482 431 480
f 693 345 336
f 558 435 218
f 228 8 744
f 21 326 313
f 556 561 566
f 365 429 380
f 423 459 481
f 456 468 462
f 419 359 285
f 482 318 431
f 129 693 336
f 449 466 1734
f 72 8 354
f 459 390 421
f 431 339 442
f 339 525 442
f 1369 1395 1394
f 1680 1681 320
f 1738 1721 1710
f 431 708 339
f 656 186 676
f 33 350 56
f 313 1697 21
f 276 289 1574
f 362 418 615
f 374 371 396
f 1383 325 1723
f 216 403 455
f 367 387 395
f 179 497 419
f 497 359 419
f 497 482 359
f 459 421 487
f 683 726 731
f 463 447 458
f 1327 1340 1326
f 428 452 441
f 436 477 354
f 429 311 477
f 493 468 440
f 402 440 445
f 366 66 350
f 901 932 803
f 436 454 349
f 1028 1029 1055
f 322 323 308
f 471 405 352
f 497 444 482
f 218 622 558
f 427 426 416
f 477 311 354
f 1715 1379 1729
f 370 322 1601
f 430 453 460
f 356 367 350
f 469 485 476
f 378 388 371
f 1666 1684 1696
f 376 156 337
f 35 22 758
f 346 349 363
f 377 395 394
f 487 363 481
f 357 370 369
f 402 426 440
f 334 323 357
f 416 426 402
f 1476 1475 1207
f 406 386 374
f 1734 466 604
f 355 643 483
f 441 478 407
f 1486 1470 1198
f 387 402 398
f 207 498 475
f 444 167 318
f 482 444 318
f 474 484 185
f 1725 499 449
f 487 346 363
f 739 271 229
f 481 363 495
f 478 457 407
f 1207 1475 1198
f 1238 1301 1300
f 380 436 346
f 1314 1419 1325
f 478 458 469
f 370 374 369
f 167 666 318
f 395 398 410
f 398 439 415
f 14 420 412
f 1727 1120 500
f 525 129 336
f 370 1601 62
f 1002 1035 712
f 387 406 402
f 386 406 387
f 1245 517 510
f 418 429 365
f 406 416 402
f 624 554 559
f 350 367 366
f 694 679 602
f 8 228 454
f 771 755 758
f 877 896 888
f 423 481 499
f 363 349 342
f 346 436 349
f 21 39 326
f 461 484 474
f 363 342 495
f 933 1718 929
f 245 362 615
f 398 415 410
f 1404 1728 515
f 317 330 16
f 447 364 376
f 619 557 425
f 489 128 392
f 1185 1177 578
f 691 1738 1710
f 296 278 256
f 498 237 491
f 426 476 440
f 344 489 392
f 367 395 366
f 289 492 361
f 502 514 501
f 460 467 294
f 436 354 454
f 484 498 491
f 1175 556 536
f 407 427 416
f 758 1274 327
f 902 901 896
f 273 272 644
f 457 476 427
f 128 554 392
f 624 392 554
f 454 329 349
f 512 1601 322
f 457 478 469
f 453 458 447
f 100 394 103
f 539 392 624
f 539 344 392
f 269 489 344
f 408 294 275
f 379 102 378
f 142 1176 569
f 388 441 407
f 1668 315 321
f 1516 1482 1465
f 332 356 350
f 1712 560 1713
f 1740 1711 390
f 351 368 84
f 1623 787 1606
f 396 388 407
f 798 943 931
f 476 485 493
f 454 228 2
f 328 332 350
f 394 410 103
f 495 342 375
f 1242 1121 1256
f 913 932 901
f 374 386 369
f 483 411 311
f 390 459 423
f 539 479 344
f 344 433 269
f 421 390 10
f 1626 1662 1638
f 454 2 329
f 430 408 403
f 447 590 364
f 479 450 344
f 450 433 344
f 571 603 1724
f 349 347 342
f 447 376 467
f 62 371 370
f 369 386 387
f 462 468 216
f 428 619 452
f 410 415 434
f 414 410 434
f 103 410 414
f 47 351 76
f 510 509 1512
f 478 451 458
f 481 495 499
f 378 371 62
f 374 396 416
f 804 864 1238
f 667 616 508
f 314 320 327
f 493 485 403
f 374 370 371
f 369 387 367
f 1060 209 1061
f 332 328 321
f 443 450 479
f 348 443 479
f 706 92 268
f 267 281 280
f 402 445 398
f 712 965 1002
f 357 356 334
f 311 411 343
f 1257 1314 1313
f 604 539 391
f 323 334 321
f 369 367 356
f 458 451 463
f 1245 527 517
f 434 461 414
f 452 478 441
f 447 460 453
f 452 451 478
f 522 532 513
f 479 466 348
f 342 443 348
f 98 329 2
f 445 456 439
f 236 227 257
f 466 479 604
f 347 450 443
f 342 347 443
f 329 433 450
f 347 329 450
f 499 1725 423
f 334 356 332
f 399 738 389
f 467 337 420
f 399 389 368
f 557 694 602
f 569 577 109
f 900 1738 1736
f 102 441 388
f 532 526 513
f 360 1582 531
f 466 341 348
f 670 444 179
f 460 447 467
f 311 355 483
f 375 348 341
f 375 342 348
f 180 329 98
f 314 1694 320
f 387 398 395
f 294 87 275
f 445 468 456
f 468 493 216
f 457 469 476
f 175 104 200
f 322 370 323
f 1513 1216 1102
f 466 449 341
f 349 329 347
f 66 366 377
f 377 394 385
f 420 337 412
f 273 267 280
f 1391 1744 1718
f 403 485 430
f 697 411 101
f 396 407 416
f 430 460 408
f 1021 1020 1013
f 1032 1056 1058
f 1735 235 519
f 1062 691 1717
f 1477 1218 1512
f 496 568 135
f 1740 423 1725
f 1013 1012 1011
f 1735 150 235
f 648 657 567
f 1288 573 551
f 1664 1689 1678
f 947 954 953
f 808 907 1022
f 560 150 1735
f 834 718 1059
f 872 878 893
f 878 884 893
f 882 121 985
f 1403 521 1379
f 876 851 958
f 777 703 966
f 506 511 1449
f 793 796 876
f 530 529 523
f 551 550 545
f 1033 962 1003
f 1733 1669 1737
f 521 643 355
f 1005 789 813
f 1314 1257 1419
f 521 355 490
f 1192 506 1440
f 67 618 383
f 383 725 67
f 1021 828 1020
f 828 834 1020
f 1665 1679 1657
f 1578 1599 1577
f 543 609 520
f 1237 1298 1142
f 546 1288 551
f 822 824 815
f 560 1735 1713
f 1147 1156 1183
f 150 654 698
f 621 558 557
f 545 544 533
f 891 1238 1237
f 581 625 624
f 1715 1711 1722
f 585 703 808
f 1428 1716 1719
f 1035 1002 1003
f 1300 1301 1399
f 1654 1673 1692
f 1019 1029 1028
f 580 135 882
f 135 121 882
f 690 667 658
f 572 1175 1141
f 1180 1070 1067
f 947 121 1050
f 1584 1663 1627
f 909 886 910
f 1125 1039 1046
f 1194 1189 1445
f 1389 606 598
f 580 583 631
f 446 626 1389
f 600 596 1120
f 578 571 1724
f 557 558 425
f 575 593 574
f 1033 1061 962
f 67 596 618
f 1351 317 1038
f 150 601 654
f 561 572 579
f 615 418 10
f 308 323 310
f 523 518 514
f 815 944 932
f 534 538 530
f 1061 1033 1060
f 523 529 518
f 600 519 618
f 534 530 524
f 67 639 596
f 560 601 150
f 490 355 362
f 945 143 660
f 695 655 658
f 982 71 699
f 626 1069 142
f 892 895 920
f 1238 1300 1237
f 235 383 618
f 519 235 618
f 1389 626 606
f 545 550 544
f 538 545 533
f 913 815 932
f 140 654 601
f 1612 1630 1586
f 308 512 322
f 1022 949 1023
f 524 530 502
f 511 524 502
f 1099 1094 1427
f 920 895 921
f 1714 1730 1742
f 1729 490 362
f 245 615 10
f 870 867 1456
f 1050 954 947
f 1117 500 1120
f 1010 1012 1029
f 569 61 577
f 576 110 7
f 954 958 953
f 932 944 803
f 544 574 1287
f 845 1658 1236
f 1610 1639 1618
f 610 601 560
f 579 572 671
f 882 985 583
f 1162 515 625
f 1176 61 569
f 1599 1627 1611
f 593 606 613
f 882 583 580
f 593 598 606
f 593 613 605
f 1251 533 544
f 912 1034 1023
f 1727 600 1120
f 1199 511 506
f 446 1069 626
f 839 975 1066
f 587 1375 598
f 1375 1389 598
f 529 533 518
f 618 596 600
f 1199 524 511
f 535 743 629
f 391 539 624
f 1232 524 1199
f 514 518 505
f 943 942 931
f 514 505 501
f 586 593 597
f 578 630 571
f 587 575 573
f 694 557 612
f 593 605 597
f 1398 1244 1047
f 915 902 893
f 1175 561 556
f 597 557 602
f 234 793 876
f 543 1053 609
f 573 563 550
f 613 626 605
f 967 948 922
f 908 923 915
f 667 695 658
f 603 571 140
f 606 626 613
f 1403 1427 521
f 695 353 655
f 902 913 901
f 718 742 508
f 1060 1033 945
f 1105 1095 1024
f 1187 1192 1440
f 506 1449 1440
f 573 550 551
f 538 533 530
f 605 626 382
f 574 562 1287
f 574 593 586
f 1193 1187 1188
f 339 129 525
f 543 353 695
f 601 603 140
f 502 530 523
f 573 575 563
f 1438 1442 1119
f 575 587 598
f 539 604 479
f 1411 1400 1392
f 562 574 586
f 449 1734 1714
f 689 690 658
f 1739 1709 610
f 622 590 463
f 601 610 603
f 550 574 544
f 1246 534 524
f 1056 616 1058
f 209 1034 1061
f 463 451 622
f 425 622 451
f 142 382 626
f 530 533 529
f 550 563 574
f 452 425 451
f 1582 47 333
f 129 339 564
f 598 593 575
f 563 575 574
f 834 1056 1020
f 1411 1425 1400
f 719 704 92
f 619 425 452
f 566 579 684
f 531 555 360
f 1020 1012 1013
f 362 245 1729
f 145 364 590
f 612 557 619
f 1573 526 531
f 555 556 565
f 1439 1454 1437
f 1232 1246 524
f 1463 1465 1462
f 559 564 617
f 559 129 564
f 129 559 552
f 150 698 383
f 145 590 622
f 218 145 622
f 510 517 509
f 555 565 399
f 531 556 555
f 218 435 109
f 235 150 383
f 531 532 556
f 556 566 565
f 684 565 566
f 1715 1729 1711
f 515 1131 1404
f 554 552 559
f 1528 513 526
f 526 532 531
f 630 632 645
f 632 650 645
f 1110 596 676
f 38 923 838
f 726 699 835
f 709 399 565
f 608 657 1053
f 765 27 773
f 5 85 69
f 738 399 709
f 744 8 72
f 843 78 95
f 684 710 709
f 38 810 923
f 579 671 684
f 671 710 684
f 709 732 738
f 710 732 709
f 1725 449 1714
f 656 181 186
f 678 710 671
f 331 496 135
f 1083 678 671
f 732 746 123
f 965 712 181
f 678 732 710
f 711 746 732
f 747 428 122
f 628 638 181
f 712 628 181
f 711 678 694
f 678 711 732
f 1367 1373 1356
f 747 746 711
f 686 73 721
f 716 949 647
f 966 585 953
f 679 678 1083
f 711 612 747
f 489 721 128
f 678 679 694
f 694 612 711
f 721 73 125
f 979 980 1432
f 1035 949 628
f 612 619 747
f 288 276 1574
f 926 925 919
f 707 636 659
f 63 85 656
f 707 68 345
f 682 661 731
f 63 656 676
f 176 110 576
f 1145 1146 741
f 1053 508 608
f 700 167 670
f 650 661 645
f 716 647 641
f 640 166 108
f 638 628 716
f 1146 611 687
f 571 645 140
f 659 166 34
f 638 157 715
f 687 167 700
f 715 728 73
f 664 115 486
f 683 879 699
f 1146 700 720
f 167 444 670
f 68 659 34
f 641 858 759
f 1035 628 712
f 1022 907 949
f 741 1146 720
f 173 238 302
f 166 641 794
f 592 1022 209
f 666 167 687
f 853 866 124
f 157 716 640
f 717 77 692
f 778 895 782
f 636 108 659
f 698 730 725
f 257 227 232
f 684 709 565
f 1727 500 1708
f 27 903 773
f 725 730 182
f 708 318 666
f 642 707 345
f 634 650 632
f 821 686 721
f 73 636 125
f 700 1146 687
f 69 63 182
f 947 953 209
f 735 720 91
f 181 638 186
f 611 666 687
f 581 617 611
f 953 585 592
f 101 411 483
f 63 676 639
f 391 1728 604
f 508 695 667
f 741 735 7
f 683 699 726
f 166 794 737
f 592 808 1022
f 953 592 209
f 628 949 716
f 617 564 708
f 720 700 696
f 34 166 737
f 640 641 166
f 91 720 696
f 34 340 68
f 140 645 654
f 908 838 923
f 741 720 735
f 7 735 178
f 145 106 673
f 145 51 364
f 638 715 186
f 700 670 696
f 1717 1710 1727
f 610 560 1726
f 789 686 821
f 730 69 182
f 1094 393 643
f 69 85 63
f 51 376 364
f 728 640 108
f 848 486 115
f 634 646 650
f 728 715 157
f 145 722 51
f 1050 627 954
f 803 944 943
f 673 722 145
f 110 741 7
f 128 721 125
f 716 641 640
f 636 728 108
f 571 630 645
f 1107 1123 1159
f 717 744 72
f 186 1097 676
f 639 676 596
f 685 91 696
f 156 376 51
f 690 689 1055
f 673 868 713
f 412 649 268
f 186 715 1097
f 1007 922 814
f 673 1088 868
f 673 713 722
f 661 683 731
f 641 647 858
f 662 651 646
f 726 835 5
f 108 166 659
f 73 728 636
f 3 156 51
f 982 699 879
f 51 94 3
f 3 649 156
f 1145 741 110
f 397 293 297
f 397 297 120
f 128 642 693
f 666 617 708
f 261 636 707
f 1717 1420 1243
f 11 635 180
f 515 1728 625
f 208 713 868
f 722 94 51
f 884 915 893
f 273 644 236
f 340 737 384
f 885 1145 110
f 1129 1242 1115
f 1722 1711 1740
f 257 267 236
f 713 701 722
f 701 94 722
f 649 706 268
f 1453 1451 1444
f 609 331 580
f 6 246 704
f 1010 1029 1019
f 208 1170 713
f 1170 701 713
f 3 706 649
f 697 1036 692
f 412 156 649
f 236 644 227
f 1009 1010 1019
f 273 236 267
f 717 729 744
f 520 580 631
f 616 690 1058
f 1163 249 1180
f 117 706 3
f 646 661 650
f 3 94 117
f 226 644 733
f 117 92 706
f 92 105 268
f 725 639 67
f 182 639 725
f 682 731 730
f 1380 1392 1368
f 1003 911 668
f 672 701 723
f 672 94 701
f 672 117 94
f 731 69 730
f 729 75 744
f 1611 1654 1592
f 798 921 783
f 583 985 49
f 1033 1003 668
f 701 1170 723
f 670 179 148
f 693 129 552
f 520 609 580
f 339 708 564
f 733 637 225
f 945 1033 143
f 1033 668 143
f 672 15 117
f 261 707 642
f 989 1010 1009
f 952 1326 957
f 770 27 28
f 956 651 1001
f 1504 1521 1483
f 853 862 866
f 799 52 806
f 58 841 825
f 956 879 651
f 765 773 766
f 646 879 683
f 81 852 841
f 863 210 745
f 879 956 982
f 50 841 58
f 792 854 807
f 840 225 637
f 1738 1733 1721
f 1404 305 1728
f 811 231 215
f 845 1236 791
f 422 852 130
f 1669 922 948
f 961 578 1724
f 810 825 90
f 629 1177 244
f 1319 1208 1723
f 789 883 686
f 784 835 677
f 147 124 866
f 907 647 949
f 820 840 736
f 866 854 792
f 745 250 829
f 1319 259 1208
f 767 774 18
f 792 807 162
f 97 123 116
f 848 800 486
f 848 784 800
f 1038 317 765
f 1711 10 390
f 840 847 811
f 865 781 266
f 950 259 938
f 58 810 38
f 19 30 29
f 324 970 486
f 859 149 80
f 1092 1093 751
f 833 95 832
f 1038 765 766
f 806 52 816
f 799 775 40
f 831 90 830
f 811 847 865
f 822 914 831
f 822 831 830
f 1044 804 26
f 856 818 1418
f 52 817 842
f 95 113 862
f 774 775 801
f 578 1177 630
f 960 755 1330
f 865 243 811
f 840 215 736
f 859 287 794
f 213 198 215
f 1121 1242 1129
f 854 820 807
f 807 820 736
f 1004 1741 1737
f 85 115 656
f 195 210 863
f 124 842 853
f 848 85 784
f 810 58 825
f 914 90 831
f 845 790 1361
f 810 90 914
f 774 780 18
f 736 215 198
f 1361 790 776
f 189 149 837
f 189 837 790
f 168 863 860
f 1634 90 248
f 801 806 805
f 770 838 908
f 115 664 656
f 1400 1368 1392
f 168 860 1281
f 19 1231 754
f 822 830 824
f 1415 1143 1436
f 535 244 880
f 1680 320 1694
f 85 848 115
f 22 19 771
f 1327 1326 1282
f 809 837 859
f 790 837 776
f 863 745 812
f 149 859 837
f 177 863 168
f 842 817 853
f 929 1718 1741
f 801 805 774
f 772 768 1545
f 19 29 775
f 791 790 845
f 791 189 790
f 804 1238 891
f 26 804 891
f 177 195 863
f 1653 1351 1701
f 1560 772 1545
f 772 887 768
f 862 854 866
f 815 913 822
f 507 1418 844
f 771 758 22
f 1206 768 899
f 1072 1129 1227
f 383 698 725
f 847 781 865
f 782 772 756
f 866 792 147
f 1697 18 21
f 837 809 776
f 863 812 860
f 1308 1328 1327
f 1328 1380 1327
f 1282 952 930
f 843 862 853
f 1583 1569 1546
f 1451 1462 1458
f 750 763 753
f 745 829 788
f 266 243 865
f 750 1700 764
f 1727 1710 600
f 892 782 895
f 812 788 850
f 637 847 840
f 878 889 884
f 1730 1734 604
f 767 18 1697
f 756 778 782
f 637 733 847
f 775 799 801
f 766 773 889
f 1380 1393 1392
f 801 799 806
f 889 878 753
f 809 859 785
f 859 794 785
f 820 225 840
f 1236 286 791
f 807 198 162
f 776 796 823
f 1361 776 823
f 766 889 764
f 889 763 764
f 1330 755 754
f 327 35 758
f 889 753 763
f 181 664 965
f 1308 1327 1282
f 1430 1425 1411
f 759 794 641
f 651 879 646
f 567 608 742
f 1299 1717 1243
f 770 903 27
f 1231 19 775
f 1635 1323 1310
f 816 842 99
f 745 788 812
f 761 778 756
f 1710 1721 519
f 826 742 718
f 604 1728 1719
f 325 1382 4
f 846 808 703
f 846 907 808
f 325 1319 1723
f 817 78 843
f 834 828 718
f 826 795 742
f 795 567 742
f 838 770 28
f 786 901 803
f 788 829 849
f 779 778 761
f 802 828 1021
f 828 850 718
f 771 19 754
f 40 52 799
f 817 53 78
f 864 1190 1238
f 846 858 907
f 778 779 783
f 1549 1564 1558
f 853 817 843
f 891 1237 1087
f 809 785 777
f 785 794 759
f 181 656 664
f 816 52 842
f 1714 1742 1725
f 50 81 841
f 807 736 198
f 788 849 826
f 767 1231 775
f 779 786 783
f 783 786 798
f 1127 1119 1116
f 1094 643 1427
f 718 850 826
f 749 973 1299
f 1723 1208 1722
f 840 811 215
f 752 769 779
f 761 752 779
f 803 943 798
f 767 775 774
f 1072 1388 1437
f 826 849 795
f 59 18 780
f 777 846 703
f 29 40 775
f 979 1432 1401
f 828 802 850
f 851 876 796
f 588 587 1084
f 1512 509 1528
f 752 762 769
f 786 803 798
f 787 823 793
f 823 796 793
f 759 846 777
f 846 759 858
f 1005 813 144
f 819 862 113
f 833 74 95
f 769 888 779
f 779 888 786
f 1237 1300 1298
f 860 802 861
f 796 776 851
f 777 851 809
f 785 759 777
f 816 805 806
f 821 813 789
f 827 567 795
f 764 1700 1704
f 888 769 877
f 888 901 786
f 1533 1515 1493
f 860 812 802
f 788 826 850
f 776 809 851
f 821 247 813
f 190 874 144
f 813 190 144
f 862 819 854
f 519 1721 1735
f 802 812 850
f 1205 973 749
f 782 892 772
f 1291 905 1205
f 1156 1147 1139
f 535 222 743
f 880 873 535
f 1181 1133 1113
f 702 516 880
f 516 873 880
f 535 873 222
f 1207 1198 518
f 1740 1725 1732
f 516 702 971
f 456 462 475
f 1001 662 222
f 1741 1712 1713
f 873 904 222
f 222 904 1001
f 623 994 971
f 994 516 971
f 994 1048 516
f 516 1048 873
f 904 956 1001
f 933 994 623
f 1048 955 873
f 873 955 904
f 1164 1140 1101
f 904 917 956
f 933 623 1718
f 994 614 1048
f 1048 614 955
f 955 981 904
f 904 981 917
f 917 982 956
f 614 994 933
f 929 614 933
f 769 762 877
f 614 934 955
f 934 981 955
f 934 71 981
f 981 71 917
f 699 986 835
f 961 1709 316
f 917 71 982
f 71 986 699
f 889 903 884
f 851 777 966
f 753 878 757
f 967 614 929
f 935 934 614
f 567 657 608
f 967 1008 614
f 614 1008 935
f 874 190 890
f 958 851 966
f 1100 987 1068
f 1221 1108 1118
f 1132 1126 1039
f 1073 1086 1074
f 935 582 934
f 934 582 71
f 1130 927 528
f 1344 751 1093
f 1043 1051 1367
f 1043 1052 1051
f 1052 1154 1051
f 1004 948 1731
f 1731 948 967
f 935 916 582
f 582 1017 71
f 71 1017 986
f 1356 996 1367
f 1018 1043 1367
f 109 577 106
f 1356 976 996
f 996 1018 1367
f 1018 1037 1043
f 1052 589 1154
f 916 937 1017
f 582 916 1017
f 1318 1286 963
f 996 1015 1018
f 922 1008 967
f 935 1042 916
f 895 783 921
f 963 968 976
f 1018 1015 1037
f 77 411 692
f 995 1008 922
f 937 677 1017
f 1017 677 986
f 718 508 1059
f 1070 1113 1067
f 1270 963 1286
f 1270 939 963
f 939 968 963
f 968 996 976
f 1044 1052 1043
f 1037 1044 1043
f 411 697 692
f 1008 995 935
f 1042 633 916
f 916 633 937
f 633 677 937
f 1113 1132 1067
f 996 997 1015
f 997 998 1015
f 995 922 1007
f 995 1042 935
f 966 703 585
f 869 881 1202
f 1662 1626 1639
f 948 1004 1669
f 972 997 996
f 968 972 996
f 998 1030 1015
f 1015 1030 1037
f 1052 1044 26
f 26 589 1052
f 1087 589 26
f 1194 1445 1191
f 1221 1112 1089
f 1446 881 869
f 10 1711 245
f 939 940 968
f 1030 1044 1037
f 1628 1641 1603
f 894 1064 881
f 940 972 968
f 1103 883 1426
f 1429 1148 1089
f 1049 995 1007
f 633 734 677
f 677 734 784
f 1163 1180 1174
f 834 1059 1056
f 867 894 881
f 972 990 997
f 998 1400 1030
f 1030 1425 1045
f 596 1110 1120
f 1432 319 1431
f 86 568 496
f 995 1049 1042
f 128 552 554
f 906 1150 894
f 1150 918 1121
f 1270 1256 939
f 541 1125 1046
f 1467 1506 1505
f 1622 900 1007
f 1070 1169 1113
f 870 894 867
f 918 924 1256
f 924 940 939
f 1256 924 939
f 997 990 998
f 998 1368 1400
f 1466 1467 1474
f 1042 1049 633
f 870 897 894
f 897 906 894
f 1534 1565 1522
f 940 957 972
f 972 957 990
f 324 734 633
f 1049 324 633
f 884 908 915
f 924 918 919
f 924 951 940
f 1229 1197 1478
f 813 11 190
f 915 923 902
f 902 923 914
f 258 1049 1007
f 959 974 950
f 1456 898 870
f 957 1340 990
f 990 1340 1368
f 1113 1133 1132
f 1549 1558 1532
f 324 800 734
f 153 234 627
f 861 802 1021
f 938 959 950
f 974 959 1036
f 1203 898 1456
f 898 897 870
f 925 924 919
f 925 951 924
f 951 957 940
f 900 258 1007
f 1577 1592 1564
f 1340 957 1326
f 827 648 567
f 827 1659 648
f 1265 1271 1308
f 1136 1075 1179
f 893 877 871
f 875 898 1203
f 627 568 86
f 951 952 957
f 888 896 901
f 914 913 902
f 1437 1127 1072
f 1736 258 900
f 795 1633 827
f 692 1036 959
f 1249 1109 897
f 951 925 952
f 1156 1155 1071
f 1606 787 153
f 1023 949 1035
f 914 822 913
f 627 1050 568
f 1736 993 258
f 1249 898 875
f 1249 897 898
f 926 930 925
f 930 952 925
f 1023 1035 962
f 1023 962 912
f 1061 1034 912
f 653 1049 258
f 486 800 324
f 1474 1467 1505
f 671 572 1083
f 1140 1077 1101
f 1053 331 609
f 585 808 592
f 1049 653 324
f 515 1162 1153
f 1022 1034 209
f 1085 692 959
f 1733 1737 1721
f 1170 1076 1181
f 490 1379 521
f 1396 1397 1025
f 1736 1062 993
f 653 970 324
f 717 692 1085
f 930 1265 1282
f 1079 974 1036
f 1025 1040 857
f 1040 681 857
f 665 714 681
f 1133 1181 1041
f 1430 804 1425
f 892 887 772
f 691 1062 1736
f 993 653 258
f 889 773 903
f 954 627 958
f 1654 1692 1639
f 890 729 1085
f 244 961 316
f 1059 616 1056
f 1169 1181 1113
f 1082 1111 987
f 1039 1126 975
f 1026 1040 1025
f 958 966 953
f 890 1091 936
f 686 1098 73
f 1045 804 1044
f 729 890 190
f 1692 1662 1639
f 1029 1058 1055
f 836 855 1324
f 1659 591 657
f 1476 1218 1477
f 784 734 800
f 742 608 508
f 209 1060 121
f 1114 1179 599
f 61 1176 1160
f 1100 1132 1133
f 1027 1040 1026
f 1014 993 1062
f 494 653 993
f 494 970 653
f 508 616 1059
f 4 1047 936
f 874 890 936
f 1707 1330 1706
f 1740 390 423
f 331 135 580
f 1266 1309 1321
f 927 1151 528
f 999 1374 983
f 1397 999 1026
f 674 665 681
f 1041 987 1100
f 1024 1074 1105
f 1088 1157 1165
f 1134 1078 1122
f 1062 1299 1014
f 627 876 958
f 903 908 884
f 1146 1145 611
f 1147 1158 1139
f 7 178 576
f 983 988 999
f 999 1000 1027
f 1040 674 681
f 464 665 674
f 669 270 714
f 669 1057 270
f 964 1217 1105
f 576 1164 176
f 1047 874 936
f 1343 977 1371
f 983 1371 977
f 988 1000 999
f 1040 1054 674
f 464 714 665
f 1155 1139 1104
f 494 664 970
f 970 664 486
f 86 153 627
f 1180 705 1070
f 983 977 988
f 1016 1054 1040
f 1027 1016 1040
f 464 669 714
f 1088 1165 208
f 1139 1138 1104
f 1041 1076 1082
f 1107 1159 1158
f 1014 494 993
f 1005 1047 1244
f 1005 874 1047
f 1029 1032 1058
f 909 941 1266
f 1266 941 1309
f 1516 1493 1482
f 1343 1323 977
f 1091 4 936
f 1109 1265 926
f 1183 1156 1071
f 793 234 787
f 494 1014 675
f 918 1256 1121
f 38 838 28
f 1635 1666 1323
f 1000 1006 1027
f 655 464 674
f 655 669 464
f 1151 1136 1179
f 748 1173 1168
f 911 494 675
f 965 664 494
f 787 234 153
f 1005 144 874
f 768 887 899
f 941 909 910
f 941 1607 1309
f 1666 978 977
f 1323 1666 977
f 977 978 988
f 1006 1000 988
f 978 1006 988
f 1027 1006 1016
f 1016 1028 1054
f 620 1057 669
f 905 1291 680
f 668 675 1205
f 1002 494 911
f 1002 965 494
f 651 662 1001
f 1451 1453 1462
f 1635 1671 1666
f 1006 1019 1016
f 689 655 674
f 675 668 911
f 883 1005 1244
f 920 910 899
f 941 942 1607
f 1209 1199 1192
f 978 991 1006
f 991 1009 1006
f 1006 1009 1019
f 1016 1019 1028
f 1028 1055 1054
f 689 674 1054
f 353 620 669
f 424 553 631
f 49 905 680
f 789 1005 883
f 892 899 887
f 892 920 899
f 920 931 910
f 910 931 941
f 931 942 941
f 689 658 655
f 553 520 631
f 49 660 905
f 660 143 905
f 914 923 810
f 920 921 931
f 926 1265 930
f 1666 1696 978
f 1696 991 978
f 1696 1296 991
f 1055 689 1054
f 353 669 655
f 620 353 553
f 583 680 631
f 583 49 680
f 1003 1002 911
f 1730 1716 1742
f 353 520 553
f 1080 1082 1076
f 1155 1297 1071
f 1171 1092 1295
f 630 1177 629
f 607 562 586
f 1614 823 787
f 1087 1142 1104
f 1024 1095 1077
f 1283 1287 562
f 715 73 1097
f 1697 313 1662
f 1118 1106 1220
f 1106 1130 1220
f 894 1150 1064
f 607 1283 562
f 1121 1129 1116
f 1135 1066 1068
f 1176 1069 1065
f 1160 1176 1065
f 897 919 906
f 1330 754 1706
f 1151 1167 1136
f 1088 208 868
f 1170 1181 1169
f 1168 1173 1124
f 1128 928 607
f 1065 1167 1151
f 599 1421 663
f 1123 1089 1148
f 927 1106 1111
f 1165 1080 208
f 1145 1162 625
f 1165 1157 927
f 1151 1160 1065
f 1149 1435 1184
f 1076 1041 1181
f 1080 1165 1111
f 743 634 632
f 1227 1388 1072
f 679 928 1128
f 602 679 1128
f 1077 1172 1024
f 1449 1455 1452
f 1178 1283 607
f 1098 1097 73
f 577 1157 1088
f 1157 577 61
f 208 1076 1170
f 1106 927 1130
f 1114 1151 1179
f 643 521 1427
f 1174 1180 1067
f 927 1157 1160
f 549 1172 1140
f 927 1160 1151
f 178 1168 549
f 1164 549 1140
f 1229 1487 1215
f 548 1141 1175
f 1097 1110 676
f 1084 587 1288
f 1155 1156 1139
f 549 1182 1172
f 1095 1078 1090
f 679 1083 1096
f 928 1178 607
f 686 883 1098
f 1097 1098 1110
f 886 899 910
f 1124 541 1182
f 1112 599 1089
f 1221 1089 1123
f 1176 142 1069
f 1182 541 1024
f 1168 1124 1182
f 1041 1100 1133
f 1173 1125 1124
f 1098 1103 1110
f 1103 1117 1110
f 1110 1117 1120
f 1164 576 549
f 589 1143 1154
f 1150 1121 1064
f 960 1330 1707
f 500 1335 1708
f 1184 1436 1138
f 975 839 1081
f 906 919 1150
f 1064 1121 1116
f 244 1177 1185
f 883 1103 1098
f 1117 1131 500
f 1719 1730 604
f 883 1244 1426
f 1131 1743 500
f 1743 1335 500
f 1039 975 1081
f 1217 1298 1300
f 518 1198 505
f 677 835 986
f 102 122 428
f 1231 767 1613
f 1155 1142 1297
f 1075 1136 1413
f 1184 1424 1436
f 1031 1345 1350
f 1288 587 573
f 1126 1066 975
f 1068 1066 1126
f 1077 1095 1090
f 1081 839 504
f 1217 1300 1095
f 1155 1104 1142
f 1123 1149 1159
f 1095 1105 1217
f 748 1168 178
f 1102 1215 1487
f 1172 1077 1140
f 1453 1463 1462
f 1104 1138 1143
f 547 1031 1350
f 1179 1075 1421
f 1152 1153 1335
f 1112 1114 599
f 1184 1138 1139
f 1163 1174 1173
f 1158 1184 1139
f 1692 1697 1662
f 231 811 243
f 547 1171 1031
f 1221 1118 1220
f 1615 752 1595
f 1063 1171 547
f 535 629 244
f 1149 1184 1159
f 1152 515 1153
f 1186 1063 547
f 1111 1165 927
f 1172 1182 1024
f 504 839 797
f 1162 1161 1153
f 1161 1186 1153
f 1104 1143 589
f 1071 964 1086
f 1065 1069 1167
f 1161 1063 1186
f 1063 1137 1171
f 663 1429 1089
f 1109 919 897
f 1127 1438 1119
f 1161 1166 1063
f 1159 1184 1158
f 705 1169 1070
f 1162 1166 1161
f 1063 1166 1137
f 1166 885 1137
f 432 1171 1137
f 432 1093 1171
f 1093 1092 1171
f 1074 1086 1105
f 541 1074 1024
f 1149 1434 1435
f 960 1707 1702
f 1147 1107 1158
f 1505 1506 1522
f 1227 1129 1115
f 1096 572 1141
f 1091 890 1085
f 1166 1162 1145
f 987 1111 1106
f 1173 1174 1125
f 1100 1068 1132
f 693 552 128
f 987 1135 1068
f 1299 1062 1717
f 1145 885 1166
f 313 1653 1662
f 1067 1039 1125
f 1078 1399 1122
f 1107 1147 309
f 208 1080 1076
f 1082 1080 1111
f 959 938 1091
f 1085 959 1091
f 1157 61 1160
f 4 1398 1047
f 1651 829 288
f 1174 1067 1125
f 1200 1191 1444
f 1096 1178 928
f 1137 233 432
f 1039 1073 1046
f 919 918 1150
f 1096 1141 1178
f 1071 1086 309
f 541 1046 1074
f 576 178 549
f 885 233 1137
f 885 176 233
f 1144 1093 432
f 1122 1344 1093
f 123 738 732
f 1122 1093 1144
f 886 909 1215
f 1107 1108 1123
f 1067 1132 1039
f 1101 1077 1090
f 1095 1300 1078
f 1708 1717 1727
f 110 176 885
f 233 1144 432
f 1134 1122 1144
f 1090 1078 1134
f 1167 1069 446
f 679 1096 928
f 748 1163 1173
f 1101 1144 233
f 1203 1197 1229
f 697 1079 1036
f 586 1128 607
f 599 663 1089
f 1086 964 1105
f 1148 1149 1123
f 1101 1134 1144
f 1116 1129 1127
f 1124 1125 541
f 1478 1487 1229
f 697 101 1079
f 1079 393 974
f 1094 1099 974
f 1041 1082 987
f 176 1101 233
f 572 1096 1083
f 549 1168 1182
f 1132 1068 1126
f 393 1094 974
f 1179 1421 599
f 176 1164 1101
f 1101 1090 1134
f 503 844 818
f 857 681 503
f 844 503 1257
f 319 980 312
f 1216 886 1215
f 270 1324 1345
f 1260 270 1345
f 1402 979 1401
f 27 16 28
f 1152 1335 1743
f 1127 1437 1438
f 1290 1362 855
f 1426 1244 1398
f 1147 1183 309
f 979 507 760
f 1312 1350 1228
f 503 681 1260
f 856 857 503
f 1592 1639 1598
f 1577 1564 1549
f 1381 1418 1387
f 547 134 1186
f 548 1267 1275
f 134 1335 1186
f 507 1313 760
f 1243 749 1299
f 950 974 1099
f 1267 1178 1275
f 1622 1007 814
f 537 1267 548
f 751 1344 1301
f 857 1418 1412
f 1245 1239 537
f 1283 1178 1267
f 1350 1353 134
f 971 1391 623
f 1362 1243 1353
f 510 1239 1245
f 1239 1267 537
f 1373 1367 1051
f 844 1257 1313
f 662 634 743
f 999 1397 1374
f 855 1362 1312
f 1396 1381 1374
f 1397 1396 1374
f 1309 1334 1329
f 983 1374 1371
f 1437 1388 1439
f 1439 969 1444
f 969 1439 1388
f 1119 1442 1441
f 504 1086 1081
f 1030 1400 1425
f 1239 1230 1267
f 1267 1287 1283
f 1362 1353 1312
f 836 1324 270
f 836 1057 620
f 797 1118 1108
f 1353 1335 134
f 1394 1395 1417
f 1239 1218 1230
f 1324 1312 1228
f 1313 1314 1204
f 1204 1325 1295
f 1325 1345 1031
f 1350 134 547
f 1290 1205 749
f 1362 1290 749
f 1412 1418 1381
f 631 1291 424
f 1322 1309 1607
f 1230 1251 1267
f 1251 1287 1267
f 1382 325 1383
f 1271 1265 1109
f 1380 1357 1393
f 856 503 818
f 1362 749 1243
f 1382 1398 4
f 1309 1329 1321
f 1329 1341 1321
f 1346 1075 1375
f 1426 1433 305
f 979 760 980
f 1358 1341 1359
f 1369 1359 1395
f 1218 1476 1230
f 1219 1251 1230
f 1410 751 312
f 1389 1167 446
f 1387 1402 1359
f 1387 1359 1360
f 973 1205 675
f 1389 1413 1167
f 751 1311 1092
f 1410 1311 751
f 1230 1476 1219
f 1219 533 1251
f 1117 1426 1352
f 1419 1260 1345
f 1334 1341 1329
f 1416 1430 1411
f 1659 657 648
f 1413 1136 1167
f 1014 973 675
f 1417 1416 1394
f 668 1205 905
f 1418 857 856
f 1716 1428 1383
f 1259 1271 1109
f 1417 1401 1432
f 1358 1386 1357
f 1358 1357 1320
f 1465 1482 1462
f 1720 1391 971
f 1320 1328 1271
f 1294 1320 1271
f 305 1433 1428
f 1564 1592 1598
f 1341 1360 1359
f 515 1152 1131
f 588 1346 1375
f 875 1229 1249
f 1260 714 270
f 312 760 1410
f 1476 1207 1219
f 1219 1207 533
f 1598 1639 1610
f 546 1276 1288
f 855 1312 1324
f 1739 1744 1391
f 1360 1341 1334
f 1084 1346 588
f 1416 1393 1394
f 1371 1374 1370
f 538 534 1246
f 1446 869 1441
f 244 316 880
f 551 545 546
f 1395 1401 1417
f 1246 1252 546
f 538 1246 546
f 1390 1075 1346
f 1202 1441 869
f 4 1091 1319
f 1075 1390 1421
f 1606 153 86
f 1252 1276 546
f 1276 1084 1288
f 533 1207 518
f 1084 1331 1346
f 1331 1390 1346
f 1398 1382 1433
f 1250 909 1266
f 1292 1084 1276
f 1426 1398 1433
f 1720 1739 1391
f 1025 1412 1396
f 1323 1342 1322
f 1433 1382 1383
f 1190 751 1301
f 1252 1262 1276
f 1084 1292 1331
f 1369 1394 1386
f 1353 1243 1420
f 1206 1545 768
f 1262 1272 1276
f 1364 1390 1331
f 1322 1334 1309
f 1203 1229 875
f 1718 1712 1741
f 1342 1334 1322
f 886 1206 899
f 1026 1025 1397
f 1354 1364 1331
f 1741 1713 1737
f 1386 1394 1393
f 1386 1393 1357
f 1358 1369 1386
f 1229 909 1250
f 1342 1360 1334
f 1272 1292 1276
f 1292 1315 1331
f 1390 1372 1421
f 1375 1413 1389
f 1416 1431 1430
f 113 95 126
f 222 662 743
f 1199 1222 1232
f 1246 1240 1252
f 1252 1240 1262
f 1315 1354 1331
f 1364 1372 1390
f 1220 1130 1114
f 1130 528 1114
f 1321 1320 1294
f 1232 1240 1246
f 1141 1275 1178
f 1312 1353 1350
f 1222 1240 1232
f 1430 864 804
f 1604 1605 1620
f 1341 1358 1320
f 506 1192 1199
f 1293 1292 1272
f 1315 1347 1354
f 1347 1364 1354
f 1406 1421 1372
f 1215 909 1229
f 760 312 980
f 424 855 836
f 1199 1209 1222
f 1262 1263 1272
f 1364 1347 1372
f 1406 1429 1421
f 1421 1429 663
f 971 702 1720
f 1352 1426 305
f 1222 1233 1240
f 1240 1263 1262
f 1293 1302 1315
f 1292 1293 1315
f 1315 1332 1347
f 1135 987 1106
f 1209 1210 1222
f 1263 1293 1272
f 1302 1332 1315
f 1336 1365 1347
f 1365 1372 1347
f 1320 1357 1328
f 1142 1087 1237
f 1392 1393 1411
f 424 1290 855
f 1210 1233 1222
f 1233 1253 1240
f 1240 1253 1263
f 1332 1336 1347
f 1406 1372 1365
f 1406 1434 1429
f 864 319 1190
f 1431 864 1430
f 1528 1544 1511
f 1363 1135 1106
f 1434 1148 1429
f 1073 1081 1086
f 797 1107 309
f 1192 1211 1209
f 1209 1211 1210
f 1263 1289 1293
f 1302 1333 1332
f 1333 1336 1332
f 1419 1345 1325
f 1118 1363 1106
f 545 538 546
f 1193 1192 1187
f 1192 1193 1211
f 1210 1234 1233
f 1233 1234 1253
f 1384 1406 1365
f 1250 1271 1259
f 1250 1294 1271
f 1135 1363 1066
f 1733 1738 900
f 1268 1263 1253
f 1268 1289 1263
f 1418 507 1402
f 1234 1254 1253
f 1293 1303 1302
f 1333 1376 1336
f 1336 1376 1365
f 1384 1422 1406
f 1149 1148 1434
f 772 1560 1569
f 839 1363 797
f 1363 839 1066
f 1479 1478 1197
f 1253 1254 1268
f 1277 1303 1293
f 1289 1277 1293
f 1422 1434 1406
f 1363 1118 797
f 999 1027 1026
f 1211 1223 1210
f 1210 1223 1234
f 1249 1250 1259
f 1410 1204 1311
f 1223 1247 1234
f 1234 1247 1254
f 1268 1277 1289
f 1303 1333 1302
f 1422 1435 1434
f 1417 1432 1431
f 143 668 905
f 1117 1352 1404
f 1195 1193 1188
f 1193 1195 1211
f 1195 1223 1211
f 1384 1407 1422
f 1247 1269 1254
f 1254 1269 1268
f 1355 1333 1303
f 1333 1355 1376
f 1365 1376 1384
f 1266 1294 1250
f 1321 1294 1266
f 1335 1153 1186
f 1195 1224 1223
f 1277 1304 1303
f 1303 1304 1316
f 1316 1355 1303
f 1376 1408 1384
f 1408 1407 1384
f 1423 1422 1407
f 1271 1328 1308
f 1393 1416 1411
f 1117 1404 1131
f 1189 1194 1195
f 1188 1189 1195
f 1268 1269 1277
f 1423 1435 1422
f 1311 1295 1092
f 1277 1278 1304
f 1355 1348 1376
f 1404 1352 305
f 770 908 903
f 309 504 797
f 1433 1383 1428
f 1195 1194 1196
f 1195 1196 1224
f 1223 1224 1247
f 1277 1269 1278
f 1278 1284 1304
f 1284 1316 1304
f 1337 1348 1355
f 1348 1385 1376
f 1376 1385 1408
f 1407 1408 1423
f 1295 1325 1031
f 1314 1325 1204
f 1224 1241 1247
f 1279 1278 1269
f 1355 1316 1337
f 1424 1435 1423
f 1321 1341 1320
f 1104 589 1087
f 1247 1241 1269
f 1269 1241 1261
f 1269 1261 1279
f 1409 1423 1408
f 1184 1435 1424
f 1413 1375 1075
f 1317 1316 1284
f 1316 1317 1337
f 1349 1385 1348
f 1409 1424 1423
f 319 864 1431
f 1206 1216 542
f 976 1356 1318
f 1212 1224 1196
f 1278 1285 1284
f 1285 1317 1284
f 1337 1317 1348
f 969 1200 1444
f 1235 1241 1224
f 1348 1317 1349
f 1385 1409 1408
f 844 1313 507
f 1402 1401 1395
f 1194 1200 1196
f 1196 1200 1212
f 1224 1212 1235
f 1285 1305 1317
f 1318 963 976
f 1345 1324 1228
f 1416 1417 1431
f 1584 1599 1578
f 1592 1654 1639
f 763 750 764
f 1235 1255 1241
f 1255 1261 1241
f 1279 1285 1278
f 1317 1338 1349
f 1349 1377 1385
f 1377 1409 1385
f 1071 309 1183
f 496 540 86
f 1280 1279 1261
f 1317 1305 1338
f 1338 1377 1349
f 1409 1378 1424
f 1709 1739 1720
f 1311 1204 1295
f 1117 1103 1426
f 507 979 1402
f 1257 1260 1419
f 680 1291 631
f 1238 1190 1301
f 503 1260 1257
f 1447 1453 1445
f 1627 1655 1611
f 1235 1225 1255
f 1279 1280 1285
f 1377 1378 1409
f 1655 1654 1611
f 1200 1213 1212
f 1213 1225 1212
f 1212 1225 1235
f 1261 1255 1280
f 1306 1305 1285
f 1378 1414 1424
f 1424 1414 1436
f 1323 1343 1342
f 1138 1436 1143
f 1343 1360 1342
f 1387 1418 1402
f 1358 1359 1369
f 1251 544 1287
f 1588 1602 1581
f 1264 1379 1715
f 1264 1403 1379
f 1213 1226 1225
f 1226 1255 1225
f 1255 1273 1280
f 1273 1285 1280
f 1305 1366 1338
f 1338 1366 1377
f 244 1185 961
f 880 316 702
f 1064 1202 881
f 553 836 620
f 1674 1673 1654
f 1099 1403 1264
f 553 424 836
f 1248 1255 1226
f 1286 1285 1273
f 1286 1306 1285
f 1030 1045 1044
f 1370 1387 1343
f 101 393 1079
f 760 1313 1410
f 1291 1290 424
f 1206 1539 1545
f 1273 1255 1248
f 1305 1339 1366
f 1396 1412 1381
f 1301 1344 1399
f 1615 1624 762
f 1483 1516 1465
f 1629 1628 1642
f 259 1264 1715
f 1366 1378 1377
f 1328 1357 1380
f 1371 1370 1343
f 872 893 871
f 1706 1613 1692
f 1259 1109 1249
f 1418 818 844
f 1115 1248 1226
f 1339 1305 1306
f 1366 1414 1378
f 753 1636 1637
f 1636 753 757
f 1550 1540 1493
f 1647 1630 1648
f 950 1099 1264
f 1318 1306 1286
f 1414 1415 1436
f 964 1297 1217
f 1216 1206 886
f 757 878 872
f 1441 1202 1119
f 969 1388 1213
f 1227 1226 1213
f 1227 1115 1226
f 1373 1415 1366
f 1415 1414 1366
f 270 1057 836
f 1410 1313 1204
f 973 1014 1299
f 1636 757 872
f 1208 259 1715
f 259 950 1264
f 872 762 1624
f 1318 1339 1306
f 1339 1373 1366
f 1221 1220 1112
f 1013 1011 992
f 319 312 1190
f 312 751 1190
f 1636 872 1624
f 1485 1484 1467
f 1722 1208 1715
f 1270 1286 1273
f 1356 1339 1318
f 797 1108 1107
f 1102 1216 1215
f 1345 1228 1350
f 871 762 872
f 1587 1612 1566
f 1388 1227 1213
f 1115 1242 1248
f 1248 1270 1273
f 1143 1415 1154
f 1356 1373 1339
f 509 513 1528
f 1114 528 1151
f 1025 857 1412
f 1242 1270 1248
f 1051 1415 1373
f 1415 1051 1154
f 990 1368 998
f 1297 1298 1217
f 1432 980 319
f 1403 1099 1427
f 1297 964 1071
f 1374 1381 1387
f 1242 1256 1270
f 1370 1374 1387
f 1585 1566 1586
f 1703 1274 1699
f 1679 1667 1657
f 1551 1566 1585
f 1693 314 1703
f 1477 1475 1476
f 1680 1668 1681
f 1477 1491 1475
f 1668 1680 1665
f 1536 1543 1542
f 1499 1508 1507
f 1542 1543 1552
f 1552 1579 1600
f 1679 1694 1667
f 1600 1572 1552
f 1605 1650 1649
f 1501 1490 1509
f 1489 1490 1501
f 1600 1593 1572
f 849 829 1651
f 929 1741 1731
f 1700 750 1685
f 315 1668 1649
f 511 502 1449
f 1490 1489 1486
f 1490 1524 1517
f 1577 1599 1611
f 1517 1524 1536
f 1491 1510 1490
f 1510 1524 1490
f 1737 1669 1004
f 814 1669 1622
f 526 1573 1528
f 1524 1543 1536
f 1605 1604 1593
f 1621 1650 1605
f 315 1649 1650
f 1475 1486 1198
f 1485 1467 1455
f 1484 1500 1499
f 1453 1447 1463
f 1602 333 47
f 1500 1508 1499
f 1567 1566 1527
f 1535 1527 1523
f 1733 1622 1669
f 122 123 746
f 1587 1593 1604
f 1552 1572 1559
f 841 1307 825
f 943 946 942
f 1452 1448 1187
f 1667 1693 1689
f 591 540 496
f 1524 1537 1543
f 1537 1579 1543
f 1579 1552 1543
f 1568 1567 1541
f 1621 1605 1600
f 1649 1668 1665
f 314 1693 1694
f 1551 1585 1565
f 1640 1663 1584
f 1475 1491 1486
f 1566 1551 1527
f 591 1659 540
f 137 146 1643
f 1522 1565 1521
f 1621 1600 1579
f 1604 1620 1619
f 333 1602 1588
f 1620 1649 1632
f 540 1606 86
f 1534 1551 1565
f 754 1231 1613
f 1698 1706 1692
f 1565 1603 1521
f 1667 1694 1693
f 1535 1567 1527
f 502 1455 1449
f 1512 1491 1477
f 540 1670 1606
f 1670 1623 1606
f 1513 1529 542
f 1460 1474 1469
f 1587 1604 1612
f 1659 570 540
f 540 570 1670
f 1632 1649 1631
f 1593 1587 1572
f 1579 512 1621
f 1604 1619 1612
f 1474 1504 1469
f 308 1650 1621
f 827 570 1659
f 830 90 1634
f 1650 310 315
f 1460 1452 1466
f 1187 1448 1188
f 1670 1614 1623
f 1614 787 1623
f 1692 1613 1697
f 1689 1693 1703
f 1460 1469 1459
f 1191 1453 1444
f 1588 1581 1538
f 331 1053 657
f 1703 1699 1689
f 1586 1642 1585
f 1587 1566 1567
f 1642 1603 1565
f 1523 1527 1534
f 1469 1483 1463
f 1523 1534 1507
f 570 1258 1670
f 1670 1258 1614
f 1494 1484 1485
f 1011 989 992
f 1544 1538 1510
f 1448 1447 1189
f 1188 1448 1189
f 1682 823 1614
f 960 1274 758
f 98 75 11
f 1540 1584 1578
f 1512 1511 1491
f 753 1637 750
f 1707 1698 1686
f 1683 1614 1258
f 1703 327 1274
f 960 758 755
f 1540 1578 1533
f 895 778 783
f 1440 1452 1187
f 1581 1594 1580
f 1699 1274 960
f 1699 960 1702
f 1510 1537 1524
f 1469 1504 1483
f 1702 1707 1687
f 1201 984 1296
f 992 1405 1021
f 1013 992 1021
f 1021 1405 861
f 1189 1447 1445
f 1707 1706 1698
f 1528 1511 1512
f 1633 570 827
f 570 1633 1258
f 1614 1683 1682
f 1580 1579 1537
f 313 317 1351
f 1696 1201 1296
f 1200 1194 1191
f 1682 845 1361
f 1580 512 1579
f 1558 1564 1591
f 385 100 96
f 1152 1743 1131
f 1603 1584 1540
f 849 1633 795
f 1651 1258 1633
f 1258 584 1683
f 584 1695 1683
f 1695 1464 1683
f 1683 1464 1682
f 1682 1464 845
f 512 308 1621
f 1642 1628 1603
f 1564 1598 1591
f 1550 1603 1540
f 1448 1459 1463
f 1602 1594 1581
f 1651 1633 849
f 1651 584 1258
f 1650 308 310
f 1459 1469 1463
f 1671 1684 1666
f 1696 1214 1201
f 984 1405 992
f 1405 1644 861
f 1585 1642 1565
f 1658 845 1464
f 1696 1684 1214
f 90 825 248
f 288 584 1651
f 1695 1658 1464
f 1569 1583 756
f 1647 1642 1586
f 984 1644 1405
f 501 1455 502
f 820 854 163
f 1649 1665 1631
f 1674 1698 1673
f 1671 1652 1684
f 1214 111 1201
f 1448 1460 1459
f 288 595 584
f 595 1695 584
f 595 1658 1695
f 1689 1664 1667
f 1201 594 984
f 1573 1544 1528
f 1546 1569 1560
f 761 756 1583
f 1572 1587 1568
f 1573 1553 1544
f 1539 1560 1545
f 1595 752 1575
f 1671 1635 1652
f 984 594 1644
f 860 861 1644
f 1281 860 1644
f 942 1645 1607
f 1506 1534 1522
f 1486 1489 1485
f 1658 595 1236
f 1583 1575 752
f 1486 1485 1470
f 1511 1510 1491
f 542 1529 1539
f 1635 1310 1652
f 594 1201 111
f 1541 1567 1535
f 1236 57 286
f 1538 1537 1510
f 1539 1529 1560
f 1652 1690 1684
f 1684 1690 1214
f 594 1281 1644
f 1687 1707 1686
f 1494 1485 1495
f 595 57 1236
f 1530 1560 1529
f 1613 767 1697
f 1688 1702 1687
f 465 595 288
f 1574 465 288
f 465 57 595
f 1513 1530 1529
f 1690 111 1214
f 111 1518 594
f 1447 1448 1463
f 1605 1649 1620
f 381 465 1574
f 1530 1546 1560
f 1521 1550 1516
f 1603 1641 1584
f 293 281 297
f 1628 1676 1641
f 1502 1513 1102
f 1502 1530 1513
f 1322 1645 1310
f 1310 1645 1652
f 333 1588 1553
f 1582 333 1553
f 1627 1656 1655
f 1504 1474 1505
f 1487 1502 1102
f 1575 1583 1546
f 1703 314 327
f 1322 1607 1645
f 1652 1660 1690
f 1690 1518 111
f 309 1086 504
f 1698 1692 1673
f 1530 1575 1546
f 1645 1660 1652
f 1672 1690 1660
f 1522 1521 1504
f 1538 1580 1537
f 1297 1142 1298
f 1672 1691 1690
f 1589 1281 594
f 1657 1667 1664
f 1690 1691 1518
f 594 1518 1634
f 594 1634 1589
f 1553 1588 1538
f 1489 1501 1485
f 1502 1554 1530
f 1554 1575 1530
f 1660 946 1672
f 1583 752 761
f 1573 1582 1553
f 1216 1513 542
f 1470 1485 501
f 1480 1487 1478
f 1479 1480 1478
f 1480 1502 1487
f 1645 946 1660
f 1706 754 1613
f 1480 1525 1502
f 824 1518 1691
f 824 830 1518
f 1281 136 168
f 1553 1538 1544
f 1554 1502 1525
f 1595 1575 1554
f 1634 1518 830
f 1630 1647 1586
f 1580 1601 512
f 630 629 632
f 632 629 743
f 1589 136 1281
f 1550 1493 1516
f 1504 1505 1522
f 1471 1480 1479
f 1596 1595 1554
f 1615 1616 1624
f 1616 1637 1636
f 1624 1616 1636
f 1322 1310 1323
f 1449 1452 1440
f 1260 681 714
f 1441 1450 1446
f 1446 1450 867
f 867 1450 1456
f 1471 1479 1456
f 1596 1616 1615
f 1595 1596 1615
f 1450 1471 1456
f 1496 1480 1471
f 1519 1525 1480
f 1561 1554 1525
f 1597 1596 1554
f 1637 1685 750
f 1647 1629 1642
f 752 1615 762
f 1731 1741 1004
f 1307 136 1589
f 1442 1450 1441
f 1496 1519 1480
f 1561 1576 1554
f 1576 1597 1554
f 1685 1637 1616
f 248 1589 1634
f 1481 1471 1450
f 1547 1525 1519
f 1547 1561 1525
f 756 772 1569
f 248 1307 1589
f 1307 1643 136
f 1472 1471 1481
f 1616 1661 1685
f 942 946 1645
f 1442 1481 1450
f 1547 1562 1561
f 1570 1576 1561
f 1562 1570 1561
f 1576 1590 1597
f 1597 1608 1596
f 1608 1616 1596
f 1472 1496 1471
f 1531 1547 1519
f 1584 1627 1599
f 1663 1656 1627
f 1563 1562 1547
f 1609 1597 1590
f 1609 1608 1597
f 1661 1616 1608
f 1646 1661 1608
f 1661 1705 1685
f 1705 1700 1685
f 1544 1510 1511
f 1443 1438 1437
f 1438 1443 1442
f 1443 1481 1442
f 1496 1514 1519
f 1514 1531 1519
f 1531 1563 1547
f 1609 1646 1608
f 1701 1705 1661
f 1705 1038 1704
f 1700 1705 1704
f 1202 1064 1116
f 1534 1527 1551
f 1679 1680 1694
f 1581 1580 1538
f 1461 1481 1443
f 1461 1468 1481
f 1481 1488 1472
f 1492 1496 1472
f 1488 1492 1472
f 1665 1680 1679
f 766 1704 1038
f 1603 1550 1521
f 1468 1488 1481
f 1531 1555 1563
f 1625 1646 1609
f 1307 248 825
f 1643 422 137
f 1506 1507 1534
f 1454 1443 1437
f 1473 1488 1468
f 852 1307 841
f 852 1643 1307
f 852 422 1643
f 1457 1461 1443
f 1461 1457 1468
f 1473 1497 1488
f 1646 1653 1661
f 1701 1038 1705
f 764 1704 766
f 331 657 591
f 1443 1454 1457
f 1473 1468 1457
f 1531 1556 1555
f 1653 1701 1661
f 1351 1038 1701
f 1521 1516 1483
f 501 1485 1455
f 867 881 1446
f 1457 1454 1458
f 1498 1497 1473
f 1526 1514 1503
f 1548 1557 1556
f 1531 1548 1556
f 1483 1465 1463
f 1454 1451 1458
f 1458 1473 1457
f 1482 1498 1473
f 1548 1531 1514
f 1526 1548 1514
f 1638 1646 1625
f 1638 1653 1646
f 1568 1587 1567
f 1594 1601 1580
f 1458 1482 1473
f 1498 1520 1497
f 1626 1638 1625
f 1612 1586 1566
f 1641 1640 1584
f 1689 1702 1688
f 1517 1509 1490
f 1439 1451 1454
f 1491 1490 1486
f 1467 1484 1506
f 1689 1699 1702
f 1452 1455 1466
f 1455 1467 1466
f 1532 1548 1526
f 313 1351 1653
f 1600 1605 1593
f 1484 1499 1506
f 1499 1507 1506
f 1493 1498 1482
f 1493 1515 1498
f 1618 1626 1617
f 1558 1571 1548
f 1662 1653 1638
f 1361 823 1682
f 1444 1451 1439
f 1482 1458 1462
f 1558 1548 1532
f 1672 946 944
f 944 815 824
f 1691 1672 944
f 1691 944 824
f 1500 1484 1494
f 1523 1507 1508
f 1495 1485 1501
f 1509 1517 1536
f 1501 1509 1536
f 1542 1552 1559
f 1501 1536 1542
f 1501 1542 1559
f 1495 1501 1559
f 1568 1541 1535
f 1535 1523 1508
f 1568 1535 1508
f 1572 1568 1508
f 1495 1559 1572
f 1495 1572 1508
f 1495 1508 1500
f 1495 1500 1494
f 1503 1514 1496
f 1503 1496 1492
f 1503 1492 1488
f 1578 1577 1549
f 1533 1578 1549
f 1515 1533 1549
f 1515 1549 1532
f 1498 1515 1532
f 1503 1488 1497
f 1503 1497 1520
f 1526 1503 1520
f 1532 1526 1520
f 1498 1532 1520
f 1557 1548 1571
f 1571 1558 1591
f 1617 1626 1625
f 1591 1598 1610
f 1591 1610 1618
f 1571 1591 1618
f 1557 1571 1618
f 1556 1557 1618
f 1617 1625 1609
f 1576 1570 1562
f 1576 1562 1563
f 1590 1576 1563
f 1590 1563 1555
f 1609 1590 1555
f 1617 1609 1555
f 1556 1618 1617
f 1556 1617 1555
f 1630 1612 1619
f 1674 1654 1655
f 1674 1655 1656
f 1674 1656 1663
f 1698 1674 1663
f 1630 1619 1620
f 1630 1620 1632
f 1678 1689 1688
f 1648 1630 1632
f 1629 1647 1648
f 1631 1665 1657
f 1686 1698 1663
f 1687 1686 1663
f 1687 1663 1640
f 1687 1640 1675
f 1688 1687 1675
f 1678 1688 1675
f 1664 1678 1675
f 1677 1628 1629
f 1629 1648 1632
f 1657 1664 1675
f 1631 1657 1675
f 1677 1629 1632
f 1676 1628 1677
f 1675 1641 1676
f 1676 1677 1632
f 1676 1632 1631
# 3483 faces, 0 coords texture

# End of File
